global_step,epoch,batch,train_loss
1,1,1,3.255326747894287
2,1,2,3.2195630073547363
3,1,3,3.2042300701141357
4,1,4,3.203521251678467
5,1,5,3.174076795578003
6,1,6,3.1588759422302246
7,1,7,3.0963878631591797
8,1,8,3.091069221496582
9,1,9,3.0781760215759277
10,1,10,3.0509817600250244
11,1,11,3.050297260284424
12,1,12,3.0239956378936768
13,1,13,3.0164005756378174
14,1,14,3.0205981731414795
15,1,15,3.002389907836914
16,1,16,2.906311273574829
17,1,17,2.9272730350494385
18,1,18,2.9042627811431885
19,1,19,2.8597145080566406
20,1,20,2.885484457015991
21,1,21,2.806814670562744
22,1,22,2.8138203620910645
23,1,23,2.8121771812438965
24,1,24,2.7842745780944824
25,1,25,2.823556900024414
26,1,26,2.811281681060791
27,1,27,2.756945848464966
28,1,28,2.737205982208252
29,1,29,2.6850011348724365
30,1,30,2.7746520042419434
31,1,31,2.7031238079071045
32,1,32,2.728214740753174
33,1,33,2.636636734008789
34,1,34,2.642683506011963
35,1,35,2.675194025039673
36,1,36,2.6641781330108643
37,1,37,2.600661039352417
38,1,38,2.6087143421173096
39,1,39,2.571869373321533
40,1,40,2.5840506553649902
41,1,41,2.5865118503570557
42,1,42,2.5655198097229004
43,1,43,2.530024766921997
44,1,44,2.4197888374328613
45,1,45,2.5280237197875977
46,1,46,2.472896099090576
47,1,47,2.4475016593933105
48,1,48,2.458730459213257
49,1,49,2.4340620040893555
50,1,50,2.4668960571289062
51,1,51,2.426407814025879
52,1,52,2.385481595993042
53,1,53,2.3700778484344482
54,1,54,2.4038655757904053
55,1,55,2.3570399284362793
56,1,56,2.4121031761169434
57,1,57,2.294119358062744
58,1,58,2.266964912414551
59,1,59,2.400681495666504
60,1,60,2.477123737335205
61,1,61,2.3373703956604004
62,1,62,2.272151470184326
63,1,63,2.298726797103882
64,1,64,2.2486112117767334
65,1,65,2.2326760292053223
66,1,66,2.2046451568603516
67,1,67,2.2314200401306152
68,1,68,2.2353615760803223
69,1,69,2.193106174468994
70,1,70,2.1376938819885254
71,1,71,2.1698927879333496
72,1,72,2.269392490386963
73,1,73,2.1782212257385254
74,1,74,2.0932822227478027
75,1,75,2.176629066467285
76,1,76,2.1551337242126465
77,1,77,2.0793616771698
78,1,78,2.057508945465088
79,1,79,2.004697322845459
80,1,80,1.9948104619979858
81,1,81,1.9799165725708008
82,1,82,2.015242099761963
83,1,83,2.110217332839966
84,1,84,2.025733232498169
85,1,85,2.1173465251922607
86,1,86,1.917609453201294
87,1,87,1.976166009902954
88,1,88,2.058685302734375
89,1,89,1.9878079891204834
90,1,90,1.9919874668121338
91,1,91,1.9989988803863525
92,1,92,1.8812984228134155
93,1,93,1.9774668216705322
94,1,94,1.8708617687225342
95,1,95,1.8983705043792725
96,1,96,1.926068902015686
97,1,97,1.909460425376892
98,1,98,1.909082055091858
99,1,99,1.940621018409729
100,1,100,1.9698184728622437
101,1,101,1.861196756362915
102,1,102,1.8717374801635742
103,1,103,1.8977158069610596
104,1,104,1.8365072011947632
105,1,105,1.8117640018463135
106,1,106,1.9318716526031494
107,1,107,1.821390151977539
108,1,108,1.7650398015975952
109,1,109,1.7679545879364014
110,1,110,1.7681529521942139
111,1,111,1.8416534662246704
112,1,112,1.7291759252548218
113,1,113,1.7053848505020142
114,1,114,1.8331778049468994
115,1,115,1.649749755859375
116,1,116,1.7428343296051025
117,1,117,1.7426865100860596
118,1,118,1.742479920387268
119,1,119,1.6872345209121704
120,1,120,1.7301708459854126
121,1,121,1.6946054697036743
122,1,122,1.6740467548370361
123,1,123,1.7631874084472656
124,1,124,1.774849534034729
125,1,125,1.6736654043197632
126,1,126,1.5868407487869263
127,1,127,1.751551866531372
128,1,128,1.725598931312561
129,1,129,1.5935747623443604
130,1,130,1.6754932403564453
131,1,131,1.632799744606018
132,1,132,1.7014644145965576
133,1,133,1.6282774209976196
134,1,134,1.6385301351547241
135,1,135,1.5934183597564697
136,1,136,1.6027157306671143
137,1,137,1.5973527431488037
138,1,138,1.6300866603851318
139,1,139,1.6187689304351807
140,1,140,1.5588184595108032
141,1,141,1.5651586055755615
142,1,142,1.6451085805892944
143,1,143,1.5916626453399658
144,1,144,1.5964311361312866
145,1,145,1.6842845678329468
146,1,146,1.5277801752090454
147,1,147,1.5774903297424316
148,1,148,1.589260458946228
149,1,149,1.642248511314392
150,1,150,1.5920917987823486
151,1,151,1.6146519184112549
152,1,152,1.6035072803497314
153,1,153,1.5348618030548096
154,1,154,1.4666975736618042
155,1,155,1.558663010597229
156,1,156,1.4812854528427124
157,1,157,1.4769893884658813
158,1,158,1.574826717376709
159,1,159,1.779102087020874
160,1,160,1.6120645999908447
161,1,161,1.5187406539916992
162,1,162,1.459930658340454
163,1,163,1.4993301630020142
164,1,164,1.5626248121261597
165,1,165,1.4828073978424072
166,1,166,1.5239875316619873
167,1,167,1.513152837753296
168,1,168,1.552095651626587
169,1,169,1.4574466943740845
170,1,170,1.4635765552520752
171,1,171,1.4837391376495361
172,1,172,1.4036264419555664
173,1,173,1.4609837532043457
174,1,174,1.3928792476654053
175,1,175,1.559443473815918
176,1,176,1.328009843826294
177,1,177,1.468630075454712
178,1,178,1.3334450721740723
179,1,179,1.4214551448822021
180,1,180,1.375779390335083
181,1,181,1.4358216524124146
182,1,182,1.3027106523513794
183,1,183,1.4551736116409302
184,1,184,1.4350168704986572
185,1,185,1.4287608861923218
186,1,186,1.4317644834518433
187,1,187,1.3238327503204346
188,1,188,1.3409597873687744
189,1,189,1.4731056690216064
190,1,190,1.3568264245986938
191,1,191,1.2696025371551514
192,1,192,1.3069665431976318
193,1,193,1.33457350730896
194,1,194,1.3431569337844849
195,1,195,1.36850905418396
196,1,196,1.2928272485733032
197,1,197,1.416613221168518
198,1,198,1.40127694606781
199,1,199,1.4244694709777832
200,1,200,1.2943154573440552
201,1,201,1.2402126789093018
202,1,202,1.3473398685455322
203,1,203,1.4023865461349487
204,1,204,1.293948769569397
205,1,205,1.3415369987487793
206,1,206,1.3352041244506836
207,1,207,1.3429875373840332
208,1,208,1.2757298946380615
209,1,209,1.2918834686279297
210,1,210,1.314087152481079
211,1,211,1.545098066329956
212,1,212,1.3063232898712158
213,1,213,1.2491413354873657
214,1,214,1.3173021078109741
215,1,215,1.2871391773223877
216,1,216,1.310756802558899
217,1,217,1.2722607851028442
218,1,218,1.3558639287948608
219,1,219,1.2481510639190674
220,1,220,1.2271759510040283
221,1,221,1.1999095678329468
222,1,222,1.185211420059204
223,1,223,1.2290747165679932
224,1,224,1.2286322116851807
225,1,225,1.3024909496307373
226,1,226,1.2392241954803467
227,1,227,1.3260109424591064
228,1,228,1.199020504951477
229,1,229,1.2320570945739746
230,1,230,1.2891879081726074
231,1,231,1.1862086057662964
232,1,232,1.2294903993606567
233,1,233,1.2598676681518555
234,1,234,1.2233498096466064
235,1,235,1.2037231922149658
236,1,236,1.1283447742462158
237,1,237,1.1817989349365234
238,1,238,1.2844905853271484
239,1,239,1.1907950639724731
240,1,240,1.1955773830413818
241,1,241,1.1958863735198975
242,1,242,1.3154075145721436
243,1,243,1.1943978071212769
244,1,244,1.2202386856079102
245,1,245,1.1304212808609009
246,1,246,1.210304856300354
247,1,247,1.0655286312103271
248,1,248,1.134835958480835
249,1,249,1.124420404434204
250,1,250,1.1317689418792725
251,1,251,1.2351526021957397
252,1,252,1.1952732801437378
253,1,253,1.219547986984253
254,1,254,1.2076809406280518
255,1,255,1.2344119548797607
256,1,256,1.1545590162277222
257,1,257,1.1446387767791748
258,1,258,1.3278511762619019
259,1,259,1.2103792428970337
260,1,260,1.2505155801773071
261,1,261,1.1886893510818481
262,1,262,1.1147783994674683
263,1,263,1.1179072856903076
264,1,264,1.1511409282684326
265,1,265,1.0592299699783325
266,1,266,1.1312885284423828
267,1,267,1.228232979774475
268,1,268,1.1135066747665405
269,1,269,1.0584949254989624
270,1,270,1.0987589359283447
271,1,271,1.2111867666244507
272,1,272,1.212563395500183
273,1,273,1.0929062366485596
274,1,274,1.0630217790603638
275,1,275,1.185137391090393
276,1,276,1.0212209224700928
277,1,277,1.1556391716003418
278,1,278,0.9837096333503723
279,1,279,1.0623480081558228
280,1,280,1.1081596612930298
281,1,281,1.1017283201217651
282,1,282,1.1961613893508911
283,1,283,1.001796841621399
284,1,284,1.2167890071868896
285,1,285,1.0321071147918701
286,1,286,1.0629816055297852
287,1,287,1.0634081363677979
288,1,288,1.1196839809417725
289,1,289,1.1085704565048218
290,1,290,1.0183509588241577
291,1,291,1.0224815607070923
292,1,292,1.117857813835144
293,1,293,1.0263261795043945
294,1,294,1.0675303936004639
295,1,295,0.9844971895217896
296,1,296,1.0878452062606812
297,1,297,1.0518258810043335
298,1,298,1.1286872625350952
299,1,299,1.1583654880523682
300,1,300,0.9722854495048523
301,1,301,1.0590810775756836
302,1,302,1.1014173030853271
303,1,303,1.2625738382339478
304,1,304,0.9950016140937805
305,1,305,1.1049054861068726
306,1,306,1.0319509506225586
307,1,307,0.9430980682373047
308,1,308,1.0260605812072754
309,1,309,0.9837964177131653
310,1,310,1.0102293491363525
311,1,311,1.0589733123779297
312,1,312,0.9840509295463562
313,1,313,1.0315970182418823
314,1,314,1.057350993156433
315,1,315,1.107397198677063
316,1,316,1.2752681970596313
317,1,317,1.1214781999588013
318,1,318,1.1988517045974731
319,1,319,1.1740729808807373
320,1,320,1.0150543451309204
321,1,321,1.139904260635376
322,1,322,1.076531171798706
323,1,323,0.993766188621521
324,1,324,1.0195180177688599
325,1,325,1.0057049989700317
326,1,326,0.9817038774490356
327,1,327,0.9659587144851685
328,1,328,0.9986369013786316
329,1,329,1.1053911447525024
330,1,330,0.9324049949645996
331,1,331,0.9970738291740417
332,1,332,0.9802690744400024
333,1,333,0.9787901639938354
334,1,334,0.9638371467590332
335,1,335,1.0647464990615845
336,1,336,1.0841923952102661
337,1,337,0.9173264503479004
338,1,338,0.9385197758674622
339,1,339,1.057250738143921
340,1,340,0.9067831039428711
341,1,341,1.1255632638931274
342,1,342,0.9758970141410828
343,1,343,0.940445065498352
344,1,344,0.9869159460067749
345,1,345,0.9889429211616516
346,1,346,1.02931547164917
347,1,347,0.9984800219535828
348,1,348,1.1065847873687744
349,1,349,0.9646177291870117
350,1,350,0.9529039263725281
351,1,351,0.9531704187393188
352,1,352,0.9329501986503601
353,1,353,0.9443284273147583
354,1,354,0.9323035478591919
355,1,355,0.8846837282180786
356,1,356,0.96220463514328
357,1,357,1.0652272701263428
358,1,358,0.923314094543457
359,1,359,0.972556471824646
360,1,360,0.9491211175918579
361,1,361,0.8816782236099243
362,1,362,1.0236539840698242
363,1,363,0.9769514799118042
364,1,364,1.0936005115509033
365,1,365,0.9333279728889465
366,1,366,0.9418002367019653
367,1,367,0.9134648442268372
368,1,368,0.8369280099868774
369,1,369,0.8941150903701782
370,1,370,0.8862602114677429
371,1,371,0.9063475728034973
372,1,372,0.8866510987281799
373,2,1,0.9770897626876831
374,2,2,1.0350204706192017
375,2,3,0.9378010630607605
376,2,4,0.9753613471984863
377,2,5,0.8655871152877808
378,2,6,0.9872962236404419
379,2,7,0.8385992050170898
380,2,8,0.8217937350273132
381,2,9,0.8961955308914185
382,2,10,0.9733117818832397
383,2,11,0.8833772540092468
384,2,12,0.8614708781242371
385,2,13,0.8413518071174622
386,2,14,0.9380872845649719
387,2,15,0.9067543745040894
388,2,16,0.9003158807754517
389,2,17,1.0233503580093384
390,2,18,0.9697510004043579
391,2,19,0.9316080212593079
392,2,20,0.944714367389679
393,2,21,0.9008286595344543
394,2,22,0.9600690603256226
395,2,23,1.1012589931488037
396,2,24,1.000024437904358
397,2,25,0.8717609643936157
398,2,26,0.9246026277542114
399,2,27,0.9459253549575806
400,2,28,0.7839938402175903
401,2,29,0.8944554328918457
402,2,30,0.938007652759552
403,2,31,0.8827501535415649
404,2,32,0.964198887348175
405,2,33,1.0821270942687988
406,2,34,0.8670874834060669
407,2,35,0.8763324618339539
408,2,36,0.9236127734184265
409,2,37,0.8197789192199707
410,2,38,0.950947642326355
411,2,39,1.1579687595367432
412,2,40,0.833644688129425
413,2,41,0.9082481265068054
414,2,42,0.8782811164855957
415,2,43,1.0035817623138428
416,2,44,0.9748856425285339
417,2,45,0.8334361910820007
418,2,46,0.8167456388473511
419,2,47,1.1543909311294556
420,2,48,0.9435221552848816
421,2,49,0.848110556602478
422,2,50,0.8267084956169128
423,2,51,0.863653838634491
424,2,52,0.8461956977844238
425,2,53,0.9442017674446106
426,2,54,0.8472055196762085
427,2,55,0.8082870244979858
428,2,56,0.8183895349502563
429,2,57,0.7992123365402222
430,2,58,0.8238274455070496
431,2,59,0.8730801343917847
432,2,60,1.0580923557281494
433,2,61,0.8951042890548706
434,2,62,0.8541203737258911
435,2,63,0.8520960807800293
436,2,64,0.9333952069282532
437,2,65,0.802693247795105
438,2,66,0.8400753140449524
439,2,67,0.7635710835456848
440,2,68,0.8485760688781738
441,2,69,0.813557505607605
442,2,70,0.9504367709159851
443,2,71,0.8861236572265625
444,2,72,0.8740851283073425
445,2,73,0.8398147821426392
446,2,74,0.7714767456054688
447,2,75,0.9837132692337036
448,2,76,0.875585675239563
449,2,77,0.8968808054924011
450,2,78,0.8212200403213501
451,2,79,0.7912425994873047
452,2,80,0.8160409927368164
453,2,81,0.83964604139328
454,2,82,0.7864803671836853
455,2,83,0.8685282468795776
456,2,84,0.76859450340271
457,2,85,0.7921969890594482
458,2,86,0.8501731753349304
459,2,87,0.8473087549209595
460,2,88,0.8282138109207153
461,2,89,0.8500785827636719
462,2,90,0.9033387899398804
463,2,91,0.7880779504776001
464,2,92,0.8012579679489136
465,2,93,0.8188812136650085
466,2,94,0.7580471634864807
467,2,95,0.7434797286987305
468,2,96,0.8070539236068726
469,2,97,0.7888787984848022
470,2,98,0.7969003319740295
471,2,99,0.8114398717880249
472,2,100,0.7680425643920898
473,2,101,0.814501166343689
474,2,102,0.7551539540290833
475,2,103,0.7329234480857849
476,2,104,0.8554227948188782
477,2,105,0.7611775398254395
478,2,106,0.8061240911483765
479,2,107,0.8677769899368286
480,2,108,0.8064681887626648
481,2,109,1.0067039728164673
482,2,110,0.8724530935287476
483,2,111,1.0843400955200195
484,2,112,0.8860977292060852
485,2,113,0.7572988271713257
486,2,114,0.8434191942214966
487,2,115,0.7891238927841187
488,2,116,0.7103029489517212
489,2,117,0.789044976234436
490,2,118,0.9149960279464722
491,2,119,0.8238481283187866
492,2,120,0.7786180377006531
493,2,121,0.7364131212234497
494,2,122,0.737682044506073
495,2,123,0.8371734619140625
496,2,124,0.8839985728263855
497,2,125,0.7909108400344849
498,2,126,0.8547385931015015
499,2,127,0.7827421426773071
500,2,128,0.7139556407928467
501,2,129,0.6997107267379761
502,2,130,0.6926589608192444
503,2,131,0.732859194278717
504,2,132,0.7207915782928467
505,2,133,0.908340334892273
506,2,134,0.6832841634750366
507,2,135,0.7442149519920349
508,2,136,0.7681628465652466
509,2,137,0.8141849637031555
510,2,138,0.7542325258255005
511,2,139,0.8177387118339539
512,2,140,0.8200093507766724
513,2,141,0.7958850860595703
514,2,142,0.784302294254303
515,2,143,0.7295874357223511
516,2,144,0.7891120314598083
517,2,145,0.7913150191307068
518,2,146,0.7149394750595093
519,2,147,0.7862392663955688
520,2,148,1.0190775394439697
521,2,149,0.7826040983200073
522,2,150,0.7443286180496216
523,2,151,0.7839552760124207
524,2,152,0.8359013795852661
525,2,153,0.8808304667472839
526,2,154,0.767751157283783
527,2,155,0.8422330021858215
528,2,156,0.7119287848472595
529,2,157,0.7182521224021912
530,2,158,0.6674813032150269
531,2,159,0.7734526991844177
532,2,160,0.6856163740158081
533,2,161,0.780424952507019
534,2,162,0.7812966108322144
535,2,163,0.7912320494651794
536,2,164,0.7901085615158081
537,2,165,0.8807447552680969
538,2,166,0.8539094924926758
539,2,167,0.7240274548530579
540,2,168,0.7751836776733398
541,2,169,0.8810385465621948
542,2,170,0.7409600019454956
543,2,171,0.6944903135299683
544,2,172,0.7280813455581665
545,2,173,0.7510247826576233
546,2,174,0.665690541267395
547,2,175,0.6777266263961792
548,2,176,0.740066409111023
549,2,177,0.7569690942764282
550,2,178,0.7180578112602234
551,2,179,0.8440248370170593
552,2,180,0.711601734161377
553,2,181,0.808732807636261
554,2,182,0.8212847709655762
555,2,183,0.7094417810440063
556,2,184,0.7855081558227539
557,2,185,0.8336092233657837
558,2,186,0.7850083112716675
559,2,187,0.7597072720527649
560,2,188,0.7272506952285767
561,2,189,0.7297256588935852
562,2,190,0.7141364812850952
563,2,191,0.7574685215950012
564,2,192,0.7437520623207092
565,2,193,0.705367922782898
566,2,194,0.7215296030044556
567,2,195,0.8495234251022339
568,2,196,0.6976720094680786
569,2,197,0.7561789155006409
570,2,198,0.706504225730896
571,2,199,0.6737440824508667
572,2,200,0.6540296673774719
573,2,201,0.8354905247688293
574,2,202,0.9185569882392883
575,2,203,0.8708502054214478
576,2,204,0.6817457675933838
577,2,205,0.6854792833328247
578,2,206,0.7310017347335815
579,2,207,0.7901512980461121
580,2,208,0.7299720048904419
581,2,209,0.7052929401397705
582,2,210,0.6797787547111511
583,2,211,0.728416383266449
584,2,212,0.6566827297210693
585,2,213,0.7665082216262817
586,2,214,0.7273659706115723
587,2,215,0.7696574330329895
588,2,216,0.707647442817688
589,2,217,0.7190109491348267
590,2,218,0.7551528811454773
591,2,219,0.8047800064086914
592,2,220,0.6733397245407104
593,2,221,0.7621133327484131
594,2,222,0.6680749654769897
595,2,223,0.689723014831543
596,2,224,0.6319940686225891
597,2,225,0.6979002952575684
598,2,226,0.9467862248420715
599,2,227,0.8346827626228333
600,2,228,0.8754431009292603
601,2,229,0.7744488716125488
602,2,230,0.701433002948761
603,2,231,0.6976907253265381
604,2,232,0.729772686958313
605,2,233,0.6549969911575317
606,2,234,0.7041911482810974
607,2,235,0.702833890914917
608,2,236,0.6716088056564331
609,2,237,0.7199054956436157
610,2,238,0.6348232626914978
611,2,239,0.6379486918449402
612,2,240,0.6941263675689697
613,2,241,0.6837011575698853
614,2,242,0.8208252191543579
615,2,243,0.6636835932731628
616,2,244,0.6635822057723999
617,2,245,0.6412816643714905
618,2,246,0.6547898650169373
619,2,247,0.6831876039505005
620,2,248,0.7018980383872986
621,2,249,0.6186869740486145
622,2,250,0.7043426036834717
623,2,251,0.6175182461738586
624,2,252,0.669796884059906
625,2,253,0.6865046620368958
626,2,254,0.8050955533981323
627,2,255,0.6357988119125366
628,2,256,0.646044909954071
629,2,257,0.6988800168037415
630,2,258,0.7033491730690002
631,2,259,0.8142550587654114
632,2,260,0.5709473490715027
633,2,261,0.6358064413070679
634,2,262,0.6684082746505737
635,2,263,0.651936411857605
636,2,264,0.6251841187477112
637,2,265,0.6465692520141602
638,2,266,0.7506400346755981
639,2,267,0.6260294914245605
640,2,268,0.75764000415802
641,2,269,0.6308740377426147
642,2,270,0.641030490398407
643,2,271,0.6871067881584167
644,2,272,0.6696056723594666
645,2,273,0.6201581358909607
646,2,274,0.6151452660560608
647,2,275,0.6455367803573608
648,2,276,0.6087282299995422
649,2,277,0.6691315174102783
650,2,278,0.7861128449440002
651,2,279,0.6403319239616394
652,2,280,0.657226026058197
653,2,281,0.6059465408325195
654,2,282,0.6048645973205566
655,2,283,0.6518639326095581
656,2,284,0.7728586196899414
657,2,285,0.7238429188728333
658,2,286,0.6482298970222473
659,2,287,0.6574001312255859
660,2,288,0.6376909017562866
661,2,289,0.6593522429466248
662,2,290,0.668667197227478
663,2,291,0.7660571932792664
664,2,292,0.6324775815010071
665,2,293,0.6902811527252197
666,2,294,0.5983648896217346
667,2,295,0.7416611909866333
668,2,296,0.6656712293624878
669,2,297,0.6956888437271118
670,2,298,0.5683754086494446
671,2,299,0.6347998380661011
672,2,300,0.8247569799423218
673,2,301,0.7670508623123169
674,2,302,0.6281102299690247
675,2,303,0.6690859794616699
676,2,304,0.6360517740249634
677,2,305,0.6295634508132935
678,2,306,0.6376528739929199
679,2,307,0.6760716438293457
680,2,308,0.5279211401939392
681,2,309,0.6329416036605835
682,2,310,0.5778735280036926
683,2,311,0.5969804525375366
684,2,312,0.8114020228385925
685,2,313,0.6919565796852112
686,2,314,0.6619927287101746
687,2,315,0.6078265905380249
688,2,316,0.5791056752204895
689,2,317,0.6732560396194458
690,2,318,0.7001140117645264
691,2,319,0.5491292476654053
692,2,320,0.5955907106399536
693,2,321,0.7709126472473145
694,2,322,0.6594806909561157
695,2,323,0.7321447134017944
696,2,324,0.8484975099563599
697,2,325,0.5762816667556763
698,2,326,0.6177537441253662
699,2,327,0.6886914372444153
700,2,328,0.8339548110961914
701,2,329,0.6487347483634949
702,2,330,0.620505690574646
703,2,331,0.5803332924842834
704,2,332,0.5635602474212646
705,2,333,0.7500131726264954
706,2,334,0.6149399876594543
707,2,335,0.6546329855918884
708,2,336,0.5696271657943726
709,2,337,0.7439560294151306
710,2,338,0.628297746181488
711,2,339,0.5570983290672302
712,2,340,0.608051598072052
713,2,341,0.6631436944007874
714,2,342,0.5640153884887695
715,2,343,0.8571246266365051
716,2,344,0.6130499243736267
717,2,345,0.6766461730003357
718,2,346,0.6540209054946899
719,2,347,0.6527974605560303
720,2,348,0.5992506742477417
721,2,349,0.6558462381362915
722,2,350,0.7188573479652405
723,2,351,0.6657765507698059
724,2,352,0.6369081735610962
725,2,353,0.5159465074539185
726,2,354,0.625499963760376
727,2,355,0.701739490032196
728,2,356,0.7043587565422058
729,2,357,0.6025233268737793
730,2,358,0.6660205125808716
731,2,359,0.6788281798362732
732,2,360,0.5831280946731567
733,2,361,0.5828229188919067
734,2,362,0.6447243690490723
735,2,363,0.6680063009262085
736,2,364,0.6447409391403198
737,2,365,0.6521640419960022
738,2,366,0.9116547703742981
739,2,367,0.6776573061943054
740,2,368,0.6580483317375183
741,2,369,0.6201270818710327
742,2,370,0.6746463179588318
743,2,371,0.612359881401062
744,2,372,0.6785728931427002
745,3,1,0.6213763952255249
746,3,2,0.5266262292861938
747,3,3,0.5223482847213745
748,3,4,0.6507188677787781
749,3,5,0.5874096155166626
750,3,6,0.5090087652206421
751,3,7,0.670518159866333
752,3,8,0.5615193247795105
753,3,9,0.6342700719833374
754,3,10,0.5962077975273132
755,3,11,0.6668207049369812
756,3,12,0.5919314026832581
757,3,13,0.6132341623306274
758,3,14,0.6227730512619019
759,3,15,0.5169985890388489
760,3,16,0.8081461787223816
761,3,17,0.6263923645019531
762,3,18,0.5875819325447083
763,3,19,0.5635792016983032
764,3,20,0.6891379952430725
765,3,21,0.6541993021965027
766,3,22,0.5418478846549988
767,3,23,0.7954257726669312
768,3,24,0.6086941957473755
769,3,25,0.5751031041145325
770,3,26,0.63300621509552
771,3,27,0.6196354627609253
772,3,28,0.5933011770248413
773,3,29,0.7496493458747864
774,3,30,0.48819366097450256
775,3,31,0.6017752289772034
776,3,32,0.6008279919624329
777,3,33,0.6414494514465332
778,3,34,0.593509316444397
779,3,35,0.6196740865707397
780,3,36,0.5922698974609375
781,3,37,0.5344021916389465
782,3,38,0.6822160482406616
783,3,39,0.6885248422622681
784,3,40,0.5662755966186523
785,3,41,0.715967059135437
786,3,42,0.6657828092575073
787,3,43,0.5869958400726318
788,3,44,0.6319321393966675
789,3,45,0.6014092564582825
790,3,46,0.6245386004447937
791,3,47,0.6031762361526489
792,3,48,0.5473049283027649
793,3,49,0.5814567804336548
794,3,50,0.5895735025405884
795,3,51,0.6028712391853333
796,3,52,0.650415301322937
797,3,53,0.5191694498062134
798,3,54,0.5855517983436584
799,3,55,0.5829897522926331
800,3,56,0.6054438352584839
801,3,57,0.8496376872062683
802,3,58,0.6897256374359131
803,3,59,0.5515922904014587
804,3,60,0.5096317529678345
805,3,61,0.5282009840011597
806,3,62,0.5374670028686523
807,3,63,0.5067781805992126
808,3,64,0.6105483770370483
809,3,65,0.48074817657470703
810,3,66,0.5590764284133911
811,3,67,0.5511080026626587
812,3,68,0.5229173898696899
813,3,69,0.5419567823410034
814,3,70,0.610144853591919
815,3,71,0.5741979479789734
816,3,72,0.5470091104507446
817,3,73,0.7212572693824768
818,3,74,0.6351523399353027
819,3,75,0.5559905767440796
820,3,76,0.4880213737487793
821,3,77,0.5721561312675476
822,3,78,0.5516867637634277
823,3,79,0.4747312664985657
824,3,80,0.5318526029586792
825,3,81,0.5612513422966003
826,3,82,0.5955650210380554
827,3,83,0.6650971174240112
828,3,84,0.5923491716384888
829,3,85,0.5510342717170715
830,3,86,0.5527049899101257
831,3,87,0.5976149439811707
832,3,88,0.5592862367630005
833,3,89,0.5588639378547668
834,3,90,0.6319687962532043
835,3,91,0.6675843000411987
836,3,92,0.509494960308075
837,3,93,0.6509795188903809
838,3,94,0.5290204286575317
839,3,95,0.6293305158615112
840,3,96,0.8316916227340698
841,3,97,0.5823788642883301
842,3,98,0.5789259672164917
843,3,99,0.582014799118042
844,3,100,0.5426497459411621
845,3,101,0.67249995470047
846,3,102,0.5403902530670166
847,3,103,0.5166910290718079
848,3,104,0.6047323942184448
849,3,105,0.5564249753952026
850,3,106,0.5465547442436218
851,3,107,0.5679348707199097
852,3,108,0.5556076765060425
853,3,109,0.5908710956573486
854,3,110,0.6748253107070923
855,3,111,0.5015742778778076
856,3,112,0.47204485535621643
857,3,113,0.5854941606521606
858,3,114,0.5497716665267944
859,3,115,0.645264744758606
860,3,116,0.5681630373001099
861,3,117,0.5573773384094238
862,3,118,0.5455982089042664
863,3,119,0.6838039755821228
864,3,120,0.5505853891372681
865,3,121,0.7291337847709656
866,3,122,0.5728599429130554
867,3,123,0.5309677720069885
868,3,124,0.5841030478477478
869,3,125,0.5630748867988586
870,3,126,0.5723445415496826
871,3,127,0.6398762464523315
872,3,128,0.5353600978851318
873,3,129,0.4991854727268219
874,3,130,0.48403358459472656
875,3,131,0.6023083329200745
876,3,132,0.6140861511230469
877,3,133,0.5108917355537415
878,3,134,0.6287153959274292
879,3,135,0.5588434934616089
880,3,136,0.5101911425590515
881,3,137,0.5500441193580627
882,3,138,0.5715278387069702
883,3,139,0.49985504150390625
884,3,140,0.7839522361755371
885,3,141,0.6470678448677063
886,3,142,0.5985959768295288
887,3,143,0.47402533888816833
888,3,144,0.5317306518554688
889,3,145,0.5477750897407532
890,3,146,0.5775177478790283
891,3,147,0.6023207306861877
892,3,148,0.575659453868866
893,3,149,0.5040885806083679
894,3,150,0.5634557008743286
895,3,151,0.5634926557540894
896,3,152,0.567984938621521
897,3,153,0.5058991312980652
898,3,154,0.6352038383483887
899,3,155,0.5539348125457764
900,3,156,0.5160271525382996
901,3,157,0.6996728777885437
902,3,158,0.458873987197876
903,3,159,0.5828453302383423
904,3,160,0.5374331474304199
905,3,161,0.5808164477348328
906,3,162,0.5542646646499634
907,3,163,0.6902664303779602
908,3,164,0.4720904231071472
909,3,165,0.6536539196968079
910,3,166,0.5994601249694824
911,3,167,0.515041708946228
912,3,168,0.4509659707546234
913,3,169,0.600098192691803
914,3,170,0.5534151792526245
915,3,171,0.5390849113464355
916,3,172,0.6433916091918945
917,3,173,0.5621818900108337
918,3,174,0.5509774088859558
919,3,175,0.7049961090087891
920,3,176,0.7024337649345398
921,3,177,0.5599534511566162
922,3,178,0.6667619943618774
923,3,179,0.5622442960739136
924,3,180,0.49359220266342163
925,3,181,0.49685126543045044
926,3,182,0.5511919856071472
927,3,183,0.5163435339927673
928,3,184,0.5166479349136353
929,3,185,0.4976581037044525
930,3,186,0.5713289976119995
931,3,187,0.5601954460144043
932,3,188,0.4902575612068176
933,3,189,0.4683522582054138
934,3,190,0.5072572827339172
935,3,191,0.5093307495117188
936,3,192,0.6278819441795349
937,3,193,0.629988431930542
938,3,194,0.5994089841842651
939,3,195,0.5815238952636719
940,3,196,0.4919446110725403
941,3,197,0.4642601013183594
942,3,198,0.5029586553573608
943,3,199,0.578508734703064
944,3,200,0.5895276665687561
945,3,201,0.5285966396331787
946,3,202,0.5558246374130249
947,3,203,0.628995954990387
948,3,204,0.5282841920852661
949,3,205,0.4913894236087799
950,3,206,0.6418505311012268
951,3,207,0.5543141961097717
952,3,208,0.5649262070655823
953,3,209,0.5372616052627563
954,3,210,0.4702247679233551
955,3,211,0.5833425521850586
956,3,212,0.4391074776649475
957,3,213,0.5275260210037231
958,3,214,0.4844287037849426
959,3,215,0.4467153549194336
960,3,216,0.44631490111351013
961,3,217,0.5412050485610962
962,3,218,0.49542921781539917
963,3,219,0.45588627457618713
964,3,220,0.4572378993034363
965,3,221,0.6170352101325989
966,3,222,0.4809146523475647
967,3,223,0.5174658298492432
968,3,224,0.5541512370109558
969,3,225,0.5353151559829712
970,3,226,0.9843645095825195
971,3,227,0.6134175062179565
972,3,228,0.5928472280502319
973,3,229,0.4349856972694397
974,3,230,0.5639557838439941
975,3,231,0.5017174482345581
976,3,232,0.5530016422271729
977,3,233,0.48866310715675354
978,3,234,0.5592387318611145
979,3,235,0.4457533359527588
980,3,236,0.4994654059410095
981,3,237,0.4973829686641693
982,3,238,0.5661465525627136
983,3,239,0.5987851023674011
984,3,240,0.5752871036529541
985,3,241,0.5087030529975891
986,3,242,0.4223598837852478
987,3,243,0.5024101138114929
988,3,244,0.44000953435897827
989,3,245,0.4742816090583801
990,3,246,0.8266619443893433
991,3,247,0.5564655065536499
992,3,248,0.5808783769607544
993,3,249,0.5055819749832153
994,3,250,0.4759441912174225
995,3,251,0.48180609941482544
996,3,252,0.5319596529006958
997,3,253,0.5265004634857178
998,3,254,0.48054561018943787
999,3,255,0.573090672492981
1000,3,256,0.5530279874801636
1001,3,257,0.4963601529598236
1002,3,258,0.5186811089515686
1003,3,259,0.5471302270889282
1004,3,260,0.4686242640018463
1005,3,261,0.6396867036819458
1006,3,262,0.5289756655693054
1007,3,263,0.5647608637809753
1008,3,264,0.4920974671840668
1009,3,265,0.5568421483039856
1010,3,266,0.6658674478530884
1011,3,267,0.6184227466583252
1012,3,268,0.5516213774681091
1013,3,269,0.5126330852508545
1014,3,270,0.5346757173538208
1015,3,271,0.39948025345802307
1016,3,272,0.5400227308273315
1017,3,273,0.5554934740066528
1018,3,274,0.6149153113365173
1019,3,275,0.4775024354457855
1020,3,276,0.5098153352737427
1021,3,277,0.5270711183547974
1022,3,278,0.5477875471115112
1023,3,279,0.5803540945053101
1024,3,280,0.5442678332328796
1025,3,281,0.4659382700920105
1026,3,282,0.504940927028656
1027,3,283,0.5216182470321655
1028,3,284,0.5728188753128052
1029,3,285,0.5160791277885437
1030,3,286,0.6399773359298706
1031,3,287,0.6281216740608215
1032,3,288,0.7298213839530945
1033,3,289,0.42269355058670044
1034,3,290,0.4968850016593933
1035,3,291,0.44535431265830994
1036,3,292,0.4645225405693054
1037,3,293,0.49233493208885193
1038,3,294,0.5271424055099487
1039,3,295,0.41567134857177734
1040,3,296,0.47577905654907227
1041,3,297,0.43667832016944885
1042,3,298,0.7948954701423645
1043,3,299,0.5528260469436646
1044,3,300,0.5383523106575012
1045,3,301,0.48631733655929565
1046,3,302,0.5562189221382141
1047,3,303,0.618492066860199
1048,3,304,0.5054731965065002
1049,3,305,0.5209593176841736
1050,3,306,0.4068317413330078
1051,3,307,0.5263563394546509
1052,3,308,0.6556396484375
1053,3,309,0.5080227255821228
1054,3,310,0.41307029128074646
1055,3,311,0.45468592643737793
1056,3,312,0.4833810329437256
1057,3,313,0.4621182084083557
1058,3,314,0.5006828308105469
1059,3,315,0.6256905794143677
1060,3,316,0.5090051293373108
1061,3,317,0.4866761267185211
1062,3,318,0.44936880469322205
1063,3,319,0.5823270082473755
1064,3,320,0.509476900100708
1065,3,321,0.4489303529262543
1066,3,322,0.7772892713546753
1067,3,323,0.7807947397232056
1068,3,324,0.4683813154697418
1069,3,325,0.5143041014671326
1070,3,326,0.5318547487258911
1071,3,327,0.44084468483924866
1072,3,328,0.49156203866004944
1073,3,329,0.4336736798286438
1074,3,330,0.5445798635482788
1075,3,331,0.48968982696533203
1076,3,332,0.6640679240226746
1077,3,333,0.5268309712409973
1078,3,334,0.4873078763484955
1079,3,335,0.40988510847091675
1080,3,336,0.5117139220237732
1081,3,337,0.6117225885391235
1082,3,338,0.5738161206245422
1083,3,339,0.4724845290184021
1084,3,340,0.5830783843994141
1085,3,341,0.47072213888168335
1086,3,342,0.5028398633003235
1087,3,343,0.46243271231651306
1088,3,344,0.47761279344558716
1089,3,345,0.5176144242286682
1090,3,346,0.4295480251312256
1091,3,347,0.43410438299179077
1092,3,348,0.4720843434333801
1093,3,349,0.4670036733150482
1094,3,350,0.46410924196243286
1095,3,351,0.5475214719772339
1096,3,352,0.6302280426025391
1097,3,353,0.4977821409702301
1098,3,354,0.6132404208183289
1099,3,355,0.5899147391319275
1100,3,356,0.49451392889022827
1101,3,357,0.43653950095176697
1102,3,358,0.5172576308250427
1103,3,359,0.5413929224014282
1104,3,360,0.48098745942115784
1105,3,361,0.43873581290245056
1106,3,362,0.5215179324150085
1107,3,363,0.5555882453918457
1108,3,364,0.4648113250732422
1109,3,365,0.45869287848472595
1110,3,366,0.4330369532108307
1111,3,367,0.5821496844291687
1112,3,368,0.4656313359737396
1113,3,369,0.7701565623283386
1114,3,370,0.4851863384246826
1115,3,371,0.4895060956478119
1116,3,372,0.4666343331336975
1117,4,1,0.48502907156944275
1118,4,2,0.41732484102249146
1119,4,3,0.5268230438232422
1120,4,4,0.4477658271789551
1121,4,5,0.44851216673851013
1122,4,6,0.4915885925292969
1123,4,7,0.48625922203063965
1124,4,8,0.47563600540161133
1125,4,9,0.43970590829849243
1126,4,10,0.4918081760406494
1127,4,11,0.5163744688034058
1128,4,12,0.42339029908180237
1129,4,13,0.42498093843460083
1130,4,14,0.521261990070343
1131,4,15,0.42755261063575745
1132,4,16,0.4789164960384369
1133,4,17,0.40855592489242554
1134,4,18,0.4747733473777771
1135,4,19,0.5584255456924438
1136,4,20,0.4989408850669861
1137,4,21,0.4893835186958313
1138,4,22,0.5225151777267456
1139,4,23,0.5130928158760071
1140,4,24,0.44179806113243103
1141,4,25,0.4969836175441742
1142,4,26,0.46842384338378906
1143,4,27,0.40899014472961426
1144,4,28,0.45553159713745117
1145,4,29,0.5158202648162842
1146,4,30,0.9326168298721313
1147,4,31,0.4539302885532379
1148,4,32,0.4226861894130707
1149,4,33,0.4209168553352356
1150,4,34,0.43854427337646484
1151,4,35,0.5387715101242065
1152,4,36,0.4514194130897522
1153,4,37,0.5492538213729858
1154,4,38,0.6870062351226807
1155,4,39,0.5134180784225464
1156,4,40,0.41007575392723083
1157,4,41,0.4388805329799652
1158,4,42,0.3962987959384918
1159,4,43,0.47434893250465393
1160,4,44,0.47898346185684204
1161,4,45,0.40234214067459106
1162,4,46,0.44751614332199097
1163,4,47,0.4767710268497467
1164,4,48,0.4734553396701813
1165,4,49,0.4346705973148346
1166,4,50,0.3721567988395691
1167,4,51,0.388284832239151
1168,4,52,0.4922536313533783
1169,4,53,0.43144091963768005
1170,4,54,0.424241840839386
1171,4,55,0.45179539918899536
1172,4,56,0.47226840257644653
1173,4,57,0.4967478811740875
1174,4,58,0.471487432718277
1175,4,59,0.4964389204978943
1176,4,60,0.5756810903549194
1177,4,61,0.6295638084411621
1178,4,62,0.5130389332771301
1179,4,63,0.4209554195404053
1180,4,64,0.40048322081565857
1181,4,65,0.45819544792175293
1182,4,66,0.4946106970310211
1183,4,67,0.4585782587528229
1184,4,68,0.47998175024986267
1185,4,69,0.6279900074005127
1186,4,70,0.469243586063385
1187,4,71,0.508240818977356
1188,4,72,0.5095587968826294
1189,4,73,0.5375179052352905
1190,4,74,0.4478166103363037
1191,4,75,0.4817264676094055
1192,4,76,0.502158522605896
1193,4,77,0.5405922532081604
1194,4,78,0.414747953414917
1195,4,79,0.6416319608688354
1196,4,80,0.613656759262085
1197,4,81,0.49671292304992676
1198,4,82,0.450463205575943
1199,4,83,0.5143013596534729
1200,4,84,0.4222128391265869
1201,4,85,0.4159831404685974
1202,4,86,0.48193877935409546
1203,4,87,0.48361438512802124
1204,4,88,0.44409117102622986
1205,4,89,0.43316397070884705
1206,4,90,0.455035537481308
1207,4,91,0.4397183954715729
1208,4,92,0.5076635479927063
1209,4,93,0.45875412225723267
1210,4,94,0.4332636892795563
1211,4,95,0.44132399559020996
1212,4,96,0.45371532440185547
1213,4,97,0.4172990322113037
1214,4,98,0.45825743675231934
1215,4,99,0.4397137761116028
1216,4,100,0.4444936215877533
1217,4,101,0.42079073190689087
1218,4,102,0.43447819352149963
1219,4,103,0.43189096450805664
1220,4,104,0.4038873612880707
1221,4,105,0.4758226275444031
1222,4,106,0.44600367546081543
1223,4,107,0.45771312713623047
1224,4,108,0.5019208192825317
1225,4,109,0.44269639253616333
1226,4,110,0.49518290162086487
1227,4,111,0.4596072733402252
1228,4,112,0.39792492985725403
1229,4,113,0.45364388823509216
1230,4,114,0.49565011262893677
1231,4,115,0.5449186563491821
1232,4,116,0.7717399001121521
1233,4,117,0.3997354805469513
1234,4,118,0.6953274011611938
1235,4,119,0.404858261346817
1236,4,120,0.5096431970596313
1237,4,121,0.42469096183776855
1238,4,122,0.4240818917751312
1239,4,123,0.39097219705581665
1240,4,124,0.39811909198760986
1241,4,125,0.4675273895263672
1242,4,126,0.47338199615478516
1243,4,127,0.39483141899108887
1244,4,128,0.4383760988712311
1245,4,129,0.47954168915748596
1246,4,130,0.39808547496795654
1247,4,131,0.5689539313316345
1248,4,132,0.5016801357269287
1249,4,133,0.3841950297355652
1250,4,134,0.5163328647613525
1251,4,135,0.4702727198600769
1252,4,136,0.4541222155094147
1253,4,137,0.45893582701683044
1254,4,138,0.4542089104652405
1255,4,139,0.5044119358062744
1256,4,140,0.4974319040775299
1257,4,141,0.4456237852573395
1258,4,142,0.4371061325073242
1259,4,143,0.45320644974708557
1260,4,144,0.4569621980190277
1261,4,145,0.4685329496860504
1262,4,146,0.516248881816864
1263,4,147,0.41208404302597046
1264,4,148,0.47673243284225464
1265,4,149,0.45071330666542053
1266,4,150,0.41082119941711426
1267,4,151,0.4319014549255371
1268,4,152,0.38768747448921204
1269,4,153,0.45220452547073364
1270,4,154,0.5183814764022827
1271,4,155,0.5119542479515076
1272,4,156,0.47193288803100586
1273,4,157,0.43552055954933167
1274,4,158,0.43948906660079956
1275,4,159,0.43090635538101196
1276,4,160,0.4154953062534332
1277,4,161,0.6862314939498901
1278,4,162,0.4434230923652649
1279,4,163,0.39042574167251587
1280,4,164,0.400407612323761
1281,4,165,0.5148540139198303
1282,4,166,0.44295579195022583
1283,4,167,0.43778401613235474
1284,4,168,0.40045228600502014
1285,4,169,0.4715704321861267
1286,4,170,0.42029857635498047
1287,4,171,0.41256871819496155
1288,4,172,0.39156386256217957
1289,4,173,0.37999168038368225
1290,4,174,0.3672572374343872
1291,4,175,0.373524010181427
1292,4,176,0.39195147156715393
1293,4,177,0.44008874893188477
1294,4,178,0.42597174644470215
1295,4,179,0.40006527304649353
1296,4,180,0.5100717544555664
1297,4,181,0.45614761114120483
1298,4,182,0.5597984790802002
1299,4,183,0.41476210951805115
1300,4,184,0.4716062545776367
1301,4,185,0.42163100838661194
1302,4,186,0.48715105652809143
1303,4,187,0.36561208963394165
1304,4,188,0.8096204996109009
1305,4,189,0.422015517950058
1306,4,190,0.39571771025657654
1307,4,191,0.48935461044311523
1308,4,192,0.42479053139686584
1309,4,193,0.4459676742553711
1310,4,194,0.4261818826198578
1311,4,195,0.41004666686058044
1312,4,196,0.43239498138427734
1313,4,197,0.5050370097160339
1314,4,198,0.4407733082771301
1315,4,199,0.4166114926338196
1316,4,200,0.44220033288002014
1317,4,201,0.4711786210536957
1318,4,202,0.4308881163597107
1319,4,203,0.4659499228000641
1320,4,204,0.40510082244873047
1321,4,205,0.35037750005722046
1322,4,206,0.44316691160202026
1323,4,207,0.42452675104141235
1324,4,208,0.47342270612716675
1325,4,209,0.4510463774204254
1326,4,210,0.4711925983428955
1327,4,211,0.3215494453907013
1328,4,212,0.5099425315856934
1329,4,213,0.4221978187561035
1330,4,214,0.5053210854530334
1331,4,215,0.424572229385376
1332,4,216,0.47821110486984253
1333,4,217,0.46395811438560486
1334,4,218,0.4071280360221863
1335,4,219,0.5064399838447571
1336,4,220,0.372251033782959
1337,4,221,0.4224996566772461
1338,4,222,0.4456772804260254
1339,4,223,0.46424832940101624
1340,4,224,0.4482523500919342
1341,4,225,0.44076839089393616
1342,4,226,0.4166913628578186
1343,4,227,0.48373717069625854
1344,4,228,0.5231679081916809
1345,4,229,0.5279226303100586
1346,4,230,0.5163305401802063
1347,4,231,0.4214710295200348
1348,4,232,0.4045737385749817
1349,4,233,0.403829425573349
1350,4,234,0.44318801164627075
1351,4,235,0.43254828453063965
1352,4,236,0.39294278621673584
1353,4,237,0.42567890882492065
1354,4,238,0.4218587279319763
1355,4,239,0.4561992287635803
1356,4,240,0.36149153113365173
1357,4,241,0.7328007221221924
1358,4,242,0.7338351607322693
1359,4,243,0.42903319001197815
1360,4,244,0.4525229036808014
1361,4,245,0.4290328621864319
1362,4,246,0.37519243359565735
1363,4,247,0.42464500665664673
1364,4,248,0.499531090259552
1365,4,249,0.5270003080368042
1366,4,250,0.43303632736206055
1367,4,251,0.3854098916053772
1368,4,252,0.4018417298793793
1369,4,253,0.4270714223384857
1370,4,254,0.4318608343601227
1371,4,255,0.432320773601532
1372,4,256,0.46271461248397827
1373,4,257,0.48339763283729553
1374,4,258,0.42283564805984497
1375,4,259,0.4237767159938812
1376,4,260,0.4823393225669861
1377,4,261,0.37421074509620667
1378,4,262,0.37647807598114014
1379,4,263,0.36590248346328735
1380,4,264,0.41802978515625
1381,4,265,0.42728191614151
1382,4,266,0.5253771543502808
1383,4,267,0.39343348145484924
1384,4,268,0.3832951486110687
1385,4,269,0.4014510214328766
1386,4,270,0.4792734980583191
1387,4,271,0.46226295828819275
1388,4,272,0.45179715752601624
1389,4,273,0.3833722472190857
1390,4,274,0.4886396527290344
1391,4,275,0.5545961260795593
1392,4,276,0.3917859196662903
1393,4,277,0.35881155729293823
1394,4,278,0.3985730707645416
1395,4,279,0.3941725492477417
1396,4,280,0.34987515211105347
1397,4,281,0.3673996329307556
1398,4,282,0.33925530314445496
1399,4,283,0.3682094216346741
1400,4,284,0.44908538460731506
1401,4,285,0.41503605246543884
1402,4,286,0.4380146861076355
1403,4,287,0.42472681403160095
1404,4,288,0.3823161721229553
1405,4,289,0.3992002606391907
1406,4,290,0.3926388621330261
1407,4,291,0.47234907746315
1408,4,292,0.4020591676235199
1409,4,293,0.6959183216094971
1410,4,294,0.4366481900215149
1411,4,295,0.40976858139038086
1412,4,296,0.39775532484054565
1413,4,297,0.4052172303199768
1414,4,298,0.37509557604789734
1415,4,299,0.4381425380706787
1416,4,300,0.39336147904396057
1417,4,301,0.40573152899742126
1418,4,302,0.38420695066452026
1419,4,303,0.40905261039733887
1420,4,304,0.45324578881263733
1421,4,305,0.4783185124397278
1422,4,306,0.36495906114578247
1423,4,307,0.4689289927482605
1424,4,308,0.4797850251197815
1425,4,309,0.3948049545288086
1426,4,310,0.5121506452560425
1427,4,311,0.4031982421875
1428,4,312,0.45611771941185
1429,4,313,0.4302949011325836
1430,4,314,0.45677146315574646
1431,4,315,0.7669359445571899
1432,4,316,0.4908437132835388
1433,4,317,0.5360530018806458
1434,4,318,0.357779324054718
1435,4,319,0.4644467830657959
1436,4,320,0.4127587378025055
1437,4,321,0.41459864377975464
1438,4,322,0.38772743940353394
1439,4,323,0.4054602086544037
1440,4,324,0.3926864266395569
1441,4,325,0.40098443627357483
1442,4,326,0.37125900387763977
1443,4,327,0.4062720239162445
1444,4,328,0.4279870092868805
1445,4,329,0.41117826104164124
1446,4,330,0.39899274706840515
1447,4,331,0.3568779230117798
1448,4,332,0.3854145407676697
1449,4,333,0.3858829736709595
1450,4,334,0.3977507948875427
1451,4,335,0.5190466642379761
1452,4,336,0.3629167079925537
1453,4,337,0.4341740012168884
1454,4,338,0.46892017126083374
1455,4,339,0.4528542160987854
1456,4,340,0.464932918548584
1457,4,341,0.3572107255458832
1458,4,342,0.35874590277671814
1459,4,343,0.5209125280380249
1460,4,344,0.4017724394798279
1461,4,345,0.40229925513267517
1462,4,346,0.5063127279281616
1463,4,347,0.45138540863990784
1464,4,348,0.3792469799518585
1465,4,349,0.42277583479881287
1466,4,350,0.38885465264320374
1467,4,351,0.4247724115848541
1468,4,352,0.39724287390708923
1469,4,353,0.34614354372024536
1470,4,354,0.3761865198612213
1471,4,355,0.4021690785884857
1472,4,356,0.4005908966064453
1473,4,357,0.34059199690818787
1474,4,358,0.4510403275489807
1475,4,359,0.4121769070625305
1476,4,360,0.5286800265312195
1477,4,361,0.33990558981895447
1478,4,362,0.495485782623291
1479,4,363,0.36269015073776245
1480,4,364,0.5693418979644775
1481,4,365,0.4281800389289856
1482,4,366,0.3940432667732239
1483,4,367,0.406136691570282
1484,4,368,0.39511793851852417
1485,4,369,0.4597925543785095
1486,4,370,0.5372622609138489
1487,4,371,0.4383603036403656
1488,4,372,0.42765796184539795
1489,5,1,0.3678567707538605
1490,5,2,0.3543033003807068
1491,5,3,0.4325762391090393
1492,5,4,0.4042418599128723
1493,5,5,0.37993982434272766
1494,5,6,0.39735710620880127
1495,5,7,0.3901868462562561
1496,5,8,0.40627893805503845
1497,5,9,0.3356820046901703
1498,5,10,0.38642647862434387
1499,5,11,0.35147619247436523
1500,5,12,0.3922514021396637
1501,5,13,0.4234265685081482
1502,5,14,0.51280677318573
1503,5,15,0.414567232131958
1504,5,16,0.4211147427558899
1505,5,17,0.42250409722328186
1506,5,18,0.3348991572856903
1507,5,19,0.4755330979824066
1508,5,20,0.3696001172065735
1509,5,21,0.3572644293308258
1510,5,22,0.6309269666671753
1511,5,23,0.44413360953330994
1512,5,24,0.47526755928993225
1513,5,25,0.3953336179256439
1514,5,26,0.4240559935569763
1515,5,27,0.40779438614845276
1516,5,28,0.36520785093307495
1517,5,29,0.5189460515975952
1518,5,30,0.44058236479759216
1519,5,31,0.47503533959388733
1520,5,32,0.42504778504371643
1521,5,33,0.41821184754371643
1522,5,34,0.3649675250053406
1523,5,35,0.3828143775463104
1524,5,36,0.35514286160469055
1525,5,37,0.41675883531570435
1526,5,38,0.4142877459526062
1527,5,39,0.3750070631504059
1528,5,40,0.3371722400188446
1529,5,41,0.38071340322494507
1530,5,42,0.43656912446022034
1531,5,43,0.42134276032447815
1532,5,44,0.34410375356674194
1533,5,45,0.32284459471702576
1534,5,46,0.5059218406677246
1535,5,47,0.3403779864311218
1536,5,48,0.3195344805717468
1537,5,49,0.3730791211128235
1538,5,50,0.35726335644721985
1539,5,51,0.3866383135318756
1540,5,52,0.4429855942726135
1541,5,53,0.3531622290611267
1542,5,54,0.3408868610858917
1543,5,55,0.4753546714782715
1544,5,56,0.3433532416820526
1545,5,57,0.3483063578605652
1546,5,58,0.3606109023094177
1547,5,59,0.6983343362808228
1548,5,60,0.4417443871498108
1549,5,61,0.35957297682762146
1550,5,62,0.42345938086509705
1551,5,63,0.4308377206325531
1552,5,64,0.38106855750083923
1553,5,65,0.39333146810531616
1554,5,66,0.36969876289367676
1555,5,67,0.3620932698249817
1556,5,68,0.41132092475891113
1557,5,69,0.37433695793151855
1558,5,70,0.38195738196372986
1559,5,71,0.33059197664260864
1560,5,72,0.43931883573532104
1561,5,73,0.37348756194114685
1562,5,74,0.4011565148830414
1563,5,75,0.35328608751296997
1564,5,76,0.4206902086734772
1565,5,77,0.42481884360313416
1566,5,78,0.37308621406555176
1567,5,79,0.4291984438896179
1568,5,80,0.4095999598503113
1569,5,81,0.3477986454963684
1570,5,82,0.38856568932533264
1571,5,83,0.325849711894989
1572,5,84,0.3661347031593323
1573,5,85,0.33084389567375183
1574,5,86,0.4265318512916565
1575,5,87,0.4005522131919861
1576,5,88,0.4318264126777649
1577,5,89,0.35712099075317383
1578,5,90,0.4408152997493744
1579,5,91,0.508838415145874
1580,5,92,0.37927359342575073
1581,5,93,0.39515477418899536
1582,5,94,0.31959423422813416
1583,5,95,0.37555131316185
1584,5,96,0.3434409499168396
1585,5,97,0.41915106773376465
1586,5,98,0.3995433747768402
1587,5,99,0.36193686723709106
1588,5,100,0.3774670958518982
1589,5,101,0.3618571162223816
1590,5,102,0.3493804335594177
1591,5,103,0.3753158748149872
1592,5,104,0.40024709701538086
1593,5,105,0.44855350255966187
1594,5,106,0.4052600860595703
1595,5,107,0.41406434774398804
1596,5,108,0.42821043729782104
1597,5,109,0.5490293502807617
1598,5,110,0.3938841223716736
1599,5,111,0.3652341067790985
1600,5,112,0.371509313583374
1601,5,113,0.3565167784690857
1602,5,114,0.3076770007610321
1603,5,115,0.3923340439796448
1604,5,116,0.3447950482368469
1605,5,117,0.3716033697128296
1606,5,118,0.3462374806404114
1607,5,119,0.3668920397758484
1608,5,120,0.8240433931350708
1609,5,121,0.43555933237075806
1610,5,122,0.3834655284881592
1611,5,123,0.384221613407135
1612,5,124,0.3868575692176819
1613,5,125,0.31436195969581604
1614,5,126,0.4283772110939026
1615,5,127,0.3721938729286194
1616,5,128,0.4591178894042969
1617,5,129,0.6811710596084595
1618,5,130,0.4539915919303894
1619,5,131,0.3266591727733612
1620,5,132,0.29694488644599915
1621,5,133,0.425849050283432
1622,5,134,0.36531496047973633
1623,5,135,0.52983558177948
1624,5,136,0.320096492767334
1625,5,137,0.4019114077091217
1626,5,138,0.3892030119895935
1627,5,139,0.4031743109226227
1628,5,140,0.34588974714279175
1629,5,141,0.3777484893798828
1630,5,142,0.3715061545372009
1631,5,143,0.33211153745651245
1632,5,144,0.2934247851371765
1633,5,145,0.34146326780319214
1634,5,146,0.39052683115005493
1635,5,147,0.34228143095970154
1636,5,148,0.3492636978626251
1637,5,149,0.3803182542324066
1638,5,150,0.6205980181694031
1639,5,151,0.38650408387184143
1640,5,152,0.3882899880409241
1641,5,153,0.34564828872680664
1642,5,154,0.3485153317451477
1643,5,155,0.4103477895259857
1644,5,156,0.44541436433792114
1645,5,157,0.35930222272872925
1646,5,158,0.38302549719810486
1647,5,159,0.30630093812942505
1648,5,160,0.390777051448822
1649,5,161,0.39347171783447266
1650,5,162,0.40761056542396545
1651,5,163,0.4331718981266022
1652,5,164,0.31713709235191345
1653,5,165,0.38236522674560547
1654,5,166,0.333746075630188
1655,5,167,0.3340199589729309
1656,5,168,0.37576618790626526
1657,5,169,0.3386971354484558
1658,5,170,0.3289019465446472
1659,5,171,0.3327125608921051
1660,5,172,0.32081371545791626
1661,5,173,0.38719242811203003
1662,5,174,0.40464645624160767
1663,5,175,0.38265252113342285
1664,5,176,0.532241940498352
1665,5,177,0.41144371032714844
1666,5,178,0.39119693636894226
1667,5,179,0.36495712399482727
1668,5,180,0.32385826110839844
1669,5,181,0.3495214581489563
1670,5,182,0.3741356134414673
1671,5,183,0.3846619129180908
1672,5,184,0.36030489206314087
1673,5,185,0.5276480913162231
1674,5,186,0.3855893909931183
1675,5,187,0.4205102324485779
1676,5,188,0.46554166078567505
1677,5,189,0.4773778021335602
1678,5,190,0.45365992188453674
1679,5,191,0.4122074246406555
1680,5,192,0.447579950094223
1681,5,193,0.2971017062664032
1682,5,194,0.4383613169193268
1683,5,195,0.4292900562286377
1684,5,196,0.3455139994621277
1685,5,197,0.36269375681877136
1686,5,198,0.5223711729049683
1687,5,199,0.35711202025413513
1688,5,200,0.41367632150650024
1689,5,201,0.34899887442588806
1690,5,202,0.3565337061882019
1691,5,203,0.29066067934036255
1692,5,204,0.37031954526901245
1693,5,205,0.3713206648826599
1694,5,206,0.3074134588241577
1695,5,207,0.36851826310157776
1696,5,208,0.35888364911079407
1697,5,209,0.2791121304035187
1698,5,210,0.30460044741630554
1699,5,211,0.42122402787208557
1700,5,212,0.3492443561553955
1701,5,213,0.6052973866462708
1702,5,214,0.41271883249282837
1703,5,215,0.33757472038269043
1704,5,216,0.38712620735168457
1705,5,217,0.4472506046295166
1706,5,218,0.3443441390991211
1707,5,219,0.4288918972015381
1708,5,220,0.34095025062561035
1709,5,221,0.3426162898540497
1710,5,222,0.4098718762397766
1711,5,223,0.3858994245529175
1712,5,224,0.4007079005241394
1713,5,225,0.6987382173538208
1714,5,226,0.382850706577301
1715,5,227,0.38093966245651245
1716,5,228,0.6922990083694458
1717,5,229,0.42508214712142944
1718,5,230,0.34985730051994324
1719,5,231,0.36854687333106995
1720,5,232,0.2908061146736145
1721,5,233,0.3100387156009674
1722,5,234,0.4722500443458557
1723,5,235,0.33386388421058655
1724,5,236,0.3937388062477112
1725,5,237,0.36204633116722107
1726,5,238,0.3752475380897522
1727,5,239,0.3790339529514313
1728,5,240,0.34352630376815796
1729,5,241,0.6234622597694397
1730,5,242,0.36829131841659546
1731,5,243,0.4105294346809387
1732,5,244,0.3442181646823883
1733,5,245,0.4312398433685303
1734,5,246,0.3696472644805908
1735,5,247,0.4017314016819
1736,5,248,0.39951658248901367
1737,5,249,0.4929388165473938
1738,5,250,0.3406940996646881
1739,5,251,0.43065935373306274
1740,5,252,0.6483453512191772
1741,5,253,0.3247338533401489
1742,5,254,0.38367775082588196
1743,5,255,0.35423702001571655
1744,5,256,0.2807672619819641
1745,5,257,0.36729922890663147
1746,5,258,0.30070731043815613
1747,5,259,0.4195777475833893
1748,5,260,0.6883901357650757
1749,5,261,0.36379629373550415
1750,5,262,0.380692720413208
1751,5,263,0.36534351110458374
1752,5,264,0.3637649118900299
1753,5,265,0.44313278794288635
1754,5,266,0.3280172049999237
1755,5,267,0.33896464109420776
1756,5,268,0.34815385937690735
1757,5,269,0.32057321071624756
1758,5,270,0.46457213163375854
1759,5,271,0.29573601484298706
1760,5,272,0.3250391483306885
1761,5,273,0.3723375201225281
1762,5,274,0.33659857511520386
1763,5,275,0.42854636907577515
1764,5,276,0.40419965982437134
1765,5,277,0.3796326518058777
1766,5,278,0.44694042205810547
1767,5,279,0.3727095127105713
1768,5,280,0.5171827077865601
1769,5,281,0.3303681015968323
1770,5,282,0.4276304244995117
1771,5,283,0.37525925040245056
1772,5,284,0.3636567294597626
1773,5,285,0.35643842816352844
1774,5,286,0.31868380308151245
1775,5,287,0.404655396938324
1776,5,288,0.3169337511062622
1777,5,289,0.3403403162956238
1778,5,290,0.4246109426021576
1779,5,291,0.4079873561859131
1780,5,292,0.3290863633155823
1781,5,293,0.4646383821964264
1782,5,294,0.40539464354515076
1783,5,295,0.4027338922023773
1784,5,296,0.37042880058288574
1785,5,297,0.38256025314331055
1786,5,298,0.46708351373672485
1787,5,299,0.3739137053489685
1788,5,300,0.46067801117897034
1789,5,301,0.3219306468963623
1790,5,302,0.34482961893081665
1791,5,303,0.35096412897109985
1792,5,304,0.35045528411865234
1793,5,305,0.3338348865509033
1794,5,306,0.32920071482658386
1795,5,307,0.3803970515727997
1796,5,308,0.3687937557697296
1797,5,309,0.37591150403022766
1798,5,310,0.30431416630744934
1799,5,311,0.381142795085907
1800,5,312,0.4100715219974518
1801,5,313,0.4924774765968323
1802,5,314,0.3698400855064392
1803,5,315,0.32454973459243774
1804,5,316,0.38200849294662476
1805,5,317,0.30710241198539734
1806,5,318,0.371697336435318
1807,5,319,0.36699387431144714
1808,5,320,0.30394241213798523
1809,5,321,0.33218494057655334
1810,5,322,0.31486549973487854
1811,5,323,0.40362200140953064
1812,5,324,0.3873940110206604
1813,5,325,0.4714485704898834
1814,5,326,0.36056700348854065
1815,5,327,0.2705633044242859
1816,5,328,0.4223298132419586
1817,5,329,0.3288511335849762
1818,5,330,0.31087008118629456
1819,5,331,0.3529108762741089
1820,5,332,0.4006342887878418
1821,5,333,0.36135125160217285
1822,5,334,0.2705112099647522
1823,5,335,0.3756340444087982
1824,5,336,0.28277456760406494
1825,5,337,0.30881959199905396
1826,5,338,0.3344837725162506
1827,5,339,0.34508076310157776
1828,5,340,0.39820268750190735
1829,5,341,0.39499664306640625
1830,5,342,0.32833176851272583
1831,5,343,0.41933560371398926
1832,5,344,0.3217845559120178
1833,5,345,0.3611377775669098
1834,5,346,0.3039008677005768
1835,5,347,0.4639332890510559
1836,5,348,0.3041781485080719
1837,5,349,0.3783990740776062
1838,5,350,0.29060059785842896
1839,5,351,0.29973119497299194
1840,5,352,0.36625516414642334
1841,5,353,0.31393861770629883
1842,5,354,0.35161450505256653
1843,5,355,0.311548113822937
1844,5,356,0.35265693068504333
1845,5,357,0.3049544394016266
1846,5,358,0.42621248960494995
1847,5,359,0.33606022596359253
1848,5,360,0.4041023850440979
1849,5,361,0.374936044216156
1850,5,362,0.3048935532569885
1851,5,363,0.3438882827758789
1852,5,364,0.34012457728385925
1853,5,365,0.4779691696166992
1854,5,366,0.3435088098049164
1855,5,367,0.3684210777282715
1856,5,368,0.3266879916191101
1857,5,369,0.38086050748825073
1858,5,370,0.36325982213020325
1859,5,371,0.3898473381996155
1860,5,372,0.41987767815589905
1861,6,1,0.4688534736633301
1862,6,2,0.32675832509994507
1863,6,3,0.39560097455978394
1864,6,4,0.3355047106742859
1865,6,5,0.41088026762008667
1866,6,6,0.3809460401535034
1867,6,7,0.3015742897987366
1868,6,8,0.3232993185520172
1869,6,9,0.6436127424240112
1870,6,10,0.2936474680900574
1871,6,11,0.37090128660202026
1872,6,12,0.32957956194877625
1873,6,13,0.3009849190711975
1874,6,14,0.2906538248062134
1875,6,15,0.33734822273254395
1876,6,16,0.3117329776287079
1877,6,17,0.3465496897697449
1878,6,18,0.3671150505542755
1879,6,19,0.32006072998046875
1880,6,20,0.3497607409954071
1881,6,21,0.29890283942222595
1882,6,22,0.3780421018600464
1883,6,23,0.3863244950771332
1884,6,24,0.3200426399707794
1885,6,25,0.32594457268714905
1886,6,26,0.3336985111236572
1887,6,27,0.33505064249038696
1888,6,28,0.4263547956943512
1889,6,29,0.30952581763267517
1890,6,30,0.37365293502807617
1891,6,31,0.3451675772666931
1892,6,32,0.29629600048065186
1893,6,33,0.3360486924648285
1894,6,34,0.40687403082847595
1895,6,35,0.36054331064224243
1896,6,36,0.392380952835083
1897,6,37,0.3438723683357239
1898,6,38,0.416665256023407
1899,6,39,0.617236852645874
1900,6,40,0.37289831042289734
1901,6,41,0.38289743661880493
1902,6,42,0.3428393304347992
1903,6,43,0.36361899971961975
1904,6,44,0.3378366231918335
1905,6,45,0.3434114456176758
1906,6,46,0.35477468371391296
1907,6,47,0.35654374957084656
1908,6,48,0.40048709511756897
1909,6,49,0.3316372334957123
1910,6,50,0.3855082392692566
1911,6,51,0.40848278999328613
1912,6,52,0.3460628390312195
1913,6,53,0.337690532207489
1914,6,54,0.3282086253166199
1915,6,55,0.32765740156173706
1916,6,56,0.3242955207824707
1917,6,57,0.2902682423591614
1918,6,58,0.3627074658870697
1919,6,59,0.3127085566520691
1920,6,60,0.321374773979187
1921,6,61,0.34267503023147583
1922,6,62,0.38629984855651855
1923,6,63,0.3004240393638611
1924,6,64,0.279660165309906
1925,6,65,0.5627825260162354
1926,6,66,0.3669949173927307
1927,6,67,0.31792402267456055
1928,6,68,0.3940475285053253
1929,6,69,0.3749403655529022
1930,6,70,0.36099615693092346
1931,6,71,0.32327574491500854
1932,6,72,0.352229505777359
1933,6,73,0.41569390892982483
1934,6,74,0.37776708602905273
1935,6,75,0.37183260917663574
1936,6,76,0.38900452852249146
1937,6,77,0.3344186544418335
1938,6,78,0.3608058989048004
1939,6,79,0.2946701645851135
1940,6,80,0.3538835644721985
1941,6,81,0.33613160252571106
1942,6,82,0.29168540239334106
1943,6,83,0.3349103331565857
1944,6,84,0.27680832147598267
1945,6,85,0.316169798374176
1946,6,86,0.330444872379303
1947,6,87,0.3855683207511902
1948,6,88,0.3618585765361786
1949,6,89,0.33350178599357605
1950,6,90,0.3478575646877289
1951,6,91,0.3348304033279419
1952,6,92,0.35468387603759766
1953,6,93,0.3697771728038788
1954,6,94,0.3067186176776886
1955,6,95,0.33662134408950806
1956,6,96,0.3220060467720032
1957,6,97,0.33503538370132446
1958,6,98,0.3573690950870514
1959,6,99,0.3205266296863556
1960,6,100,0.3728177547454834
1961,6,101,0.32396945357322693
1962,6,102,0.31779420375823975
1963,6,103,0.607249915599823
1964,6,104,0.5388716459274292
1965,6,105,0.33454254269599915
1966,6,106,0.7054702043533325
1967,6,107,0.39626461267471313
1968,6,108,0.3550165593624115
1969,6,109,0.4080350399017334
1970,6,110,0.46219462156295776
1971,6,111,0.29656368494033813
1972,6,112,0.3212999701499939
1973,6,113,0.3845135271549225
1974,6,114,0.3711378276348114
1975,6,115,0.30551981925964355
1976,6,116,0.31187722086906433
1977,6,117,0.30501145124435425
1978,6,118,0.4587611258029938
1979,6,119,0.26520484685897827
1980,6,120,0.2812688946723938
1981,6,121,0.33980533480644226
1982,6,122,0.35752177238464355
1983,6,123,0.33490902185440063
1984,6,124,0.604990541934967
1985,6,125,0.3194740414619446
1986,6,126,0.3094751834869385
1987,6,127,0.4248979985713959
1988,6,128,0.34301266074180603
1989,6,129,0.4643844664096832
1990,6,130,0.3169131577014923
1991,6,131,0.2921443581581116
1992,6,132,0.3242323100566864
1993,6,133,0.32596951723098755
1994,6,134,0.3268405795097351
1995,6,135,0.4284665584564209
1996,6,136,0.29447948932647705
1997,6,137,0.3668810725212097
1998,6,138,0.3789963126182556
1999,6,139,0.34278637170791626
2000,6,140,0.32474109530448914
2001,6,141,0.39627957344055176
2002,6,142,0.3519435524940491
2003,6,143,0.2915031313896179
2004,6,144,0.37998825311660767
2005,6,145,0.31076568365097046
2006,6,146,0.3167012333869934
2007,6,147,0.3029157221317291
2008,6,148,0.2954818606376648
2009,6,149,0.3321583867073059
2010,6,150,0.35455578565597534
2011,6,151,0.3938440680503845
2012,6,152,0.3371998965740204
2013,6,153,0.33587706089019775
2014,6,154,0.31360501050949097
2015,6,155,0.34122157096862793
2016,6,156,0.34462544322013855
2017,6,157,0.3425089716911316
2018,6,158,0.3959815800189972
2019,6,159,0.3508831262588501
2020,6,160,0.37577152252197266
2021,6,161,0.30118751525878906
2022,6,162,0.3497699499130249
2023,6,163,0.4149589538574219
2024,6,164,0.3593226373195648
2025,6,165,0.3238183557987213
2026,6,166,0.3286590576171875
2027,6,167,0.318905234336853
2028,6,168,0.29454901814460754
2029,6,169,0.3213292062282562
2030,6,170,0.3495158553123474
2031,6,171,0.3193274140357971
2032,6,172,0.3271096646785736
2033,6,173,0.31079331040382385
2034,6,174,0.34747380018234253
2035,6,175,0.358111172914505
2036,6,176,0.37210947275161743
2037,6,177,0.3108474612236023
2038,6,178,0.364195317029953
2039,6,179,0.2888662815093994
2040,6,180,0.31936660408973694
2041,6,181,0.3591570258140564
2042,6,182,0.29833465814590454
2043,6,183,0.31516045331954956
2044,6,184,0.34475982189178467
2045,6,185,0.3214394748210907
2046,6,186,0.37294790148735046
2047,6,187,0.3271729350090027
2048,6,188,0.3675019443035126
2049,6,189,0.40696802735328674
2050,6,190,0.32110437750816345
2051,6,191,0.4566698968410492
2052,6,192,0.2594040036201477
2053,6,193,0.34663355350494385
2054,6,194,0.3068360984325409
2055,6,195,0.3438126742839813
2056,6,196,0.36711564660072327
2057,6,197,0.3367502987384796
2058,6,198,0.3044215738773346
2059,6,199,0.26600486040115356
2060,6,200,0.34586453437805176
2061,6,201,0.3631080090999603
2062,6,202,0.32642611861228943
2063,6,203,0.38858991861343384
2064,6,204,0.3359949588775635
2065,6,205,0.3341089189052582
2066,6,206,0.3183461129665375
2067,6,207,0.2933517098426819
2068,6,208,0.42037495970726013
2069,6,209,0.25918254256248474
2070,6,210,0.31401997804641724
2071,6,211,0.2618701756000519
2072,6,212,0.3501405417919159
2073,6,213,0.43688488006591797
2074,6,214,0.33213257789611816
2075,6,215,0.37810343503952026
2076,6,216,0.32367199659347534
2077,6,217,0.289458692073822
2078,6,218,0.3147342801094055
2079,6,219,0.28940027952194214
2080,6,220,0.3470229506492615
2081,6,221,0.30617064237594604
2082,6,222,0.3219338655471802
2083,6,223,0.34655290842056274
2084,6,224,0.34116119146347046
2085,6,225,0.32880085706710815
2086,6,226,0.34107598662376404
2087,6,227,0.294034868478775
2088,6,228,0.33691662549972534
2089,6,229,0.2710717022418976
2090,6,230,0.2861343324184418
2091,6,231,0.34525537490844727
2092,6,232,0.3207480311393738
2093,6,233,0.2810586988925934
2094,6,234,0.3077859878540039
2095,6,235,0.30356451869010925
2096,6,236,0.34216511249542236
2097,6,237,0.284965455532074
2098,6,238,0.42821937799453735
2099,6,239,0.3505841791629791
2100,6,240,0.35702913999557495
2101,6,241,0.3501507639884949
2102,6,242,0.36612874269485474
2103,6,243,0.28733307123184204
2104,6,244,0.2857676148414612
2105,6,245,0.2789081633090973
2106,6,246,0.25679847598075867
2107,6,247,0.319208562374115
2108,6,248,0.3743213415145874
2109,6,249,0.32354679703712463
2110,6,250,0.5801511406898499
2111,6,251,0.3040305972099304
2112,6,252,0.26909002661705017
2113,6,253,0.2960062623023987
2114,6,254,0.33893129229545593
2115,6,255,0.38162320852279663
2116,6,256,0.32389894127845764
2117,6,257,0.3152141273021698
2118,6,258,0.32414689660072327
2119,6,259,0.2595857083797455
2120,6,260,0.3507302701473236
2121,6,261,0.31604546308517456
2122,6,262,0.34030312299728394
2123,6,263,0.41785144805908203
2124,6,264,0.2948576807975769
2125,6,265,0.29407474398612976
2126,6,266,0.40453943610191345
2127,6,267,0.368013858795166
2128,6,268,0.49020320177078247
2129,6,269,0.3010866045951843
2130,6,270,0.30002647638320923
2131,6,271,0.327115535736084
2132,6,272,0.29184120893478394
2133,6,273,0.37873324751853943
2134,6,274,0.32915979623794556
2135,6,275,0.34640389680862427
2136,6,276,0.3145745098590851
2137,6,277,0.29566457867622375
2138,6,278,0.30397066473960876
2139,6,279,0.35062170028686523
2140,6,280,0.3119625449180603
2141,6,281,0.3173525929450989
2142,6,282,0.33104318380355835
2143,6,283,0.3645066022872925
2144,6,284,0.31094735860824585
2145,6,285,0.3141964077949524
2146,6,286,0.3068695664405823
2147,6,287,0.29794058203697205
2148,6,288,0.4019204080104828
2149,6,289,0.3073287606239319
2150,6,290,0.3671475648880005
2151,6,291,0.3092661499977112
2152,6,292,0.30910611152648926
2153,6,293,0.4081762731075287
2154,6,294,0.2860577404499054
2155,6,295,0.32029232382774353
2156,6,296,0.44573312997817993
2157,6,297,0.27951371669769287
2158,6,298,0.2933562397956848
2159,6,299,0.2857978641986847
2160,6,300,0.30666255950927734
2161,6,301,0.3122789263725281
2162,6,302,0.3121018409729004
2163,6,303,0.32917895913124084
2164,6,304,0.3651300370693207
2165,6,305,0.3083590269088745
2166,6,306,0.2752581238746643
2167,6,307,0.4535157084465027
2168,6,308,0.3264475464820862
2169,6,309,0.28385379910469055
2170,6,310,0.33636265993118286
2171,6,311,0.33070579171180725
2172,6,312,0.306018590927124
2173,6,313,0.31352224946022034
2174,6,314,0.3150096535682678
2175,6,315,0.3509323000907898
2176,6,316,0.3385726511478424
2177,6,317,0.6439281702041626
2178,6,318,0.6153663396835327
2179,6,319,0.34020596742630005
2180,6,320,0.27701449394226074
2181,6,321,0.3307636082172394
2182,6,322,0.298030287027359
2183,6,323,0.3143189549446106
2184,6,324,0.32231026887893677
2185,6,325,0.3193696141242981
2186,6,326,0.3012755513191223
2187,6,327,0.2915879786014557
2188,6,328,0.3515823483467102
2189,6,329,0.38303929567337036
2190,6,330,0.29464632272720337
2191,6,331,0.25909557938575745
2192,6,332,0.34273844957351685
2193,6,333,0.3174722492694855
2194,6,334,0.2895839810371399
2195,6,335,0.29318127036094666
2196,6,336,0.35852962732315063
2197,6,337,0.3801639676094055
2198,6,338,0.26918673515319824
2199,6,339,0.39918822050094604
2200,6,340,0.3004385828971863
2201,6,341,0.3268323838710785
2202,6,342,0.5985666513442993
2203,6,343,0.2914578914642334
2204,6,344,0.28348687291145325
2205,6,345,0.45085519552230835
2206,6,346,0.38046497106552124
2207,6,347,0.33422601222991943
2208,6,348,0.2984476387500763
2209,6,349,0.2952769994735718
2210,6,350,0.29701200127601624
2211,6,351,0.3188575506210327
2212,6,352,0.28325730562210083
2213,6,353,0.31858935952186584
2214,6,354,0.35016539692878723
2215,6,355,0.5908607840538025
2216,6,356,0.32478630542755127
2217,6,357,0.3867050111293793
2218,6,358,0.34915637969970703
2219,6,359,0.32146090269088745
2220,6,360,0.313570111989975
2221,6,361,0.34480613470077515
2222,6,362,0.30621132254600525
2223,6,363,0.3193766474723816
2224,6,364,0.31237056851387024
2225,6,365,0.3239128887653351
2226,6,366,0.41804251074790955
2227,6,367,0.33792227506637573
2228,6,368,0.341572105884552
2229,6,369,0.3054930567741394
2230,6,370,0.2928621768951416
2231,6,371,0.38766416907310486
2232,6,372,0.425518661737442
2233,7,1,0.2611091732978821
2234,7,2,0.2971841096878052
2235,7,3,0.30603164434432983
2236,7,4,0.24885043501853943
2237,7,5,0.3306601345539093
2238,7,6,0.2882949411869049
2239,7,7,0.3052908182144165
2240,7,8,0.3546527326107025
2241,7,9,0.2985718846321106
2242,7,10,0.28455787897109985
2243,7,11,0.3240465521812439
2244,7,12,0.45407789945602417
2245,7,13,0.3186473548412323
2246,7,14,0.30463406443595886
2247,7,15,0.2942277491092682
2248,7,16,0.3539179265499115
2249,7,17,0.24508187174797058
2250,7,18,0.38042137026786804
2251,7,19,0.3059939742088318
2252,7,20,0.3137466311454773
2253,7,21,0.5376338958740234
2254,7,22,0.2984520196914673
2255,7,23,0.34834298491477966
2256,7,24,0.2810057997703552
2257,7,25,0.2964930832386017
2258,7,26,0.34904593229293823
2259,7,27,0.329316645860672
2260,7,28,0.3050735592842102
2261,7,29,0.33335596323013306
2262,7,30,0.2889257073402405
2263,7,31,0.24140171706676483
2264,7,32,0.37950292229652405
2265,7,33,0.3756387233734131
2266,7,34,0.3081757128238678
2267,7,35,0.2851240336894989
2268,7,36,0.3180108070373535
2269,7,37,0.26887744665145874
2270,7,38,0.30079731345176697
2271,7,39,0.28715693950653076
2272,7,40,0.3101347088813782
2273,7,41,0.3007957339286804
2274,7,42,0.29834452271461487
2275,7,43,0.2991412281990051
2276,7,44,0.32479414343833923
2277,7,45,0.24844975769519806
2278,7,46,0.33587831258773804
2279,7,47,0.33916711807250977
2280,7,48,0.2678081691265106
2281,7,49,0.2691662311553955
2282,7,50,0.2980138659477234
2283,7,51,0.3093101978302002
2284,7,52,0.29778891801834106
2285,7,53,0.31772762537002563
2286,7,54,0.27286770939826965
2287,7,55,0.3084249198436737
2288,7,56,0.356352835893631
2289,7,57,0.2958312928676605
2290,7,58,0.3562992215156555
2291,7,59,0.3302138149738312
2292,7,60,0.40791600942611694
2293,7,61,0.27372968196868896
2294,7,62,0.2939072847366333
2295,7,63,0.29475319385528564
2296,7,64,0.3147616982460022
2297,7,65,0.28473538160324097
2298,7,66,0.27903929352760315
2299,7,67,0.2655524015426636
2300,7,68,0.3198395371437073
2301,7,69,0.3168901801109314
2302,7,70,0.32052740454673767
2303,7,71,0.40768107771873474
2304,7,72,0.3008558750152588
2305,7,73,0.28371283411979675
2306,7,74,0.27139946818351746
2307,7,75,0.3023450970649719
2308,7,76,0.32169532775878906
2309,7,77,0.28039446473121643
2310,7,78,0.28324276208877563
2311,7,79,0.25373396277427673
2312,7,80,0.5683596134185791
2313,7,81,0.25197356939315796
2314,7,82,0.29766789078712463
2315,7,83,0.32920727133750916
2316,7,84,0.31916582584381104
2317,7,85,0.3441966474056244
2318,7,86,0.2780497074127197
2319,7,87,0.33393043279647827
2320,7,88,0.2976497709751129
2321,7,89,0.33237043023109436
2322,7,90,0.37579333782196045
2323,7,91,0.3864777684211731
2324,7,92,0.32160383462905884
2325,7,93,0.2970580458641052
2326,7,94,0.23937201499938965
2327,7,95,0.3432522714138031
2328,7,96,0.3016509413719177
2329,7,97,0.366279661655426
2330,7,98,0.31509509682655334
2331,7,99,0.3104987144470215
2332,7,100,0.3404749035835266
2333,7,101,0.3322296738624573
2334,7,102,0.33480507135391235
2335,7,103,0.28076276183128357
2336,7,104,0.34312134981155396
2337,7,105,0.29601970314979553
2338,7,106,0.2946358621120453
2339,7,107,0.35595703125
2340,7,108,0.27842649817466736
2341,7,109,0.28062814474105835
2342,7,110,0.30309808254241943
2343,7,111,0.27671128511428833
2344,7,112,0.25025293231010437
2345,7,113,0.42747148871421814
2346,7,114,0.32955092191696167
2347,7,115,0.32732221484184265
2348,7,116,0.30446475744247437
2349,7,117,0.27936726808547974
2350,7,118,0.602918267250061
2351,7,119,0.2632540166378021
2352,7,120,0.3980444073677063
2353,7,121,0.329223096370697
2354,7,122,0.2665155827999115
2355,7,123,0.2899269461631775
2356,7,124,0.303618848323822
2357,7,125,0.38956937193870544
2358,7,126,0.2801850438117981
2359,7,127,0.3026333153247833
2360,7,128,0.3388095498085022
2361,7,129,0.3268783390522003
2362,7,130,0.284881055355072
2363,7,131,0.26984724402427673
2364,7,132,0.3133179247379303
2365,7,133,0.37637513875961304
2366,7,134,0.3328067660331726
2367,7,135,0.31041499972343445
2368,7,136,0.34221363067626953
2369,7,137,0.3050099015235901
2370,7,138,0.3498768210411072
2371,7,139,0.319227933883667
2372,7,140,0.39402148127555847
2373,7,141,0.29380086064338684
2374,7,142,0.2703469395637512
2375,7,143,0.338540256023407
2376,7,144,0.25293150544166565
2377,7,145,0.5821665525436401
2378,7,146,0.29296034574508667
2379,7,147,0.2812872529029846
2380,7,148,0.3066437542438507
2381,7,149,0.25945812463760376
2382,7,150,0.3284866511821747
2383,7,151,0.309444397687912
2384,7,152,0.34303635358810425
2385,7,153,0.27985721826553345
2386,7,154,0.26929864287376404
2387,7,155,0.30850282311439514
2388,7,156,0.35440051555633545
2389,7,157,0.3266220688819885
2390,7,158,0.3215735852718353
2391,7,159,0.292971134185791
2392,7,160,0.27949628233909607
2393,7,161,0.2809195816516876
2394,7,162,0.2853465974330902
2395,7,163,0.24447186291217804
2396,7,164,0.2555055320262909
2397,7,165,0.28646543622016907
2398,7,166,0.27244389057159424
2399,7,167,0.26881006360054016
2400,7,168,0.32497701048851013
2401,7,169,0.2858305275440216
2402,7,170,0.32936325669288635
2403,7,171,0.2736302614212036
2404,7,172,0.23683717846870422
2405,7,173,0.27254897356033325
2406,7,174,0.29048842191696167
2407,7,175,0.2737104296684265
2408,7,176,0.34592217206954956
2409,7,177,0.3738013505935669
2410,7,178,0.28467556834220886
2411,7,179,0.32100754976272583
2412,7,180,0.2792247235774994
2413,7,181,0.3655678629875183
2414,7,182,0.34282439947128296
2415,7,183,0.2996501326560974
2416,7,184,0.2811940014362335
2417,7,185,0.30115967988967896
2418,7,186,0.29018256068229675
2419,7,187,0.24584515392780304
2420,7,188,0.3146604895591736
2421,7,189,0.24501216411590576
2422,7,190,0.3171382546424866
2423,7,191,0.26496201753616333
2424,7,192,0.3247050940990448
2425,7,193,0.3370702564716339
2426,7,194,0.30887889862060547
2427,7,195,0.32052406668663025
2428,7,196,0.28721216320991516
2429,7,197,0.2986057698726654
2430,7,198,0.3015715479850769
2431,7,199,0.30701375007629395
2432,7,200,0.28142985701560974
2433,7,201,0.33323410153388977
2434,7,202,0.37068551778793335
2435,7,203,0.34375736117362976
2436,7,204,0.33784642815589905
2437,7,205,0.6142843961715698
2438,7,206,0.24469073116779327
2439,7,207,0.24354831874370575
2440,7,208,0.26462340354919434
2441,7,209,0.30722641944885254
2442,7,210,0.2781504690647125
2443,7,211,0.24659284949302673
2444,7,212,0.2787298560142517
2445,7,213,0.274753212928772
2446,7,214,0.30286163091659546
2447,7,215,0.27329251170158386
2448,7,216,0.29444777965545654
2449,7,217,0.31953126192092896
2450,7,218,0.3044431507587433
2451,7,219,0.3234196901321411
2452,7,220,0.2916690707206726
2453,7,221,0.269998699426651
2454,7,222,0.2567317485809326
2455,7,223,0.28482112288475037
2456,7,224,0.3437131941318512
2457,7,225,0.5494052171707153
2458,7,226,0.3072962164878845
2459,7,227,0.3320605754852295
2460,7,228,0.3466968536376953
2461,7,229,0.30881133675575256
2462,7,230,0.28022509813308716
2463,7,231,0.2535313665866852
2464,7,232,0.26592034101486206
2465,7,233,0.28409337997436523
2466,7,234,0.3035385012626648
2467,7,235,0.2650212347507477
2468,7,236,0.2839002013206482
2469,7,237,0.26136207580566406
2470,7,238,0.22304444015026093
2471,7,239,0.2696647644042969
2472,7,240,0.278737336397171
2473,7,241,0.30009180307388306
2474,7,242,0.28134405612945557
2475,7,243,0.2643366754055023
2476,7,244,0.3541131019592285
2477,7,245,0.24586598575115204
2478,7,246,0.21716484427452087
2479,7,247,0.2897789478302002
2480,7,248,0.31734687089920044
2481,7,249,0.2969542145729065
2482,7,250,0.4219021201133728
2483,7,251,0.3983306288719177
2484,7,252,0.31602421402931213
2485,7,253,0.2996620833873749
2486,7,254,0.3200376629829407
2487,7,255,0.2746235132217407
2488,7,256,0.31948477029800415
2489,7,257,0.2585323452949524
2490,7,258,0.2484239786863327
2491,7,259,0.2547568082809448
2492,7,260,0.3105856776237488
2493,7,261,0.2721216678619385
2494,7,262,0.29493480920791626
2495,7,263,0.6376187205314636
2496,7,264,0.29738229513168335
2497,7,265,0.32469937205314636
2498,7,266,0.32427868247032166
2499,7,267,0.280212938785553
2500,7,268,0.3247566223144531
2501,7,269,0.27080926299095154
2502,7,270,0.3104373514652252
2503,7,271,0.2893243432044983
2504,7,272,0.2911510169506073
2505,7,273,0.3142022490501404
2506,7,274,0.25146883726119995
2507,7,275,0.32073327898979187
2508,7,276,0.294588565826416
2509,7,277,0.3859373927116394
2510,7,278,0.2564707398414612
2511,7,279,0.3620918393135071
2512,7,280,0.2977031171321869
2513,7,281,0.3119656443595886
2514,7,282,0.5743139982223511
2515,7,283,0.28932151198387146
2516,7,284,0.3134317994117737
2517,7,285,0.4434371888637543
2518,7,286,0.33169811964035034
2519,7,287,0.2730214297771454
2520,7,288,0.3316528797149658
2521,7,289,0.2904081642627716
2522,7,290,0.2393970936536789
2523,7,291,0.32847994565963745
2524,7,292,0.29558590054512024
2525,7,293,0.25935932993888855
2526,7,294,0.27973756194114685
2527,7,295,0.600420355796814
2528,7,296,0.267608106136322
2529,7,297,0.31699201464653015
2530,7,298,0.26415497064590454
2531,7,299,0.2846679389476776
2532,7,300,0.26101258397102356
2533,7,301,0.2889086604118347
2534,7,302,0.3078436553478241
2535,7,303,0.27021723985671997
2536,7,304,0.2774341404438019
2537,7,305,0.3743106722831726
2538,7,306,0.3334881067276001
2539,7,307,0.5943453311920166
2540,7,308,0.2850925326347351
2541,7,309,0.5442078113555908
2542,7,310,0.2714506983757019
2543,7,311,0.26842039823532104
2544,7,312,0.2908919155597687
2545,7,313,0.3119655251502991
2546,7,314,0.28563040494918823
2547,7,315,0.25803956389427185
2548,7,316,0.3302898705005646
2549,7,317,0.28932636976242065
2550,7,318,0.3079635500907898
2551,7,319,0.2903534770011902
2552,7,320,0.29782164096832275
2553,7,321,0.3325405716896057
2554,7,322,0.36446595191955566
2555,7,323,0.3084959089756012
2556,7,324,0.2799496054649353
2557,7,325,0.3116411566734314
2558,7,326,0.31038692593574524
2559,7,327,0.28702691197395325
2560,7,328,0.25637462735176086
2561,7,329,0.3100244700908661
2562,7,330,0.28359100222587585
2563,7,331,0.2620972990989685
2564,7,332,0.33387619256973267
2565,7,333,0.44058793783187866
2566,7,334,0.3104338049888611
2567,7,335,0.30486172437667847
2568,7,336,0.29005366563796997
2569,7,337,0.3021443784236908
2570,7,338,0.2676314413547516
2571,7,339,0.3601500391960144
2572,7,340,0.31619754433631897
2573,7,341,0.2996051013469696
2574,7,342,0.29343968629837036
2575,7,343,0.2665978670120239
2576,7,344,0.4166533052921295
2577,7,345,0.2995961606502533
2578,7,346,0.29811373353004456
2579,7,347,0.3103518784046173
2580,7,348,0.2881236970424652
2581,7,349,0.3096921145915985
2582,7,350,0.3868896961212158
2583,7,351,0.2888392508029938
2584,7,352,0.2971883714199066
2585,7,353,0.21676886081695557
2586,7,354,0.2911352515220642
2587,7,355,0.32184499502182007
2588,7,356,0.29135653376579285
2589,7,357,0.3175519108772278
2590,7,358,0.29494866728782654
2591,7,359,0.22135046124458313
2592,7,360,0.3440086543560028
2593,7,361,0.3365364074707031
2594,7,362,0.2850005626678467
2595,7,363,0.33350870013237
2596,7,364,0.3322892487049103
2597,7,365,0.2737663686275482
2598,7,366,0.31406113505363464
2599,7,367,0.33152931928634644
2600,7,368,0.30224740505218506
2601,7,369,0.27295899391174316
2602,7,370,0.3153383433818817
2603,7,371,0.32746100425720215
2604,7,372,0.25504323840141296
2605,8,1,0.41601213812828064
2606,8,2,0.30015262961387634
2607,8,3,0.242510586977005
2608,8,4,0.2766575515270233
2609,8,5,0.25403496623039246
2610,8,6,0.30763640999794006
2611,8,7,0.3335834741592407
2612,8,8,0.2785680294036865
2613,8,9,0.29460129141807556
2614,8,10,0.33100277185440063
2615,8,11,0.3015355169773102
2616,8,12,0.2920721471309662
2617,8,13,0.350288450717926
2618,8,14,0.24626299738883972
2619,8,15,0.2807565927505493
2620,8,16,0.25820592045783997
2621,8,17,0.28303152322769165
2622,8,18,0.3469700217247009
2623,8,19,0.3093043267726898
2624,8,20,0.30047208070755005
2625,8,21,0.286331444978714
2626,8,22,0.27178508043289185
2627,8,23,0.2928387224674225
2628,8,24,0.2331816703081131
2629,8,25,0.26716309785842896
2630,8,26,0.21829259395599365
2631,8,27,0.2917991280555725
2632,8,28,0.26310092210769653
2633,8,29,0.26464366912841797
2634,8,30,0.3923793435096741
2635,8,31,0.27292877435684204
2636,8,32,0.25203806161880493
2637,8,33,0.5856109857559204
2638,8,34,0.28272730112075806
2639,8,35,0.28859013319015503
2640,8,36,0.2861087918281555
2641,8,37,0.29081305861473083
2642,8,38,0.2585476338863373
2643,8,39,0.3567380905151367
2644,8,40,0.2856779992580414
2645,8,41,0.2524443566799164
2646,8,42,0.3041638135910034
2647,8,43,0.2771225571632385
2648,8,44,0.2855566143989563
2649,8,45,0.22983579337596893
2650,8,46,0.24803492426872253
2651,8,47,0.2664094567298889
2652,8,48,0.2655925452709198
2653,8,49,0.29555758833885193
2654,8,50,0.2618562579154968
2655,8,51,0.27502673864364624
2656,8,52,0.31468909978866577
2657,8,53,0.5096728205680847
2658,8,54,0.27543556690216064
2659,8,55,0.2475326955318451
2660,8,56,0.2420620620250702
2661,8,57,0.24215778708457947
2662,8,58,0.26372402906417847
2663,8,59,0.27667197585105896
2664,8,60,0.3092750310897827
2665,8,61,0.2872430384159088
2666,8,62,0.2559744119644165
2667,8,63,0.24167749285697937
2668,8,64,0.2138214111328125
2669,8,65,0.27915576100349426
2670,8,66,0.2474435567855835
2671,8,67,0.2889401316642761
2672,8,68,0.3487932085990906
2673,8,69,0.3039010167121887
2674,8,70,0.2648698389530182
2675,8,71,0.2559225857257843
2676,8,72,0.4685717225074768
2677,8,73,0.2571926712989807
2678,8,74,0.23331722617149353
2679,8,75,0.2550601363182068
2680,8,76,0.3521825075149536
2681,8,77,0.27955299615859985
2682,8,78,0.32264935970306396
2683,8,79,0.34323909878730774
2684,8,80,0.287871778011322
2685,8,81,0.29508399963378906
2686,8,82,0.32039886713027954
2687,8,83,0.2904589772224426
2688,8,84,0.3260522484779358
2689,8,85,0.26946958899497986
2690,8,86,0.2333601713180542
2691,8,87,0.2343740016222
2692,8,88,0.2918570637702942
2693,8,89,0.2779041826725006
2694,8,90,0.24912521243095398
2695,8,91,0.3040744960308075
2696,8,92,0.2716436982154846
2697,8,93,0.293812096118927
2698,8,94,0.26778551936149597
2699,8,95,0.23550018668174744
2700,8,96,0.26302996277809143
2701,8,97,0.2706053555011749
2702,8,98,0.25432640314102173
2703,8,99,0.2670532166957855
2704,8,100,0.2554125487804413
2705,8,101,0.2557169795036316
2706,8,102,0.2801682949066162
2707,8,103,0.2313840687274933
2708,8,104,0.28435570001602173
2709,8,105,0.286262571811676
2710,8,106,0.2527376711368561
2711,8,107,0.24657563865184784
2712,8,108,0.29695242643356323
2713,8,109,0.2467082440853119
2714,8,110,0.30667009949684143
2715,8,111,0.24976086616516113
2716,8,112,0.2680657207965851
2717,8,113,0.3786300718784332
2718,8,114,0.2663063406944275
2719,8,115,0.25485292077064514
2720,8,116,0.2514495849609375
2721,8,117,0.3011796176433563
2722,8,118,0.2409450113773346
2723,8,119,0.23618288338184357
2724,8,120,0.2224244624376297
2725,8,121,0.2920088768005371
2726,8,122,0.3024776577949524
2727,8,123,0.288085401058197
2728,8,124,0.2675395905971527
2729,8,125,0.3410540223121643
2730,8,126,0.2394896000623703
2731,8,127,0.32091400027275085
2732,8,128,0.4803638458251953
2733,8,129,0.3252246379852295
2734,8,130,0.2722115218639374
2735,8,131,0.2812533974647522
2736,8,132,0.2569512724876404
2737,8,133,0.3033469617366791
2738,8,134,0.22292856872081757
2739,8,135,0.2761673331260681
2740,8,136,0.31029653549194336
2741,8,137,0.26373428106307983
2742,8,138,0.3610185980796814
2743,8,139,0.2915349304676056
2744,8,140,0.22812235355377197
2745,8,141,0.3301616907119751
2746,8,142,0.23812198638916016
2747,8,143,0.3844878077507019
2748,8,144,0.3020206093788147
2749,8,145,0.25803154706954956
2750,8,146,0.2834400236606598
2751,8,147,0.265301913022995
2752,8,148,0.2448531836271286
2753,8,149,0.25438839197158813
2754,8,150,0.3018215000629425
2755,8,151,0.2747431695461273
2756,8,152,0.27312225103378296
2757,8,153,0.28799572587013245
2758,8,154,0.2961501479148865
2759,8,155,0.23463349044322968
2760,8,156,0.2569473385810852
2761,8,157,0.28529292345046997
2762,8,158,0.2696431279182434
2763,8,159,0.2575153708457947
2764,8,160,0.21498389542102814
2765,8,161,0.267461359500885
2766,8,162,0.24501343071460724
2767,8,163,0.2729901671409607
2768,8,164,0.24234168231487274
2769,8,165,0.3117084205150604
2770,8,166,0.27263131737709045
2771,8,167,0.2678029239177704
2772,8,168,0.5903492569923401
2773,8,169,0.24907250702381134
2774,8,170,0.2282201498746872
2775,8,171,0.26926642656326294
2776,8,172,0.2638116776943207
2777,8,173,0.2584092319011688
2778,8,174,0.27336788177490234
2779,8,175,0.24424436688423157
2780,8,176,0.5358878970146179
2781,8,177,0.2728278636932373
2782,8,178,0.3200608789920807
2783,8,179,0.3157251477241516
2784,8,180,0.24052667617797852
2785,8,181,0.29162466526031494
2786,8,182,0.2835384011268616
2787,8,183,0.24316251277923584
2788,8,184,0.23822414875030518
2789,8,185,0.2652239203453064
2790,8,186,0.25071409344673157
2791,8,187,0.28444594144821167
2792,8,188,0.2944530248641968
2793,8,189,0.27973923087120056
2794,8,190,0.3130754232406616
2795,8,191,0.30534833669662476
2796,8,192,0.2402665913105011
2797,8,193,0.33029434084892273
2798,8,194,0.2339731752872467
2799,8,195,0.27283424139022827
2800,8,196,0.2605997622013092
2801,8,197,0.22271761298179626
2802,8,198,0.3256790041923523
2803,8,199,0.29821228981018066
2804,8,200,0.25880900025367737
2805,8,201,0.25102564692497253
2806,8,202,0.3086432218551636
2807,8,203,0.34882834553718567
2808,8,204,0.22779515385627747
2809,8,205,0.2874082922935486
2810,8,206,0.25492459535598755
2811,8,207,0.3108832836151123
2812,8,208,0.25546687841415405
2813,8,209,0.2913638949394226
2814,8,210,0.2724449336528778
2815,8,211,0.247213214635849
2816,8,212,0.25842201709747314
2817,8,213,0.27335524559020996
2818,8,214,0.3071289658546448
2819,8,215,0.3158838748931885
2820,8,216,0.27404654026031494
2821,8,217,0.26668232679367065
2822,8,218,0.31901681423187256
2823,8,219,0.3191223740577698
2824,8,220,0.2635417580604553
2825,8,221,0.21740737557411194
2826,8,222,0.2558865547180176
2827,8,223,0.3132714033126831
2828,8,224,0.2752445936203003
2829,8,225,0.3217131197452545
2830,8,226,0.24985463917255402
2831,8,227,0.2639477252960205
2832,8,228,0.2785850465297699
2833,8,229,0.2751874029636383
2834,8,230,0.32240602374076843
2835,8,231,0.2943539023399353
2836,8,232,0.5261678099632263
2837,8,233,0.2656852602958679
2838,8,234,0.2572539746761322
2839,8,235,0.2799707055091858
2840,8,236,0.24897734820842743
2841,8,237,0.27860549092292786
2842,8,238,0.2572573125362396
2843,8,239,0.26061972975730896
2844,8,240,0.287649542093277
2845,8,241,0.3632989823818207
2846,8,242,0.26920071244239807
2847,8,243,0.2941735088825226
2848,8,244,0.31200581789016724
2849,8,245,0.24729418754577637
2850,8,246,0.24388387799263
2851,8,247,0.2674923241138458
2852,8,248,0.2805634140968323
2853,8,249,0.2738279700279236
2854,8,250,0.2698695957660675
2855,8,251,0.2810761332511902
2856,8,252,0.2525216042995453
2857,8,253,0.23778767883777618
2858,8,254,0.24349088966846466
2859,8,255,0.300504595041275
2860,8,256,0.2963000535964966
2861,8,257,0.24448826909065247
2862,8,258,0.27230095863342285
2863,8,259,0.31626734137535095
2864,8,260,0.2728600800037384
2865,8,261,0.2879470884799957
2866,8,262,0.27532878518104553
2867,8,263,0.25398507714271545
2868,8,264,0.28609994053840637
2869,8,265,0.2537824809551239
2870,8,266,0.32583433389663696
2871,8,267,0.2903601825237274
2872,8,268,0.2883675992488861
2873,8,269,0.279335081577301
2874,8,270,0.3117366433143616
2875,8,271,0.24300649762153625
2876,8,272,0.3036258816719055
2877,8,273,0.2696722149848938
2878,8,274,0.2666993737220764
2879,8,275,0.28543832898139954
2880,8,276,0.2690870761871338
2881,8,277,0.2511720657348633
2882,8,278,0.3621731102466583
2883,8,279,0.2853454351425171
2884,8,280,0.2327551543712616
2885,8,281,0.25657039880752563
2886,8,282,0.4488576352596283
2887,8,283,0.2806791365146637
2888,8,284,0.2721107602119446
2889,8,285,0.26670581102371216
2890,8,286,0.2711685001850128
2891,8,287,0.2496270388364792
2892,8,288,0.3426121175289154
2893,8,289,0.273561954498291
2894,8,290,0.47490137815475464
2895,8,291,0.26142430305480957
2896,8,292,0.28719592094421387
2897,8,293,0.22054538130760193
2898,8,294,0.2954222559928894
2899,8,295,0.2867141366004944
2900,8,296,0.23796503245830536
2901,8,297,0.2746759057044983
2902,8,298,0.26247602701187134
2903,8,299,0.21966047585010529
2904,8,300,0.24570795893669128
2905,8,301,0.2956429421901703
2906,8,302,0.31205713748931885
2907,8,303,0.2814845144748688
2908,8,304,0.2741178870201111
2909,8,305,0.2372017651796341
2910,8,306,0.31872397661209106
2911,8,307,0.2850492298603058
2912,8,308,0.27934569120407104
2913,8,309,0.2624971270561218
2914,8,310,0.24180416762828827
2915,8,311,0.26977670192718506
2916,8,312,0.31073933839797974
2917,8,313,0.5224870443344116
2918,8,314,0.2911561131477356
2919,8,315,0.3063991069793701
2920,8,316,0.25001832842826843
2921,8,317,0.32364195585250854
2922,8,318,0.29239946603775024
2923,8,319,0.25520795583724976
2924,8,320,0.33238792419433594
2925,8,321,0.2545658349990845
2926,8,322,0.31997963786125183
2927,8,323,0.2732371985912323
2928,8,324,0.3791593015193939
2929,8,325,0.23130576312541962
2930,8,326,0.2581694722175598
2931,8,327,0.24852538108825684
2932,8,328,0.2347601354122162
2933,8,329,0.31547659635543823
2934,8,330,0.30896857380867004
2935,8,331,0.23357877135276794
2936,8,332,0.3297869563102722
2937,8,333,0.3729286193847656
2938,8,334,0.24834327399730682
2939,8,335,0.299724280834198
2940,8,336,0.2712703347206116
2941,8,337,0.2950769066810608
2942,8,338,0.2428981363773346
2943,8,339,0.2553984522819519
2944,8,340,0.25048038363456726
2945,8,341,0.296886146068573
2946,8,342,0.24684396386146545
2947,8,343,0.25115424394607544
2948,8,344,0.34049662947654724
2949,8,345,0.24145188927650452
2950,8,346,0.24253308773040771
2951,8,347,0.25336676836013794
2952,8,348,0.3235075771808624
2953,8,349,0.2741003632545471
2954,8,350,0.28982311487197876
2955,8,351,0.25632697343826294
2956,8,352,0.23726364970207214
2957,8,353,0.29621055722236633
2958,8,354,0.2491752654314041
2959,8,355,0.34025806188583374
2960,8,356,0.30769187211990356
2961,8,357,0.28460150957107544
2962,8,358,0.21043863892555237
2963,8,359,0.26074251532554626
2964,8,360,0.3285437524318695
2965,8,361,0.8030533790588379
2966,8,362,0.26336753368377686
2967,8,363,0.2841702997684479
2968,8,364,0.28238555788993835
2969,8,365,0.2566505968570709
2970,8,366,0.2931404709815979
2971,8,367,0.26339632272720337
2972,8,368,0.2700203061103821
2973,8,369,0.34232988953590393
2974,8,370,0.278042733669281
2975,8,371,0.2509569525718689
2976,8,372,0.2390460968017578
2977,9,1,0.2794873118400574
2978,9,2,0.2688412070274353
2979,9,3,0.340819776058197
2980,9,4,0.2980552613735199
2981,9,5,0.25407418608665466
2982,9,6,0.3147162199020386
2983,9,7,0.21296635270118713
2984,9,8,0.23264887928962708
2985,9,9,0.2554304599761963
2986,9,10,0.2628104090690613
2987,9,11,0.2979065775871277
2988,9,12,0.23585955798625946
2989,9,13,0.3381820321083069
2990,9,14,0.2226167470216751
2991,9,15,0.27971282601356506
2992,9,16,0.2451542317867279
2993,9,17,0.29885226488113403
2994,9,18,0.23299941420555115
2995,9,19,0.24909770488739014
2996,9,20,0.20820000767707825
2997,9,21,0.2853214144706726
2998,9,22,0.3595363199710846
2999,9,23,0.2530484199523926
3000,9,24,0.24650704860687256
3001,9,25,0.23214319348335266
3002,9,26,0.34140509366989136
3003,9,27,0.22707009315490723
3004,9,28,0.2566872239112854
3005,9,29,0.32643651962280273
3006,9,30,0.259843647480011
3007,9,31,0.252673864364624
3008,9,32,0.43423691391944885
3009,9,33,0.2724011540412903
3010,9,34,0.2655281126499176
3011,9,35,0.22526519000530243
3012,9,36,0.27963361144065857
3013,9,37,0.23772704601287842
3014,9,38,0.24498561024665833
3015,9,39,0.26575225591659546
3016,9,40,0.2561192214488983
3017,9,41,0.3133879601955414
3018,9,42,0.25137096643447876
3019,9,43,0.27340975403785706
3020,9,44,0.4997020363807678
3021,9,45,0.20571580529212952
3022,9,46,0.29876279830932617
3023,9,47,0.2458769530057907
3024,9,48,0.22359733283519745
3025,9,49,0.3009651005268097
3026,9,50,0.29003000259399414
3027,9,51,0.2557975649833679
3028,9,52,0.27558740973472595
3029,9,53,0.44783252477645874
3030,9,54,0.33504152297973633
3031,9,55,0.24373725056648254
3032,9,56,0.2803274393081665
3033,9,57,0.49302855134010315
3034,9,58,0.3846980333328247
3035,9,59,0.2531345784664154
3036,9,60,0.24828629195690155
3037,9,61,0.2599576711654663
3038,9,62,0.32139331102371216
3039,9,63,0.21207627654075623
3040,9,64,0.2734549641609192
3041,9,65,0.22597531974315643
3042,9,66,0.1999341994524002
3043,9,67,0.25227782130241394
3044,9,68,0.24415552616119385
3045,9,69,0.24282030761241913
3046,9,70,0.27585476636886597
3047,9,71,0.23795869946479797
3048,9,72,0.23286771774291992
3049,9,73,0.2316497266292572
3050,9,74,0.4005233645439148
3051,9,75,0.25505512952804565
3052,9,76,0.2431143969297409
3053,9,77,0.229371577501297
3054,9,78,0.27535480260849
3055,9,79,0.2825953960418701
3056,9,80,0.2940833866596222
3057,9,81,0.2879919111728668
3058,9,82,0.2560137212276459
3059,9,83,0.23866502940654755
3060,9,84,0.21568961441516876
3061,9,85,0.24056828022003174
3062,9,86,0.2556174695491791
3063,9,87,0.281433641910553
3064,9,88,0.22501811385154724
3065,9,89,0.2390420138835907
3066,9,90,0.2679651379585266
3067,9,91,0.2593209743499756
3068,9,92,0.27488160133361816
3069,9,93,0.37711113691329956
3070,9,94,0.25261998176574707
3071,9,95,0.23544025421142578
3072,9,96,0.2532653510570526
3073,9,97,0.2566511929035187
3074,9,98,0.2689024806022644
3075,9,99,0.21088914573192596
3076,9,100,0.26782768964767456
3077,9,101,0.26596373319625854
3078,9,102,0.27418744564056396
3079,9,103,0.3172382414340973
3080,9,104,0.28935542702674866
3081,9,105,0.24992886185646057
3082,9,106,0.31059154868125916
3083,9,107,0.24000144004821777
3084,9,108,0.29928338527679443
3085,9,109,0.2160555124282837
3086,9,110,0.26620298624038696
3087,9,111,0.28090745210647583
3088,9,112,0.3903842568397522
3089,9,113,0.33667486906051636
3090,9,114,0.21134409308433533
3091,9,115,0.22576935589313507
3092,9,116,0.27012771368026733
3093,9,117,0.267135888338089
3094,9,118,0.3525022864341736
3095,9,119,0.20629215240478516
3096,9,120,0.24686627089977264
3097,9,121,0.5029655694961548
3098,9,122,0.22695843875408173
3099,9,123,0.2404158115386963
3100,9,124,0.24061045050621033
3101,9,125,0.28621771931648254
3102,9,126,0.24533280730247498
3103,9,127,0.2893679440021515
3104,9,128,0.2903660535812378
3105,9,129,0.2501448690891266
3106,9,130,0.49072614312171936
3107,9,131,0.23442605137825012
3108,9,132,0.1903727650642395
3109,9,133,0.22814588248729706
3110,9,134,0.2708579897880554
3111,9,135,0.2273566722869873
3112,9,136,0.3065827488899231
3113,9,137,0.2382829636335373
3114,9,138,0.2855706810951233
3115,9,139,0.2425483912229538
3116,9,140,0.2660096287727356
3117,9,141,0.25335803627967834
3118,9,142,0.2329345941543579
3119,9,143,0.28749915957450867
3120,9,144,0.2560434341430664
3121,9,145,0.25341954827308655
3122,9,146,0.20607931911945343
3123,9,147,0.23653502762317657
3124,9,148,0.275966614484787
3125,9,149,0.2415168732404709
3126,9,150,0.2719132602214813
3127,9,151,0.23865433037281036
3128,9,152,0.24230055510997772
3129,9,153,0.27942752838134766
3130,9,154,0.24916668236255646
3131,9,155,0.2623159885406494
3132,9,156,0.24979941546916962
3133,9,157,0.2537386417388916
3134,9,158,0.22843706607818604
3135,9,159,0.23357391357421875
3136,9,160,0.2623599171638489
3137,9,161,0.3044113516807556
3138,9,162,0.25864964723587036
3139,9,163,0.2672185003757477
3140,9,164,0.30839699506759644
3141,9,165,0.2443428337574005
3142,9,166,0.2342652976512909
3143,9,167,0.25230953097343445
3144,9,168,0.23634465038776398
3145,9,169,0.2313365489244461
3146,9,170,0.2608327269554138
3147,9,171,0.3514416217803955
3148,9,172,0.2565470337867737
3149,9,173,0.2729603052139282
3150,9,174,0.22158566117286682
3151,9,175,0.3139585256576538
3152,9,176,0.2514471411705017
3153,9,177,0.21846692264080048
3154,9,178,0.20585942268371582
3155,9,179,0.22872212529182434
3156,9,180,0.2536364197731018
3157,9,181,0.28495877981185913
3158,9,182,0.2615830600261688
3159,9,183,0.2515941560268402
3160,9,184,0.26799970865249634
3161,9,185,0.22765247523784637
3162,9,186,0.25384238362312317
3163,9,187,0.24807140231132507
3164,9,188,0.21577253937721252
3165,9,189,0.2294754534959793
3166,9,190,0.23624882102012634
3167,9,191,0.28713664412498474
3168,9,192,0.281572550535202
3169,9,193,0.25802677869796753
3170,9,194,0.2599692940711975
3171,9,195,0.28489580750465393
3172,9,196,0.2306269407272339
3173,9,197,0.318472683429718
3174,9,198,0.2742416262626648
3175,9,199,0.25925108790397644
3176,9,200,0.31156885623931885
3177,9,201,0.33341389894485474
3178,9,202,0.22234365344047546
3179,9,203,0.2780793309211731
3180,9,204,0.26605015993118286
3181,9,205,0.2762737274169922
3182,9,206,0.25195854902267456
3183,9,207,0.2530519366264343
3184,9,208,0.2015792429447174
3185,9,209,0.22863057255744934
3186,9,210,0.2196163684129715
3187,9,211,0.23437707126140594
3188,9,212,0.20459893345832825
3189,9,213,0.2609170079231262
3190,9,214,0.26473671197891235
3191,9,215,0.2359957993030548
3192,9,216,0.22885775566101074
3193,9,217,0.2322200983762741
3194,9,218,0.25904709100723267
3195,9,219,0.3515680432319641
3196,9,220,0.20709891617298126
3197,9,221,0.2607000172138214
3198,9,222,0.20876184105873108
3199,9,223,0.25668251514434814
3200,9,224,0.2613675594329834
3201,9,225,0.2717270851135254
3202,9,226,0.22764305770397186
3203,9,227,0.25229644775390625
3204,9,228,0.28986138105392456
3205,9,229,0.28126293420791626
3206,9,230,0.22093209624290466
3207,9,231,0.23624256253242493
3208,9,232,0.26762309670448303
3209,9,233,0.22831515967845917
3210,9,234,0.29736241698265076
3211,9,235,0.23741492629051208
3212,9,236,0.28757715225219727
3213,9,237,0.2306746244430542
3214,9,238,0.2901599705219269
3215,9,239,0.20834919810295105
3216,9,240,0.24210329353809357
3217,9,241,0.2346344292163849
3218,9,242,0.2551131546497345
3219,9,243,0.2313278168439865
3220,9,244,0.24369409680366516
3221,9,245,0.24428780376911163
3222,9,246,0.26289820671081543
3223,9,247,0.25875887274742126
3224,9,248,0.22123833000659943
3225,9,249,0.3132883906364441
3226,9,250,0.2936360239982605
3227,9,251,0.3253849148750305
3228,9,252,0.3036727011203766
3229,9,253,0.23048436641693115
3230,9,254,0.26744091510772705
3231,9,255,0.4528518617153168
3232,9,256,0.23972241580486298
3233,9,257,0.2796581983566284
3234,9,258,0.2614046037197113
3235,9,259,0.3239864110946655
3236,9,260,0.24434582889080048
3237,9,261,0.20750880241394043
3238,9,262,0.20831570029258728
3239,9,263,0.22406959533691406
3240,9,264,0.26343339681625366
3241,9,265,0.28598731756210327
3242,9,266,0.2958642840385437
3243,9,267,0.2725212275981903
3244,9,268,0.2602830231189728
3245,9,269,0.3031587600708008
3246,9,270,0.24736031889915466
3247,9,271,0.22795160114765167
3248,9,272,0.2232888638973236
3249,9,273,0.2402288168668747
3250,9,274,0.41786760091781616
3251,9,275,0.24470719695091248
3252,9,276,0.2560204565525055
3253,9,277,0.2427578866481781
3254,9,278,0.202305406332016
3255,9,279,0.2620239853858948
3256,9,280,0.21656949818134308
3257,9,281,0.30788666009902954
3258,9,282,0.23075444996356964
3259,9,283,0.2400437593460083
3260,9,284,0.23156721889972687
3261,9,285,0.25384122133255005
3262,9,286,0.24400584399700165
3263,9,287,0.22157248854637146
3264,9,288,0.2193455696105957
3265,9,289,0.2550289034843445
3266,9,290,0.2350112646818161
3267,9,291,0.35650554299354553
3268,9,292,0.3427371084690094
3269,9,293,0.23224611580371857
3270,9,294,0.25764918327331543
3271,9,295,0.20065824687480927
3272,9,296,0.2251470535993576
3273,9,297,0.2636925280094147
3274,9,298,0.23327608406543732
3275,9,299,0.23140732944011688
3276,9,300,0.2604145407676697
3277,9,301,0.23664018511772156
3278,9,302,0.26630547642707825
3279,9,303,0.3225882351398468
3280,9,304,0.24842338263988495
3281,9,305,0.2675358057022095
3282,9,306,0.2812722325325012
3283,9,307,0.2667689919471741
3284,9,308,0.2781825661659241
3285,9,309,0.2018878161907196
3286,9,310,0.23496076464653015
3287,9,311,0.26213762164115906
3288,9,312,0.22744715213775635
3289,9,313,0.25198468565940857
3290,9,314,0.2344607412815094
3291,9,315,0.21404209733009338
3292,9,316,0.24063098430633545
3293,9,317,0.21722741425037384
3294,9,318,0.222035214304924
3295,9,319,0.2233993113040924
3296,9,320,0.24481789767742157
3297,9,321,0.2822245955467224
3298,9,322,0.27292492985725403
3299,9,323,0.2905047535896301
3300,9,324,0.27730709314346313
3301,9,325,0.2154006063938141
3302,9,326,0.23544199764728546
3303,9,327,0.24834421277046204
3304,9,328,0.2552405893802643
3305,9,329,0.2485089749097824
3306,9,330,0.23095718026161194
3307,9,331,0.26130032539367676
3308,9,332,0.27247998118400574
3309,9,333,0.286117285490036
3310,9,334,0.2794526219367981
3311,9,335,0.25266486406326294
3312,9,336,0.25683581829071045
3313,9,337,0.23771676421165466
3314,9,338,0.2282230406999588
3315,9,339,0.2577650547027588
3316,9,340,0.22452911734580994
3317,9,341,0.2678515613079071
3318,9,342,0.23227985203266144
3319,9,343,0.2667834162712097
3320,9,344,0.3159175217151642
3321,9,345,0.24897989630699158
3322,9,346,0.23029299080371857
3323,9,347,0.22048933804035187
3324,9,348,0.3105340003967285
3325,9,349,0.2370067536830902
3326,9,350,0.3050410747528076
3327,9,351,0.2788424491882324
3328,9,352,0.3306736350059509
3329,9,353,0.2865847945213318
3330,9,354,0.25846922397613525
3331,9,355,0.2615664005279541
3332,9,356,0.2844560146331787
3333,9,357,0.22531676292419434
3334,9,358,0.30054035782814026
3335,9,359,0.23841552436351776
3336,9,360,0.2496090680360794
3337,9,361,0.24403974413871765
3338,9,362,0.24260297417640686
3339,9,363,0.2524750828742981
3340,9,364,0.22777751088142395
3341,9,365,0.1934489905834198
3342,9,366,0.2379925698041916
3343,9,367,0.3476271331310272
3344,9,368,0.3505313992500305
3345,9,369,0.2497759312391281
3346,9,370,0.212651327252388
3347,9,371,0.25590816140174866
3348,9,372,0.25035661458969116
3349,10,1,0.239468052983284
3350,10,2,0.24743309617042542
3351,10,3,0.22269122302532196
3352,10,4,0.2508847117424011
3353,10,5,0.2564147710800171
3354,10,6,0.22963078320026398
3355,10,7,0.264585018157959
3356,10,8,0.2387506514787674
3357,10,9,0.3063913881778717
3358,10,10,0.29061323404312134
3359,10,11,0.2275291234254837
3360,10,12,0.21184062957763672
3361,10,13,0.30692118406295776
3362,10,14,0.23119249939918518
3363,10,15,0.2847234606742859
3364,10,16,0.28048333525657654
3365,10,17,0.2108369767665863
3366,10,18,0.2606651186943054
3367,10,19,0.2405690848827362
3368,10,20,0.25915786623954773
3369,10,21,0.24649174511432648
3370,10,22,0.24655234813690186
3371,10,23,0.22587767243385315
3372,10,24,0.21753385663032532
3373,10,25,0.2551756203174591
3374,10,26,0.23601707816123962
3375,10,27,0.2335144281387329
3376,10,28,0.31805700063705444
3377,10,29,0.19365696609020233
3378,10,30,0.20333394408226013
3379,10,31,0.27967697381973267
3380,10,32,0.22156783938407898
3381,10,33,0.2750798761844635
3382,10,34,0.27109676599502563
3383,10,35,0.271594375371933
3384,10,36,0.261893093585968
3385,10,37,0.23535144329071045
3386,10,38,0.2095821648836136
3387,10,39,0.20928430557250977
3388,10,40,0.2373327761888504
3389,10,41,0.23899610340595245
3390,10,42,0.20188990235328674
3391,10,43,0.23999209702014923
3392,10,44,0.2291492223739624
3393,10,45,0.24512097239494324
3394,10,46,0.26302772760391235
3395,10,47,0.2136557549238205
3396,10,48,0.20621053874492645
3397,10,49,0.2266823947429657
3398,10,50,0.23099026083946228
3399,10,51,0.25072166323661804
3400,10,52,0.22523024678230286
3401,10,53,0.25648829340934753
3402,10,54,0.25966113805770874
3403,10,55,0.26471617817878723
3404,10,56,0.2808688282966614
3405,10,57,0.23520950973033905
3406,10,58,0.2553313374519348
3407,10,59,0.23497752845287323
3408,10,60,0.21748879551887512
3409,10,61,0.24985480308532715
3410,10,62,0.3600615859031677
3411,10,63,0.23767311871051788
3412,10,64,0.31934648752212524
3413,10,65,0.3164471983909607
3414,10,66,0.268070787191391
3415,10,67,0.24597084522247314
3416,10,68,0.34777766466140747
3417,10,69,0.33922210335731506
3418,10,70,0.26559996604919434
3419,10,71,0.2050158977508545
3420,10,72,0.22884026169776917
3421,10,73,0.22024960815906525
3422,10,74,0.20139291882514954
3423,10,75,0.2187110185623169
3424,10,76,0.20642153918743134
3425,10,77,0.24625734984874725
3426,10,78,0.21439585089683533
3427,10,79,0.221121147274971
3428,10,80,0.24126498401165009
3429,10,81,0.22318010032176971
3430,10,82,0.241797536611557
3431,10,83,0.2583473026752472
3432,10,84,0.21559342741966248
3433,10,85,0.262096643447876
3434,10,86,0.20216397941112518
3435,10,87,0.2098052203655243
3436,10,88,0.19693727791309357
3437,10,89,0.21728257834911346
3438,10,90,0.2281568944454193
3439,10,91,0.19871488213539124
3440,10,92,0.25996869802474976
3441,10,93,0.23288078606128693
3442,10,94,0.2333560734987259
3443,10,95,0.26449689269065857
3444,10,96,0.2545211911201477
3445,10,97,0.2568924129009247
3446,10,98,0.26006656885147095
3447,10,99,0.24822326004505157
3448,10,100,0.2730725407600403
3449,10,101,0.3454267680644989
3450,10,102,0.22665727138519287
3451,10,103,0.23452618718147278
3452,10,104,0.2711251974105835
3453,10,105,0.44953101873397827
3454,10,106,0.3432287573814392
3455,10,107,0.21283483505249023
3456,10,108,0.22218184173107147
3457,10,109,0.24744179844856262
3458,10,110,0.2448192536830902
3459,10,111,0.28373417258262634
3460,10,112,0.25587108731269836
3461,10,113,0.2624633312225342
3462,10,114,0.2590470612049103
3463,10,115,0.2808551490306854
3464,10,116,0.23875081539154053
3465,10,117,0.23172517120838165
3466,10,118,0.21820545196533203
3467,10,119,0.2432059794664383
3468,10,120,0.21380667388439178
3469,10,121,0.261977881193161
3470,10,122,0.2513003945350647
3471,10,123,0.2483762800693512
3472,10,124,0.24811851978302002
3473,10,125,0.25799858570098877
3474,10,126,0.25473931431770325
3475,10,127,0.27810579538345337
3476,10,128,0.25260356068611145
3477,10,129,0.2704485356807709
3478,10,130,0.2190566509962082
3479,10,131,0.20929989218711853
3480,10,132,0.2815706431865692
3481,10,133,0.19721505045890808
3482,10,134,0.24245485663414001
3483,10,135,0.3436422348022461
3484,10,136,0.2535445988178253
3485,10,137,0.379142701625824
3486,10,138,0.21747510135173798
3487,10,139,0.3244544267654419
3488,10,140,0.2695962190628052
3489,10,141,0.2647070586681366
3490,10,142,0.2357744723558426
3491,10,143,0.26364701986312866
3492,10,144,0.23890499770641327
3493,10,145,0.23971518874168396
3494,10,146,0.2504032254219055
3495,10,147,0.20555007457733154
3496,10,148,0.2187894582748413
3497,10,149,0.2182517796754837
3498,10,150,0.23333807289600372
3499,10,151,0.2705004811286926
3500,10,152,0.24299320578575134
3501,10,153,0.332758367061615
3502,10,154,0.20730748772621155
3503,10,155,0.25036901235580444
3504,10,156,0.21355190873146057
3505,10,157,0.19693341851234436
3506,10,158,0.28991183638572693
3507,10,159,0.25555017590522766
3508,10,160,0.20144474506378174
3509,10,161,0.21743175387382507
3510,10,162,0.1862850785255432
3511,10,163,0.2257148027420044
3512,10,164,0.2185976207256317
3513,10,165,0.29696327447891235
3514,10,166,0.2135632485151291
3515,10,167,0.22562003135681152
3516,10,168,0.2315259426832199
3517,10,169,0.24703553318977356
3518,10,170,0.27193403244018555
3519,10,171,0.28040486574172974
3520,10,172,0.2548404633998871
3521,10,173,0.38119813799858093
3522,10,174,0.33876386284828186
3523,10,175,0.22079133987426758
3524,10,176,0.20248930156230927
3525,10,177,0.26038476824760437
3526,10,178,0.2333449423313141
3527,10,179,0.1932481825351715
3528,10,180,0.25953567028045654
3529,10,181,0.22772829234600067
3530,10,182,0.20324110984802246
3531,10,183,0.30633166432380676
3532,10,184,0.20458033680915833
3533,10,185,0.24532754719257355
3534,10,186,0.3199436366558075
3535,10,187,0.23006460070610046
3536,10,188,0.25914543867111206
3537,10,189,0.19221365451812744
3538,10,190,0.23206257820129395
3539,10,191,0.2259921282529831
3540,10,192,0.29827412962913513
3541,10,193,0.24886378645896912
3542,10,194,0.20507864654064178
3543,10,195,0.2408401221036911
3544,10,196,0.1937052607536316
3545,10,197,0.2883101999759674
3546,10,198,0.26893073320388794
3547,10,199,0.18935443460941315
3548,10,200,0.19138191640377045
3549,10,201,0.22602839767932892
3550,10,202,0.2582242488861084
3551,10,203,0.2639884650707245
3552,10,204,0.2299812138080597
3553,10,205,0.2079509198665619
3554,10,206,0.1957603394985199
3555,10,207,0.2360784262418747
3556,10,208,0.2465583086013794
3557,10,209,0.23931768536567688
3558,10,210,0.21487531065940857
3559,10,211,0.20492298901081085
3560,10,212,0.2394227236509323
3561,10,213,0.28384652733802795
3562,10,214,0.2566295266151428
3563,10,215,0.2850164771080017
3564,10,216,0.2525786757469177
3565,10,217,0.285847008228302
3566,10,218,0.24508920311927795
3567,10,219,0.23143550753593445
3568,10,220,0.24220292270183563
3569,10,221,0.23928038775920868
3570,10,222,0.266427606344223
3571,10,223,0.22304077446460724
3572,10,224,0.31514424085617065
3573,10,225,0.2307024896144867
3574,10,226,0.23434045910835266
3575,10,227,0.2402520626783371
3576,10,228,0.24921493232250214
3577,10,229,0.22398118674755096
3578,10,230,0.20777097344398499
3579,10,231,0.27279287576675415
3580,10,232,0.2868129312992096
3581,10,233,0.2355044186115265
3582,10,234,0.38036149740219116
3583,10,235,0.17649443447589874
3584,10,236,0.242909237742424
3585,10,237,0.22839215397834778
3586,10,238,0.23135881125926971
3587,10,239,0.24395394325256348
3588,10,240,0.23999521136283875
3589,10,241,0.23121730983257294
3590,10,242,0.20718078315258026
3591,10,243,0.27149608731269836
3592,10,244,0.252501904964447
3593,10,245,0.2204529047012329
3594,10,246,0.2373766154050827
3595,10,247,0.29666346311569214
3596,10,248,0.22819547355175018
3597,10,249,0.24496321380138397
3598,10,250,0.22596606612205505
3599,10,251,0.23860573768615723
3600,10,252,0.25606417655944824
3601,10,253,0.4539712369441986
3602,10,254,0.24113507568836212
3603,10,255,0.24783983826637268
3604,10,256,0.4139638841152191
3605,10,257,0.24401342868804932
3606,10,258,0.2693631052970886
3607,10,259,0.2405947893857956
3608,10,260,0.2374805510044098
3609,10,261,0.2477644383907318
3610,10,262,0.21864624321460724
3611,10,263,0.20058207213878632
3612,10,264,0.26324379444122314
3613,10,265,0.2896159291267395
3614,10,266,0.21458017826080322
3615,10,267,0.26322808861732483
3616,10,268,0.23633317649364471
3617,10,269,0.24487391114234924
3618,10,270,0.35981565713882446
3619,10,271,0.27697548270225525
3620,10,272,0.2905701994895935
3621,10,273,0.20518836379051208
3622,10,274,0.2400072067975998
3623,10,275,0.2135625183582306
3624,10,276,0.24218276143074036
3625,10,277,0.21766340732574463
3626,10,278,0.2170434296131134
3627,10,279,0.2501121163368225
3628,10,280,0.23311981558799744
3629,10,281,0.22980034351348877
3630,10,282,0.2670036852359772
3631,10,283,0.2516060769557953
3632,10,284,0.20769985020160675
3633,10,285,0.2723802924156189
3634,10,286,0.2718059718608856
3635,10,287,0.21420693397521973
3636,10,288,0.21371960639953613
3637,10,289,0.2688618004322052
3638,10,290,0.19907450675964355
3639,10,291,0.2946850657463074
3640,10,292,0.19724999368190765
3641,10,293,0.2331707775592804
3642,10,294,0.27245354652404785
3643,10,295,0.274932324886322
3644,10,296,0.2707962393760681
3645,10,297,0.2141716033220291
3646,10,298,0.2997981011867523
3647,10,299,0.25538116693496704
3648,10,300,0.21318379044532776
3649,10,301,0.21428987383842468
3650,10,302,0.2690521776676178
3651,10,303,0.24729545414447784
3652,10,304,0.24771670997142792
3653,10,305,0.25957879424095154
3654,10,306,0.20389051735401154
3655,10,307,0.2730657160282135
3656,10,308,0.21967951953411102
3657,10,309,0.227288156747818
3658,10,310,0.24366697669029236
3659,10,311,0.2749330699443817
3660,10,312,0.18599626421928406
3661,10,313,0.21691012382507324
3662,10,314,0.2231021374464035
3663,10,315,0.2304883748292923
3664,10,316,0.3129965364933014
3665,10,317,0.21137888729572296
3666,10,318,0.21649816632270813
3667,10,319,0.2516403794288635
3668,10,320,0.22700004279613495
3669,10,321,0.24378602206707
3670,10,322,0.24251869320869446
3671,10,323,0.25559550523757935
3672,10,324,0.20278680324554443
3673,10,325,0.23602966964244843
3674,10,326,0.2530940771102905
3675,10,327,0.2211715281009674
3676,10,328,0.2883602976799011
3677,10,329,0.26365354657173157
3678,10,330,0.2015703171491623
3679,10,331,0.22538217902183533
3680,10,332,0.44835638999938965
3681,10,333,0.3036819100379944
3682,10,334,0.20366179943084717
3683,10,335,0.1966560184955597
3684,10,336,0.25391438603401184
3685,10,337,0.2216988354921341
3686,10,338,0.2101052701473236
3687,10,339,0.24653632938861847
3688,10,340,0.19842925667762756
3689,10,341,0.28201574087142944
3690,10,342,0.2687353193759918
3691,10,343,0.3229444622993469
3692,10,344,0.1984766274690628
3693,10,345,0.2207975685596466
3694,10,346,0.21697501838207245
3695,10,347,0.22836098074913025
3696,10,348,0.20520810782909393
3697,10,349,0.27366557717323303
3698,10,350,0.22698943316936493
3699,10,351,0.262191504240036
3700,10,352,0.23999540507793427
3701,10,353,0.20726163685321808
3702,10,354,0.322887659072876
3703,10,355,0.21803784370422363
3704,10,356,0.22595040500164032
3705,10,357,0.18081733584403992
3706,10,358,0.1994301825761795
3707,10,359,0.21626250445842743
3708,10,360,0.2149103432893753
3709,10,361,0.2261299192905426
3710,10,362,0.23293617367744446
3711,10,363,0.33130377531051636
3712,10,364,0.19068767130374908
3713,10,365,0.2688600420951843
3714,10,366,0.23393245041370392
3715,10,367,0.25728854537010193
3716,10,368,0.2595749497413635
3717,10,369,0.2532055079936981
3718,10,370,0.22430512309074402
3719,10,371,0.27621716260910034
3720,10,372,0.19739960134029388
