global_step,epoch,batch,train_loss
1,1,1,3.4750030040740967
2,1,2,3.4327683448791504
3,1,3,3.477839231491089
4,1,4,3.290250301361084
5,1,5,3.2021870613098145
6,1,6,3.263873338699341
7,1,7,3.1651833057403564
8,1,8,3.137554168701172
9,1,9,3.0435147285461426
10,1,10,2.899256944656372
11,1,11,2.928135633468628
12,1,12,2.972649335861206
13,1,13,2.8205180168151855
14,1,14,2.8448996543884277
15,1,15,2.686554431915283
16,1,16,2.6346607208251953
17,1,17,2.662163734436035
18,1,18,2.605003595352173
19,1,19,2.575892925262451
20,1,20,2.4270291328430176
21,1,21,2.600222110748291
22,1,22,2.3778650760650635
23,1,23,2.5112171173095703
24,1,24,2.45998215675354
25,1,25,2.3667120933532715
26,1,26,2.3241097927093506
27,1,27,2.2025628089904785
28,1,28,2.125913619995117
29,1,29,2.1864399909973145
30,1,30,2.0492758750915527
31,1,31,1.908376693725586
32,1,32,2.2258682250976562
33,1,33,2.1193370819091797
34,1,34,2.3184702396392822
35,1,35,2.2065625190734863
36,1,36,2.0558016300201416
37,1,37,2.0013701915740967
38,1,38,1.7363487482070923
39,1,39,1.7459226846694946
40,1,40,1.6637051105499268
41,1,41,1.8979816436767578
42,1,42,1.8227132558822632
43,1,43,1.7890729904174805
44,1,44,1.6177444458007812
45,1,45,1.7958732843399048
46,1,46,2.080429792404175
47,1,47,1.7236270904541016
48,1,48,1.3802430629730225
49,1,49,1.347951054573059
50,1,50,1.4581124782562256
51,1,51,1.5770223140716553
52,1,52,1.6388120651245117
53,1,53,1.618591070175171
54,1,54,1.4678466320037842
55,1,55,1.4654479026794434
56,1,56,1.5091854333877563
57,1,57,1.6705204248428345
58,1,58,1.5810859203338623
59,1,59,1.4245294332504272
60,1,60,1.2024576663970947
61,1,61,1.3978132009506226
62,1,62,1.3024872541427612
63,1,63,1.4043948650360107
64,1,64,1.7091331481933594
65,1,65,1.243914008140564
66,1,66,1.3385403156280518
67,1,67,1.1559815406799316
68,1,68,1.4055224657058716
69,1,69,1.158113718032837
70,1,70,1.4238885641098022
71,1,71,1.6784274578094482
72,1,72,1.2903038263320923
73,1,73,1.2780139446258545
74,1,74,1.0574871301651
75,1,75,1.0949418544769287
76,1,76,1.2038400173187256
77,1,77,1.055897831916809
78,1,78,1.3272056579589844
79,1,79,1.151378870010376
80,1,80,1.1902198791503906
81,1,81,1.0677082538604736
82,1,82,1.1784652471542358
83,1,83,1.4160585403442383
84,1,84,1.2422226667404175
85,1,85,1.0530844926834106
86,1,86,1.1483103036880493
87,1,87,1.2072780132293701
88,1,88,1.0910636186599731
89,1,89,1.148202657699585
90,1,90,1.0862212181091309
91,1,91,0.9973469972610474
92,1,92,1.263773798942566
93,1,93,1.0135223865509033
94,1,94,1.021856665611267
95,1,95,1.1719000339508057
96,1,96,1.1869175434112549
97,1,97,1.013293981552124
98,1,98,1.2044556140899658
99,1,99,1.0999648571014404
100,1,100,0.9947946667671204
101,1,101,1.1726325750350952
102,1,102,1.1168639659881592
103,1,103,0.9413469433784485
104,1,104,0.9871526956558228
105,1,105,1.0699493885040283
106,1,106,1.206703543663025
107,1,107,0.8646346926689148
108,1,108,1.1284129619598389
109,1,109,1.1529686450958252
110,1,110,1.057138204574585
111,1,111,0.9417837262153625
112,1,112,0.7756803631782532
113,1,113,0.9408429861068726
114,1,114,1.1401606798171997
115,1,115,1.1435140371322632
116,1,116,0.909170925617218
117,1,117,0.91581791639328
118,1,118,1.0881078243255615
119,1,119,1.0170447826385498
120,1,120,1.009885549545288
121,1,121,0.9356897473335266
122,1,122,0.8436542749404907
123,1,123,0.9321321249008179
124,1,124,0.9797131419181824
125,1,125,1.0525298118591309
126,1,126,1.1053491830825806
127,1,127,0.908440887928009
128,1,128,0.892556369304657
129,1,129,0.9990624189376831
130,1,130,0.8625723123550415
131,1,131,0.830001175403595
132,1,132,0.9612549543380737
133,1,133,0.9371288418769836
134,1,134,0.7697256803512573
135,1,135,0.7786165475845337
136,1,136,0.9214086532592773
137,1,137,0.9757537841796875
138,1,138,0.859927773475647
139,1,139,1.020124912261963
140,1,140,0.9124504923820496
141,1,141,1.0253046751022339
142,1,142,0.8875476121902466
143,1,143,0.8660396337509155
144,1,144,0.7529047727584839
145,1,145,1.1091195344924927
146,1,146,0.9157689213752747
147,1,147,0.8702932596206665
148,1,148,1.1158603429794312
149,1,149,0.8802295923233032
150,1,150,0.937242865562439
151,1,151,1.0899852514266968
152,1,152,0.8201406598091125
153,1,153,0.6576676964759827
154,1,154,0.977013885974884
155,1,155,0.8188473582267761
156,1,156,0.857807993888855
157,1,157,0.8589211702346802
158,1,158,0.9689785838127136
159,1,159,0.9232152700424194
160,1,160,1.055281400680542
161,1,161,0.8974307179450989
162,1,162,0.9659847021102905
163,1,163,0.6292142271995544
164,1,164,0.7191910743713379
165,1,165,0.9772650599479675
166,1,166,0.8026286363601685
167,1,167,1.1762433052062988
168,1,168,0.8153408765792847
169,1,169,0.8536497354507446
170,1,170,0.8074086904525757
171,1,171,0.9535261392593384
172,1,172,0.7675523161888123
173,1,173,1.2292066812515259
174,1,174,0.8606122732162476
175,1,175,0.7553633451461792
176,1,176,0.7593125104904175
177,1,177,0.746340811252594
178,1,178,0.822544276714325
179,1,179,0.8925763964653015
180,1,180,0.7183580994606018
181,1,181,0.7251366376876831
182,1,182,0.7906671166419983
183,1,183,0.7465617060661316
184,1,184,0.9481209516525269
185,1,185,0.7960740327835083
186,1,186,1.0099742412567139
187,1,187,0.7945507764816284
188,1,188,1.035616159439087
189,1,189,0.957668662071228
190,1,190,1.2269017696380615
191,1,191,0.7932159304618835
192,1,192,1.1021305322647095
193,1,193,0.8192429542541504
194,1,194,0.7536593079566956
195,1,195,0.9598393440246582
196,1,196,1.0844786167144775
197,1,197,0.8287727236747742
198,1,198,0.7916514277458191
199,1,199,0.8008137941360474
200,1,200,0.7877776026725769
201,1,201,0.8044783473014832
202,1,202,0.7938885688781738
203,1,203,0.7579419016838074
204,1,204,1.1488816738128662
205,1,205,0.6761929988861084
206,1,206,0.7079895734786987
207,1,207,0.740976095199585
208,1,208,0.7936196327209473
209,1,209,0.6594690084457397
210,1,210,0.777053713798523
211,1,211,0.8958078622817993
212,1,212,0.8977376222610474
213,1,213,0.7540096640586853
214,1,214,0.6842541098594666
215,1,215,0.7204383015632629
216,1,216,0.781493604183197
217,1,217,0.7193761467933655
218,1,218,0.9404117465019226
219,1,219,0.5637438893318176
220,1,220,0.7843286991119385
221,1,221,0.5572922825813293
222,1,222,0.7215670347213745
223,1,223,0.8204611539840698
224,1,224,0.6466907262802124
225,1,225,0.6656109094619751
226,1,226,0.7941440939903259
227,1,227,0.7823383212089539
228,1,228,0.8667764663696289
229,1,229,0.633356511592865
230,1,230,0.815832257270813
231,1,231,0.7133818864822388
232,1,232,0.6878471374511719
233,1,233,0.9301263689994812
234,1,234,0.6368414163589478
235,1,235,0.7201389670372009
236,1,236,0.7926020622253418
237,1,237,0.66227126121521
238,1,238,0.7756165862083435
239,1,239,0.7315889000892639
240,1,240,0.93798828125
241,1,241,0.6523703336715698
242,1,242,1.0871007442474365
243,1,243,0.8332222104072571
244,1,244,0.9199574589729309
245,1,245,0.7898420095443726
246,1,246,0.9625042676925659
247,1,247,0.7487026453018188
248,1,248,0.7250570058822632
249,1,249,0.6870604157447815
250,1,250,0.6472336053848267
251,1,251,0.7027223110198975
252,1,252,0.7282589673995972
253,1,253,0.6102070212364197
254,1,254,0.8011823892593384
255,1,255,0.5391403436660767
256,1,256,0.6497490406036377
257,1,257,0.7808347940444946
258,1,258,0.7923835515975952
259,1,259,0.7649160623550415
260,1,260,0.6020487546920776
261,1,261,0.4930134415626526
262,1,262,0.7041154503822327
263,1,263,0.6685076951980591
264,1,264,0.8784497976303101
265,1,265,0.5871888399124146
266,1,266,0.7261808514595032
267,1,267,0.7189537882804871
268,1,268,0.7140582799911499
269,1,269,0.645126223564148
270,1,270,0.7532439231872559
271,1,271,0.653480589389801
272,1,272,0.5981661081314087
273,1,273,0.6604416966438293
274,1,274,0.7748681902885437
275,1,275,0.7941533327102661
276,1,276,0.7270933985710144
277,1,277,0.6755019426345825
278,1,278,0.7314153909683228
279,1,279,0.6005796194076538
280,1,280,0.5697342157363892
281,1,281,0.7160887122154236
282,1,282,0.5183748006820679
283,1,283,0.7062782049179077
284,1,284,0.7230334877967834
285,1,285,0.648451030254364
286,1,286,0.5708985328674316
287,1,287,1.033313274383545
288,1,288,0.9614999890327454
289,1,289,0.560055136680603
290,1,290,0.7976078987121582
291,1,291,0.749900221824646
292,1,292,0.5812820196151733
293,1,293,0.6584284901618958
294,1,294,0.6416701674461365
295,1,295,0.48512139916419983
296,1,296,0.655075192451477
297,1,297,0.8066132664680481
298,1,298,0.6347473859786987
299,1,299,0.6048073768615723
300,1,300,0.5847825407981873
301,1,301,0.5486249923706055
302,1,302,0.6238554120063782
303,1,303,0.6975579261779785
304,1,304,0.6574413180351257
305,1,305,0.8782699704170227
306,1,306,0.6760649681091309
307,1,307,0.6322425007820129
308,1,308,0.6053881049156189
309,1,309,0.6102572083473206
310,1,310,0.8737183809280396
311,1,311,0.5000974535942078
312,1,312,0.6561704874038696
313,1,313,0.6861564517021179
314,1,314,0.6569817066192627
315,1,315,0.6189557313919067
316,1,316,0.6425549983978271
317,1,317,0.6181132793426514
318,1,318,0.520211398601532
319,1,319,0.6066550016403198
320,1,320,0.5716878771781921
321,1,321,0.5243910551071167
322,1,322,0.5455081462860107
323,1,323,0.6853398084640503
324,1,324,0.5088210701942444
325,1,325,0.6170414686203003
326,1,326,0.6958774328231812
327,1,327,0.6430583596229553
328,1,328,0.6138116121292114
329,1,329,0.5582232475280762
330,1,330,0.6005938053131104
331,1,331,0.6524335741996765
332,1,332,0.6253753304481506
333,1,333,0.6501757502555847
334,1,334,0.5592440366744995
335,1,335,0.6998679041862488
336,1,336,0.7077831029891968
337,1,337,0.648530900478363
338,1,338,0.6414439082145691
339,1,339,0.605357825756073
340,1,340,0.6354549527168274
341,1,341,0.6431366205215454
342,1,342,0.6287294030189514
343,1,343,0.7087807059288025
344,1,344,0.7643110752105713
345,1,345,0.6496250629425049
346,1,346,0.6427276730537415
347,1,347,0.7479656338691711
348,1,348,0.5089994072914124
349,1,349,0.55445796251297
350,1,350,0.6412171125411987
351,1,351,0.6430554986000061
352,1,352,0.6061334013938904
353,1,353,0.7168319821357727
354,1,354,0.6852513551712036
355,1,355,0.8195929527282715
356,1,356,0.9449073076248169
357,1,357,0.6809777617454529
358,1,358,0.6960326433181763
359,1,359,0.5481542944908142
360,1,360,0.6302696466445923
361,1,361,0.5919183492660522
362,1,362,0.6247358918190002
363,1,363,0.6679989099502563
364,1,364,0.4865913391113281
365,1,365,0.6570955514907837
366,1,366,0.5070241689682007
367,1,367,0.6995893716812134
368,1,368,0.7608915567398071
369,1,369,0.6970396637916565
370,1,370,0.6360654234886169
371,1,371,0.5617685914039612
372,1,372,0.7691701054573059
373,2,1,0.5453757047653198
374,2,2,0.6427178978919983
375,2,3,0.9378856420516968
376,2,4,0.5381380319595337
377,2,5,0.512798547744751
378,2,6,0.588228166103363
379,2,7,0.4611681401729584
380,2,8,0.57502281665802
381,2,9,0.5791768431663513
382,2,10,0.5126620531082153
383,2,11,0.4477427005767822
384,2,12,0.6434777975082397
385,2,13,0.4930940270423889
386,2,14,0.6766689419746399
387,2,15,0.5926281809806824
388,2,16,0.6549078226089478
389,2,17,0.5288196802139282
390,2,18,0.5544061660766602
391,2,19,0.6475251317024231
392,2,20,0.5870705246925354
393,2,21,0.6244231462478638
394,2,22,0.5031656622886658
395,2,23,0.5512591600418091
396,2,24,0.5658800601959229
397,2,25,0.5287151336669922
398,2,26,0.46949854493141174
399,2,27,0.5534948110580444
400,2,28,0.8316203951835632
401,2,29,0.584331214427948
402,2,30,0.5756476521492004
403,2,31,0.5639399886131287
404,2,32,0.5947460532188416
405,2,33,0.5450647473335266
406,2,34,0.5120455026626587
407,2,35,0.6540047526359558
408,2,36,0.7403520345687866
409,2,37,0.5394872426986694
410,2,38,0.5229748487472534
411,2,39,0.4835394322872162
412,2,40,0.4567924439907074
413,2,41,0.6038397550582886
414,2,42,0.5767783522605896
415,2,43,0.49232301115989685
416,2,44,0.5257088541984558
417,2,45,0.6899932622909546
418,2,46,0.593548059463501
419,2,47,0.5550357103347778
420,2,48,0.5816569924354553
421,2,49,0.5670335292816162
422,2,50,0.5989245176315308
423,2,51,0.4953644275665283
424,2,52,0.6239988207817078
425,2,53,0.48465555906295776
426,2,54,0.6899678111076355
427,2,55,0.5228949189186096
428,2,56,0.48402005434036255
429,2,57,0.6721107959747314
430,2,58,0.6509218811988831
431,2,59,0.635278582572937
432,2,60,0.6028885245323181
433,2,61,0.5882365107536316
434,2,62,0.6892842054367065
435,2,63,0.5562779903411865
436,2,64,0.6775646209716797
437,2,65,0.6954580545425415
438,2,66,0.5557342767715454
439,2,67,0.5478541851043701
440,2,68,0.5789429545402527
441,2,69,0.9622753262519836
442,2,70,0.5547805428504944
443,2,71,0.5429068207740784
444,2,72,0.5554949045181274
445,2,73,0.5161707401275635
446,2,74,0.6569574475288391
447,2,75,0.6609413623809814
448,2,76,0.4848616123199463
449,2,77,0.5400003790855408
450,2,78,0.526659369468689
451,2,79,0.5426275134086609
452,2,80,0.5670848488807678
453,2,81,0.4958192706108093
454,2,82,0.528564453125
455,2,83,0.5481405854225159
456,2,84,0.41275811195373535
457,2,85,0.6531457901000977
458,2,86,0.5059187412261963
459,2,87,0.6802554726600647
460,2,88,0.7380580306053162
461,2,89,0.668079674243927
462,2,90,0.5483745336532593
463,2,91,0.9446349143981934
464,2,92,0.535688579082489
465,2,93,0.598040759563446
466,2,94,0.5029726624488831
467,2,95,0.5693267583847046
468,2,96,0.5894294381141663
469,2,97,0.48393329977989197
470,2,98,0.4277661442756653
471,2,99,0.5566495656967163
472,2,100,0.6024014353752136
473,2,101,0.5860459208488464
474,2,102,0.5855162143707275
475,2,103,0.5165807008743286
476,2,104,0.5308871269226074
477,2,105,0.5175410509109497
478,2,106,0.48411425948143005
479,2,107,0.579525351524353
480,2,108,0.5077699422836304
481,2,109,0.6890102624893188
482,2,110,0.47844403982162476
483,2,111,0.49776315689086914
484,2,112,0.4702511727809906
485,2,113,0.42155200242996216
486,2,114,0.5657928586006165
487,2,115,0.41857966780662537
488,2,116,0.5032949447631836
489,2,117,0.6143506765365601
490,2,118,0.5697189569473267
491,2,119,0.5473146438598633
492,2,120,0.46980780363082886
493,2,121,0.5527784824371338
494,2,122,0.6131642460823059
495,2,123,0.48799729347229004
496,2,124,0.42831340432167053
497,2,125,0.6357768774032593
498,2,126,0.6018375754356384
499,2,127,0.5709323883056641
500,2,128,0.5297649502754211
501,2,129,0.4749367833137512
502,2,130,0.6533273458480835
503,2,131,0.45530399680137634
504,2,132,0.6926767230033875
505,2,133,0.5042716264724731
506,2,134,0.5073755383491516
507,2,135,0.6040017604827881
508,2,136,0.7528072595596313
509,2,137,0.6264142394065857
510,2,138,0.601065993309021
511,2,139,0.9655126333236694
512,2,140,0.5665850639343262
513,2,141,0.414593368768692
514,2,142,0.6685009002685547
515,2,143,0.5411994457244873
516,2,144,0.554430365562439
517,2,145,0.5829852223396301
518,2,146,0.5998212099075317
519,2,147,0.575596034526825
520,2,148,0.49736347794532776
521,2,149,0.5885792970657349
522,2,150,0.5265264511108398
523,2,151,0.5644439458847046
524,2,152,0.7790191769599915
525,2,153,0.690977931022644
526,2,154,0.5563140511512756
527,2,155,0.6136548519134521
528,2,156,0.5720595717430115
529,2,157,0.5272669792175293
530,2,158,0.4525178372859955
531,2,159,0.9468845129013062
532,2,160,0.5360044240951538
533,2,161,0.4693877100944519
534,2,162,0.5024445652961731
535,2,163,0.5740209817886353
536,2,164,0.7538996934890747
537,2,165,0.5458073019981384
538,2,166,0.5325383543968201
539,2,167,0.6153530478477478
540,2,168,0.5819577574729919
541,2,169,0.46504607796669006
542,2,170,0.481891930103302
543,2,171,0.5560474991798401
544,2,172,0.5679899454116821
545,2,173,0.5034977793693542
546,2,174,0.5883601903915405
547,2,175,0.4493486285209656
548,2,176,0.5446972846984863
549,2,177,0.5430563688278198
550,2,178,0.5590697526931763
551,2,179,0.4446229040622711
552,2,180,0.45609837770462036
553,2,181,0.5500589609146118
554,2,182,0.9311545491218567
555,2,183,0.4714234471321106
556,2,184,0.4758440852165222
557,2,185,0.5348657965660095
558,2,186,0.5005033612251282
559,2,187,0.3979814350605011
560,2,188,0.5444066524505615
561,2,189,0.535615086555481
562,2,190,0.5118147730827332
563,2,191,0.5069704651832581
564,2,192,0.459230899810791
565,2,193,0.5096593499183655
566,2,194,0.4595367908477783
567,2,195,0.47769466042518616
568,2,196,0.4115443825721741
569,2,197,0.5576431155204773
570,2,198,0.4610038697719574
571,2,199,0.4910081923007965
572,2,200,0.505294144153595
573,2,201,0.4198015332221985
574,2,202,0.42918092012405396
575,2,203,0.5451556444168091
576,2,204,0.48783522844314575
577,2,205,0.6068348288536072
578,2,206,0.5762332677841187
579,2,207,0.41996797919273376
580,2,208,0.4648467004299164
581,2,209,0.43905672430992126
582,2,210,0.5005301237106323
583,2,211,0.5007425546646118
584,2,212,0.4469096064567566
585,2,213,0.4777918756008148
586,2,214,0.6493454575538635
587,2,215,0.4141075611114502
588,2,216,0.5948895215988159
589,2,217,0.4564287066459656
590,2,218,0.5715843439102173
591,2,219,0.3787209391593933
592,2,220,0.5192109942436218
593,2,221,0.45282721519470215
594,2,222,0.7594978213310242
595,2,223,0.45673736929893494
596,2,224,0.4114786982536316
597,2,225,0.582123875617981
598,2,226,0.45634132623672485
599,2,227,0.4730401933193207
600,2,228,0.6439645290374756
601,2,229,0.45921286940574646
602,2,230,0.4497759938240051
603,2,231,0.40086570382118225
604,2,232,0.5587239861488342
605,2,233,0.45796117186546326
606,2,234,0.4283556044101715
607,2,235,0.8076109886169434
608,2,236,0.4562181532382965
609,2,237,0.5569775700569153
610,2,238,0.6412100195884705
611,2,239,0.6103261113166809
612,2,240,0.49458926916122437
613,2,241,0.4902885854244232
614,2,242,0.43715953826904297
615,2,243,0.5010486841201782
616,2,244,0.5745047330856323
617,2,245,0.6294282078742981
618,2,246,0.43759584426879883
619,2,247,0.7044681310653687
620,2,248,0.4715745449066162
621,2,249,0.5949071645736694
622,2,250,0.4476240277290344
623,2,251,0.4862299859523773
624,2,252,0.5139471888542175
625,2,253,0.4255429208278656
626,2,254,0.5262168049812317
627,2,255,0.4198238253593445
628,2,256,0.5333107709884644
629,2,257,0.6835468411445618
630,2,258,0.4491489827632904
631,2,259,0.4088786244392395
632,2,260,0.4149751663208008
633,2,261,0.5283488035202026
634,2,262,0.42264413833618164
635,2,263,0.4957944452762604
636,2,264,0.48911723494529724
637,2,265,0.49229660630226135
638,2,266,0.4509105682373047
639,2,267,0.43695706129074097
640,2,268,0.5930145978927612
641,2,269,0.5011513233184814
642,2,270,0.48541441559791565
643,2,271,0.48086899518966675
644,2,272,0.4660082757472992
645,2,273,0.47047853469848633
646,2,274,0.6821659803390503
647,2,275,0.6239544749259949
648,2,276,0.5819885730743408
649,2,277,0.48018258810043335
650,2,278,0.5821914672851562
651,2,279,0.5116947293281555
652,2,280,0.47264590859413147
653,2,281,0.5445096492767334
654,2,282,0.5404506325721741
655,2,283,1.037021517753601
656,2,284,0.4583002030849457
657,2,285,0.5126027464866638
658,2,286,0.44620370864868164
659,2,287,0.4645467698574066
660,2,288,0.8791548013687134
661,2,289,0.44820746779441833
662,2,290,0.4630087912082672
663,2,291,0.4789051413536072
664,2,292,0.3767312169075012
665,2,293,0.39703401923179626
666,2,294,0.4612821042537689
667,2,295,0.48107585310935974
668,2,296,0.5028486847877502
669,2,297,0.4701010286808014
670,2,298,0.5652504563331604
671,2,299,0.45408955216407776
672,2,300,0.3924214839935303
673,2,301,0.4501307010650635
674,2,302,0.4834560453891754
675,2,303,0.49544376134872437
676,2,304,0.5710665583610535
677,2,305,0.4917620122432709
678,2,306,0.4068097472190857
679,2,307,0.38986271619796753
680,2,308,0.9814932942390442
681,2,309,0.5376182794570923
682,2,310,0.4195265769958496
683,2,311,0.5353835225105286
684,2,312,0.41220688819885254
685,2,313,0.43433815240859985
686,2,314,0.4655033051967621
687,2,315,0.3841496706008911
688,2,316,0.5071245431900024
689,2,317,0.41407379508018494
690,2,318,0.48702096939086914
691,2,319,0.6625394821166992
692,2,320,0.5527350902557373
693,2,321,0.5395722985267639
694,2,322,0.451460063457489
695,2,323,0.41586795449256897
696,2,324,0.41235852241516113
697,2,325,0.4999222159385681
698,2,326,0.5424150228500366
699,2,327,0.4270683825016022
700,2,328,0.5351934432983398
701,2,329,0.48630890250205994
702,2,330,0.5027567744255066
703,2,331,0.45446187257766724
704,2,332,0.7731844186782837
705,2,333,0.4317467212677002
706,2,334,0.4789603650569916
707,2,335,0.4920276999473572
708,2,336,0.4865427017211914
709,2,337,0.43398934602737427
710,2,338,0.5879863500595093
711,2,339,0.43279752135276794
712,2,340,0.4689553678035736
713,2,341,0.41636815667152405
714,2,342,0.5230501890182495
715,2,343,0.5172480344772339
716,2,344,0.42372044920921326
717,2,345,0.5426921844482422
718,2,346,0.4614352285861969
719,2,347,0.42797690629959106
720,2,348,0.4589308202266693
721,2,349,0.47962769865989685
722,2,350,0.3731744587421417
723,2,351,0.5322970151901245
724,2,352,0.4885731637477875
725,2,353,0.4379445016384125
726,2,354,0.5899909734725952
727,2,355,0.5807598233222961
728,2,356,0.4876899719238281
729,2,357,0.41873541474342346
730,2,358,0.4131131172180176
731,2,359,0.4128677248954773
732,2,360,0.5693621635437012
733,2,361,0.49172502756118774
734,2,362,0.531193196773529
735,2,363,0.42724180221557617
736,2,364,0.40133100748062134
737,2,365,0.47901901602745056
738,2,366,0.41283172369003296
739,2,367,0.39667487144470215
740,2,368,0.4299581050872803
741,2,369,0.509897768497467
742,2,370,0.5010711550712585
743,2,371,0.38915687799453735
744,2,372,0.39009347558021545
745,3,1,0.3761204779148102
746,3,2,0.4354173243045807
747,3,3,0.40727630257606506
748,3,4,0.4643818736076355
749,3,5,0.3849593698978424
750,3,6,0.46537861227989197
751,3,7,0.4334677755832672
752,3,8,0.4592447280883789
753,3,9,0.409128338098526
754,3,10,0.4009707570075989
755,3,11,0.4084557890892029
756,3,12,0.4718617796897888
757,3,13,0.3788999021053314
758,3,14,0.3937914967536926
759,3,15,0.42827337980270386
760,3,16,0.5560112595558167
761,3,17,0.4066360592842102
762,3,18,0.4764273762702942
763,3,19,0.44806188344955444
764,3,20,0.43806949257850647
765,3,21,0.8583738207817078
766,3,22,0.41095414757728577
767,3,23,0.4673345983028412
768,3,24,0.3691622316837311
769,3,25,0.5461953282356262
770,3,26,0.4828112721443176
771,3,27,0.4476202428340912
772,3,28,0.4187212884426117
773,3,29,0.40832823514938354
774,3,30,0.44620829820632935
775,3,31,0.4205065369606018
776,3,32,0.4818211495876312
777,3,33,0.4472808241844177
778,3,34,0.5088432431221008
779,3,35,0.45911797881126404
780,3,36,0.4816249907016754
781,3,37,0.4225623607635498
782,3,38,0.46473637223243713
783,3,39,0.424511581659317
784,3,40,0.4832925796508789
785,3,41,0.37021178007125854
786,3,42,0.3926435112953186
787,3,43,0.5586198568344116
788,3,44,0.5071539282798767
789,3,45,0.36911943554878235
790,3,46,0.44203805923461914
791,3,47,0.38408130407333374
792,3,48,0.42179766297340393
793,3,49,0.4207633435726166
794,3,50,0.5926249623298645
795,3,51,0.8131226301193237
796,3,52,0.43799081444740295
797,3,53,0.3894971013069153
798,3,54,0.3772539496421814
799,3,55,0.45108532905578613
800,3,56,0.49382147192955017
801,3,57,0.42069706320762634
802,3,58,0.3648197650909424
803,3,59,0.794137179851532
804,3,60,0.41174307465553284
805,3,61,0.46587786078453064
806,3,62,0.3995853066444397
807,3,63,0.5619643330574036
808,3,64,0.3932656943798065
809,3,65,0.38889652490615845
810,3,66,0.3946818709373474
811,3,67,0.3920259475708008
812,3,68,0.5081340670585632
813,3,69,0.4239570200443268
814,3,70,0.5015468001365662
815,3,71,0.42548221349716187
816,3,72,0.3576848804950714
817,3,73,0.413278192281723
818,3,74,0.4123466908931732
819,3,75,0.3611730635166168
820,3,76,0.4659005105495453
821,3,77,0.5021783709526062
822,3,78,0.48129719495773315
823,3,79,0.48425421118736267
824,3,80,0.3314029574394226
825,3,81,0.7421013116836548
826,3,82,0.5000206232070923
827,3,83,0.45645517110824585
828,3,84,0.4557832181453705
829,3,85,0.3990181088447571
830,3,86,0.46971774101257324
831,3,87,0.5123796463012695
832,3,88,0.3892529606819153
833,3,89,0.40924757719039917
834,3,90,0.39972615242004395
835,3,91,0.3813772201538086
836,3,92,0.3964034616947174
837,3,93,0.47786134481430054
838,3,94,0.3585391044616699
839,3,95,0.4222000241279602
840,3,96,0.5263836979866028
841,3,97,0.5365208387374878
842,3,98,0.4272679388523102
843,3,99,0.4574333727359772
844,3,100,0.4649326801300049
845,3,101,0.6147552728652954
846,3,102,0.489551305770874
847,3,103,0.42449817061424255
848,3,104,0.3683241307735443
849,3,105,0.44861167669296265
850,3,106,0.38150420784950256
851,3,107,0.5047864317893982
852,3,108,0.3855200409889221
853,3,109,0.3680342435836792
854,3,110,0.32692572474479675
855,3,111,0.6214882135391235
856,3,112,0.36341220140457153
857,3,113,0.3861542046070099
858,3,114,0.4128206670284271
859,3,115,0.477684885263443
860,3,116,0.4408704340457916
861,3,117,0.38463082909584045
862,3,118,0.37449154257774353
863,3,119,0.39672785997390747
864,3,120,0.40621429681777954
865,3,121,0.505889892578125
866,3,122,0.4075118899345398
867,3,123,0.395296186208725
868,3,124,0.39790770411491394
869,3,125,0.4560627043247223
870,3,126,0.4515887200832367
871,3,127,0.42734456062316895
872,3,128,0.5856289863586426
873,3,129,0.3703370988368988
874,3,130,0.4782739579677582
875,3,131,0.44879236817359924
876,3,132,0.6556047797203064
877,3,133,0.36071085929870605
878,3,134,0.4755791127681732
879,3,135,0.45838722586631775
880,3,136,0.42579594254493713
881,3,137,0.63780677318573
882,3,138,0.39166226983070374
883,3,139,0.7538149356842041
884,3,140,0.43607988953590393
885,3,141,0.4125027656555176
886,3,142,0.45727601647377014
887,3,143,0.4014959931373596
888,3,144,0.43017682433128357
889,3,145,0.39172911643981934
890,3,146,0.41010966897010803
891,3,147,0.4206501543521881
892,3,148,0.49801144003868103
893,3,149,0.4331769347190857
894,3,150,0.5161173939704895
895,3,151,0.42240023612976074
896,3,152,0.3552665710449219
897,3,153,0.38044506311416626
898,3,154,0.3379962146282196
899,3,155,0.3652341067790985
900,3,156,0.4008103013038635
901,3,157,0.46796923875808716
902,3,158,0.3975505530834198
903,3,159,0.473391056060791
904,3,160,0.5215468406677246
905,3,161,0.39308255910873413
906,3,162,0.4774499833583832
907,3,163,0.3883773386478424
908,3,164,0.4182070791721344
909,3,165,0.47999852895736694
910,3,166,0.361480176448822
911,3,167,0.3733653426170349
912,3,168,0.5634893774986267
913,3,169,0.4507545530796051
914,3,170,0.45797115564346313
915,3,171,0.4680356979370117
916,3,172,0.5657011270523071
917,3,173,0.3642663359642029
918,3,174,0.43415284156799316
919,3,175,0.43402567505836487
920,3,176,0.4136367738246918
921,3,177,0.36562594771385193
922,3,178,0.3507504463195801
923,3,179,0.45961904525756836
924,3,180,0.4110739231109619
925,3,181,0.38997048139572144
926,3,182,0.4306989312171936
927,3,183,0.6215813159942627
928,3,184,0.3509492576122284
929,3,185,0.39887478947639465
930,3,186,0.54093998670578
931,3,187,0.3942472040653229
932,3,188,0.3574914336204529
933,3,189,0.4300474524497986
934,3,190,0.8809551000595093
935,3,191,0.4217638075351715
936,3,192,0.43635377287864685
937,3,193,0.37559202313423157
938,3,194,0.5373072028160095
939,3,195,0.4648962616920471
940,3,196,0.8915387988090515
941,3,197,0.47361817955970764
942,3,198,0.3858890235424042
943,3,199,0.3925122618675232
944,3,200,0.4493429660797119
945,3,201,0.4430376887321472
946,3,202,0.4805518686771393
947,3,203,0.5058168172836304
948,3,204,0.2822762131690979
949,3,205,0.4092077612876892
950,3,206,0.5313476324081421
951,3,207,0.340358167886734
952,3,208,0.4091617465019226
953,3,209,0.37130117416381836
954,3,210,0.523114800453186
955,3,211,0.38942021131515503
956,3,212,0.4903538227081299
957,3,213,0.5071368217468262
958,3,214,0.3485308289527893
959,3,215,0.5142920613288879
960,3,216,0.44089189171791077
961,3,217,0.40647774934768677
962,3,218,0.4321146607398987
963,3,219,0.40981021523475647
964,3,220,0.33829981088638306
965,3,221,0.4267726540565491
966,3,222,0.39856791496276855
967,3,223,0.4044979512691498
968,3,224,0.3209793269634247
969,3,225,0.4136875569820404
970,3,226,0.5218636393547058
971,3,227,0.40281620621681213
972,3,228,0.3795653283596039
973,3,229,0.37013065814971924
974,3,230,0.4195544719696045
975,3,231,0.3182812035083771
976,3,232,0.552629292011261
977,3,233,0.4309086799621582
978,3,234,0.39921456575393677
979,3,235,0.3647313117980957
980,3,236,0.749734103679657
981,3,237,0.43960362672805786
982,3,238,0.38306042551994324
983,3,239,0.4173707067966461
984,3,240,0.44963565468788147
985,3,241,0.36157092452049255
986,3,242,0.38533815741539
987,3,243,0.43831580877304077
988,3,244,0.45995622873306274
989,3,245,0.34137386083602905
990,3,246,0.41491883993148804
991,3,247,0.48972997069358826
992,3,248,0.44907134771347046
993,3,249,0.40059930086135864
994,3,250,0.40117964148521423
995,3,251,0.42115116119384766
996,3,252,0.43327149748802185
997,3,253,0.9734627604484558
998,3,254,0.4144710600376129
999,3,255,0.48199209570884705
1000,3,256,0.4100397527217865
1001,3,257,0.500460147857666
1002,3,258,0.4750688076019287
1003,3,259,0.3677349388599396
1004,3,260,0.4370088577270508
1005,3,261,0.3871583342552185
1006,3,262,0.41401076316833496
1007,3,263,0.4216274321079254
1008,3,264,0.4985296130180359
1009,3,265,0.3419713079929352
1010,3,266,0.8636090159416199
1011,3,267,0.45925259590148926
1012,3,268,0.4197673201560974
1013,3,269,0.42102235555648804
1014,3,270,0.43413281440734863
1015,3,271,0.38601765036582947
1016,3,272,0.36093857884407043
1017,3,273,0.3460683226585388
1018,3,274,0.3801792562007904
1019,3,275,0.42236465215682983
1020,3,276,0.3825071454048157
1021,3,277,0.42221879959106445
1022,3,278,0.4255920946598053
1023,3,279,0.4701928198337555
1024,3,280,0.4060550630092621
1025,3,281,0.41976481676101685
1026,3,282,0.4171925187110901
1027,3,283,0.3873176872730255
1028,3,284,0.4992874264717102
1029,3,285,0.36602768301963806
1030,3,286,0.3785471022129059
1031,3,287,0.43547654151916504
1032,3,288,0.8741840124130249
1033,3,289,0.3128628134727478
1034,3,290,0.5594618916511536
1035,3,291,0.33640146255493164
1036,3,292,0.4103878438472748
1037,3,293,0.34973469376564026
1038,3,294,0.4125874638557434
1039,3,295,0.472744882106781
1040,3,296,0.2870808243751526
1041,3,297,0.4006637632846832
1042,3,298,0.4277903139591217
1043,3,299,0.4057590067386627
1044,3,300,0.38788431882858276
1045,3,301,0.5003538131713867
1046,3,302,0.5803315043449402
1047,3,303,0.33499816060066223
1048,3,304,0.5362587571144104
1049,3,305,0.4232819676399231
1050,3,306,0.3861416280269623
1051,3,307,0.44405636191368103
1052,3,308,0.3550928831100464
1053,3,309,0.38524287939071655
1054,3,310,0.4007684588432312
1055,3,311,0.2934858500957489
1056,3,312,0.379900723695755
1057,3,313,0.3942708373069763
1058,3,314,0.3780032694339752
1059,3,315,0.5041632652282715
1060,3,316,0.41141587495803833
1061,3,317,0.3449719548225403
1062,3,318,0.37069079279899597
1063,3,319,0.42745906114578247
1064,3,320,0.4386867880821228
1065,3,321,0.4417908191680908
1066,3,322,0.40744757652282715
1067,3,323,0.33297428488731384
1068,3,324,0.40128594636917114
1069,3,325,0.4176093637943268
1070,3,326,0.39450177550315857
1071,3,327,0.396123468875885
1072,3,328,0.4609757959842682
1073,3,329,0.3808521032333374
1074,3,330,0.3420623540878296
1075,3,331,0.3845809996128082
1076,3,332,0.4261248707771301
1077,3,333,0.5184088945388794
1078,3,334,0.38929319381713867
1079,3,335,0.31697046756744385
1080,3,336,0.3866187334060669
1081,3,337,0.36188143491744995
1082,3,338,0.46982836723327637
1083,3,339,0.48365896940231323
1084,3,340,0.35480618476867676
1085,3,341,0.3376512825489044
1086,3,342,0.537535548210144
1087,3,343,0.46005845069885254
1088,3,344,0.4728788733482361
1089,3,345,0.50555419921875
1090,3,346,0.3545072376728058
1091,3,347,0.4293467104434967
1092,3,348,0.3350439965724945
1093,3,349,0.4439389705657959
1094,3,350,0.4596591889858246
1095,3,351,0.42571958899497986
1096,3,352,0.3477915823459625
1097,3,353,0.36504679918289185
1098,3,354,0.5028976202011108
1099,3,355,0.3294987082481384
1100,3,356,0.45208853483200073
1101,3,357,0.3612184226512909
1102,3,358,0.4144308567047119
1103,3,359,0.4948955178260803
1104,3,360,0.3935304880142212
1105,3,361,0.4396713674068451
1106,3,362,0.3823254704475403
1107,3,363,0.4345928728580475
1108,3,364,0.34795093536376953
1109,3,365,0.5526295900344849
1110,3,366,0.40690287947654724
1111,3,367,0.40007010102272034
1112,3,368,0.4463382363319397
1113,3,369,0.36463606357574463
1114,3,370,0.3752329647541046
1115,3,371,0.4139724373817444
1116,3,372,0.45195406675338745
1117,4,1,0.47598180174827576
1118,4,2,0.5747689604759216
1119,4,3,0.3624500632286072
1120,4,4,0.3898075222969055
1121,4,5,0.47303977608680725
1122,4,6,0.41519108414649963
1123,4,7,0.42609602212905884
1124,4,8,0.48370426893234253
1125,4,9,0.43111205101013184
1126,4,10,0.37270691990852356
1127,4,11,0.4076250493526459
1128,4,12,0.39282846450805664
1129,4,13,0.4294411540031433
1130,4,14,0.3660186529159546
1131,4,15,0.414495050907135
1132,4,16,0.44994473457336426
1133,4,17,0.5153461694717407
1134,4,18,0.33530154824256897
1135,4,19,0.4034385085105896
1136,4,20,0.37363874912261963
1137,4,21,0.31335240602493286
1138,4,22,0.3487214148044586
1139,4,23,0.3691607415676117
1140,4,24,0.3930019736289978
1141,4,25,0.29939571022987366
1142,4,26,0.40323907136917114
1143,4,27,0.44281497597694397
1144,4,28,0.38110190629959106
1145,4,29,0.38330885767936707
1146,4,30,0.34381118416786194
1147,4,31,0.7430989742279053
1148,4,32,0.3726639449596405
1149,4,33,0.324555367231369
1150,4,34,0.3098345398902893
1151,4,35,0.520840048789978
1152,4,36,0.4337086081504822
1153,4,37,0.3407101035118103
1154,4,38,0.33754879236221313
1155,4,39,0.4864090085029602
1156,4,40,0.45334988832473755
1157,4,41,0.33434298634529114
1158,4,42,0.3097962737083435
1159,4,43,0.34768638014793396
1160,4,44,0.43882235884666443
1161,4,45,0.4755402207374573
1162,4,46,0.3423089385032654
1163,4,47,0.39499637484550476
1164,4,48,0.356525719165802
1165,4,49,0.4200722277164459
1166,4,50,0.7390497326850891
1167,4,51,0.3897908329963684
1168,4,52,0.3687257170677185
1169,4,53,0.35592788457870483
1170,4,54,0.5304684638977051
1171,4,55,0.3476863503456116
1172,4,56,0.24982914328575134
1173,4,57,0.4805684983730316
1174,4,58,0.35283881425857544
1175,4,59,0.7411583662033081
1176,4,60,0.4759330749511719
1177,4,61,0.37022876739501953
1178,4,62,0.39338192343711853
1179,4,63,0.4231441915035248
1180,4,64,0.33817654848098755
1181,4,65,0.3365177512168884
1182,4,66,0.3675324320793152
1183,4,67,0.3613852560520172
1184,4,68,0.33407536149024963
1185,4,69,0.3819838762283325
1186,4,70,0.3296926021575928
1187,4,71,0.3418239951133728
1188,4,72,0.49937915802001953
1189,4,73,0.42524152994155884
1190,4,74,0.36359214782714844
1191,4,75,0.42922431230545044
1192,4,76,0.3803347945213318
1193,4,77,0.3850448727607727
1194,4,78,0.3322916626930237
1195,4,79,0.3524189591407776
1196,4,80,0.39630889892578125
1197,4,81,0.34181085228919983
1198,4,82,0.3131636679172516
1199,4,83,0.40788188576698303
1200,4,84,0.38091811537742615
1201,4,85,0.4911659359931946
1202,4,86,0.4394845962524414
1203,4,87,0.31174740195274353
1204,4,88,0.35460925102233887
1205,4,89,0.44090723991394043
1206,4,90,0.4383420944213867
1207,4,91,0.3868491053581238
1208,4,92,0.3788816034793854
1209,4,93,0.4240008294582367
1210,4,94,0.6556111574172974
1211,4,95,0.37100669741630554
1212,4,96,0.4524962306022644
1213,4,97,0.33764028549194336
1214,4,98,0.3809821307659149
1215,4,99,0.42592912912368774
1216,4,100,0.42983150482177734
1217,4,101,0.41613611578941345
1218,4,102,0.3496931195259094
1219,4,103,0.3803524374961853
1220,4,104,0.3626656234264374
1221,4,105,0.2944835126399994
1222,4,106,0.43987399339675903
1223,4,107,0.38503700494766235
1224,4,108,0.4406711161136627
1225,4,109,0.4056706428527832
1226,4,110,0.33655157685279846
1227,4,111,0.3182080388069153
1228,4,112,0.30466440320014954
1229,4,113,0.3384714126586914
1230,4,114,0.34263285994529724
1231,4,115,0.4454577565193176
1232,4,116,0.36795201897621155
1233,4,117,0.26849690079689026
1234,4,118,0.31322145462036133
1235,4,119,0.4639853835105896
1236,4,120,0.3688998818397522
1237,4,121,0.41470783948898315
1238,4,122,0.735433042049408
1239,4,123,0.29411470890045166
1240,4,124,0.3459276556968689
1241,4,125,0.3149743676185608
1242,4,126,0.36449941992759705
1243,4,127,0.3814832866191864
1244,4,128,0.427476704120636
1245,4,129,0.41769352555274963
1246,4,130,0.35962605476379395
1247,4,131,0.7149307131767273
1248,4,132,0.33165305852890015
1249,4,133,0.41469573974609375
1250,4,134,0.35414940118789673
1251,4,135,0.5091770887374878
1252,4,136,0.41887006163597107
1253,4,137,0.36547064781188965
1254,4,138,0.39776578545570374
1255,4,139,0.5322108268737793
1256,4,140,0.35081154108047485
1257,4,141,0.7308896780014038
1258,4,142,0.41656988859176636
1259,4,143,0.29084619879722595
1260,4,144,0.3825034499168396
1261,4,145,0.40857210755348206
1262,4,146,0.40188607573509216
1263,4,147,0.38773784041404724
1264,4,148,0.31655341386795044
1265,4,149,0.3810961842536926
1266,4,150,0.4149228632450104
1267,4,151,0.34977301955223083
1268,4,152,0.3662099242210388
1269,4,153,0.38512590527534485
1270,4,154,0.36148276925086975
1271,4,155,0.42429083585739136
1272,4,156,0.4128451347351074
1273,4,157,0.3977892994880676
1274,4,158,0.4894634187221527
1275,4,159,0.37184473872184753
1276,4,160,0.3978021740913391
1277,4,161,0.3469286561012268
1278,4,162,0.33158186078071594
1279,4,163,0.42330092191696167
1280,4,164,0.49823862314224243
1281,4,165,0.395313560962677
1282,4,166,0.45983561873435974
1283,4,167,0.4647817611694336
1284,4,168,0.4667397141456604
1285,4,169,0.39660540223121643
1286,4,170,0.33695486187934875
1287,4,171,0.3245350420475006
1288,4,172,0.3381648063659668
1289,4,173,0.3426361680030823
1290,4,174,0.3962002992630005
1291,4,175,0.42096012830734253
1292,4,176,0.4377387464046478
1293,4,177,0.3719383776187897
1294,4,178,0.3139142096042633
1295,4,179,0.37373867630958557
1296,4,180,0.33629176020622253
1297,4,181,0.4921853542327881
1298,4,182,0.3282809555530548
1299,4,183,0.36566513776779175
1300,4,184,0.34998077154159546
1301,4,185,0.35856977105140686
1302,4,186,0.3342021107673645
1303,4,187,0.3477150797843933
1304,4,188,0.3891868591308594
1305,4,189,0.35116276144981384
1306,4,190,0.41662758588790894
1307,4,191,0.31611502170562744
1308,4,192,0.4533511996269226
1309,4,193,0.31367814540863037
1310,4,194,0.41162824630737305
1311,4,195,0.33305084705352783
1312,4,196,0.41292229294776917
1313,4,197,0.36409232020378113
1314,4,198,0.3604840338230133
1315,4,199,0.3317117691040039
1316,4,200,0.383025199174881
1317,4,201,0.3958655297756195
1318,4,202,0.49050235748291016
1319,4,203,0.37798041105270386
1320,4,204,0.7206674814224243
1321,4,205,0.38137584924697876
1322,4,206,0.38657110929489136
1323,4,207,0.4166478216648102
1324,4,208,0.44173184037208557
1325,4,209,0.34546807408332825
1326,4,210,0.40845179557800293
1327,4,211,0.6757172346115112
1328,4,212,0.3370053172111511
1329,4,213,0.4323442578315735
1330,4,214,0.32700011134147644
1331,4,215,0.3231882154941559
1332,4,216,0.32348233461380005
1333,4,217,0.35594770312309265
1334,4,218,0.441882848739624
1335,4,219,0.27200037240982056
1336,4,220,0.3568660616874695
1337,4,221,0.38692528009414673
1338,4,222,0.34283527731895447
1339,4,223,0.3641502261161804
1340,4,224,0.3956284523010254
1341,4,225,0.36263054609298706
1342,4,226,0.4040481150150299
1343,4,227,0.36493855714797974
1344,4,228,0.3916172683238983
1345,4,229,0.4733126163482666
1346,4,230,0.2883783280849457
1347,4,231,0.3459208607673645
1348,4,232,0.34865957498550415
1349,4,233,0.40534597635269165
1350,4,234,0.3580595850944519
1351,4,235,0.4272928237915039
1352,4,236,0.4067031741142273
1353,4,237,0.3683159351348877
1354,4,238,0.4754295349121094
1355,4,239,0.32625073194503784
1356,4,240,0.2882741391658783
1357,4,241,0.33954453468322754
1358,4,242,0.3561614453792572
1359,4,243,0.32728928327560425
1360,4,244,0.3068331778049469
1361,4,245,0.395117849111557
1362,4,246,0.3272150456905365
1363,4,247,0.418170303106308
1364,4,248,0.3553870618343353
1365,4,249,0.39509010314941406
1366,4,250,0.343004047870636
1367,4,251,0.42320162057876587
1368,4,252,0.4199508726596832
1369,4,253,0.3575248420238495
1370,4,254,0.2654622495174408
1371,4,255,0.3319357931613922
1372,4,256,0.29726752638816833
1373,4,257,0.3301181197166443
1374,4,258,0.37811279296875
1375,4,259,0.3624141216278076
1376,4,260,0.32014167308807373
1377,4,261,0.41772422194480896
1378,4,262,0.3618026077747345
1379,4,263,0.5195601582527161
1380,4,264,0.43327802419662476
1381,4,265,0.3628883361816406
1382,4,266,0.40679651498794556
1383,4,267,0.3412686586380005
1384,4,268,0.3629283308982849
1385,4,269,0.34994953870773315
1386,4,270,0.7382253408432007
1387,4,271,0.30579501390457153
1388,4,272,0.3914746344089508
1389,4,273,0.35642173886299133
1390,4,274,0.37878313660621643
1391,4,275,0.4952784478664398
1392,4,276,0.3641059398651123
1393,4,277,0.3336039185523987
1394,4,278,0.42204350233078003
1395,4,279,0.3832274377346039
1396,4,280,0.31885942816734314
1397,4,281,0.3371838629245758
1398,4,282,0.46205005049705505
1399,4,283,0.39455166459083557
1400,4,284,0.431598037481308
1401,4,285,0.31253838539123535
1402,4,286,0.3295091986656189
1403,4,287,0.4110437333583832
1404,4,288,0.3322194516658783
1405,4,289,0.3815010190010071
1406,4,290,0.3889865279197693
1407,4,291,0.26440173387527466
1408,4,292,0.3575074374675751
1409,4,293,0.2996727526187897
1410,4,294,0.3131196200847626
1411,4,295,0.41136378049850464
1412,4,296,0.41813865303993225
1413,4,297,0.39092952013015747
1414,4,298,0.4283364713191986
1415,4,299,0.26965296268463135
1416,4,300,0.3501051664352417
1417,4,301,0.35730472207069397
1418,4,302,0.34177470207214355
1419,4,303,0.379691481590271
1420,4,304,0.38821637630462646
1421,4,305,0.3691199719905853
1422,4,306,0.388237863779068
1423,4,307,0.40252143144607544
1424,4,308,0.4550197720527649
1425,4,309,0.407494455575943
1426,4,310,0.8062050938606262
1427,4,311,0.39843276143074036
1428,4,312,0.43218621611595154
1429,4,313,0.4426550269126892
1430,4,314,0.34499233961105347
1431,4,315,0.3668961524963379
1432,4,316,0.2727792263031006
1433,4,317,0.40651410818099976
1434,4,318,0.31105929613113403
1435,4,319,0.37190741300582886
1436,4,320,0.3099631369113922
1437,4,321,0.4529457688331604
1438,4,322,0.4101194441318512
1439,4,323,0.37748342752456665
1440,4,324,0.359052449464798
1441,4,325,0.5464397072792053
1442,4,326,0.33983197808265686
1443,4,327,0.3246832489967346
1444,4,328,0.35316377878189087
1445,4,329,0.4080162048339844
1446,4,330,0.38891279697418213
1447,4,331,0.3332793712615967
1448,4,332,0.3589089810848236
1449,4,333,0.33397501707077026
1450,4,334,0.3566579520702362
1451,4,335,0.31857678294181824
1452,4,336,0.34502601623535156
1453,4,337,0.41067108511924744
1454,4,338,0.35337862372398376
1455,4,339,0.4073565602302551
1456,4,340,0.39420464634895325
1457,4,341,0.40588775277137756
1458,4,342,0.3297208845615387
1459,4,343,0.37949004769325256
1460,4,344,0.34381526708602905
1461,4,345,0.40804409980773926
1462,4,346,0.3417245149612427
1463,4,347,0.3570968508720398
1464,4,348,0.2861594557762146
1465,4,349,0.4442766308784485
1466,4,350,0.37282615900039673
1467,4,351,0.22748354077339172
1468,4,352,0.3804249167442322
1469,4,353,0.3133578598499298
1470,4,354,0.3557148575782776
1471,4,355,0.34766504168510437
1472,4,356,0.39264217019081116
1473,4,357,0.255705326795578
1474,4,358,0.3836551904678345
1475,4,359,0.36133232712745667
1476,4,360,0.3067881166934967
1477,4,361,0.34979167580604553
1478,4,362,0.32664579153060913
1479,4,363,0.3873451352119446
1480,4,364,0.26427486538887024
1481,4,365,0.6767198443412781
1482,4,366,0.3040100038051605
1483,4,367,0.386017382144928
1484,4,368,0.38264304399490356
1485,4,369,0.3550863265991211
1486,4,370,0.4122700095176697
1487,4,371,0.4230112135410309
1488,4,372,0.3016646206378937
1489,5,1,0.30876773595809937
1490,5,2,0.2898697555065155
1491,5,3,0.3699813187122345
1492,5,4,0.347344309091568
1493,5,5,0.32823342084884644
1494,5,6,0.3534614145755768
1495,5,7,0.3501026928424835
1496,5,8,0.3285675644874573
1497,5,9,0.3636687695980072
1498,5,10,0.42445245385169983
1499,5,11,0.35209280252456665
1500,5,12,0.7564637660980225
1501,5,13,0.4193265438079834
1502,5,14,0.36093389987945557
1503,5,15,0.8760099411010742
1504,5,16,0.35542231798171997
1505,5,17,0.3625582456588745
1506,5,18,0.3734944462776184
1507,5,19,0.35676559805870056
1508,5,20,0.30730754137039185
1509,5,21,0.37142184376716614
1510,5,22,0.42867398262023926
1511,5,23,0.3042518198490143
1512,5,24,0.33177560567855835
1513,5,25,0.3822341561317444
1514,5,26,0.3965833783149719
1515,5,27,0.3760494291782379
1516,5,28,0.38608527183532715
1517,5,29,0.25885969400405884
1518,5,30,0.3977600932121277
1519,5,31,0.35606926679611206
1520,5,32,0.326364129781723
1521,5,33,0.5167406797409058
1522,5,34,0.3345326781272888
1523,5,35,0.4861992299556732
1524,5,36,0.3401396870613098
1525,5,37,0.3233253061771393
1526,5,38,0.30928465723991394
1527,5,39,0.40101346373558044
1528,5,40,0.27821680903434753
1529,5,41,0.2886538505554199
1530,5,42,0.31666427850723267
1531,5,43,0.2988603115081787
1532,5,44,0.35918787121772766
1533,5,45,0.3917196989059448
1534,5,46,0.3078851103782654
1535,5,47,0.3772471845149994
1536,5,48,0.3037026524543762
1537,5,49,0.3072509467601776
1538,5,50,0.4955204427242279
1539,5,51,0.4111253619194031
1540,5,52,0.3415471613407135
1541,5,53,0.3077963590621948
1542,5,54,0.30560392141342163
1543,5,55,0.3458561897277832
1544,5,56,0.7967338562011719
1545,5,57,0.2840673327445984
1546,5,58,0.3594803214073181
1547,5,59,0.3903619647026062
1548,5,60,0.3367709219455719
1549,5,61,0.41761988401412964
1550,5,62,0.35161012411117554
1551,5,63,0.32290205359458923
1552,5,64,0.32067814469337463
1553,5,65,0.4640102982521057
1554,5,66,0.2913510203361511
1555,5,67,0.322998970746994
1556,5,68,0.3204266428947449
1557,5,69,0.4051071107387543
1558,5,70,0.37620291113853455
1559,5,71,0.3472868800163269
1560,5,72,0.27955588698387146
1561,5,73,0.38520047068595886
1562,5,74,0.4069767892360687
1563,5,75,0.3548654317855835
1564,5,76,0.4049275815486908
1565,5,77,0.2899635434150696
1566,5,78,0.36572369933128357
1567,5,79,0.3008960783481598
1568,5,80,0.3477254807949066
1569,5,81,0.4183339476585388
1570,5,82,0.37129348516464233
1571,5,83,0.314426064491272
1572,5,84,0.4728371500968933
1573,5,85,0.3975244164466858
1574,5,86,0.32521897554397583
1575,5,87,0.39489948749542236
1576,5,88,0.3844009041786194
1577,5,89,0.29906219244003296
1578,5,90,0.2587953507900238
1579,5,91,0.337394654750824
1580,5,92,0.3289128839969635
1581,5,93,0.37264284491539
1582,5,94,0.36329811811447144
1583,5,95,0.35591623187065125
1584,5,96,0.31141406297683716
1585,5,97,0.4188414514064789
1586,5,98,0.3161330819129944
1587,5,99,0.7939440608024597
1588,5,100,0.34520700573921204
1589,5,101,0.384583055973053
1590,5,102,0.308535099029541
1591,5,103,0.2949255406856537
1592,5,104,0.4172915518283844
1593,5,105,0.30240926146507263
1594,5,106,0.3016403615474701
1595,5,107,0.4342781603336334
1596,5,108,0.39154714345932007
1597,5,109,0.3687990605831146
1598,5,110,0.35761758685112
1599,5,111,0.327725887298584
1600,5,112,0.5038878321647644
1601,5,113,0.32300040125846863
1602,5,114,0.3160010576248169
1603,5,115,0.3311937153339386
1604,5,116,0.4034518599510193
1605,5,117,0.33300086855888367
1606,5,118,0.3086061477661133
1607,5,119,0.35514822602272034
1608,5,120,0.549925684928894
1609,5,121,0.35242822766304016
1610,5,122,0.34905797243118286
1611,5,123,0.3752323091030121
1612,5,124,0.2941485047340393
1613,5,125,0.44127073884010315
1614,5,126,0.3939681351184845
1615,5,127,0.3834828734397888
1616,5,128,0.4535698890686035
1617,5,129,0.35646820068359375
1618,5,130,0.3336702883243561
1619,5,131,0.35356467962265015
1620,5,132,0.39411982893943787
1621,5,133,0.29314562678337097
1622,5,134,0.304378479719162
1623,5,135,0.3830896317958832
1624,5,136,0.36596426367759705
1625,5,137,0.2989853620529175
1626,5,138,0.4997510015964508
1627,5,139,0.33894142508506775
1628,5,140,0.35209518671035767
1629,5,141,0.3157412111759186
1630,5,142,0.3585462272167206
1631,5,143,0.33858051896095276
1632,5,144,0.3669309914112091
1633,5,145,0.5814884901046753
1634,5,146,0.38008925318717957
1635,5,147,0.41257041692733765
1636,5,148,0.31701430678367615
1637,5,149,0.34629708528518677
1638,5,150,0.3891803026199341
1639,5,151,0.3274046778678894
1640,5,152,0.3420450985431671
1641,5,153,0.39065438508987427
1642,5,154,0.2888655364513397
1643,5,155,0.4132676124572754
1644,5,156,0.37046122550964355
1645,5,157,0.33595919609069824
1646,5,158,0.32526370882987976
1647,5,159,0.39028316736221313
1648,5,160,0.3585617244243622
1649,5,161,0.3595666289329529
1650,5,162,0.2843758165836334
1651,5,163,0.3174591660499573
1652,5,164,0.2694413363933563
1653,5,165,0.32546696066856384
1654,5,166,0.39111781120300293
1655,5,167,0.3079421818256378
1656,5,168,0.26660609245300293
1657,5,169,0.3723098337650299
1658,5,170,0.36562228202819824
1659,5,171,0.39653486013412476
1660,5,172,0.36045101284980774
1661,5,173,0.3109336495399475
1662,5,174,0.32337886095046997
1663,5,175,0.36511674523353577
1664,5,176,0.37502321600914
1665,5,177,0.309242844581604
1666,5,178,0.3502151370048523
1667,5,179,0.32784172892570496
1668,5,180,0.39671510457992554
1669,5,181,0.37331220507621765
1670,5,182,0.4579493999481201
1671,5,183,0.30772602558135986
1672,5,184,0.47891679406166077
1673,5,185,0.3567478656768799
1674,5,186,0.3398939371109009
1675,5,187,0.23759198188781738
1676,5,188,0.3514595329761505
1677,5,189,0.31682491302490234
1678,5,190,0.34538573026657104
1679,5,191,0.29309767484664917
1680,5,192,0.38232797384262085
1681,5,193,0.32947856187820435
1682,5,194,0.40806055068969727
1683,5,195,0.2871673107147217
1684,5,196,0.2945747673511505
1685,5,197,0.2989252209663391
1686,5,198,0.325116366147995
1687,5,199,0.3897797465324402
1688,5,200,0.2977396547794342
1689,5,201,0.4358648359775543
1690,5,202,0.2698720097541809
1691,5,203,0.7086625099182129
1692,5,204,0.3477722704410553
1693,5,205,0.3592834770679474
1694,5,206,0.3896079659461975
1695,5,207,0.40370941162109375
1696,5,208,0.3684350550174713
1697,5,209,0.3474847078323364
1698,5,210,0.30324697494506836
1699,5,211,0.46899890899658203
1700,5,212,0.3320746123790741
1701,5,213,0.33587658405303955
1702,5,214,0.444570928812027
1703,5,215,0.41125306487083435
1704,5,216,0.2619355618953705
1705,5,217,0.4295850396156311
1706,5,218,0.3626699447631836
1707,5,219,0.2471940517425537
1708,5,220,0.3416900932788849
1709,5,221,0.2983206510543823
1710,5,222,0.3363029360771179
1711,5,223,0.35220953822135925
1712,5,224,0.46023473143577576
1713,5,225,0.31623375415802
1714,5,226,0.37868958711624146
1715,5,227,0.3580688238143921
1716,5,228,0.36021459102630615
1717,5,229,0.2975277900695801
1718,5,230,0.365337610244751
1719,5,231,0.3484940826892853
1720,5,232,0.8156806230545044
1721,5,233,0.2676061987876892
1722,5,234,0.7484447956085205
1723,5,235,0.3183182179927826
1724,5,236,0.3183940649032593
1725,5,237,0.39018160104751587
1726,5,238,0.31178751587867737
1727,5,239,0.3027210831642151
1728,5,240,0.4147658348083496
1729,5,241,0.42255887389183044
1730,5,242,0.4252839982509613
1731,5,243,0.33643919229507446
1732,5,244,0.24879960715770721
1733,5,245,0.3329622745513916
1734,5,246,0.5822849869728088
1735,5,247,0.31515318155288696
1736,5,248,0.30976223945617676
1737,5,249,0.4324355721473694
1738,5,250,0.40264153480529785
1739,5,251,0.25247496366500854
1740,5,252,0.3045748770236969
1741,5,253,0.3067803978919983
1742,5,254,0.35928553342819214
1743,5,255,0.31697171926498413
1744,5,256,0.37034884095191956
1745,5,257,0.2975519299507141
1746,5,258,0.3643319308757782
1747,5,259,0.3717205226421356
1748,5,260,0.41884270310401917
1749,5,261,0.26758188009262085
1750,5,262,0.2891645133495331
1751,5,263,0.3675731420516968
1752,5,264,0.3899654746055603
1753,5,265,0.2775940001010895
1754,5,266,0.34983789920806885
1755,5,267,0.3618902862071991
1756,5,268,0.328984797000885
1757,5,269,0.667079508304596
1758,5,270,0.43789395689964294
1759,5,271,0.34666067361831665
1760,5,272,0.3194119334220886
1761,5,273,0.3047950863838196
1762,5,274,0.352978378534317
1763,5,275,0.3319259285926819
1764,5,276,0.3562691807746887
1765,5,277,0.31811341643333435
1766,5,278,0.36062735319137573
1767,5,279,0.36419573426246643
1768,5,280,0.32819682359695435
1769,5,281,0.32519128918647766
1770,5,282,0.3724077641963959
1771,5,283,0.2789754569530487
1772,5,284,0.284801185131073
1773,5,285,0.3224322497844696
1774,5,286,0.3849868178367615
1775,5,287,0.31940481066703796
1776,5,288,0.38177669048309326
1777,5,289,0.3779079020023346
1778,5,290,0.35893714427948
1779,5,291,0.3719455301761627
1780,5,292,0.36619874835014343
1781,5,293,0.42258596420288086
1782,5,294,0.3729042410850525
1783,5,295,0.5054745674133301
1784,5,296,0.39444416761398315
1785,5,297,0.31375250220298767
1786,5,298,0.371856153011322
1787,5,299,0.38097041845321655
1788,5,300,0.4154761731624603
1789,5,301,0.38277310132980347
1790,5,302,0.31059888005256653
1791,5,303,0.2948355972766876
1792,5,304,0.3144913613796234
1793,5,305,0.6578692197799683
1794,5,306,0.319854199886322
1795,5,307,0.41490840911865234
1796,5,308,0.37755662202835083
1797,5,309,0.41085729002952576
1798,5,310,0.4603014588356018
1799,5,311,0.3536120057106018
1800,5,312,0.34272685647010803
1801,5,313,0.3876610994338989
1802,5,314,0.29648977518081665
1803,5,315,0.3044734597206116
1804,5,316,0.3426966071128845
1805,5,317,0.2778686583042145
1806,5,318,0.3538375198841095
1807,5,319,0.3253129720687866
1808,5,320,0.31227055191993713
1809,5,321,0.33745208382606506
1810,5,322,0.3783952593803406
1811,5,323,0.4004705548286438
1812,5,324,0.4103175103664398
1813,5,325,0.2920636236667633
1814,5,326,0.32689303159713745
1815,5,327,0.3639681935310364
1816,5,328,0.31449222564697266
1817,5,329,0.31599751114845276
1818,5,330,0.26248058676719666
1819,5,331,0.3145364820957184
1820,5,332,0.3453008234500885
1821,5,333,0.3190687298774719
1822,5,334,0.2906598746776581
1823,5,335,0.2887876033782959
1824,5,336,0.415846049785614
1825,5,337,0.2666832506656647
1826,5,338,0.3086830675601959
1827,5,339,0.3732791841030121
1828,5,340,0.38168010115623474
1829,5,341,0.26784178614616394
1830,5,342,0.45457810163497925
1831,5,343,0.26751118898391724
1832,5,344,0.3563151955604553
1833,5,345,0.39239728450775146
1834,5,346,0.34364810585975647
1835,5,347,0.2808901071548462
1836,5,348,0.27598339319229126
1837,5,349,0.3224891126155853
1838,5,350,0.2688028812408447
1839,5,351,0.2817932963371277
1840,5,352,0.3094436526298523
1841,5,353,0.3875945210456848
1842,5,354,0.34215259552001953
1843,5,355,0.3088737428188324
1844,5,356,0.32983922958374023
1845,5,357,0.8620231747627258
1846,5,358,0.4054555892944336
1847,5,359,0.41259557008743286
1848,5,360,0.2509477734565735
1849,5,361,0.3950679898262024
1850,5,362,0.30985891819000244
1851,5,363,0.3063402473926544
1852,5,364,0.3119114339351654
1853,5,365,0.30259546637535095
1854,5,366,0.3001263737678528
1855,5,367,0.32456761598587036
1856,5,368,0.3182004988193512
1857,5,369,0.36029869318008423
1858,5,370,0.3234015107154846
1859,5,371,0.34925344586372375
1860,5,372,0.35373732447624207
1861,6,1,0.32247301936149597
1862,6,2,0.3429735004901886
1863,6,3,0.3540085256099701
1864,6,4,0.35769224166870117
1865,6,5,0.2775868773460388
1866,6,6,0.35066741704940796
1867,6,7,0.35583963990211487
1868,6,8,0.3873119056224823
1869,6,9,0.3391036093235016
1870,6,10,0.35788416862487793
1871,6,11,0.32739657163619995
1872,6,12,0.3307810425758362
1873,6,13,0.3393925130367279
1874,6,14,0.35926347970962524
1875,6,15,0.24411940574645996
1876,6,16,0.2917415201663971
1877,6,17,0.38899973034858704
1878,6,18,0.32768911123275757
1879,6,19,0.36165156960487366
1880,6,20,0.34590041637420654
1881,6,21,0.40871304273605347
1882,6,22,0.2968430817127228
1883,6,23,0.30815577507019043
1884,6,24,0.4285622239112854
1885,6,25,0.2949458956718445
1886,6,26,0.31499183177948
1887,6,27,0.27951931953430176
1888,6,28,0.29411277174949646
1889,6,29,0.30376702547073364
1890,6,30,0.3138611614704132
1891,6,31,0.4054069519042969
1892,6,32,0.3168202340602875
1893,6,33,0.2761939465999603
1894,6,34,0.29708147048950195
1895,6,35,0.5607220530509949
1896,6,36,0.22486574947834015
1897,6,37,0.5705034136772156
1898,6,38,0.31024909019470215
1899,6,39,0.2670168876647949
1900,6,40,0.3253183960914612
1901,6,41,0.2803429663181305
1902,6,42,0.2605518698692322
1903,6,43,0.3032379150390625
1904,6,44,0.3929147720336914
1905,6,45,0.30838602781295776
1906,6,46,0.3508043587207794
1907,6,47,0.3318973183631897
1908,6,48,0.3283591568470001
1909,6,49,0.307732492685318
1910,6,50,0.37067580223083496
1911,6,51,0.34400737285614014
1912,6,52,0.29733172059059143
1913,6,53,0.3089105784893036
1914,6,54,0.36033111810684204
1915,6,55,0.3594709038734436
1916,6,56,0.28762921690940857
1917,6,57,0.367534339427948
1918,6,58,0.3610321879386902
1919,6,59,0.4042664170265198
1920,6,60,0.2638308107852936
1921,6,61,0.3623766303062439
1922,6,62,0.28488191962242126
1923,6,63,0.27589693665504456
1924,6,64,0.6830688714981079
1925,6,65,0.4013931155204773
1926,6,66,0.37650981545448303
1927,6,67,0.3606787919998169
1928,6,68,0.2998463213443756
1929,6,69,0.32632872462272644
1930,6,70,0.36690109968185425
1931,6,71,0.3101867735385895
1932,6,72,0.3594229221343994
1933,6,73,0.46012744307518005
1934,6,74,0.24994578957557678
1935,6,75,0.3673751950263977
1936,6,76,0.26378488540649414
1937,6,77,0.29313910007476807
1938,6,78,0.3619341552257538
1939,6,79,0.7589503526687622
1940,6,80,0.34153494238853455
1941,6,81,0.3867785334587097
1942,6,82,0.2980297803878784
1943,6,83,0.309705913066864
1944,6,84,0.36967822909355164
1945,6,85,0.35546499490737915
1946,6,86,0.28516077995300293
1947,6,87,0.25569266080856323
1948,6,88,0.31831982731819153
1949,6,89,0.4139924645423889
1950,6,90,0.31395554542541504
1951,6,91,0.3859805166721344
1952,6,92,0.2867344319820404
1953,6,93,0.33602845668792725
1954,6,94,0.35881462693214417
1955,6,95,0.3615291118621826
1956,6,96,0.3046547770500183
1957,6,97,0.3268418312072754
1958,6,98,0.3569449484348297
1959,6,99,0.27894243597984314
1960,6,100,0.3209620416164398
1961,6,101,0.3359390199184418
1962,6,102,0.289571076631546
1963,6,103,0.8849906921386719
1964,6,104,0.2568020224571228
1965,6,105,0.3031243085861206
1966,6,106,0.2680199146270752
1967,6,107,0.2715732455253601
1968,6,108,0.3056371808052063
1969,6,109,0.37805578112602234
1970,6,110,0.25704431533813477
1971,6,111,0.30968672037124634
1972,6,112,0.36258387565612793
1973,6,113,0.2961609959602356
1974,6,114,0.6136144995689392
1975,6,115,0.3726379871368408
1976,6,116,0.27108100056648254
1977,6,117,0.3067690432071686
1978,6,118,0.32024770975112915
1979,6,119,0.25586435198783875
1980,6,120,0.31030040979385376
1981,6,121,0.3096722364425659
1982,6,122,0.2670697569847107
1983,6,123,0.3786401152610779
1984,6,124,0.34466826915740967
1985,6,125,0.24702219665050507
1986,6,126,0.2786080241203308
1987,6,127,0.3002864122390747
1988,6,128,0.2727387547492981
1989,6,129,0.2606974244117737
1990,6,130,0.2910310924053192
1991,6,131,0.3009246289730072
1992,6,132,0.3831940293312073
1993,6,133,0.345109760761261
1994,6,134,0.34240272641181946
1995,6,135,0.30233967304229736
1996,6,136,0.3024815022945404
1997,6,137,0.2854551672935486
1998,6,138,0.35402336716651917
1999,6,139,0.36639899015426636
2000,6,140,0.3061395287513733
2001,6,141,0.5611639022827148
2002,6,142,0.3577529788017273
2003,6,143,0.26484254002571106
2004,6,144,0.28831133246421814
2005,6,145,0.26053935289382935
2006,6,146,0.387522429227829
2007,6,147,0.40847665071487427
2008,6,148,0.2780027985572815
2009,6,149,0.3645554184913635
2010,6,150,0.29784125089645386
2011,6,151,0.2945247292518616
2012,6,152,0.5715111494064331
2013,6,153,0.313335120677948
2014,6,154,0.33736085891723633
2015,6,155,0.48979315161705017
2016,6,156,0.3246687054634094
2017,6,157,0.41737470030784607
2018,6,158,0.31896376609802246
2019,6,159,0.2745736241340637
2020,6,160,0.41911086440086365
2021,6,161,0.3361075520515442
2022,6,162,0.4510168135166168
2023,6,163,0.3796863257884979
2024,6,164,0.35349538922309875
2025,6,165,0.34685418009757996
2026,6,166,0.25260987877845764
2027,6,167,0.36388999223709106
2028,6,168,0.25801560282707214
2029,6,169,0.35038110613822937
2030,6,170,0.4042929708957672
2031,6,171,0.33905234932899475
2032,6,172,0.4324658513069153
2033,6,173,0.27897322177886963
2034,6,174,0.3071618676185608
2035,6,175,0.3224751949310303
2036,6,176,0.2905808687210083
2037,6,177,0.32531628012657166
2038,6,178,0.33614110946655273
2039,6,179,0.29559454321861267
2040,6,180,0.33443009853363037
2041,6,181,0.2900100648403168
2042,6,182,0.2773491442203522
2043,6,183,0.34589672088623047
2044,6,184,0.3334433436393738
2045,6,185,0.3054092228412628
2046,6,186,0.30174022912979126
2047,6,187,0.31060829758644104
2048,6,188,0.679693341255188
2049,6,189,0.29285427927970886
2050,6,190,0.32611018419265747
2051,6,191,0.3242928683757782
2052,6,192,0.40230074524879456
2053,6,193,0.3345681130886078
2054,6,194,0.37645941972732544
2055,6,195,0.2821630835533142
2056,6,196,0.28216248750686646
2057,6,197,0.2745928466320038
2058,6,198,0.33026331663131714
2059,6,199,0.284950315952301
2060,6,200,0.3532852530479431
2061,6,201,0.2619873881340027
2062,6,202,0.3146693706512451
2063,6,203,0.33888667821884155
2064,6,204,0.26689612865448
2065,6,205,0.3878474831581116
2066,6,206,0.33623677492141724
2067,6,207,0.3097570538520813
2068,6,208,0.3728879988193512
2069,6,209,0.32242995500564575
2070,6,210,0.2924109995365143
2071,6,211,0.32781603932380676
2072,6,212,0.3106904923915863
2073,6,213,0.2833063006401062
2074,6,214,0.4027521014213562
2075,6,215,0.6837351322174072
2076,6,216,0.2505146861076355
2077,6,217,0.3083801865577698
2078,6,218,0.2826378643512726
2079,6,219,0.37486058473587036
2080,6,220,0.3431793451309204
2081,6,221,0.20432405173778534
2082,6,222,0.3961367905139923
2083,6,223,0.2724756896495819
2084,6,224,0.3018999695777893
2085,6,225,0.26675090193748474
2086,6,226,0.2965864837169647
2087,6,227,0.3337775468826294
2088,6,228,0.3967859745025635
2089,6,229,0.22804482281208038
2090,6,230,0.3159402310848236
2091,6,231,0.2612778842449188
2092,6,232,0.3349148631095886
2093,6,233,0.283219575881958
2094,6,234,0.24471835792064667
2095,6,235,0.30376625061035156
2096,6,236,0.2873048186302185
2097,6,237,0.36621126532554626
2098,6,238,0.29770904779434204
2099,6,239,0.29191112518310547
2100,6,240,0.37467047572135925
2101,6,241,0.3160940408706665
2102,6,242,0.41559624671936035
2103,6,243,0.3214161694049835
2104,6,244,0.33612990379333496
2105,6,245,0.3580992519855499
2106,6,246,0.3027239143848419
2107,6,247,0.3199477791786194
2108,6,248,0.25500255823135376
2109,6,249,0.2751990854740143
2110,6,250,0.5662511587142944
2111,6,251,0.5263732671737671
2112,6,252,0.4051665663719177
2113,6,253,0.36007359623908997
2114,6,254,0.31578391790390015
2115,6,255,0.4148634076118469
2116,6,256,0.33321696519851685
2117,6,257,0.35724905133247375
2118,6,258,0.35010582208633423
2119,6,259,0.2794007360935211
2120,6,260,0.2882785201072693
2121,6,261,0.30876022577285767
2122,6,262,0.3100307881832123
2123,6,263,0.3520839810371399
2124,6,264,0.3328849971294403
2125,6,265,0.33919578790664673
2126,6,266,0.2928016483783722
2127,6,267,0.4176974296569824
2128,6,268,0.640422523021698
2129,6,269,0.3753047585487366
2130,6,270,0.2938796281814575
2131,6,271,0.47926005721092224
2132,6,272,0.33189505338668823
2133,6,273,0.3493427634239197
2134,6,274,0.32442909479141235
2135,6,275,0.3727695345878601
2136,6,276,0.30839601159095764
2137,6,277,0.3215063810348511
2138,6,278,0.31179362535476685
2139,6,279,0.2429315596818924
2140,6,280,0.33102327585220337
2141,6,281,0.36442798376083374
2142,6,282,0.28055912256240845
2143,6,283,0.255867600440979
2144,6,284,0.3185560703277588
2145,6,285,0.2563050091266632
2146,6,286,0.4448811113834381
2147,6,287,0.31719234585762024
2148,6,288,0.3040282130241394
2149,6,289,0.3897567093372345
2150,6,290,0.2727550268173218
2151,6,291,0.29051318764686584
2152,6,292,0.3439091145992279
2153,6,293,0.3196994364261627
2154,6,294,0.28030723333358765
2155,6,295,0.3393128514289856
2156,6,296,0.3715156614780426
2157,6,297,0.2915710508823395
2158,6,298,1.1175892353057861
2159,6,299,0.27817875146865845
2160,6,300,0.363258957862854
2161,6,301,0.29305046796798706
2162,6,302,0.2304203063249588
2163,6,303,0.287789523601532
2164,6,304,0.31510651111602783
2165,6,305,0.6638233065605164
2166,6,306,0.3817744851112366
2167,6,307,0.34485799074172974
2168,6,308,0.35563164949417114
2169,6,309,0.3336814045906067
2170,6,310,0.32909661531448364
2171,6,311,0.2988492250442505
2172,6,312,0.33217698335647583
2173,6,313,0.3358408808708191
2174,6,314,0.28230658173561096
2175,6,315,0.2893903851509094
2176,6,316,0.2745817303657532
2177,6,317,0.37707972526550293
2178,6,318,0.29464322328567505
2179,6,319,0.3804086744785309
2180,6,320,0.4115414023399353
2181,6,321,0.4150726795196533
2182,6,322,0.30060651898384094
2183,6,323,0.30848217010498047
2184,6,324,0.41418495774269104
2185,6,325,0.3398172855377197
2186,6,326,0.40212225914001465
2187,6,327,0.33968186378479004
2188,6,328,0.2688748240470886
2189,6,329,0.24020615220069885
2190,6,330,0.33014148473739624
2191,6,331,0.3358922600746155
2192,6,332,0.30827248096466064
2193,6,333,0.2894599139690399
2194,6,334,0.34077757596969604
2195,6,335,0.3100505471229553
2196,6,336,0.36606577038764954
2197,6,337,0.2410951405763626
2198,6,338,0.3202051818370819
2199,6,339,0.34529709815979004
2200,6,340,0.36805593967437744
2201,6,341,0.3585982620716095
2202,6,342,0.3116072118282318
2203,6,343,0.46635109186172485
2204,6,344,0.281072735786438
2205,6,345,0.32542774081230164
2206,6,346,0.4013095796108246
2207,6,347,0.3461674749851227
2208,6,348,0.3475773334503174
2209,6,349,0.3205057978630066
2210,6,350,0.31873199343681335
2211,6,351,0.4213612675666809
2212,6,352,0.2943181097507477
2213,6,353,0.32044655084609985
2214,6,354,0.32244452834129333
2215,6,355,0.3155915141105652
2216,6,356,0.28804078698158264
2217,6,357,0.41172438859939575
2218,6,358,0.24773776531219482
2219,6,359,0.40298980474472046
2220,6,360,0.3481059670448303
2221,6,361,0.36998221278190613
2222,6,362,0.25352370738983154
2223,6,363,0.2798750698566437
2224,6,364,0.2914082407951355
2225,6,365,0.30518195033073425
2226,6,366,0.3716629147529602
2227,6,367,0.4033268988132477
2228,6,368,0.36238038539886475
2229,6,369,0.3291536569595337
2230,6,370,0.28747668862342834
2231,6,371,0.28029775619506836
2232,6,372,0.2815444767475128
2233,7,1,0.2894361615180969
2234,7,2,0.3104507029056549
2235,7,3,0.6794012784957886
2236,7,4,0.35580360889434814
2237,7,5,0.28686875104904175
2238,7,6,0.30780142545700073
2239,7,7,0.3381223976612091
2240,7,8,0.3372945487499237
2241,7,9,0.34739962220191956
2242,7,10,0.29290878772735596
2243,7,11,0.26788488030433655
2244,7,12,0.2692764401435852
2245,7,13,0.2952348589897156
2246,7,14,0.2671779692173004
2247,7,15,0.32155662775039673
2248,7,16,0.3182560205459595
2249,7,17,0.2835424542427063
2250,7,18,0.2706167995929718
2251,7,19,0.26966044306755066
2252,7,20,0.30655187368392944
2253,7,21,0.2812909483909607
2254,7,22,0.28547409176826477
2255,7,23,0.19834637641906738
2256,7,24,0.4759756028652191
2257,7,25,0.2745158076286316
2258,7,26,0.2876517176628113
2259,7,27,0.3079751431941986
2260,7,28,0.3139646649360657
2261,7,29,0.3467538356781006
2262,7,30,0.2542183995246887
2263,7,31,0.3275356590747833
2264,7,32,0.34081703424453735
2265,7,33,0.2899605929851532
2266,7,34,0.3498101830482483
2267,7,35,0.24812021851539612
2268,7,36,0.2314983606338501
2269,7,37,0.28617751598358154
2270,7,38,0.28657084703445435
2271,7,39,0.2985707223415375
2272,7,40,0.25749146938323975
2273,7,41,0.23491200804710388
2274,7,42,0.3273830711841583
2275,7,43,0.31240004301071167
2276,7,44,0.34774357080459595
2277,7,45,0.25561821460723877
2278,7,46,0.2495238333940506
2279,7,47,0.3397580087184906
2280,7,48,0.2480585128068924
2281,7,49,0.3546791970729828
2282,7,50,0.34194448590278625
2283,7,51,0.3057663142681122
2284,7,52,0.34666547179222107
2285,7,53,0.24434015154838562
2286,7,54,0.27237841486930847
2287,7,55,0.3757801055908203
2288,7,56,0.34497302770614624
2289,7,57,0.3050191402435303
2290,7,58,0.41370195150375366
2291,7,59,0.2689456343650818
2292,7,60,0.2836683392524719
2293,7,61,0.2922174632549286
2294,7,62,0.35387203097343445
2295,7,63,0.23880581557750702
2296,7,64,0.40086299180984497
2297,7,65,0.32951903343200684
2298,7,66,0.29033640027046204
2299,7,67,0.3991537392139435
2300,7,68,0.31117695569992065
2301,7,69,0.3796536326408386
2302,7,70,0.3073298931121826
2303,7,71,1.1609632968902588
2304,7,72,0.3944145739078522
2305,7,73,0.3696911931037903
2306,7,74,0.22763559222221375
2307,7,75,0.3009946942329407
2308,7,76,0.3264995813369751
2309,7,77,0.3685346245765686
2310,7,78,0.27109992504119873
2311,7,79,0.26458582282066345
2312,7,80,0.33159464597702026
2313,7,81,0.35382676124572754
2314,7,82,0.26138511300086975
2315,7,83,0.36110901832580566
2316,7,84,0.3663651943206787
2317,7,85,0.3213912546634674
2318,7,86,0.2581622004508972
2319,7,87,0.2995387017726898
2320,7,88,0.28333988785743713
2321,7,89,0.35048869252204895
2322,7,90,0.712675929069519
2323,7,91,0.2676312327384949
2324,7,92,0.3409474790096283
2325,7,93,0.34553998708724976
2326,7,94,0.26833486557006836
2327,7,95,0.2603752017021179
2328,7,96,0.2913541793823242
2329,7,97,0.2871488928794861
2330,7,98,0.2965013384819031
2331,7,99,0.32075318694114685
2332,7,100,0.3254397511482239
2333,7,101,0.39644962549209595
2334,7,102,0.32564103603363037
2335,7,103,0.32807108759880066
2336,7,104,0.32832929491996765
2337,7,105,0.3240167796611786
2338,7,106,0.4393118917942047
2339,7,107,0.28273212909698486
2340,7,108,0.3271405100822449
2341,7,109,0.32688993215560913
2342,7,110,0.27448228001594543
2343,7,111,0.322145938873291
2344,7,112,0.33459073305130005
2345,7,113,0.256614625453949
2346,7,114,0.3482525944709778
2347,7,115,0.3358132541179657
2348,7,116,0.34424835443496704
2349,7,117,0.31083258986473083
2350,7,118,0.3401908874511719
2351,7,119,0.30047163367271423
2352,7,120,0.669978141784668
2353,7,121,0.2808785140514374
2354,7,122,0.28795695304870605
2355,7,123,0.3122430443763733
2356,7,124,0.30010324716567993
2357,7,125,0.29788726568222046
2358,7,126,0.24691608548164368
2359,7,127,0.3763343095779419
2360,7,128,0.26782283186912537
2361,7,129,0.25693079829216003
2362,7,130,0.42013970017433167
2363,7,131,0.24308893084526062
2364,7,132,0.3033585548400879
2365,7,133,0.31681713461875916
2366,7,134,0.30064424872398376
2367,7,135,0.30656689405441284
2368,7,136,0.3249625265598297
2369,7,137,0.2603782117366791
2370,7,138,0.36645767092704773
2371,7,139,1.0366863012313843
2372,7,140,0.32489997148513794
2373,7,141,0.27029862999916077
2374,7,142,0.26500678062438965
2375,7,143,0.33504217863082886
2376,7,144,0.34925344586372375
2377,7,145,0.3477555811405182
2378,7,146,0.31729069352149963
2379,7,147,0.3041406571865082
2380,7,148,0.30461400747299194
2381,7,149,0.21680352091789246
2382,7,150,0.4026663899421692
2383,7,151,0.25923770666122437
2384,7,152,0.3220195174217224
2385,7,153,0.32386377453804016
2386,7,154,0.3279187083244324
2387,7,155,0.295634001493454
2388,7,156,0.3661385178565979
2389,7,157,0.3648473918437958
2390,7,158,0.40526747703552246
2391,7,159,0.2290969341993332
2392,7,160,0.3280346989631653
2393,7,161,0.2696068286895752
2394,7,162,0.26078420877456665
2395,7,163,0.2698657810688019
2396,7,164,0.31061023473739624
2397,7,165,0.22592124342918396
2398,7,166,0.588780403137207
2399,7,167,0.308414101600647
2400,7,168,0.2218049317598343
2401,7,169,0.3503949046134949
2402,7,170,0.3998800814151764
2403,7,171,0.2256460189819336
2404,7,172,0.368559330701828
2405,7,173,0.31562548875808716
2406,7,174,0.2875449061393738
2407,7,175,0.322639524936676
2408,7,176,0.2941955029964447
2409,7,177,0.3610492944717407
2410,7,178,0.3365093767642975
2411,7,179,0.3046213388442993
2412,7,180,0.33674460649490356
2413,7,181,0.39562469720840454
2414,7,182,0.3563832938671112
2415,7,183,0.28803032636642456
2416,7,184,0.7533243894577026
2417,7,185,0.3205525875091553
2418,7,186,0.2962343692779541
2419,7,187,0.2883426547050476
2420,7,188,0.23778283596038818
2421,7,189,0.2570755183696747
2422,7,190,0.30885258316993713
2423,7,191,0.3466781973838806
2424,7,192,0.36278262734413147
2425,7,193,0.2702797055244446
2426,7,194,0.3880915939807892
2427,7,195,0.34262123703956604
2428,7,196,0.3570396900177002
2429,7,197,0.30574536323547363
2430,7,198,0.28518280386924744
2431,7,199,0.2123487889766693
2432,7,200,0.3295688033103943
2433,7,201,0.3586783707141876
2434,7,202,0.35997718572616577
2435,7,203,0.2631365656852722
2436,7,204,0.2821177542209625
2437,7,205,0.30825698375701904
2438,7,206,0.3295641541481018
2439,7,207,0.4012838304042816
2440,7,208,0.32901662588119507
2441,7,209,0.32409992814064026
2442,7,210,0.2992362380027771
2443,7,211,0.3415077328681946
2444,7,212,0.41033226251602173
2445,7,213,0.25735363364219666
2446,7,214,0.28111550211906433
2447,7,215,0.3340050280094147
2448,7,216,0.30316922068595886
2449,7,217,0.7682541608810425
2450,7,218,0.2432069033384323
2451,7,219,0.2794652581214905
2452,7,220,0.3874908983707428
2453,7,221,0.3254736661911011
2454,7,222,0.31792956590652466
2455,7,223,0.2852540612220764
2456,7,224,0.19336795806884766
2457,7,225,0.2867920994758606
2458,7,226,0.29666760563850403
2459,7,227,0.37932291626930237
2460,7,228,0.26376697421073914
2461,7,229,0.3082682490348816
2462,7,230,0.34261104464530945
2463,7,231,0.3740169107913971
2464,7,232,0.2847519814968109
2465,7,233,0.34057942032814026
2466,7,234,0.2480752021074295
2467,7,235,0.3808397650718689
2468,7,236,0.6172351837158203
2469,7,237,0.2861269414424896
2470,7,238,0.2813221216201782
2471,7,239,0.20024991035461426
2472,7,240,0.324953556060791
2473,7,241,0.27982860803604126
2474,7,242,0.4750525951385498
2475,7,243,0.3181917667388916
2476,7,244,0.2576868534088135
2477,7,245,0.24937722086906433
2478,7,246,0.36578160524368286
2479,7,247,0.40755119919776917
2480,7,248,0.3734583258628845
2481,7,249,0.2658751308917999
2482,7,250,0.24462763965129852
2483,7,251,0.27230843901634216
2484,7,252,0.30130890011787415
2485,7,253,0.2698279023170471
2486,7,254,0.2663709819316864
2487,7,255,0.2965806722640991
2488,7,256,0.25363874435424805
2489,7,257,0.3984085023403168
2490,7,258,0.29010140895843506
2491,7,259,0.2738206684589386
2492,7,260,0.30828386545181274
2493,7,261,0.2805394232273102
2494,7,262,0.28028374910354614
2495,7,263,0.29526495933532715
2496,7,264,0.2650647759437561
2497,7,265,0.2583760619163513
2498,7,266,0.3223731517791748
2499,7,267,0.33673086762428284
2500,7,268,0.26088982820510864
2501,7,269,0.3266548812389374
2502,7,270,0.3079434931278229
2503,7,271,0.23175418376922607
2504,7,272,0.3214537799358368
2505,7,273,0.2727392017841339
2506,7,274,0.2891189754009247
2507,7,275,0.36688804626464844
2508,7,276,0.27549847960472107
2509,7,277,0.31746459007263184
2510,7,278,0.3392108082771301
2511,7,279,0.28589385747909546
2512,7,280,0.2292114794254303
2513,7,281,0.3888608515262604
2514,7,282,0.34559500217437744
2515,7,283,0.2880379557609558
2516,7,284,0.35112470388412476
2517,7,285,0.2753848433494568
2518,7,286,0.28112292289733887
2519,7,287,0.2846050262451172
2520,7,288,0.33899974822998047
2521,7,289,0.3318568170070648
2522,7,290,0.3488689064979553
2523,7,291,0.2648469805717468
2524,7,292,0.26464638113975525
2525,7,293,0.33405083417892456
2526,7,294,0.3875884711742401
2527,7,295,0.35646945238113403
2528,7,296,0.3651890754699707
2529,7,297,0.2676214873790741
2530,7,298,0.39871442317962646
2531,7,299,0.30316513776779175
2532,7,300,0.25761091709136963
2533,7,301,0.33623892068862915
2534,7,302,0.29951876401901245
2535,7,303,0.38067033886909485
2536,7,304,0.3324950933456421
2537,7,305,0.33080974221229553
2538,7,306,0.35057011246681213
2539,7,307,0.2718120515346527
2540,7,308,0.3136274218559265
2541,7,309,0.2832653522491455
2542,7,310,0.23401443660259247
2543,7,311,0.28747493028640747
2544,7,312,0.3298971652984619
2545,7,313,0.3078120946884155
2546,7,314,0.31656068563461304
2547,7,315,0.3414553105831146
2548,7,316,0.325768381357193
2549,7,317,0.3017067313194275
2550,7,318,0.2535739541053772
2551,7,319,0.3630084991455078
2552,7,320,0.29374462366104126
2553,7,321,0.3368179202079773
2554,7,322,0.4689878523349762
2555,7,323,0.2671816051006317
2556,7,324,0.27346888184547424
2557,7,325,0.2805328965187073
2558,7,326,0.32394489645957947
2559,7,327,0.3906235098838806
2560,7,328,0.2617804706096649
2561,7,329,0.23850107192993164
2562,7,330,0.2835083305835724
2563,7,331,0.308096706867218
2564,7,332,0.26421308517456055
2565,7,333,0.23287002742290497
2566,7,334,0.4270694851875305
2567,7,335,0.29516544938087463
2568,7,336,0.23856815695762634
2569,7,337,0.3114730715751648
2570,7,338,0.2636486887931824
2571,7,339,0.5508972406387329
2572,7,340,0.33659040927886963
2573,7,341,0.2986346185207367
2574,7,342,0.31467920541763306
2575,7,343,0.31451502442359924
2576,7,344,0.26638442277908325
2577,7,345,0.27700281143188477
2578,7,346,0.31259217858314514
2579,7,347,0.2848784327507019
2580,7,348,0.31216174364089966
2581,7,349,0.4509022831916809
2582,7,350,0.27442431449890137
2583,7,351,0.3174940049648285
2584,7,352,0.31649208068847656
2585,7,353,0.3043380677700043
2586,7,354,0.3053478002548218
2587,7,355,0.24527578055858612
2588,7,356,0.335209459066391
2589,7,357,0.3520300090312958
2590,7,358,0.31146520376205444
2591,7,359,0.49337834119796753
2592,7,360,0.27125197649002075
2593,7,361,0.3274003863334656
2594,7,362,0.3382563889026642
2595,7,363,0.31099632382392883
2596,7,364,0.34446924924850464
2597,7,365,0.3234178423881531
2598,7,366,0.2734164893627167
2599,7,367,0.30955442786216736
2600,7,368,0.29012757539749146
2601,7,369,0.499128520488739
2602,7,370,0.2607947885990143
2603,7,371,0.3665693402290344
2604,7,372,0.3203558921813965
2605,8,1,0.28959932923316956
2606,8,2,0.38541489839553833
2607,8,3,0.24742189049720764
2608,8,4,0.2607167065143585
2609,8,5,0.6874713897705078
2610,8,6,0.3654909133911133
2611,8,7,0.32959362864494324
2612,8,8,0.34342360496520996
2613,8,9,0.31793490052223206
2614,8,10,0.2766469120979309
2615,8,11,0.3781186044216156
2616,8,12,0.287505567073822
2617,8,13,0.2543012201786041
2618,8,14,0.34070274233818054
2619,8,15,0.39622369408607483
2620,8,16,0.3364548087120056
2621,8,17,0.3345785140991211
2622,8,18,0.27734434604644775
2623,8,19,0.5628458261489868
2624,8,20,0.3590524196624756
2625,8,21,0.2894306182861328
2626,8,22,0.2515053153038025
2627,8,23,0.30274713039398193
2628,8,24,0.451395183801651
2629,8,25,0.305866003036499
2630,8,26,0.33285248279571533
2631,8,27,0.263003408908844
2632,8,28,0.23717646300792694
2633,8,29,0.2565622627735138
2634,8,30,0.3080931603908539
2635,8,31,0.30904120206832886
2636,8,32,0.26647692918777466
2637,8,33,0.2803049087524414
2638,8,34,0.289359986782074
2639,8,35,0.26177042722702026
2640,8,36,0.3727733790874481
2641,8,37,0.34793704748153687
2642,8,38,0.2916092276573181
2643,8,39,0.29818761348724365
2644,8,40,0.24401482939720154
2645,8,41,0.23894569277763367
2646,8,42,0.2869567275047302
2647,8,43,0.21139749884605408
2648,8,44,0.31281283497810364
2649,8,45,0.31750693917274475
2650,8,46,0.25473442673683167
2651,8,47,0.390328973531723
2652,8,48,0.29152819514274597
2653,8,49,0.3068488538265228
2654,8,50,0.27010565996170044
2655,8,51,0.2968645691871643
2656,8,52,0.2604287564754486
2657,8,53,0.2749485373497009
2658,8,54,0.30152463912963867
2659,8,55,0.25637975335121155
2660,8,56,0.2760515511035919
2661,8,57,0.21143952012062073
2662,8,58,0.2609320282936096
2663,8,59,0.24022357165813446
2664,8,60,0.3747251629829407
2665,8,61,0.3293546736240387
2666,8,62,0.4504165053367615
2667,8,63,0.28152140974998474
2668,8,64,0.36428484320640564
2669,8,65,0.24122245609760284
2670,8,66,0.322474867105484
2671,8,67,0.33306440711021423
2672,8,68,0.3049314618110657
2673,8,69,0.2717379927635193
2674,8,70,0.25570255517959595
2675,8,71,0.30498573184013367
2676,8,72,0.31535452604293823
2677,8,73,0.29514241218566895
2678,8,74,0.3394180238246918
2679,8,75,0.24958372116088867
2680,8,76,0.26903095841407776
2681,8,77,0.3501112163066864
2682,8,78,0.24101582169532776
2683,8,79,0.25652143359184265
2684,8,80,0.268962025642395
2685,8,81,0.2571731209754944
2686,8,82,0.4426403045654297
2687,8,83,0.29126206040382385
2688,8,84,0.34095877408981323
2689,8,85,0.342134028673172
2690,8,86,0.2771894037723541
2691,8,87,0.3999326229095459
2692,8,88,0.2958417534828186
2693,8,89,0.2818446457386017
2694,8,90,0.2405848205089569
2695,8,91,0.27957218885421753
2696,8,92,0.39450615644454956
2697,8,93,0.28702110052108765
2698,8,94,0.2975422441959381
2699,8,95,0.3760601282119751
2700,8,96,0.3401784300804138
2701,8,97,0.27585065364837646
2702,8,98,0.35096636414527893
2703,8,99,0.2565992474555969
2704,8,100,0.29562798142433167
2705,8,101,0.33312103152275085
2706,8,102,0.3037363588809967
2707,8,103,0.32609817385673523
2708,8,104,0.644112765789032
2709,8,105,0.32650741934776306
2710,8,106,0.3250126242637634
2711,8,107,0.32399311661720276
2712,8,108,0.257996529340744
2713,8,109,0.3348594605922699
2714,8,110,0.26718637347221375
2715,8,111,0.318459689617157
2716,8,112,0.2765498757362366
2717,8,113,0.348167359828949
2718,8,114,0.3516538143157959
2719,8,115,0.2567588984966278
2720,8,116,0.29039451479911804
2721,8,117,0.2948518395423889
2722,8,118,0.2690655589103699
2723,8,119,0.3176697790622711
2724,8,120,0.2791028916835785
2725,8,121,0.20301485061645508
2726,8,122,0.345794141292572
2727,8,123,0.2757723331451416
2728,8,124,0.3125392496585846
2729,8,125,0.24836134910583496
2730,8,126,0.36766916513442993
2731,8,127,0.2903805077075958
2732,8,128,0.3025481104850769
2733,8,129,0.33283641934394836
2734,8,130,0.29295313358306885
2735,8,131,0.31584063172340393
2736,8,132,0.37060078978538513
2737,8,133,0.3403107523918152
2738,8,134,0.31826967000961304
2739,8,135,0.28628504276275635
2740,8,136,0.2584182918071747
2741,8,137,0.6618481874465942
2742,8,138,0.2677110433578491
2743,8,139,0.34655657410621643
2744,8,140,0.3299916684627533
2745,8,141,0.27653175592422485
2746,8,142,0.3107925057411194
2747,8,143,0.30805227160453796
2748,8,144,0.3028094172477722
2749,8,145,0.32233256101608276
2750,8,146,0.30279865860939026
2751,8,147,0.27663567662239075
2752,8,148,0.26618388295173645
2753,8,149,0.2694503664970398
2754,8,150,0.27997487783432007
2755,8,151,0.2722150981426239
2756,8,152,0.2674546539783478
2757,8,153,0.23977544903755188
2758,8,154,0.24719765782356262
2759,8,155,0.3317034840583801
2760,8,156,0.3228880763053894
2761,8,157,0.3222599923610687
2762,8,158,0.27050134539604187
2763,8,159,0.2889350950717926
2764,8,160,0.25208455324172974
2765,8,161,0.2481953203678131
2766,8,162,0.2746235132217407
2767,8,163,0.3571377396583557
2768,8,164,0.3118673861026764
2769,8,165,0.3047940135002136
2770,8,166,0.3025240898132324
2771,8,167,0.2605114281177521
2772,8,168,0.29644349217414856
2773,8,169,0.32159295678138733
2774,8,170,0.22313925623893738
2775,8,171,0.30423784255981445
2776,8,172,0.417671263217926
2777,8,173,0.32845067977905273
2778,8,174,0.26679596304893494
2779,8,175,0.24838344752788544
2780,8,176,0.2719898223876953
2781,8,177,0.31133145093917847
2782,8,178,0.3137161433696747
2783,8,179,0.36093297600746155
2784,8,180,0.33111220598220825
2785,8,181,0.35283371806144714
2786,8,182,0.3341025710105896
2787,8,183,0.2908094525337219
2788,8,184,0.24499110877513885
2789,8,185,0.31496462225914
2790,8,186,0.2724866569042206
2791,8,187,0.30766791105270386
2792,8,188,0.2866281569004059
2793,8,189,0.2845078408718109
2794,8,190,0.2368352860212326
2795,8,191,0.30719393491744995
2796,8,192,0.35621577501296997
2797,8,193,0.3600137531757355
2798,8,194,0.32400262355804443
2799,8,195,0.27486151456832886
2800,8,196,0.27028581500053406
2801,8,197,0.29507431387901306
2802,8,198,0.2670447826385498
2803,8,199,0.25817185640335083
2804,8,200,0.21432001888751984
2805,8,201,0.320290744304657
2806,8,202,0.2700486183166504
2807,8,203,0.3182906210422516
2808,8,204,0.27714642882347107
2809,8,205,0.4070289134979248
2810,8,206,0.3525652289390564
2811,8,207,0.2551324963569641
2812,8,208,0.34022626280784607
2813,8,209,0.28676408529281616
2814,8,210,0.3136540949344635
2815,8,211,0.41957908868789673
2816,8,212,0.3500328063964844
2817,8,213,0.30481356382369995
2818,8,214,0.29863715171813965
2819,8,215,0.23818662762641907
2820,8,216,0.2465033233165741
2821,8,217,0.23890328407287598
2822,8,218,0.3316251337528229
2823,8,219,0.2929871380329132
2824,8,220,0.3189324736595154
2825,8,221,0.2405330240726471
2826,8,222,0.2537463307380676
2827,8,223,0.3209923505783081
2828,8,224,0.379275381565094
2829,8,225,0.2867254912853241
2830,8,226,0.29409104585647583
2831,8,227,0.280333548784256
2832,8,228,0.3218255043029785
2833,8,229,0.30611011385917664
2834,8,230,0.27380621433258057
2835,8,231,0.29600709676742554
2836,8,232,0.2949713170528412
2837,8,233,0.2658335566520691
2838,8,234,0.2384510338306427
2839,8,235,0.3594034016132355
2840,8,236,0.30679580569267273
2841,8,237,0.2620622515678406
2842,8,238,0.26282328367233276
2843,8,239,0.26897570490837097
2844,8,240,0.33909958600997925
2845,8,241,0.33123815059661865
2846,8,242,0.2617087960243225
2847,8,243,0.46251264214515686
2848,8,244,0.23096513748168945
2849,8,245,0.2946140468120575
2850,8,246,0.279679536819458
2851,8,247,0.295571893453598
2852,8,248,0.3713225722312927
2853,8,249,0.29970407485961914
2854,8,250,0.2680513560771942
2855,8,251,0.3127381205558777
2856,8,252,0.267473042011261
2857,8,253,0.29002729058265686
2858,8,254,0.24754071235656738
2859,8,255,0.26370003819465637
2860,8,256,0.29226887226104736
2861,8,257,0.4344940185546875
2862,8,258,0.26618605852127075
2863,8,259,0.30973121523857117
2864,8,260,0.2649253010749817
2865,8,261,0.2526160478591919
2866,8,262,0.3028573989868164
2867,8,263,0.3897545337677002
2868,8,264,0.2784435451030731
2869,8,265,0.2824196219444275
2870,8,266,0.3467699885368347
2871,8,267,0.37413302063941956
2872,8,268,0.3427974581718445
2873,8,269,0.7447630763053894
2874,8,270,0.34013789892196655
2875,8,271,0.2669227719306946
2876,8,272,0.31325337290763855
2877,8,273,0.3031920790672302
2878,8,274,0.26601165533065796
2879,8,275,0.2675934433937073
2880,8,276,0.3268232047557831
2881,8,277,0.3537747263908386
2882,8,278,0.2582942843437195
2883,8,279,0.19647301733493805
2884,8,280,0.26625800132751465
2885,8,281,0.26570969820022583
2886,8,282,0.3760204315185547
2887,8,283,0.2570026218891144
2888,8,284,0.35115155577659607
2889,8,285,0.2295062094926834
2890,8,286,0.27380427718162537
2891,8,287,0.28870612382888794
2892,8,288,0.2601187825202942
2893,8,289,0.31609177589416504
2894,8,290,0.2644112706184387
2895,8,291,0.34173116087913513
2896,8,292,0.3114211857318878
2897,8,293,0.35225948691368103
2898,8,294,0.32600802183151245
2899,8,295,0.2754766345024109
2900,8,296,0.22726953029632568
2901,8,297,0.26849979162216187
2902,8,298,0.3209075331687927
2903,8,299,0.30693474411964417
2904,8,300,0.28433653712272644
2905,8,301,0.3039913773536682
2906,8,302,0.29758238792419434
2907,8,303,0.31680506467819214
2908,8,304,0.3058069348335266
2909,8,305,0.26456308364868164
2910,8,306,0.2742482125759125
2911,8,307,0.2820885181427002
2912,8,308,0.2787407636642456
2913,8,309,0.24334284663200378
2914,8,310,0.27180084586143494
2915,8,311,0.2680538296699524
2916,8,312,0.29276517033576965
2917,8,313,0.36843565106391907
2918,8,314,0.29129424691200256
2919,8,315,0.6688146591186523
2920,8,316,0.47240591049194336
2921,8,317,0.25647756457328796
2922,8,318,0.29651397466659546
2923,8,319,0.2646430432796478
2924,8,320,0.3447590172290802
2925,8,321,0.265536367893219
2926,8,322,0.2599162757396698
2927,8,323,0.3267449140548706
2928,8,324,0.2737163305282593
2929,8,325,0.33829089999198914
2930,8,326,0.23046556115150452
2931,8,327,0.3913341164588928
2932,8,328,0.2607118487358093
2933,8,329,0.32549774646759033
2934,8,330,0.2561662793159485
2935,8,331,0.2607596814632416
2936,8,332,0.23397941887378693
2937,8,333,0.24534782767295837
2938,8,334,0.25153613090515137
2939,8,335,0.24608194828033447
2940,8,336,0.31327903270721436
2941,8,337,0.22542020678520203
2942,8,338,0.3115262985229492
2943,8,339,0.24228067696094513
2944,8,340,0.24502599239349365
2945,8,341,0.7468485236167908
2946,8,342,0.2666827142238617
2947,8,343,0.34856846928596497
2948,8,344,0.28167447447776794
2949,8,345,0.7058483958244324
2950,8,346,0.7006048560142517
2951,8,347,0.2561018764972687
2952,8,348,0.3067702054977417
2953,8,349,0.31690293550491333
2954,8,350,0.24092750251293182
2955,8,351,0.303101509809494
2956,8,352,0.6194818615913391
2957,8,353,0.31935811042785645
2958,8,354,0.2833741307258606
2959,8,355,0.27325505018234253
2960,8,356,0.30541861057281494
2961,8,357,0.23910672962665558
2962,8,358,0.37094685435295105
2963,8,359,0.32738709449768066
2964,8,360,0.2761163115501404
2965,8,361,0.2654382586479187
2966,8,362,0.411905437707901
2967,8,363,0.3216572403907776
2968,8,364,0.3625832796096802
2969,8,365,0.24627718329429626
2970,8,366,0.5085312128067017
2971,8,367,0.245661661028862
2972,8,368,0.29244986176490784
2973,8,369,0.25803712010383606
2974,8,370,0.28524142503738403
2975,8,371,0.24499554932117462
2976,8,372,0.298882395029068
2977,9,1,0.25896939635276794
2978,9,2,0.3044700622558594
2979,9,3,0.2435479611158371
2980,9,4,0.3109343647956848
2981,9,5,0.38705435395240784
2982,9,6,0.28411173820495605
2983,9,7,0.24183645844459534
2984,9,8,0.28997454047203064
2985,9,9,0.26719751954078674
2986,9,10,0.2660823464393616
2987,9,11,0.24002370238304138
2988,9,12,0.686080276966095
2989,9,13,0.26918914914131165
2990,9,14,0.2762273848056793
2991,9,15,0.32556718587875366
2992,9,16,0.2843329906463623
2993,9,17,0.38986706733703613
2994,9,18,0.2700347602367401
2995,9,19,0.2602195739746094
2996,9,20,0.25957685708999634
2997,9,21,0.2831374406814575
2998,9,22,0.2834048867225647
2999,9,23,0.3099220097064972
3000,9,24,0.2976287305355072
3001,9,25,0.3190886974334717
3002,9,26,0.34608492255210876
3003,9,27,0.24562664330005646
3004,9,28,0.24641112983226776
3005,9,29,0.27671951055526733
3006,9,30,0.21867363154888153
3007,9,31,0.2630343735218048
3008,9,32,0.2590973675251007
3009,9,33,0.2614458203315735
3010,9,34,0.3130102753639221
3011,9,35,0.2681672275066376
3012,9,36,0.5485087633132935
3013,9,37,0.36507168412208557
3014,9,38,0.34538236260414124
3015,9,39,0.23489263653755188
3016,9,40,0.3148038983345032
3017,9,41,0.30162733793258667
3018,9,42,0.2915458083152771
3019,9,43,0.32714781165122986
3020,9,44,0.2930821180343628
3021,9,45,0.2203155755996704
3022,9,46,0.29341593384742737
3023,9,47,0.3492051959037781
3024,9,48,0.2789633870124817
3025,9,49,0.25243079662323
3026,9,50,0.25101983547210693
3027,9,51,0.2883530557155609
3028,9,52,0.31387415528297424
3029,9,53,0.2802560031414032
3030,9,54,0.32359322905540466
3031,9,55,0.25649499893188477
3032,9,56,0.4508638381958008
3033,9,57,0.28028547763824463
3034,9,58,0.31900903582572937
3035,9,59,0.2480693757534027
3036,9,60,0.2811201214790344
3037,9,61,0.29556804895401
3038,9,62,0.3148723542690277
3039,9,63,0.3356759250164032
3040,9,64,0.3238719701766968
3041,9,65,0.257498174905777
3042,9,66,0.3640187084674835
3043,9,67,0.3138763904571533
3044,9,68,0.26066309213638306
3045,9,69,0.3506696820259094
3046,9,70,0.2740936875343323
3047,9,71,0.27883490920066833
3048,9,72,0.29894715547561646
3049,9,73,0.3011644780635834
3050,9,74,0.29649168252944946
3051,9,75,0.2912823557853699
3052,9,76,0.2720057964324951
3053,9,77,0.27130424976348877
3054,9,78,0.28191718459129333
3055,9,79,0.23758402466773987
3056,9,80,0.28487628698349
3057,9,81,0.2617788314819336
3058,9,82,0.3110290467739105
3059,9,83,0.26159802079200745
3060,9,84,0.23755697906017303
3061,9,85,0.297730028629303
3062,9,86,0.2946171462535858
3063,9,87,0.24939563870429993
3064,9,88,0.22969754040241241
3065,9,89,0.2588236927986145
3066,9,90,0.26956242322921753
3067,9,91,0.24091513454914093
3068,9,92,0.27475705742836
3069,9,93,0.2838423550128937
3070,9,94,0.26495808362960815
3071,9,95,0.34370002150535583
3072,9,96,0.2880041003227234
3073,9,97,0.31273987889289856
3074,9,98,0.28312405943870544
3075,9,99,0.42539626359939575
3076,9,100,0.26644617319107056
3077,9,101,0.29279863834381104
3078,9,102,0.252204954624176
3079,9,103,0.2557140588760376
3080,9,104,0.2612825334072113
3081,9,105,0.21540336310863495
3082,9,106,0.24228966236114502
3083,9,107,0.2704737186431885
3084,9,108,0.20816512405872345
3085,9,109,0.2758406400680542
3086,9,110,0.29781633615493774
3087,9,111,0.29833146929740906
3088,9,112,0.2946215271949768
3089,9,113,0.2979075312614441
3090,9,114,0.28924188017845154
3091,9,115,0.3151622414588928
3092,9,116,0.36853379011154175
3093,9,117,0.3224058747291565
3094,9,118,0.31563085317611694
3095,9,119,0.2530190348625183
3096,9,120,0.3185533881187439
3097,9,121,0.3241652250289917
3098,9,122,0.28058281540870667
3099,9,123,0.2576001286506653
3100,9,124,0.2806755304336548
3101,9,125,0.24889962375164032
3102,9,126,0.30399805307388306
3103,9,127,0.2231355607509613
3104,9,128,0.2749123275279999
3105,9,129,0.2597896456718445
3106,9,130,0.3351561427116394
3107,9,131,0.26725393533706665
3108,9,132,0.25645744800567627
3109,9,133,0.24442103505134583
3110,9,134,0.21404926478862762
3111,9,135,0.3114979863166809
3112,9,136,0.297608882188797
3113,9,137,0.26465946435928345
3114,9,138,0.3104720115661621
3115,9,139,0.2632088363170624
3116,9,140,0.2999741733074188
3117,9,141,0.2776719927787781
3118,9,142,0.22217687964439392
3119,9,143,0.2538301646709442
3120,9,144,0.331830233335495
3121,9,145,0.2735999524593353
3122,9,146,0.29490476846694946
3123,9,147,0.29877912998199463
3124,9,148,0.29016730189323425
3125,9,149,0.3365350365638733
3126,9,150,0.2728578448295593
3127,9,151,0.2558140158653259
3128,9,152,0.2417588233947754
3129,9,153,0.6103383302688599
3130,9,154,0.7059465050697327
3131,9,155,0.4041730761528015
3132,9,156,0.23739692568778992
3133,9,157,0.7187454700469971
3134,9,158,0.1954135149717331
3135,9,159,0.31666600704193115
3136,9,160,0.2534082531929016
3137,9,161,0.25886887311935425
3138,9,162,0.2499663531780243
3139,9,163,0.3202889561653137
3140,9,164,0.31408506631851196
3141,9,165,0.28199303150177
3142,9,166,0.7104594111442566
3143,9,167,0.24149417877197266
3144,9,168,0.45653462409973145
3145,9,169,0.3130744695663452
3146,9,170,0.228418231010437
3147,9,171,0.6135971546173096
3148,9,172,0.2584540545940399
3149,9,173,0.36875849962234497
3150,9,174,0.29275333881378174
3151,9,175,0.2864774763584137
3152,9,176,0.32242244482040405
3153,9,177,0.2712344527244568
3154,9,178,0.2350504845380783
3155,9,179,0.2767867147922516
3156,9,180,0.23693522810935974
3157,9,181,0.3285371661186218
3158,9,182,0.2327771931886673
3159,9,183,0.24559660255908966
3160,9,184,0.3833668828010559
3161,9,185,0.27187174558639526
3162,9,186,0.6414760947227478
3163,9,187,0.3078766465187073
3164,9,188,0.26459628343582153
3165,9,189,0.30197349190711975
3166,9,190,0.2789224088191986
3167,9,191,0.3076546788215637
3168,9,192,0.269845187664032
3169,9,193,0.3571241796016693
3170,9,194,0.31815940141677856
3171,9,195,0.2878739535808563
3172,9,196,0.30959340929985046
3173,9,197,0.3631477653980255
3174,9,198,0.2647424042224884
3175,9,199,0.26634201407432556
3176,9,200,0.4021205008029938
3177,9,201,0.2888874411582947
3178,9,202,0.27086636424064636
3179,9,203,0.32417044043540955
3180,9,204,0.2894677519798279
3181,9,205,0.2849057614803314
3182,9,206,0.30333080887794495
3183,9,207,0.3361441493034363
3184,9,208,0.26268625259399414
3185,9,209,0.3209317922592163
3186,9,210,0.2454039305448532
3187,9,211,0.26126712560653687
3188,9,212,0.3397302031517029
3189,9,213,0.2855945825576782
3190,9,214,0.2963971197605133
3191,9,215,0.2880743145942688
3192,9,216,0.27527275681495667
3193,9,217,0.32707908749580383
3194,9,218,0.2799614369869232
3195,9,219,0.2446645200252533
3196,9,220,0.19455382227897644
3197,9,221,0.24266362190246582
3198,9,222,0.26891839504241943
3199,9,223,0.2989260256290436
3200,9,224,0.27266058325767517
3201,9,225,0.27595728635787964
3202,9,226,0.23565149307250977
3203,9,227,0.5135217905044556
3204,9,228,0.2161259651184082
3205,9,229,0.28480562567710876
3206,9,230,0.2692558169364929
3207,9,231,0.24275438487529755
3208,9,232,0.30078592896461487
3209,9,233,0.31582432985305786
3210,9,234,0.3515007793903351
3211,9,235,0.2843691408634186
3212,9,236,0.2754461169242859
3213,9,237,0.30164411664009094
3214,9,238,0.34041497111320496
3215,9,239,0.3000769317150116
3216,9,240,0.26317983865737915
3217,9,241,0.333810031414032
3218,9,242,0.25929364562034607
3219,9,243,0.2523868680000305
3220,9,244,0.2953556180000305
3221,9,245,0.2637767195701599
3222,9,246,0.28751900792121887
3223,9,247,0.3064152002334595
3224,9,248,0.2629263699054718
3225,9,249,0.31347692012786865
3226,9,250,0.34655123949050903
3227,9,251,0.2826673984527588
3228,9,252,0.279074102640152
3229,9,253,0.23212702572345734
3230,9,254,0.3662113547325134
3231,9,255,0.23500628769397736
3232,9,256,0.3092489540576935
3233,9,257,0.2762843370437622
3234,9,258,0.26925283670425415
3235,9,259,0.27792248129844666
3236,9,260,0.2844077944755554
3237,9,261,0.23635172843933105
3238,9,262,0.2997288703918457
3239,9,263,0.32470229268074036
3240,9,264,0.31587010622024536
3241,9,265,0.24509473145008087
3242,9,266,0.2850644588470459
3243,9,267,0.24451255798339844
3244,9,268,0.2201477289199829
3245,9,269,0.3210314214229584
3246,9,270,0.3000207841396332
3247,9,271,0.33157283067703247
3248,9,272,0.265634149312973
3249,9,273,0.28333574533462524
3250,9,274,0.2857455611228943
3251,9,275,0.23530790209770203
3252,9,276,0.4205532968044281
3253,9,277,0.2834542989730835
3254,9,278,0.2684633135795593
3255,9,279,0.29586508870124817
3256,9,280,0.4377385973930359
3257,9,281,0.3795667290687561
3258,9,282,0.2474808245897293
3259,9,283,0.3103320598602295
3260,9,284,0.2832760214805603
3261,9,285,0.2858404815196991
3262,9,286,0.32365739345550537
3263,9,287,0.2830161452293396
3264,9,288,0.23835861682891846
3265,9,289,0.3208414912223816
3266,9,290,0.2509152293205261
3267,9,291,0.33116188645362854
3268,9,292,0.2711503505706787
3269,9,293,0.303571879863739
3270,9,294,0.2531020939350128
3271,9,295,0.2703549265861511
3272,9,296,0.23633134365081787
3273,9,297,0.29361510276794434
3274,9,298,0.22844882309436798
3275,9,299,0.30178767442703247
3276,9,300,0.2940986752510071
3277,9,301,0.4096136689186096
3278,9,302,0.39301350712776184
3279,9,303,0.2651616930961609
3280,9,304,0.26531484723091125
3281,9,305,0.2740249037742615
3282,9,306,0.25625747442245483
3283,9,307,0.23037834465503693
3284,9,308,0.2553369402885437
3285,9,309,0.24498644471168518
3286,9,310,0.2995525002479553
3287,9,311,0.23629751801490784
3288,9,312,0.2887599468231201
3289,9,313,0.2713524103164673
3290,9,314,0.2543203830718994
3291,9,315,0.3505788743495941
3292,9,316,0.2714085876941681
3293,9,317,0.30477073788642883
3294,9,318,0.24961431324481964
3295,9,319,0.27213239669799805
3296,9,320,0.2626243233680725
3297,9,321,0.2494623363018036
3298,9,322,0.22782783210277557
3299,9,323,0.29558101296424866
3300,9,324,0.2803710401058197
3301,9,325,0.2902600169181824
3302,9,326,0.29486095905303955
3303,9,327,0.30342671275138855
3304,9,328,0.28258687257766724
3305,9,329,0.2606039345264435
3306,9,330,0.2835969030857086
3307,9,331,0.2985057234764099
3308,9,332,0.2602005898952484
3309,9,333,0.23371052742004395
3310,9,334,0.28856945037841797
3311,9,335,0.3147898018360138
3312,9,336,0.24498894810676575
3313,9,337,0.3219752013683319
3314,9,338,0.30737942457199097
3315,9,339,0.2425459623336792
3316,9,340,0.2565903961658478
3317,9,341,0.2612888216972351
3318,9,342,0.3100969195365906
3319,9,343,0.27876949310302734
3320,9,344,0.2067415714263916
3321,9,345,0.5569943189620972
3322,9,346,0.28339582681655884
3323,9,347,0.32226866483688354
3324,9,348,0.2658742070198059
3325,9,349,0.24869251251220703
3326,9,350,0.277118980884552
3327,9,351,0.4278441369533539
3328,9,352,0.38893020153045654
3329,9,353,0.29296573996543884
3330,9,354,0.29306742548942566
3331,9,355,0.27455833554267883
3332,9,356,0.2840256094932556
3333,9,357,0.5045748949050903
3334,9,358,0.27342599630355835
3335,9,359,0.2493775635957718
3336,9,360,0.2627350389957428
3337,9,361,0.4927082657814026
3338,9,362,0.2948710024356842
3339,9,363,0.26559942960739136
3340,9,364,0.2881072759628296
3341,9,365,0.2588757574558258
3342,9,366,0.2947017550468445
3343,9,367,0.3164270222187042
3344,9,368,0.37692663073539734
3345,9,369,0.28045880794525146
3346,9,370,0.7026984095573425
3347,9,371,0.24098949134349823
3348,9,372,0.2272721230983734
3349,10,1,0.31783753633499146
3350,10,2,0.2742457389831543
3351,10,3,0.19070781767368317
3352,10,4,0.23368842899799347
3353,10,5,0.2863193154335022
3354,10,6,0.27445802092552185
3355,10,7,0.2800745368003845
3356,10,8,0.3160551190376282
3357,10,9,0.23266859352588654
3358,10,10,0.2537391483783722
3359,10,11,0.27698981761932373
3360,10,12,0.3478469252586365
3361,10,13,0.24480490386486053
3362,10,14,0.28949883580207825
3363,10,15,0.28249219059944153
3364,10,16,0.6577247381210327
3365,10,17,0.20279450714588165
3366,10,18,0.27713844180107117
3367,10,19,0.3595110774040222
3368,10,20,0.40835899114608765
3369,10,21,0.30044376850128174
3370,10,22,0.2572590410709381
3371,10,23,0.38660958409309387
3372,10,24,0.2876995801925659
3373,10,25,0.28653448820114136
3374,10,26,0.2490033358335495
3375,10,27,0.43388423323631287
3376,10,28,0.21217624843120575
3377,10,29,0.32601198554039
3378,10,30,0.2709963917732239
3379,10,31,0.29983657598495483
3380,10,32,0.2551639676094055
3381,10,33,0.2727755904197693
3382,10,34,0.3680306375026703
3383,10,35,0.29444757103919983
3384,10,36,0.282516211271286
3385,10,37,0.253064900636673
3386,10,38,0.29710060358047485
3387,10,39,0.23757509887218475
3388,10,40,0.28239625692367554
3389,10,41,0.25768497586250305
3390,10,42,0.7421097159385681
3391,10,43,0.33545997738838196
3392,10,44,0.256104052066803
3393,10,45,0.34243980050086975
3394,10,46,0.24847941100597382
3395,10,47,0.2455560266971588
3396,10,48,0.2701902985572815
3397,10,49,0.2850990891456604
3398,10,50,0.2932969033718109
3399,10,51,0.28230294585227966
3400,10,52,0.2054392546415329
3401,10,53,0.26299822330474854
3402,10,54,0.24886007606983185
3403,10,55,0.24210038781166077
3404,10,56,0.8324311375617981
3405,10,57,0.3138924241065979
3406,10,58,0.24379107356071472
3407,10,59,0.3078617453575134
3408,10,60,0.8139834403991699
3409,10,61,0.2552001476287842
3410,10,62,0.2874317765235901
3411,10,63,0.23319849371910095
3412,10,64,0.25997287034988403
3413,10,65,0.2463778555393219
3414,10,66,0.2577424645423889
3415,10,67,0.31336021423339844
3416,10,68,0.3421798050403595
3417,10,69,0.3316366672515869
3418,10,70,0.23686707019805908
3419,10,71,0.29840633273124695
3420,10,72,0.22516021132469177
3421,10,73,0.25730428099632263
3422,10,74,0.2748308777809143
3423,10,75,0.23770228028297424
3424,10,76,0.26091521978378296
3425,10,77,0.31365567445755005
3426,10,78,0.2926585078239441
3427,10,79,0.24546165764331818
3428,10,80,0.28269967436790466
3429,10,81,0.29744940996170044
3430,10,82,0.2626570761203766
3431,10,83,0.26222723722457886
3432,10,84,0.22515101730823517
3433,10,85,0.26648619771003723
3434,10,86,0.2821265459060669
3435,10,87,0.28118664026260376
3436,10,88,0.2504725158214569
3437,10,89,0.27367621660232544
3438,10,90,0.28481927514076233
3439,10,91,0.2979987859725952
3440,10,92,0.30767807364463806
3441,10,93,0.24678461253643036
3442,10,94,0.23639225959777832
3443,10,95,0.2737351953983307
3444,10,96,0.40088948607444763
3445,10,97,0.24926379323005676
3446,10,98,0.2619170546531677
3447,10,99,0.29462364315986633
3448,10,100,0.305996835231781
3449,10,101,0.35515087842941284
3450,10,102,0.2501409649848938
3451,10,103,0.27154701948165894
3452,10,104,0.235276460647583
3453,10,105,0.28724268078804016
3454,10,106,0.27408909797668457
3455,10,107,0.2634325921535492
3456,10,108,0.2805291414260864
3457,10,109,0.23785071074962616
3458,10,110,0.20082280039787292
3459,10,111,0.2421501874923706
3460,10,112,0.2957426905632019
3461,10,113,0.40139979124069214
3462,10,114,0.3315710425376892
3463,10,115,0.26367974281311035
3464,10,116,0.28116023540496826
3465,10,117,0.33521077036857605
3466,10,118,0.30284547805786133
3467,10,119,0.2697306275367737
3468,10,120,0.21587109565734863
3469,10,121,0.35597068071365356
3470,10,122,0.2843388319015503
3471,10,123,0.28676560521125793
3472,10,124,0.28191909193992615
3473,10,125,0.3453300893306732
3474,10,126,0.22984187304973602
3475,10,127,0.5928353667259216
3476,10,128,0.22569668292999268
3477,10,129,0.32196658849716187
3478,10,130,0.2545829713344574
3479,10,131,0.2856169641017914
3480,10,132,0.23953846096992493
3481,10,133,0.2515840530395508
3482,10,134,0.2311883270740509
3483,10,135,0.23992009460926056
3484,10,136,0.2307838648557663
3485,10,137,0.3217310905456543
3486,10,138,0.6846815347671509
3487,10,139,0.27218103408813477
3488,10,140,0.23177854716777802
3489,10,141,0.28196805715560913
3490,10,142,0.5101698637008667
3491,10,143,0.25493645668029785
3492,10,144,0.21122851967811584
3493,10,145,0.2724182903766632
3494,10,146,0.23280635476112366
3495,10,147,0.3198186457157135
3496,10,148,0.2907378077507019
3497,10,149,0.23083090782165527
3498,10,150,0.2672814726829529
3499,10,151,0.293313205242157
3500,10,152,0.250677227973938
3501,10,153,0.25744062662124634
3502,10,154,0.27825891971588135
3503,10,155,0.25119107961654663
3504,10,156,0.2843150198459625
3505,10,157,0.29841095209121704
3506,10,158,0.26119646430015564
3507,10,159,0.22381491959095
3508,10,160,0.2761838436126709
3509,10,161,0.2486828863620758
3510,10,162,0.2721235156059265
3511,10,163,0.37962353229522705
3512,10,164,0.2612476646900177
3513,10,165,0.2806093096733093
3514,10,166,0.2561093270778656
3515,10,167,0.21009716391563416
3516,10,168,0.24525490403175354
3517,10,169,0.3344128429889679
3518,10,170,0.28622058033943176
3519,10,171,0.27471575140953064
3520,10,172,0.2773316502571106
3521,10,173,0.23704640567302704
3522,10,174,0.2751452922821045
3523,10,175,0.21053096652030945
3524,10,176,0.35775190591812134
3525,10,177,0.2856723666191101
3526,10,178,0.6097344160079956
3527,10,179,0.24207499623298645
3528,10,180,0.21868789196014404
3529,10,181,0.2556861340999603
3530,10,182,0.24594366550445557
3531,10,183,0.2849675714969635
3532,10,184,0.49026474356651306
3533,10,185,0.34154409170150757
3534,10,186,0.43714937567710876
3535,10,187,0.26683488488197327
3536,10,188,0.29527077078819275
3537,10,189,0.28272223472595215
3538,10,190,0.26780641078948975
3539,10,191,0.2824132740497589
3540,10,192,0.3329135775566101
3541,10,193,0.30900120735168457
3542,10,194,0.2636640965938568
3543,10,195,0.2817310690879822
3544,10,196,0.43354734778404236
3545,10,197,0.2579704225063324
3546,10,198,0.39500221610069275
3547,10,199,0.30401960015296936
3548,10,200,0.2939958870410919
3549,10,201,0.34047698974609375
3550,10,202,0.3387782871723175
3551,10,203,0.2574424147605896
3552,10,204,0.2630271017551422
3553,10,205,0.28606468439102173
3554,10,206,0.24685871601104736
3555,10,207,0.2154160737991333
3556,10,208,0.2793990969657898
3557,10,209,0.26573097705841064
3558,10,210,0.30029556155204773
3559,10,211,0.5572687387466431
3560,10,212,0.2678613066673279
3561,10,213,0.29696840047836304
3562,10,214,0.28523701429367065
3563,10,215,0.26137346029281616
3564,10,216,0.7727652788162231
3565,10,217,0.30014723539352417
3566,10,218,0.2937335968017578
3567,10,219,0.2852585017681122
3568,10,220,0.26144906878471375
3569,10,221,0.25808000564575195
3570,10,222,0.4607621729373932
3571,10,223,0.29791325330734253
3572,10,224,0.2616576552391052
3573,10,225,0.366231232881546
3574,10,226,0.32293492555618286
3575,10,227,0.2842661738395691
3576,10,228,0.4233728349208832
3577,10,229,0.2729969620704651
3578,10,230,0.27736717462539673
3579,10,231,0.2777670621871948
3580,10,232,0.3008926510810852
3581,10,233,0.2659349739551544
3582,10,234,0.2993646264076233
3583,10,235,0.28739577531814575
3584,10,236,0.2759091854095459
3585,10,237,0.2157621830701828
3586,10,238,0.3162568509578705
3587,10,239,0.2861391305923462
3588,10,240,0.21719951927661896
3589,10,241,0.240605428814888
3590,10,242,0.2837820053100586
3591,10,243,0.3453701436519623
3592,10,244,0.30660727620124817
3593,10,245,0.3921669125556946
3594,10,246,0.21473881602287292
3595,10,247,0.2662261128425598
3596,10,248,0.23002950847148895
3597,10,249,0.27554672956466675
3598,10,250,0.32885342836380005
3599,10,251,0.265592485666275
3600,10,252,0.3702769875526428
3601,10,253,0.30874234437942505
3602,10,254,0.23310068249702454
3603,10,255,0.2843656539916992
3604,10,256,0.2669188678264618
3605,10,257,0.32325610518455505
3606,10,258,0.2736043930053711
3607,10,259,0.3259049654006958
3608,10,260,0.225255087018013
3609,10,261,0.25068408250808716
3610,10,262,0.24006077647209167
3611,10,263,0.2757580876350403
3612,10,264,0.28905561566352844
3613,10,265,0.27344900369644165
3614,10,266,0.3420526385307312
3615,10,267,0.29623356461524963
3616,10,268,0.4233624041080475
3617,10,269,0.26363056898117065
3618,10,270,0.2530784606933594
3619,10,271,0.2906234562397003
3620,10,272,0.28338027000427246
3621,10,273,0.26567381620407104
3622,10,274,0.284493088722229
3623,10,275,0.29770010709762573
3624,10,276,0.28615444898605347
3625,10,277,0.224874809384346
3626,10,278,0.2512482702732086
3627,10,279,0.2363196164369583
3628,10,280,0.2815197706222534
3629,10,281,0.20818445086479187
3630,10,282,0.342245489358902
3631,10,283,0.29715970158576965
3632,10,284,0.2333817034959793
3633,10,285,0.23288457095623016
3634,10,286,0.2862818241119385
3635,10,287,0.23792406916618347
3636,10,288,0.2706229090690613
3637,10,289,0.25530898571014404
3638,10,290,0.24301381409168243
3639,10,291,0.19870100915431976
3640,10,292,0.3665345013141632
3641,10,293,0.37727558612823486
3642,10,294,0.240604966878891
3643,10,295,0.2839401960372925
3644,10,296,0.2817510962486267
3645,10,297,0.28008535504341125
3646,10,298,0.23473195731639862
3647,10,299,0.22167663276195526
3648,10,300,0.26177603006362915
3649,10,301,0.3002874553203583
3650,10,302,0.30360010266304016
3651,10,303,0.21663622558116913
3652,10,304,0.30393946170806885
3653,10,305,0.30383819341659546
3654,10,306,0.2994660437107086
3655,10,307,0.2501220107078552
3656,10,308,0.2876378297805786
3657,10,309,0.31496649980545044
3658,10,310,0.2620028853416443
3659,10,311,0.2807590365409851
3660,10,312,0.2813461422920227
3661,10,313,0.3214130103588104
3662,10,314,0.2796561121940613
3663,10,315,0.2752951383590698
3664,10,316,0.2347768098115921
3665,10,317,0.27785205841064453
3666,10,318,0.2864466607570648
3667,10,319,0.26662498712539673
3668,10,320,0.3273080885410309
3669,10,321,0.2931809425354004
3670,10,322,0.2515694797039032
3671,10,323,0.24998310208320618
3672,10,324,0.24334971606731415
3673,10,325,0.22943297028541565
3674,10,326,0.22185571491718292
3675,10,327,0.26160377264022827
3676,10,328,0.22727318108081818
3677,10,329,0.28607457876205444
3678,10,330,0.2822471261024475
3679,10,331,0.22657659649848938
3680,10,332,0.2519143223762512
3681,10,333,0.2623206377029419
3682,10,334,0.3406200706958771
3683,10,335,0.21987351775169373
3684,10,336,0.2696608901023865
3685,10,337,0.2322050780057907
3686,10,338,0.26228728890419006
3687,10,339,0.2610686421394348
3688,10,340,0.284412682056427
3689,10,341,0.2762610614299774
3690,10,342,0.1897820234298706
3691,10,343,0.26452353596687317
3692,10,344,0.22514481842517853
3693,10,345,0.22939792275428772
3694,10,346,0.22049060463905334
3695,10,347,0.28285908699035645
3696,10,348,0.3481373190879822
3697,10,349,0.25766676664352417
3698,10,350,0.25817734003067017
3699,10,351,0.2654322385787964
3700,10,352,0.27190279960632324
3701,10,353,0.23363275825977325
3702,10,354,0.26347240805625916
3703,10,355,0.2761421799659729
3704,10,356,0.3049659729003906
3705,10,357,0.2577369213104248
3706,10,358,0.2573379874229431
3707,10,359,0.23586121201515198
3708,10,360,0.2953263521194458
3709,10,361,0.27226269245147705
3710,10,362,0.29267004132270813
3711,10,363,0.30836212635040283
3712,10,364,0.24975994229316711
3713,10,365,0.2779598832130432
3714,10,366,0.3115803897380829
3715,10,367,0.289024293422699
3716,10,368,0.2216859757900238
3717,10,369,0.31254178285598755
3718,10,370,0.3450257182121277
3719,10,371,0.24662566184997559
3720,10,372,0.29440343379974365
