global_step,epoch,batch,train_loss
1,1,1,3.255326747894287
2,1,2,3.093567132949829
3,1,3,2.9934067726135254
4,1,4,2.953185558319092
5,1,5,2.8082938194274902
6,1,6,2.744795322418213
7,1,7,2.6324222087860107
8,1,8,2.5646557807922363
9,1,9,2.5059728622436523
10,1,10,2.4424242973327637
11,1,11,2.3514344692230225
12,1,12,2.332451343536377
13,1,13,2.2534072399139404
14,1,14,2.2781310081481934
15,1,15,2.1887919902801514
16,1,16,2.070650577545166
17,1,17,2.028437614440918
18,1,18,1.9803006649017334
19,1,19,1.8907535076141357
20,1,20,1.8819215297698975
21,1,21,1.7439243793487549
22,1,22,1.7182352542877197
23,1,23,1.7343953847885132
24,1,24,1.6152591705322266
25,1,25,1.7557342052459717
26,1,26,1.7064268589019775
27,1,27,1.5913970470428467
28,1,28,1.59510338306427
29,1,29,1.4515659809112549
30,1,30,1.6414064168930054
31,1,31,1.5306360721588135
32,1,32,1.576897382736206
33,1,33,1.5156116485595703
34,1,34,1.4292503595352173
35,1,35,1.4633973836898804
36,1,36,1.397151231765747
37,1,37,1.3190553188323975
38,1,38,1.3464462757110596
39,1,39,1.3268555402755737
40,1,40,1.391727328300476
41,1,41,1.36091148853302
42,1,42,1.2915980815887451
43,1,43,1.2527925968170166
44,1,44,1.070365309715271
45,1,45,1.2295143604278564
46,1,46,1.1351927518844604
47,1,47,1.1656408309936523
48,1,48,1.1488064527511597
49,1,49,1.1815394163131714
50,1,50,1.1351927518844604
51,1,51,1.1174834966659546
52,1,52,1.044301986694336
53,1,53,1.1810040473937988
54,1,54,1.064950704574585
55,1,55,1.0468581914901733
56,1,56,1.2644870281219482
57,1,57,0.9281662106513977
58,1,58,1.0172812938690186
59,1,59,1.1599276065826416
60,1,60,1.3488229513168335
61,1,61,1.067360281944275
62,1,62,0.9556263089179993
63,1,63,1.0670063495635986
64,1,64,0.9806609153747559
65,1,65,1.0088427066802979
66,1,66,0.9306803941726685
67,1,67,1.0199387073516846
68,1,68,1.0541679859161377
69,1,69,0.9362152218818665
70,1,70,0.8257535099983215
71,1,71,0.8805468678474426
72,1,72,0.9964955449104309
73,1,73,0.9286775588989258
74,1,74,0.8354514241218567
75,1,75,1.0660032033920288
76,1,76,0.8633143305778503
77,1,77,0.7852705717086792
78,1,78,0.788292407989502
79,1,79,0.7642806172370911
80,1,80,0.7536503672599792
81,1,81,0.7727067470550537
82,1,82,0.8303197026252747
83,1,83,0.9011923670768738
84,1,84,0.7573027014732361
85,1,85,0.9500862956047058
86,1,86,0.7666234374046326
87,1,87,0.810273289680481
88,1,88,0.8274260759353638
89,1,89,0.7670981287956238
90,1,90,0.8340193629264832
91,1,91,0.7917724251747131
92,1,92,0.7608083486557007
93,1,93,0.8378036618232727
94,1,94,0.6742292046546936
95,1,95,0.7750025391578674
96,1,96,0.7496297359466553
97,1,97,0.7769688963890076
98,1,98,0.8463791012763977
99,1,99,0.7852152585983276
100,1,100,0.8621981739997864
101,1,101,0.7593777179718018
102,1,102,0.7329989075660706
103,1,103,0.7996197938919067
104,1,104,0.7110427618026733
105,1,105,0.6528018116950989
106,1,106,0.9316078424453735
107,1,107,0.6833997368812561
108,1,108,0.7620807886123657
109,1,109,0.6875914335250854
110,1,110,0.6496860384941101
111,1,111,0.7461566925048828
112,1,112,0.608372151851654
113,1,113,0.6561682820320129
114,1,114,0.8066064715385437
115,1,115,0.5930072069168091
116,1,116,0.7049410939216614
117,1,117,0.705147385597229
118,1,118,0.6609050631523132
119,1,119,0.6768558621406555
120,1,120,0.6446605920791626
121,1,121,0.6896787881851196
122,1,122,0.6481560468673706
123,1,123,0.7445034980773926
124,1,124,0.7732979655265808
125,1,125,0.6662623286247253
126,1,126,0.5457149147987366
127,1,127,0.7161272764205933
128,1,128,0.6947156190872192
129,1,129,0.6099123358726501
130,1,130,0.6903427839279175
131,1,131,0.655661940574646
132,1,132,0.6810933351516724
133,1,133,0.6625263690948486
134,1,134,0.7526170015335083
135,1,135,0.6085761785507202
136,1,136,0.6216334104537964
137,1,137,0.6027847528457642
138,1,138,0.5973387956619263
139,1,139,0.6269487738609314
140,1,140,0.6353078484535217
141,1,141,0.7019411325454712
142,1,142,0.6702407002449036
143,1,143,0.6582391858100891
144,1,144,0.6282685995101929
145,1,145,0.7396149039268494
146,1,146,0.5873773694038391
147,1,147,0.5773993730545044
148,1,148,0.6670740842819214
149,1,149,0.7597605586051941
150,1,150,0.6774004101753235
151,1,151,0.6034047603607178
152,1,152,0.7674563527107239
153,1,153,0.6379400491714478
154,1,154,0.6256787180900574
155,1,155,0.6861857175827026
156,1,156,0.6276541948318481
157,1,157,0.6083139777183533
158,1,158,0.6879662275314331
159,1,159,1.0125619173049927
160,1,160,0.6233438849449158
161,1,161,0.6062267422676086
162,1,162,0.5741389989852905
163,1,163,0.6133632659912109
164,1,164,0.6805196404457092
165,1,165,0.6497682332992554
166,1,166,0.7351453900337219
167,1,167,0.6236779689788818
168,1,168,0.8333171606063843
169,1,169,0.6308085918426514
170,1,170,0.5975420475006104
171,1,171,0.5955460071563721
172,1,172,0.5192804336547852
173,1,173,0.5509095788002014
174,1,174,0.5287843942642212
175,1,175,0.6989332437515259
176,1,176,0.49822646379470825
177,1,177,0.6050081253051758
178,1,178,0.4763464033603668
179,1,179,0.5656079649925232
180,1,180,0.5019537806510925
181,1,181,0.5809537172317505
182,1,182,0.4608379900455475
183,1,183,0.5980198979377747
184,1,184,0.5566164255142212
185,1,185,0.5604591369628906
186,1,186,0.5516015291213989
187,1,187,0.4745442867279053
188,1,188,0.5020854473114014
189,1,189,0.6462095975875854
190,1,190,0.5783659219741821
191,1,191,0.47617244720458984
192,1,192,0.5059690475463867
193,1,193,0.5135459899902344
194,1,194,0.5238326787948608
195,1,195,0.5792365670204163
196,1,196,0.5086188316345215
197,1,197,0.6592553853988647
198,1,198,0.5835473537445068
199,1,199,0.7693771719932556
200,1,200,0.5023143887519836
201,1,201,0.4256080985069275
202,1,202,0.5476582646369934
203,1,203,0.5875762701034546
204,1,204,0.5329946875572205
205,1,205,0.5511771440505981
206,1,206,0.5386468172073364
207,1,207,0.5975069403648376
208,1,208,0.49306970834732056
209,1,209,0.4491909444332123
210,1,210,0.5537559390068054
211,1,211,0.893471896648407
212,1,212,0.5851839184761047
213,1,213,0.47511330246925354
214,1,214,0.5936814546585083
215,1,215,0.5320692658424377
216,1,216,0.532443642616272
217,1,217,0.562039852142334
218,1,218,0.566797137260437
219,1,219,0.4763003885746002
220,1,220,0.4453182816505432
221,1,221,0.4772142767906189
222,1,222,0.5388041734695435
223,1,223,0.48942190408706665
224,1,224,0.49950680136680603
225,1,225,0.6160239577293396
226,1,226,0.5018242597579956
227,1,227,0.5108112692832947
228,1,228,0.5137993097305298
229,1,229,0.49273157119750977
230,1,230,0.7007371187210083
231,1,231,0.509685754776001
232,1,232,0.4840255379676819
233,1,233,0.5909163951873779
234,1,234,0.5042442679405212
235,1,235,0.47425103187561035
236,1,236,0.44437551498413086
237,1,237,0.40928569436073303
238,1,238,0.5273954272270203
239,1,239,0.47389188408851624
240,1,240,0.4877646565437317
241,1,241,0.44822773337364197
242,1,242,0.5633648037910461
243,1,243,0.45943260192871094
244,1,244,0.4552290439605713
245,1,245,0.43179136514663696
246,1,246,0.4781644344329834
247,1,247,0.4178934097290039
248,1,248,0.4255844056606293
249,1,249,0.43703562021255493
250,1,250,0.49835291504859924
251,1,251,0.5782089233398438
252,1,252,0.44158807396888733
253,1,253,0.4796104431152344
254,1,254,0.563230037689209
255,1,255,0.5332416892051697
256,1,256,0.4071561396121979
257,1,257,0.46334248781204224
258,1,258,0.6925288438796997
259,1,259,0.5390901565551758
260,1,260,0.6024614572525024
261,1,261,0.5218757390975952
262,1,262,0.46757936477661133
263,1,263,0.527024507522583
264,1,264,0.517384946346283
265,1,265,0.39290422201156616
266,1,266,0.44526299834251404
267,1,267,0.5450388789176941
268,1,268,0.47364121675491333
269,1,269,0.38580650091171265
270,1,270,0.46450480818748474
271,1,271,0.5492417216300964
272,1,272,0.4989219307899475
273,1,273,0.49313849210739136
274,1,274,0.3929832875728607
275,1,275,0.5461095571517944
276,1,276,0.38796690106391907
277,1,277,0.48071661591529846
278,1,278,0.3421425223350525
279,1,279,0.396706759929657
280,1,280,0.4284381866455078
281,1,281,0.4400484561920166
282,1,282,0.5418983101844788
283,1,283,0.3538903594017029
284,1,284,0.576688826084137
285,1,285,0.4212726950645447
286,1,286,0.4022255837917328
287,1,287,0.44229474663734436
288,1,288,0.4982953667640686
289,1,289,0.47769492864608765
290,1,290,0.39683955907821655
291,1,291,0.40526503324508667
292,1,292,0.49809446930885315
293,1,293,0.391447514295578
294,1,294,0.4011823534965515
295,1,295,0.382933646440506
296,1,296,0.4416700005531311
297,1,297,0.40576204657554626
298,1,298,0.5197263360023499
299,1,299,0.5860856771469116
300,1,300,0.3804295063018799
301,1,301,0.46879076957702637
302,1,302,0.460216760635376
303,1,303,0.8201724886894226
304,1,304,0.34681159257888794
305,1,305,0.4766967296600342
306,1,306,0.3816169202327728
307,1,307,0.3644198775291443
308,1,308,0.3948764204978943
309,1,309,0.3552880585193634
310,1,310,0.36753049492836
311,1,311,0.46820273995399475
312,1,312,0.42448559403419495
313,1,313,0.4054115414619446
314,1,314,0.4134489893913269
315,1,315,0.4144711494445801
316,1,316,0.6624460220336914
317,1,317,0.4925386309623718
318,1,318,0.5226120948791504
319,1,319,0.5533043742179871
320,1,320,0.3800719380378723
321,1,321,0.5580110549926758
322,1,322,0.4499376714229584
323,1,323,0.41421061754226685
324,1,324,0.3766431510448456
325,1,325,0.4367559552192688
326,1,326,0.4071507453918457
327,1,327,0.39570146799087524
328,1,328,0.43810373544692993
329,1,329,0.5102318525314331
330,1,330,0.361744225025177
331,1,331,0.4155147671699524
332,1,332,0.4013391435146332
333,1,333,0.40930432081222534
334,1,334,0.37647196650505066
335,1,335,0.445467084646225
336,1,336,0.5410629510879517
337,1,337,0.3779798150062561
338,1,338,0.4029427468776703
339,1,339,0.5541970729827881
340,1,340,0.3366253674030304
341,1,341,0.4494946002960205
342,1,342,0.41429194808006287
343,1,343,0.38989847898483276
344,1,344,0.4095908999443054
345,1,345,0.39162635803222656
346,1,346,0.43202918767929077
347,1,347,0.3832361400127411
348,1,348,0.47247689962387085
349,1,349,0.4095052182674408
350,1,350,0.3579922616481781
351,1,351,0.3545862138271332
352,1,352,0.35711437463760376
353,1,353,0.3666720986366272
354,1,354,0.37503498792648315
355,1,355,0.3482190668582916
356,1,356,0.38595050573349
357,1,357,0.5337617993354797
358,1,358,0.38780680298805237
359,1,359,0.4315081238746643
360,1,360,0.36648428440093994
361,1,361,0.3571712076663971
362,1,362,0.460338294506073
363,1,363,0.4165143072605133
364,1,364,0.4988323748111725
365,1,365,0.41417449712753296
366,1,366,0.39361804723739624
367,1,367,0.36978211998939514
368,1,368,0.3587242662906647
369,1,369,0.37826937437057495
370,1,370,0.3573978841304779
371,1,371,0.3873174488544464
372,1,372,0.37812626361846924
373,2,1,0.35812729597091675
374,2,2,0.5003587007522583
375,2,3,0.37207895517349243
376,2,4,0.3992687463760376
377,2,5,0.3414028286933899
378,2,6,0.4046284258365631
379,2,7,0.32020825147628784
380,2,8,0.29564040899276733
381,2,9,0.38181787729263306
382,2,10,0.40612515807151794
383,2,11,0.36642852425575256
384,2,12,0.31701865792274475
385,2,13,0.3221994638442993
386,2,14,0.40570083260536194
387,2,15,0.34815678000450134
388,2,16,0.36934512853622437
389,2,17,0.41953006386756897
390,2,18,0.39831236004829407
391,2,19,0.3688773214817047
392,2,20,0.3902069628238678
393,2,21,0.34279531240463257
394,2,22,0.39466041326522827
395,2,23,0.6650151014328003
396,2,24,0.4298500120639801
397,2,25,0.32942068576812744
398,2,26,0.3956865072250366
399,2,27,0.47904977202415466
400,2,28,0.31133589148521423
401,2,29,0.3655239939689636
402,2,30,0.41156643629074097
403,2,31,0.35101068019866943
404,2,32,0.4440314769744873
405,2,33,0.7003175616264343
406,2,34,0.39191097021102905
407,2,35,0.372515469789505
408,2,36,0.3795705735683441
409,2,37,0.28841155767440796
410,2,38,0.3855678141117096
411,2,39,0.8494030237197876
412,2,40,0.3703306317329407
413,2,41,0.35736265778541565
414,2,42,0.36463066935539246
415,2,43,0.4431367814540863
416,2,44,0.3538951277732849
417,2,45,0.3522053360939026
418,2,46,0.35450252890586853
419,2,47,0.7660232186317444
420,2,48,0.5045825839042664
421,2,49,0.3340798020362854
422,2,50,0.32184916734695435
423,2,51,0.35030922293663025
424,2,52,0.3438068628311157
425,2,53,0.42544397711753845
426,2,54,0.3761514127254486
427,2,55,0.34432852268218994
428,2,56,0.29278746247291565
429,2,57,0.284044086933136
430,2,58,0.3733212649822235
431,2,59,0.39437136054039
432,2,60,0.5244795083999634
433,2,61,0.3912240266799927
434,2,62,0.34631654620170593
435,2,63,0.3591168522834778
436,2,64,0.3986036777496338
437,2,65,0.31441813707351685
438,2,66,0.32665324211120605
439,2,67,0.2976396679878235
440,2,68,0.34119489789009094
441,2,69,0.2989732325077057
442,2,70,0.4804350435733795
443,2,71,0.3564020097255707
444,2,72,0.4104365408420563
445,2,73,0.310259610414505
446,2,74,0.2961387038230896
447,2,75,0.4379136562347412
448,2,76,0.39019936323165894
449,2,77,0.4114883840084076
450,2,78,0.34568166732788086
451,2,79,0.27922505140304565
452,2,80,0.35729333758354187
453,2,81,0.33574405312538147
454,2,82,0.32562193274497986
455,2,83,0.3959367275238037
456,2,84,0.31999942660331726
457,2,85,0.3180030286312103
458,2,86,0.35374027490615845
459,2,87,0.35700225830078125
460,2,88,0.3482677638530731
461,2,89,0.3753414750099182
462,2,90,0.46721941232681274
463,2,91,0.31933966279029846
464,2,92,0.3414401412010193
465,2,93,0.3192371726036072
466,2,94,0.30221617221832275
467,2,95,0.30740171670913696
468,2,96,0.315959095954895
469,2,97,0.31844043731689453
470,2,98,0.35821533203125
471,2,99,0.34185442328453064
472,2,100,0.3148422837257385
473,2,101,0.3468571901321411
474,2,102,0.2983558177947998
475,2,103,0.28617188334465027
476,2,104,0.40826210379600525
477,2,105,0.3328724801540375
478,2,106,0.33967238664627075
479,2,107,0.36764127016067505
480,2,108,0.3080070912837982
481,2,109,0.4586358070373535
482,2,110,0.28794360160827637
483,2,111,0.6930080652236938
484,2,112,0.4229899048805237
485,2,113,0.29598182439804077
486,2,114,0.3663856089115143
487,2,115,0.3895711302757263
488,2,116,0.3027949929237366
489,2,117,0.3545530140399933
490,2,118,0.43777066469192505
491,2,119,0.3170374631881714
492,2,120,0.2917782664299011
493,2,121,0.3505469262599945
494,2,122,0.3212904632091522
495,2,123,0.32914385199546814
496,2,124,0.4073256552219391
497,2,125,0.32926225662231445
498,2,126,0.3797585070133209
499,2,127,0.33300095796585083
500,2,128,0.27171802520751953
501,2,129,0.2792958617210388
502,2,130,0.29528889060020447
503,2,131,0.3530103862285614
504,2,132,0.32101091742515564
505,2,133,0.4000813364982605
506,2,134,0.27667850255966187
507,2,135,0.31104937195777893
508,2,136,0.3329448103904724
509,2,137,0.36195430159568787
510,2,138,0.30606919527053833
511,2,139,0.34155213832855225
512,2,140,0.3962348997592926
513,2,141,0.3881564736366272
514,2,142,0.38153573870658875
515,2,143,0.2992304861545563
516,2,144,0.3707175552845001
517,2,145,0.3308088481426239
518,2,146,0.31981712579727173
519,2,147,0.3421322703361511
520,2,148,0.7285681962966919
521,2,149,0.3762100338935852
522,2,150,0.3103294372558594
523,2,151,0.3520253002643585
524,2,152,0.3517390489578247
525,2,153,0.5261064767837524
526,2,154,0.36870887875556946
527,2,155,0.3346739411354065
528,2,156,0.3117092251777649
529,2,157,0.31483080983161926
530,2,158,0.27226781845092773
531,2,159,0.3268513083457947
532,2,160,0.2747783660888672
533,2,161,0.3731018304824829
534,2,162,0.37269002199172974
535,2,163,0.36111313104629517
536,2,164,0.3417450785636902
537,2,165,0.4614730477333069
538,2,166,0.331570029258728
539,2,167,0.3440612256526947
540,2,168,0.4372401237487793
541,2,169,0.40069860219955444
542,2,170,0.3168046176433563
543,2,171,0.30654510855674744
544,2,172,0.3214133381843567
545,2,173,0.3078685402870178
546,2,174,0.29207050800323486
547,2,175,0.2901594042778015
548,2,176,0.3479509651660919
549,2,177,0.3326842784881592
550,2,178,0.32271167635917664
551,2,179,0.3999001979827881
552,2,180,0.3666422963142395
553,2,181,0.35018831491470337
554,2,182,0.5198462605476379
555,2,183,0.35529419779777527
556,2,184,0.44541651010513306
557,2,185,0.45313867926597595
558,2,186,0.3373005986213684
559,2,187,0.2946169972419739
560,2,188,0.2839701771736145
561,2,189,0.33561861515045166
562,2,190,0.26460546255111694
563,2,191,0.3594207167625427
564,2,192,0.3110465109348297
565,2,193,0.2805587947368622
566,2,194,0.3249550461769104
567,2,195,0.3877013027667999
568,2,196,0.3585625886917114
569,2,197,0.3442024290561676
570,2,198,0.32202497124671936
571,2,199,0.3011745810508728
572,2,200,0.267790824174881
573,2,201,0.39249736070632935
574,2,202,0.6425687670707703
575,2,203,0.6256190538406372
576,2,204,0.2779989540576935
577,2,205,0.3142206072807312
578,2,206,0.3096419870853424
579,2,207,0.36712712049484253
580,2,208,0.3365689814090729
581,2,209,0.2954246401786804
582,2,210,0.32162413001060486
583,2,211,0.35664746165275574
584,2,212,0.2889091372489929
585,2,213,0.3366409242153168
586,2,214,0.3325064778327942
587,2,215,0.3598407208919525
588,2,216,0.28623488545417786
589,2,217,0.3511790633201599
590,2,218,0.3243737816810608
591,2,219,0.41517162322998047
592,2,220,0.29122066497802734
593,2,221,0.3238874077796936
594,2,222,0.2879830300807953
595,2,223,0.2929413914680481
596,2,224,0.2692980468273163
597,2,225,0.2966659665107727
598,2,226,0.5265065431594849
599,2,227,0.38779154419898987
600,2,228,0.5891013741493225
601,2,229,0.3392237722873688
602,2,230,0.28198373317718506
603,2,231,0.31068605184555054
604,2,232,0.3184312582015991
605,2,233,0.29263147711753845
606,2,234,0.34271425008773804
607,2,235,0.28946056962013245
608,2,236,0.2778145968914032
609,2,237,0.34978407621383667
610,2,238,0.2924683690071106
611,2,239,0.2861516773700714
612,2,240,0.3321300148963928
613,2,241,0.317935049533844
614,2,242,0.3924846053123474
615,2,243,0.2635992467403412
616,2,244,0.3017241358757019
617,2,245,0.3059113919734955
618,2,246,0.25522059202194214
619,2,247,0.32875141501426697
620,2,248,0.34069299697875977
621,2,249,0.2686136066913605
622,2,250,0.3093287944793701
623,2,251,0.27261480689048767
624,2,252,0.32479849457740784
625,2,253,0.29782500863075256
626,2,254,0.32699283957481384
627,2,255,0.2510782480239868
628,2,256,0.2764871120452881
629,2,257,0.32358771562576294
630,2,258,0.31543469429016113
631,2,259,0.4196794033050537
632,2,260,0.2476978302001953
633,2,261,0.26326608657836914
634,2,262,0.28008249402046204
635,2,263,0.28831034898757935
636,2,264,0.2941282391548157
637,2,265,0.27170804142951965
638,2,266,0.35264676809310913
639,2,267,0.23918190598487854
640,2,268,0.4022652506828308
641,2,269,0.29064005613327026
642,2,270,0.2871430516242981
643,2,271,0.34896335005760193
644,2,272,0.3034389019012451
645,2,273,0.30276593565940857
646,2,274,0.2935260534286499
647,2,275,0.30373749136924744
648,2,276,0.2795714735984802
649,2,277,0.326004296541214
650,2,278,0.39502349495887756
651,2,279,0.30045974254608154
652,2,280,0.31194156408309937
653,2,281,0.28104862570762634
654,2,282,0.2835187315940857
655,2,283,0.2959631383419037
656,2,284,0.3332929015159607
657,2,285,0.34873446822166443
658,2,286,0.27740707993507385
659,2,287,0.3308413326740265
660,2,288,0.30433765053749084
661,2,289,0.2795892059803009
662,2,290,0.33138567209243774
663,2,291,0.31691402196884155
664,2,292,0.2983493506908417
665,2,293,0.2764926552772522
666,2,294,0.24777548015117645
667,2,295,0.37597525119781494
668,2,296,0.35745105147361755
669,2,297,0.3240588307380676
670,2,298,0.28158968687057495
671,2,299,0.2895473837852478
672,2,300,0.4545251727104187
673,2,301,0.32631102204322815
674,2,302,0.2630484402179718
675,2,303,0.295897513628006
676,2,304,0.2671302855014801
677,2,305,0.24922716617584229
678,2,306,0.28702810406684875
679,2,307,0.3214620053768158
680,2,308,0.20019400119781494
681,2,309,0.30420809984207153
682,2,310,0.280322790145874
683,2,311,0.28323546051979065
684,2,312,0.3712168335914612
685,2,313,0.2943403422832489
686,2,314,0.35257065296173096
687,2,315,0.2755579650402069
688,2,316,0.25595733523368835
689,2,317,0.3533703088760376
690,2,318,0.3244427442550659
691,2,319,0.24953565001487732
692,2,320,0.25957363843917847
693,2,321,0.40012288093566895
694,2,322,0.3418436348438263
695,2,323,0.35723015666007996
696,2,324,0.6451168060302734
697,2,325,0.25526192784309387
698,2,326,0.2723742425441742
699,2,327,0.3206058740615845
700,2,328,0.44868436455726624
701,2,329,0.3247607350349426
702,2,330,0.3317263722419739
703,2,331,0.2316642701625824
704,2,332,0.25111454725265503
705,2,333,0.4683179259300232
706,2,334,0.2993658185005188
707,2,335,0.29740428924560547
708,2,336,0.2531158924102783
709,2,337,0.3148190379142761
710,2,338,0.32611048221588135
711,2,339,0.22360828518867493
712,2,340,0.3077278733253479
713,2,341,0.30912306904792786
714,2,342,0.2541445791721344
715,2,343,0.41747698187828064
716,2,344,0.2738249897956848
717,2,345,0.30022576451301575
718,2,346,0.3030661940574646
719,2,347,0.36165180802345276
720,2,348,0.26245802640914917
721,2,349,0.3285079896450043
722,2,350,0.33217936754226685
723,2,351,0.31442683935165405
724,2,352,0.2852129638195038
725,2,353,0.23593392968177795
726,2,354,0.3046005666255951
727,2,355,0.32174068689346313
728,2,356,0.3419012427330017
729,2,357,0.2836664021015167
730,2,358,0.29599422216415405
731,2,359,0.28515690565109253
732,2,360,0.28073254227638245
733,2,361,0.2887325882911682
734,2,362,0.306465208530426
735,2,363,0.32872700691223145
736,2,364,0.26937389373779297
737,2,365,0.3012882471084595
738,2,366,0.7240849733352661
739,2,367,0.32963791489601135
740,2,368,0.34726980328559875
741,2,369,0.25724613666534424
742,2,370,0.319549024105072
743,2,371,0.3176215589046478
744,2,372,0.3502427339553833
745,3,1,0.28468742966651917
746,3,2,0.22072234749794006
747,3,3,0.23190908133983612
748,3,4,0.375099241733551
749,3,5,0.2770784795284271
750,3,6,0.20028452575206757
751,3,7,0.3031478226184845
752,3,8,0.27243512868881226
753,3,9,0.2872158885002136
754,3,10,0.29145708680152893
755,3,11,0.30685362219810486
756,3,12,0.26009461283683777
757,3,13,0.2552674412727356
758,3,14,0.25917136669158936
759,3,15,0.20460660755634308
760,3,16,0.58258056640625
761,3,17,0.30304303765296936
762,3,18,0.2951304614543915
763,3,19,0.262692391872406
764,3,20,0.3396598696708679
765,3,21,0.3184024393558502
766,3,22,0.22432179749011993
767,3,23,0.3825936019420624
768,3,24,0.2703503668308258
769,3,25,0.26421982049942017
770,3,26,0.33081457018852234
771,3,27,0.3297001123428345
772,3,28,0.2595072090625763
773,3,29,0.3856270909309387
774,3,30,0.2110598087310791
775,3,31,0.25776612758636475
776,3,32,0.31717947125434875
777,3,33,0.29496684670448303
778,3,34,0.27412864565849304
779,3,35,0.29232051968574524
780,3,36,0.2628961503505707
781,3,37,0.2565690875053406
782,3,38,0.3207511603832245
783,3,39,0.316024512052536
784,3,40,0.2557232975959778
785,3,41,0.31758981943130493
786,3,42,0.27981096506118774
787,3,43,0.26240071654319763
788,3,44,0.3287908434867859
789,3,45,0.28543487191200256
790,3,46,0.31502199172973633
791,3,47,0.2805928587913513
792,3,48,0.250844269990921
793,3,49,0.2588938772678375
794,3,50,0.27920496463775635
795,3,51,0.2504582405090332
796,3,52,0.2716297209262848
797,3,53,0.24867114424705505
798,3,54,0.28525465726852417
799,3,55,0.2574639916419983
800,3,56,0.26347172260284424
801,3,57,0.6375335454940796
802,3,58,0.30995845794677734
803,3,59,0.22672292590141296
804,3,60,0.24223534762859344
805,3,61,0.24324683845043182
806,3,62,0.27005940675735474
807,3,63,0.21823208034038544
808,3,64,0.2968166470527649
809,3,65,0.19523093104362488
810,3,66,0.2783907949924469
811,3,67,0.253540575504303
812,3,68,0.2534768581390381
813,3,69,0.2521182894706726
814,3,70,0.2865590751171112
815,3,71,0.2545996904373169
816,3,72,0.2458709180355072
817,3,73,0.4466073513031006
818,3,74,0.2969185411930084
819,3,75,0.2639520764350891
820,3,76,0.21090292930603027
821,3,77,0.26856184005737305
822,3,78,0.2912214398384094
823,3,79,0.19490525126457214
824,3,80,0.2392135113477707
825,3,81,0.26746073365211487
826,3,82,0.2850002646446228
827,3,83,0.34975478053092957
828,3,84,0.3018708825111389
829,3,85,0.22690851986408234
830,3,86,0.22962364554405212
831,3,87,0.28504636883735657
832,3,88,0.2559511065483093
833,3,89,0.25902894139289856
834,3,90,0.32526516914367676
835,3,91,0.32791024446487427
836,3,92,0.2342747449874878
837,3,93,0.34603098034858704
838,3,94,0.23768837749958038
839,3,95,0.3032209277153015
840,3,96,0.581246018409729
841,3,97,0.24579791724681854
842,3,98,0.25487735867500305
843,3,99,0.2518881857395172
844,3,100,0.25215524435043335
845,3,101,0.34243619441986084
846,3,102,0.2563449740409851
847,3,103,0.24739491939544678
848,3,104,0.24748726189136505
849,3,105,0.2461867332458496
850,3,106,0.31701043248176575
851,3,107,0.25011780858039856
852,3,108,0.2735995650291443
853,3,109,0.2509656548500061
854,3,110,0.3141776919364929
855,3,111,0.22057831287384033
856,3,112,0.20875151455402374
857,3,113,0.2813706398010254
858,3,114,0.25545722246170044
859,3,115,0.28529947996139526
860,3,116,0.2846267819404602
861,3,117,0.251931369304657
862,3,118,0.22370414435863495
863,3,119,0.44937044382095337
864,3,120,0.2524557113647461
865,3,121,0.40951409935951233
866,3,122,0.25266924500465393
867,3,123,0.2578045725822449
868,3,124,0.26232218742370605
869,3,125,0.2872684597969055
870,3,126,0.242953822016716
871,3,127,0.3043607473373413
872,3,128,0.2659248113632202
873,3,129,0.22841358184814453
874,3,130,0.20512282848358154
875,3,131,0.286498099565506
876,3,132,0.3064064383506775
877,3,133,0.2524750530719757
878,3,134,0.3106880486011505
879,3,135,0.29295679926872253
880,3,136,0.2538451552391052
881,3,137,0.25117191672325134
882,3,138,0.23895862698554993
883,3,139,0.23969292640686035
884,3,140,0.6335154175758362
885,3,141,0.29509368538856506
886,3,142,0.29258814454078674
887,3,143,0.23447608947753906
888,3,144,0.23639602959156036
889,3,145,0.24286048114299774
890,3,146,0.2959248423576355
891,3,147,0.30344390869140625
892,3,148,0.27181369066238403
893,3,149,0.20805402100086212
894,3,150,0.27615100145339966
895,3,151,0.27106624841690063
896,3,152,0.28726646304130554
897,3,153,0.23968049883842468
898,3,154,0.32126712799072266
899,3,155,0.21905982494354248
900,3,156,0.24867551028728485
901,3,157,0.28776925802230835
902,3,158,0.2034410685300827
903,3,159,0.27148792147636414
904,3,160,0.2748550474643707
905,3,161,0.2739308178424835
906,3,162,0.26167336106300354
907,3,163,0.30360347032546997
908,3,164,0.24088938534259796
909,3,165,0.38212740421295166
910,3,166,0.27822479605674744
911,3,167,0.23264484107494354
912,3,168,0.21177271008491516
913,3,169,0.2373305857181549
914,3,170,0.2420940399169922
915,3,171,0.23202987015247345
916,3,172,0.3234829902648926
917,3,173,0.2840043902397156
918,3,174,0.2884705066680908
919,3,175,0.37471163272857666
920,3,176,0.33928000926971436
921,3,177,0.2527184784412384
922,3,178,0.3982144892215729
923,3,179,0.278459370136261
924,3,180,0.24393096566200256
925,3,181,0.23561465740203857
926,3,182,0.26524218916893005
927,3,183,0.256466805934906
928,3,184,0.24203696846961975
929,3,185,0.22978445887565613
930,3,186,0.2629584074020386
931,3,187,0.28084641695022583
932,3,188,0.22279031574726105
933,3,189,0.22140732407569885
934,3,190,0.2414928376674652
935,3,191,0.24610832333564758
936,3,192,0.3641698360443115
937,3,193,0.33415916562080383
938,3,194,0.3076712191104889
939,3,195,0.30246099829673767
940,3,196,0.21242472529411316
941,3,197,0.22993096709251404
942,3,198,0.2195514738559723
943,3,199,0.3427030146121979
944,3,200,0.30901822447776794
945,3,201,0.2442282885313034
946,3,202,0.2599807679653168
947,3,203,0.2796880304813385
948,3,204,0.24167439341545105
949,3,205,0.25686028599739075
950,3,206,0.3684493601322174
951,3,207,0.260477215051651
952,3,208,0.2765973210334778
953,3,209,0.27588969469070435
954,3,210,0.24507828056812286
955,3,211,0.24331429600715637
956,3,212,0.19102008640766144
957,3,213,0.23981113731861115
958,3,214,0.21882018446922302
959,3,215,0.21787509322166443
960,3,216,0.22557909786701202
961,3,217,0.28999438881874084
962,3,218,0.28719231486320496
963,3,219,0.2093007117509842
964,3,220,0.2025291472673416
965,3,221,0.34237033128738403
966,3,222,0.20016345381736755
967,3,223,0.29230785369873047
968,3,224,0.28322553634643555
969,3,225,0.24966950714588165
970,3,226,0.7407738566398621
971,3,227,0.2888036370277405
972,3,228,0.3632708191871643
973,3,229,0.22661402821540833
974,3,230,0.2473667562007904
975,3,231,0.31228289008140564
976,3,232,0.2799469232559204
977,3,233,0.23323479294776917
978,3,234,0.2964008152484894
979,3,235,0.20864269137382507
980,3,236,0.2593006491661072
981,3,237,0.2456287145614624
982,3,238,0.28832489252090454
983,3,239,0.3384583592414856
984,3,240,0.29683080315589905
985,3,241,0.242099329829216
986,3,242,0.19822958111763
987,3,243,0.23568634688854218
988,3,244,0.22307905554771423
989,3,245,0.23894533514976501
990,3,246,0.6598460078239441
991,3,247,0.3005094528198242
992,3,248,0.32139813899993896
993,3,249,0.2383808195590973
994,3,250,0.2303522825241089
995,3,251,0.27659884095191956
996,3,252,0.29320353269577026
997,3,253,0.2785453200340271
998,3,254,0.24905791878700256
999,3,255,0.30313965678215027
1000,3,256,0.2643199563026428
1001,3,257,0.2337624728679657
1002,3,258,0.22598767280578613
1003,3,259,0.27810338139533997
1004,3,260,0.24169012904167175
1005,3,261,0.28436073660850525
1006,3,262,0.27054181694984436
1007,3,263,0.2988487780094147
1008,3,264,0.26179957389831543
1009,3,265,0.2713839113712311
1010,3,266,0.3490923345088959
1011,3,267,0.318390816450119
1012,3,268,0.26327329874038696
1013,3,269,0.27446508407592773
1014,3,270,0.2970019280910492
1015,3,271,0.197185680270195
1016,3,272,0.30412450432777405
1017,3,273,0.27747470140457153
1018,3,274,0.29619520902633667
1019,3,275,0.2402670681476593
1020,3,276,0.29085174202919006
1021,3,277,0.2844962477684021
1022,3,278,0.33178430795669556
1023,3,279,0.3786330223083496
1024,3,280,0.2614171504974365
1025,3,281,0.24760493636131287
1026,3,282,0.26241257786750793
1027,3,283,0.25018104910850525
1028,3,284,0.3293401300907135
1029,3,285,0.2962227761745453
1030,3,286,0.3190769851207733
1031,3,287,0.2971383035182953
1032,3,288,0.594620943069458
1033,3,289,0.20860834419727325
1034,3,290,0.24435976147651672
1035,3,291,0.21719329059123993
1036,3,292,0.2140861451625824
1037,3,293,0.2719150185585022
1038,3,294,0.27081117033958435
1039,3,295,0.20998291671276093
1040,3,296,0.26762285828590393
1041,3,297,0.2011624276638031
1042,3,298,0.6358579993247986
1043,3,299,0.3090260624885559
1044,3,300,0.27059799432754517
1045,3,301,0.28673070669174194
1046,3,302,0.2560620903968811
1047,3,303,0.32480889558792114
1048,3,304,0.24735184013843536
1049,3,305,0.289894163608551
1050,3,306,0.19293424487113953
1051,3,307,0.2997289299964905
1052,3,308,0.4255560040473938
1053,3,309,0.2558967173099518
1054,3,310,0.19688746333122253
1055,3,311,0.2525547444820404
1056,3,312,0.23512785136699677
1057,3,313,0.2509808838367462
1058,3,314,0.24891021847724915
1059,3,315,0.37039074301719666
1060,3,316,0.24521926045417786
1061,3,317,0.28243786096572876
1062,3,318,0.21985895931720734
1063,3,319,0.30377715826034546
1064,3,320,0.23360364139080048
1065,3,321,0.2669496238231659
1066,3,322,0.6056854724884033
1067,3,323,0.5797545313835144
1068,3,324,0.2430909425020218
1069,3,325,0.24231049418449402
1070,3,326,0.2667011022567749
1071,3,327,0.2222272902727127
1072,3,328,0.24864177405834198
1073,3,329,0.2180752009153366
1074,3,330,0.2731781601905823
1075,3,331,0.2514944076538086
1076,3,332,0.3491773009300232
1077,3,333,0.2353946417570114
1078,3,334,0.24238494038581848
1079,3,335,0.2325437068939209
1080,3,336,0.29373815655708313
1081,3,337,0.3159230351448059
1082,3,338,0.27625173330307007
1083,3,339,0.2456340342760086
1084,3,340,0.2805139720439911
1085,3,341,0.275630921125412
1086,3,342,0.2852380871772766
1087,3,343,0.23504891991615295
1088,3,344,0.23275306820869446
1089,3,345,0.2820996046066284
1090,3,346,0.2183515727519989
1091,3,347,0.21371114253997803
1092,3,348,0.24303951859474182
1093,3,349,0.2740914225578308
1094,3,350,0.2362745702266693
1095,3,351,0.29390546679496765
1096,3,352,0.32490435242652893
1097,3,353,0.25793418288230896
1098,3,354,0.32891103625297546
1099,3,355,0.34151366353034973
1100,3,356,0.2446848452091217
1101,3,357,0.21469902992248535
1102,3,358,0.27385368943214417
1103,3,359,0.31262046098709106
1104,3,360,0.24873609840869904
1105,3,361,0.21849139034748077
1106,3,362,0.28019243478775024
1107,3,363,0.3046641945838928
1108,3,364,0.2408810406923294
1109,3,365,0.23657000064849854
1110,3,366,0.2461566925048828
1111,3,367,0.35863786935806274
1112,3,368,0.2067943513393402
1113,3,369,0.5778314471244812
1114,3,370,0.25456705689430237
1115,3,371,0.25615644454956055
1116,3,372,0.24614018201828003
1117,4,1,0.2150823324918747
1118,4,2,0.21703565120697021
1119,4,3,0.2973385453224182
1120,4,4,0.21309098601341248
1121,4,5,0.24025654792785645
1122,4,6,0.2502991557121277
1123,4,7,0.24676552414894104
1124,4,8,0.23963026702404022
1125,4,9,0.20620064437389374
1126,4,10,0.23697614669799805
1127,4,11,0.31634703278541565
1128,4,12,0.19786331057548523
1129,4,13,0.2071399986743927
1130,4,14,0.24915485084056854
1131,4,15,0.21184709668159485
1132,4,16,0.24724014103412628
1133,4,17,0.20302152633666992
1134,4,18,0.23935472965240479
1135,4,19,0.2498818337917328
1136,4,20,0.23831439018249512
1137,4,21,0.23597118258476257
1138,4,22,0.2796005308628082
1139,4,23,0.21598279476165771
1140,4,24,0.19287799298763275
1141,4,25,0.2312779426574707
1142,4,26,0.2093457728624344
1143,4,27,0.20587007701396942
1144,4,28,0.22661125659942627
1145,4,29,0.21156635880470276
1146,4,30,0.6974403858184814
1147,4,31,0.2430332899093628
1148,4,32,0.21976931393146515
1149,4,33,0.22238513827323914
1150,4,34,0.22543399035930634
1151,4,35,0.2538236975669861
1152,4,36,0.24023059010505676
1153,4,37,0.2844387888908386
1154,4,38,0.4672408998012543
1155,4,39,0.2762237787246704
1156,4,40,0.20312929153442383
1157,4,41,0.21111638844013214
1158,4,42,0.20229236781597137
1159,4,43,0.2552414536476135
1160,4,44,0.2407812625169754
1161,4,45,0.1993875354528427
1162,4,46,0.20423337817192078
1163,4,47,0.2587331533432007
1164,4,48,0.22749844193458557
1165,4,49,0.25802507996559143
1166,4,50,0.19668498635292053
1167,4,51,0.19977955520153046
1168,4,52,0.28332027792930603
1169,4,53,0.20912997424602509
1170,4,54,0.22300834953784943
1171,4,55,0.2365902215242386
1172,4,56,0.23183751106262207
1173,4,57,0.2608662247657776
1174,4,58,0.21288970112800598
1175,4,59,0.22595080733299255
1176,4,60,0.2680340111255646
1177,4,61,0.4251428246498108
1178,4,62,0.23596926033496857
1179,4,63,0.21278603374958038
1180,4,64,0.17376269400119781
1181,4,65,0.234928160905838
1182,4,66,0.25690385699272156
1183,4,67,0.22818517684936523
1184,4,68,0.22974729537963867
1185,4,69,0.32013896107673645
1186,4,70,0.2750273644924164
1187,4,71,0.280120849609375
1188,4,72,0.24300618469715118
1189,4,73,0.29675614833831787
1190,4,74,0.2098955363035202
1191,4,75,0.23075397312641144
1192,4,76,0.22565297782421112
1193,4,77,0.27302086353302
1194,4,78,0.20365455746650696
1195,4,79,0.4744168221950531
1196,4,80,0.3217906355857849
1197,4,81,0.26812806725502014
1198,4,82,0.24257028102874756
1199,4,83,0.264065146446228
1200,4,84,0.2279241383075714
1201,4,85,0.21047940850257874
1202,4,86,0.25487399101257324
1203,4,87,0.22193419933319092
1204,4,88,0.23972073197364807
1205,4,89,0.2425866574048996
1206,4,90,0.20960354804992676
1207,4,91,0.21787214279174805
1208,4,92,0.2368968278169632
1209,4,93,0.25918740034103394
1210,4,94,0.2250114381313324
1211,4,95,0.19338969886302948
1212,4,96,0.226979061961174
1213,4,97,0.21248047053813934
1214,4,98,0.229566290974617
1215,4,99,0.24785244464874268
1216,4,100,0.23610398173332214
1217,4,101,0.19331960380077362
1218,4,102,0.21617761254310608
1219,4,103,0.20966792106628418
1220,4,104,0.19982381165027618
1221,4,105,0.2538629174232483
1222,4,106,0.21378298103809357
1223,4,107,0.2647901475429535
1224,4,108,0.2219623327255249
1225,4,109,0.25862616300582886
1226,4,110,0.26407018303871155
1227,4,111,0.24170705676078796
1228,4,112,0.20999141037464142
1229,4,113,0.21782651543617249
1230,4,114,0.29999905824661255
1231,4,115,0.2860608696937561
1232,4,116,0.5324336290359497
1233,4,117,0.20487232506275177
1234,4,118,0.48257923126220703
1235,4,119,0.2075074017047882
1236,4,120,0.252057820558548
1237,4,121,0.20223546028137207
1238,4,122,0.2522362768650055
1239,4,123,0.2138649970293045
1240,4,124,0.2308497428894043
1241,4,125,0.23897001147270203
1242,4,126,0.2636752724647522
1243,4,127,0.20762138068675995
1244,4,128,0.2508623003959656
1245,4,129,0.30743032693862915
1246,4,130,0.20519933104515076
1247,4,131,0.3018234074115753
1248,4,132,0.33280304074287415
1249,4,133,0.1814625859260559
1250,4,134,0.3101464807987213
1251,4,135,0.2642997205257416
1252,4,136,0.24368175864219666
1253,4,137,0.23409239947795868
1254,4,138,0.22041566669940948
1255,4,139,0.2701912522315979
1256,4,140,0.26283591985702515
1257,4,141,0.22598929703235626
1258,4,142,0.21891526877880096
1259,4,143,0.26565617322921753
1260,4,144,0.21468397974967957
1261,4,145,0.27292269468307495
1262,4,146,0.2569034695625305
1263,4,147,0.19919970631599426
1264,4,148,0.23430952429771423
1265,4,149,0.2239048182964325
1266,4,150,0.2339160144329071
1267,4,151,0.23875661194324493
1268,4,152,0.1852818876504898
1269,4,153,0.21974942088127136
1270,4,154,0.3000078797340393
1271,4,155,0.2642747759819031
1272,4,156,0.27812695503234863
1273,4,157,0.2196500599384308
1274,4,158,0.21755139529705048
1275,4,159,0.22803708910942078
1276,4,160,0.2585947811603546
1277,4,161,0.5498451590538025
1278,4,162,0.22042247653007507
1279,4,163,0.22086279094219208
1280,4,164,0.19460128247737885
1281,4,165,0.2495066374540329
1282,4,166,0.23386558890342712
1283,4,167,0.2158048152923584
1284,4,168,0.20356865227222443
1285,4,169,0.20870976150035858
1286,4,170,0.1922043263912201
1287,4,171,0.22649426758289337
1288,4,172,0.1999937891960144
1289,4,173,0.19916120171546936
1290,4,174,0.1768926978111267
1291,4,175,0.18652783334255219
1292,4,176,0.20648738741874695
1293,4,177,0.20803622901439667
1294,4,178,0.2157386839389801
1295,4,179,0.1945773810148239
1296,4,180,0.26991572976112366
1297,4,181,0.22885286808013916
1298,4,182,0.27393609285354614
1299,4,183,0.20092730224132538
1300,4,184,0.23429346084594727
1301,4,185,0.20542779564857483
1302,4,186,0.24479898810386658
1303,4,187,0.19336403906345367
1304,4,188,0.5351721048355103
1305,4,189,0.2097829133272171
1306,4,190,0.1988309919834137
1307,4,191,0.24909424781799316
1308,4,192,0.2522111237049103
1309,4,193,0.22795183956623077
1310,4,194,0.20453014969825745
1311,4,195,0.20538084208965302
1312,4,196,0.23860223591327667
1313,4,197,0.2802349030971527
1314,4,198,0.250203013420105
1315,4,199,0.2544447183609009
1316,4,200,0.2559388279914856
1317,4,201,0.25407567620277405
1318,4,202,0.22805869579315186
1319,4,203,0.2683876156806946
1320,4,204,0.1915748417377472
1321,4,205,0.17745573818683624
1322,4,206,0.2637626528739929
1323,4,207,0.23741166293621063
1324,4,208,0.264871746301651
1325,4,209,0.2207837998867035
1326,4,210,0.2742932438850403
1327,4,211,0.1787029206752777
1328,4,212,0.27814799547195435
1329,4,213,0.21398763358592987
1330,4,214,0.2921706438064575
1331,4,215,0.2434152364730835
1332,4,216,0.2534520626068115
1333,4,217,0.23513932526111603
1334,4,218,0.2171643078327179
1335,4,219,0.23930492997169495
1336,4,220,0.17986011505126953
1337,4,221,0.2309231013059616
1338,4,222,0.23221361637115479
1339,4,223,0.2692825496196747
1340,4,224,0.23884490132331848
1341,4,225,0.26797035336494446
1342,4,226,0.2298339307308197
1343,4,227,0.2592464089393616
1344,4,228,0.2744227945804596
1345,4,229,0.27595338225364685
1346,4,230,0.38089707493782043
1347,4,231,0.23366007208824158
1348,4,232,0.21884748339653015
1349,4,233,0.20333954691886902
1350,4,234,0.23479124903678894
1351,4,235,0.24865131080150604
1352,4,236,0.20217347145080566
1353,4,237,0.22091642022132874
1354,4,238,0.21688099205493927
1355,4,239,0.21968111395835876
1356,4,240,0.17162363231182098
1357,4,241,0.5641249418258667
1358,4,242,0.5670958757400513
1359,4,243,0.23063144087791443
1360,4,244,0.22104576230049133
1361,4,245,0.22220787405967712
1362,4,246,0.21736052632331848
1363,4,247,0.19939708709716797
1364,4,248,0.23909635841846466
1365,4,249,0.25963133573532104
1366,4,250,0.24618418514728546
1367,4,251,0.19833385944366455
1368,4,252,0.22579237818717957
1369,4,253,0.20921429991722107
1370,4,254,0.22611446678638458
1371,4,255,0.23118183016777039
1372,4,256,0.2506130337715149
1373,4,257,0.24908332526683807
1374,4,258,0.2416524589061737
1375,4,259,0.22725149989128113
1376,4,260,0.2411900758743286
1377,4,261,0.18317900598049164
1378,4,262,0.2046293318271637
1379,4,263,0.18287217617034912
1380,4,264,0.23523464798927307
1381,4,265,0.2440832108259201
1382,4,266,0.2680005431175232
1383,4,267,0.2120925486087799
1384,4,268,0.1966753900051117
1385,4,269,0.21649391949176788
1386,4,270,0.26303839683532715
1387,4,271,0.22897522151470184
1388,4,272,0.23475170135498047
1389,4,273,0.19055786728858948
1390,4,274,0.25846704840660095
1391,4,275,0.3182203769683838
1392,4,276,0.21994714438915253
1393,4,277,0.1851971447467804
1394,4,278,0.17736852169036865
1395,4,279,0.22371304035186768
1396,4,280,0.17510369420051575
1397,4,281,0.20005090534687042
1398,4,282,0.1581641137599945
1399,4,283,0.19575367867946625
1400,4,284,0.25584501028060913
1401,4,285,0.23605456948280334
1402,4,286,0.22539658844470978
1403,4,287,0.2524932026863098
1404,4,288,0.19345487654209137
1405,4,289,0.21573218703269958
1406,4,290,0.21227726340293884
1407,4,291,0.25903767347335815
1408,4,292,0.21650639176368713
1409,4,293,0.5101028680801392
1410,4,294,0.23273113369941711
1411,4,295,0.21185903251171112
1412,4,296,0.2444349229335785
1413,4,297,0.2546491026878357
1414,4,298,0.21484169363975525
1415,4,299,0.23103323578834534
1416,4,300,0.21578648686408997
1417,4,301,0.21462611854076385
1418,4,302,0.20802700519561768
1419,4,303,0.26337704062461853
1420,4,304,0.24018354713916779
1421,4,305,0.2418597936630249
1422,4,306,0.19505675137043
1423,4,307,0.300015926361084
1424,4,308,0.2553601861000061
1425,4,309,0.22494275867938995
1426,4,310,0.2950696051120758
1427,4,311,0.21674604713916779
1428,4,312,0.27871280908584595
1429,4,313,0.25385138392448425
1430,4,314,0.29925137758255005
1431,4,315,0.5839264392852783
1432,4,316,0.23150034248828888
1433,4,317,0.300056517124176
1434,4,318,0.1834651082754135
1435,4,319,0.2750491499900818
1436,4,320,0.1777816265821457
1437,4,321,0.272576242685318
1438,4,322,0.21555142104625702
1439,4,323,0.22660279273986816
1440,4,324,0.2113056182861328
1441,4,325,0.22445917129516602
1442,4,326,0.20257499814033508
1443,4,327,0.22787737846374512
1444,4,328,0.21449773013591766
1445,4,329,0.2110918015241623
1446,4,330,0.20218534767627716
1447,4,331,0.2017183005809784
1448,4,332,0.211887389421463
1449,4,333,0.2389713078737259
1450,4,334,0.21664531528949738
1451,4,335,0.3443065583705902
1452,4,336,0.19030579924583435
1453,4,337,0.23396578431129456
1454,4,338,0.26536837220191956
1455,4,339,0.25016018748283386
1456,4,340,0.29303455352783203
1457,4,341,0.223226860165596
1458,4,342,0.1979290395975113
1459,4,343,0.2931225299835205
1460,4,344,0.22653622925281525
1461,4,345,0.23687632381916046
1462,4,346,0.2749595642089844
1463,4,347,0.25512048602104187
1464,4,348,0.20518073439598083
1465,4,349,0.2477637529373169
1466,4,350,0.22122780978679657
1467,4,351,0.2568163275718689
1468,4,352,0.1983969509601593
1469,4,353,0.22658729553222656
1470,4,354,0.21150176227092743
1471,4,355,0.23626653850078583
1472,4,356,0.23799052834510803
1473,4,357,0.18924224376678467
1474,4,358,0.29012390971183777
1475,4,359,0.22824892401695251
1476,4,360,0.3105023205280304
1477,4,361,0.18220412731170654
1478,4,362,0.2512076795101166
1479,4,363,0.20638327300548553
1480,4,364,0.38032305240631104
1481,4,365,0.2398962676525116
1482,4,366,0.20936498045921326
1483,4,367,0.22981040179729462
1484,4,368,0.22915098071098328
1485,4,369,0.2818698287010193
1486,4,370,0.358956515789032
1487,4,371,0.2337442934513092
1488,4,372,0.23943717777729034
1489,5,1,0.20200729370117188
1490,5,2,0.21584710478782654
1491,5,3,0.2407548427581787
1492,5,4,0.2390838861465454
1493,5,5,0.2232145071029663
1494,5,6,0.22758296132087708
1495,5,7,0.22255206108093262
1496,5,8,0.2404193878173828
1497,5,9,0.18464642763137817
1498,5,10,0.21485690772533417
1499,5,11,0.18810327351093292
1500,5,12,0.22667460143566132
1501,5,13,0.2464817315340042
1502,5,14,0.32576650381088257
1503,5,15,0.22638210654258728
1504,5,16,0.19952642917633057
1505,5,17,0.226385235786438
1506,5,18,0.18155603110790253
1507,5,19,0.26287642121315
1508,5,20,0.21573905646800995
1509,5,21,0.20408837497234344
1510,5,22,0.377510666847229
1511,5,23,0.24369779229164124
1512,5,24,0.285161554813385
1513,5,25,0.21654042601585388
1514,5,26,0.2303328514099121
1515,5,27,0.22317083179950714
1516,5,28,0.1859039068222046
1517,5,29,0.2967337667942047
1518,5,30,0.2540542483329773
1519,5,31,0.26670506596565247
1520,5,32,0.22582121193408966
1521,5,33,0.21221943199634552
1522,5,34,0.1763429045677185
1523,5,35,0.19697503745555878
1524,5,36,0.2122231274843216
1525,5,37,0.24713385105133057
1526,5,38,0.21387870609760284
1527,5,39,0.20859551429748535
1528,5,40,0.1827991008758545
1529,5,41,0.23567195236682892
1530,5,42,0.2567339539527893
1531,5,43,0.2393048107624054
1532,5,44,0.2150559425354004
1533,5,45,0.18228071928024292
1534,5,46,0.28369858860969543
1535,5,47,0.17711235582828522
1536,5,48,0.16176369786262512
1537,5,49,0.19942045211791992
1538,5,50,0.18713323771953583
1539,5,51,0.21407830715179443
1540,5,52,0.24674713611602783
1541,5,53,0.22093923389911652
1542,5,54,0.1675826758146286
1543,5,55,0.2761079668998718
1544,5,56,0.1743350476026535
1545,5,57,0.1835564821958542
1546,5,58,0.17849111557006836
1547,5,59,0.5493994951248169
1548,5,60,0.23748619854450226
1549,5,61,0.19880886375904083
1550,5,62,0.23555788397789001
1551,5,63,0.21694433689117432
1552,5,64,0.19617804884910583
1553,5,65,0.238206148147583
1554,5,66,0.19133639335632324
1555,5,67,0.18024982511997223
1556,5,68,0.23560507595539093
1557,5,69,0.2076067179441452
1558,5,70,0.1912383884191513
1559,5,71,0.20072665810585022
1560,5,72,0.24023599922657013
1561,5,73,0.22315029799938202
1562,5,74,0.20501239597797394
1563,5,75,0.18654373288154602
1564,5,76,0.2285981923341751
1565,5,77,0.24889247119426727
1566,5,78,0.18989548087120056
1567,5,79,0.26512449979782104
1568,5,80,0.212302565574646
1569,5,81,0.1756191998720169
1570,5,82,0.18527433276176453
1571,5,83,0.16255655884742737
1572,5,84,0.1945183128118515
1573,5,85,0.17959800362586975
1574,5,86,0.25207608938217163
1575,5,87,0.1966659277677536
1576,5,88,0.2287532091140747
1577,5,89,0.18485650420188904
1578,5,90,0.22504357993602753
1579,5,91,0.27012795209884644
1580,5,92,0.21000918745994568
1581,5,93,0.23551571369171143
1582,5,94,0.1864456683397293
1583,5,95,0.1955285370349884
1584,5,96,0.17966529726982117
1585,5,97,0.2235325574874878
1586,5,98,0.2089686393737793
1587,5,99,0.19419607520103455
1588,5,100,0.20056691765785217
1589,5,101,0.18642565608024597
1590,5,102,0.19474413990974426
1591,5,103,0.23317866027355194
1592,5,104,0.21801194548606873
1593,5,105,0.24919387698173523
1594,5,106,0.21115918457508087
1595,5,107,0.23237855732440948
1596,5,108,0.21969301998615265
1597,5,109,0.2762344479560852
1598,5,110,0.23243865370750427
1599,5,111,0.19869989156723022
1600,5,112,0.21480509638786316
1601,5,113,0.1756361722946167
1602,5,114,0.160488098859787
1603,5,115,0.20144610106945038
1604,5,116,0.18157896399497986
1605,5,117,0.20999059081077576
1606,5,118,0.1995050013065338
1607,5,119,0.19692416489124298
1608,5,120,0.5887225866317749
1609,5,121,0.24198076128959656
1610,5,122,0.2150880992412567
1611,5,123,0.20984601974487305
1612,5,124,0.21171554923057556
1613,5,125,0.16397008299827576
1614,5,126,0.2571858763694763
1615,5,127,0.23130059242248535
1616,5,128,0.22199054062366486
1617,5,129,0.44260531663894653
1618,5,130,0.2754073441028595
1619,5,131,0.17304345965385437
1620,5,132,0.1682169884443283
1621,5,133,0.27459779381752014
1622,5,134,0.20953461527824402
1623,5,135,0.3626359701156616
1624,5,136,0.17031505703926086
1625,5,137,0.20380719006061554
1626,5,138,0.23004941642284393
1627,5,139,0.22192594408988953
1628,5,140,0.207757830619812
1629,5,141,0.1945820301771164
1630,5,142,0.22111809253692627
1631,5,143,0.1889895498752594
1632,5,144,0.1489349901676178
1633,5,145,0.19927576184272766
1634,5,146,0.22618643939495087
1635,5,147,0.18883393704891205
1636,5,148,0.21228668093681335
1637,5,149,0.21361644566059113
1638,5,150,0.39414912462234497
1639,5,151,0.20082297921180725
1640,5,152,0.22056439518928528
1641,5,153,0.202102929353714
1642,5,154,0.19791656732559204
1643,5,155,0.22078564763069153
1644,5,156,0.24961963295936584
1645,5,157,0.21407587826251984
1646,5,158,0.21458935737609863
1647,5,159,0.1642339527606964
1648,5,160,0.2397409975528717
1649,5,161,0.2056623250246048
1650,5,162,0.24838152527809143
1651,5,163,0.226303368806839
1652,5,164,0.18342863023281097
1653,5,165,0.2068873941898346
1654,5,166,0.18190115690231323
1655,5,167,0.18762856721878052
1656,5,168,0.21890735626220703
1657,5,169,0.18122224509716034
1658,5,170,0.1866002231836319
1659,5,171,0.17575545608997345
1660,5,172,0.1697046011686325
1661,5,173,0.21159613132476807
1662,5,174,0.21827659010887146
1663,5,175,0.20394441485404968
1664,5,176,0.3512278199195862
1665,5,177,0.23263606429100037
1666,5,178,0.22531738877296448
1667,5,179,0.18678326904773712
1668,5,180,0.1591583788394928
1669,5,181,0.19120539724826813
1670,5,182,0.19230268895626068
1671,5,183,0.22043831646442413
1672,5,184,0.18606311082839966
1673,5,185,0.2819277048110962
1674,5,186,0.19372335076332092
1675,5,187,0.23092670738697052
1676,5,188,0.24248838424682617
1677,5,189,0.2630636394023895
1678,5,190,0.2643679082393646
1679,5,191,0.2221992313861847
1680,5,192,0.21329918503761292
1681,5,193,0.16206389665603638
1682,5,194,0.2545287013053894
1683,5,195,0.23237338662147522
1684,5,196,0.1946091651916504
1685,5,197,0.20092585682868958
1686,5,198,0.309792697429657
1687,5,199,0.1951950490474701
1688,5,200,0.251305490732193
1689,5,201,0.17081421613693237
1690,5,202,0.2087346762418747
1691,5,203,0.15560050308704376
1692,5,204,0.22311177849769592
1693,5,205,0.18319638073444366
1694,5,206,0.1742122918367386
1695,5,207,0.2038864642381668
1696,5,208,0.1966923326253891
1697,5,209,0.16271086037158966
1698,5,210,0.1760992705821991
1699,5,211,0.25952935218811035
1700,5,212,0.17987217009067535
1701,5,213,0.3611346185207367
1702,5,214,0.2427852600812912
1703,5,215,0.19839535653591156
1704,5,216,0.21976813673973083
1705,5,217,0.23728351294994354
1706,5,218,0.19145467877388
1707,5,219,0.24151475727558136
1708,5,220,0.19311098754405975
1709,5,221,0.1863335371017456
1710,5,222,0.2105053961277008
1711,5,223,0.2056819498538971
1712,5,224,0.2320573776960373
1713,5,225,0.4966495633125305
1714,5,226,0.24372097849845886
1715,5,227,0.21571452915668488
1716,5,228,0.4024273455142975
1717,5,229,0.19798396527767181
1718,5,230,0.19024693965911865
1719,5,231,0.19643241167068481
1720,5,232,0.17341116070747375
1721,5,233,0.20143158733844757
1722,5,234,0.25583964586257935
1723,5,235,0.22777748107910156
1724,5,236,0.21461458504199982
1725,5,237,0.20518454909324646
1726,5,238,0.21880754828453064
1727,5,239,0.19531594216823578
1728,5,240,0.2087571620941162
1729,5,241,0.3516080975532532
1730,5,242,0.2161817103624344
1731,5,243,0.21981576085090637
1732,5,244,0.2094741314649582
1733,5,245,0.294094055891037
1734,5,246,0.19647331535816193
1735,5,247,0.20519880950450897
1736,5,248,0.20366065204143524
1737,5,249,0.3467494547367096
1738,5,250,0.21620428562164307
1739,5,251,0.2331230342388153
1740,5,252,0.305157333612442
1741,5,253,0.22210726141929626
1742,5,254,0.1894649714231491
1743,5,255,0.21098586916923523
1744,5,256,0.1750209927558899
1745,5,257,0.2110639363527298
1746,5,258,0.16606692969799042
1747,5,259,0.24898609519004822
1748,5,260,0.4060423970222473
1749,5,261,0.206783264875412
1750,5,262,0.1882653832435608
1751,5,263,0.22175388038158417
1752,5,264,0.22377415001392365
1753,5,265,0.23959311842918396
1754,5,266,0.18682752549648285
1755,5,267,0.1793154776096344
1756,5,268,0.2106914520263672
1757,5,269,0.19323131442070007
1758,5,270,0.24910490214824677
1759,5,271,0.15199489891529083
1760,5,272,0.18674451112747192
1761,5,273,0.2091323882341385
1762,5,274,0.2106924057006836
1763,5,275,0.24460025131702423
1764,5,276,0.259481281042099
1765,5,277,0.21233642101287842
1766,5,278,0.28834328055381775
1767,5,279,0.23527006804943085
1768,5,280,0.2973329722881317
1769,5,281,0.18535062670707703
1770,5,282,0.218834787607193
1771,5,283,0.23459264636039734
1772,5,284,0.20412865281105042
1773,5,285,0.22854366898536682
1774,5,286,0.18583302199840546
1775,5,287,0.21570439636707306
1776,5,288,0.18751247227191925
1777,5,289,0.21889357268810272
1778,5,290,0.2451316863298416
1779,5,291,0.242963507771492
1780,5,292,0.1673204004764557
1781,5,293,0.3700656294822693
1782,5,294,0.2619466185569763
1783,5,295,0.21984365582466125
1784,5,296,0.2172059267759323
1785,5,297,0.2275460958480835
1786,5,298,0.2978261113166809
1787,5,299,0.19531962275505066
1788,5,300,0.2478632628917694
1789,5,301,0.1745942085981369
1790,5,302,0.2083420306444168
1791,5,303,0.20590415596961975
1792,5,304,0.20527465641498566
1793,5,305,0.1873873621225357
1794,5,306,0.1916746348142624
1795,5,307,0.22687426209449768
1796,5,308,0.21484477818012238
1797,5,309,0.1990782767534256
1798,5,310,0.17478618025779724
1799,5,311,0.19009283185005188
1800,5,312,0.22049076855182648
1801,5,313,0.28526970744132996
1802,5,314,0.19687142968177795
1803,5,315,0.1993207335472107
1804,5,316,0.18698742985725403
1805,5,317,0.18037284910678864
1806,5,318,0.20494544506072998
1807,5,319,0.24195531010627747
1808,5,320,0.1820414960384369
1809,5,321,0.19439393281936646
1810,5,322,0.19295291602611542
1811,5,323,0.2472272366285324
1812,5,324,0.20787017047405243
1813,5,325,0.2833154797554016
1814,5,326,0.1904979795217514
1815,5,327,0.16667278110980988
1816,5,328,0.2470126450061798
1817,5,329,0.20763416588306427
1818,5,330,0.1639362871646881
1819,5,331,0.20896518230438232
1820,5,332,0.2591896951198578
1821,5,333,0.2129163295030594
1822,5,334,0.16368119418621063
1823,5,335,0.22140920162200928
1824,5,336,0.1507190763950348
1825,5,337,0.17728391289710999
1826,5,338,0.1802111268043518
1827,5,339,0.19206856191158295
1828,5,340,0.25020724534988403
1829,5,341,0.2028309404850006
1830,5,342,0.19286999106407166
1831,5,343,0.2316245138645172
1832,5,344,0.19311246275901794
1833,5,345,0.21662449836730957
1834,5,346,0.16640861332416534
1835,5,347,0.238499253988266
1836,5,348,0.17480358481407166
1837,5,349,0.24618828296661377
1838,5,350,0.1545102596282959
1839,5,351,0.19188225269317627
1840,5,352,0.22165969014167786
1841,5,353,0.19734320044517517
1842,5,354,0.19686539471149445
1843,5,355,0.17550039291381836
1844,5,356,0.1963053047657013
1845,5,357,0.17384424805641174
1846,5,358,0.27010923624038696
1847,5,359,0.20525677502155304
1848,5,360,0.2219497412443161
1849,5,361,0.1985047161579132
1850,5,362,0.17051967978477478
1851,5,363,0.19218985736370087
1852,5,364,0.1894751638174057
1853,5,365,0.3339521586894989
1854,5,366,0.19694246351718903
1855,5,367,0.20876482129096985
1856,5,368,0.20110929012298584
1857,5,369,0.210622638463974
1858,5,370,0.22358985245227814
1859,5,371,0.21833649277687073
1860,5,372,0.2750261723995209
1861,6,1,0.29859501123428345
1862,6,2,0.1984030157327652
1863,6,3,0.22534844279289246
1864,6,4,0.20085284113883972
1865,6,5,0.2583312392234802
1866,6,6,0.21176669001579285
1867,6,7,0.18082013726234436
1868,6,8,0.17234930396080017
1869,6,9,0.3535808026790619
1870,6,10,0.16990336775779724
1871,6,11,0.21325604617595673
1872,6,12,0.1815720498561859
1873,6,13,0.1756596565246582
1874,6,14,0.1666385680437088
1875,6,15,0.18299764394760132
1876,6,16,0.17459015548229218
1877,6,17,0.20189106464385986
1878,6,18,0.20711421966552734
1879,6,19,0.16395245492458344
1880,6,20,0.19451308250427246
1881,6,21,0.1715167611837387
1882,6,22,0.2157537043094635
1883,6,23,0.2145167589187622
1884,6,24,0.1779758483171463
1885,6,25,0.18872815370559692
1886,6,26,0.20759201049804688
1887,6,27,0.21386773884296417
1888,6,28,0.21603886783123016
1889,6,29,0.1926802396774292
1890,6,30,0.2016366720199585
1891,6,31,0.18686345219612122
1892,6,32,0.16067786514759064
1893,6,33,0.19085565209388733
1894,6,34,0.21783354878425598
1895,6,35,0.2001720368862152
1896,6,36,0.19238117337226868
1897,6,37,0.2048909217119217
1898,6,38,0.22678235173225403
1899,6,39,0.2979707717895508
1900,6,40,0.19237187504768372
1901,6,41,0.2008698731660843
1902,6,42,0.1915436089038849
1903,6,43,0.206220343708992
1904,6,44,0.18713049590587616
1905,6,45,0.21708455681800842
1906,6,46,0.18993587791919708
1907,6,47,0.18751704692840576
1908,6,48,0.2336844503879547
1909,6,49,0.18223972618579865
1910,6,50,0.2231205403804779
1911,6,51,0.201823428273201
1912,6,52,0.20139005780220032
1913,6,53,0.20755335688591003
1914,6,54,0.15757496654987335
1915,6,55,0.1810777187347412
1916,6,56,0.17125898599624634
1917,6,57,0.17410317063331604
1918,6,58,0.19381755590438843
1919,6,59,0.18102557957172394
1920,6,60,0.17766255140304565
1921,6,61,0.18483169376850128
1922,6,62,0.24358467757701874
1923,6,63,0.16691315174102783
1924,6,64,0.1673496663570404
1925,6,65,0.29306381940841675
1926,6,66,0.22645199298858643
1927,6,67,0.1817927360534668
1928,6,68,0.1998782455921173
1929,6,69,0.19231024384498596
1930,6,70,0.2011125534772873
1931,6,71,0.18023118376731873
1932,6,72,0.1941988319158554
1933,6,73,0.21105483174324036
1934,6,74,0.23546960949897766
1935,6,75,0.21758583188056946
1936,6,76,0.21019208431243896
1937,6,77,0.17386916279792786
1938,6,78,0.20341801643371582
1939,6,79,0.1630113422870636
1940,6,80,0.18679699301719666
1941,6,81,0.17880001664161682
1942,6,82,0.1532391458749771
1943,6,83,0.17907515168190002
1944,6,84,0.15887515246868134
1945,6,85,0.17757922410964966
1946,6,86,0.17282700538635254
1947,6,87,0.18975114822387695
1948,6,88,0.20640215277671814
1949,6,89,0.18991248309612274
1950,6,90,0.18974743783473969
1951,6,91,0.17367789149284363
1952,6,92,0.18244126439094543
1953,6,93,0.17709872126579285
1954,6,94,0.16562624275684357
1955,6,95,0.1942484825849533
1956,6,96,0.1816214770078659
1957,6,97,0.19764786958694458
1958,6,98,0.18220287561416626
1959,6,99,0.16780085861682892
1960,6,100,0.22284381091594696
1961,6,101,0.1724434494972229
1962,6,102,0.1910410225391388
1963,6,103,0.2546704411506653
1964,6,104,0.32987385988235474
1965,6,105,0.1907224804162979
1966,6,106,0.33901554346084595
1967,6,107,0.22970810532569885
1968,6,108,0.18561998009681702
1969,6,109,0.21341581642627716
1970,6,110,0.25120553374290466
1971,6,111,0.16602937877178192
1972,6,112,0.1852138191461563
1973,6,113,0.245050311088562
1974,6,114,0.23922398686408997
1975,6,115,0.1917448490858078
1976,6,116,0.1793479174375534
1977,6,117,0.17746223509311676
1978,6,118,0.25337469577789307
1979,6,119,0.14209821820259094
1980,6,120,0.16311803460121155
1981,6,121,0.18746823072433472
1982,6,122,0.19512194395065308
1983,6,123,0.2053254097700119
1984,6,124,0.4657474458217621
1985,6,125,0.17332987487316132
1986,6,126,0.1591150164604187
1987,6,127,0.2669745087623596
1988,6,128,0.21765215694904327
1989,6,129,0.22017088532447815
1990,6,130,0.1760844886302948
1991,6,131,0.15453560650348663
1992,6,132,0.18316039443016052
1993,6,133,0.20856451988220215
1994,6,134,0.1792905181646347
1995,6,135,0.2186139076948166
1996,6,136,0.18019652366638184
1997,6,137,0.2124236822128296
1998,6,138,0.22354643046855927
1999,6,139,0.2118646800518036
2000,6,140,0.19329328835010529
2001,6,141,0.2173575907945633
2002,6,142,0.1959310621023178
2003,6,143,0.16198864579200745
2004,6,144,0.21331778168678284
2005,6,145,0.1870318204164505
2006,6,146,0.2108711302280426
2007,6,147,0.16763824224472046
2008,6,148,0.16040217876434326
2009,6,149,0.20330262184143066
2010,6,150,0.19882598519325256
2011,6,151,0.22116610407829285
2012,6,152,0.2049909085035324
2013,6,153,0.19015908241271973
2014,6,154,0.17659887671470642
2015,6,155,0.19312219321727753
2016,6,156,0.20918579399585724
2017,6,157,0.18143883347511292
2018,6,158,0.2282409965991974
2019,6,159,0.23461835086345673
2020,6,160,0.2312612235546112
2021,6,161,0.18666009604930878
2022,6,162,0.21172185242176056
2023,6,163,0.224172905087471
2024,6,164,0.18874068558216095
2025,6,165,0.18432733416557312
2026,6,166,0.1890987753868103
2027,6,167,0.17171888053417206
2028,6,168,0.19357115030288696
2029,6,169,0.18379908800125122
2030,6,170,0.19102558493614197
2031,6,171,0.1944459080696106
2032,6,172,0.1765444427728653
2033,6,173,0.1653422862291336
2034,6,174,0.21588972210884094
2035,6,175,0.20635318756103516
2036,6,176,0.21855290234088898
2037,6,177,0.1756632924079895
2038,6,178,0.1879916489124298
2039,6,179,0.1560680866241455
2040,6,180,0.17731943726539612
2041,6,181,0.2376587837934494
2042,6,182,0.16547802090644836
2043,6,183,0.1721421331167221
2044,6,184,0.2052871286869049
2045,6,185,0.18058988451957703
2046,6,186,0.2058078944683075
2047,6,187,0.19730979204177856
2048,6,188,0.2547561228275299
2049,6,189,0.23703043162822723
2050,6,190,0.1958094984292984
2051,6,191,0.2200864553451538
2052,6,192,0.1491399109363556
2053,6,193,0.18048468232154846
2054,6,194,0.1915755271911621
2055,6,195,0.21002444624900818
2056,6,196,0.1877656877040863
2057,6,197,0.17366242408752441
2058,6,198,0.17656518518924713
2059,6,199,0.17095224559307098
2060,6,200,0.22361484169960022
2061,6,201,0.21287861466407776
2062,6,202,0.18398618698120117
2063,6,203,0.21563935279846191
2064,6,204,0.1931377649307251
2065,6,205,0.1935969591140747
2066,6,206,0.1683400571346283
2067,6,207,0.1932283192873001
2068,6,208,0.23060795664787292
2069,6,209,0.13795803487300873
2070,6,210,0.19149284064769745
2071,6,211,0.14269720017910004
2072,6,212,0.21573424339294434
2073,6,213,0.26345202326774597
2074,6,214,0.1903991401195526
2075,6,215,0.19322749972343445
2076,6,216,0.18130795657634735
2077,6,217,0.15956874191761017
2078,6,218,0.17409327626228333
2079,6,219,0.18156734108924866
2080,6,220,0.2050260305404663
2081,6,221,0.1857018768787384
2082,6,222,0.18161273002624512
2083,6,223,0.2033088654279709
2084,6,224,0.1949101686477661
2085,6,225,0.20678003132343292
2086,6,226,0.18678812682628632
2087,6,227,0.16534323990345
2088,6,228,0.1895521581172943
2089,6,229,0.16459551453590393
2090,6,230,0.1696137934923172
2091,6,231,0.20730456709861755
2092,6,232,0.17401544749736786
2093,6,233,0.16688957810401917
2094,6,234,0.1773453652858734
2095,6,235,0.17896120250225067
2096,6,236,0.20649440586566925
2097,6,237,0.1651424914598465
2098,6,238,0.258404016494751
2099,6,239,0.17887279391288757
2100,6,240,0.20323899388313293
2101,6,241,0.18937097489833832
2102,6,242,0.2024976909160614
2103,6,243,0.17450262606143951
2104,6,244,0.16286644339561462
2105,6,245,0.1655135601758957
2106,6,246,0.13820767402648926
2107,6,247,0.18553254008293152
2108,6,248,0.24387598037719727
2109,6,249,0.16467399895191193
2110,6,250,0.386546790599823
2111,6,251,0.1754140555858612
2112,6,252,0.16025733947753906
2113,6,253,0.17265726625919342
2114,6,254,0.2231849730014801
2115,6,255,0.21871325373649597
2116,6,256,0.19188790023326874
2117,6,257,0.20349618792533875
2118,6,258,0.17552299797534943
2119,6,259,0.1485060751438141
2120,6,260,0.20822469890117645
2121,6,261,0.18818895518779755
2122,6,262,0.2488085925579071
2123,6,263,0.23558631539344788
2124,6,264,0.19153499603271484
2125,6,265,0.19042852520942688
2126,6,266,0.2293131798505783
2127,6,267,0.2146884948015213
2128,6,268,0.28395506739616394
2129,6,269,0.19178341329097748
2130,6,270,0.18536517024040222
2131,6,271,0.18482962250709534
2132,6,272,0.17667445540428162
2133,6,273,0.24832482635974884
2134,6,274,0.17217594385147095
2135,6,275,0.20616474747657776
2136,6,276,0.17853406071662903
2137,6,277,0.15683503448963165
2138,6,278,0.17875151336193085
2139,6,279,0.2238478660583496
2140,6,280,0.19173026084899902
2141,6,281,0.21491238474845886
2142,6,282,0.18633298575878143
2143,6,283,0.20904739201068878
2144,6,284,0.17700046300888062
2145,6,285,0.1768479347229004
2146,6,286,0.1793150156736374
2147,6,287,0.16849888861179352
2148,6,288,0.22894003987312317
2149,6,289,0.1888308823108673
2150,6,290,0.22240297496318817
2151,6,291,0.16975463926792145
2152,6,292,0.19707438349723816
2153,6,293,0.22241370379924774
2154,6,294,0.1670270711183548
2155,6,295,0.19310049712657928
2156,6,296,0.30556267499923706
2157,6,297,0.16301986575126648
2158,6,298,0.16903793811798096
2159,6,299,0.19221076369285583
2160,6,300,0.1973257213830948
2161,6,301,0.20061275362968445
2162,6,302,0.19517849385738373
2163,6,303,0.21937444806098938
2164,6,304,0.2199811488389969
2165,6,305,0.19193628430366516
2166,6,306,0.1600930392742157
2167,6,307,0.26804476976394653
2168,6,308,0.18473222851753235
2169,6,309,0.1643853336572647
2170,6,310,0.2044118344783783
2171,6,311,0.19231116771697998
2172,6,312,0.18327079713344574
2173,6,313,0.18919754028320312
2174,6,314,0.19505877792835236
2175,6,315,0.21632876992225647
2176,6,316,0.23367610573768616
2177,6,317,0.4588049352169037
2178,6,318,0.29083067178726196
2179,6,319,0.18390579521656036
2180,6,320,0.19186356663703918
2181,6,321,0.19890734553337097
2182,6,322,0.17412732541561127
2183,6,323,0.17753532528877258
2184,6,324,0.194886714220047
2185,6,325,0.1780315339565277
2186,6,326,0.19073404371738434
2187,6,327,0.17810669541358948
2188,6,328,0.20600566267967224
2189,6,329,0.254454106092453
2190,6,330,0.18614798784255981
2191,6,331,0.15871578454971313
2192,6,332,0.20641298592090607
2193,6,333,0.1897902637720108
2194,6,334,0.17638453841209412
2195,6,335,0.169723778963089
2196,6,336,0.22189000248908997
2197,6,337,0.22153382003307343
2198,6,338,0.16547784209251404
2199,6,339,0.20121976733207703
2200,6,340,0.1829637736082077
2201,6,341,0.21476313471794128
2202,6,342,0.29529869556427
2203,6,343,0.1556987762451172
2204,6,344,0.17321300506591797
2205,6,345,0.24333372712135315
2206,6,346,0.2916197180747986
2207,6,347,0.18455107510089874
2208,6,348,0.1887625902891159
2209,6,349,0.1832556575536728
2210,6,350,0.1782197654247284
2211,6,351,0.1778673529624939
2212,6,352,0.20117679238319397
2213,6,353,0.17569804191589355
2214,6,354,0.2182680070400238
2215,6,355,0.3229222893714905
2216,6,356,0.19040672481060028
2217,6,357,0.25781992077827454
2218,6,358,0.22449961304664612
2219,6,359,0.20678992569446564
2220,6,360,0.21309371292591095
2221,6,361,0.22454777359962463
2222,6,362,0.18152067065238953
2223,6,363,0.18844637274742126
2224,6,364,0.24827750027179718
2225,6,365,0.19510604441165924
2226,6,366,0.2403140366077423
2227,6,367,0.22227101027965546
2228,6,368,0.23196843266487122
2229,6,369,0.18449066579341888
2230,6,370,0.17247503995895386
2231,6,371,0.2839321494102478
2232,6,372,0.25628089904785156
2233,7,1,0.15366365015506744
2234,7,2,0.17704439163208008
2235,7,3,0.16036564111709595
2236,7,4,0.1476360559463501
2237,7,5,0.2232505828142166
2238,7,6,0.18610724806785583
2239,7,7,0.19234220683574677
2240,7,8,0.20408563315868378
2241,7,9,0.1850239336490631
2242,7,10,0.18243178725242615
2243,7,11,0.19491156935691833
2244,7,12,0.24316063523292542
2245,7,13,0.21183092892169952
2246,7,14,0.20579394698143005
2247,7,15,0.18295760452747345
2248,7,16,0.20935504138469696
2249,7,17,0.14251916110515594
2250,7,18,0.22023236751556396
2251,7,19,0.1796153336763382
2252,7,20,0.18543164432048798
2253,7,21,0.2208234965801239
2254,7,22,0.1642104536294937
2255,7,23,0.1900579035282135
2256,7,24,0.19406607747077942
2257,7,25,0.17183318734169006
2258,7,26,0.18830709159374237
2259,7,27,0.1803307831287384
2260,7,28,0.16140446066856384
2261,7,29,0.201379656791687
2262,7,30,0.19636403024196625
2263,7,31,0.14834286272525787
2264,7,32,0.22688229382038116
2265,7,33,0.22054120898246765
2266,7,34,0.18596507608890533
2267,7,35,0.180229052901268
2268,7,36,0.18008112907409668
2269,7,37,0.17027100920677185
2270,7,38,0.1980060338973999
2271,7,39,0.1798616349697113
2272,7,40,0.18383988738059998
2273,7,41,0.16165775060653687
2274,7,42,0.18397915363311768
2275,7,43,0.17234647274017334
2276,7,44,0.17935100197792053
2277,7,45,0.15213294327259064
2278,7,46,0.169902041554451
2279,7,47,0.20358583331108093
2280,7,48,0.15791699290275574
2281,7,49,0.16684462130069733
2282,7,50,0.16839763522148132
2283,7,51,0.18263237178325653
2284,7,52,0.16317538917064667
2285,7,53,0.168463334441185
2286,7,54,0.16133782267570496
2287,7,55,0.17639173567295074
2288,7,56,0.23355373740196228
2289,7,57,0.18684163689613342
2290,7,58,0.20443160831928253
2291,7,59,0.2006927728652954
2292,7,60,0.1887272745370865
2293,7,61,0.14606884121894836
2294,7,62,0.17207637429237366
2295,7,63,0.15702886879444122
2296,7,64,0.18636015057563782
2297,7,65,0.18689513206481934
2298,7,66,0.16136829555034637
2299,7,67,0.1605314016342163
2300,7,68,0.18824808299541473
2301,7,69,0.18647317588329315
2302,7,70,0.17087626457214355
2303,7,71,0.21035075187683105
2304,7,72,0.1777656376361847
2305,7,73,0.1759760081768036
2306,7,74,0.16730447113513947
2307,7,75,0.17019131779670715
2308,7,76,0.17521831393241882
2309,7,77,0.1752403825521469
2310,7,78,0.17044004797935486
2311,7,79,0.1668579876422882
2312,7,80,0.30881810188293457
2313,7,81,0.14262746274471283
2314,7,82,0.18591688573360443
2315,7,83,0.16743621230125427
2316,7,84,0.22984662652015686
2317,7,85,0.24042578041553497
2318,7,86,0.32634228467941284
2319,7,87,0.2022991180419922
2320,7,88,0.1827615201473236
2321,7,89,0.20074224472045898
2322,7,90,0.18096938729286194
2323,7,91,0.2592853307723999
2324,7,92,0.19600935280323029
2325,7,93,0.1848885416984558
2326,7,94,0.15511322021484375
2327,7,95,0.200048565864563
2328,7,96,0.17544329166412354
2329,7,97,0.23761045932769775
2330,7,98,0.1650516390800476
2331,7,99,0.19593334197998047
2332,7,100,0.21192052960395813
2333,7,101,0.2176523208618164
2334,7,102,0.22441835701465607
2335,7,103,0.16671840846538544
2336,7,104,0.19421210885047913
2337,7,105,0.17241111397743225
2338,7,106,0.16326217353343964
2339,7,107,0.20107750594615936
2340,7,108,0.15358500182628632
2341,7,109,0.17780840396881104
2342,7,110,0.18556933104991913
2343,7,111,0.17204073071479797
2344,7,112,0.14399662613868713
2345,7,113,0.2164379358291626
2346,7,114,0.19245538115501404
2347,7,115,0.20699718594551086
2348,7,116,0.18254724144935608
2349,7,117,0.17232081294059753
2350,7,118,0.31270235776901245
2351,7,119,0.15307387709617615
2352,7,120,0.23321542143821716
2353,7,121,0.19792284071445465
2354,7,122,0.15713295340538025
2355,7,123,0.18621160089969635
2356,7,124,0.1699918806552887
2357,7,125,0.2778549790382385
2358,7,126,0.15439292788505554
2359,7,127,0.16812333464622498
2360,7,128,0.2023955136537552
2361,7,129,0.21020913124084473
2362,7,130,0.16040392220020294
2363,7,131,0.17242705821990967
2364,7,132,0.1764601767063141
2365,7,133,0.2179151028394699
2366,7,134,0.19354330003261566
2367,7,135,0.19234228134155273
2368,7,136,0.1937936246395111
2369,7,137,0.16589251160621643
2370,7,138,0.20917868614196777
2371,7,139,0.1931556612253189
2372,7,140,0.24490228295326233
2373,7,141,0.17013172805309296
2374,7,142,0.17848017811775208
2375,7,143,0.20559172332286835
2376,7,144,0.1489371657371521
2377,7,145,0.37208789587020874
2378,7,146,0.19717130064964294
2379,7,147,0.16634517908096313
2380,7,148,0.20447182655334473
2381,7,149,0.17276224493980408
2382,7,150,0.19311758875846863
2383,7,151,0.17628471553325653
2384,7,152,0.19373083114624023
2385,7,153,0.15613636374473572
2386,7,154,0.1564512401819229
2387,7,155,0.17432263493537903
2388,7,156,0.20233185589313507
2389,7,157,0.19299958646297455
2390,7,158,0.1673680692911148
2391,7,159,0.15889397263526917
2392,7,160,0.1550762951374054
2393,7,161,0.16478484869003296
2394,7,162,0.16014255583286285
2395,7,163,0.13713108003139496
2396,7,164,0.13389945030212402
2397,7,165,0.16731269657611847
2398,7,166,0.16396746039390564
2399,7,167,0.17061160504817963
2400,7,168,0.19624146819114685
2401,7,169,0.17429839074611664
2402,7,170,0.18331235647201538
2403,7,171,0.16683220863342285
2404,7,172,0.12848731875419617
2405,7,173,0.18000096082687378
2406,7,174,0.17350517213344574
2407,7,175,0.1722067892551422
2408,7,176,0.21555833518505096
2409,7,177,0.2512388825416565
2410,7,178,0.16972658038139343
2411,7,179,0.17312860488891602
2412,7,180,0.17701922357082367
2413,7,181,0.19047988951206207
2414,7,182,0.2004522979259491
2415,7,183,0.1882936656475067
2416,7,184,0.1811223030090332
2417,7,185,0.16768904030323029
2418,7,186,0.18765635788440704
2419,7,187,0.15031294524669647
2420,7,188,0.16977094113826752
2421,7,189,0.15261152386665344
2422,7,190,0.211990088224411
2423,7,191,0.15816649794578552
2424,7,192,0.18093127012252808
2425,7,193,0.20875251293182373
2426,7,194,0.1933237761259079
2427,7,195,0.203567236661911
2428,7,196,0.16824692487716675
2429,7,197,0.16745057702064514
2430,7,198,0.1680637151002884
2431,7,199,0.18431828916072845
2432,7,200,0.1601180136203766
2433,7,201,0.18850404024124146
2434,7,202,0.18980565667152405
2435,7,203,0.24237115681171417
2436,7,204,0.19170275330543518
2437,7,205,0.2971816658973694
2438,7,206,0.14499416947364807
2439,7,207,0.14385142922401428
2440,7,208,0.16103240847587585
2441,7,209,0.18308374285697937
2442,7,210,0.16120776534080505
2443,7,211,0.16051778197288513
2444,7,212,0.16228821873664856
2445,7,213,0.1610800325870514
2446,7,214,0.19484691321849823
2447,7,215,0.16729828715324402
2448,7,216,0.18920078873634338
2449,7,217,0.18858206272125244
2450,7,218,0.2137334793806076
2451,7,219,0.17398084700107574
2452,7,220,0.1755954623222351
2453,7,221,0.1610518991947174
2454,7,222,0.15441390872001648
2455,7,223,0.17084327340126038
2456,7,224,0.19887292385101318
2457,7,225,0.4006050229072571
2458,7,226,0.18342606723308563
2459,7,227,0.19603820145130157
2460,7,228,0.22271613776683807
2461,7,229,0.2032821625471115
2462,7,230,0.17277838289737701
2463,7,231,0.19723138213157654
2464,7,232,0.15648162364959717
2465,7,233,0.1599011868238449
2466,7,234,0.19918718934059143
2467,7,235,0.15956905484199524
2468,7,236,0.18273815512657166
2469,7,237,0.17424610257148743
2470,7,238,0.14566931128501892
2471,7,239,0.15941974520683289
2472,7,240,0.16351178288459778
2473,7,241,0.18161864578723907
2474,7,242,0.1672915369272232
2475,7,243,0.15255264937877655
2476,7,244,0.19543184340000153
2477,7,245,0.15472105145454407
2478,7,246,0.12683942914009094
2479,7,247,0.17250408232212067
2480,7,248,0.192487433552742
2481,7,249,0.19752958416938782
2482,7,250,0.2570178210735321
2483,7,251,0.25183504819869995
2484,7,252,0.1977159082889557
2485,7,253,0.1907486915588379
2486,7,254,0.17918600142002106
2487,7,255,0.16026821732521057
2488,7,256,0.19025900959968567
2489,7,257,0.1701771318912506
2490,7,258,0.15300342440605164
2491,7,259,0.1566098928451538
2492,7,260,0.19823426008224487
2493,7,261,0.18232718110084534
2494,7,262,0.18405015766620636
2495,7,263,0.2837536334991455
2496,7,264,0.17543961107730865
2497,7,265,0.2092229574918747
2498,7,266,0.21330006420612335
2499,7,267,0.1817464530467987
2500,7,268,0.21105298399925232
2501,7,269,0.1675119698047638
2502,7,270,0.1960328370332718
2503,7,271,0.1995093673467636
2504,7,272,0.1806030571460724
2505,7,273,0.1814190149307251
2506,7,274,0.14902080595493317
2507,7,275,0.2008243054151535
2508,7,276,0.18267346918582916
2509,7,277,0.24646611511707306
2510,7,278,0.15563353896141052
2511,7,279,0.2283710241317749
2512,7,280,0.17974165081977844
2513,7,281,0.1901097297668457
2514,7,282,0.33575230836868286
2515,7,283,0.1907137781381607
2516,7,284,0.19080188870429993
2517,7,285,0.23521141707897186
2518,7,286,0.19227713346481323
2519,7,287,0.1637161374092102
2520,7,288,0.19344593584537506
2521,7,289,0.24293896555900574
2522,7,290,0.15384961664676666
2523,7,291,0.22006890177726746
2524,7,292,0.20037171244621277
2525,7,293,0.166340172290802
2526,7,294,0.17094145715236664
2527,7,295,0.4629470407962799
2528,7,296,0.1683589071035385
2529,7,297,0.21348872780799866
2530,7,298,0.19861669838428497
2531,7,299,0.19172552227973938
2532,7,300,0.17299029231071472
2533,7,301,0.2831967771053314
2534,7,302,0.19862425327301025
2535,7,303,0.18626593053340912
2536,7,304,0.16685180366039276
2537,7,305,0.25750523805618286
2538,7,306,0.1938369870185852
2539,7,307,0.2781195342540741
2540,7,308,0.17361997067928314
2541,7,309,0.26631981134414673
2542,7,310,0.19138862192630768
2543,7,311,0.16262729465961456
2544,7,312,0.19862473011016846
2545,7,313,0.20753967761993408
2546,7,314,0.1909831017255783
2547,7,315,0.16557462513446808
2548,7,316,0.20182132720947266
2549,7,317,0.18678994476795197
2550,7,318,0.171002596616745
2551,7,319,0.2048373967409134
2552,7,320,0.19809147715568542
2553,7,321,0.2156047374010086
2554,7,322,0.23295366764068604
2555,7,323,0.2077290266752243
2556,7,324,0.19899199903011322
2557,7,325,0.2133784294128418
2558,7,326,0.1901576817035675
2559,7,327,0.18044015765190125
2560,7,328,0.16304489970207214
2561,7,329,0.2027050256729126
2562,7,330,0.18671929836273193
2563,7,331,0.1777987778186798
2564,7,332,0.21027019619941711
2565,7,333,0.2387453317642212
2566,7,334,0.19525951147079468
2567,7,335,0.1883305013179779
2568,7,336,0.18036669492721558
2569,7,337,0.20604796707630157
2570,7,338,0.17327702045440674
2571,7,339,0.19714373350143433
2572,7,340,0.22489288449287415
2573,7,341,0.17783232033252716
2574,7,342,0.1945701390504837
2575,7,343,0.15993483364582062
2576,7,344,0.24328699707984924
2577,7,345,0.19946524500846863
2578,7,346,0.1667698174715042
2579,7,347,0.19471895694732666
2580,7,348,0.19581860303878784
2581,7,349,0.1805342733860016
2582,7,350,0.25467634201049805
2583,7,351,0.22341732680797577
2584,7,352,0.1962064653635025
2585,7,353,0.14359641075134277
2586,7,354,0.21098800003528595
2587,7,355,0.20762374997138977
2588,7,356,0.20065724849700928
2589,7,357,0.23196899890899658
2590,7,358,0.1617189347743988
2591,7,359,0.15981042385101318
2592,7,360,0.23155252635478973
2593,7,361,0.2134445458650589
2594,7,362,0.18887139856815338
2595,7,363,0.21486444771289825
2596,7,364,0.24661119282245636
2597,7,365,0.1508403718471527
2598,7,366,0.1933879256248474
2599,7,367,0.23731040954589844
2600,7,368,0.1896117925643921
2601,7,369,0.1841101348400116
2602,7,370,0.1799832284450531
2603,7,371,0.20406457781791687
2604,7,372,0.14675070345401764
2605,8,1,0.2360818088054657
2606,8,2,0.1846877634525299
2607,8,3,0.24183861911296844
2608,8,4,0.17556607723236084
2609,8,5,0.1677737534046173
2610,8,6,0.16880269348621368
2611,8,7,0.19444912672042847
2612,8,8,0.2325456142425537
2613,8,9,0.1781124770641327
2614,8,10,0.18996983766555786
2615,8,11,0.18865613639354706
2616,8,12,0.1712818741798401
2617,8,13,0.2651216983795166
2618,8,14,0.15234974026679993
2619,8,15,0.17796984314918518
2620,8,16,0.17454156279563904
2621,8,17,0.18333464860916138
2622,8,18,0.20053935050964355
2623,8,19,0.18821008503437042
2624,8,20,0.18585778772830963
2625,8,21,0.18997251987457275
2626,8,22,0.16307584941387177
2627,8,23,0.17937305569648743
2628,8,24,0.1461513191461563
2629,8,25,0.15879704058170319
2630,8,26,0.13637468218803406
2631,8,27,0.16082079708576202
2632,8,28,0.15470345318317413
2633,8,29,0.1696198582649231
2634,8,30,0.2021348923444748
2635,8,31,0.16274364292621613
2636,8,32,0.1654823124408722
2637,8,33,0.3238143026828766
2638,8,34,0.16675621271133423
2639,8,35,0.1758602261543274
2640,8,36,0.1591109335422516
2641,8,37,0.16521486639976501
2642,8,38,0.1542883962392807
2643,8,39,0.19022686779499054
2644,8,40,0.21754208207130432
2645,8,41,0.1583329439163208
2646,8,42,0.21204586327075958
2647,8,43,0.17601029574871063
2648,8,44,0.1844402402639389
2649,8,45,0.15193043649196625
2650,8,46,0.16890935599803925
2651,8,47,0.16236896812915802
2652,8,48,0.16379912197589874
2653,8,49,0.16545060276985168
2654,8,50,0.2279718667268753
2655,8,51,0.19306443631649017
2656,8,52,0.19396328926086426
2657,8,53,0.25282636284828186
2658,8,54,0.19027362763881683
2659,8,55,0.14217182993888855
2660,8,56,0.14867746829986572
2661,8,57,0.15959124267101288
2662,8,58,0.16880829632282257
2663,8,59,0.17286613583564758
2664,8,60,0.24540992081165314
2665,8,61,0.19625519216060638
2666,8,62,0.168271005153656
2667,8,63,0.15546663105487823
2668,8,64,0.13395950198173523
2669,8,65,0.2109558880329132
2670,8,66,0.15623851120471954
2671,8,67,0.17567366361618042
2672,8,68,0.25067049264907837
2673,8,69,0.17920903861522675
2674,8,70,0.15621674060821533
2675,8,71,0.16695690155029297
2676,8,72,0.22016799449920654
2677,8,73,0.15716756880283356
2678,8,74,0.14886070787906647
2679,8,75,0.16841517388820648
2680,8,76,0.2432079315185547
2681,8,77,0.18008434772491455
2682,8,78,0.17675796151161194
2683,8,79,0.2099616527557373
2684,8,80,0.19242998957633972
2685,8,81,0.19555477797985077
2686,8,82,0.19968433678150177
2687,8,83,0.17967160046100616
2688,8,84,0.20689181983470917
2689,8,85,0.16318024694919586
2690,8,86,0.14236928522586823
2691,8,87,0.1444787085056305
2692,8,88,0.17218568921089172
2693,8,89,0.1923941820859909
2694,8,90,0.14834845066070557
2695,8,91,0.19342777132987976
2696,8,92,0.15489153563976288
2697,8,93,0.18398377299308777
2698,8,94,0.19332624971866608
2699,8,95,0.16446976363658905
2700,8,96,0.1644957959651947
2701,8,97,0.16431498527526855
2702,8,98,0.16331763565540314
2703,8,99,0.16803348064422607
2704,8,100,0.167312353849411
2705,8,101,0.15373678505420685
2706,8,102,0.1754910945892334
2707,8,103,0.1568731665611267
2708,8,104,0.18566368520259857
2709,8,105,0.17930880188941956
2710,8,106,0.1506853997707367
2711,8,107,0.15313968062400818
2712,8,108,0.26429206132888794
2713,8,109,0.14958903193473816
2714,8,110,0.19509336352348328
2715,8,111,0.1683264970779419
2716,8,112,0.16784468293190002
2717,8,113,0.2147953063249588
2718,8,114,0.18006965517997742
2719,8,115,0.16710513830184937
2720,8,116,0.16260260343551636
2721,8,117,0.1805589646100998
2722,8,118,0.1579003781080246
2723,8,119,0.1848466694355011
2724,8,120,0.13530978560447693
2725,8,121,0.19091883301734924
2726,8,122,0.1688021868467331
2727,8,123,0.19797936081886292
2728,8,124,0.15731240808963776
2729,8,125,0.19630633294582367
2730,8,126,0.14870989322662354
2731,8,127,0.22956278920173645
2732,8,128,0.25163620710372925
2733,8,129,0.20521369576454163
2734,8,130,0.1663965880870819
2735,8,131,0.18520286679267883
2736,8,132,0.17224113643169403
2737,8,133,0.1671103835105896
2738,8,134,0.14229726791381836
2739,8,135,0.19001075625419617
2740,8,136,0.19444292783737183
2741,8,137,0.16685768961906433
2742,8,138,0.1970144361257553
2743,8,139,0.18893268704414368
2744,8,140,0.15137222409248352
2745,8,141,0.21114282310009003
2746,8,142,0.15154489874839783
2747,8,143,0.21839161217212677
2748,8,144,0.2055753469467163
2749,8,145,0.1529112160205841
2750,8,146,0.17423275113105774
2751,8,147,0.15663641691207886
2752,8,148,0.14401856064796448
2753,8,149,0.15097518265247345
2754,8,150,0.20361272990703583
2755,8,151,0.1752115786075592
2756,8,152,0.19605842232704163
2757,8,153,0.17636869847774506
2758,8,154,0.17824050784111023
2759,8,155,0.14203880727291107
2760,8,156,0.15789571404457092
2761,8,157,0.17030401527881622
2762,8,158,0.17652948200702667
2763,8,159,0.16299280524253845
2764,8,160,0.12928609549999237
2765,8,161,0.1727936863899231
2766,8,162,0.15186552703380585
2767,8,163,0.16981418430805206
2768,8,164,0.14828088879585266
2769,8,165,0.16980090737342834
2770,8,166,0.16150546073913574
2771,8,167,0.18341219425201416
2772,8,168,0.3451828062534332
2773,8,169,0.1592339277267456
2774,8,170,0.15691283345222473
2775,8,171,0.16412678360939026
2776,8,172,0.1698727309703827
2777,8,173,0.16626985371112823
2778,8,174,0.18360809981822968
2779,8,175,0.14527097344398499
2780,8,176,0.2756684124469757
2781,8,177,0.16140839457511902
2782,8,178,0.19109424948692322
2783,8,179,0.21335868537425995
2784,8,180,0.14962659776210785
2785,8,181,0.19137875735759735
2786,8,182,0.1795201301574707
2787,8,183,0.15680374205112457
2788,8,184,0.1432851254940033
2789,8,185,0.16535179316997528
2790,8,186,0.16590584814548492
2791,8,187,0.17687685787677765
2792,8,188,0.1834815889596939
2793,8,189,0.20102457702159882
2794,8,190,0.1897287517786026
2795,8,191,0.1720156967639923
2796,8,192,0.15407694876194
2797,8,193,0.19141073524951935
2798,8,194,0.14243248105049133
2799,8,195,0.16006775200366974
2800,8,196,0.1630149483680725
2801,8,197,0.12478695809841156
2802,8,198,0.21303904056549072
2803,8,199,0.17380714416503906
2804,8,200,0.16630752384662628
2805,8,201,0.15968242287635803
2806,8,202,0.17665183544158936
2807,8,203,0.21212074160575867
2808,8,204,0.14504945278167725
2809,8,205,0.20355036854743958
2810,8,206,0.16619576513767242
2811,8,207,0.17476823925971985
2812,8,208,0.14728793501853943
2813,8,209,0.18604788184165955
2814,8,210,0.17194820940494537
2815,8,211,0.1648140251636505
2816,8,212,0.1719985157251358
2817,8,213,0.16636261343955994
2818,8,214,0.19971397519111633
2819,8,215,0.18610025942325592
2820,8,216,0.1672607958316803
2821,8,217,0.16730083525180817
2822,8,218,0.18659263849258423
2823,8,219,0.20599365234375
2824,8,220,0.17004108428955078
2825,8,221,0.13532879948616028
2826,8,222,0.15507027506828308
2827,8,223,0.1862001121044159
2828,8,224,0.15292568504810333
2829,8,225,0.2185559719800949
2830,8,226,0.15409338474273682
2831,8,227,0.16165116429328918
2832,8,228,0.1867397427558899
2833,8,229,0.1846880316734314
2834,8,230,0.1939472109079361
2835,8,231,0.18309469521045685
2836,8,232,0.4781525731086731
2837,8,233,0.1674814671278
2838,8,234,0.17559614777565002
2839,8,235,0.1663149893283844
2840,8,236,0.15455228090286255
2841,8,237,0.18353740870952606
2842,8,238,0.15376242995262146
2843,8,239,0.1743168830871582
2844,8,240,0.1755293756723404
2845,8,241,0.19077467918395996
2846,8,242,0.1715645045042038
2847,8,243,0.17211493849754333
2848,8,244,0.23228959739208221
2849,8,245,0.14978091418743134
2850,8,246,0.17332623898983002
2851,8,247,0.1657503992319107
2852,8,248,0.1567072570323944
2853,8,249,0.15394426882266998
2854,8,250,0.16388194262981415
2855,8,251,0.1810854971408844
2856,8,252,0.1905166655778885
2857,8,253,0.16014055907726288
2858,8,254,0.15275683999061584
2859,8,255,0.18972036242485046
2860,8,256,0.18054839968681335
2861,8,257,0.15431642532348633
2862,8,258,0.18343953788280487
2863,8,259,0.1884668618440628
2864,8,260,0.21238549053668976
2865,8,261,0.1592448204755783
2866,8,262,0.17178849875926971
2867,8,263,0.16222348809242249
2868,8,264,0.1802830696105957
2869,8,265,0.1594478189945221
2870,8,266,0.2060297727584839
2871,8,267,0.17819668352603912
2872,8,268,0.1837039291858673
2873,8,269,0.1913430541753769
2874,8,270,0.19826579093933105
2875,8,271,0.14408116042613983
2876,8,272,0.19593538343906403
2877,8,273,0.17539528012275696
2878,8,274,0.17106422781944275
2879,8,275,0.1810900717973709
2880,8,276,0.16707129776477814
2881,8,277,0.1484437882900238
2882,8,278,0.2170063704252243
2883,8,279,0.16519300639629364
2884,8,280,0.142141193151474
2885,8,281,0.17643526196479797
2886,8,282,0.22992801666259766
2887,8,283,0.18673774600028992
2888,8,284,0.1666451394557953
2889,8,285,0.16524046659469604
2890,8,286,0.17309913039207458
2891,8,287,0.1637876182794571
2892,8,288,0.22752594947814941
2893,8,289,0.16749756038188934
2894,8,290,0.26398468017578125
2895,8,291,0.1594444364309311
2896,8,292,0.1778375655412674
2897,8,293,0.1408340036869049
2898,8,294,0.15115424990653992
2899,8,295,0.18322041630744934
2900,8,296,0.14148324728012085
2901,8,297,0.17484773695468903
2902,8,298,0.15956687927246094
2903,8,299,0.14209842681884766
2904,8,300,0.1486901044845581
2905,8,301,0.20878532528877258
2906,8,302,0.19234398007392883
2907,8,303,0.18832531571388245
2908,8,304,0.17547331750392914
2909,8,305,0.15485431253910065
2910,8,306,0.18795083463191986
2911,8,307,0.1704181581735611
2912,8,308,0.16453364491462708
2913,8,309,0.14509089291095734
2914,8,310,0.14022870361804962
2915,8,311,0.1680135726928711
2916,8,312,0.178895503282547
2917,8,313,0.22233977913856506
2918,8,314,0.16901753842830658
2919,8,315,0.21334600448608398
2920,8,316,0.16044670343399048
2921,8,317,0.2186911404132843
2922,8,318,0.17933398485183716
2923,8,319,0.17306184768676758
2924,8,320,0.18375518918037415
2925,8,321,0.14908909797668457
2926,8,322,0.1837327927350998
2927,8,323,0.16545097529888153
2928,8,324,0.24633200466632843
2929,8,325,0.14741012454032898
2930,8,326,0.16279011964797974
2931,8,327,0.1513807475566864
2932,8,328,0.15171603858470917
2933,8,329,0.18803055584430695
2934,8,330,0.20686332881450653
2935,8,331,0.15214580297470093
2936,8,332,0.18796129524707794
2937,8,333,0.17746946215629578
2938,8,334,0.1520584672689438
2939,8,335,0.18352875113487244
2940,8,336,0.17879720032215118
2941,8,337,0.18362486362457275
2942,8,338,0.1566135585308075
2943,8,339,0.17748640477657318
2944,8,340,0.15923738479614258
2945,8,341,0.17433194816112518
2946,8,342,0.16330519318580627
2947,8,343,0.1575508564710617
2948,8,344,0.22054748237133026
2949,8,345,0.1679489016532898
2950,8,346,0.1711350977420807
2951,8,347,0.16591422259807587
2952,8,348,0.17969028651714325
2953,8,349,0.18744409084320068
2954,8,350,0.17701704800128937
2955,8,351,0.16208933293819427
2956,8,352,0.13697940111160278
2957,8,353,0.20641788840293884
2958,8,354,0.15575137734413147
2959,8,355,0.17591078579425812
2960,8,356,0.17510347068309784
2961,8,357,0.1845301389694214
2962,8,358,0.1385728418827057
2963,8,359,0.15751315653324127
2964,8,360,0.20426873862743378
2965,8,361,0.23804275691509247
2966,8,362,0.17715248465538025
2967,8,363,0.18596205115318298
2968,8,364,0.1677761971950531
2969,8,365,0.15601840615272522
2970,8,366,0.1571042239665985
2971,8,367,0.16732904314994812
2972,8,368,0.15256842970848083
2973,8,369,0.16417630016803741
2974,8,370,0.18381457030773163
2975,8,371,0.15722355246543884
2976,8,372,0.15105798840522766
2977,9,1,0.16374726593494415
2978,9,2,0.17764687538146973
2979,9,3,0.19049809873104095
2980,9,4,0.17660945653915405
2981,9,5,0.14013923704624176
2982,9,6,0.1691667139530182
2983,9,7,0.12672242522239685
2984,9,8,0.13239581882953644
2985,9,9,0.16240644454956055
2986,9,10,0.16118571162223816
2987,9,11,0.1726810336112976
2988,9,12,0.14589211344718933
2989,9,13,0.20664092898368835
2990,9,14,0.13304956257343292
2991,9,15,0.16531287133693695
2992,9,16,0.14747945964336395
2993,9,17,0.1875690221786499
2994,9,18,0.14579220116138458
2995,9,19,0.14337033033370972
2996,9,20,0.13325753808021545
2997,9,21,0.17388586699962616
2998,9,22,0.23531505465507507
2999,9,23,0.16222046315670013
3000,9,24,0.1629401296377182
3001,9,25,0.1368376910686493
3002,9,26,0.20205458998680115
3003,9,27,0.1429557204246521
3004,9,28,0.1588636338710785
3005,9,29,0.18507766723632812
3006,9,30,0.15267708897590637
3007,9,31,0.16079573333263397
3008,9,32,0.19035658240318298
3009,9,33,0.16264183819293976
3010,9,34,0.17525598406791687
3011,9,35,0.1248234286904335
3012,9,36,0.1636694222688675
3013,9,37,0.1604640781879425
3014,9,38,0.16065332293510437
3015,9,39,0.1593920886516571
3016,9,40,0.1413411945104599
3017,9,41,0.1882762610912323
3018,9,42,0.14388209581375122
3019,9,43,0.1794857233762741
3020,9,44,0.2643158733844757
3021,9,45,0.1344093233346939
3022,9,46,0.16687200963497162
3023,9,47,0.14221027493476868
3024,9,48,0.1343628317117691
3025,9,49,0.15957029163837433
3026,9,50,0.17567870020866394
3027,9,51,0.16295328736305237
3028,9,52,0.16072048246860504
3029,9,53,0.17676609754562378
3030,9,54,0.1702946424484253
3031,9,55,0.15612751245498657
3032,9,56,0.17282241582870483
3033,9,57,0.25111693143844604
3034,9,58,0.18703600764274597
3035,9,59,0.1536898910999298
3036,9,60,0.15144969522953033
3037,9,61,0.15189698338508606
3038,9,62,0.1679406464099884
3039,9,63,0.11344289779663086
3040,9,64,0.15431277453899384
3041,9,65,0.1484701931476593
3042,9,66,0.11870680004358292
3043,9,67,0.14590248465538025
3044,9,68,0.1407589614391327
3045,9,69,0.14829610288143158
3046,9,70,0.17330367863178253
3047,9,71,0.15339058637619019
3048,9,72,0.16034811735153198
3049,9,73,0.14111296832561493
3050,9,74,0.18866217136383057
3051,9,75,0.161934494972229
3052,9,76,0.156939297914505
3053,9,77,0.1335337609052658
3054,9,78,0.16200193762779236
3055,9,79,0.17383818328380585
3056,9,80,0.17456728219985962
3057,9,81,0.16355328261852264
3058,9,82,0.1530614048242569
3059,9,83,0.1600547730922699
3060,9,84,0.12889894843101501
3061,9,85,0.1445196568965912
3062,9,86,0.16368117928504944
3063,9,87,0.18389233946800232
3064,9,88,0.15251359343528748
3065,9,89,0.1475706845521927
3066,9,90,0.18011876940727234
3067,9,91,0.15607646107673645
3068,9,92,0.17085617780685425
3069,9,93,0.19059254229068756
3070,9,94,0.1593559980392456
3071,9,95,0.1362205445766449
3072,9,96,0.16456636786460876
3073,9,97,0.15036627650260925
3074,9,98,0.13244809210300446
3075,9,99,0.13909414410591125
3076,9,100,0.1640913188457489
3077,9,101,0.1573868691921234
3078,9,102,0.1785583347082138
3079,9,103,0.192659392952919
3080,9,104,0.15189310908317566
3081,9,105,0.15249840915203094
3082,9,106,0.19274239242076874
3083,9,107,0.14462819695472717
3084,9,108,0.16808894276618958
3085,9,109,0.1448545753955841
3086,9,110,0.165204256772995
3087,9,111,0.16228452324867249
3088,9,112,0.17167578637599945
3089,9,113,0.1559489518404007
3090,9,114,0.12420409917831421
3091,9,115,0.12640692293643951
3092,9,116,0.1436745822429657
3093,9,117,0.17526307702064514
3094,9,118,0.20725341141223907
3095,9,119,0.12298822402954102
3096,9,120,0.1542462408542633
3097,9,121,0.22280125319957733
3098,9,122,0.13026633858680725
3099,9,123,0.14519920945167542
3100,9,124,0.15150845050811768
3101,9,125,0.1854555904865265
3102,9,126,0.15398718416690826
3103,9,127,0.17062711715698242
3104,9,128,0.17018184065818787
3105,9,129,0.15684285759925842
3106,9,130,0.26041752099990845
3107,9,131,0.137212336063385
3108,9,132,0.109505794942379
3109,9,133,0.1398085504770279
3110,9,134,0.16070955991744995
3111,9,135,0.14778871834278107
3112,9,136,0.15352341532707214
3113,9,137,0.1393599957227707
3114,9,138,0.1827254593372345
3115,9,139,0.14617612957954407
3116,9,140,0.16449910402297974
3117,9,141,0.15835340321063995
3118,9,142,0.1463804692029953
3119,9,143,0.18514913320541382
3120,9,144,0.15260401368141174
3121,9,145,0.16242456436157227
3122,9,146,0.12454085052013397
3123,9,147,0.15694786608219147
3124,9,148,0.16614112257957458
3125,9,149,0.15173062682151794
3126,9,150,0.16220279037952423
3127,9,151,0.1480519324541092
3128,9,152,0.15420418977737427
3129,9,153,0.15650439262390137
3130,9,154,0.14936397969722748
3131,9,155,0.16063115000724792
3132,9,156,0.17137162387371063
3133,9,157,0.159999817609787
3134,9,158,0.14129312336444855
3135,9,159,0.13434113562107086
3136,9,160,0.14595405757427216
3137,9,161,0.17846539616584778
3138,9,162,0.1538591980934143
3139,9,163,0.1677776724100113
3140,9,164,0.15452638268470764
3141,9,165,0.16166336834430695
3142,9,166,0.1600465029478073
3143,9,167,0.15780004858970642
3144,9,168,0.14503994584083557
3145,9,169,0.13321325182914734
3146,9,170,0.15475690364837646
3147,9,171,0.19016605615615845
3148,9,172,0.16102580726146698
3149,9,173,0.1599707156419754
3150,9,174,0.13800904154777527
3151,9,175,0.20527946949005127
3152,9,176,0.15118056535720825
3153,9,177,0.12790721654891968
3154,9,178,0.13029468059539795
3155,9,179,0.1408688724040985
3156,9,180,0.14691336452960968
3157,9,181,0.17979001998901367
3158,9,182,0.15357840061187744
3159,9,183,0.14474985003471375
3160,9,184,0.16540521383285522
3161,9,185,0.1415417343378067
3162,9,186,0.14720788598060608
3163,9,187,0.1517031490802765
3164,9,188,0.12834976613521576
3165,9,189,0.1602623015642166
3166,9,190,0.14256121218204498
3167,9,191,0.1686403453350067
3168,9,192,0.18023911118507385
3169,9,193,0.1673436164855957
3170,9,194,0.16780586540699005
3171,9,195,0.14850834012031555
3172,9,196,0.14059804379940033
3173,9,197,0.17015162110328674
3174,9,198,0.1921214908361435
3175,9,199,0.15827307105064392
3176,9,200,0.1939728558063507
3177,9,201,0.20268642902374268
3178,9,202,0.1422525942325592
3179,9,203,0.17043885588645935
3180,9,204,0.1563348025083542
3181,9,205,0.16393838822841644
3182,9,206,0.16018353402614594
3183,9,207,0.1589476764202118
3184,9,208,0.1252603828907013
3185,9,209,0.1501895934343338
3186,9,210,0.13580872118473053
3187,9,211,0.14199301600456238
3188,9,212,0.13369117677211761
3189,9,213,0.1508236676454544
3190,9,214,0.1660090833902359
3191,9,215,0.13520821928977966
3192,9,216,0.14291876554489136
3193,9,217,0.1422387957572937
3194,9,218,0.14302347600460052
3195,9,219,0.17988967895507812
3196,9,220,0.13246585428714752
3197,9,221,0.14856556057929993
3198,9,222,0.12591315805912018
3199,9,223,0.15589535236358643
3200,9,224,0.15396055579185486
3201,9,225,0.14028440415859222
3202,9,226,0.14522746205329895
3203,9,227,0.16133226454257965
3204,9,228,0.1719544380903244
3205,9,229,0.17543449997901917
3206,9,230,0.11994381994009018
3207,9,231,0.1424495279788971
3208,9,232,0.16132447123527527
3209,9,233,0.12364296615123749
3210,9,234,0.20185701549053192
3211,9,235,0.1457349807024002
3212,9,236,0.1835799217224121
3213,9,237,0.14540645480155945
3214,9,238,0.17832544445991516
3215,9,239,0.1326049119234085
3216,9,240,0.15260164439678192
3217,9,241,0.13770879805088043
3218,9,242,0.16005149483680725
3219,9,243,0.12933102250099182
3220,9,244,0.15684163570404053
3221,9,245,0.14484663307666779
3222,9,246,0.13695082068443298
3223,9,247,0.15404543280601501
3224,9,248,0.13347366452217102
3225,9,249,0.19184406101703644
3226,9,250,0.16473710536956787
3227,9,251,0.18768468499183655
3228,9,252,0.16261304914951324
3229,9,253,0.13902246952056885
3230,9,254,0.1644873470067978
3231,9,255,0.17309364676475525
3232,9,256,0.14674894511699677
3233,9,257,0.1651831567287445
3234,9,258,0.15105615556240082
3235,9,259,0.1700817346572876
3236,9,260,0.1462176889181137
3237,9,261,0.1255626678466797
3238,9,262,0.12963813543319702
3239,9,263,0.1389247477054596
3240,9,264,0.171278178691864
3241,9,265,0.19977568089962006
3242,9,266,0.1662907600402832
3243,9,267,0.1729276478290558
3244,9,268,0.15826529264450073
3245,9,269,0.16154038906097412
3246,9,270,0.1482478678226471
3247,9,271,0.14168795943260193
3248,9,272,0.14889995753765106
3249,9,273,0.153318390250206
3250,9,274,0.19265827536582947
3251,9,275,0.16382841765880585
3252,9,276,0.14593353867530823
3253,9,277,0.15201625227928162
3254,9,278,0.12105808407068253
3255,9,279,0.18195459246635437
3256,9,280,0.14175447821617126
3257,9,281,0.17870202660560608
3258,9,282,0.145921990275383
3259,9,283,0.15096300840377808
3260,9,284,0.13333788514137268
3261,9,285,0.16719788312911987
3262,9,286,0.16370943188667297
3263,9,287,0.15413865447044373
3264,9,288,0.15250639617443085
3265,9,289,0.1636720448732376
3266,9,290,0.14887623488903046
3267,9,291,0.22395697236061096
3268,9,292,0.23006317019462585
3269,9,293,0.13826589286327362
3270,9,294,0.16437864303588867
3271,9,295,0.12524710595607758
3272,9,296,0.14443719387054443
3273,9,297,0.14413666725158691
3274,9,298,0.21166309714317322
3275,9,299,0.14029736816883087
3276,9,300,0.15036141872406006
3277,9,301,0.14888012409210205
3278,9,302,0.17479947209358215
3279,9,303,0.18926338851451874
3280,9,304,0.1498388797044754
3281,9,305,0.16380010545253754
3282,9,306,0.1717604547739029
3283,9,307,0.16809287667274475
3284,9,308,0.16629239916801453
3285,9,309,0.1286270022392273
3286,9,310,0.1421898752450943
3287,9,311,0.1546964943408966
3288,9,312,0.13980644941329956
3289,9,313,0.13919249176979065
3290,9,314,0.13926474750041962
3291,9,315,0.13019146025180817
3292,9,316,0.149201899766922
3293,9,317,0.13083568215370178
3294,9,318,0.13733261823654175
3295,9,319,0.13346759974956512
3296,9,320,0.15305082499980927
3297,9,321,0.1536019891500473
3298,9,322,0.15940995514392853
3299,9,323,0.1605924665927887
3300,9,324,0.19389238953590393
3301,9,325,0.14826473593711853
3302,9,326,0.14464706182479858
3303,9,327,0.16566471755504608
3304,9,328,0.16791512072086334
3305,9,329,0.14679543673992157
3306,9,330,0.15113016963005066
3307,9,331,0.14960519969463348
3308,9,332,0.16223277151584625
3309,9,333,0.1514815390110016
3310,9,334,0.1477692425251007
3311,9,335,0.15678119659423828
3312,9,336,0.15370915830135345
3313,9,337,0.13320419192314148
3314,9,338,0.1397078037261963
3315,9,339,0.15430401265621185
3316,9,340,0.14146381616592407
3317,9,341,0.16636812686920166
3318,9,342,0.14396855235099792
3319,9,343,0.171385258436203
3320,9,344,0.1876174956560135
3321,9,345,0.15453378856182098
3322,9,346,0.12979885935783386
3323,9,347,0.135342538356781
3324,9,348,0.17089027166366577
3325,9,349,0.15332922339439392
3326,9,350,0.18175965547561646
3327,9,351,0.1705135703086853
3328,9,352,0.16382060945034027
3329,9,353,0.19188664853572845
3330,9,354,0.17479273676872253
3331,9,355,0.14770539104938507
3332,9,356,0.1909075528383255
3333,9,357,0.13427841663360596
3334,9,358,0.16657927632331848
3335,9,359,0.13259007036685944
3336,9,360,0.15174399316310883
3337,9,361,0.14283478260040283
3338,9,362,0.15466561913490295
3339,9,363,0.16874341666698456
3340,9,364,0.14277690649032593
3341,9,365,0.12492670118808746
3342,9,366,0.14610524475574493
3343,9,367,0.19496284425258636
3344,9,368,0.20375779271125793
3345,9,369,0.1534562110900879
3346,9,370,0.13639089465141296
3347,9,371,0.13855579495429993
3348,9,372,0.13129658997058868
3349,10,1,0.13200581073760986
3350,10,2,0.13997887074947357
3351,10,3,0.13902506232261658
3352,10,4,0.15227311849594116
3353,10,5,0.1550048291683197
3354,10,6,0.13502831757068634
3355,10,7,0.15494689345359802
3356,10,8,0.1640603095293045
3357,10,9,0.18094030022621155
3358,10,10,0.16463103890419006
3359,10,11,0.1407981663942337
3360,10,12,0.12255541235208511
3361,10,13,0.18302416801452637
3362,10,14,0.1447312980890274
3363,10,15,0.17884837090969086
3364,10,16,0.15582697093486786
3365,10,17,0.13212472200393677
3366,10,18,0.16973963379859924
3367,10,19,0.1618480384349823
3368,10,20,0.1988319456577301
3369,10,21,0.15974383056163788
3370,10,22,0.1507876217365265
3371,10,23,0.13650906085968018
3372,10,24,0.1269702911376953
3373,10,25,0.13751180469989777
3374,10,26,0.1440616399049759
3375,10,27,0.13626202940940857
3376,10,28,0.14920029044151306
3377,10,29,0.11940871179103851
3378,10,30,0.13162289559841156
3379,10,31,0.161538764834404
3380,10,32,0.1301056146621704
3381,10,33,0.15594828128814697
3382,10,34,0.17714199423789978
3383,10,35,0.1713900864124298
3384,10,36,0.1451415717601776
3385,10,37,0.1458338052034378
3386,10,38,0.12998883426189423
3387,10,39,0.13082586228847504
3388,10,40,0.1447620540857315
3389,10,41,0.13844916224479675
3390,10,42,0.12385158240795135
3391,10,43,0.14150404930114746
3392,10,44,0.15007534623146057
3393,10,45,0.1533992737531662
3394,10,46,0.14184050261974335
3395,10,47,0.13335934281349182
3396,10,48,0.12804600596427917
3397,10,49,0.14249283075332642
3398,10,50,0.13754674792289734
3399,10,51,0.17066147923469543
3400,10,52,0.1423942595720291
3401,10,53,0.16508334875106812
3402,10,54,0.16050317883491516
3403,10,55,0.15467974543571472
3404,10,56,0.16159695386886597
3405,10,57,0.13602066040039062
3406,10,58,0.15434658527374268
3407,10,59,0.15263524651527405
3408,10,60,0.13020077347755432
3409,10,61,0.1477108746767044
3410,10,62,0.17516010999679565
3411,10,63,0.1573825627565384
3412,10,64,0.1602122038602829
3413,10,65,0.20167236030101776
3414,10,66,0.17056864500045776
3415,10,67,0.15140900015830994
3416,10,68,0.1599385291337967
3417,10,69,0.1927189975976944
3418,10,70,0.17070457339286804
3419,10,71,0.1198870986700058
3420,10,72,0.14726820588111877
3421,10,73,0.13839824497699738
3422,10,74,0.11528917402029037
3423,10,75,0.13880637288093567
3424,10,76,0.12222404778003693
3425,10,77,0.1481829732656479
3426,10,78,0.1290299892425537
3427,10,79,0.1365673691034317
3428,10,80,0.14353762567043304
3429,10,81,0.1267455369234085
3430,10,82,0.14379897713661194
3431,10,83,0.16352584958076477
3432,10,84,0.12823393940925598
3433,10,85,0.17838580906391144
3434,10,86,0.1217244490981102
3435,10,87,0.140413299202919
3436,10,88,0.11970909684896469
3437,10,89,0.1296130120754242
3438,10,90,0.13182303309440613
3439,10,91,0.12305857986211777
3440,10,92,0.16725584864616394
3441,10,93,0.15484397113323212
3442,10,94,0.1375112384557724
3443,10,95,0.1494075059890747
3444,10,96,0.13531877100467682
3445,10,97,0.14607419073581696
3446,10,98,0.14664268493652344
3447,10,99,0.14542464911937714
3448,10,100,0.13960914313793182
3449,10,101,0.1669071465730667
3450,10,102,0.1431616097688675
3451,10,103,0.1514473855495453
3452,10,104,0.16631799936294556
3453,10,105,0.17749212682247162
3454,10,106,0.18980294466018677
3455,10,107,0.14822076261043549
3456,10,108,0.11703862249851227
3457,10,109,0.14516672492027283
3458,10,110,0.15488533675670624
3459,10,111,0.16370883584022522
3460,10,112,0.16053727269172668
3461,10,113,0.11987127363681793
3462,10,114,0.150039404630661
3463,10,115,0.17624953389167786
3464,10,116,0.1390838921070099
3465,10,117,0.16459819674491882
3466,10,118,0.1311720907688141
3467,10,119,0.14345772564411163
3468,10,120,0.12972912192344666
3469,10,121,0.1433296501636505
3470,10,122,0.1497388780117035
3471,10,123,0.14126963913440704
3472,10,124,0.15108665823936462
3473,10,125,0.151768296957016
3474,10,126,0.15622064471244812
3475,10,127,0.16588377952575684
3476,10,128,0.15583041310310364
3477,10,129,0.17548036575317383
3478,10,130,0.1400391161441803
3479,10,131,0.13173876702785492
3480,10,132,0.18208332359790802
3481,10,133,0.12211672216653824
3482,10,134,0.14024096727371216
3483,10,135,0.1802423596382141
3484,10,136,0.15833626687526703
3485,10,137,0.16881440579891205
3486,10,138,0.12764783203601837
3487,10,139,0.16923454403877258
3488,10,140,0.16511830687522888
3489,10,141,0.16763846576213837
3490,10,142,0.13865089416503906
3491,10,143,0.16840001940727234
3492,10,144,0.13888980448246002
3493,10,145,0.1345173418521881
3494,10,146,0.1519988626241684
3495,10,147,0.1283997744321823
3496,10,148,0.1426759958267212
3497,10,149,0.13281583786010742
3498,10,150,0.15100935101509094
3499,10,151,0.16791273653507233
3500,10,152,0.1560157835483551
3501,10,153,0.17473527789115906
3502,10,154,0.13740099966526031
3503,10,155,0.1512736827135086
3504,10,156,0.12211476266384125
3505,10,157,0.10976004600524902
3506,10,158,0.18308624625205994
3507,10,159,0.15123485028743744
3508,10,160,0.13590659201145172
3509,10,161,0.13966870307922363
3510,10,162,0.1222168579697609
3511,10,163,0.13702602684497833
3512,10,164,0.13518795371055603
3513,10,165,0.16995248198509216
3514,10,166,0.13445468246936798
3515,10,167,0.13176696002483368
3516,10,168,0.1387159675359726
3517,10,169,0.14901486039161682
3518,10,170,0.17156974971294403
3519,10,171,0.17044329643249512
3520,10,172,0.1655314415693283
3521,10,173,0.16125719249248505
3522,10,174,0.1969696581363678
3523,10,175,0.14148008823394775
3524,10,176,0.12088792026042938
3525,10,177,0.18547974526882172
3526,10,178,0.14679132401943207
3527,10,179,0.1195148229598999
3528,10,180,0.17108683288097382
3529,10,181,0.137635737657547
3530,10,182,0.1322936713695526
3531,10,183,0.17944981157779694
3532,10,184,0.13064730167388916
3533,10,185,0.15369215607643127
3534,10,186,0.14894816279411316
3535,10,187,0.1478036791086197
3536,10,188,0.16907893121242523
3537,10,189,0.1014508455991745
3538,10,190,0.13671112060546875
3539,10,191,0.13778062164783478
3540,10,192,0.1550614982843399
3541,10,193,0.1576966643333435
3542,10,194,0.12400005757808685
3543,10,195,0.14218515157699585
3544,10,196,0.1278611123561859
3545,10,197,0.17170564830303192
3546,10,198,0.16126126050949097
3547,10,199,0.11052025854587555
3548,10,200,0.11974453926086426
3549,10,201,0.12830409407615662
3550,10,202,0.16080090403556824
3551,10,203,0.164613276720047
3552,10,204,0.14796817302703857
3553,10,205,0.13612870872020721
3554,10,206,0.11888905614614487
3555,10,207,0.15013912320137024
3556,10,208,0.146746426820755
3557,10,209,0.140811949968338
3558,10,210,0.13003359735012054
3559,10,211,0.13584110140800476
3560,10,212,0.1404723823070526
3561,10,213,0.14589166641235352
3562,10,214,0.15666057169437408
3563,10,215,0.17101404070854187
3564,10,216,0.16872432827949524
3565,10,217,0.1630639135837555
3566,10,218,0.16712716221809387
3567,10,219,0.1576795130968094
3568,10,220,0.13982057571411133
3569,10,221,0.14416663348674774
3570,10,222,0.1664508581161499
3571,10,223,0.13464809954166412
3572,10,224,0.14351682364940643
3573,10,225,0.13906927406787872
3574,10,226,0.14861974120140076
3575,10,227,0.13910041749477386
3576,10,228,0.14935311675071716
3577,10,229,0.12421952188014984
3578,10,230,0.13678422570228577
3579,10,231,0.12903572618961334
3580,10,232,0.17996719479560852
3581,10,233,0.1385420262813568
3582,10,234,0.17087383568286896
3583,10,235,0.11355544626712799
3584,10,236,0.1437721997499466
3585,10,237,0.14427196979522705
3586,10,238,0.13810041546821594
3587,10,239,0.16130508482456207
3588,10,240,0.1527450680732727
3589,10,241,0.1421929895877838
3590,10,242,0.13688500225543976
3591,10,243,0.177578404545784
3592,10,244,0.1634417623281479
3593,10,245,0.1228654608130455
3594,10,246,0.15079498291015625
3595,10,247,0.15536686778068542
3596,10,248,0.12856677174568176
3597,10,249,0.15609636902809143
3598,10,250,0.1439901739358902
3599,10,251,0.1459168940782547
3600,10,252,0.17392906546592712
3601,10,253,0.3209705650806427
3602,10,254,0.13311734795570374
3603,10,255,0.1554209142923355
3604,10,256,0.2160814255475998
3605,10,257,0.15066741406917572
3606,10,258,0.16144731640815735
3607,10,259,0.15097734332084656
3608,10,260,0.1736317276954651
3609,10,261,0.163259357213974
3610,10,262,0.14445683360099792
3611,10,263,0.1427760273218155
3612,10,264,0.16284002363681793
3613,10,265,0.16926893591880798
3614,10,266,0.1365642100572586
3615,10,267,0.1756088137626648
3616,10,268,0.14528319239616394
3617,10,269,0.1712922751903534
3618,10,270,0.19261935353279114
3619,10,271,0.16188094019889832
3620,10,272,0.18718712031841278
3621,10,273,0.1112053394317627
3622,10,274,0.1644120216369629
3623,10,275,0.13812991976737976
3624,10,276,0.16924448311328888
3625,10,277,0.15184910595417023
3626,10,278,0.14786727726459503
3627,10,279,0.14358186721801758
3628,10,280,0.14896586537361145
3629,10,281,0.14198458194732666
3630,10,282,0.1471017748117447
3631,10,283,0.15905515849590302
3632,10,284,0.11491969972848892
3633,10,285,0.17440049350261688
3634,10,286,0.16303542256355286
3635,10,287,0.13962489366531372
3636,10,288,0.13550350069999695
3637,10,289,0.1760101616382599
3638,10,290,0.12315688282251358
3639,10,291,0.1698468029499054
3640,10,292,0.1307641565799713
3641,10,293,0.14607566595077515
3642,10,294,0.18715721368789673
3643,10,295,0.1772046983242035
3644,10,296,0.15476949512958527
3645,10,297,0.13660256564617157
3646,10,298,0.17201384902000427
3647,10,299,0.15935391187667847
3648,10,300,0.12603232264518738
3649,10,301,0.14022190868854523
3650,10,302,0.18411359190940857
3651,10,303,0.14877517521381378
3652,10,304,0.1425059735774994
3653,10,305,0.14478716254234314
3654,10,306,0.12843260169029236
3655,10,307,0.16215471923351288
3656,10,308,0.1268535852432251
3657,10,309,0.14021319150924683
3658,10,310,0.14693178236484528
3659,10,311,0.17140653729438782
3660,10,312,0.12288226932287216
3661,10,313,0.13625529408454895
3662,10,314,0.15606078505516052
3663,10,315,0.15444926917552948
3664,10,316,0.21630063652992249
3665,10,317,0.13498684763908386
3666,10,318,0.1430298388004303
3667,10,319,0.16824698448181152
3668,10,320,0.1426471769809723
3669,10,321,0.1507434993982315
3670,10,322,0.1376355141401291
3671,10,323,0.15206286311149597
3672,10,324,0.14024387300014496
3673,10,325,0.1482236087322235
3674,10,326,0.16337405145168304
3675,10,327,0.1293925791978836
3676,10,328,0.19307854771614075
3677,10,329,0.16234084963798523
3678,10,330,0.12971380352973938
3679,10,331,0.12878720462322235
3680,10,332,0.1865975558757782
3681,10,333,0.16503962874412537
3682,10,334,0.13942177593708038
3683,10,335,0.12152571976184845
3684,10,336,0.17324797809123993
3685,10,337,0.14664170145988464
3686,10,338,0.12825287878513336
3687,10,339,0.15820515155792236
3688,10,340,0.12125176191329956
3689,10,341,0.17355841398239136
3690,10,342,0.17274877429008484
3691,10,343,0.1613089144229889
3692,10,344,0.1301383078098297
3693,10,345,0.12388373911380768
3694,10,346,0.14307492971420288
3695,10,347,0.14103403687477112
3696,10,348,0.136923149228096
3697,10,349,0.16832293570041656
3698,10,350,0.14022988080978394
3699,10,351,0.14187300205230713
3700,10,352,0.14741674065589905
3701,10,353,0.12899674475193024
3702,10,354,0.20582659542560577
3703,10,355,0.1400933563709259
3704,10,356,0.15351209044456482
3705,10,357,0.11958234012126923
3706,10,358,0.1205437034368515
3707,10,359,0.13425418734550476
3708,10,360,0.14101478457450867
3709,10,361,0.12637844681739807
3710,10,362,0.15256580710411072
3711,10,363,0.17032794654369354
3712,10,364,0.12287745624780655
3713,10,365,0.16906674206256866
3714,10,366,0.1511935442686081
3715,10,367,0.15730980038642883
3716,10,368,0.1595858335494995
3717,10,369,0.16871127486228943
3718,10,370,0.1383182853460312
3719,10,371,0.18079601228237152
3720,10,372,0.11624522507190704
