global_step,epoch,batch,train_loss
1,1,1,3.2908241748809814
2,1,2,3.250302791595459
3,1,3,3.2306785583496094
4,1,4,3.207063674926758
5,1,5,3.2547690868377686
6,1,6,3.248891830444336
7,1,7,3.179593324661255
8,1,8,3.159658670425415
9,1,9,3.159768581390381
10,1,10,3.097989559173584
11,1,11,3.112483263015747
12,1,12,3.099699020385742
13,1,13,3.0487759113311768
14,1,14,3.0520009994506836
15,1,15,3.0396199226379395
16,1,16,3.0517828464508057
17,1,17,3.011906147003174
18,1,18,3.0179238319396973
19,1,19,2.9761557579040527
20,1,20,2.9783759117126465
21,1,21,2.9769887924194336
22,1,22,2.977985143661499
23,1,23,2.944912910461426
24,1,24,2.9226953983306885
25,1,25,2.9629979133605957
26,1,26,2.9342422485351562
27,1,27,2.9020371437072754
28,1,28,2.862952709197998
29,1,29,2.8982644081115723
30,1,30,2.8779773712158203
31,1,31,2.9111833572387695
32,1,32,2.8164544105529785
33,1,33,2.8641343116760254
34,1,34,2.852451801300049
35,1,35,2.8042542934417725
36,1,36,2.79617977142334
37,1,37,2.796701431274414
38,1,38,2.791855573654175
39,1,39,2.7463042736053467
40,1,40,2.7755532264709473
41,1,41,2.8162894248962402
42,1,42,2.7692384719848633
43,1,43,2.7947514057159424
44,1,44,2.7056376934051514
45,1,45,2.818854570388794
46,1,46,2.719552993774414
47,1,47,2.692404270172119
48,1,48,2.7398345470428467
49,1,49,2.645428419113159
50,1,50,2.7111642360687256
51,1,51,2.6652770042419434
52,1,52,2.747915744781494
53,1,53,2.7018349170684814
54,1,54,2.671372652053833
55,1,55,2.681295871734619
56,1,56,2.71022367477417
57,1,57,2.6674551963806152
58,1,58,2.590363025665283
59,1,59,2.6548657417297363
60,1,60,2.6162567138671875
61,1,61,2.6094374656677246
62,1,62,2.686004400253296
63,1,63,2.580730438232422
64,1,64,2.640432834625244
65,1,65,2.602263927459717
66,1,66,2.594755172729492
67,1,67,2.5212111473083496
68,1,68,2.6092562675476074
69,1,69,2.597166061401367
70,1,70,2.5459835529327393
71,1,71,2.5527291297912598
72,1,72,2.576587438583374
73,1,73,2.6539573669433594
74,1,74,2.5049564838409424
75,1,75,2.5088770389556885
76,1,76,2.5632824897766113
77,1,77,2.516502618789673
78,1,78,2.514252185821533
79,1,79,2.5533411502838135
80,1,80,2.534956455230713
81,1,81,2.5277016162872314
82,1,82,2.5149219036102295
83,1,83,2.4978253841400146
84,1,84,2.4521594047546387
85,1,85,2.503706455230713
86,1,86,2.506187915802002
87,1,87,2.490633010864258
88,1,88,2.4676871299743652
89,1,89,2.433619260787964
90,1,90,2.473008155822754
91,1,91,2.4382591247558594
92,1,92,2.5098602771759033
93,1,93,2.471606492996216
94,1,94,2.4501373767852783
95,1,95,2.4954872131347656
96,1,96,2.3900485038757324
97,1,97,2.5203187465667725
98,1,98,2.445850133895874
99,1,99,2.465916156768799
100,1,100,2.4728012084960938
101,1,101,2.4161553382873535
102,1,102,2.4411818981170654
103,1,103,2.4196536540985107
104,1,104,2.4929628372192383
105,1,105,2.409719944000244
106,1,106,2.362661600112915
107,1,107,2.4196975231170654
108,1,108,2.413609504699707
109,1,109,2.442439556121826
110,1,110,2.3782095909118652
111,1,111,2.3702526092529297
112,1,112,2.449268102645874
113,1,113,2.381317138671875
114,1,114,2.3723552227020264
115,1,115,2.346475124359131
116,1,116,2.417639970779419
117,1,117,2.480584144592285
118,1,118,2.4161577224731445
119,1,119,2.413510799407959
120,1,120,2.383326768875122
121,1,121,2.3370752334594727
122,1,122,2.363797426223755
123,1,123,2.3775475025177
124,1,124,2.3796067237854004
125,1,125,2.324373722076416
126,1,126,2.3931663036346436
127,1,127,2.439786434173584
128,1,128,2.3438971042633057
129,1,129,2.5030934810638428
130,1,130,2.3401851654052734
131,1,131,2.4235119819641113
132,1,132,2.361279249191284
133,1,133,2.3095526695251465
134,1,134,2.3185746669769287
135,1,135,2.428328514099121
136,1,136,2.290968656539917
137,1,137,2.3702688217163086
138,1,138,2.395658254623413
139,1,139,2.3080039024353027
140,1,140,2.3380556106567383
141,1,141,2.2979283332824707
142,1,142,2.3620991706848145
143,1,143,2.385761260986328
144,1,144,2.2959935665130615
145,1,145,2.3778491020202637
146,1,146,2.3581607341766357
147,1,147,2.322876453399658
148,1,148,2.2829301357269287
149,1,149,2.285749912261963
150,1,150,2.323071002960205
151,1,151,2.2689108848571777
152,1,152,2.2675445079803467
153,1,153,2.3783419132232666
154,1,154,2.302042245864868
155,1,155,2.348930835723877
156,1,156,2.3996894359588623
157,1,157,2.3246219158172607
158,1,158,2.244988441467285
159,1,159,2.3194503784179688
160,1,160,2.4096274375915527
161,1,161,2.3612594604492188
162,1,162,2.302028179168701
163,1,163,2.2968456745147705
164,1,164,2.301903486251831
165,1,165,2.3009700775146484
166,1,166,2.366001844406128
167,1,167,2.293238639831543
168,1,168,2.2783236503601074
169,1,169,2.230814218521118
170,1,170,2.2911605834960938
171,1,171,2.3277411460876465
172,1,172,2.2588117122650146
173,1,173,2.276240587234497
174,1,174,2.292344808578491
175,1,175,2.2567520141601562
176,1,176,2.2492947578430176
177,1,177,2.2479076385498047
178,1,178,2.287659168243408
179,1,179,2.28316593170166
180,1,180,2.2630116939544678
181,1,181,2.2297980785369873
182,1,182,2.2772865295410156
183,1,183,2.232987403869629
184,1,184,2.2400639057159424
185,1,185,2.270249366760254
186,1,186,2.2580885887145996
187,1,187,2.2986178398132324
188,1,188,2.2592477798461914
189,1,189,2.252171039581299
190,1,190,2.251904010772705
191,1,191,2.1948301792144775
192,1,192,2.2469537258148193
193,1,193,2.2464301586151123
194,1,194,2.3597893714904785
195,1,195,2.2700302600860596
196,1,196,2.213974952697754
197,1,197,2.2445156574249268
198,1,198,2.2698702812194824
199,1,199,2.2095019817352295
200,1,200,2.183415412902832
201,1,201,2.258540630340576
202,1,202,2.193917751312256
203,1,203,2.2532830238342285
204,1,204,2.2624471187591553
205,1,205,2.2474961280822754
206,1,206,2.243232250213623
207,1,207,2.3346943855285645
208,1,208,2.2479822635650635
209,1,209,2.2290573120117188
210,1,210,2.1556975841522217
211,1,211,2.233011245727539
212,1,212,2.210522174835205
213,1,213,2.1469898223876953
214,1,214,2.1914496421813965
215,1,215,2.1587610244750977
216,1,216,2.1895408630371094
217,1,217,2.2321889400482178
218,1,218,2.1643431186676025
219,1,219,2.1890501976013184
220,1,220,2.2450358867645264
221,1,221,2.203766345977783
222,1,222,2.1546473503112793
223,1,223,2.237095355987549
224,1,224,2.130422353744507
225,1,225,2.390044689178467
226,1,226,2.1843297481536865
227,1,227,2.302987575531006
228,1,228,2.171419858932495
229,1,229,2.2145867347717285
230,1,230,2.2514572143554688
231,1,231,2.1446526050567627
232,1,232,2.234368085861206
233,1,233,2.165027141571045
234,1,234,2.152697801589966
235,1,235,2.230576992034912
236,1,236,2.140242338180542
237,1,237,2.1726229190826416
238,1,238,2.158025026321411
239,1,239,2.2123756408691406
240,1,240,2.1470675468444824
241,1,241,2.227942943572998
242,1,242,2.1411185264587402
243,1,243,2.1428492069244385
244,1,244,2.1597208976745605
245,1,245,2.1073458194732666
246,1,246,2.1577839851379395
247,1,247,2.1131224632263184
248,1,248,2.1818768978118896
249,1,249,2.1044180393218994
250,1,250,2.1162989139556885
251,1,251,2.186793565750122
252,1,252,2.1200711727142334
253,1,253,2.157809019088745
254,1,254,2.1192359924316406
255,1,255,2.1322176456451416
256,1,256,2.0588877201080322
257,1,257,2.1614105701446533
258,1,258,2.1552839279174805
259,1,259,2.17927622795105
260,1,260,2.118497371673584
261,1,261,2.109543800354004
262,1,262,2.166682720184326
263,1,263,2.093156337738037
264,1,264,2.1117653846740723
265,1,265,2.1049351692199707
266,1,266,2.1806800365448
267,1,267,2.170301675796509
268,1,268,2.109895706176758
269,1,269,2.1170718669891357
270,1,270,2.0973269939422607
271,1,271,2.104861259460449
272,1,272,2.143845558166504
273,1,273,2.1658403873443604
274,1,274,2.0864880084991455
275,1,275,2.0449719429016113
276,1,276,2.1438851356506348
277,1,277,2.0768871307373047
278,1,278,2.1037487983703613
279,1,279,2.191528797149658
280,1,280,2.0806801319122314
281,1,281,2.152040719985962
282,1,282,2.1424779891967773
283,1,283,2.106619119644165
284,1,284,2.1627068519592285
285,1,285,2.098372220993042
286,1,286,2.0609984397888184
287,1,287,2.0375213623046875
288,1,288,2.117380142211914
289,1,289,2.1231741905212402
290,1,290,2.1895713806152344
291,1,291,2.0909647941589355
292,1,292,2.1143763065338135
293,1,293,2.1205883026123047
294,1,294,2.109131336212158
295,1,295,2.0874106884002686
296,1,296,2.118760347366333
297,1,297,2.048743963241577
298,1,298,2.1015164852142334
299,1,299,2.1173524856567383
300,1,300,2.0693581104278564
301,1,301,2.017712354660034
302,1,302,2.093606472015381
303,1,303,2.123298406600952
304,1,304,2.081610918045044
305,1,305,2.098569869995117
306,1,306,2.0249404907226562
307,1,307,2.035348415374756
308,1,308,2.114778757095337
309,1,309,2.1612234115600586
310,1,310,2.099653959274292
311,1,311,2.100529193878174
312,1,312,2.072619915008545
313,1,313,2.069633960723877
314,1,314,2.056359052658081
315,1,315,2.0943360328674316
316,1,316,2.0599303245544434
317,1,317,2.0682740211486816
318,1,318,2.1138131618499756
319,1,319,2.0857138633728027
320,1,320,2.03798508644104
321,1,321,2.0958023071289062
322,1,322,2.1167588233947754
323,1,323,2.0703816413879395
324,1,324,2.138124465942383
325,1,325,2.030952215194702
326,1,326,2.029451847076416
327,1,327,2.053490161895752
328,1,328,2.209986925125122
329,1,329,2.0670180320739746
330,1,330,2.0583736896514893
331,1,331,2.0706429481506348
332,1,332,2.04923152923584
333,1,333,2.0607657432556152
334,1,334,2.0331623554229736
335,1,335,2.019960403442383
336,1,336,2.066441774368286
337,1,337,2.121500253677368
338,1,338,2.083314895629883
339,1,339,2.181422472000122
340,1,340,2.0171751976013184
341,1,341,2.0956368446350098
342,1,342,2.059372901916504
343,1,343,2.050332546234131
344,1,344,2.099566698074341
345,1,345,2.0636024475097656
346,1,346,1.9876457452774048
347,1,347,2.0686888694763184
348,1,348,2.040163516998291
349,1,349,2.0935401916503906
350,1,350,2.0518295764923096
351,1,351,1.961844801902771
352,1,352,2.0494585037231445
353,1,353,2.0624353885650635
354,1,354,2.0321736335754395
355,1,355,2.1921489238739014
356,1,356,2.036271333694458
357,1,357,2.054097890853882
358,1,358,2.0920252799987793
359,1,359,1.998389482498169
360,1,360,2.0503623485565186
361,1,361,2.023843765258789
362,1,362,2.0202701091766357
363,1,363,2.047691583633423
364,1,364,2.138223171234131
365,1,365,2.069612741470337
366,1,366,2.037365674972534
367,1,367,2.024765729904175
368,1,368,1.964257836341858
369,1,369,2.0243520736694336
370,1,370,2.028886318206787
371,1,371,2.0201609134674072
372,1,372,2.148479461669922
373,2,1,2.045839309692383
374,2,2,2.002965211868286
375,2,3,1.9626209735870361
376,2,4,1.9941726922988892
377,2,5,1.9785664081573486
378,2,6,1.9797347784042358
379,2,7,1.9529727697372437
380,2,8,2.093001127243042
381,2,9,1.9690710306167603
382,2,10,2.044005870819092
383,2,11,2.0400338172912598
384,2,12,2.018467903137207
385,2,13,2.015890121459961
386,2,14,1.9775069952011108
387,2,15,2.0313754081726074
388,2,16,1.988821268081665
389,2,17,1.9594465494155884
390,2,18,2.006410837173462
391,2,19,2.011897563934326
392,2,20,2.1600775718688965
393,2,21,1.987463355064392
394,2,22,1.9743512868881226
395,2,23,2.0196235179901123
396,2,24,2.065063953399658
397,2,25,2.065718173980713
398,2,26,1.9844144582748413
399,2,27,2.0076634883880615
400,2,28,1.990218162536621
401,2,29,1.9888092279434204
402,2,30,1.9607083797454834
403,2,31,2.0278706550598145
404,2,32,1.9772182703018188
405,2,33,2.0144925117492676
406,2,34,1.998934030532837
407,2,35,2.0226948261260986
408,2,36,1.9705994129180908
409,2,37,1.9540904760360718
410,2,38,2.0485165119171143
411,2,39,1.9855293035507202
412,2,40,2.0163657665252686
413,2,41,2.0338025093078613
414,2,42,2.0080387592315674
415,2,43,2.031205654144287
416,2,44,1.944271445274353
417,2,45,1.9836757183074951
418,2,46,1.9363148212432861
419,2,47,1.9826008081436157
420,2,48,1.940690279006958
421,2,49,1.9022960662841797
422,2,50,1.9944212436676025
423,2,51,1.964487075805664
424,2,52,2.047820568084717
425,2,53,2.0383591651916504
426,2,54,1.9513652324676514
427,2,55,1.972438097000122
428,2,56,1.9725052118301392
429,2,57,2.0217268466949463
430,2,58,2.0003175735473633
431,2,59,2.0232441425323486
432,2,60,2.019002676010132
433,2,61,2.0202512741088867
434,2,62,1.9350579977035522
435,2,63,1.9920151233673096
436,2,64,2.0089304447174072
437,2,65,2.010573148727417
438,2,66,2.028163433074951
439,2,67,1.958937644958496
440,2,68,1.985045075416565
441,2,69,1.9770805835723877
442,2,70,1.9976146221160889
443,2,71,1.998748779296875
444,2,72,1.943377137184143
445,2,73,2.0044872760772705
446,2,74,1.9502944946289062
447,2,75,1.9919182062149048
448,2,76,1.9123480319976807
449,2,77,1.9809573888778687
450,2,78,2.033332347869873
451,2,79,1.9454786777496338
452,2,80,1.9654096364974976
453,2,81,2.117215633392334
454,2,82,1.958876371383667
455,2,83,1.9448001384735107
456,2,84,1.9385128021240234
457,2,85,1.9602038860321045
458,2,86,2.0512442588806152
459,2,87,1.8871257305145264
460,2,88,1.9426301717758179
461,2,89,2.022845506668091
462,2,90,1.9848648309707642
463,2,91,1.9632717370986938
464,2,92,2.004580020904541
465,2,93,1.9519160985946655
466,2,94,2.036508560180664
467,2,95,1.9751564264297485
468,2,96,1.907849669456482
469,2,97,1.9528110027313232
470,2,98,1.9481033086776733
471,2,99,2.021277904510498
472,2,100,1.946171760559082
473,2,101,1.9108400344848633
474,2,102,1.9720628261566162
475,2,103,1.9342998266220093
476,2,104,1.9691623449325562
477,2,105,2.0660104751586914
478,2,106,1.965981125831604
479,2,107,1.9754301309585571
480,2,108,2.037356376647949
481,2,109,1.924254059791565
482,2,110,1.945020079612732
483,2,111,1.9279524087905884
484,2,112,1.9653739929199219
485,2,113,1.9006898403167725
486,2,114,1.967150092124939
487,2,115,1.9710677862167358
488,2,116,1.9498319625854492
489,2,117,1.9261748790740967
490,2,118,1.9457826614379883
491,2,119,1.970869779586792
492,2,120,1.926609754562378
493,2,121,1.9336744546890259
494,2,122,1.9878559112548828
495,2,123,1.9387279748916626
496,2,124,1.9403040409088135
497,2,125,1.8668367862701416
498,2,126,1.937856674194336
499,2,127,1.9155981540679932
500,2,128,1.9001373052597046
501,2,129,1.9781978130340576
502,2,130,1.969970703125
503,2,131,1.9490385055541992
504,2,132,1.939176321029663
505,2,133,1.9197956323623657
506,2,134,2.0395209789276123
507,2,135,2.0057260990142822
508,2,136,1.9840749502182007
509,2,137,1.942026138305664
510,2,138,1.905322790145874
511,2,139,1.9146862030029297
512,2,140,1.8628623485565186
513,2,141,1.934840202331543
514,2,142,1.990404725074768
515,2,143,1.95469069480896
516,2,144,1.9856582880020142
517,2,145,1.941314935684204
518,2,146,1.9086344242095947
519,2,147,1.9387918710708618
520,2,148,1.9770656824111938
521,2,149,1.926404595375061
522,2,150,1.8908271789550781
523,2,151,1.9490892887115479
524,2,152,1.867431640625
525,2,153,1.9088232517242432
526,2,154,2.1090636253356934
527,2,155,1.912377119064331
528,2,156,1.975184440612793
529,2,157,1.8815498352050781
530,2,158,1.9166948795318604
531,2,159,1.950513482093811
532,2,160,1.960653305053711
533,2,161,1.9850788116455078
534,2,162,1.837895393371582
535,2,163,1.863329291343689
536,2,164,1.9543155431747437
537,2,165,2.0299668312072754
538,2,166,1.8903900384902954
539,2,167,2.0120692253112793
540,2,168,1.8956825733184814
541,2,169,1.9229902029037476
542,2,170,1.929019570350647
543,2,171,1.9200502634048462
544,2,172,1.867357850074768
545,2,173,1.8709560632705688
546,2,174,1.9357154369354248
547,2,175,1.9399034976959229
548,2,176,1.889235258102417
549,2,177,1.9043067693710327
550,2,178,1.957305908203125
551,2,179,1.9215812683105469
552,2,180,1.9333614110946655
553,2,181,2.007740020751953
554,2,182,1.9301488399505615
555,2,183,1.9086517095565796
556,2,184,1.8713901042938232
557,2,185,1.9530807733535767
558,2,186,2.0457637310028076
559,2,187,1.9167674779891968
560,2,188,1.883474349975586
561,2,189,1.8578746318817139
562,2,190,1.9159377813339233
563,2,191,1.9775283336639404
564,2,192,1.888274908065796
565,2,193,1.9541343450546265
566,2,194,1.9362226724624634
567,2,195,1.9747098684310913
568,2,196,1.9256757497787476
569,2,197,2.054192066192627
570,2,198,1.9932228326797485
571,2,199,1.9338985681533813
572,2,200,1.831549048423767
573,2,201,1.9424253702163696
574,2,202,1.8983309268951416
575,2,203,1.925522804260254
576,2,204,1.876360297203064
577,2,205,1.9027888774871826
578,2,206,1.9549455642700195
579,2,207,1.8750985860824585
580,2,208,2.000803232192993
581,2,209,1.9706175327301025
582,2,210,1.955026626586914
583,2,211,1.9279741048812866
584,2,212,1.9084895849227905
585,2,213,1.8828537464141846
586,2,214,1.9283771514892578
587,2,215,1.9352123737335205
588,2,216,1.8785909414291382
589,2,217,1.863142728805542
590,2,218,1.9789707660675049
591,2,219,1.9149525165557861
592,2,220,1.914803147315979
593,2,221,1.886850357055664
594,2,222,1.8871961832046509
595,2,223,1.8565776348114014
596,2,224,2.023730754852295
597,2,225,2.0452303886413574
598,2,226,1.9730052947998047
599,2,227,1.8955116271972656
600,2,228,1.949462652206421
601,2,229,1.9033126831054688
602,2,230,1.9489355087280273
603,2,231,1.8915542364120483
604,2,232,1.886248230934143
605,2,233,1.8680241107940674
606,2,234,1.9386794567108154
607,2,235,1.8725645542144775
608,2,236,1.894378900527954
609,2,237,1.8772878646850586
610,2,238,1.8559134006500244
611,2,239,1.8666973114013672
612,2,240,1.9696706533432007
613,2,241,1.8391863107681274
614,2,242,1.8713852167129517
615,2,243,1.9679620265960693
616,2,244,1.8704942464828491
617,2,245,1.8863939046859741
618,2,246,1.8560518026351929
619,2,247,1.861681342124939
620,2,248,1.8387527465820312
621,2,249,1.8852735757827759
622,2,250,1.894997000694275
623,2,251,1.90860116481781
624,2,252,1.9374746084213257
625,2,253,1.8986585140228271
626,2,254,1.8467426300048828
627,2,255,1.8914190530776978
628,2,256,1.9215914011001587
629,2,257,1.8634650707244873
630,2,258,1.9121332168579102
631,2,259,1.853849172592163
632,2,260,2.0803439617156982
633,2,261,1.8775173425674438
634,2,262,1.8090286254882812
635,2,263,1.8687673807144165
636,2,264,1.8345845937728882
637,2,265,1.8558375835418701
638,2,266,1.9254274368286133
639,2,267,1.891076683998108
640,2,268,1.8147687911987305
641,2,269,1.9519964456558228
642,2,270,1.9462642669677734
643,2,271,1.8018617630004883
644,2,272,1.863276720046997
645,2,273,1.8394653797149658
646,2,274,1.8119194507598877
647,2,275,1.883134126663208
648,2,276,1.8683569431304932
649,2,277,1.9231288433074951
650,2,278,2.007021427154541
651,2,279,1.9479995965957642
652,2,280,1.868393898010254
653,2,281,1.8419538736343384
654,2,282,1.9520776271820068
655,2,283,1.9698747396469116
656,2,284,1.8869718313217163
657,2,285,1.8762887716293335
658,2,286,1.8833554983139038
659,2,287,1.8551137447357178
660,2,288,1.8702964782714844
661,2,289,1.8144071102142334
662,2,290,1.9326105117797852
663,2,291,1.8436126708984375
664,2,292,1.867985486984253
665,2,293,1.8763444423675537
666,2,294,1.929145097732544
667,2,295,1.906720519065857
668,2,296,1.8391809463500977
669,2,297,1.8365637063980103
670,2,298,1.9155572652816772
671,2,299,1.8948071002960205
672,2,300,1.8091087341308594
673,2,301,1.8722518682479858
674,2,302,1.9065065383911133
675,2,303,1.806221604347229
676,2,304,1.8103548288345337
677,2,305,1.8664264678955078
678,2,306,1.821240782737732
679,2,307,1.8811118602752686
680,2,308,1.923675298690796
681,2,309,1.902489423751831
682,2,310,1.8169504404067993
683,2,311,1.8698841333389282
684,2,312,1.8983078002929688
685,2,313,1.9286601543426514
686,2,314,1.8205934762954712
687,2,315,1.8661251068115234
688,2,316,1.905587911605835
689,2,317,1.819502830505371
690,2,318,1.9437980651855469
691,2,319,1.882245421409607
692,2,320,1.864959716796875
693,2,321,1.8841842412948608
694,2,322,1.8865734338760376
695,2,323,1.9532463550567627
696,2,324,1.9164739847183228
697,2,325,1.8103315830230713
698,2,326,1.9535586833953857
699,2,327,1.8362585306167603
700,2,328,1.9108407497406006
701,2,329,1.8769752979278564
702,2,330,1.862856149673462
703,2,331,1.859250783920288
704,2,332,1.921095609664917
705,2,333,1.8833036422729492
706,2,334,1.8830106258392334
707,2,335,1.8021962642669678
708,2,336,1.8922077417373657
709,2,337,1.900284767150879
710,2,338,1.8614345788955688
711,2,339,1.8026468753814697
712,2,340,1.8901828527450562
713,2,341,1.9977620840072632
714,2,342,1.8170286417007446
715,2,343,1.7830474376678467
716,2,344,1.8979384899139404
717,2,345,1.913905143737793
718,2,346,1.8290609121322632
719,2,347,1.8062105178833008
720,2,348,1.8270761966705322
721,2,349,1.874969720840454
722,2,350,1.825784683227539
723,2,351,1.8529819250106812
724,2,352,1.8010244369506836
725,2,353,1.8213951587677002
726,2,354,1.8596670627593994
727,2,355,1.7988035678863525
728,2,356,1.8745872974395752
729,2,357,1.8556976318359375
730,2,358,1.7783809900283813
731,2,359,1.8584425449371338
732,2,360,1.8295745849609375
733,2,361,1.8427737951278687
734,2,362,1.8184391260147095
735,2,363,1.797774076461792
736,2,364,1.9400094747543335
737,2,365,1.7898212671279907
738,2,366,1.9527078866958618
739,2,367,1.8439719676971436
740,2,368,1.880907416343689
741,2,369,1.838746428489685
742,2,370,1.7979061603546143
743,2,371,1.8741343021392822
744,2,372,1.8727725744247437
745,3,1,1.8165233135223389
746,3,2,1.8743116855621338
747,3,3,1.8167816400527954
748,3,4,1.7907860279083252
749,3,5,1.8999751806259155
750,3,6,1.7918508052825928
751,3,7,1.8377902507781982
752,3,8,1.8014886379241943
753,3,9,1.873894453048706
754,3,10,1.874132513999939
755,3,11,1.7970950603485107
756,3,12,1.8680598735809326
757,3,13,1.8365323543548584
758,3,14,1.8706039190292358
759,3,15,1.8403589725494385
760,3,16,1.7816213369369507
761,3,17,1.855344533920288
762,3,18,1.7640578746795654
763,3,19,1.8277314901351929
764,3,20,1.7753794193267822
765,3,21,1.8067147731781006
766,3,22,1.8547254800796509
767,3,23,1.8831539154052734
768,3,24,1.8211662769317627
769,3,25,1.7384278774261475
770,3,26,1.8255207538604736
771,3,27,1.9063310623168945
772,3,28,1.8704124689102173
773,3,29,1.8951959609985352
774,3,30,1.8232749700546265
775,3,31,1.8324512243270874
776,3,32,1.7959530353546143
777,3,33,1.7766813039779663
778,3,34,1.85113525390625
779,3,35,1.8479118347167969
780,3,36,1.8587806224822998
781,3,37,1.8039276599884033
782,3,38,1.8770363330841064
783,3,39,1.7734419107437134
784,3,40,1.884521245956421
785,3,41,1.890007734298706
786,3,42,1.7520325183868408
787,3,43,1.7911665439605713
788,3,44,1.8251111507415771
789,3,45,1.8181419372558594
790,3,46,1.837299108505249
791,3,47,1.810072660446167
792,3,48,1.7645747661590576
793,3,49,1.8163273334503174
794,3,50,1.7745134830474854
795,3,51,1.8190371990203857
796,3,52,1.83303964138031
797,3,53,1.7865632772445679
798,3,54,1.8327703475952148
799,3,55,1.9105936288833618
800,3,56,1.7912575006484985
801,3,57,1.7672876119613647
802,3,58,1.7389261722564697
803,3,59,1.7545557022094727
804,3,60,1.8019578456878662
805,3,61,1.8052732944488525
806,3,62,1.7354772090911865
807,3,63,1.8232548236846924
808,3,64,1.8246662616729736
809,3,65,1.9501659870147705
810,3,66,1.8109025955200195
811,3,67,1.8196359872817993
812,3,68,1.879560112953186
813,3,69,1.812253713607788
814,3,70,1.7672951221466064
815,3,71,1.829024314880371
816,3,72,1.8115698099136353
817,3,73,1.7368873357772827
818,3,74,1.7869489192962646
819,3,75,1.7614452838897705
820,3,76,1.771398901939392
821,3,77,1.786271333694458
822,3,78,1.738419532775879
823,3,79,1.8002601861953735
824,3,80,1.81027352809906
825,3,81,1.7880531549453735
826,3,82,1.7533273696899414
827,3,83,1.8532108068466187
828,3,84,1.8027187585830688
829,3,85,1.8845304250717163
830,3,86,1.7919385433197021
831,3,87,1.7841625213623047
832,3,88,1.8265178203582764
833,3,89,1.7846348285675049
834,3,90,1.7899490594863892
835,3,91,1.7408835887908936
836,3,92,1.767865777015686
837,3,93,1.891831636428833
838,3,94,1.8165295124053955
839,3,95,1.7814089059829712
840,3,96,1.7664029598236084
841,3,97,1.8427164554595947
842,3,98,1.7254823446273804
843,3,99,1.826263666152954
844,3,100,1.7794729471206665
845,3,101,1.7442375421524048
846,3,102,1.785829782485962
847,3,103,1.8048959970474243
848,3,104,1.7757024765014648
849,3,105,1.8083562850952148
850,3,106,1.8273200988769531
851,3,107,1.7285587787628174
852,3,108,1.7397674322128296
853,3,109,1.7460689544677734
854,3,110,1.7650623321533203
855,3,111,1.798056960105896
856,3,112,1.8133329153060913
857,3,113,1.837497353553772
858,3,114,1.7832282781600952
859,3,115,1.860893964767456
860,3,116,1.7971012592315674
861,3,117,1.7639377117156982
862,3,118,1.7419989109039307
863,3,119,1.770612359046936
864,3,120,1.7590522766113281
865,3,121,1.7667772769927979
866,3,122,1.7663770914077759
867,3,123,1.8020118474960327
868,3,124,1.7545053958892822
869,3,125,1.7995449304580688
870,3,126,1.8477582931518555
871,3,127,1.7272592782974243
872,3,128,1.8467928171157837
873,3,129,1.782778024673462
874,3,130,1.8142009973526
875,3,131,1.717018723487854
876,3,132,1.7953989505767822
877,3,133,1.7634063959121704
878,3,134,1.7673250436782837
879,3,135,1.7539535760879517
880,3,136,1.7578532695770264
881,3,137,1.7519171237945557
882,3,138,1.7366464138031006
883,3,139,1.7594484090805054
884,3,140,1.8502485752105713
885,3,141,1.8039451837539673
886,3,142,1.7376577854156494
887,3,143,1.879866600036621
888,3,144,1.7902292013168335
889,3,145,1.7708631753921509
890,3,146,1.7690197229385376
891,3,147,1.663638710975647
892,3,148,1.7865715026855469
893,3,149,1.7677936553955078
894,3,150,1.708573341369629
895,3,151,1.806998610496521
896,3,152,1.7637443542480469
897,3,153,1.747649908065796
898,3,154,1.7483927011489868
899,3,155,1.7219507694244385
900,3,156,1.7958675622940063
901,3,157,1.8231102228164673
902,3,158,1.7889055013656616
903,3,159,1.8021045923233032
904,3,160,1.7711246013641357
905,3,161,1.7612264156341553
906,3,162,1.7543672323226929
907,3,163,1.7374513149261475
908,3,164,1.7802966833114624
909,3,165,1.8048368692398071
910,3,166,1.775220274925232
911,3,167,1.7246084213256836
912,3,168,1.731689453125
913,3,169,1.7714811563491821
914,3,170,1.8612258434295654
915,3,171,1.7672933340072632
916,3,172,1.7121303081512451
917,3,173,1.8100636005401611
918,3,174,1.7834093570709229
919,3,175,1.8426967859268188
920,3,176,1.797298789024353
921,3,177,1.692016839981079
922,3,178,1.7172257900238037
923,3,179,1.8035361766815186
924,3,180,1.7650333642959595
925,3,181,1.7711235284805298
926,3,182,1.7492458820343018
927,3,183,1.822143316268921
928,3,184,1.8442678451538086
929,3,185,1.7386081218719482
930,3,186,1.7030290365219116
931,3,187,1.6902176141738892
932,3,188,1.7901312112808228
933,3,189,1.7123985290527344
934,3,190,1.7358119487762451
935,3,191,1.7226911783218384
936,3,192,1.856499433517456
937,3,193,1.7459604740142822
938,3,194,1.7780205011367798
939,3,195,1.820227026939392
940,3,196,1.7761132717132568
941,3,197,1.7965751886367798
942,3,198,1.7009754180908203
943,3,199,1.748907446861267
944,3,200,1.7922824621200562
945,3,201,1.72829270362854
946,3,202,1.7616087198257446
947,3,203,1.7477457523345947
948,3,204,1.7259092330932617
949,3,205,1.784895658493042
950,3,206,1.7077678442001343
951,3,207,1.721764326095581
952,3,208,1.7831674814224243
953,3,209,1.7278015613555908
954,3,210,1.747870683670044
955,3,211,1.8389488458633423
956,3,212,1.7866861820220947
957,3,213,1.777105689048767
958,3,214,1.794710397720337
959,3,215,1.744246482849121
960,3,216,1.7781575918197632
961,3,217,1.7212632894515991
962,3,218,1.7475965023040771
963,3,219,1.7468633651733398
964,3,220,1.7397454977035522
965,3,221,1.8278768062591553
966,3,222,1.768972635269165
967,3,223,1.733995795249939
968,3,224,1.7215566635131836
969,3,225,1.7191728353500366
970,3,226,1.7513551712036133
971,3,227,1.7887725830078125
972,3,228,1.7539541721343994
973,3,229,1.7502540349960327
974,3,230,1.7596298456192017
975,3,231,1.7736790180206299
976,3,232,1.7561115026474
977,3,233,1.6774556636810303
978,3,234,1.8553669452667236
979,3,235,1.728090524673462
980,3,236,1.7312438488006592
981,3,237,1.7199941873550415
982,3,238,1.6685712337493896
983,3,239,1.7995649576187134
984,3,240,1.7503761053085327
985,3,241,1.726444959640503
986,3,242,1.764927864074707
987,3,243,1.8393523693084717
988,3,244,1.687490463256836
989,3,245,1.7390397787094116
990,3,246,1.8226747512817383
991,3,247,1.786536455154419
992,3,248,1.782691240310669
993,3,249,1.7536754608154297
994,3,250,1.8240606784820557
995,3,251,1.7655985355377197
996,3,252,1.7124618291854858
997,3,253,1.7295854091644287
998,3,254,1.6902892589569092
999,3,255,1.8778549432754517
1000,3,256,1.7641417980194092
1001,3,257,1.7335901260375977
1002,3,258,1.7153184413909912
1003,3,259,1.7256523370742798
1004,3,260,1.7402257919311523
1005,3,261,1.8188396692276
1006,3,262,1.7122284173965454
1007,3,263,1.7661978006362915
1008,3,264,1.7118310928344727
1009,3,265,1.7348787784576416
1010,3,266,1.7587316036224365
1011,3,267,1.7837225198745728
1012,3,268,1.7123029232025146
1013,3,269,1.759325623512268
1014,3,270,1.753442406654358
1015,3,271,1.8108409643173218
1016,3,272,1.7013620138168335
1017,3,273,1.698503851890564
1018,3,274,1.6851747035980225
1019,3,275,1.6909096240997314
1020,3,276,1.7515676021575928
1021,3,277,1.7051613330841064
1022,3,278,1.7165988683700562
1023,3,279,1.728131890296936
1024,3,280,1.708390235900879
1025,3,281,1.7812023162841797
1026,3,282,1.8001930713653564
1027,3,283,1.765622854232788
1028,3,284,1.7099478244781494
1029,3,285,1.7301018238067627
1030,3,286,1.7705892324447632
1031,3,287,1.7971312999725342
1032,3,288,1.7695989608764648
1033,3,289,1.7841339111328125
1034,3,290,1.7056957483291626
1035,3,291,1.7257912158966064
1036,3,292,1.6708084344863892
1037,3,293,1.7233054637908936
1038,3,294,1.740383505821228
1039,3,295,1.692030668258667
1040,3,296,1.7596251964569092
1041,3,297,1.757094144821167
1042,3,298,1.6872894763946533
1043,3,299,1.8212867975234985
1044,3,300,1.728623390197754
1045,3,301,1.7301385402679443
1046,3,302,1.7518398761749268
1047,3,303,1.7333043813705444
1048,3,304,1.6939407587051392
1049,3,305,1.7615549564361572
1050,3,306,1.706350326538086
1051,3,307,1.804330825805664
1052,3,308,1.7533565759658813
1053,3,309,1.715542197227478
1054,3,310,1.7323849201202393
1055,3,311,1.715778112411499
1056,3,312,1.6846745014190674
1057,3,313,1.7446410655975342
1058,3,314,1.7087392807006836
1059,3,315,1.7018142938613892
1060,3,316,1.8151746988296509
1061,3,317,1.8746505975723267
1062,3,318,1.7189490795135498
1063,3,319,1.697353720664978
1064,3,320,1.7094180583953857
1065,3,321,1.683496117591858
1066,3,322,1.8123176097869873
1067,3,323,1.6886765956878662
1068,3,324,1.6425472497940063
1069,3,325,1.6973234415054321
1070,3,326,1.721587896347046
1071,3,327,1.6703071594238281
1072,3,328,1.7221477031707764
1073,3,329,1.7909313440322876
1074,3,330,1.8017330169677734
1075,3,331,1.7395696640014648
1076,3,332,1.7466999292373657
1077,3,333,1.734201192855835
1078,3,334,1.691610336303711
1079,3,335,1.6927440166473389
1080,3,336,1.6796329021453857
1081,3,337,1.750274658203125
1082,3,338,1.6703569889068604
1083,3,339,1.7720807790756226
1084,3,340,1.6647710800170898
1085,3,341,1.6422817707061768
1086,3,342,1.7195392847061157
1087,3,343,1.7460092306137085
1088,3,344,1.699337363243103
1089,3,345,1.775141954421997
1090,3,346,1.7048015594482422
1091,3,347,1.7240632772445679
1092,3,348,1.7620559930801392
1093,3,349,1.6840108633041382
1094,3,350,1.7832307815551758
1095,3,351,1.7136194705963135
1096,3,352,1.7151219844818115
1097,3,353,1.7127249240875244
1098,3,354,1.774623155593872
1099,3,355,1.6836490631103516
1100,3,356,1.6876996755599976
1101,3,357,1.6846363544464111
1102,3,358,1.7098925113677979
1103,3,359,1.6799522638320923
1104,3,360,1.785738229751587
1105,3,361,1.6809747219085693
1106,3,362,1.6612030267715454
1107,3,363,1.6906858682632446
1108,3,364,1.6992111206054688
1109,3,365,1.660064697265625
1110,3,366,1.7080023288726807
1111,3,367,1.707899808883667
1112,3,368,1.6762157678604126
1113,3,369,1.701820731163025
1114,3,370,1.7001841068267822
1115,3,371,1.6770473718643188
1116,3,372,1.7393059730529785
1117,4,1,1.67633056640625
1118,4,2,1.6739561557769775
1119,4,3,1.6642894744873047
1120,4,4,1.6705402135849
1121,4,5,1.6898670196533203
1122,4,6,1.6300294399261475
1123,4,7,1.6516292095184326
1124,4,8,1.6476390361785889
1125,4,9,1.7139313220977783
1126,4,10,1.6764625310897827
1127,4,11,1.6456212997436523
1128,4,12,1.7469913959503174
1129,4,13,1.6866416931152344
1130,4,14,1.7239017486572266
1131,4,15,1.6990289688110352
1132,4,16,1.64199960231781
1133,4,17,1.747423768043518
1134,4,18,1.6650632619857788
1135,4,19,1.6712243556976318
1136,4,20,1.728537917137146
1137,4,21,1.6510883569717407
1138,4,22,1.6453297138214111
1139,4,23,1.684657096862793
1140,4,24,1.7146704196929932
1141,4,25,1.6227037906646729
1142,4,26,1.7518495321273804
1143,4,27,1.622948408126831
1144,4,28,1.6556499004364014
1145,4,29,1.6384963989257812
1146,4,30,1.6975654363632202
1147,4,31,1.851813554763794
1148,4,32,1.6775753498077393
1149,4,33,1.7265348434448242
1150,4,34,1.688405990600586
1151,4,35,1.6571824550628662
1152,4,36,1.6861889362335205
1153,4,37,1.6812875270843506
1154,4,38,1.7340242862701416
1155,4,39,1.6129376888275146
1156,4,40,1.6641525030136108
1157,4,41,1.6515954732894897
1158,4,42,1.6731321811676025
1159,4,43,1.702436089515686
1160,4,44,1.6910362243652344
1161,4,45,1.7319444417953491
1162,4,46,1.685434103012085
1163,4,47,1.6671998500823975
1164,4,48,1.7258729934692383
1165,4,49,1.6312434673309326
1166,4,50,1.7184005975723267
1167,4,51,1.665692925453186
1168,4,52,1.7362263202667236
1169,4,53,1.736834168434143
1170,4,54,1.6128919124603271
1171,4,55,1.6133081912994385
1172,4,56,1.615532636642456
1173,4,57,1.6888335943222046
1174,4,58,1.6477596759796143
1175,4,59,1.603633165359497
1176,4,60,1.689634084701538
1177,4,61,1.6379404067993164
1178,4,62,1.6430708169937134
1179,4,63,1.706027626991272
1180,4,64,1.7491670846939087
1181,4,65,1.6171348094940186
1182,4,66,1.6706266403198242
1183,4,67,1.7063791751861572
1184,4,68,1.6999744176864624
1185,4,69,1.6625597476959229
1186,4,70,1.5924991369247437
1187,4,71,1.6430860757827759
1188,4,72,1.679897665977478
1189,4,73,1.673779845237732
1190,4,74,1.6865520477294922
1191,4,75,1.6772457361221313
1192,4,76,1.681144118309021
1193,4,77,1.6848262548446655
1194,4,78,1.6149969100952148
1195,4,79,1.6734498739242554
1196,4,80,1.658708930015564
1197,4,81,1.7124979496002197
1198,4,82,1.6478363275527954
1199,4,83,1.603750467300415
1200,4,84,1.709733247756958
1201,4,85,1.6668999195098877
1202,4,86,1.628482460975647
1203,4,87,1.6985130310058594
1204,4,88,1.6241098642349243
1205,4,89,1.657251000404358
1206,4,90,1.6548089981079102
1207,4,91,1.702911376953125
1208,4,92,1.631779670715332
1209,4,93,1.6078364849090576
1210,4,94,1.6886770725250244
1211,4,95,1.6769918203353882
1212,4,96,1.6669543981552124
1213,4,97,1.710000991821289
1214,4,98,1.6884597539901733
1215,4,99,1.6814830303192139
1216,4,100,1.6116946935653687
1217,4,101,1.642041802406311
1218,4,102,1.7079226970672607
1219,4,103,1.6415622234344482
1220,4,104,1.7867475748062134
1221,4,105,1.619611382484436
1222,4,106,1.6740413904190063
1223,4,107,1.654441475868225
1224,4,108,1.6956783533096313
1225,4,109,1.6390974521636963
1226,4,110,1.6524317264556885
1227,4,111,1.6787326335906982
1228,4,112,1.666746735572815
1229,4,113,1.643074631690979
1230,4,114,1.637372612953186
1231,4,115,1.6243213415145874
1232,4,116,1.661220908164978
1233,4,117,1.6307899951934814
1234,4,118,1.666346549987793
1235,4,119,1.6611770391464233
1236,4,120,1.6940727233886719
1237,4,121,1.631800651550293
1238,4,122,1.6096842288970947
1239,4,123,1.600372076034546
1240,4,124,1.670966386795044
1241,4,125,1.5971572399139404
1242,4,126,1.6677749156951904
1243,4,127,1.6794847249984741
1244,4,128,1.6103379726409912
1245,4,129,1.6942485570907593
1246,4,130,1.5814481973648071
1247,4,131,1.6543306112289429
1248,4,132,1.607365608215332
1249,4,133,1.6716102361679077
1250,4,134,1.6473634243011475
1251,4,135,1.6722759008407593
1252,4,136,1.6326249837875366
1253,4,137,1.666445016860962
1254,4,138,1.6090633869171143
1255,4,139,1.6436840295791626
1256,4,140,1.6526426076889038
1257,4,141,1.6506421566009521
1258,4,142,1.5959434509277344
1259,4,143,1.6294463872909546
1260,4,144,1.5979630947113037
1261,4,145,1.6464341878890991
1262,4,146,1.6275298595428467
1263,4,147,1.6656383275985718
1264,4,148,1.6656614542007446
1265,4,149,1.6470800638198853
1266,4,150,1.6755412817001343
1267,4,151,1.5967285633087158
1268,4,152,1.6852829456329346
1269,4,153,1.6258318424224854
1270,4,154,1.6197388172149658
1271,4,155,1.6746059656143188
1272,4,156,1.5951125621795654
1273,4,157,1.6256399154663086
1274,4,158,1.5950192213058472
1275,4,159,1.640094518661499
1276,4,160,1.6928389072418213
1277,4,161,1.627533197402954
1278,4,162,1.6325581073760986
1279,4,163,1.6137917041778564
1280,4,164,1.6568683385849
1281,4,165,1.6131830215454102
1282,4,166,1.6782042980194092
1283,4,167,1.6797813177108765
1284,4,168,1.596505880355835
1285,4,169,1.6367616653442383
1286,4,170,1.6180717945098877
1287,4,171,1.6199073791503906
1288,4,172,1.634350061416626
1289,4,173,1.6209955215454102
1290,4,174,1.7390015125274658
1291,4,175,1.6646728515625
1292,4,176,1.6089013814926147
1293,4,177,1.7463947534561157
1294,4,178,1.6291892528533936
1295,4,179,1.674398422241211
1296,4,180,1.5553576946258545
1297,4,181,1.6539720296859741
1298,4,182,1.603324294090271
1299,4,183,1.6865209341049194
1300,4,184,1.6572450399398804
1301,4,185,1.62325918674469
1302,4,186,1.6458991765975952
1303,4,187,1.564844012260437
1304,4,188,1.675774335861206
1305,4,189,1.6316499710083008
1306,4,190,1.6434234380722046
1307,4,191,1.622897744178772
1308,4,192,1.6266834735870361
1309,4,193,1.6111377477645874
1310,4,194,1.6249847412109375
1311,4,195,1.705672025680542
1312,4,196,1.6079181432724
1313,4,197,1.659076452255249
1314,4,198,1.5801689624786377
1315,4,199,1.5842983722686768
1316,4,200,1.6774870157241821
1317,4,201,1.6393178701400757
1318,4,202,1.5534921884536743
1319,4,203,1.6740047931671143
1320,4,204,1.6455539464950562
1321,4,205,1.562577486038208
1322,4,206,1.5791199207305908
1323,4,207,1.586682677268982
1324,4,208,1.6198742389678955
1325,4,209,1.6068480014801025
1326,4,210,1.6857246160507202
1327,4,211,1.6062936782836914
1328,4,212,1.621355414390564
1329,4,213,1.5530893802642822
1330,4,214,1.617902398109436
1331,4,215,1.6245330572128296
1332,4,216,1.657149076461792
1333,4,217,1.6219593286514282
1334,4,218,1.61155104637146
1335,4,219,1.6454845666885376
1336,4,220,1.6020023822784424
1337,4,221,1.5920026302337646
1338,4,222,1.61484694480896
1339,4,223,1.7453148365020752
1340,4,224,1.5989701747894287
1341,4,225,1.6548627614974976
1342,4,226,1.5971167087554932
1343,4,227,1.5346906185150146
1344,4,228,1.5826674699783325
1345,4,229,1.6176509857177734
1346,4,230,1.6286742687225342
1347,4,231,1.612295150756836
1348,4,232,1.6226822137832642
1349,4,233,1.5764014720916748
1350,4,234,1.567072868347168
1351,4,235,1.5734398365020752
1352,4,236,1.676774024963379
1353,4,237,1.6490672826766968
1354,4,238,1.574101448059082
1355,4,239,1.569468379020691
1356,4,240,1.6077263355255127
1357,4,241,1.6285158395767212
1358,4,242,1.5922279357910156
1359,4,243,1.5558255910873413
1360,4,244,1.6357253789901733
1361,4,245,1.6652151346206665
1362,4,246,1.6114161014556885
1363,4,247,1.6522992849349976
1364,4,248,1.701525330543518
1365,4,249,1.6453405618667603
1366,4,250,1.6154568195343018
1367,4,251,1.5499237775802612
1368,4,252,1.597649335861206
1369,4,253,1.594449758529663
1370,4,254,1.5754412412643433
1371,4,255,1.7428747415542603
1372,4,256,1.6190249919891357
1373,4,257,1.589482069015503
1374,4,258,1.6250120401382446
1375,4,259,1.6244375705718994
1376,4,260,1.5914360284805298
1377,4,261,1.5805943012237549
1378,4,262,1.5843340158462524
1379,4,263,1.6106961965560913
1380,4,264,1.5646075010299683
1381,4,265,1.5965116024017334
1382,4,266,1.7535804510116577
1383,4,267,1.624585509300232
1384,4,268,1.5754148960113525
1385,4,269,1.556754469871521
1386,4,270,1.5950103998184204
1387,4,271,1.637208342552185
1388,4,272,1.5801465511322021
1389,4,273,1.6121467351913452
1390,4,274,1.6279888153076172
1391,4,275,1.5987099409103394
1392,4,276,1.613919973373413
1393,4,277,1.6002981662750244
1394,4,278,1.5809705257415771
1395,4,279,1.6031734943389893
1396,4,280,1.550634741783142
1397,4,281,1.6031932830810547
1398,4,282,1.6206798553466797
1399,4,283,1.567186951637268
1400,4,284,1.5481923818588257
1401,4,285,1.616589903831482
1402,4,286,1.630476951599121
1403,4,287,1.6728076934814453
1404,4,288,1.6105852127075195
1405,4,289,1.580780029296875
1406,4,290,1.5342419147491455
1407,4,291,1.5737879276275635
1408,4,292,1.6921241283416748
1409,4,293,1.567720890045166
1410,4,294,1.5534379482269287
1411,4,295,1.5682085752487183
1412,4,296,1.623483657836914
1413,4,297,1.5477668046951294
1414,4,298,1.5994584560394287
1415,4,299,1.5884239673614502
1416,4,300,1.654611349105835
1417,4,301,1.5642493963241577
1418,4,302,1.5838159322738647
1419,4,303,1.597825288772583
1420,4,304,1.6829602718353271
1421,4,305,1.6251182556152344
1422,4,306,1.5955660343170166
1423,4,307,1.6251713037490845
1424,4,308,1.5550892353057861
1425,4,309,1.5425589084625244
1426,4,310,1.5917962789535522
1427,4,311,1.5963654518127441
1428,4,312,1.581647276878357
1429,4,313,1.6062828302383423
1430,4,314,1.6006097793579102
1431,4,315,1.589223861694336
1432,4,316,1.6701654195785522
1433,4,317,1.6048030853271484
1434,4,318,1.590101718902588
1435,4,319,1.6152664422988892
1436,4,320,1.6108589172363281
1437,4,321,1.5901131629943848
1438,4,322,1.5725739002227783
1439,4,323,1.6378004550933838
1440,4,324,1.5484445095062256
1441,4,325,1.7537832260131836
1442,4,326,1.6872886419296265
1443,4,327,1.5841329097747803
1444,4,328,1.8293676376342773
1445,4,329,1.5586392879486084
1446,4,330,1.562857985496521
1447,4,331,1.6443840265274048
1448,4,332,1.5773001909255981
1449,4,333,1.5415400266647339
1450,4,334,1.4985097646713257
1451,4,335,1.5896037817001343
1452,4,336,1.57913076877594
1453,4,337,1.584574580192566
1454,4,338,1.588939905166626
1455,4,339,1.6070324182510376
1456,4,340,1.5791040658950806
1457,4,341,1.5739411115646362
1458,4,342,1.6131445169448853
1459,4,343,1.5663273334503174
1460,4,344,1.5767275094985962
1461,4,345,1.5735390186309814
1462,4,346,1.554703950881958
1463,4,347,1.6028257608413696
1464,4,348,1.6033012866973877
1465,4,349,1.5378458499908447
1466,4,350,1.5735467672348022
1467,4,351,1.5486706495285034
1468,4,352,1.6145439147949219
1469,4,353,1.5395985841751099
1470,4,354,1.614849328994751
1471,4,355,1.5377223491668701
1472,4,356,1.5810401439666748
1473,4,357,1.5570420026779175
1474,4,358,1.5444996356964111
1475,4,359,1.528867244720459
1476,4,360,1.5644938945770264
1477,4,361,1.61495840549469
1478,4,362,1.5512914657592773
1479,4,363,1.6629177331924438
1480,4,364,1.5437467098236084
1481,4,365,1.5113599300384521
1482,4,366,1.5945833921432495
1483,4,367,1.5436599254608154
1484,4,368,1.5447615385055542
1485,4,369,1.5730730295181274
1486,4,370,1.5604884624481201
1487,4,371,1.6139129400253296
1488,4,372,1.5720114707946777
1489,5,1,1.5536439418792725
1490,5,2,1.5465940237045288
1491,5,3,1.5465067625045776
1492,5,4,1.5158828496932983
1493,5,5,1.5339807271957397
1494,5,6,1.5230730772018433
1495,5,7,1.4883918762207031
1496,5,8,1.5570671558380127
1497,5,9,1.570717453956604
1498,5,10,1.5753675699234009
1499,5,11,1.4977188110351562
1500,5,12,1.5748111009597778
1501,5,13,1.5798050165176392
1502,5,14,1.5853255987167358
1503,5,15,1.5663423538208008
1504,5,16,1.5769946575164795
1505,5,17,1.5144212245941162
1506,5,18,1.508018970489502
1507,5,19,1.5602643489837646
1508,5,20,1.6353771686553955
1509,5,21,1.5958807468414307
1510,5,22,1.5778849124908447
1511,5,23,1.475250005722046
1512,5,24,1.5890629291534424
1513,5,25,1.5888677835464478
1514,5,26,1.5237839221954346
1515,5,27,1.6060104370117188
1516,5,28,1.6177629232406616
1517,5,29,1.546130895614624
1518,5,30,1.5714753866195679
1519,5,31,1.5825319290161133
1520,5,32,1.542876958847046
1521,5,33,1.7105910778045654
1522,5,34,1.5381557941436768
1523,5,35,1.4916961193084717
1524,5,36,1.5648564100265503
1525,5,37,1.5285050868988037
1526,5,38,1.607404112815857
1527,5,39,1.5580196380615234
1528,5,40,1.5686748027801514
1529,5,41,1.6042964458465576
1530,5,42,1.5422232151031494
1531,5,43,1.5504093170166016
1532,5,44,1.5249617099761963
1533,5,45,1.5098867416381836
1534,5,46,1.53346848487854
1535,5,47,1.5488073825836182
1536,5,48,1.5690799951553345
1537,5,49,1.550220251083374
1538,5,50,1.5468037128448486
1539,5,51,1.5262951850891113
1540,5,52,1.5127370357513428
1541,5,53,1.520954966545105
1542,5,54,1.5557235479354858
1543,5,55,1.5477943420410156
1544,5,56,1.5203900337219238
1545,5,57,1.5860072374343872
1546,5,58,1.5365982055664062
1547,5,59,1.6719801425933838
1548,5,60,1.5924497842788696
1549,5,61,1.5419429540634155
1550,5,62,1.665448784828186
1551,5,63,1.5361167192459106
1552,5,64,1.5353187322616577
1553,5,65,1.5169456005096436
1554,5,66,1.5447864532470703
1555,5,67,1.5154573917388916
1556,5,68,1.525625228881836
1557,5,69,1.545490026473999
1558,5,70,1.492348551750183
1559,5,71,1.5122737884521484
1560,5,72,1.5111980438232422
1561,5,73,1.5559605360031128
1562,5,74,1.4996187686920166
1563,5,75,1.525148630142212
1564,5,76,1.485601544380188
1565,5,77,1.4878664016723633
1566,5,78,1.5154929161071777
1567,5,79,1.4890944957733154
1568,5,80,1.5078279972076416
1569,5,81,1.6237614154815674
1570,5,82,1.5690056085586548
1571,5,83,1.5195305347442627
1572,5,84,1.5435693264007568
1573,5,85,1.6293033361434937
1574,5,86,1.507476806640625
1575,5,87,1.5741313695907593
1576,5,88,1.6252801418304443
1577,5,89,1.5697619915008545
1578,5,90,1.534313440322876
1579,5,91,1.5209887027740479
1580,5,92,1.7215076684951782
1581,5,93,1.4906023740768433
1582,5,94,1.5897995233535767
1583,5,95,1.5394569635391235
1584,5,96,1.5567270517349243
1585,5,97,1.5284759998321533
1586,5,98,1.5307488441467285
1587,5,99,1.498765230178833
1588,5,100,1.595406174659729
1589,5,101,1.525187611579895
1590,5,102,1.4657906293869019
1591,5,103,1.5195940732955933
1592,5,104,1.455700397491455
1593,5,105,1.5205861330032349
1594,5,106,1.5175596475601196
1595,5,107,1.4912337064743042
1596,5,108,1.5295664072036743
1597,5,109,1.5183658599853516
1598,5,110,1.531274437904358
1599,5,111,1.5505478382110596
1600,5,112,1.5401744842529297
1601,5,113,1.5090742111206055
1602,5,114,1.5653331279754639
1603,5,115,1.4721275568008423
1604,5,116,1.518967866897583
1605,5,117,1.5115259885787964
1606,5,118,1.6720798015594482
1607,5,119,1.4999239444732666
1608,5,120,1.5226280689239502
1609,5,121,1.549938440322876
1610,5,122,1.502994179725647
1611,5,123,1.4795864820480347
1612,5,124,1.6391048431396484
1613,5,125,1.5232468843460083
1614,5,126,1.524278998374939
1615,5,127,1.5491174459457397
1616,5,128,1.508314847946167
1617,5,129,1.5303115844726562
1618,5,130,1.5249714851379395
1619,5,131,1.513771891593933
1620,5,132,1.4935672283172607
1621,5,133,1.5351022481918335
1622,5,134,1.5338261127471924
1623,5,135,1.5162296295166016
1624,5,136,1.548277497291565
1625,5,137,1.5175049304962158
1626,5,138,1.481494665145874
1627,5,139,1.4592368602752686
1628,5,140,1.5246422290802002
1629,5,141,1.5212681293487549
1630,5,142,1.4962314367294312
1631,5,143,1.482652187347412
1632,5,144,1.5967419147491455
1633,5,145,1.5558216571807861
1634,5,146,1.5406073331832886
1635,5,147,1.4603986740112305
1636,5,148,1.5406848192214966
1637,5,149,1.5266081094741821
1638,5,150,1.5812227725982666
1639,5,151,1.514844298362732
1640,5,152,1.4558510780334473
1641,5,153,1.5017783641815186
1642,5,154,1.5226161479949951
1643,5,155,1.5334479808807373
1644,5,156,1.5401911735534668
1645,5,157,1.452817678451538
1646,5,158,1.5579997301101685
1647,5,159,1.5778191089630127
1648,5,160,1.4812724590301514
1649,5,161,1.5286915302276611
1650,5,162,1.5000218152999878
1651,5,163,1.4812543392181396
1652,5,164,1.5127242803573608
1653,5,165,1.4647276401519775
1654,5,166,1.5560662746429443
1655,5,167,1.5313773155212402
1656,5,168,1.4573216438293457
1657,5,169,1.5184904336929321
1658,5,170,1.6160672903060913
1659,5,171,1.5042892694473267
1660,5,172,1.519223928451538
1661,5,173,1.5723439455032349
1662,5,174,1.492919683456421
1663,5,175,1.4840068817138672
1664,5,176,1.5170714855194092
1665,5,177,1.5368516445159912
1666,5,178,1.4685248136520386
1667,5,179,1.5510280132293701
1668,5,180,1.4930119514465332
1669,5,181,1.5150948762893677
1670,5,182,1.540701150894165
1671,5,183,1.55889093875885
1672,5,184,1.518931269645691
1673,5,185,1.5263680219650269
1674,5,186,1.455916166305542
1675,5,187,1.5348339080810547
1676,5,188,1.5007585287094116
1677,5,189,1.4708331823349
1678,5,190,1.4601222276687622
1679,5,191,1.5121443271636963
1680,5,192,1.549787163734436
1681,5,193,1.4846757650375366
1682,5,194,1.471925973892212
1683,5,195,1.5010521411895752
1684,5,196,1.484302043914795
1685,5,197,1.570420265197754
1686,5,198,1.470038652420044
1687,5,199,1.465958833694458
1688,5,200,1.466072678565979
1689,5,201,1.5410834550857544
1690,5,202,1.4833259582519531
1691,5,203,1.7414395809173584
1692,5,204,1.5738048553466797
1693,5,205,1.4857158660888672
1694,5,206,1.4679038524627686
1695,5,207,1.4891470670700073
1696,5,208,1.48580002784729
1697,5,209,1.4872362613677979
1698,5,210,1.511751413345337
1699,5,211,1.537470817565918
1700,5,212,1.459972620010376
1701,5,213,1.45847487449646
1702,5,214,1.4598395824432373
1703,5,215,1.4894696474075317
1704,5,216,1.4823001623153687
1705,5,217,1.4685592651367188
1706,5,218,1.515885353088379
1707,5,219,1.4986774921417236
1708,5,220,1.4765803813934326
1709,5,221,1.5298012495040894
1710,5,222,1.5258768796920776
1711,5,223,1.589478611946106
1712,5,224,1.5261930227279663
1713,5,225,1.4569276571273804
1714,5,226,1.4149129390716553
1715,5,227,1.450148105621338
1716,5,228,1.4952822923660278
1717,5,229,1.4541239738464355
1718,5,230,1.4751516580581665
1719,5,231,1.5267226696014404
1720,5,232,1.5361826419830322
1721,5,233,1.4916969537734985
1722,5,234,1.541223168373108
1723,5,235,1.4718189239501953
1724,5,236,1.4471204280853271
1725,5,237,1.4764248132705688
1726,5,238,1.6146583557128906
1727,5,239,1.4871500730514526
1728,5,240,1.529050588607788
1729,5,241,1.4524240493774414
1730,5,242,1.5349947214126587
1731,5,243,1.440626859664917
1732,5,244,1.440388560295105
1733,5,245,1.5236341953277588
1734,5,246,1.514697790145874
1735,5,247,1.4775394201278687
1736,5,248,1.498094081878662
1737,5,249,1.4857425689697266
1738,5,250,1.6051145792007446
1739,5,251,1.4836483001708984
1740,5,252,1.4475778341293335
1741,5,253,1.4571754932403564
1742,5,254,1.562582015991211
1743,5,255,1.4855183362960815
1744,5,256,1.5494266748428345
1745,5,257,1.532562017440796
1746,5,258,1.545813798904419
1747,5,259,1.4925440549850464
1748,5,260,1.4980194568634033
1749,5,261,1.459089756011963
1750,5,262,1.4550771713256836
1751,5,263,1.524335265159607
1752,5,264,1.4383373260498047
1753,5,265,1.4913908243179321
1754,5,266,1.465626835823059
1755,5,267,1.4670360088348389
1756,5,268,1.4720052480697632
1757,5,269,1.602207899093628
1758,5,270,1.4644767045974731
1759,5,271,1.4500832557678223
1760,5,272,1.4811216592788696
1761,5,273,1.4591538906097412
1762,5,274,1.518234133720398
1763,5,275,1.457531213760376
1764,5,276,1.5090810060501099
1765,5,277,1.419947862625122
1766,5,278,1.5013915300369263
1767,5,279,1.4812380075454712
1768,5,280,1.560043215751648
1769,5,281,1.476751685142517
1770,5,282,1.4682735204696655
1771,5,283,1.4232975244522095
1772,5,284,1.4757908582687378
1773,5,285,1.4674677848815918
1774,5,286,1.5225975513458252
1775,5,287,1.4813706874847412
1776,5,288,1.418300986289978
1777,5,289,1.4564146995544434
1778,5,290,1.520906925201416
1779,5,291,1.4373291730880737
1780,5,292,1.4338840246200562
1781,5,293,1.4658818244934082
1782,5,294,1.4991904497146606
1783,5,295,1.4205964803695679
1784,5,296,1.6246273517608643
1785,5,297,1.493978500366211
1786,5,298,1.4665559530258179
1787,5,299,1.469542384147644
1788,5,300,1.4268007278442383
1789,5,301,1.4558712244033813
1790,5,302,1.4564759731292725
1791,5,303,1.4566227197647095
1792,5,304,1.4565637111663818
1793,5,305,1.4813623428344727
1794,5,306,1.427202582359314
1795,5,307,1.4536454677581787
1796,5,308,1.418104887008667
1797,5,309,1.3834612369537354
1798,5,310,1.4853813648223877
1799,5,311,1.4755175113677979
1800,5,312,1.480067491531372
1801,5,313,1.4873181581497192
1802,5,314,1.450676679611206
1803,5,315,1.515925645828247
1804,5,316,1.485600471496582
1805,5,317,1.4600175619125366
1806,5,318,1.4659616947174072
1807,5,319,1.472251057624817
1808,5,320,1.5090811252593994
1809,5,321,1.5168814659118652
1810,5,322,1.4595807790756226
1811,5,323,1.4528652429580688
1812,5,324,1.461629033088684
1813,5,325,1.494964838027954
1814,5,326,1.4785319566726685
1815,5,327,1.4544414281845093
1816,5,328,1.4251022338867188
1817,5,329,1.4283993244171143
1818,5,330,1.505643367767334
1819,5,331,1.4304028749465942
1820,5,332,1.416786551475525
1821,5,333,1.431958556175232
1822,5,334,1.4447243213653564
1823,5,335,1.4354997873306274
1824,5,336,1.4511675834655762
1825,5,337,1.4511077404022217
1826,5,338,1.4868197441101074
1827,5,339,1.4331631660461426
1828,5,340,1.4503518342971802
1829,5,341,1.4292188882827759
1830,5,342,1.445090889930725
1831,5,343,1.3819650411605835
1832,5,344,1.4047330617904663
1833,5,345,1.4190326929092407
1834,5,346,1.4395852088928223
1835,5,347,1.4423314332962036
1836,5,348,1.4832578897476196
1837,5,349,1.4631178379058838
1838,5,350,1.4213526248931885
1839,5,351,1.4300123453140259
1840,5,352,1.535114049911499
1841,5,353,1.4170477390289307
1842,5,354,1.5213305950164795
1843,5,355,1.4238752126693726
1844,5,356,1.6339168548583984
1845,5,357,1.4268100261688232
1846,5,358,1.4554117918014526
1847,5,359,1.4229888916015625
1848,5,360,1.4542596340179443
1849,5,361,1.4519598484039307
1850,5,362,1.40584397315979
1851,5,363,1.4866137504577637
1852,5,364,1.4920648336410522
1853,5,365,1.3764560222625732
1854,5,366,1.4834991693496704
1855,5,367,1.4240165948867798
1856,5,368,1.4520341157913208
1857,5,369,1.441910982131958
1858,5,370,1.3952746391296387
1859,5,371,1.442157506942749
1860,5,372,1.4507710933685303
1861,6,1,1.4600579738616943
1862,6,2,1.4608205556869507
1863,6,3,1.4236053228378296
1864,6,4,1.5389435291290283
1865,6,5,1.4334145784378052
1866,6,6,1.4646092653274536
1867,6,7,1.4466650485992432
1868,6,8,1.4370191097259521
1869,6,9,1.4587446451187134
1870,6,10,1.5176044702529907
1871,6,11,1.4335556030273438
1872,6,12,1.5031672716140747
1873,6,13,1.3679630756378174
1874,6,14,1.4148461818695068
1875,6,15,1.3907876014709473
1876,6,16,1.4182862043380737
1877,6,17,1.4165453910827637
1878,6,18,1.44527006149292
1879,6,19,1.4296622276306152
1880,6,20,1.392167091369629
1881,6,21,1.449327826499939
1882,6,22,1.456786870956421
1883,6,23,1.4046189785003662
1884,6,24,1.440828561782837
1885,6,25,1.455487608909607
1886,6,26,1.490115761756897
1887,6,27,1.3617796897888184
1888,6,28,1.395597219467163
1889,6,29,1.4846373796463013
1890,6,30,1.4400978088378906
1891,6,31,1.395864725112915
1892,6,32,1.3850046396255493
1893,6,33,1.4053082466125488
1894,6,34,1.3921400308609009
1895,6,35,1.4135589599609375
1896,6,36,1.335425615310669
1897,6,37,1.4660989046096802
1898,6,38,1.4213439226150513
1899,6,39,1.4299333095550537
1900,6,40,1.449284315109253
1901,6,41,1.6876329183578491
1902,6,42,1.397666096687317
1903,6,43,1.388633131980896
1904,6,44,1.5247026681900024
1905,6,45,1.4750218391418457
1906,6,46,1.3856796026229858
1907,6,47,1.4186272621154785
1908,6,48,1.455989956855774
1909,6,49,1.4616506099700928
1910,6,50,1.393872618675232
1911,6,51,1.4421403408050537
1912,6,52,1.3745423555374146
1913,6,53,1.4220287799835205
1914,6,54,1.3964276313781738
1915,6,55,1.37800133228302
1916,6,56,1.4012013673782349
1917,6,57,1.4026315212249756
1918,6,58,1.432887315750122
1919,6,59,1.4814198017120361
1920,6,60,1.408715009689331
1921,6,61,1.4705473184585571
1922,6,62,1.368011236190796
1923,6,63,1.3850005865097046
1924,6,64,1.4130916595458984
1925,6,65,1.4070745706558228
1926,6,66,1.465348720550537
1927,6,67,1.4642804861068726
1928,6,68,1.453850507736206
1929,6,69,1.4030343294143677
1930,6,70,1.4316483736038208
1931,6,71,1.4187185764312744
1932,6,72,1.4135903120040894
1933,6,73,1.3561564683914185
1934,6,74,1.4178696870803833
1935,6,75,1.4118596315383911
1936,6,76,1.4144988059997559
1937,6,77,1.419598937034607
1938,6,78,1.4503450393676758
1939,6,79,1.4453322887420654
1940,6,80,1.3702130317687988
1941,6,81,1.4454147815704346
1942,6,82,1.4531655311584473
1943,6,83,1.444517970085144
1944,6,84,1.3813607692718506
1945,6,85,1.4309923648834229
1946,6,86,1.4448598623275757
1947,6,87,1.4047152996063232
1948,6,88,1.3756043910980225
1949,6,89,1.4450266361236572
1950,6,90,1.3610666990280151
1951,6,91,1.4668956995010376
1952,6,92,1.4164091348648071
1953,6,93,1.3550792932510376
1954,6,94,1.3597208261489868
1955,6,95,1.4004204273223877
1956,6,96,1.398751974105835
1957,6,97,1.4157816171646118
1958,6,98,1.338557243347168
1959,6,99,1.3496323823928833
1960,6,100,1.3866246938705444
1961,6,101,1.3763149976730347
1962,6,102,1.3525859117507935
1963,6,103,1.3786513805389404
1964,6,104,1.415053129196167
1965,6,105,1.3916895389556885
1966,6,106,1.344897747039795
1967,6,107,1.4654998779296875
1968,6,108,1.4337760210037231
1969,6,109,1.415648341178894
1970,6,110,1.5923271179199219
1971,6,111,1.432508111000061
1972,6,112,1.4422529935836792
1973,6,113,1.3265495300292969
1974,6,114,1.3875142335891724
1975,6,115,1.4133009910583496
1976,6,116,1.4108678102493286
1977,6,117,1.3709893226623535
1978,6,118,1.44107985496521
1979,6,119,1.3802976608276367
1980,6,120,1.3748424053192139
1981,6,121,1.367943525314331
1982,6,122,1.44293212890625
1983,6,123,1.3958306312561035
1984,6,124,1.366764783859253
1985,6,125,1.3865689039230347
1986,6,126,1.3900682926177979
1987,6,127,1.4006760120391846
1988,6,128,1.3811744451522827
1989,6,129,1.356245994567871
1990,6,130,1.4182078838348389
1991,6,131,1.4153460264205933
1992,6,132,1.3836138248443604
1993,6,133,1.401944875717163
1994,6,134,1.449645757675171
1995,6,135,1.4728001356124878
1996,6,136,1.426993489265442
1997,6,137,1.472524881362915
1998,6,138,1.3840844631195068
1999,6,139,1.373308539390564
2000,6,140,1.3863341808319092
2001,6,141,1.426327109336853
2002,6,142,1.504507303237915
2003,6,143,1.4101163148880005
2004,6,144,1.3929758071899414
2005,6,145,1.3952418565750122
2006,6,146,1.366976022720337
2007,6,147,1.389110803604126
2008,6,148,1.4316387176513672
2009,6,149,1.3507086038589478
2010,6,150,1.4369500875473022
2011,6,151,1.4073891639709473
2012,6,152,1.3398258686065674
2013,6,153,1.4348032474517822
2014,6,154,1.3532921075820923
2015,6,155,1.385955572128296
2016,6,156,1.4257827997207642
2017,6,157,1.3786531686782837
2018,6,158,1.3652790784835815
2019,6,159,1.3974024057388306
2020,6,160,1.4301103353500366
2021,6,161,1.3448532819747925
2022,6,162,1.3463194370269775
2023,6,163,1.3776811361312866
2024,6,164,1.3595757484436035
2025,6,165,1.389864206314087
2026,6,166,1.3968957662582397
2027,6,167,1.3845173120498657
2028,6,168,1.394852876663208
2029,6,169,1.4000340700149536
2030,6,170,1.4193120002746582
2031,6,171,1.4263218641281128
2032,6,172,1.3467178344726562
2033,6,173,1.3321765661239624
2034,6,174,1.4187272787094116
2035,6,175,1.3620965480804443
2036,6,176,1.3906426429748535
2037,6,177,1.4163081645965576
2038,6,178,1.3144805431365967
2039,6,179,1.4350839853286743
2040,6,180,1.391904592514038
2041,6,181,1.3079382181167603
2042,6,182,1.369506597518921
2043,6,183,1.348887324333191
2044,6,184,1.352712631225586
2045,6,185,1.42405104637146
2046,6,186,1.4142948389053345
2047,6,187,1.3885581493377686
2048,6,188,1.389198899269104
2049,6,189,1.3590067625045776
2050,6,190,1.3647522926330566
2051,6,191,1.3887364864349365
2052,6,192,1.480312466621399
2053,6,193,1.3640592098236084
2054,6,194,1.3631370067596436
2055,6,195,1.4489959478378296
2056,6,196,1.3385660648345947
2057,6,197,1.3870723247528076
2058,6,198,1.3420922756195068
2059,6,199,1.3725998401641846
2060,6,200,1.3774124383926392
2061,6,201,1.4144608974456787
2062,6,202,1.314437985420227
2063,6,203,1.4488180875778198
2064,6,204,1.3467376232147217
2065,6,205,1.3802510499954224
2066,6,206,1.351281762123108
2067,6,207,1.3410260677337646
2068,6,208,1.3804579973220825
2069,6,209,1.4024479389190674
2070,6,210,1.4279576539993286
2071,6,211,1.4517309665679932
2072,6,212,1.4165455102920532
2073,6,213,1.3903534412384033
2074,6,214,1.4051791429519653
2075,6,215,1.4205821752548218
2076,6,216,1.368607521057129
2077,6,217,1.4136507511138916
2078,6,218,1.3389359712600708
2079,6,219,1.3808544874191284
2080,6,220,1.378563642501831
2081,6,221,1.5118811130523682
2082,6,222,1.3602696657180786
2083,6,223,1.3462787866592407
2084,6,224,1.3728994131088257
2085,6,225,1.3417432308197021
2086,6,226,1.520431637763977
2087,6,227,1.3890178203582764
2088,6,228,1.3526736497879028
2089,6,229,1.4248031377792358
2090,6,230,1.3225942850112915
2091,6,231,1.4004522562026978
2092,6,232,1.3508368730545044
2093,6,233,1.422715187072754
2094,6,234,1.3610860109329224
2095,6,235,1.3445191383361816
2096,6,236,1.4443254470825195
2097,6,237,1.3638967275619507
2098,6,238,1.3683207035064697
2099,6,239,1.3719919919967651
2100,6,240,1.3656206130981445
2101,6,241,1.3574938774108887
2102,6,242,1.4037936925888062
2103,6,243,1.3685483932495117
2104,6,244,1.446266531944275
2105,6,245,1.374435305595398
2106,6,246,1.3853366374969482
2107,6,247,1.324715495109558
2108,6,248,1.3737421035766602
2109,6,249,1.4364850521087646
2110,6,250,1.5001875162124634
2111,6,251,1.363905429840088
2112,6,252,1.4004814624786377
2113,6,253,1.3872973918914795
2114,6,254,1.4090192317962646
2115,6,255,1.3991373777389526
2116,6,256,1.4802706241607666
2117,6,257,1.4228347539901733
2118,6,258,1.3735582828521729
2119,6,259,1.3604636192321777
2120,6,260,1.40580153465271
2121,6,261,1.365833044052124
2122,6,262,1.3359546661376953
2123,6,263,1.3301280736923218
2124,6,264,1.3488900661468506
2125,6,265,1.3477425575256348
2126,6,266,1.3205010890960693
2127,6,267,1.3898566961288452
2128,6,268,1.352021336555481
2129,6,269,1.2943155765533447
2130,6,270,1.3401774168014526
2131,6,271,1.3739395141601562
2132,6,272,1.3651591539382935
2133,6,273,1.4258112907409668
2134,6,274,1.3170464038848877
2135,6,275,1.374957799911499
2136,6,276,1.4355342388153076
2137,6,277,1.3521126508712769
2138,6,278,1.3636457920074463
2139,6,279,1.4217383861541748
2140,6,280,1.3543126583099365
2141,6,281,1.3333284854888916
2142,6,282,1.3084471225738525
2143,6,283,1.3597846031188965
2144,6,284,1.3826420307159424
2145,6,285,1.3162243366241455
2146,6,286,1.4025317430496216
2147,6,287,1.3748068809509277
2148,6,288,1.3560348749160767
2149,6,289,1.3525172472000122
2150,6,290,1.339470624923706
2151,6,291,1.3356142044067383
2152,6,292,1.3597009181976318
2153,6,293,1.3967924118041992
2154,6,294,1.3825584650039673
2155,6,295,1.4090723991394043
2156,6,296,1.3422242403030396
2157,6,297,1.3457248210906982
2158,6,298,1.4185930490493774
2159,6,299,1.3564187288284302
2160,6,300,1.331050992012024
2161,6,301,1.3435131311416626
2162,6,302,1.3259766101837158
2163,6,303,1.332810878753662
2164,6,304,1.3324378728866577
2165,6,305,1.3236593008041382
2166,6,306,1.4063806533813477
2167,6,307,1.2802889347076416
2168,6,308,1.3888126611709595
2169,6,309,1.3448199033737183
2170,6,310,1.304160714149475
2171,6,311,1.4042999744415283
2172,6,312,1.4222170114517212
2173,6,313,1.3434540033340454
2174,6,314,1.3294795751571655
2175,6,315,1.2873003482818604
2176,6,316,1.3332473039627075
2177,6,317,1.3849718570709229
2178,6,318,1.3170766830444336
2179,6,319,1.3046456575393677
2180,6,320,1.2960870265960693
2181,6,321,1.326866865158081
2182,6,322,1.325642704963684
2183,6,323,1.264550805091858
2184,6,324,1.3479344844818115
2185,6,325,1.3687790632247925
2186,6,326,1.3257579803466797
2187,6,327,1.3721606731414795
2188,6,328,1.3871514797210693
2189,6,329,1.3712316751480103
2190,6,330,1.35616934299469
2191,6,331,1.31699538230896
2192,6,332,1.376920461654663
2193,6,333,1.3306193351745605
2194,6,334,1.3543564081192017
2195,6,335,1.339784860610962
2196,6,336,1.3523647785186768
2197,6,337,1.3997483253479004
2198,6,338,1.3654652833938599
2199,6,339,1.3300607204437256
2200,6,340,1.2982852458953857
2201,6,341,1.329688310623169
2202,6,342,1.3293880224227905
2203,6,343,1.2873002290725708
2204,6,344,1.3994817733764648
2205,6,345,1.2793762683868408
2206,6,346,1.3097976446151733
2207,6,347,1.3310658931732178
2208,6,348,1.4005310535430908
2209,6,349,1.3249012231826782
2210,6,350,1.3128020763397217
2211,6,351,1.291152000427246
2212,6,352,1.3122637271881104
2213,6,353,1.3174159526824951
2214,6,354,1.2782143354415894
2215,6,355,1.318152666091919
2216,6,356,1.3169349431991577
2217,6,357,1.4157434701919556
2218,6,358,1.4828521013259888
2219,6,359,1.2796838283538818
2220,6,360,1.3026111125946045
2221,6,361,1.3191125392913818
2222,6,362,1.3503305912017822
2223,6,363,1.2839689254760742
2224,6,364,1.3042173385620117
2225,6,365,1.3828842639923096
2226,6,366,1.3045885562896729
2227,6,367,1.3367315530776978
2228,6,368,1.2761967182159424
2229,6,369,1.3080779314041138
2230,6,370,1.2955909967422485
2231,6,371,1.3576958179473877
2232,6,372,1.5150494575500488
2233,7,1,1.358976125717163
2234,7,2,1.3116428852081299
2235,7,3,1.2835057973861694
2236,7,4,1.3581278324127197
2237,7,5,1.3095893859863281
2238,7,6,1.3555052280426025
2239,7,7,1.3072607517242432
2240,7,8,1.3553141355514526
2241,7,9,1.2898824214935303
2242,7,10,1.288718581199646
2243,7,11,1.3191895484924316
2244,7,12,1.2803477048873901
2245,7,13,1.2650773525238037
2246,7,14,1.3173333406448364
2247,7,15,1.3291184902191162
2248,7,16,1.3003027439117432
2249,7,17,1.3442938327789307
2250,7,18,1.3426116704940796
2251,7,19,1.3504010438919067
2252,7,20,1.3284823894500732
2253,7,21,1.2775788307189941
2254,7,22,1.2745676040649414
2255,7,23,1.3453449010849
2256,7,24,1.35699462890625
2257,7,25,1.3218746185302734
2258,7,26,1.2956310510635376
2259,7,27,1.286668300628662
2260,7,28,1.274816870689392
2261,7,29,1.2912191152572632
2262,7,30,1.2804876565933228
2263,7,31,1.3067907094955444
2264,7,32,1.291082739830017
2265,7,33,1.2860794067382812
2266,7,34,1.2779316902160645
2267,7,35,1.3025202751159668
2268,7,36,1.302231788635254
2269,7,37,1.279646396636963
2270,7,38,1.3236138820648193
2271,7,39,1.312994122505188
2272,7,40,1.2896709442138672
2273,7,41,1.3507053852081299
2274,7,42,1.3117189407348633
2275,7,43,1.326443076133728
2276,7,44,1.2941818237304688
2277,7,45,1.3365306854248047
2278,7,46,1.3286923170089722
2279,7,47,1.3094028234481812
2280,7,48,1.2999017238616943
2281,7,49,1.2852898836135864
2282,7,50,1.2944056987762451
2283,7,51,1.2629048824310303
2284,7,52,1.3300440311431885
2285,7,53,1.2824642658233643
2286,7,54,1.2709856033325195
2287,7,55,1.2720023393630981
2288,7,56,1.2930171489715576
2289,7,57,1.3873679637908936
2290,7,58,1.3121273517608643
2291,7,59,1.286163091659546
2292,7,60,1.405879259109497
2293,7,61,1.2963850498199463
2294,7,62,1.3280508518218994
2295,7,63,1.3613407611846924
2296,7,64,1.2919830083847046
2297,7,65,1.2955989837646484
2298,7,66,1.2755708694458008
2299,7,67,1.3153741359710693
2300,7,68,1.3188111782073975
2301,7,69,1.3030790090560913
2302,7,70,1.2774007320404053
2303,7,71,1.3952745199203491
2304,7,72,1.2558408975601196
2305,7,73,1.3757100105285645
2306,7,74,1.265434980392456
2307,7,75,1.2952134609222412
2308,7,76,1.329710841178894
2309,7,77,1.309799075126648
2310,7,78,1.2397475242614746
2311,7,79,1.300516128540039
2312,7,80,1.280976414680481
2313,7,81,1.3322923183441162
2314,7,82,1.2849324941635132
2315,7,83,1.2815773487091064
2316,7,84,1.283460259437561
2317,7,85,1.3134820461273193
2318,7,86,1.2562825679779053
2319,7,87,1.3318010568618774
2320,7,88,1.2642064094543457
2321,7,89,1.3081210851669312
2322,7,90,1.2937934398651123
2323,7,91,1.2867233753204346
2324,7,92,1.3232072591781616
2325,7,93,1.3081212043762207
2326,7,94,1.329709768295288
2327,7,95,1.299436330795288
2328,7,96,1.2940919399261475
2329,7,97,1.3894652128219604
2330,7,98,1.2755050659179688
2331,7,99,1.2994024753570557
2332,7,100,1.3503278493881226
2333,7,101,1.2694065570831299
2334,7,102,1.263305425643921
2335,7,103,1.2793943881988525
2336,7,104,1.2826780080795288
2337,7,105,1.3479423522949219
2338,7,106,1.2785240411758423
2339,7,107,1.334842324256897
2340,7,108,1.2936480045318604
2341,7,109,1.361749529838562
2342,7,110,1.2862807512283325
2343,7,111,1.2725446224212646
2344,7,112,1.2802009582519531
2345,7,113,1.2617104053497314
2346,7,114,1.2742599248886108
2347,7,115,1.279999017715454
2348,7,116,1.2875884771347046
2349,7,117,1.3345266580581665
2350,7,118,1.2641652822494507
2351,7,119,1.2723772525787354
2352,7,120,1.2877230644226074
2353,7,121,1.4036551713943481
2354,7,122,1.2616872787475586
2355,7,123,1.285785436630249
2356,7,124,1.307520866394043
2357,7,125,1.2513710260391235
2358,7,126,1.2918397188186646
2359,7,127,1.2505834102630615
2360,7,128,1.330014705657959
2361,7,129,1.340541958808899
2362,7,130,1.2991211414337158
2363,7,131,1.355610966682434
2364,7,132,1.2504959106445312
2365,7,133,1.3590538501739502
2366,7,134,1.3155983686447144
2367,7,135,1.286285638809204
2368,7,136,1.3194377422332764
2369,7,137,1.303005576133728
2370,7,138,1.3323161602020264
2371,7,139,1.2832156419754028
2372,7,140,1.270765781402588
2373,7,141,1.2814087867736816
2374,7,142,1.2889295816421509
2375,7,143,1.2820477485656738
2376,7,144,1.2726881504058838
2377,7,145,1.2772408723831177
2378,7,146,1.268380880355835
2379,7,147,1.27638840675354
2380,7,148,1.2556034326553345
2381,7,149,1.2646620273590088
2382,7,150,1.2914787530899048
2383,7,151,1.2999070882797241
2384,7,152,1.2705007791519165
2385,7,153,1.2537168264389038
2386,7,154,1.365606665611267
2387,7,155,1.2569143772125244
2388,7,156,1.302899718284607
2389,7,157,1.3016242980957031
2390,7,158,1.2934906482696533
2391,7,159,1.28501558303833
2392,7,160,1.3181496858596802
2393,7,161,1.2635396718978882
2394,7,162,1.2542845010757446
2395,7,163,1.2510592937469482
2396,7,164,1.3043127059936523
2397,7,165,1.2420876026153564
2398,7,166,1.2475967407226562
2399,7,167,1.2289403676986694
2400,7,168,1.2878553867340088
2401,7,169,1.3361175060272217
2402,7,170,1.2281360626220703
2403,7,171,1.2619842290878296
2404,7,172,1.2680950164794922
2405,7,173,1.302358865737915
2406,7,174,1.2426834106445312
2407,7,175,1.2427191734313965
2408,7,176,1.2988158464431763
2409,7,177,1.2368446588516235
2410,7,178,1.2443039417266846
2411,7,179,1.333848237991333
2412,7,180,1.3185392618179321
2413,7,181,1.3277337551116943
2414,7,182,1.280009150505066
2415,7,183,1.2685256004333496
2416,7,184,1.2666542530059814
2417,7,185,1.2809982299804688
2418,7,186,1.2687034606933594
2419,7,187,1.2985503673553467
2420,7,188,1.263938307762146
2421,7,189,1.2928998470306396
2422,7,190,1.2358163595199585
2423,7,191,1.4132084846496582
2424,7,192,1.2527217864990234
2425,7,193,1.3138855695724487
2426,7,194,1.327675223350525
2427,7,195,1.2329676151275635
2428,7,196,1.2605191469192505
2429,7,197,1.2421327829360962
2430,7,198,1.2578139305114746
2431,7,199,1.285659909248352
2432,7,200,1.2524677515029907
2433,7,201,1.3025877475738525
2434,7,202,1.2894566059112549
2435,7,203,1.2758556604385376
2436,7,204,1.2173855304718018
2437,7,205,1.2708899974822998
2438,7,206,1.3673774003982544
2439,7,207,1.2254797220230103
2440,7,208,1.2916183471679688
2441,7,209,1.2879164218902588
2442,7,210,1.244805097579956
2443,7,211,1.2177932262420654
2444,7,212,1.3174641132354736
2445,7,213,1.2781009674072266
2446,7,214,1.2350279092788696
2447,7,215,1.2871886491775513
2448,7,216,1.2137683629989624
2449,7,217,1.2832852602005005
2450,7,218,1.256636142730713
2451,7,219,1.2452547550201416
2452,7,220,1.3085153102874756
2453,7,221,1.2907997369766235
2454,7,222,1.290189504623413
2455,7,223,1.447713017463684
2456,7,224,1.229103446006775
2457,7,225,1.245250940322876
2458,7,226,1.2763161659240723
2459,7,227,1.3056215047836304
2460,7,228,1.2672902345657349
2461,7,229,1.2634297609329224
2462,7,230,1.2915446758270264
2463,7,231,1.200773000717163
2464,7,232,1.3766852617263794
2465,7,233,1.2342100143432617
2466,7,234,1.2389694452285767
2467,7,235,1.307521104812622
2468,7,236,1.2674674987792969
2469,7,237,1.2392152547836304
2470,7,238,1.2612804174423218
2471,7,239,1.2994214296340942
2472,7,240,1.3144681453704834
2473,7,241,1.4515163898468018
2474,7,242,1.3108512163162231
2475,7,243,1.2289783954620361
2476,7,244,1.2709884643554688
2477,7,245,1.2627527713775635
2478,7,246,1.2486867904663086
2479,7,247,1.253188133239746
2480,7,248,1.23769211769104
2481,7,249,1.2383602857589722
2482,7,250,1.2841075658798218
2483,7,251,1.208609938621521
2484,7,252,1.2409255504608154
2485,7,253,1.2851848602294922
2486,7,254,1.238330364227295
2487,7,255,1.2301113605499268
2488,7,256,1.2693758010864258
2489,7,257,1.2871992588043213
2490,7,258,1.193683385848999
2491,7,259,1.2244138717651367
2492,7,260,1.2686363458633423
2493,7,261,1.3439162969589233
2494,7,262,1.2453563213348389
2495,7,263,1.2891979217529297
2496,7,264,1.3308212757110596
2497,7,265,1.2154968976974487
2498,7,266,1.2021257877349854
2499,7,267,1.3156765699386597
2500,7,268,1.3476277589797974
2501,7,269,1.2679874897003174
2502,7,270,1.2194616794586182
2503,7,271,1.2728090286254883
2504,7,272,1.262288212776184
2505,7,273,1.203738808631897
2506,7,274,1.3137329816818237
2507,7,275,1.251394271850586
2508,7,276,1.272929310798645
2509,7,277,1.2712395191192627
2510,7,278,1.2266089916229248
2511,7,279,1.22621750831604
2512,7,280,1.212988257408142
2513,7,281,1.2761187553405762
2514,7,282,1.2309715747833252
2515,7,283,1.2149887084960938
2516,7,284,1.2349883317947388
2517,7,285,1.2425055503845215
2518,7,286,1.223522424697876
2519,7,287,1.2962168455123901
2520,7,288,1.2453250885009766
2521,7,289,1.2355444431304932
2522,7,290,1.2766281366348267
2523,7,291,1.2187970876693726
2524,7,292,1.2600555419921875
2525,7,293,1.2871423959732056
2526,7,294,1.3418976068496704
2527,7,295,1.2657926082611084
2528,7,296,1.258811116218567
2529,7,297,1.3086658716201782
2530,7,298,1.2598817348480225
2531,7,299,1.2224774360656738
2532,7,300,1.2215440273284912
2533,7,301,1.2738364934921265
2534,7,302,1.1944650411605835
2535,7,303,1.2156047821044922
2536,7,304,1.1795488595962524
2537,7,305,1.2089459896087646
2538,7,306,1.1985418796539307
2539,7,307,1.302244782447815
2540,7,308,1.2453696727752686
2541,7,309,1.2175554037094116
2542,7,310,1.2619301080703735
2543,7,311,1.1859099864959717
2544,7,312,1.3335307836532593
2545,7,313,1.2715057134628296
2546,7,314,1.2530748844146729
2547,7,315,1.2033311128616333
2548,7,316,1.3288142681121826
2549,7,317,1.2820135354995728
2550,7,318,1.2694897651672363
2551,7,319,1.2128678560256958
2552,7,320,1.2143194675445557
2553,7,321,1.1764230728149414
2554,7,322,1.243168592453003
2555,7,323,1.2419064044952393
2556,7,324,1.2808172702789307
2557,7,325,1.2385245561599731
2558,7,326,1.2812960147857666
2559,7,327,1.2850415706634521
2560,7,328,1.261460542678833
2561,7,329,1.215575933456421
2562,7,330,1.2261450290679932
2563,7,331,1.2202949523925781
2564,7,332,1.351030945777893
2565,7,333,1.2704408168792725
2566,7,334,1.2962100505828857
2567,7,335,1.2557902336120605
2568,7,336,1.2291491031646729
2569,7,337,1.2832114696502686
2570,7,338,1.2153551578521729
2571,7,339,1.2312684059143066
2572,7,340,1.2237764596939087
2573,7,341,1.198854923248291
2574,7,342,1.2724435329437256
2575,7,343,1.267627477645874
2576,7,344,1.22634756565094
2577,7,345,1.2310481071472168
2578,7,346,1.1899553537368774
2579,7,347,1.2764825820922852
2580,7,348,1.1844356060028076
2581,7,349,1.2552365064620972
2582,7,350,1.218390703201294
2583,7,351,1.2486815452575684
2584,7,352,1.2363287210464478
2585,7,353,1.321436882019043
2586,7,354,1.231103777885437
2587,7,355,1.227052927017212
2588,7,356,1.2723255157470703
2589,7,357,1.2071363925933838
2590,7,358,1.3526660203933716
2591,7,359,1.2341420650482178
2592,7,360,1.414361834526062
2593,7,361,1.2403857707977295
2594,7,362,1.1852675676345825
2595,7,363,1.2182471752166748
2596,7,364,1.2190167903900146
2597,7,365,1.2001221179962158
2598,7,366,1.3400739431381226
2599,7,367,1.2491509914398193
2600,7,368,1.2092244625091553
2601,7,369,1.2534844875335693
2602,7,370,1.2283204793930054
2603,7,371,1.2441437244415283
2604,7,372,1.4116758108139038
2605,8,1,1.2223933935165405
2606,8,2,1.2495501041412354
2607,8,3,1.244314432144165
2608,8,4,1.2363989353179932
2609,8,5,1.1946966648101807
2610,8,6,1.20969820022583
2611,8,7,1.1707978248596191
2612,8,8,1.340451955795288
2613,8,9,1.1861921548843384
2614,8,10,1.2906243801116943
2615,8,11,1.186322569847107
2616,8,12,1.2453242540359497
2617,8,13,1.3385658264160156
2618,8,14,1.2422821521759033
2619,8,15,1.347610592842102
2620,8,16,1.189213514328003
2621,8,17,1.2080121040344238
2622,8,18,1.1596450805664062
2623,8,19,1.2481473684310913
2624,8,20,1.195310354232788
2625,8,21,1.2713409662246704
2626,8,22,1.2096612453460693
2627,8,23,1.2229174375534058
2628,8,24,1.2200652360916138
2629,8,25,1.1838713884353638
2630,8,26,1.187303066253662
2631,8,27,1.18674635887146
2632,8,28,1.1893163919448853
2633,8,29,1.1833007335662842
2634,8,30,1.2302887439727783
2635,8,31,1.2255098819732666
2636,8,32,1.2025610208511353
2637,8,33,1.3302903175354004
2638,8,34,1.1473169326782227
2639,8,35,1.1909728050231934
2640,8,36,1.2428154945373535
2641,8,37,1.2941430807113647
2642,8,38,1.2175835371017456
2643,8,39,1.210580825805664
2644,8,40,1.171400547027588
2645,8,41,1.1930816173553467
2646,8,42,1.2158966064453125
2647,8,43,1.3269389867782593
2648,8,44,1.1665308475494385
2649,8,45,1.126969814300537
2650,8,46,1.2934142351150513
2651,8,47,1.223702073097229
2652,8,48,1.201246976852417
2653,8,49,1.2127177715301514
2654,8,50,1.2875878810882568
2655,8,51,1.2422584295272827
2656,8,52,1.2667593955993652
2657,8,53,1.2276231050491333
2658,8,54,1.2725626230239868
2659,8,55,1.188367247581482
2660,8,56,1.279796838760376
2661,8,57,1.1853443384170532
2662,8,58,1.177202820777893
2663,8,59,1.2065259218215942
2664,8,60,1.2345967292785645
2665,8,61,1.1929101943969727
2666,8,62,1.175480604171753
2667,8,63,1.2584775686264038
2668,8,64,1.2217520475387573
2669,8,65,1.2340292930603027
2670,8,66,1.221953272819519
2671,8,67,1.2250744104385376
2672,8,68,1.1812020540237427
2673,8,69,1.1985960006713867
2674,8,70,1.2496637105941772
2675,8,71,1.2294871807098389
2676,8,72,1.159954309463501
2677,8,73,1.1923919916152954
2678,8,74,1.1770068407058716
2679,8,75,1.155780553817749
2680,8,76,1.1767407655715942
2681,8,77,1.2044670581817627
2682,8,78,1.1671350002288818
2683,8,79,1.3078696727752686
2684,8,80,1.2231481075286865
2685,8,81,1.1989734172821045
2686,8,82,1.2003607749938965
2687,8,83,1.2651184797286987
2688,8,84,1.2040809392929077
2689,8,85,1.200813889503479
2690,8,86,1.1987247467041016
2691,8,87,1.176990270614624
2692,8,88,1.1653268337249756
2693,8,89,1.2012429237365723
2694,8,90,1.1861917972564697
2695,8,91,1.2014635801315308
2696,8,92,1.170159101486206
2697,8,93,1.140526294708252
2698,8,94,1.1811145544052124
2699,8,95,1.1715331077575684
2700,8,96,1.1682292222976685
2701,8,97,1.229503870010376
2702,8,98,1.1552234888076782
2703,8,99,1.1515527963638306
2704,8,100,1.2611578702926636
2705,8,101,1.1906063556671143
2706,8,102,1.1405222415924072
2707,8,103,1.1532840728759766
2708,8,104,1.1429075002670288
2709,8,105,1.2122946977615356
2710,8,106,1.1741620302200317
2711,8,107,1.1863195896148682
2712,8,108,1.2174280881881714
2713,8,109,1.1926815509796143
2714,8,110,1.2063605785369873
2715,8,111,1.2617417573928833
2716,8,112,1.1577215194702148
2717,8,113,1.2143194675445557
2718,8,114,1.1538530588150024
2719,8,115,1.2390246391296387
2720,8,116,1.3212063312530518
2721,8,117,1.2573373317718506
2722,8,118,1.198943853378296
2723,8,119,1.1798293590545654
2724,8,120,1.2422844171524048
2725,8,121,1.1635539531707764
2726,8,122,1.1973663568496704
2727,8,123,1.137298822402954
2728,8,124,1.2270678281784058
2729,8,125,1.186091423034668
2730,8,126,1.1745283603668213
2731,8,127,1.170086145401001
2732,8,128,1.1333415508270264
2733,8,129,1.21083402633667
2734,8,130,1.1617865562438965
2735,8,131,1.1693843603134155
2736,8,132,1.2192890644073486
2737,8,133,1.1992034912109375
2738,8,134,1.1367599964141846
2739,8,135,1.152789831161499
2740,8,136,1.194946050643921
2741,8,137,1.1739674806594849
2742,8,138,1.1454769372940063
2743,8,139,1.1610634326934814
2744,8,140,1.175586462020874
2745,8,141,1.1888675689697266
2746,8,142,1.157829761505127
2747,8,143,1.21860671043396
2748,8,144,1.1733983755111694
2749,8,145,1.2377433776855469
2750,8,146,1.2000975608825684
2751,8,147,1.164299726486206
2752,8,148,1.1877634525299072
2753,8,149,1.1891123056411743
2754,8,150,1.175514578819275
2755,8,151,1.1637523174285889
2756,8,152,1.1842838525772095
2757,8,153,1.2644630670547485
2758,8,154,1.1204850673675537
2759,8,155,1.129720687866211
2760,8,156,1.2157058715820312
2761,8,157,1.1567208766937256
2762,8,158,1.164622187614441
2763,8,159,1.1453516483306885
2764,8,160,1.2382532358169556
2765,8,161,1.2272759675979614
2766,8,162,1.1432507038116455
2767,8,163,1.1685245037078857
2768,8,164,1.2137463092803955
2769,8,165,1.1681567430496216
2770,8,166,1.1866934299468994
2771,8,167,1.1572027206420898
2772,8,168,1.207012414932251
2773,8,169,1.1555150747299194
2774,8,170,1.1623988151550293
2775,8,171,1.1810214519500732
2776,8,172,1.2517026662826538
2777,8,173,1.2243670225143433
2778,8,174,1.1371068954467773
2779,8,175,1.154140830039978
2780,8,176,1.1950739622116089
2781,8,177,1.1962275505065918
2782,8,178,1.1555941104888916
2783,8,179,1.2041019201278687
2784,8,180,1.1690757274627686
2785,8,181,1.2308685779571533
2786,8,182,1.1382852792739868
2787,8,183,1.1007047891616821
2788,8,184,1.1699740886688232
2789,8,185,1.2197619676589966
2790,8,186,1.1755869388580322
2791,8,187,1.2004051208496094
2792,8,188,1.3359429836273193
2793,8,189,1.19591224193573
2794,8,190,1.154855489730835
2795,8,191,1.1716358661651611
2796,8,192,1.200771450996399
2797,8,193,1.1391968727111816
2798,8,194,1.1410644054412842
2799,8,195,1.1607389450073242
2800,8,196,1.2075650691986084
2801,8,197,1.171067476272583
2802,8,198,1.1824467182159424
2803,8,199,1.1685326099395752
2804,8,200,1.1763601303100586
2805,8,201,1.1849359273910522
2806,8,202,1.1624302864074707
2807,8,203,1.242965579032898
2808,8,204,1.2620527744293213
2809,8,205,1.1515202522277832
2810,8,206,1.2008137702941895
2811,8,207,1.3086388111114502
2812,8,208,1.1719090938568115
2813,8,209,1.1789560317993164
2814,8,210,1.2004845142364502
2815,8,211,1.1518739461898804
2816,8,212,1.147026777267456
2817,8,213,1.2452929019927979
2818,8,214,1.1959307193756104
2819,8,215,1.1795222759246826
2820,8,216,1.1815917491912842
2821,8,217,1.1523473262786865
2822,8,218,1.1481130123138428
2823,8,219,1.150826334953308
2824,8,220,1.1936670541763306
2825,8,221,1.1270825862884521
2826,8,222,1.1561262607574463
2827,8,223,1.1182432174682617
2828,8,224,1.1822283267974854
2829,8,225,1.1539533138275146
2830,8,226,1.1709535121917725
2831,8,227,1.1432018280029297
2832,8,228,1.155842661857605
2833,8,229,1.1805446147918701
2834,8,230,1.16650390625
2835,8,231,1.18621826171875
2836,8,232,1.1887352466583252
2837,8,233,1.1297246217727661
2838,8,234,1.2131690979003906
2839,8,235,1.167107343673706
2840,8,236,1.1259435415267944
2841,8,237,1.158477544784546
2842,8,238,1.2012019157409668
2843,8,239,1.2065101861953735
2844,8,240,1.1833562850952148
2845,8,241,1.1546428203582764
2846,8,242,1.1863458156585693
2847,8,243,1.096388339996338
2848,8,244,1.1780526638031006
2849,8,245,1.1338871717453003
2850,8,246,1.3206603527069092
2851,8,247,1.1508806943893433
2852,8,248,1.1370939016342163
2853,8,249,1.1642149686813354
2854,8,250,1.1816656589508057
2855,8,251,1.137285828590393
2856,8,252,1.1619279384613037
2857,8,253,1.1836497783660889
2858,8,254,1.149348258972168
2859,8,255,1.163627028465271
2860,8,256,1.1611995697021484
2861,8,257,1.1346343755722046
2862,8,258,1.1382625102996826
2863,8,259,1.1244100332260132
2864,8,260,1.1605929136276245
2865,8,261,1.1412104368209839
2866,8,262,1.2493586540222168
2867,8,263,1.1100963354110718
2868,8,264,1.1255792379379272
2869,8,265,1.227294683456421
2870,8,266,1.1915552616119385
2871,8,267,1.155725359916687
2872,8,268,1.146874189376831
2873,8,269,1.1141859292984009
2874,8,270,1.1508442163467407
2875,8,271,1.1473522186279297
2876,8,272,1.1831995248794556
2877,8,273,1.153656244277954
2878,8,274,1.1654952764511108
2879,8,275,1.1245925426483154
2880,8,276,1.1087651252746582
2881,8,277,1.1375676393508911
2882,8,278,1.2038443088531494
2883,8,279,1.0936663150787354
2884,8,280,1.0967504978179932
2885,8,281,1.144824743270874
2886,8,282,1.1360642910003662
2887,8,283,1.1490232944488525
2888,8,284,1.1872146129608154
2889,8,285,1.2035553455352783
2890,8,286,1.1111078262329102
2891,8,287,1.1103754043579102
2892,8,288,1.1536062955856323
2893,8,289,1.1580827236175537
2894,8,290,1.1661638021469116
2895,8,291,1.097643494606018
2896,8,292,1.1935336589813232
2897,8,293,1.1359024047851562
2898,8,294,1.1054389476776123
2899,8,295,1.101601481437683
2900,8,296,1.1719300746917725
2901,8,297,1.1343166828155518
2902,8,298,1.1313531398773193
2903,8,299,1.1403895616531372
2904,8,300,1.1074926853179932
2905,8,301,1.1622779369354248
2906,8,302,1.1333608627319336
2907,8,303,1.1889865398406982
2908,8,304,1.1823289394378662
2909,8,305,1.1337517499923706
2910,8,306,1.097642183303833
2911,8,307,1.0840604305267334
2912,8,308,1.185090184211731
2913,8,309,1.2101819515228271
2914,8,310,1.1375812292099
2915,8,311,1.1589312553405762
2916,8,312,1.1456190347671509
2917,8,313,1.0961923599243164
2918,8,314,1.1267143487930298
2919,8,315,1.1928210258483887
2920,8,316,1.0943354368209839
2921,8,317,1.1770843267440796
2922,8,318,1.17153000831604
2923,8,319,1.1232450008392334
2924,8,320,1.1101216077804565
2925,8,321,1.1384532451629639
2926,8,322,1.1793780326843262
2927,8,323,1.1064354181289673
2928,8,324,1.1651027202606201
2929,8,325,1.083810567855835
2930,8,326,1.1260862350463867
2931,8,327,1.129850149154663
2932,8,328,1.063672661781311
2933,8,329,1.2032051086425781
2934,8,330,1.2168034315109253
2935,8,331,1.090724229812622
2936,8,332,1.158995509147644
2937,8,333,1.1704208850860596
2938,8,334,1.0713937282562256
2939,8,335,1.2835804224014282
2940,8,336,1.1845345497131348
2941,8,337,1.298175573348999
2942,8,338,1.154870867729187
2943,8,339,1.0812244415283203
2944,8,340,1.169114351272583
2945,8,341,1.1547350883483887
2946,8,342,1.1409246921539307
2947,8,343,1.101917028427124
2948,8,344,1.2306759357452393
2949,8,345,1.1290371417999268
2950,8,346,1.1590957641601562
2951,8,347,1.142551064491272
2952,8,348,1.1202211380004883
2953,8,349,1.0870330333709717
2954,8,350,1.0826300382614136
2955,8,351,1.113228678703308
2956,8,352,1.1145013570785522
2957,8,353,1.1453440189361572
2958,8,354,1.1206220388412476
2959,8,355,1.11239755153656
2960,8,356,1.0997049808502197
2961,8,357,1.1606338024139404
2962,8,358,1.205017328262329
2963,8,359,1.1772756576538086
2964,8,360,1.1250247955322266
2965,8,361,1.0824170112609863
2966,8,362,1.1134305000305176
2967,8,363,1.1516492366790771
2968,8,364,1.1066534519195557
2969,8,365,1.1638160943984985
2970,8,366,1.1393795013427734
2971,8,367,1.0976072549819946
2972,8,368,1.111664056777954
2973,8,369,1.1204893589019775
2974,8,370,1.1132328510284424
2975,8,371,1.2036311626434326
2976,8,372,1.1154096126556396
2977,9,1,1.1177656650543213
2978,9,2,1.131382703781128
2979,9,3,1.147232174873352
2980,9,4,1.1502504348754883
2981,9,5,1.1130666732788086
2982,9,6,1.0823057889938354
2983,9,7,1.1474615335464478
2984,9,8,1.106657862663269
2985,9,9,1.1084028482437134
2986,9,10,1.1003698110580444
2987,9,11,1.199692964553833
2988,9,12,1.1363391876220703
2989,9,13,1.09775710105896
2990,9,14,1.087509036064148
2991,9,15,1.136039137840271
2992,9,16,1.1743472814559937
2993,9,17,1.076658010482788
2994,9,18,1.1370099782943726
2995,9,19,1.128913164138794
2996,9,20,1.0850062370300293
2997,9,21,1.1043990850448608
2998,9,22,1.113253116607666
2999,9,23,1.1486059427261353
3000,9,24,1.0594398975372314
3001,9,25,1.1570322513580322
3002,9,26,1.0979760885238647
3003,9,27,1.0858144760131836
3004,9,28,1.1205636262893677
3005,9,29,1.1482555866241455
3006,9,30,1.1493566036224365
3007,9,31,1.1329753398895264
3008,9,32,1.0907176733016968
3009,9,33,1.1134716272354126
3010,9,34,1.113230586051941
3011,9,35,1.1225202083587646
3012,9,36,1.1985887289047241
3013,9,37,1.1082510948181152
3014,9,38,1.1300814151763916
3015,9,39,1.124855875968933
3016,9,40,1.1081407070159912
3017,9,41,1.1270158290863037
3018,9,42,1.1058549880981445
3019,9,43,1.1169296503067017
3020,9,44,1.0715038776397705
3021,9,45,1.1493079662322998
3022,9,46,1.1115505695343018
3023,9,47,1.1305652856826782
3024,9,48,1.1196153163909912
3025,9,49,1.0765701532363892
3026,9,50,1.0604493618011475
3027,9,51,1.1505520343780518
3028,9,52,1.0911940336227417
3029,9,53,1.1198713779449463
3030,9,54,1.1156022548675537
3031,9,55,1.088423252105713
3032,9,56,1.1150814294815063
3033,9,57,1.0473319292068481
3034,9,58,1.0649023056030273
3035,9,59,1.1103465557098389
3036,9,60,1.1411120891571045
3037,9,61,1.1057955026626587
3038,9,62,1.091658353805542
3039,9,63,1.093242883682251
3040,9,64,1.13356614112854
3041,9,65,1.0779621601104736
3042,9,66,1.2210010290145874
3043,9,67,1.1148021221160889
3044,9,68,1.1086786985397339
3045,9,69,1.1002228260040283
3046,9,70,1.0913501977920532
3047,9,71,1.069240927696228
3048,9,72,1.0949695110321045
3049,9,73,1.0813578367233276
3050,9,74,1.1372369527816772
3051,9,75,1.103744387626648
3052,9,76,1.1012543439865112
3053,9,77,1.1426182985305786
3054,9,78,1.0672701597213745
3055,9,79,1.1450384855270386
3056,9,80,1.1054885387420654
3057,9,81,1.101335883140564
3058,9,82,1.147963523864746
3059,9,83,1.0618250370025635
3060,9,84,1.1424026489257812
3061,9,85,1.1634950637817383
3062,9,86,1.081493616104126
3063,9,87,1.09403395652771
3064,9,88,1.1059046983718872
3065,9,89,1.0906130075454712
3066,9,90,1.1052669286727905
3067,9,91,1.128562331199646
3068,9,92,1.063521385192871
3069,9,93,1.1106499433517456
3070,9,94,1.1001313924789429
3071,9,95,1.0926753282546997
3072,9,96,1.1332786083221436
3073,9,97,1.1119282245635986
3074,9,98,1.0975290536880493
3075,9,99,1.1098181009292603
3076,9,100,1.104970932006836
3077,9,101,1.1284637451171875
3078,9,102,1.0770785808563232
3079,9,103,1.0793821811676025
3080,9,104,1.0625132322311401
3081,9,105,1.148526906967163
3082,9,106,1.0618507862091064
3083,9,107,1.070336937904358
3084,9,108,1.0802242755889893
3085,9,109,1.0482383966445923
3086,9,110,1.1514055728912354
3087,9,111,1.0650361776351929
3088,9,112,1.087921142578125
3089,9,113,1.066429615020752
3090,9,114,1.0592191219329834
3091,9,115,1.1404483318328857
3092,9,116,1.0277214050292969
3093,9,117,1.0979793071746826
3094,9,118,1.1266753673553467
3095,9,119,1.101180911064148
3096,9,120,1.0568487644195557
3097,9,121,1.074279546737671
3098,9,122,1.1254030466079712
3099,9,123,1.2339680194854736
3100,9,124,1.1071646213531494
3101,9,125,1.0332475900650024
3102,9,126,1.0826704502105713
3103,9,127,1.1109907627105713
3104,9,128,1.123323678970337
3105,9,129,1.1171880960464478
3106,9,130,1.069110631942749
3107,9,131,1.0478925704956055
3108,9,132,1.1529924869537354
3109,9,133,1.0722407102584839
3110,9,134,1.1902105808258057
3111,9,135,1.4063060283660889
3112,9,136,1.0474750995635986
3113,9,137,1.0873920917510986
3114,9,138,1.0894145965576172
3115,9,139,1.0518949031829834
3116,9,140,1.1269830465316772
3117,9,141,1.0919824838638306
3118,9,142,1.1229045391082764
3119,9,143,1.1126494407653809
3120,9,144,1.0804626941680908
3121,9,145,1.1079579591751099
3122,9,146,1.1480028629302979
3123,9,147,1.049165964126587
3124,9,148,1.1094496250152588
3125,9,149,1.0904076099395752
3126,9,150,1.1132131814956665
3127,9,151,1.0627249479293823
3128,9,152,1.088416337966919
3129,9,153,1.1114462614059448
3130,9,154,1.053637146949768
3131,9,155,1.0807387828826904
3132,9,156,1.07439124584198
3133,9,157,1.1409025192260742
3134,9,158,1.0688869953155518
3135,9,159,1.0940006971359253
3136,9,160,1.0269603729248047
3137,9,161,1.0707228183746338
3138,9,162,1.2123141288757324
3139,9,163,1.0616734027862549
3140,9,164,1.0751829147338867
3141,9,165,1.0666958093643188
3142,9,166,1.1755112409591675
3143,9,167,1.1695303916931152
3144,9,168,1.2313791513442993
3145,9,169,1.0524955987930298
3146,9,170,1.0227563381195068
3147,9,171,1.0177717208862305
3148,9,172,1.0482944250106812
3149,9,173,1.1353727579116821
3150,9,174,1.0988448858261108
3151,9,175,1.0601980686187744
3152,9,176,1.0336906909942627
3153,9,177,1.1250650882720947
3154,9,178,1.100827932357788
3155,9,179,1.0658575296401978
3156,9,180,1.0784275531768799
3157,9,181,1.1088178157806396
3158,9,182,1.0465011596679688
3159,9,183,1.1234561204910278
3160,9,184,1.0655081272125244
3161,9,185,1.0547035932540894
3162,9,186,1.0857570171356201
3163,9,187,1.105794906616211
3164,9,188,1.1083991527557373
3165,9,189,1.2102711200714111
3166,9,190,1.1054943799972534
3167,9,191,1.099632740020752
3168,9,192,1.040360927581787
3169,9,193,1.0692144632339478
3170,9,194,1.1538212299346924
3171,9,195,1.106576919555664
3172,9,196,1.0346782207489014
3173,9,197,1.0811735391616821
3174,9,198,1.0561867952346802
3175,9,199,1.1075636148452759
3176,9,200,1.106081247329712
3177,9,201,1.0906476974487305
3178,9,202,1.0671513080596924
3179,9,203,1.0340375900268555
3180,9,204,1.013983130455017
3181,9,205,1.090232491493225
3182,9,206,1.0453850030899048
3183,9,207,1.0283491611480713
3184,9,208,1.0163934230804443
3185,9,209,1.0638203620910645
3186,9,210,1.0869344472885132
3187,9,211,1.0528526306152344
3188,9,212,1.2395474910736084
3189,9,213,1.0696290731430054
3190,9,214,1.0715985298156738
3191,9,215,1.0507912635803223
3192,9,216,1.0987765789031982
3193,9,217,1.1254297494888306
3194,9,218,1.0807021856307983
3195,9,219,1.0778264999389648
3196,9,220,1.1029764413833618
3197,9,221,1.0387279987335205
3198,9,222,1.0774766206741333
3199,9,223,1.071260690689087
3200,9,224,1.029531717300415
3201,9,225,1.0554823875427246
3202,9,226,1.137719750404358
3203,9,227,1.1232678890228271
3204,9,228,1.0660852193832397
3205,9,229,1.1335469484329224
3206,9,230,1.0871822834014893
3207,9,231,1.0417957305908203
3208,9,232,1.042183518409729
3209,9,233,1.0708715915679932
3210,9,234,1.0744950771331787
3211,9,235,1.0858796834945679
3212,9,236,1.06808340549469
3213,9,237,1.1007850170135498
3214,9,238,1.0721009969711304
3215,9,239,1.0210682153701782
3216,9,240,1.0929844379425049
3217,9,241,1.056286096572876
3218,9,242,1.1669354438781738
3219,9,243,1.1082303524017334
3220,9,244,0.9849138259887695
3221,9,245,1.0633022785186768
3222,9,246,1.0584404468536377
3223,9,247,1.0830135345458984
3224,9,248,1.019592046737671
3225,9,249,1.0022656917572021
3226,9,250,1.0598547458648682
3227,9,251,1.035644769668579
3228,9,252,1.0679223537445068
3229,9,253,1.0248314142227173
3230,9,254,1.0658886432647705
3231,9,255,1.01068913936615
3232,9,256,1.0758564472198486
3233,9,257,1.078874111175537
3234,9,258,1.0371463298797607
3235,9,259,1.0714221000671387
3236,9,260,1.0621936321258545
3237,9,261,1.0492788553237915
3238,9,262,1.035750150680542
3239,9,263,1.042466402053833
3240,9,264,1.1538008451461792
3241,9,265,1.096295952796936
3242,9,266,1.0923913717269897
3243,9,267,1.0703136920928955
3244,9,268,1.1758286952972412
3245,9,269,1.0395026206970215
3246,9,270,1.0394752025604248
3247,9,271,1.066698670387268
3248,9,272,1.1303235292434692
3249,9,273,1.0686120986938477
3250,9,274,1.1683557033538818
3251,9,275,1.0986930131912231
3252,9,276,1.0652436017990112
3253,9,277,1.0873806476593018
3254,9,278,1.0211117267608643
3255,9,279,1.0519120693206787
3256,9,280,1.0626134872436523
3257,9,281,1.0559148788452148
3258,9,282,1.0599963665008545
3259,9,283,1.0311975479125977
3260,9,284,1.1032315492630005
3261,9,285,1.1838088035583496
3262,9,286,1.084423303604126
3263,9,287,1.054587960243225
3264,9,288,1.0358202457427979
3265,9,289,1.1075310707092285
3266,9,290,1.056349754333496
3267,9,291,1.0995700359344482
3268,9,292,1.0498217344284058
3269,9,293,1.071043610572815
3270,9,294,1.020626187324524
3271,9,295,1.0155460834503174
3272,9,296,1.1462069749832153
3273,9,297,1.0435960292816162
3274,9,298,1.0795981884002686
3275,9,299,1.076223373413086
3276,9,300,1.1204746961593628
3277,9,301,1.0172781944274902
3278,9,302,1.0296080112457275
3279,9,303,1.0788153409957886
3280,9,304,1.0455780029296875
3281,9,305,1.1270625591278076
3282,9,306,1.0218580961227417
3283,9,307,1.058173418045044
3284,9,308,1.0333422422409058
3285,9,309,1.2556579113006592
3286,9,310,1.0565674304962158
3287,9,311,1.080134391784668
3288,9,312,1.1006460189819336
3289,9,313,1.0786128044128418
3290,9,314,1.0890828371047974
3291,9,315,1.0201913118362427
3292,9,316,1.0450999736785889
3293,9,317,1.0726754665374756
3294,9,318,1.0577095746994019
3295,9,319,1.0818610191345215
3296,9,320,1.0671982765197754
3297,9,321,1.0545064210891724
3298,9,322,1.034341812133789
3299,9,323,1.0389527082443237
3300,9,324,1.0329053401947021
3301,9,325,0.9914976358413696
3302,9,326,1.0305999517440796
3303,9,327,0.9964205026626587
3304,9,328,0.9736851453781128
3305,9,329,1.0639601945877075
3306,9,330,1.069791316986084
3307,9,331,1.1036264896392822
3308,9,332,1.0437510013580322
3309,9,333,1.0477378368377686
3310,9,334,1.1742604970932007
3311,9,335,1.0106024742126465
3312,9,336,1.0088350772857666
3313,9,337,1.0173442363739014
3314,9,338,1.1109287738800049
3315,9,339,1.0859700441360474
3316,9,340,1.0294698476791382
3317,9,341,1.0600824356079102
3318,9,342,1.0644358396530151
3319,9,343,1.0560592412948608
3320,9,344,1.0694220066070557
3321,9,345,1.0192186832427979
3322,9,346,1.18952214717865
3323,9,347,1.046662449836731
3324,9,348,1.0606530904769897
3325,9,349,0.9947352409362793
3326,9,350,1.0200293064117432
3327,9,351,1.0331788063049316
3328,9,352,1.0856682062149048
3329,9,353,1.0462087392807007
3330,9,354,1.0276374816894531
3331,9,355,1.1102720499038696
3332,9,356,1.0498666763305664
3333,9,357,1.0466556549072266
3334,9,358,1.0101017951965332
3335,9,359,1.086719036102295
3336,9,360,1.033937692642212
3337,9,361,1.0352247953414917
3338,9,362,0.9997721910476685
3339,9,363,1.0239479541778564
3340,9,364,1.0036121606826782
3341,9,365,0.9973163604736328
3342,9,366,1.0514421463012695
3343,9,367,1.0322763919830322
3344,9,368,1.0364116430282593
3345,9,369,1.093151330947876
3346,9,370,1.1116639375686646
3347,9,371,1.0492624044418335
3348,9,372,1.0540865659713745
3349,10,1,1.0501971244812012
3350,10,2,1.0429177284240723
3351,10,3,1.0929782390594482
3352,10,4,1.0492199659347534
3353,10,5,0.9863640069961548
3354,10,6,1.1975151300430298
3355,10,7,1.0255773067474365
3356,10,8,1.0184568166732788
3357,10,9,1.0323584079742432
3358,10,10,0.9818477630615234
3359,10,11,1.0110855102539062
3360,10,12,1.0254905223846436
3361,10,13,0.9820073843002319
3362,10,14,1.0293043851852417
3363,10,15,1.0264631509780884
3364,10,16,1.0265324115753174
3365,10,17,1.0173871517181396
3366,10,18,1.0679223537445068
3367,10,19,1.008773684501648
3368,10,20,1.0847313404083252
3369,10,21,0.9918375015258789
3370,10,22,1.0632903575897217
3371,10,23,1.0121546983718872
3372,10,24,1.010486364364624
3373,10,25,1.0233418941497803
3374,10,26,1.1037542819976807
3375,10,27,1.0673125982284546
3376,10,28,1.0529683828353882
3377,10,29,1.037747859954834
3378,10,30,1.041579008102417
3379,10,31,1.057729721069336
3380,10,32,1.037601351737976
3381,10,33,1.050585150718689
3382,10,34,1.0173946619033813
3383,10,35,1.0137848854064941
3384,10,36,1.0149115324020386
3385,10,37,0.9873296618461609
3386,10,38,1.0422111749649048
3387,10,39,1.0035765171051025
3388,10,40,1.1161068677902222
3389,10,41,1.0269460678100586
3390,10,42,1.01729416847229
3391,10,43,1.0598331689834595
3392,10,44,0.9854086637496948
3393,10,45,1.0418568849563599
3394,10,46,1.0258148908615112
3395,10,47,1.0352531671524048
3396,10,48,0.9958645701408386
3397,10,49,1.0365335941314697
3398,10,50,1.0854852199554443
3399,10,51,1.065018653869629
3400,10,52,1.0387637615203857
3401,10,53,1.0226423740386963
3402,10,54,1.0193407535552979
3403,10,55,1.0146923065185547
3404,10,56,0.9903422594070435
3405,10,57,1.0117886066436768
3406,10,58,0.9875466227531433
3407,10,59,1.0155954360961914
3408,10,60,1.06431245803833
3409,10,61,1.0449764728546143
3410,10,62,1.1043058633804321
3411,10,63,1.0891234874725342
3412,10,64,0.9917933344841003
3413,10,65,1.0611793994903564
3414,10,66,0.997072696685791
3415,10,67,1.0063376426696777
3416,10,68,0.9725160598754883
3417,10,69,0.9931138753890991
3418,10,70,1.007936716079712
3419,10,71,1.0336132049560547
3420,10,72,1.0029516220092773
3421,10,73,1.023789405822754
3422,10,74,1.2128198146820068
3423,10,75,0.9925735592842102
3424,10,76,1.0075092315673828
3425,10,77,0.9927573204040527
3426,10,78,0.9956022500991821
3427,10,79,1.0247879028320312
3428,10,80,1.0204826593399048
3429,10,81,0.9988632202148438
3430,10,82,1.0477972030639648
3431,10,83,1.039017915725708
3432,10,84,0.9847949743270874
3433,10,85,0.9800252914428711
3434,10,86,0.9907711744308472
3435,10,87,0.9547532796859741
3436,10,88,1.0588405132293701
3437,10,89,0.9813156127929688
3438,10,90,1.023598074913025
3439,10,91,1.0000953674316406
3440,10,92,0.9858249425888062
3441,10,93,0.96868896484375
3442,10,94,1.0116515159606934
3443,10,95,1.009950876235962
3444,10,96,0.9638517498970032
3445,10,97,1.0800461769104004
3446,10,98,1.0014445781707764
3447,10,99,0.9840198755264282
3448,10,100,0.9462510943412781
3449,10,101,1.0571658611297607
3450,10,102,1.033886432647705
3451,10,103,1.0489503145217896
3452,10,104,0.9985200762748718
3453,10,105,0.9672297239303589
3454,10,106,0.970319926738739
3455,10,107,1.004738211631775
3456,10,108,0.9631537199020386
3457,10,109,1.0128482580184937
3458,10,110,1.010150671005249
3459,10,111,1.0998399257659912
3460,10,112,1.0099543333053589
3461,10,113,0.9774367213249207
3462,10,114,1.0754921436309814
3463,10,115,0.9959959983825684
3464,10,116,1.069432258605957
3465,10,117,1.0147626399993896
3466,10,118,1.0289312601089478
3467,10,119,0.929329514503479
3468,10,120,1.0174981355667114
3469,10,121,0.9975935220718384
3470,10,122,1.0007874965667725
3471,10,123,1.008480429649353
3472,10,124,1.041155457496643
3473,10,125,0.9855448603630066
3474,10,126,1.0187925100326538
3475,10,127,0.9889563322067261
3476,10,128,1.0142139196395874
3477,10,129,0.9679703712463379
3478,10,130,0.960180401802063
3479,10,131,0.9791442155838013
3480,10,132,0.9807721972465515
3481,10,133,1.0280195474624634
3482,10,134,0.9627630114555359
3483,10,135,0.9946534037590027
3484,10,136,0.995498776435852
3485,10,137,1.0076156854629517
3486,10,138,1.008219838142395
3487,10,139,1.01444673538208
3488,10,140,0.9967972636222839
3489,10,141,1.053123116493225
3490,10,142,1.0482017993927002
3491,10,143,0.9664177894592285
3492,10,144,0.9607370495796204
3493,10,145,1.0302753448486328
3494,10,146,0.9908830523490906
3495,10,147,1.058151364326477
3496,10,148,1.027748703956604
3497,10,149,0.9804964065551758
3498,10,150,0.9971871376037598
3499,10,151,0.9973962903022766
3500,10,152,0.9750493764877319
3501,10,153,0.9696462750434875
3502,10,154,1.0054563283920288
3503,10,155,0.9493972659111023
3504,10,156,0.9623094797134399
3505,10,157,1.0265041589736938
3506,10,158,1.0068756341934204
3507,10,159,1.0119588375091553
3508,10,160,0.9523234367370605
3509,10,161,1.0326354503631592
3510,10,162,0.9608621597290039
3511,10,163,0.9832261800765991
3512,10,164,0.9825531244277954
3513,10,165,1.0379700660705566
3514,10,166,0.9546516537666321
3515,10,167,1.0374163389205933
3516,10,168,1.0355855226516724
3517,10,169,1.008705496788025
3518,10,170,1.0411860942840576
3519,10,171,0.9987338185310364
3520,10,172,0.9707084894180298
3521,10,173,1.0380680561065674
3522,10,174,0.9536229372024536
3523,10,175,1.068213701248169
3524,10,176,0.9644009470939636
3525,10,177,1.0520861148834229
3526,10,178,0.9896451830863953
3527,10,179,1.0315874814987183
3528,10,180,0.923183798789978
3529,10,181,1.0100241899490356
3530,10,182,0.9836681485176086
3531,10,183,1.00516676902771
3532,10,184,1.0212461948394775
3533,10,185,1.000125527381897
3534,10,186,1.0309526920318604
3535,10,187,1.0141541957855225
3536,10,188,1.054520606994629
3537,10,189,1.0269203186035156
3538,10,190,0.959388256072998
3539,10,191,0.9975548982620239
3540,10,192,1.0808210372924805
3541,10,193,0.9742644429206848
3542,10,194,1.0121806859970093
3543,10,195,1.0196645259857178
3544,10,196,0.9706932902336121
3545,10,197,0.9281226992607117
3546,10,198,0.9599947929382324
3547,10,199,0.9546505212783813
3548,10,200,1.1803765296936035
3549,10,201,0.9243017435073853
3550,10,202,0.9870147705078125
3551,10,203,1.018913984298706
3552,10,204,1.1118879318237305
3553,10,205,0.9670644998550415
3554,10,206,0.9287737607955933
3555,10,207,0.9415948987007141
3556,10,208,1.0256985425949097
3557,10,209,1.0146384239196777
3558,10,210,1.0043766498565674
3559,10,211,0.9972137212753296
3560,10,212,1.0370190143585205
3561,10,213,0.9816535115242004
3562,10,214,1.009324312210083
3563,10,215,0.9870620965957642
3564,10,216,1.0294432640075684
3565,10,217,1.0426994562149048
3566,10,218,0.9816052317619324
3567,10,219,0.9920138120651245
3568,10,220,0.9737733006477356
3569,10,221,1.0077484846115112
3570,10,222,1.0114432573318481
3571,10,223,0.962586522102356
3572,10,224,1.0000874996185303
3573,10,225,0.9935503005981445
3574,10,226,1.0613226890563965
3575,10,227,0.9518988728523254
3576,10,228,1.0430196523666382
3577,10,229,0.9305671453475952
3578,10,230,1.0128663778305054
3579,10,231,0.9528874158859253
3580,10,232,0.9982151985168457
3581,10,233,0.9911665916442871
3582,10,234,0.9471815228462219
3583,10,235,0.962913990020752
3584,10,236,1.1194978952407837
3585,10,237,0.948580265045166
3586,10,238,0.9487576484680176
3587,10,239,0.9494726061820984
3588,10,240,1.0986400842666626
3589,10,241,0.9892107248306274
3590,10,242,1.0080218315124512
3591,10,243,0.9481619000434875
3592,10,244,1.0311568975448608
3593,10,245,0.9210954904556274
3594,10,246,0.9766589999198914
3595,10,247,1.0488159656524658
3596,10,248,0.9410468339920044
3597,10,249,0.9779106378555298
3598,10,250,0.9834102392196655
3599,10,251,1.00618314743042
3600,10,252,1.0494388341903687
3601,10,253,0.9920365214347839
3602,10,254,0.9772505760192871
3603,10,255,1.0785045623779297
3604,10,256,1.0656694173812866
3605,10,257,0.9510987997055054
3606,10,258,0.9496167302131653
3607,10,259,1.0174342393875122
3608,10,260,1.0814900398254395
3609,10,261,0.9557587504386902
3610,10,262,0.91973876953125
3611,10,263,1.0480817556381226
3612,10,264,1.12692129611969
3613,10,265,0.9611585736274719
3614,10,266,0.9808128476142883
3615,10,267,1.0060606002807617
3616,10,268,0.9750908613204956
3617,10,269,1.0066617727279663
3618,10,270,0.9634239077568054
3619,10,271,0.9600369334220886
3620,10,272,0.9269789457321167
3621,10,273,1.0354485511779785
3622,10,274,1.0112076997756958
3623,10,275,0.9891643524169922
3624,10,276,0.9774378538131714
3625,10,277,0.9897089004516602
3626,10,278,0.8990087509155273
3627,10,279,0.9933153390884399
3628,10,280,0.9742549657821655
3629,10,281,0.9699645042419434
3630,10,282,0.9540530443191528
3631,10,283,0.9764323234558105
3632,10,284,0.9532265663146973
3633,10,285,0.9893959164619446
3634,10,286,1.0042974948883057
3635,10,287,0.9632148742675781
3636,10,288,0.9694511294364929
3637,10,289,0.9655799865722656
3638,10,290,0.9839860200881958
3639,10,291,0.9455612897872925
3640,10,292,1.0205729007720947
3641,10,293,0.9772768020629883
3642,10,294,1.0229383707046509
3643,10,295,1.0022737979888916
3644,10,296,0.9674326777458191
3645,10,297,0.9927260279655457
3646,10,298,1.027286171913147
3647,10,299,0.9882616996765137
3648,10,300,0.9674739837646484
3649,10,301,0.9647881388664246
3650,10,302,0.9630830883979797
3651,10,303,1.0114004611968994
3652,10,304,1.0114424228668213
3653,10,305,0.9448944926261902
3654,10,306,0.9333662986755371
3655,10,307,1.0291895866394043
3656,10,308,0.9405349493026733
3657,10,309,0.9528970718383789
3658,10,310,1.0249874591827393
3659,10,311,0.95660001039505
3660,10,312,0.9578256607055664
3661,10,313,0.9559911489486694
3662,10,314,0.9295679926872253
3663,10,315,0.952098548412323
3664,10,316,0.998580813407898
3665,10,317,1.0343204736709595
3666,10,318,0.9791727066040039
3667,10,319,0.9098814129829407
3668,10,320,0.956924319267273
3669,10,321,0.9551831483840942
3670,10,322,0.9766033291816711
3671,10,323,1.0048024654388428
3672,10,324,0.8882738947868347
3673,10,325,0.9231292605400085
3674,10,326,0.9735536575317383
3675,10,327,1.1256922483444214
3676,10,328,0.9852746725082397
3677,10,329,0.9463836550712585
3678,10,330,0.9189492464065552
3679,10,331,0.9605356454849243
3680,10,332,0.9343209266662598
3681,10,333,0.9643797874450684
3682,10,334,0.921853244304657
3683,10,335,0.9384384155273438
3684,10,336,0.920941174030304
3685,10,337,0.9665568470954895
3686,10,338,1.0029144287109375
3687,10,339,1.0530937910079956
3688,10,340,0.9485538601875305
3689,10,341,1.145672082901001
3690,10,342,1.0074546337127686
3691,10,343,0.92375248670578
3692,10,344,0.9279810786247253
3693,10,345,0.9319270849227905
3694,10,346,0.9851212501525879
3695,10,347,0.9100284576416016
3696,10,348,0.9459986686706543
3697,10,349,0.9792996644973755
3698,10,350,0.9650955200195312
3699,10,351,0.9365783929824829
3700,10,352,0.9525412321090698
3701,10,353,0.9428316354751587
3702,10,354,0.9291019439697266
3703,10,355,0.9566987752914429
3704,10,356,0.9489908218383789
3705,10,357,0.914444088935852
3706,10,358,1.0453790426254272
3707,10,359,0.9391019940376282
3708,10,360,0.9305389523506165
3709,10,361,0.9659382700920105
3710,10,362,0.9749265909194946
3711,10,363,0.9702666997909546
3712,10,364,1.0994408130645752
3713,10,365,0.924379825592041
3714,10,366,0.9195159673690796
3715,10,367,0.9912976026535034
3716,10,368,0.9461722373962402
3717,10,369,1.0689464807510376
3718,10,370,1.0058244466781616
3719,10,371,0.9342230558395386
3720,10,372,0.9484097957611084
