global_step,epoch,batch,train_loss
1,1,1,3.2908241748809814
2,1,2,3.215597152709961
3,1,3,3.1686549186706543
4,1,4,3.1143879890441895
5,1,5,3.1161534786224365
6,1,6,3.1372230052948
7,1,7,3.0196995735168457
8,1,8,2.979706048965454
9,1,9,2.9725260734558105
10,1,10,2.8870506286621094
11,1,11,2.907390594482422
12,1,12,2.8726062774658203
13,1,13,2.7939255237579346
14,1,14,2.811880350112915
15,1,15,2.7722408771514893
16,1,16,2.803277015686035
17,1,17,2.7368149757385254
18,1,18,2.707534074783325
19,1,19,2.6869728565216064
20,1,20,2.679715394973755
21,1,21,2.7048704624176025
22,1,22,2.6629955768585205
23,1,23,2.6425483226776123
24,1,24,2.5946943759918213
25,1,25,2.6989593505859375
26,1,26,2.6444830894470215
27,1,27,2.5855326652526855
28,1,28,2.5226447582244873
29,1,29,2.5721206665039062
30,1,30,2.555332899093628
31,1,31,2.604421615600586
32,1,32,2.500746011734009
33,1,33,2.494507312774658
34,1,34,2.546144962310791
35,1,35,2.4754257202148438
36,1,36,2.454655170440674
37,1,37,2.4708752632141113
38,1,38,2.4786744117736816
39,1,39,2.417428493499756
40,1,40,2.46941876411438
41,1,41,2.5425007343292236
42,1,42,2.422269582748413
43,1,43,2.4806716442108154
44,1,44,2.4024994373321533
45,1,45,2.4874460697174072
46,1,46,2.3920133113861084
47,1,47,2.3701226711273193
48,1,48,2.381178617477417
49,1,49,2.303917407989502
50,1,50,2.3736064434051514
51,1,51,2.3698220252990723
52,1,52,2.4405083656311035
53,1,53,2.4076452255249023
54,1,54,2.3288090229034424
55,1,55,2.4217476844787598
56,1,56,2.398120403289795
57,1,57,2.3902058601379395
58,1,58,2.2889676094055176
59,1,59,2.3575174808502197
60,1,60,2.3105101585388184
61,1,61,2.2828080654144287
62,1,62,2.4372808933258057
63,1,63,2.2460601329803467
64,1,64,2.347825765609741
65,1,65,2.354557991027832
66,1,66,2.2676873207092285
67,1,67,2.2191569805145264
68,1,68,2.297313690185547
69,1,69,2.2822365760803223
70,1,70,2.232152223587036
71,1,71,2.255878448486328
72,1,72,2.2554311752319336
73,1,73,2.393287181854248
74,1,74,2.1890294551849365
75,1,75,2.187761068344116
76,1,76,2.255192279815674
77,1,77,2.229612112045288
78,1,78,2.2596354484558105
79,1,79,2.2559866905212402
80,1,80,2.230133533477783
81,1,81,2.271491765975952
82,1,82,2.2060656547546387
83,1,83,2.2022271156311035
84,1,84,2.1424782276153564
85,1,85,2.2150981426239014
86,1,86,2.22890043258667
87,1,87,2.1708288192749023
88,1,88,2.1726293563842773
89,1,89,2.1789934635162354
90,1,90,2.1601104736328125
91,1,91,2.1136536598205566
92,1,92,2.2176308631896973
93,1,93,2.1676132678985596
94,1,94,2.1546075344085693
95,1,95,2.188901424407959
96,1,96,2.097708225250244
97,1,97,2.261324882507324
98,1,98,2.1382670402526855
99,1,99,2.1496388912200928
100,1,100,2.1739182472229004
101,1,101,2.143317699432373
102,1,102,2.14408278465271
103,1,103,2.1180806159973145
104,1,104,2.1803078651428223
105,1,105,2.127732753753662
106,1,106,2.0667879581451416
107,1,107,2.1459176540374756
108,1,108,2.1183316707611084
109,1,109,2.143585443496704
110,1,110,2.0936102867126465
111,1,111,2.067176342010498
112,1,112,2.216325283050537
113,1,113,2.051058053970337
114,1,114,2.1226282119750977
115,1,115,2.041586399078369
116,1,116,2.1820340156555176
117,1,117,2.1448888778686523
118,1,118,2.168403148651123
119,1,119,2.1379551887512207
120,1,120,2.1293435096740723
121,1,121,2.0422375202178955
122,1,122,2.0389695167541504
123,1,123,2.1229166984558105
124,1,124,2.070319890975952
125,1,125,2.01826810836792
126,1,126,2.1113061904907227
127,1,127,2.151355266571045
128,1,128,2.0437214374542236
129,1,129,2.2268290519714355
130,1,130,2.048098087310791
131,1,131,2.1438040733337402
132,1,132,2.0880987644195557
133,1,133,2.1066341400146484
134,1,134,2.0974979400634766
135,1,135,2.1109938621520996
136,1,136,2.0284781455993652
137,1,137,2.064030408859253
138,1,138,2.1170220375061035
139,1,139,2.073530912399292
140,1,140,2.094822883605957
141,1,141,1.98201584815979
142,1,142,2.072762966156006
143,1,143,2.05438232421875
144,1,144,2.0067877769470215
145,1,145,2.082688093185425
146,1,146,2.052442789077759
147,1,147,2.0679030418395996
148,1,148,2.0362467765808105
149,1,149,2.010340690612793
150,1,150,2.047952175140381
151,1,151,1.9339008331298828
152,1,152,1.977758765220642
153,1,153,2.0821750164031982
154,1,154,2.003927230834961
155,1,155,2.0738861560821533
156,1,156,2.122321128845215
157,1,157,2.030198574066162
158,1,158,1.970475435256958
159,1,159,2.008476972579956
160,1,160,2.1630301475524902
161,1,161,2.0520660877227783
162,1,162,2.032318353652954
163,1,163,2.0351548194885254
164,1,164,2.0184426307678223
165,1,165,2.043501615524292
166,1,166,2.033320188522339
167,1,167,1.9837226867675781
168,1,168,2.005429267883301
169,1,169,1.961639165878296
170,1,170,2.018576145172119
171,1,171,2.0660603046417236
172,1,172,1.9726769924163818
173,1,173,2.002365827560425
174,1,174,1.9779393672943115
175,1,175,1.9986785650253296
176,1,176,1.9843742847442627
177,1,177,1.9520576000213623
178,1,178,1.9892551898956299
179,1,179,1.9956998825073242
180,1,180,1.96714186668396
181,1,181,1.9355663061141968
182,1,182,1.9621641635894775
183,1,183,1.9573156833648682
184,1,184,1.9575088024139404
185,1,185,1.9743404388427734
186,1,186,1.9473445415496826
187,1,187,2.0257136821746826
188,1,188,1.975942850112915
189,1,189,1.9507808685302734
190,1,190,1.9797155857086182
191,1,191,1.9113028049468994
192,1,192,1.9750854969024658
193,1,193,1.99489426612854
194,1,194,2.1045002937316895
195,1,195,2.008697032928467
196,1,196,1.9324897527694702
197,1,197,1.9553629159927368
198,1,198,1.9852724075317383
199,1,199,1.950069785118103
200,1,200,1.9207565784454346
201,1,201,1.9761073589324951
202,1,202,1.9566837549209595
203,1,203,1.9414966106414795
204,1,204,1.9839693307876587
205,1,205,1.9668985605239868
206,1,206,1.9638736248016357
207,1,207,2.1096835136413574
208,1,208,1.9446508884429932
209,1,209,1.9222246408462524
210,1,210,1.8742954730987549
211,1,211,1.9467958211898804
212,1,212,1.942567229270935
213,1,213,1.8794639110565186
214,1,214,1.932053565979004
215,1,215,1.8681825399398804
216,1,216,1.9029871225357056
217,1,217,1.953851342201233
218,1,218,1.8695443868637085
219,1,219,1.9268770217895508
220,1,220,2.0009632110595703
221,1,221,1.9297559261322021
222,1,222,1.8655401468276978
223,1,223,1.9287431240081787
224,1,224,1.8643913269042969
225,1,225,2.120452404022217
226,1,226,1.9044710397720337
227,1,227,2.0249481201171875
228,1,228,1.906567931175232
229,1,229,1.9584991931915283
230,1,230,1.974887490272522
231,1,231,1.8391227722167969
232,1,232,1.9742225408554077
233,1,233,1.9188511371612549
234,1,234,1.8844703435897827
235,1,235,1.9566256999969482
236,1,236,1.8910528421401978
237,1,237,1.896074652671814
238,1,238,1.861586332321167
239,1,239,1.965369462966919
240,1,240,1.8686504364013672
241,1,241,1.9734728336334229
242,1,242,1.8411190509796143
243,1,243,1.8758949041366577
244,1,244,1.8859527111053467
245,1,245,1.8258174657821655
246,1,246,1.8665748834609985
247,1,247,1.8342382907867432
248,1,248,1.9065172672271729
249,1,249,1.8252378702163696
250,1,250,1.8646764755249023
251,1,251,1.9021583795547485
252,1,252,1.8579730987548828
253,1,253,1.9039459228515625
254,1,254,1.847963571548462
255,1,255,1.859069585800171
256,1,256,1.8073562383651733
257,1,257,1.9047985076904297
258,1,258,1.883440375328064
259,1,259,1.8980735540390015
260,1,260,1.8633524179458618
261,1,261,1.846290946006775
262,1,262,1.8736175298690796
263,1,263,1.8435052633285522
264,1,264,1.8150821924209595
265,1,265,1.8272497653961182
266,1,266,1.9009897708892822
267,1,267,1.8774356842041016
268,1,268,1.8612343072891235
269,1,269,1.8277416229248047
270,1,270,1.8138587474822998
271,1,271,1.8323177099227905
272,1,272,1.8782837390899658
273,1,273,1.8942413330078125
274,1,274,1.8129488229751587
275,1,275,1.7709190845489502
276,1,276,1.8455575704574585
277,1,277,1.810021162033081
278,1,278,1.8094733953475952
279,1,279,1.937692642211914
280,1,280,1.7947866916656494
281,1,281,1.8816429376602173
282,1,282,1.8529691696166992
283,1,283,1.8396174907684326
284,1,284,1.8764898777008057
285,1,285,1.8285211324691772
286,1,286,1.794420838356018
287,1,287,1.7793076038360596
288,1,288,1.852232575416565
289,1,289,1.8902361392974854
290,1,290,1.91379714012146
291,1,291,1.8332436084747314
292,1,292,1.8432796001434326
293,1,293,1.8483930826187134
294,1,294,1.840453863143921
295,1,295,1.8105300664901733
296,1,296,1.8732982873916626
297,1,297,1.782960295677185
298,1,298,1.8322782516479492
299,1,299,1.8507030010223389
300,1,300,1.8170549869537354
301,1,301,1.731454849243164
302,1,302,1.853982925415039
303,1,303,1.850093126296997
304,1,304,1.8341100215911865
305,1,305,1.8178600072860718
306,1,306,1.7376282215118408
307,1,307,1.764147162437439
308,1,308,1.848473310470581
309,1,309,1.8684632778167725
310,1,310,1.8160827159881592
311,1,311,1.8256886005401611
312,1,312,1.7857974767684937
313,1,313,1.8093855381011963
314,1,314,1.8059673309326172
315,1,315,1.812286138534546
316,1,316,1.7951276302337646
317,1,317,1.7916854619979858
318,1,318,1.8155628442764282
319,1,319,1.8146917819976807
320,1,320,1.7549159526824951
321,1,321,1.8142030239105225
322,1,322,1.8393218517303467
323,1,323,1.7870635986328125
324,1,324,1.8616355657577515
325,1,325,1.7709089517593384
326,1,326,1.7462234497070312
327,1,327,1.7920424938201904
328,1,328,1.9653584957122803
329,1,329,1.774519681930542
330,1,330,1.7906938791275024
331,1,331,1.7900536060333252
332,1,332,1.7710297107696533
333,1,333,1.7861824035644531
334,1,334,1.763216257095337
335,1,335,1.7274949550628662
336,1,336,1.823219895362854
337,1,337,1.8428558111190796
338,1,338,1.8020555973052979
339,1,339,1.9342880249023438
340,1,340,1.738067865371704
341,1,341,1.8038734197616577
342,1,342,1.7802938222885132
343,1,343,1.7783191204071045
344,1,344,1.7823280096054077
345,1,345,1.759865164756775
346,1,346,1.697763442993164
347,1,347,1.8228867053985596
348,1,348,1.7570558786392212
349,1,349,1.7938175201416016
350,1,350,1.7537896633148193
351,1,351,1.6829917430877686
352,1,352,1.7870995998382568
353,1,353,1.775622010231018
354,1,354,1.7489979267120361
355,1,355,1.8919517993927002
356,1,356,1.739721655845642
357,1,357,1.7613271474838257
358,1,358,1.8037292957305908
359,1,359,1.7018940448760986
360,1,360,1.7655633687973022
361,1,361,1.7083600759506226
362,1,362,1.748849868774414
363,1,363,1.7202317714691162
364,1,364,1.8559554815292358
365,1,365,1.8002675771713257
366,1,366,1.7497087717056274
367,1,367,1.7215983867645264
368,1,368,1.6595243215560913
369,1,369,1.7330780029296875
370,1,370,1.735741376876831
371,1,371,1.735386610031128
372,1,372,1.8505394458770752
373,2,1,1.7639415264129639
374,2,2,1.707679033279419
375,2,3,1.669992208480835
376,2,4,1.6766588687896729
377,2,5,1.6570236682891846
378,2,6,1.689779281616211
379,2,7,1.6513922214508057
380,2,8,1.7931318283081055
381,2,9,1.6697078943252563
382,2,10,1.7401809692382812
383,2,11,1.7277454137802124
384,2,12,1.7301676273345947
385,2,13,1.7249763011932373
386,2,14,1.6968141794204712
387,2,15,1.740494966506958
388,2,16,1.6989860534667969
389,2,17,1.676053762435913
390,2,18,1.7177919149398804
391,2,19,1.7196487188339233
392,2,20,1.8677581548690796
393,2,21,1.6943938732147217
394,2,22,1.6760419607162476
395,2,23,1.7189960479736328
396,2,24,1.7905919551849365
397,2,25,1.7388932704925537
398,2,26,1.6942806243896484
399,2,27,1.7188456058502197
400,2,28,1.6911447048187256
401,2,29,1.6696844100952148
402,2,30,1.6591012477874756
403,2,31,1.7218952178955078
404,2,32,1.675774335861206
405,2,33,1.6932823657989502
406,2,34,1.6869361400604248
407,2,35,1.7046635150909424
408,2,36,1.6745808124542236
409,2,37,1.6513690948486328
410,2,38,1.7355362176895142
411,2,39,1.684138536453247
412,2,40,1.7155036926269531
413,2,41,1.7140671014785767
414,2,42,1.7159963846206665
415,2,43,1.7200065851211548
416,2,44,1.6280395984649658
417,2,45,1.6635888814926147
418,2,46,1.6245882511138916
419,2,47,1.6661752462387085
420,2,48,1.6215606927871704
421,2,49,1.585478663444519
422,2,50,1.662845253944397
423,2,51,1.6351722478866577
424,2,52,1.7119934558868408
425,2,53,1.7310750484466553
426,2,54,1.6465299129486084
427,2,55,1.6469008922576904
428,2,56,1.6604124307632446
429,2,57,1.6962181329727173
430,2,58,1.6738191843032837
431,2,59,1.7148784399032593
432,2,60,1.7016286849975586
433,2,61,1.70686936378479
434,2,62,1.6116727590560913
435,2,63,1.6732650995254517
436,2,64,1.6934518814086914
437,2,65,1.7020909786224365
438,2,66,1.7010551691055298
439,2,67,1.643627405166626
440,2,68,1.6782991886138916
441,2,69,1.65152907371521
442,2,70,1.666016936302185
443,2,71,1.6749404668807983
444,2,72,1.6051979064941406
445,2,73,1.6702998876571655
446,2,74,1.6202198266983032
447,2,75,1.6671764850616455
448,2,76,1.5913245677947998
449,2,77,1.6538450717926025
450,2,78,1.7197065353393555
451,2,79,1.6139047145843506
452,2,80,1.645656943321228
453,2,81,1.8380578756332397
454,2,82,1.6290210485458374
455,2,83,1.6080081462860107
456,2,84,1.5982229709625244
457,2,85,1.6235601902008057
458,2,86,1.7055736780166626
459,2,87,1.566768765449524
460,2,88,1.6296167373657227
461,2,89,1.6828653812408447
462,2,90,1.66001296043396
463,2,91,1.641196846961975
464,2,92,1.679735541343689
465,2,93,1.6207643747329712
466,2,94,1.6976511478424072
467,2,95,1.6401475667953491
468,2,96,1.57060706615448
469,2,97,1.6142513751983643
470,2,98,1.623133659362793
471,2,99,1.6928598880767822
472,2,100,1.6159532070159912
473,2,101,1.5691319704055786
474,2,102,1.643949270248413
475,2,103,1.595031499862671
476,2,104,1.6324392557144165
477,2,105,1.7466121912002563
478,2,106,1.6348540782928467
479,2,107,1.6349149942398071
480,2,108,1.6812543869018555
481,2,109,1.5697616338729858
482,2,110,1.5971157550811768
483,2,111,1.5839320421218872
484,2,112,1.6398541927337646
485,2,113,1.5641200542449951
486,2,114,1.59818696975708
487,2,115,1.6209968328475952
488,2,116,1.6101030111312866
489,2,117,1.5790477991104126
490,2,118,1.5893994569778442
491,2,119,1.6192213296890259
492,2,120,1.58311128616333
493,2,121,1.5878303050994873
494,2,122,1.6404669284820557
495,2,123,1.5744044780731201
496,2,124,1.5984134674072266
497,2,125,1.5381518602371216
498,2,126,1.601003646850586
499,2,127,1.5742340087890625
500,2,128,1.5634487867355347
501,2,129,1.6376492977142334
502,2,130,1.5998475551605225
503,2,131,1.6109333038330078
504,2,132,1.5895675420761108
505,2,133,1.5781224966049194
506,2,134,1.7162994146347046
507,2,135,1.647623062133789
508,2,136,1.6329301595687866
509,2,137,1.6050382852554321
510,2,138,1.549509882926941
511,2,139,1.5712090730667114
512,2,140,1.5111006498336792
513,2,141,1.6127210855484009
514,2,142,1.6500895023345947
515,2,143,1.6262130737304688
516,2,144,1.642639398574829
517,2,145,1.582144856452942
518,2,146,1.5725749731063843
519,2,147,1.5735070705413818
520,2,148,1.6230623722076416
521,2,149,1.5846874713897705
522,2,150,1.5252304077148438
523,2,151,1.5800576210021973
524,2,152,1.4962270259857178
525,2,153,1.5544039011001587
526,2,154,1.720489740371704
527,2,155,1.5533311367034912
528,2,156,1.6060596704483032
529,2,157,1.5132639408111572
530,2,158,1.5555675029754639
531,2,159,1.59633469581604
532,2,160,1.5900259017944336
533,2,161,1.645268440246582
534,2,162,1.4803979396820068
535,2,163,1.4984240531921387
536,2,164,1.5966498851776123
537,2,165,1.7180837392807007
538,2,166,1.540302038192749
539,2,167,1.6350934505462646
540,2,168,1.5155471563339233
541,2,169,1.5597894191741943
542,2,170,1.5614961385726929
543,2,171,1.5530359745025635
544,2,172,1.495989441871643
545,2,173,1.5161455869674683
546,2,174,1.588669776916504
547,2,175,1.562652826309204
548,2,176,1.5132607221603394
549,2,177,1.5532444715499878
550,2,178,1.5871561765670776
551,2,179,1.5636389255523682
552,2,180,1.5711719989776611
553,2,181,1.6818956136703491
554,2,182,1.557947039604187
555,2,183,1.53190016746521
556,2,184,1.516323447227478
557,2,185,1.6009219884872437
558,2,186,1.7175754308700562
559,2,187,1.5672671794891357
560,2,188,1.482530951499939
561,2,189,1.4851433038711548
562,2,190,1.549375295639038
563,2,191,1.583020567893982
564,2,192,1.520735263824463
565,2,193,1.584223985671997
566,2,194,1.5622648000717163
567,2,195,1.6163495779037476
568,2,196,1.5538291931152344
569,2,197,1.6493736505508423
570,2,198,1.619567632675171
571,2,199,1.562747597694397
572,2,200,1.4687504768371582
573,2,201,1.5696642398834229
574,2,202,1.527343988418579
575,2,203,1.5453695058822632
576,2,204,1.4800865650177002
577,2,205,1.5276858806610107
578,2,206,1.5611584186553955
579,2,207,1.499045729637146
580,2,208,1.6063578128814697
581,2,209,1.5479706525802612
582,2,210,1.575634241104126
583,2,211,1.510058045387268
584,2,212,1.5109695196151733
585,2,213,1.495137333869934
586,2,214,1.522934079170227
587,2,215,1.517742395401001
588,2,216,1.4927153587341309
589,2,217,1.478883981704712
590,2,218,1.556473731994629
591,2,219,1.5298388004302979
592,2,220,1.5327088832855225
593,2,221,1.5048476457595825
594,2,222,1.5008742809295654
595,2,223,1.4540895223617554
596,2,224,1.6873981952667236
597,2,225,1.6031023263931274
598,2,226,1.571257472038269
599,2,227,1.4783469438552856
600,2,228,1.5373077392578125
601,2,229,1.4946569204330444
602,2,230,1.5550457239151
603,2,231,1.4824988842010498
604,2,232,1.4754307270050049
605,2,233,1.4731382131576538
606,2,234,1.564836859703064
607,2,235,1.4728652238845825
608,2,236,1.4804894924163818
609,2,237,1.4647505283355713
610,2,238,1.4532376527786255
611,2,239,1.4777436256408691
612,2,240,1.558752179145813
613,2,241,1.4538179636001587
614,2,242,1.4631246328353882
615,2,243,1.545482873916626
616,2,244,1.4593496322631836
617,2,245,1.4799087047576904
618,2,246,1.462228536605835
619,2,247,1.471322774887085
620,2,248,1.4374346733093262
621,2,249,1.476888656616211
622,2,250,1.4726946353912354
623,2,251,1.4898531436920166
624,2,252,1.5133826732635498
625,2,253,1.4765193462371826
626,2,254,1.458903193473816
627,2,255,1.4803341627120972
628,2,256,1.5104714632034302
629,2,257,1.4466639757156372
630,2,258,1.4813345670700073
631,2,259,1.4532020092010498
632,2,260,1.6592639684677124
633,2,261,1.4289488792419434
634,2,262,1.40208101272583
635,2,263,1.477372646331787
636,2,264,1.4241223335266113
637,2,265,1.4603849649429321
638,2,266,1.5248997211456299
639,2,267,1.4512288570404053
640,2,268,1.3943294286727905
641,2,269,1.5111305713653564
642,2,270,1.5367463827133179
643,2,271,1.395579218864441
644,2,272,1.4514671564102173
645,2,273,1.4268323183059692
646,2,274,1.4178659915924072
647,2,275,1.4616611003875732
648,2,276,1.4311262369155884
649,2,277,1.503898024559021
650,2,278,1.6323206424713135
651,2,279,1.5004844665527344
652,2,280,1.47797429561615
653,2,281,1.4259270429611206
654,2,282,1.5143091678619385
655,2,283,1.5314463376998901
656,2,284,1.4618169069290161
657,2,285,1.44447660446167
658,2,286,1.469171404838562
659,2,287,1.4374167919158936
660,2,288,1.4697482585906982
661,2,289,1.4161792993545532
662,2,290,1.4713565111160278
663,2,291,1.4193642139434814
664,2,292,1.4389894008636475
665,2,293,1.471559762954712
666,2,294,1.4760221242904663
667,2,295,1.490227460861206
668,2,296,1.3844760656356812
669,2,297,1.4015495777130127
670,2,298,1.4569153785705566
671,2,299,1.4752458333969116
672,2,300,1.389911413192749
673,2,301,1.467621088027954
674,2,302,1.4787856340408325
675,2,303,1.3811991214752197
676,2,304,1.3867484331130981
677,2,305,1.429781198501587
678,2,306,1.3787562847137451
679,2,307,1.466617226600647
680,2,308,1.528683066368103
681,2,309,1.4443366527557373
682,2,310,1.38351571559906
683,2,311,1.4687907695770264
684,2,312,1.5016429424285889
685,2,313,1.518711805343628
686,2,314,1.3888778686523438
687,2,315,1.416082501411438
688,2,316,1.4548176527023315
689,2,317,1.380102276802063
690,2,318,1.527066946029663
691,2,319,1.4262644052505493
692,2,320,1.4205962419509888
693,2,321,1.4323477745056152
694,2,322,1.4436531066894531
695,2,323,1.4750877618789673
696,2,324,1.444853663444519
697,2,325,1.3930646181106567
698,2,326,1.4747893810272217
699,2,327,1.3942629098892212
700,2,328,1.4718844890594482
701,2,329,1.4278923273086548
702,2,330,1.4400522708892822
703,2,331,1.414569616317749
704,2,332,1.4432733058929443
705,2,333,1.4268519878387451
706,2,334,1.4200255870819092
707,2,335,1.3547006845474243
708,2,336,1.4263094663619995
709,2,337,1.4133527278900146
710,2,338,1.4626842737197876
711,2,339,1.3692758083343506
712,2,340,1.4454028606414795
713,2,341,1.5871732234954834
714,2,342,1.3659415245056152
715,2,343,1.3484987020492554
716,2,344,1.4352971315383911
717,2,345,1.4610525369644165
718,2,346,1.3968636989593506
719,2,347,1.3599789142608643
720,2,348,1.3719172477722168
721,2,349,1.4430038928985596
722,2,350,1.3933018445968628
723,2,351,1.4227020740509033
724,2,352,1.3413063287734985
725,2,353,1.3588014841079712
726,2,354,1.429431438446045
727,2,355,1.3481271266937256
728,2,356,1.4354543685913086
729,2,357,1.4191519021987915
730,2,358,1.3213077783584595
731,2,359,1.411614179611206
732,2,360,1.3917032480239868
733,2,361,1.3927693367004395
734,2,362,1.3718351125717163
735,2,363,1.3348058462142944
736,2,364,1.5149012804031372
737,2,365,1.364001989364624
738,2,366,1.484391450881958
739,2,367,1.381265640258789
740,2,368,1.3969147205352783
741,2,369,1.417883276939392
742,2,370,1.3254997730255127
743,2,371,1.3965895175933838
744,2,372,1.3838865756988525
745,3,1,1.3435227870941162
746,3,2,1.4088915586471558
747,3,3,1.3676698207855225
748,3,4,1.3218872547149658
749,3,5,1.4636986255645752
750,3,6,1.3493359088897705
751,3,7,1.3739383220672607
752,3,8,1.320839524269104
753,3,9,1.397585153579712
754,3,10,1.3977230787277222
755,3,11,1.3280659914016724
756,3,12,1.4091253280639648
757,3,13,1.38730788230896
758,3,14,1.4132872819900513
759,3,15,1.3972632884979248
760,3,16,1.3293095827102661
761,3,17,1.4373637437820435
762,3,18,1.3100883960723877
763,3,19,1.355126142501831
764,3,20,1.3190160989761353
765,3,21,1.3410478830337524
766,3,22,1.3569931983947754
767,3,23,1.381639838218689
768,3,24,1.3201344013214111
769,3,25,1.2694275379180908
770,3,26,1.3444825410842896
771,3,27,1.484008550643921
772,3,28,1.3810360431671143
773,3,29,1.4094810485839844
774,3,30,1.3432657718658447
775,3,31,1.3546984195709229
776,3,32,1.3124310970306396
777,3,33,1.3144348859786987
778,3,34,1.394661784172058
779,3,35,1.3581467866897583
780,3,36,1.4131689071655273
781,3,37,1.3317046165466309
782,3,38,1.3659850358963013
783,3,39,1.2900724411010742
784,3,40,1.4678996801376343
785,3,41,1.461393117904663
786,3,42,1.2771198749542236
787,3,43,1.301114797592163
788,3,44,1.338140845298767
789,3,45,1.329138994216919
790,3,46,1.344032883644104
791,3,47,1.3277747631072998
792,3,48,1.3104747533798218
793,3,49,1.3414283990859985
794,3,50,1.3069710731506348
795,3,51,1.3107579946517944
796,3,52,1.3479467630386353
797,3,53,1.2994340658187866
798,3,54,1.3291704654693604
799,3,55,1.4479899406433105
800,3,56,1.2823598384857178
801,3,57,1.294642686843872
802,3,58,1.2591255903244019
803,3,59,1.2946043014526367
804,3,60,1.30677330493927
805,3,61,1.311279058456421
806,3,62,1.2525007724761963
807,3,63,1.312361478805542
808,3,64,1.3470056056976318
809,3,65,1.4763215780258179
810,3,66,1.3094799518585205
811,3,67,1.3141453266143799
812,3,68,1.3900582790374756
813,3,69,1.3009179830551147
814,3,70,1.2907696962356567
815,3,71,1.3455266952514648
816,3,72,1.288241982460022
817,3,73,1.2605704069137573
818,3,74,1.291900396347046
819,3,75,1.2705107927322388
820,3,76,1.2548640966415405
821,3,77,1.3008182048797607
822,3,78,1.2489882707595825
823,3,79,1.2935094833374023
824,3,80,1.2936807870864868
825,3,81,1.2954699993133545
826,3,82,1.2595933675765991
827,3,83,1.3511499166488647
828,3,84,1.2735157012939453
829,3,85,1.3927525281906128
830,3,86,1.2909324169158936
831,3,87,1.30190110206604
832,3,88,1.340259313583374
833,3,89,1.2744457721710205
834,3,90,1.288057565689087
835,3,91,1.247523307800293
836,3,92,1.2675880193710327
837,3,93,1.34078848361969
838,3,94,1.34584641456604
839,3,95,1.2846771478652954
840,3,96,1.2565624713897705
841,3,97,1.3178566694259644
842,3,98,1.2433825731277466
843,3,99,1.2908990383148193
844,3,100,1.303769588470459
845,3,101,1.2343592643737793
846,3,102,1.309306263923645
847,3,103,1.256432294845581
848,3,104,1.2769601345062256
849,3,105,1.2778295278549194
850,3,106,1.3382883071899414
851,3,107,1.237755537033081
852,3,108,1.2319293022155762
853,3,109,1.2528331279754639
854,3,110,1.2669811248779297
855,3,111,1.293458104133606
856,3,112,1.298133373260498
857,3,113,1.3261468410491943
858,3,114,1.248630404472351
859,3,115,1.3377230167388916
860,3,116,1.303309679031372
861,3,117,1.2536413669586182
862,3,118,1.2404098510742188
863,3,119,1.2772953510284424
864,3,120,1.2468104362487793
865,3,121,1.2624423503875732
866,3,122,1.2670212984085083
867,3,123,1.314089059829712
868,3,124,1.2557579278945923
869,3,125,1.2681028842926025
870,3,126,1.3165924549102783
871,3,127,1.2177655696868896
872,3,128,1.3464725017547607
873,3,129,1.2895567417144775
874,3,130,1.3029398918151855
875,3,131,1.2120411396026611
876,3,132,1.2932426929473877
877,3,133,1.2707544565200806
878,3,134,1.2400010824203491
879,3,135,1.250113606452942
880,3,136,1.2469803094863892
881,3,137,1.2285943031311035
882,3,138,1.2147786617279053
883,3,139,1.2571897506713867
884,3,140,1.3487670421600342
885,3,141,1.2769896984100342
886,3,142,1.2185131311416626
887,3,143,1.381325125694275
888,3,144,1.3061466217041016
889,3,145,1.267012596130371
890,3,146,1.2268588542938232
891,3,147,1.151027798652649
892,3,148,1.2558225393295288
893,3,149,1.3063222169876099
894,3,150,1.1867058277130127
895,3,151,1.300222396850586
896,3,152,1.2715013027191162
897,3,153,1.269498586654663
898,3,154,1.240286111831665
899,3,155,1.2102506160736084
900,3,156,1.2674002647399902
901,3,157,1.378413200378418
902,3,158,1.2707030773162842
903,3,159,1.2728080749511719
904,3,160,1.2543262243270874
905,3,161,1.242985725402832
906,3,162,1.2369670867919922
907,3,163,1.2129764556884766
908,3,164,1.2586743831634521
909,3,165,1.3119243383407593
910,3,166,1.2637908458709717
911,3,167,1.1898330450057983
912,3,168,1.1937977075576782
913,3,169,1.2793128490447998
914,3,170,1.325029969215393
915,3,171,1.2674006223678589
916,3,172,1.2041761875152588
917,3,173,1.2408897876739502
918,3,174,1.2673932313919067
919,3,175,1.3596137762069702
920,3,176,1.290589451789856
921,3,177,1.1704057455062866
922,3,178,1.2124364376068115
923,3,179,1.2374838590621948
924,3,180,1.2578320503234863
925,3,181,1.2468522787094116
926,3,182,1.204925775527954
927,3,183,1.310761570930481
928,3,184,1.3158485889434814
929,3,185,1.2294151782989502
930,3,186,1.1862871646881104
931,3,187,1.1707146167755127
932,3,188,1.2722405195236206
933,3,189,1.1871557235717773
934,3,190,1.1950170993804932
935,3,191,1.2341645956039429
936,3,192,1.2907191514968872
937,3,193,1.1903804540634155
938,3,194,1.2583510875701904
939,3,195,1.2545239925384521
940,3,196,1.2416417598724365
941,3,197,1.242093563079834
942,3,198,1.1888818740844727
943,3,199,1.218659520149231
944,3,200,1.2531049251556396
945,3,201,1.1817724704742432
946,3,202,1.2348365783691406
947,3,203,1.1989457607269287
948,3,204,1.1825220584869385
949,3,205,1.241563081741333
950,3,206,1.1726945638656616
951,3,207,1.1740777492523193
952,3,208,1.251849889755249
953,3,209,1.220320701599121
954,3,210,1.2206401824951172
955,3,211,1.3392242193222046
956,3,212,1.2434145212173462
957,3,213,1.221008539199829
958,3,214,1.2469189167022705
959,3,215,1.1967837810516357
960,3,216,1.2511777877807617
961,3,217,1.1757237911224365
962,3,218,1.2255432605743408
963,3,219,1.1968594789505005
964,3,220,1.180387258529663
965,3,221,1.2612823247909546
966,3,222,1.2555099725723267
967,3,223,1.1627460718154907
968,3,224,1.1712310314178467
969,3,225,1.1664940118789673
970,3,226,1.2029281854629517
971,3,227,1.2707146406173706
972,3,228,1.2418437004089355
973,3,229,1.1608712673187256
974,3,230,1.2294270992279053
975,3,231,1.2060396671295166
976,3,232,1.222389578819275
977,3,233,1.1228116750717163
978,3,234,1.2436338663101196
979,3,235,1.173730492591858
980,3,236,1.1630140542984009
981,3,237,1.1815521717071533
982,3,238,1.1266014575958252
983,3,239,1.2444674968719482
984,3,240,1.1674482822418213
985,3,241,1.1420972347259521
986,3,242,1.1864060163497925
987,3,243,1.2402982711791992
988,3,244,1.1481869220733643
989,3,245,1.2023184299468994
990,3,246,1.2767701148986816
991,3,247,1.1769325733184814
992,3,248,1.1822717189788818
993,3,249,1.2194987535476685
994,3,250,1.2664570808410645
995,3,251,1.2155262231826782
996,3,252,1.175384759902954
997,3,253,1.1711640357971191
998,3,254,1.151690125465393
999,3,255,1.265009880065918
1000,3,256,1.181597113609314
1001,3,257,1.1868400573730469
1002,3,258,1.1535663604736328
1003,3,259,1.1764806509017944
1004,3,260,1.1725971698760986
1005,3,261,1.2805182933807373
1006,3,262,1.1382979154586792
1007,3,263,1.190476655960083
1008,3,264,1.1581993103027344
1009,3,265,1.1980323791503906
1010,3,266,1.1729400157928467
1011,3,267,1.216729760169983
1012,3,268,1.138073205947876
1013,3,269,1.2063422203063965
1014,3,270,1.2081360816955566
1015,3,271,1.2209422588348389
1016,3,272,1.123318076133728
1017,3,273,1.1616261005401611
1018,3,274,1.1179695129394531
1019,3,275,1.148787260055542
1020,3,276,1.1719025373458862
1021,3,277,1.161274790763855
1022,3,278,1.1365487575531006
1023,3,279,1.1543221473693848
1024,3,280,1.1315370798110962
1025,3,281,1.1851027011871338
1026,3,282,1.231151819229126
1027,3,283,1.24654221534729
1028,3,284,1.159263014793396
1029,3,285,1.1455763578414917
1030,3,286,1.2360273599624634
1031,3,287,1.2490414381027222
1032,3,288,1.1693363189697266
1033,3,289,1.2540305852890015
1034,3,290,1.1439787149429321
1035,3,291,1.1655992269515991
1036,3,292,1.114300012588501
1037,3,293,1.2051585912704468
1038,3,294,1.2013577222824097
1039,3,295,1.1164458990097046
1040,3,296,1.168280839920044
1041,3,297,1.1483027935028076
1042,3,298,1.1034551858901978
1043,3,299,1.289912462234497
1044,3,300,1.1402748823165894
1045,3,301,1.177940845489502
1046,3,302,1.1618585586547852
1047,3,303,1.1671931743621826
1048,3,304,1.136045217514038
1049,3,305,1.222290277481079
1050,3,306,1.1580631732940674
1051,3,307,1.1873832941055298
1052,3,308,1.1713687181472778
1053,3,309,1.1010324954986572
1054,3,310,1.1459059715270996
1055,3,311,1.1707264184951782
1056,3,312,1.135852336883545
1057,3,313,1.1577098369598389
1058,3,314,1.1378066539764404
1059,3,315,1.1358987092971802
1060,3,316,1.2314724922180176
1061,3,317,1.3768866062164307
1062,3,318,1.1307896375656128
1063,3,319,1.125762701034546
1064,3,320,1.1466596126556396
1065,3,321,1.1086289882659912
1066,3,322,1.285754919052124
1067,3,323,1.1121447086334229
1068,3,324,1.0927178859710693
1069,3,325,1.1450870037078857
1070,3,326,1.1524512767791748
1071,3,327,1.0874717235565186
1072,3,328,1.1599814891815186
1073,3,329,1.2356997728347778
1074,3,330,1.2330515384674072
1075,3,331,1.1218595504760742
1076,3,332,1.1414445638656616
1077,3,333,1.1218440532684326
1078,3,334,1.0887786149978638
1079,3,335,1.1048492193222046
1080,3,336,1.0961737632751465
1081,3,337,1.2019368410110474
1082,3,338,1.0824260711669922
1083,3,339,1.2288492918014526
1084,3,340,1.1048390865325928
1085,3,341,1.0652705430984497
1086,3,342,1.1361169815063477
1087,3,343,1.146295189857483
1088,3,344,1.1095603704452515
1089,3,345,1.198987603187561
1090,3,346,1.1097161769866943
1091,3,347,1.1314826011657715
1092,3,348,1.1923563480377197
1093,3,349,1.0801832675933838
1094,3,350,1.1691182851791382
1095,3,351,1.1093111038208008
1096,3,352,1.1015509366989136
1097,3,353,1.1219782829284668
1098,3,354,1.164965271949768
1099,3,355,1.1192706823349
1100,3,356,1.0996105670928955
1101,3,357,1.0678800344467163
1102,3,358,1.116398811340332
1103,3,359,1.1278411149978638
1104,3,360,1.1702072620391846
1105,3,361,1.1116349697113037
1106,3,362,1.0701022148132324
1107,3,363,1.0808442831039429
1108,3,364,1.1073658466339111
1109,3,365,1.0647207498550415
1110,3,366,1.1140456199645996
1111,3,367,1.1167771816253662
1112,3,368,1.0712127685546875
1113,3,369,1.074560284614563
1114,3,370,1.1000771522521973
1115,3,371,1.095584511756897
1116,3,372,1.0747911930084229
1117,4,1,1.0638279914855957
1118,4,2,1.069003701210022
1119,4,3,1.0775011777877808
1120,4,4,1.05946946144104
1121,4,5,1.0867576599121094
1122,4,6,1.0271093845367432
1123,4,7,1.0917513370513916
1124,4,8,1.04631769657135
1125,4,9,1.087917447090149
1126,4,10,1.0715563297271729
1127,4,11,1.0476148128509521
1128,4,12,1.119480848312378
1129,4,13,1.0473517179489136
1130,4,14,1.113926649093628
1131,4,15,1.0618864297866821
1132,4,16,1.0296624898910522
1133,4,17,1.1454007625579834
1134,4,18,1.0556741952896118
1135,4,19,1.0728884935379028
1136,4,20,1.1469553709030151
1137,4,21,1.048161268234253
1138,4,22,1.043557047843933
1139,4,23,1.0638920068740845
1140,4,24,1.1502158641815186
1141,4,25,1.0344231128692627
1142,4,26,1.1540242433547974
1143,4,27,1.0272300243377686
1144,4,28,1.0320082902908325
1145,4,29,1.0453674793243408
1146,4,30,1.100342035293579
1147,4,31,1.2830079793930054
1148,4,32,1.123006820678711
1149,4,33,1.1102045774459839
1150,4,34,1.069366455078125
1151,4,35,1.0626475811004639
1152,4,36,1.1039743423461914
1153,4,37,1.0381019115447998
1154,4,38,1.122199535369873
1155,4,39,1.0086090564727783
1156,4,40,1.01803457736969
1157,4,41,1.0609452724456787
1158,4,42,1.0649802684783936
1159,4,43,1.1116745471954346
1160,4,44,1.0636897087097168
1161,4,45,1.105573058128357
1162,4,46,1.0762583017349243
1163,4,47,1.076859712600708
1164,4,48,1.0602684020996094
1165,4,49,1.0346966981887817
1166,4,50,1.058232069015503
1167,4,51,1.0947128534317017
1168,4,52,1.0741029977798462
1169,4,53,1.0674155950546265
1170,4,54,1.0097787380218506
1171,4,55,1.016999363899231
1172,4,56,0.9997918009757996
1173,4,57,1.0771708488464355
1174,4,58,1.0123354196548462
1175,4,59,1.0115772485733032
1176,4,60,1.0517505407333374
1177,4,61,1.0432193279266357
1178,4,62,1.0245773792266846
1179,4,63,1.1059707403182983
1180,4,64,1.099176049232483
1181,4,65,1.0011261701583862
1182,4,66,1.0333006381988525
1183,4,67,1.0945112705230713
1184,4,68,1.111777424812317
1185,4,69,1.0469367504119873
1186,4,70,0.9754571914672852
1187,4,71,1.0045912265777588
1188,4,72,1.0714465379714966
1189,4,73,1.0650944709777832
1190,4,74,1.0759567022323608
1191,4,75,1.0512691736221313
1192,4,76,1.0388880968093872
1193,4,77,1.1177812814712524
1194,4,78,0.9669170379638672
1195,4,79,1.092345952987671
1196,4,80,1.0232385396957397
1197,4,81,1.0920515060424805
1198,4,82,1.0040500164031982
1199,4,83,0.9875545501708984
1200,4,84,1.0713071823120117
1201,4,85,1.016755223274231
1202,4,86,0.997343897819519
1203,4,87,1.056782603263855
1204,4,88,0.9865729212760925
1205,4,89,1.0179307460784912
1206,4,90,1.0433309078216553
1207,4,91,1.0666996240615845
1208,4,92,0.9918850064277649
1209,4,93,1.0022521018981934
1210,4,94,1.0350735187530518
1211,4,95,1.0138206481933594
1212,4,96,1.0206270217895508
1213,4,97,1.0734078884124756
1214,4,98,1.0507344007492065
1215,4,99,1.0583263635635376
1216,4,100,0.9721844792366028
1217,4,101,1.0088098049163818
1218,4,102,1.1173453330993652
1219,4,103,0.9999426603317261
1220,4,104,1.2097100019454956
1221,4,105,0.9842745661735535
1222,4,106,1.0242037773132324
1223,4,107,0.9996985197067261
1224,4,108,1.0249197483062744
1225,4,109,1.0297977924346924
1226,4,110,1.031060814857483
1227,4,111,1.0335379838943481
1228,4,112,1.0074983835220337
1229,4,113,0.9934526681900024
1230,4,114,0.9774125218391418
1231,4,115,1.020679235458374
1232,4,116,1.0293716192245483
1233,4,117,0.9991436004638672
1234,4,118,1.0372098684310913
1235,4,119,1.0373551845550537
1236,4,120,1.039393424987793
1237,4,121,0.9913375973701477
1238,4,122,0.9695521593093872
1239,4,123,0.9840573072433472
1240,4,124,1.078943133354187
1241,4,125,0.9701923131942749
1242,4,126,1.044197678565979
1243,4,127,1.052781343460083
1244,4,128,0.9938219785690308
1245,4,129,1.0864211320877075
1246,4,130,0.9374490976333618
1247,4,131,1.0252022743225098
1248,4,132,0.9849134683609009
1249,4,133,1.057471513748169
1250,4,134,0.9908428192138672
1251,4,135,1.001004695892334
1252,4,136,0.9810190200805664
1253,4,137,1.008751392364502
1254,4,138,1.025436282157898
1255,4,139,0.9936832189559937
1256,4,140,0.9744902849197388
1257,4,141,0.9983944892883301
1258,4,142,0.956490159034729
1259,4,143,1.0300352573394775
1260,4,144,0.9815469980239868
1261,4,145,1.0113255977630615
1262,4,146,0.9805614352226257
1263,4,147,1.015390396118164
1264,4,148,1.0041464567184448
1265,4,149,1.0069595575332642
1266,4,150,1.0677767992019653
1267,4,151,0.9939459562301636
1268,4,152,1.1404321193695068
1269,4,153,0.9674129486083984
1270,4,154,0.9755830764770508
1271,4,155,0.9853781461715698
1272,4,156,0.9621313214302063
1273,4,157,0.9674429893493652
1274,4,158,0.9615747332572937
1275,4,159,1.0508465766906738
1276,4,160,1.0733942985534668
1277,4,161,0.9627812504768372
1278,4,162,0.9698996543884277
1279,4,163,0.9732438325881958
1280,4,164,1.0320252180099487
1281,4,165,0.974587082862854
1282,4,166,1.040981650352478
1283,4,167,1.0487884283065796
1284,4,168,0.9541117548942566
1285,4,169,0.971596360206604
1286,4,170,0.9726954698562622
1287,4,171,0.970980167388916
1288,4,172,0.9824848175048828
1289,4,173,0.985771656036377
1290,4,174,1.1447365283966064
1291,4,175,0.9828913807868958
1292,4,176,0.9567014575004578
1293,4,177,1.1710809469223022
1294,4,178,0.999764084815979
1295,4,179,1.033845067024231
1296,4,180,0.8985355496406555
1297,4,181,1.0152839422225952
1298,4,182,0.9662494659423828
1299,4,183,1.0612080097198486
1300,4,184,1.0382087230682373
1301,4,185,0.9797611236572266
1302,4,186,0.9834531545639038
1303,4,187,0.908370852470398
1304,4,188,0.9788029789924622
1305,4,189,0.9869066476821899
1306,4,190,0.9915834665298462
1307,4,191,0.9444494247436523
1308,4,192,0.965234637260437
1309,4,193,0.9979926347732544
1310,4,194,0.9370490312576294
1311,4,195,1.0262678861618042
1312,4,196,0.9689199328422546
1313,4,197,0.9704549908638
1314,4,198,0.9538432955741882
1315,4,199,0.9176742434501648
1316,4,200,1.0008255243301392
1317,4,201,0.9633039236068726
1318,4,202,0.9121493101119995
1319,4,203,1.0277317762374878
1320,4,204,0.9270157814025879
1321,4,205,0.9368169903755188
1322,4,206,0.8944492340087891
1323,4,207,0.9234113693237305
1324,4,208,0.9464262127876282
1325,4,209,0.9927104711532593
1326,4,210,1.0343868732452393
1327,4,211,0.945490837097168
1328,4,212,0.9224327802658081
1329,4,213,0.8850648999214172
1330,4,214,0.9239457249641418
1331,4,215,0.9092060327529907
1332,4,216,1.0068966150283813
1333,4,217,0.9296552538871765
1334,4,218,0.957511305809021
1335,4,219,0.987794041633606
1336,4,220,0.9586440920829773
1337,4,221,0.9142633676528931
1338,4,222,0.9683271646499634
1339,4,223,1.0736202001571655
1340,4,224,0.9168513417243958
1341,4,225,1.011330246925354
1342,4,226,0.940207839012146
1343,4,227,0.8633549809455872
1344,4,228,0.9278967976570129
1345,4,229,0.9523814916610718
1346,4,230,0.9550684690475464
1347,4,231,0.9452923536300659
1348,4,232,0.9658653140068054
1349,4,233,0.8994153738021851
1350,4,234,0.8909287452697754
1351,4,235,0.8936991691589355
1352,4,236,0.9962712526321411
1353,4,237,0.9521042108535767
1354,4,238,0.9007629156112671
1355,4,239,0.890583336353302
1356,4,240,0.8823067545890808
1357,4,241,0.951769232749939
1358,4,242,0.9018934965133667
1359,4,243,0.8620926141738892
1360,4,244,0.994621753692627
1361,4,245,0.989179253578186
1362,4,246,0.9378178715705872
1363,4,247,0.9667218923568726
1364,4,248,1.027204990386963
1365,4,249,0.9444736242294312
1366,4,250,0.953157901763916
1367,4,251,0.8835080862045288
1368,4,252,0.9290211796760559
1369,4,253,0.868374228477478
1370,4,254,0.8944074511528015
1371,4,255,1.1800401210784912
1372,4,256,0.9102836847305298
1373,4,257,0.9166275858879089
1374,4,258,0.9548863172531128
1375,4,259,0.8933185338973999
1376,4,260,0.917931854724884
1377,4,261,0.8975691795349121
1378,4,262,0.9078590273857117
1379,4,263,0.9134005308151245
1380,4,264,0.8815790414810181
1381,4,265,0.9167881011962891
1382,4,266,1.0470935106277466
1383,4,267,0.9029321670532227
1384,4,268,0.8580303192138672
1385,4,269,0.8383153676986694
1386,4,270,0.9093726873397827
1387,4,271,0.9547173380851746
1388,4,272,0.9060091972351074
1389,4,273,0.9196260571479797
1390,4,274,0.9720096588134766
1391,4,275,0.9204703569412231
1392,4,276,0.8831275701522827
1393,4,277,0.934822678565979
1394,4,278,0.8630731701850891
1395,4,279,0.9468925595283508
1396,4,280,0.8966974020004272
1397,4,281,0.9085900187492371
1398,4,282,0.9133169054985046
1399,4,283,0.9311763048171997
1400,4,284,0.8547269105911255
1401,4,285,0.9105485677719116
1402,4,286,0.9202041625976562
1403,4,287,1.010727047920227
1404,4,288,0.9428879022598267
1405,4,289,0.8819427490234375
1406,4,290,0.8397701382637024
1407,4,291,0.8828369975090027
1408,4,292,0.9687219858169556
1409,4,293,0.8597351908683777
1410,4,294,0.8561003804206848
1411,4,295,0.8991749882698059
1412,4,296,0.9293473362922668
1413,4,297,0.8582057952880859
1414,4,298,0.9450021982192993
1415,4,299,0.8820260763168335
1416,4,300,0.9536762237548828
1417,4,301,0.8692304491996765
1418,4,302,0.8795434832572937
1419,4,303,0.85789555311203
1420,4,304,1.088565468788147
1421,4,305,0.9604412317276001
1422,4,306,0.8788906931877136
1423,4,307,0.9245072603225708
1424,4,308,0.8720000386238098
1425,4,309,0.8554805517196655
1426,4,310,0.9120429754257202
1427,4,311,0.892795741558075
1428,4,312,0.8614118695259094
1429,4,313,0.9407516717910767
1430,4,314,0.9046649932861328
1431,4,315,0.8867093920707703
1432,4,316,0.9243519902229309
1433,4,317,0.9232254028320312
1434,4,318,0.8842449188232422
1435,4,319,0.8825737833976746
1436,4,320,0.8806387782096863
1437,4,321,0.8853142857551575
1438,4,322,0.8945980072021484
1439,4,323,0.9559956789016724
1440,4,324,0.8834564089775085
1441,4,325,1.1405194997787476
1442,4,326,1.0773508548736572
1443,4,327,0.8615468144416809
1444,4,328,1.2097582817077637
1445,4,329,0.8779474496841431
1446,4,330,0.8824324607849121
1447,4,331,0.9755954742431641
1448,4,332,0.8777316808700562
1449,4,333,0.8541049957275391
1450,4,334,0.8045538663864136
1451,4,335,0.8966141939163208
1452,4,336,0.8769627809524536
1453,4,337,0.8916529417037964
1454,4,338,0.9061951637268066
1455,4,339,0.942582905292511
1456,4,340,0.8964003324508667
1457,4,341,0.8835118412971497
1458,4,342,0.8936704397201538
1459,4,343,0.8776154518127441
1460,4,344,0.8939708471298218
1461,4,345,0.9069007039070129
1462,4,346,0.8298981785774231
1463,4,347,0.8770428895950317
1464,4,348,0.9377085566520691
1465,4,349,0.8351444005966187
1466,4,350,0.8569121360778809
1467,4,351,0.8639870882034302
1468,4,352,0.8571597933769226
1469,4,353,0.8406227827072144
1470,4,354,0.9141511917114258
1471,4,355,0.8701316714286804
1472,4,356,0.8565160632133484
1473,4,357,0.8927861452102661
1474,4,358,0.8569990992546082
1475,4,359,0.8276959657669067
1476,4,360,0.8355611562728882
1477,4,361,0.9175513386726379
1478,4,362,0.832208514213562
1479,4,363,0.966208815574646
1480,4,364,0.8249953985214233
1481,4,365,0.7912548184394836
1482,4,366,0.8459637761116028
1483,4,367,0.8713657259941101
1484,4,368,0.8452007174491882
1485,4,369,0.8376775979995728
1486,4,370,0.8396690487861633
1487,4,371,0.9101290702819824
1488,4,372,0.9129780530929565
1489,5,1,0.8332974314689636
1490,5,2,0.8026450276374817
1491,5,3,0.8283158540725708
1492,5,4,0.8248637914657593
1493,5,5,0.8285640478134155
1494,5,6,0.8274964094161987
1495,5,7,0.7962993383407593
1496,5,8,0.8276244401931763
1497,5,9,0.825092613697052
1498,5,10,0.844211757183075
1499,5,11,0.7941106557846069
1500,5,12,0.8766492605209351
1501,5,13,0.8600722551345825
1502,5,14,0.82440185546875
1503,5,15,0.8707330822944641
1504,5,16,0.841001033782959
1505,5,17,0.8244321942329407
1506,5,18,0.765788733959198
1507,5,19,0.8255698084831238
1508,5,20,0.8985993266105652
1509,5,21,0.8481189012527466
1510,5,22,0.8665291666984558
1511,5,23,0.7552425265312195
1512,5,24,0.8845688700675964
1513,5,25,0.8516170382499695
1514,5,26,0.8433303833007812
1515,5,27,0.8736222982406616
1516,5,28,0.839305579662323
1517,5,29,0.8210867047309875
1518,5,30,0.8993802070617676
1519,5,31,0.828000545501709
1520,5,32,0.8083301782608032
1521,5,33,1.0478755235671997
1522,5,34,0.7691358923912048
1523,5,35,0.7944820523262024
1524,5,36,0.8532739877700806
1525,5,37,0.7926408052444458
1526,5,38,0.9063345193862915
1527,5,39,0.8295772671699524
1528,5,40,0.8207203149795532
1529,5,41,0.9204190373420715
1530,5,42,0.8421212434768677
1531,5,43,0.8561949729919434
1532,5,44,0.8360848426818848
1533,5,45,0.7958709001541138
1534,5,46,0.8531440496444702
1535,5,47,0.8687663078308105
1536,5,48,0.8239113688468933
1537,5,49,0.8423401713371277
1538,5,50,0.8313745260238647
1539,5,51,0.8011471033096313
1540,5,52,0.8063348531723022
1541,5,53,0.7962671518325806
1542,5,54,0.8243120312690735
1543,5,55,0.8198248744010925
1544,5,56,0.7926590442657471
1545,5,57,0.8734911680221558
1546,5,58,0.7721503376960754
1547,5,59,1.0051575899124146
1548,5,60,0.9214959144592285
1549,5,61,0.8556072115898132
1550,5,62,0.9750121831893921
1551,5,63,0.8445849418640137
1552,5,64,0.8215863108634949
1553,5,65,0.7660691738128662
1554,5,66,0.8836868405342102
1555,5,67,0.7752846479415894
1556,5,68,0.825579047203064
1557,5,69,0.8067704439163208
1558,5,70,0.7878403067588806
1559,5,71,0.7852324843406677
1560,5,72,0.7710654139518738
1561,5,73,0.8399735689163208
1562,5,74,0.7798995971679688
1563,5,75,0.7852016687393188
1564,5,76,0.769967257976532
1565,5,77,0.8123796582221985
1566,5,78,0.7858930826187134
1567,5,79,0.7448329925537109
1568,5,80,0.7894023656845093
1569,5,81,0.958543598651886
1570,5,82,0.8341406583786011
1571,5,83,0.7930038571357727
1572,5,84,0.8475924730300903
1573,5,85,0.9748836755752563
1574,5,86,0.8011754751205444
1575,5,87,0.9100465774536133
1576,5,88,0.8804527521133423
1577,5,89,0.8070071339607239
1578,5,90,0.7978907823562622
1579,5,91,0.7936681509017944
1580,5,92,1.0448074340820312
1581,5,93,0.7589539289474487
1582,5,94,0.8902261853218079
1583,5,95,0.8184148669242859
1584,5,96,0.8452059030532837
1585,5,97,0.8412371873855591
1586,5,98,0.8415390849113464
1587,5,99,0.7677525281906128
1588,5,100,0.9184093475341797
1589,5,101,0.8168098330497742
1590,5,102,0.763282299041748
1591,5,103,0.8300320506095886
1592,5,104,0.7376065850257874
1593,5,105,0.77956223487854
1594,5,106,0.7987624406814575
1595,5,107,0.7704508900642395
1596,5,108,0.7823472023010254
1597,5,109,0.7866886854171753
1598,5,110,0.8147388696670532
1599,5,111,0.8264155387878418
1600,5,112,0.7687569856643677
1601,5,113,0.7655831575393677
1602,5,114,0.8375717401504517
1603,5,115,0.7709425687789917
1604,5,116,0.7874900698661804
1605,5,117,0.7944943308830261
1606,5,118,0.9341332316398621
1607,5,119,0.7986232042312622
1608,5,120,0.7534490823745728
1609,5,121,0.8595207929611206
1610,5,122,0.7449692487716675
1611,5,123,0.750808596611023
1612,5,124,0.9373701214790344
1613,5,125,0.7712538242340088
1614,5,126,0.8404490351676941
1615,5,127,0.8594869375228882
1616,5,128,0.7852805852890015
1617,5,129,0.7534841895103455
1618,5,130,0.7614882588386536
1619,5,131,0.8047739863395691
1620,5,132,0.7589372396469116
1621,5,133,0.8323432803153992
1622,5,134,0.7921873927116394
1623,5,135,0.7992227077484131
1624,5,136,0.8559476733207703
1625,5,137,0.8113222122192383
1626,5,138,0.7626057267189026
1627,5,139,0.7324334383010864
1628,5,140,0.7598589658737183
1629,5,141,0.770267128944397
1630,5,142,0.7478494048118591
1631,5,143,0.7459354400634766
1632,5,144,0.8066442608833313
1633,5,145,0.8591698408126831
1634,5,146,0.7570424675941467
1635,5,147,0.7591527104377747
1636,5,148,0.775172770023346
1637,5,149,0.8002947568893433
1638,5,150,0.7990225553512573
1639,5,151,0.7390692234039307
1640,5,152,0.7463135123252869
1641,5,153,0.738048791885376
1642,5,154,0.8414604067802429
1643,5,155,0.8345898389816284
1644,5,156,0.8345934748649597
1645,5,157,0.7430667281150818
1646,5,158,0.7865346670150757
1647,5,159,0.8792312741279602
1648,5,160,0.7462780475616455
1649,5,161,0.8402503132820129
1650,5,162,0.8048874139785767
1651,5,163,0.741415798664093
1652,5,164,0.7966653108596802
1653,5,165,0.760163426399231
1654,5,166,0.7670513391494751
1655,5,167,0.770805835723877
1656,5,168,0.7221530079841614
1657,5,169,0.7675286531448364
1658,5,170,1.0000115633010864
1659,5,171,0.773391842842102
1660,5,172,0.8092011213302612
1661,5,173,0.783210277557373
1662,5,174,0.7350977659225464
1663,5,175,0.7647088766098022
1664,5,176,0.795134425163269
1665,5,177,0.809121310710907
1666,5,178,0.7954088449478149
1667,5,179,0.8409984707832336
1668,5,180,0.7766848802566528
1669,5,181,0.8303559422492981
1670,5,182,0.7855543494224548
1671,5,183,0.7686446905136108
1672,5,184,0.7790865302085876
1673,5,185,0.7545296549797058
1674,5,186,0.6937880516052246
1675,5,187,0.7693767547607422
1676,5,188,0.7355638742446899
1677,5,189,0.7408310174942017
1678,5,190,0.7674647569656372
1679,5,191,0.7351981401443481
1680,5,192,0.8132132291793823
1681,5,193,0.7593121528625488
1682,5,194,0.6919671297073364
1683,5,195,0.7388817071914673
1684,5,196,0.7604641318321228
1685,5,197,0.8966367840766907
1686,5,198,0.7250281572341919
1687,5,199,0.7003089785575867
1688,5,200,0.7962701916694641
1689,5,201,0.7591090798377991
1690,5,202,0.7617136836051941
1691,5,203,1.093374490737915
1692,5,204,0.8198472261428833
1693,5,205,0.7576037645339966
1694,5,206,0.7490407228469849
1695,5,207,0.7638324499130249
1696,5,208,0.7632887959480286
1697,5,209,0.7585422396659851
1698,5,210,0.7291566729545593
1699,5,211,0.8022969961166382
1700,5,212,0.7621029615402222
1701,5,213,0.7230721712112427
1702,5,214,0.7167561650276184
1703,5,215,0.7301037311553955
1704,5,216,0.7266503572463989
1705,5,217,0.6946479678153992
1706,5,218,0.7540410757064819
1707,5,219,0.799763560295105
1708,5,220,0.7461912035942078
1709,5,221,0.727603554725647
1710,5,222,0.7361747026443481
1711,5,223,0.84980309009552
1712,5,224,0.7992715239524841
1713,5,225,0.7009915113449097
1714,5,226,0.6953915357589722
1715,5,227,0.7288991808891296
1716,5,228,0.7734897136688232
1717,5,229,0.7202949523925781
1718,5,230,0.7247385382652283
1719,5,231,0.8426429629325867
1720,5,232,0.8426048159599304
1721,5,233,0.7425918579101562
1722,5,234,0.7832530736923218
1723,5,235,0.7207262516021729
1724,5,236,0.6960075497627258
1725,5,237,0.768962025642395
1726,5,238,0.8107345700263977
1727,5,239,0.7935664653778076
1728,5,240,0.7500618696212769
1729,5,241,0.6835333108901978
1730,5,242,0.7814950346946716
1731,5,243,0.7084487080574036
1732,5,244,0.6976905465126038
1733,5,245,0.7965686321258545
1734,5,246,0.8815106153488159
1735,5,247,0.7130077481269836
1736,5,248,0.7668584585189819
1737,5,249,0.7098379731178284
1738,5,250,0.9241388440132141
1739,5,251,0.7670360803604126
1740,5,252,0.7295390963554382
1741,5,253,0.7127973437309265
1742,5,254,0.7550392746925354
1743,5,255,0.7503503561019897
1744,5,256,0.7994416952133179
1745,5,257,0.8403980135917664
1746,5,258,0.7737716436386108
1747,5,259,0.8025467991828918
1748,5,260,0.7919629216194153
1749,5,261,0.6990145444869995
1750,5,262,0.6918870806694031
1751,5,263,0.7514958381652832
1752,5,264,0.7041093707084656
1753,5,265,0.7733792662620544
1754,5,266,0.7299871444702148
1755,5,267,0.711687445640564
1756,5,268,0.6902582049369812
1757,5,269,0.9554142951965332
1758,5,270,0.7583743929862976
1759,5,271,0.7669482231140137
1760,5,272,0.7315127849578857
1761,5,273,0.6942468881607056
1762,5,274,0.7661902904510498
1763,5,275,0.7259702682495117
1764,5,276,0.7956334948539734
1765,5,277,0.700752854347229
1766,5,278,0.7698414921760559
1767,5,279,0.7045468091964722
1768,5,280,0.9036805033683777
1769,5,281,0.7246311902999878
1770,5,282,0.7195478677749634
1771,5,283,0.6984213590621948
1772,5,284,0.7226048707962036
1773,5,285,0.7086548209190369
1774,5,286,0.7476432919502258
1775,5,287,0.7578507661819458
1776,5,288,0.7118971347808838
1777,5,289,0.6971131563186646
1778,5,290,0.7523653507232666
1779,5,291,0.700505793094635
1780,5,292,0.7438607811927795
1781,5,293,0.7179492712020874
1782,5,294,0.8032876253128052
1783,5,295,0.705470621585846
1784,5,296,0.8991805911064148
1785,5,297,0.7403380274772644
1786,5,298,0.723433792591095
1787,5,299,0.6890949606895447
1788,5,300,0.7157501578330994
1789,5,301,0.7243477702140808
1790,5,302,0.7204859256744385
1791,5,303,0.7259740829467773
1792,5,304,0.7386029362678528
1793,5,305,0.7311450242996216
1794,5,306,0.68377286195755
1795,5,307,0.7154699563980103
1796,5,308,0.6898261904716492
1797,5,309,0.6827313303947449
1798,5,310,0.7279864549636841
1799,5,311,0.7517918348312378
1800,5,312,0.6984403133392334
1801,5,313,0.8149135708808899
1802,5,314,0.7214945554733276
1803,5,315,0.7839305996894836
1804,5,316,0.7307230234146118
1805,5,317,0.7274152040481567
1806,5,318,0.722292959690094
1807,5,319,0.7896374464035034
1808,5,320,0.7311756610870361
1809,5,321,0.7672594785690308
1810,5,322,0.7339911460876465
1811,5,323,0.7669445276260376
1812,5,324,0.6890958547592163
1813,5,325,0.691693902015686
1814,5,326,0.7097865343093872
1815,5,327,0.7232487201690674
1816,5,328,0.6698107719421387
1817,5,329,0.7036778926849365
1818,5,330,0.7127169966697693
1819,5,331,0.7218289375305176
1820,5,332,0.7283546924591064
1821,5,333,0.6961268186569214
1822,5,334,0.683263897895813
1823,5,335,0.7073436975479126
1824,5,336,0.7035605907440186
1825,5,337,0.6848880648612976
1826,5,338,0.7831528186798096
1827,5,339,0.6501306891441345
1828,5,340,0.7235196232795715
1829,5,341,0.6621236801147461
1830,5,342,0.741083025932312
1831,5,343,0.6157135367393494
1832,5,344,0.6616196632385254
1833,5,345,0.6748430728912354
1834,5,346,0.6786564588546753
1835,5,347,0.6767199635505676
1836,5,348,0.7137429714202881
1837,5,349,0.6952027082443237
1838,5,350,0.7249692678451538
1839,5,351,0.7098345160484314
1840,5,352,0.8561145067214966
1841,5,353,0.6608818769454956
1842,5,354,0.813244640827179
1843,5,355,0.6882877349853516
1844,5,356,0.9920305013656616
1845,5,357,0.6822214126586914
1846,5,358,0.6979333758354187
1847,5,359,0.6364401578903198
1848,5,360,0.673416018486023
1849,5,361,0.7467613816261292
1850,5,362,0.6634477376937866
1851,5,363,0.7884200215339661
1852,5,364,0.6885492205619812
1853,5,365,0.6313952803611755
1854,5,366,0.7289549112319946
1855,5,367,0.6543684601783752
1856,5,368,0.7066321969032288
1857,5,369,0.7290922999382019
1858,5,370,0.675031304359436
1859,5,371,0.7316977381706238
1860,5,372,0.6986404657363892
1861,6,1,0.7382782101631165
1862,6,2,0.6791004538536072
1863,6,3,0.7008316516876221
1864,6,4,0.787394106388092
1865,6,5,0.7098329067230225
1866,6,6,0.7249004244804382
1867,6,7,0.6872546672821045
1868,6,8,0.6591509580612183
1869,6,9,0.7573636770248413
1870,6,10,0.7946440577507019
1871,6,11,0.6592712998390198
1872,6,12,0.7319620847702026
1873,6,13,0.6434503793716431
1874,6,14,0.6903177499771118
1875,6,15,0.6698598861694336
1876,6,16,0.7130618691444397
1877,6,17,0.694722056388855
1878,6,18,0.7118295431137085
1879,6,19,0.6690476536750793
1880,6,20,0.629959225654602
1881,6,21,0.6670038104057312
1882,6,22,0.7390726804733276
1883,6,23,0.6889662742614746
1884,6,24,0.7238982319831848
1885,6,25,0.7056317329406738
1886,6,26,0.7084758281707764
1887,6,27,0.6510339379310608
1888,6,28,0.6252979040145874
1889,6,29,0.7674463987350464
1890,6,30,0.6553435921669006
1891,6,31,0.646628737449646
1892,6,32,0.6333013772964478
1893,6,33,0.6889341473579407
1894,6,34,0.6891840696334839
1895,6,35,0.669873833656311
1896,6,36,0.5878227949142456
1897,6,37,0.6866069436073303
1898,6,38,0.6854431629180908
1899,6,39,0.6792990565299988
1900,6,40,0.7072342038154602
1901,6,41,1.056964635848999
1902,6,42,0.6490920186042786
1903,6,43,0.6332892179489136
1904,6,44,0.88917076587677
1905,6,45,0.6726723909378052
1906,6,46,0.6354383230209351
1907,6,47,0.6685073375701904
1908,6,48,0.6451160311698914
1909,6,49,0.6787289381027222
1910,6,50,0.6602830290794373
1911,6,51,0.6887195706367493
1912,6,52,0.6274803876876831
1913,6,53,0.684855580329895
1914,6,54,0.6912533044815063
1915,6,55,0.59560227394104
1916,6,56,0.6890535354614258
1917,6,57,0.6148912310600281
1918,6,58,0.7291239500045776
1919,6,59,0.7827374339103699
1920,6,60,0.6263653635978699
1921,6,61,0.6916489601135254
1922,6,62,0.6455310583114624
1923,6,63,0.6155346632003784
1924,6,64,0.6485289335250854
1925,6,65,0.6540572047233582
1926,6,66,0.6980469822883606
1927,6,67,0.7048661708831787
1928,6,68,0.7063186764717102
1929,6,69,0.6631016135215759
1930,6,70,0.7865287065505981
1931,6,71,0.7090224027633667
1932,6,72,0.6688363552093506
1933,6,73,0.6000566482543945
1934,6,74,0.6409610509872437
1935,6,75,0.6795954704284668
1936,6,76,0.683860182762146
1937,6,77,0.6260064840316772
1938,6,78,0.6750019788742065
1939,6,79,0.6875177025794983
1940,6,80,0.6326097846031189
1941,6,81,0.6483268141746521
1942,6,82,0.7248720526695251
1943,6,83,0.7257262468338013
1944,6,84,0.6954342126846313
1945,6,85,0.7159650921821594
1946,6,86,0.7038530707359314
1947,6,87,0.6822177171707153
1948,6,88,0.6223596930503845
1949,6,89,0.6999108791351318
1950,6,90,0.5961892008781433
1951,6,91,0.7369670867919922
1952,6,92,0.7095903158187866
1953,6,93,0.6096175312995911
1954,6,94,0.6151641011238098
1955,6,95,0.6441136002540588
1956,6,96,0.6100890040397644
1957,6,97,0.6585850119590759
1958,6,98,0.5882875323295593
1959,6,99,0.5893932580947876
1960,6,100,0.5994270443916321
1961,6,101,0.6236216425895691
1962,6,102,0.5719816088676453
1963,6,103,0.6221151947975159
1964,6,104,0.6824880838394165
1965,6,105,0.638837456703186
1966,6,106,0.6062446236610413
1967,6,107,0.7478889226913452
1968,6,108,0.6338356137275696
1969,6,109,0.6515353322029114
1970,6,110,0.9119199514389038
1971,6,111,0.6184202432632446
1972,6,112,0.7082856297492981
1973,6,113,0.5679136514663696
1974,6,114,0.6267309784889221
1975,6,115,0.6310060620307922
1976,6,116,0.6582847833633423
1977,6,117,0.6450878381729126
1978,6,118,0.7642633318901062
1979,6,119,0.6269302368164062
1980,6,120,0.6435938477516174
1981,6,121,0.6011847853660583
1982,6,122,0.6567341685295105
1983,6,123,0.6238878965377808
1984,6,124,0.606768786907196
1985,6,125,0.6214435696601868
1986,6,126,0.6276602745056152
1987,6,127,0.668642520904541
1988,6,128,0.6024119257926941
1989,6,129,0.6123663783073425
1990,6,130,0.71172034740448
1991,6,131,0.6543636322021484
1992,6,132,0.6494454145431519
1993,6,133,0.6302286386489868
1994,6,134,0.715410590171814
1995,6,135,0.695673942565918
1996,6,136,0.7336912155151367
1997,6,137,0.69313645362854
1998,6,138,0.676268994808197
1999,6,139,0.630746066570282
2000,6,140,0.6094925403594971
2001,6,141,0.6972579956054688
2002,6,142,0.650452733039856
2003,6,143,0.6721949577331543
2004,6,144,0.6109668016433716
2005,6,145,0.6751576662063599
2006,6,146,0.5659046173095703
2007,6,147,0.6114617586135864
2008,6,148,0.6493987441062927
2009,6,149,0.6022173166275024
2010,6,150,0.6743658185005188
2011,6,151,0.6950517892837524
2012,6,152,0.5776617527008057
2013,6,153,0.7098251581192017
2014,6,154,0.6146928071975708
2015,6,155,0.6396253705024719
2016,6,156,0.7107975482940674
2017,6,157,0.6123483180999756
2018,6,158,0.5973259210586548
2019,6,159,0.6686495542526245
2020,6,160,0.6841439008712769
2021,6,161,0.6027212738990784
2022,6,162,0.6001447439193726
2023,6,163,0.5978621244430542
2024,6,164,0.5751530528068542
2025,6,165,0.6320854425430298
2026,6,166,0.6583229899406433
2027,6,167,0.6561380624771118
2028,6,168,0.626177191734314
2029,6,169,0.597472071647644
2030,6,170,0.6735492944717407
2031,6,171,0.7191317081451416
2032,6,172,0.577099621295929
2033,6,173,0.5676213502883911
2034,6,174,0.6517922878265381
2035,6,175,0.5993130207061768
2036,6,176,0.6583212614059448
2037,6,177,0.6587352752685547
2038,6,178,0.5722169876098633
2039,6,179,0.7301946878433228
2040,6,180,0.6491039395332336
2041,6,181,0.584778904914856
2042,6,182,0.5783373117446899
2043,6,183,0.5886351466178894
2044,6,184,0.5781465172767639
2045,6,185,0.6896701455116272
2046,6,186,0.6407124996185303
2047,6,187,0.5979382395744324
2048,6,188,0.5831487774848938
2049,6,189,0.6077434420585632
2050,6,190,0.5687528252601624
2051,6,191,0.6248425841331482
2052,6,192,0.8040951490402222
2053,6,193,0.6293050050735474
2054,6,194,0.5690644979476929
2055,6,195,0.7949241399765015
2056,6,196,0.6039110422134399
2057,6,197,0.593345046043396
2058,6,198,0.5920385122299194
2059,6,199,0.6261857748031616
2060,6,200,0.6225911378860474
2061,6,201,0.6340062618255615
2062,6,202,0.5755079984664917
2063,6,203,0.8264384269714355
2064,6,204,0.5766317248344421
2065,6,205,0.5784448385238647
2066,6,206,0.5727893114089966
2067,6,207,0.5827726125717163
2068,6,208,0.6518274545669556
2069,6,209,0.6408348679542542
2070,6,210,0.6804724931716919
2071,6,211,0.6662088632583618
2072,6,212,0.6183067560195923
2073,6,213,0.6887199878692627
2074,6,214,0.6953970193862915
2075,6,215,0.6448481678962708
2076,6,216,0.5996662974357605
2077,6,217,0.6843379735946655
2078,6,218,0.5751365423202515
2079,6,219,0.6555481553077698
2080,6,220,0.6789957284927368
2081,6,221,0.7909431457519531
2082,6,222,0.5547130107879639
2083,6,223,0.5964959859848022
2084,6,224,0.5969092845916748
2085,6,225,0.568511962890625
2086,6,226,0.8112918734550476
2087,6,227,0.6879490613937378
2088,6,228,0.6450403928756714
2089,6,229,0.7225120663642883
2090,6,230,0.5857530832290649
2091,6,231,0.6572624444961548
2092,6,232,0.611945629119873
2093,6,233,0.6350951194763184
2094,6,234,0.5635141730308533
2095,6,235,0.6303203701972961
2096,6,236,0.6851506233215332
2097,6,237,0.587175190448761
2098,6,238,0.6360118985176086
2099,6,239,0.6356433629989624
2100,6,240,0.5524566769599915
2101,6,241,0.6176488399505615
2102,6,242,0.6207482218742371
2103,6,243,0.6274045705795288
2104,6,244,0.7569252252578735
2105,6,245,0.6340570449829102
2106,6,246,0.5895195603370667
2107,6,247,0.6141027212142944
2108,6,248,0.6498542428016663
2109,6,249,0.7055701017379761
2110,6,250,0.7788015604019165
2111,6,251,0.6563665270805359
2112,6,252,0.6034098267555237
2113,6,253,0.6443704962730408
2114,6,254,0.6464677453041077
2115,6,255,0.6214390993118286
2116,6,256,0.6605150103569031
2117,6,257,0.638569712638855
2118,6,258,0.5861577987670898
2119,6,259,0.6485854387283325
2120,6,260,0.6323076486587524
2121,6,261,0.5879210233688354
2122,6,262,0.5846648812294006
2123,6,263,0.5550187826156616
2124,6,264,0.5998082160949707
2125,6,265,0.5649877786636353
2126,6,266,0.5629791021347046
2127,6,267,0.6217804551124573
2128,6,268,0.5689275860786438
2129,6,269,0.5704852342605591
2130,6,270,0.574954628944397
2131,6,271,0.6295961141586304
2132,6,272,0.5806605219841003
2133,6,273,0.6927888989448547
2134,6,274,0.5295606255531311
2135,6,275,0.5718969106674194
2136,6,276,0.6737480759620667
2137,6,277,0.5702317357063293
2138,6,278,0.5554301142692566
2139,6,279,0.6544109582901001
2140,6,280,0.6110139489173889
2141,6,281,0.5410901308059692
2142,6,282,0.5769737958908081
2143,6,283,0.5778045654296875
2144,6,284,0.6481974720954895
2145,6,285,0.5735092163085938
2146,6,286,0.6014354825019836
2147,6,287,0.5713834762573242
2148,6,288,0.5975561738014221
2149,6,289,0.5915614366531372
2150,6,290,0.5512326955795288
2151,6,291,0.5283461809158325
2152,6,292,0.5470340847969055
2153,6,293,0.5996352434158325
2154,6,294,0.6251474022865295
2155,6,295,0.6805161237716675
2156,6,296,0.5637787580490112
2157,6,297,0.5959082245826721
2158,6,298,0.6809709668159485
2159,6,299,0.6043595671653748
2160,6,300,0.6150674819946289
2161,6,301,0.5766292214393616
2162,6,302,0.5771029591560364
2163,6,303,0.5780773758888245
2164,6,304,0.5829249620437622
2165,6,305,0.5543102025985718
2166,6,306,0.6071711778640747
2167,6,307,0.5413129925727844
2168,6,308,0.6221659183502197
2169,6,309,0.6011092662811279
2170,6,310,0.5659053921699524
2171,6,311,0.6145387887954712
2172,6,312,0.6622141003608704
2173,6,313,0.550672173500061
2174,6,314,0.5966464281082153
2175,6,315,0.5549253225326538
2176,6,316,0.556489109992981
2177,6,317,0.5889908075332642
2178,6,318,0.5368139147758484
2179,6,319,0.6498452425003052
2180,6,320,0.5129761695861816
2181,6,321,0.6076425313949585
2182,6,322,0.5450465679168701
2183,6,323,0.5449894666671753
2184,6,324,0.5603189468383789
2185,6,325,0.590375542640686
2186,6,326,0.5563527345657349
2187,6,327,0.6500369310379028
2188,6,328,0.5853773355484009
2189,6,329,0.5893036127090454
2190,6,330,0.6105296611785889
2191,6,331,0.5322028398513794
2192,6,332,0.66077721118927
2193,6,333,0.5548274517059326
2194,6,334,0.5823926329612732
2195,6,335,0.5917847752571106
2196,6,336,0.6665776968002319
2197,6,337,0.6597491502761841
2198,6,338,0.5986804366111755
2199,6,339,0.5304523706436157
2200,6,340,0.5282325148582458
2201,6,341,0.657641589641571
2202,6,342,0.579429030418396
2203,6,343,0.5215302109718323
2204,6,344,0.6099764108657837
2205,6,345,0.5129486918449402
2206,6,346,0.5292280316352844
2207,6,347,0.5840823650360107
2208,6,348,0.6266692876815796
2209,6,349,0.5860177278518677
2210,6,350,0.5679179430007935
2211,6,351,0.551383912563324
2212,6,352,0.5766513347625732
2213,6,353,0.5761116147041321
2214,6,354,0.502219557762146
2215,6,355,0.5712660551071167
2216,6,356,0.5501655340194702
2217,6,357,0.6211497783660889
2218,6,358,0.7745740413665771
2219,6,359,0.5183954834938049
2220,6,360,0.578771710395813
2221,6,361,0.5757673978805542
2222,6,362,0.6449235677719116
2223,6,363,0.5066229104995728
2224,6,364,0.583937406539917
2225,6,365,0.6075750589370728
2226,6,366,0.53934645652771
2227,6,367,0.552883505821228
2228,6,368,0.5070413947105408
2229,6,369,0.5698785781860352
2230,6,370,0.5406090617179871
2231,6,371,0.5994561314582825
2232,6,372,0.8834265470504761
2233,7,1,0.6476607322692871
2234,7,2,0.5885659456253052
2235,7,3,0.5471426248550415
2236,7,4,0.6122718453407288
2237,7,5,0.5343544483184814
2238,7,6,0.644694447517395
2239,7,7,0.5334204435348511
2240,7,8,0.5629585981369019
2241,7,9,0.5472849607467651
2242,7,10,0.5448105931282043
2243,7,11,0.5350707769393921
2244,7,12,0.5143939256668091
2245,7,13,0.5179284811019897
2246,7,14,0.5736852884292603
2247,7,15,0.6532254219055176
2248,7,16,0.5641769170761108
2249,7,17,0.6087600588798523
2250,7,18,0.6563869118690491
2251,7,19,0.5803573727607727
2252,7,20,0.5745009183883667
2253,7,21,0.4974350035190582
2254,7,22,0.5379402041435242
2255,7,23,0.6480742692947388
2256,7,24,0.5422497987747192
2257,7,25,0.5959182977676392
2258,7,26,0.5206207036972046
2259,7,27,0.5819101929664612
2260,7,28,0.5150089859962463
2261,7,29,0.5055007338523865
2262,7,30,0.5437833666801453
2263,7,31,0.5306657552719116
2264,7,32,0.5410445332527161
2265,7,33,0.5309094190597534
2266,7,34,0.5449879765510559
2267,7,35,0.5639346837997437
2268,7,36,0.5514535307884216
2269,7,37,0.5629844069480896
2270,7,38,0.5715440511703491
2271,7,39,0.5552161931991577
2272,7,40,0.5657714009284973
2273,7,41,0.6482291221618652
2274,7,42,0.49638813734054565
2275,7,43,0.5433082580566406
2276,7,44,0.5492051243782043
2277,7,45,0.5829672813415527
2278,7,46,0.6078945994377136
2279,7,47,0.5514494776725769
2280,7,48,0.49033650755882263
2281,7,49,0.5405036211013794
2282,7,50,0.5464560985565186
2283,7,51,0.5158300995826721
2284,7,52,0.6010566353797913
2285,7,53,0.5221598744392395
2286,7,54,0.5184518694877625
2287,7,55,0.49857431650161743
2288,7,56,0.5198718905448914
2289,7,57,0.6455245018005371
2290,7,58,0.6058680415153503
2291,7,59,0.49417462944984436
2292,7,60,0.6580134034156799
2293,7,61,0.483637273311615
2294,7,62,0.5583516359329224
2295,7,63,0.5647060871124268
2296,7,64,0.5203385949134827
2297,7,65,0.5561468601226807
2298,7,66,0.5052717924118042
2299,7,67,0.5827385783195496
2300,7,68,0.5647716522216797
2301,7,69,0.5513527989387512
2302,7,70,0.512597918510437
2303,7,71,0.6047439575195312
2304,7,72,0.48222970962524414
2305,7,73,0.6073657274246216
2306,7,74,0.4951978325843811
2307,7,75,0.5221939086914062
2308,7,76,0.509566068649292
2309,7,77,0.5588054060935974
2310,7,78,0.47476133704185486
2311,7,79,0.5705217123031616
2312,7,80,0.49275708198547363
2313,7,81,0.540192186832428
2314,7,82,0.5531057119369507
2315,7,83,0.5367766618728638
2316,7,84,0.49013814330101013
2317,7,85,0.5559390783309937
2318,7,86,0.49230247735977173
2319,7,87,0.546745777130127
2320,7,88,0.49014338850975037
2321,7,89,0.5303871631622314
2322,7,90,0.564638078212738
2323,7,91,0.5127612352371216
2324,7,92,0.5484992861747742
2325,7,93,0.5461560487747192
2326,7,94,0.5756159424781799
2327,7,95,0.5631348490715027
2328,7,96,0.5576242208480835
2329,7,97,0.7093068361282349
2330,7,98,0.5429264307022095
2331,7,99,0.5066016912460327
2332,7,100,0.5980300307273865
2333,7,101,0.5063313245773315
2334,7,102,0.5112950801849365
2335,7,103,0.5251742005348206
2336,7,104,0.534183144569397
2337,7,105,0.6211872100830078
2338,7,106,0.5431479811668396
2339,7,107,0.6526504755020142
2340,7,108,0.53388512134552
2341,7,109,0.5631918907165527
2342,7,110,0.5387225151062012
2343,7,111,0.49110037088394165
2344,7,112,0.4903382360935211
2345,7,113,0.4804370403289795
2346,7,114,0.5016974806785583
2347,7,115,0.5062447786331177
2348,7,116,0.5360162854194641
2349,7,117,0.5728064775466919
2350,7,118,0.5341739058494568
2351,7,119,0.5240432024002075
2352,7,120,0.4801156520843506
2353,7,121,0.7579693794250488
2354,7,122,0.49921107292175293
2355,7,123,0.516530454158783
2356,7,124,0.5644406676292419
2357,7,125,0.5190600156784058
2358,7,126,0.4742884039878845
2359,7,127,0.5278957486152649
2360,7,128,0.6075562834739685
2361,7,129,0.6492379307746887
2362,7,130,0.5901715755462646
2363,7,131,0.5964384078979492
2364,7,132,0.49477916955947876
2365,7,133,0.5830271244049072
2366,7,134,0.5140233635902405
2367,7,135,0.5040544271469116
2368,7,136,0.5703317523002625
2369,7,137,0.5313318967819214
2370,7,138,0.5372152328491211
2371,7,139,0.4747975766658783
2372,7,140,0.5508912801742554
2373,7,141,0.49812158942222595
2374,7,142,0.5224155783653259
2375,7,143,0.5327281951904297
2376,7,144,0.5042248368263245
2377,7,145,0.5389742255210876
2378,7,146,0.48048609495162964
2379,7,147,0.49929285049438477
2380,7,148,0.5456640720367432
2381,7,149,0.4958844780921936
2382,7,150,0.5022509694099426
2383,7,151,0.5621284246444702
2384,7,152,0.5439852476119995
2385,7,153,0.5447984933853149
2386,7,154,0.6261435747146606
2387,7,155,0.49177032709121704
2388,7,156,0.6042913198471069
2389,7,157,0.5137985348701477
2390,7,158,0.5652164220809937
2391,7,159,0.4882151484489441
2392,7,160,0.507053554058075
2393,7,161,0.5448499321937561
2394,7,162,0.5024576187133789
2395,7,163,0.5049711465835571
2396,7,164,0.5530695915222168
2397,7,165,0.48188456892967224
2398,7,166,0.5166640281677246
2399,7,167,0.4825344979763031
2400,7,168,0.5031431317329407
2401,7,169,0.6261621713638306
2402,7,170,0.4694248139858246
2403,7,171,0.5230517387390137
2404,7,172,0.49617353081703186
2405,7,173,0.5663775205612183
2406,7,174,0.4827660620212555
2407,7,175,0.5072318315505981
2408,7,176,0.5146199464797974
2409,7,177,0.5122359991073608
2410,7,178,0.49815183877944946
2411,7,179,0.5067204833030701
2412,7,180,0.5816872119903564
2413,7,181,0.5392724871635437
2414,7,182,0.4861062467098236
2415,7,183,0.5310872793197632
2416,7,184,0.4901127815246582
2417,7,185,0.5981829762458801
2418,7,186,0.4992982745170593
2419,7,187,0.5452096462249756
2420,7,188,0.49943485856056213
2421,7,189,0.5088032484054565
2422,7,190,0.4344615936279297
2423,7,191,0.7123354077339172
2424,7,192,0.508720874786377
2425,7,193,0.5043397545814514
2426,7,194,0.6429112553596497
2427,7,195,0.4894598424434662
2428,7,196,0.4824228286743164
2429,7,197,0.4501487612724304
2430,7,198,0.5336340665817261
2431,7,199,0.5181659460067749
2432,7,200,0.5469489693641663
2433,7,201,0.5053863525390625
2434,7,202,0.4780799448490143
2435,7,203,0.5101579427719116
2436,7,204,0.5049098134040833
2437,7,205,0.4877839982509613
2438,7,206,0.5400673747062683
2439,7,207,0.46947431564331055
2440,7,208,0.5520459413528442
2441,7,209,0.548662543296814
2442,7,210,0.4637669026851654
2443,7,211,0.5265420079231262
2444,7,212,0.5012444257736206
2445,7,213,0.49429193139076233
2446,7,214,0.46376389265060425
2447,7,215,0.47371000051498413
2448,7,216,0.47744637727737427
2449,7,217,0.4836280345916748
2450,7,218,0.48166775703430176
2451,7,219,0.4721471667289734
2452,7,220,0.5637856721878052
2453,7,221,0.5493252277374268
2454,7,222,0.5755534172058105
2455,7,223,0.7957938313484192
2456,7,224,0.44490283727645874
2457,7,225,0.5024672150611877
2458,7,226,0.5194939374923706
2459,7,227,0.610492467880249
2460,7,228,0.552085280418396
2461,7,229,0.4900628924369812
2462,7,230,0.5373325347900391
2463,7,231,0.45777907967567444
2464,7,232,0.7307745814323425
2465,7,233,0.47117143869400024
2466,7,234,0.5048810839653015
2467,7,235,0.5419315099716187
2468,7,236,0.4615806043148041
2469,7,237,0.5104074478149414
2470,7,238,0.49645376205444336
2471,7,239,0.5627902746200562
2472,7,240,0.5296937823295593
2473,7,241,0.7488784790039062
2474,7,242,0.5190191864967346
2475,7,243,0.4687883257865906
2476,7,244,0.5454328656196594
2477,7,245,0.4732210636138916
2478,7,246,0.5189629793167114
2479,7,247,0.4921298921108246
2480,7,248,0.48875799775123596
2481,7,249,0.49749308824539185
2482,7,250,0.5229726433753967
2483,7,251,0.46042710542678833
2484,7,252,0.5293728113174438
2485,7,253,0.5236613154411316
2486,7,254,0.46261411905288696
2487,7,255,0.4982340931892395
2488,7,256,0.46939682960510254
2489,7,257,0.5439256429672241
2490,7,258,0.4691193103790283
2491,7,259,0.49984613060951233
2492,7,260,0.4995509088039398
2493,7,261,0.5620168447494507
2494,7,262,0.4555485248565674
2495,7,263,0.5627561807632446
2496,7,264,0.49046698212623596
2497,7,265,0.45536860823631287
2498,7,266,0.42923179268836975
2499,7,267,0.5775514841079712
2500,7,268,0.5512847304344177
2501,7,269,0.4820202887058258
2502,7,270,0.4462321698665619
2503,7,271,0.4888114035129547
2504,7,272,0.5573750138282776
2505,7,273,0.4480428695678711
2506,7,274,0.5478287935256958
2507,7,275,0.4792045056819916
2508,7,276,0.5114893913269043
2509,7,277,0.5774434208869934
2510,7,278,0.5117868185043335
2511,7,279,0.41986384987831116
2512,7,280,0.48348841071128845
2513,7,281,0.4590492248535156
2514,7,282,0.49286800622940063
2515,7,283,0.4761998653411865
2516,7,284,0.4987338185310364
2517,7,285,0.5007489919662476
2518,7,286,0.507391631603241
2519,7,287,0.48177438974380493
2520,7,288,0.4819455146789551
2521,7,289,0.4314137399196625
2522,7,290,0.4667526185512543
2523,7,291,0.5049827098846436
2524,7,292,0.4786005914211273
2525,7,293,0.575248122215271
2526,7,294,0.6400164365768433
2527,7,295,0.54493248462677
2528,7,296,0.5020449757575989
2529,7,297,0.5402281880378723
2530,7,298,0.5239850282669067
2531,7,299,0.4557982385158539
2532,7,300,0.5015900731086731
2533,7,301,0.4676043391227722
2534,7,302,0.4323851466178894
2535,7,303,0.4674682021141052
2536,7,304,0.4261156916618347
2537,7,305,0.457811176776886
2538,7,306,0.45119309425354004
2539,7,307,0.5482571125030518
2540,7,308,0.503640353679657
2541,7,309,0.4990732669830322
2542,7,310,0.45692530274391174
2543,7,311,0.4544399380683899
2544,7,312,0.5947948694229126
2545,7,313,0.49269571900367737
2546,7,314,0.4689486622810364
2547,7,315,0.43875280022621155
2548,7,316,0.623543918132782
2549,7,317,0.5633320212364197
2550,7,318,0.5832201838493347
2551,7,319,0.4832443594932556
2552,7,320,0.4539267420768738
2553,7,321,0.3974124789237976
2554,7,322,0.4874853193759918
2555,7,323,0.527477502822876
2556,7,324,0.5614963173866272
2557,7,325,0.509637176990509
2558,7,326,0.5075132250785828
2559,7,327,0.5662272572517395
2560,7,328,0.48185592889785767
2561,7,329,0.4572768807411194
2562,7,330,0.49893617630004883
2563,7,331,0.4632861018180847
2564,7,332,0.6864296197891235
2565,7,333,0.5512958765029907
2566,7,334,0.5764256715774536
2567,7,335,0.5279490351676941
2568,7,336,0.45251649618148804
2569,7,337,0.5823723077774048
2570,7,338,0.49594706296920776
2571,7,339,0.45310765504837036
2572,7,340,0.502273440361023
2573,7,341,0.4505918025970459
2574,7,342,0.5609925985336304
2575,7,343,0.48128676414489746
2576,7,344,0.48211798071861267
2577,7,345,0.44922932982444763
2578,7,346,0.45294713973999023
2579,7,347,0.5462186932563782
2580,7,348,0.4860212206840515
2581,7,349,0.5703005790710449
2582,7,350,0.5216929912567139
2583,7,351,0.5371485948562622
2584,7,352,0.46678051352500916
2585,7,353,0.522093653678894
2586,7,354,0.4434150755405426
2587,7,355,0.504797101020813
2588,7,356,0.5091142058372498
2589,7,357,0.4763781428337097
2590,7,358,0.7348915338516235
2591,7,359,0.490837424993515
2592,7,360,0.6886081099510193
2593,7,361,0.49486058950424194
2594,7,362,0.472159206867218
2595,7,363,0.47620344161987305
2596,7,364,0.47539645433425903
2597,7,365,0.45966339111328125
2598,7,366,0.5743862390518188
2599,7,367,0.4994884431362152
2600,7,368,0.5212626457214355
2601,7,369,0.5021325349807739
2602,7,370,0.45611733198165894
2603,7,371,0.47531408071517944
2604,7,372,0.7855101227760315
2605,8,1,0.46143627166748047
2606,8,2,0.48149433732032776
2607,8,3,0.49928298592567444
2608,8,4,0.5276246666908264
2609,8,5,0.4160189628601074
2610,8,6,0.42690056562423706
2611,8,7,0.4034862518310547
2612,8,8,0.6366568803787231
2613,8,9,0.4642179608345032
2614,8,10,0.6156214475631714
2615,8,11,0.4667901396751404
2616,8,12,0.5156893730163574
2617,8,13,0.6349934339523315
2618,8,14,0.46040454506874084
2619,8,15,0.6927620768547058
2620,8,16,0.4419483542442322
2621,8,17,0.44390901923179626
2622,8,18,0.4166903495788574
2623,8,19,0.5143937468528748
2624,8,20,0.48480772972106934
2625,8,21,0.5653934478759766
2626,8,22,0.45655307173728943
2627,8,23,0.43128228187561035
2628,8,24,0.46413055062294006
2629,8,25,0.4523942470550537
2630,8,26,0.4456043839454651
2631,8,27,0.454207181930542
2632,8,28,0.4523319602012634
2633,8,29,0.4528656601905823
2634,8,30,0.4695590138435364
2635,8,31,0.5180650353431702
2636,8,32,0.4904044270515442
2637,8,33,0.6097329258918762
2638,8,34,0.3825729489326477
2639,8,35,0.4137367308139801
2640,8,36,0.5195251107215881
2641,8,37,0.53099524974823
2642,8,38,0.47323593497276306
2643,8,39,0.47689089179039
2644,8,40,0.4335872232913971
2645,8,41,0.45236921310424805
2646,8,42,0.5167349576950073
2647,8,43,0.6021970510482788
2648,8,44,0.43402600288391113
2649,8,45,0.4016338288784027
2650,8,46,0.5215989351272583
2651,8,47,0.48692384362220764
2652,8,48,0.48085856437683105
2653,8,49,0.4805693030357361
2654,8,50,0.533203125
2655,8,51,0.4383111894130707
2656,8,52,0.5510216951370239
2657,8,53,0.4658029079437256
2658,8,54,0.5250338912010193
2659,8,55,0.3914174437522888
2660,8,56,0.5697394609451294
2661,8,57,0.4524537920951843
2662,8,58,0.4377082884311676
2663,8,59,0.4159957468509674
2664,8,60,0.49796733260154724
2665,8,61,0.4646618962287903
2666,8,62,0.4605308473110199
2667,8,63,0.5497210025787354
2668,8,64,0.49220624566078186
2669,8,65,0.5023264288902283
2670,8,66,0.4570532739162445
2671,8,67,0.4750252366065979
2672,8,68,0.44675135612487793
2673,8,69,0.47954311966896057
2674,8,70,0.4660463333129883
2675,8,71,0.49905925989151
2676,8,72,0.42528361082077026
2677,8,73,0.43341168761253357
2678,8,74,0.4087003171443939
2679,8,75,0.41245603561401367
2680,8,76,0.44314390420913696
2681,8,77,0.4581845700740814
2682,8,78,0.41211438179016113
2683,8,79,0.6478766202926636
2684,8,80,0.5077773332595825
2685,8,81,0.4532341957092285
2686,8,82,0.4705069959163666
2687,8,83,0.5793107748031616
2688,8,84,0.4218725264072418
2689,8,85,0.4625614285469055
2690,8,86,0.4440416395664215
2691,8,87,0.40507054328918457
2692,8,88,0.45033183693885803
2693,8,89,0.4808616042137146
2694,8,90,0.457374632358551
2695,8,91,0.5076647996902466
2696,8,92,0.4174472391605377
2697,8,93,0.4175354540348053
2698,8,94,0.43642884492874146
2699,8,95,0.4810379445552826
2700,8,96,0.4627138674259186
2701,8,97,0.46200132369995117
2702,8,98,0.3821166157722473
2703,8,99,0.3841537833213806
2704,8,100,0.561556875705719
2705,8,101,0.47717809677124023
2706,8,102,0.4269845485687256
2707,8,103,0.47104281187057495
2708,8,104,0.430258572101593
2709,8,105,0.4788826107978821
2710,8,106,0.4006129801273346
2711,8,107,0.4546439051628113
2712,8,108,0.5131270885467529
2713,8,109,0.43305152654647827
2714,8,110,0.42698320746421814
2715,8,111,0.5252102017402649
2716,8,112,0.3894351124763489
2717,8,113,0.4486468434333801
2718,8,114,0.4187391698360443
2719,8,115,0.4706527292728424
2720,8,116,0.6477891802787781
2721,8,117,0.4589659571647644
2722,8,118,0.41790351271629333
2723,8,119,0.469998300075531
2724,8,120,0.49798423051834106
2725,8,121,0.41308823227882385
2726,8,122,0.46253347396850586
2727,8,123,0.4190026819705963
2728,8,124,0.5046394467353821
2729,8,125,0.44465070962905884
2730,8,126,0.45901283621788025
2731,8,127,0.3947869837284088
2732,8,128,0.38525232672691345
2733,8,129,0.4129675030708313
2734,8,130,0.48037901520729065
2735,8,131,0.4697268009185791
2736,8,132,0.4723333716392517
2737,8,133,0.4494702219963074
2738,8,134,0.37348172068595886
2739,8,135,0.44366246461868286
2740,8,136,0.4956780970096588
2741,8,137,0.4586469531059265
2742,8,138,0.4242859482765198
2743,8,139,0.40575283765792847
2744,8,140,0.5113226175308228
2745,8,141,0.41603174805641174
2746,8,142,0.37570029497146606
2747,8,143,0.4839121699333191
2748,8,144,0.4402483403682709
2749,8,145,0.5026366710662842
2750,8,146,0.4449452757835388
2751,8,147,0.40350884199142456
2752,8,148,0.46477898955345154
2753,8,149,0.48375949263572693
2754,8,150,0.4283725321292877
2755,8,151,0.40843015909194946
2756,8,152,0.4410930573940277
2757,8,153,0.5113430023193359
2758,8,154,0.3753441572189331
2759,8,155,0.4010084271430969
2760,8,156,0.5127826929092407
2761,8,157,0.37938109040260315
2762,8,158,0.410792738199234
2763,8,159,0.39429351687431335
2764,8,160,0.5136775374412537
2765,8,161,0.505441427230835
2766,8,162,0.4011384844779968
2767,8,163,0.46296024322509766
2768,8,164,0.5093223452568054
2769,8,165,0.426151841878891
2770,8,166,0.45210233330726624
2771,8,167,0.428568035364151
2772,8,168,0.5044873356819153
2773,8,169,0.40256452560424805
2774,8,170,0.4111780524253845
2775,8,171,0.45020127296447754
2776,8,172,0.5184438824653625
2777,8,173,0.45231014490127563
2778,8,174,0.4191417694091797
2779,8,175,0.4198274612426758
2780,8,176,0.45254844427108765
2781,8,177,0.40092387795448303
2782,8,178,0.40428003668785095
2783,8,179,0.4647315442562103
2784,8,180,0.4371531009674072
2785,8,181,0.49723225831985474
2786,8,182,0.38140302896499634
2787,8,183,0.36073964834213257
2788,8,184,0.45874151587486267
2789,8,185,0.4437081217765808
2790,8,186,0.41603222489356995
2791,8,187,0.47448477149009705
2792,8,188,0.6871641874313354
2793,8,189,0.5018235445022583
2794,8,190,0.38426852226257324
2795,8,191,0.45451706647872925
2796,8,192,0.4563820958137512
2797,8,193,0.38900405168533325
2798,8,194,0.39766374230384827
2799,8,195,0.3887585997581482
2800,8,196,0.47259068489074707
2801,8,197,0.42967313528060913
2802,8,198,0.42486482858657837
2803,8,199,0.4417378306388855
2804,8,200,0.4722646176815033
2805,8,201,0.4541172385215759
2806,8,202,0.4666844308376312
2807,8,203,0.4529793858528137
2808,8,204,0.4909668564796448
2809,8,205,0.4338969588279724
2810,8,206,0.41000834107398987
2811,8,207,0.6980506181716919
2812,8,208,0.44233769178390503
2813,8,209,0.46197277307510376
2814,8,210,0.4501493573188782
2815,8,211,0.4299265444278717
2816,8,212,0.42259150743484497
2817,8,213,0.5020118951797485
2818,8,214,0.5105761885643005
2819,8,215,0.4605410695075989
2820,8,216,0.46059450507164
2821,8,217,0.43405404686927795
2822,8,218,0.37388092279434204
2823,8,219,0.4353441596031189
2824,8,220,0.4425681233406067
2825,8,221,0.3855211138725281
2826,8,222,0.4259772300720215
2827,8,223,0.39433735609054565
2828,8,224,0.4875904619693756
2829,8,225,0.42139047384262085
2830,8,226,0.4390107989311218
2831,8,227,0.4297727644443512
2832,8,228,0.4455485939979553
2833,8,229,0.4344976544380188
2834,8,230,0.4185708463191986
2835,8,231,0.48561254143714905
2836,8,232,0.40729737281799316
2837,8,233,0.39942091703414917
2838,8,234,0.5301321744918823
2839,8,235,0.43089860677719116
2840,8,236,0.40612444281578064
2841,8,237,0.426616907119751
2842,8,238,0.44135165214538574
2843,8,239,0.4459284842014313
2844,8,240,0.4479845464229584
2845,8,241,0.40716004371643066
2846,8,242,0.4846765995025635
2847,8,243,0.3516691327095032
2848,8,244,0.44364413619041443
2849,8,245,0.3572833240032196
2850,8,246,0.6417323350906372
2851,8,247,0.4305451810359955
2852,8,248,0.3908669054508209
2853,8,249,0.461519330739975
2854,8,250,0.4343199133872986
2855,8,251,0.4333888590335846
2856,8,252,0.4605197310447693
2857,8,253,0.4753383994102478
2858,8,254,0.4082743525505066
2859,8,255,0.4496031701564789
2860,8,256,0.4072052538394928
2861,8,257,0.40477633476257324
2862,8,258,0.43534237146377563
2863,8,259,0.39895373582839966
2864,8,260,0.45998305082321167
2865,8,261,0.369254469871521
2866,8,262,0.6059473156929016
2867,8,263,0.38567256927490234
2868,8,264,0.41271740198135376
2869,8,265,0.48976168036460876
2870,8,266,0.4227356016635895
2871,8,267,0.40177232027053833
2872,8,268,0.4275737702846527
2873,8,269,0.40221142768859863
2874,8,270,0.40870198607444763
2875,8,271,0.4294878840446472
2876,8,272,0.4308333992958069
2877,8,273,0.3993253707885742
2878,8,274,0.45241451263427734
2879,8,275,0.37869277596473694
2880,8,276,0.444949209690094
2881,8,277,0.4476396441459656
2882,8,278,0.46096983551979065
2883,8,279,0.37303778529167175
2884,8,280,0.3739025592803955
2885,8,281,0.460111141204834
2886,8,282,0.43158355355262756
2887,8,283,0.3745657205581665
2888,8,284,0.4504331946372986
2889,8,285,0.5108565092086792
2890,8,286,0.3711819052696228
2891,8,287,0.37223586440086365
2892,8,288,0.40562477707862854
2893,8,289,0.38094276189804077
2894,8,290,0.4106296896934509
2895,8,291,0.4130791127681732
2896,8,292,0.5149494409561157
2897,8,293,0.4062555432319641
2898,8,294,0.3923081159591675
2899,8,295,0.4003676474094391
2900,8,296,0.421851247549057
2901,8,297,0.40395912528038025
2902,8,298,0.3805646002292633
2903,8,299,0.4067090153694153
2904,8,300,0.38431334495544434
2905,8,301,0.4767562747001648
2906,8,302,0.41089552640914917
2907,8,303,0.4013276696205139
2908,8,304,0.44203662872314453
2909,8,305,0.41652756929397583
2910,8,306,0.3978625237941742
2911,8,307,0.427527517080307
2912,8,308,0.5224690437316895
2913,8,309,0.4804317355155945
2914,8,310,0.41641324758529663
2915,8,311,0.4524087905883789
2916,8,312,0.41447702050209045
2917,8,313,0.3603927493095398
2918,8,314,0.40581560134887695
2919,8,315,0.52247154712677
2920,8,316,0.3691632151603699
2921,8,317,0.4250943064689636
2922,8,318,0.49683231115341187
2923,8,319,0.4107271134853363
2924,8,320,0.4033690094947815
2925,8,321,0.41033095121383667
2926,8,322,0.4525689482688904
2927,8,323,0.3822231888771057
2928,8,324,0.49528011679649353
2929,8,325,0.35281914472579956
2930,8,326,0.3872986435890198
2931,8,327,0.3540244996547699
2932,8,328,0.36757224798202515
2933,8,329,0.43565043807029724
2934,8,330,0.5048514008522034
2935,8,331,0.37050196528434753
2936,8,332,0.4828009605407715
2937,8,333,0.4733143746852875
2938,8,334,0.3893842101097107
2939,8,335,0.6943114399909973
2940,8,336,0.3889991343021393
2941,8,337,0.6853979825973511
2942,8,338,0.4490509033203125
2943,8,339,0.35282039642333984
2944,8,340,0.4664408564567566
2945,8,341,0.42614999413490295
2946,8,342,0.4173075556755066
2947,8,343,0.3869980275630951
2948,8,344,0.5894252061843872
2949,8,345,0.4195393919944763
2950,8,346,0.4389945864677429
2951,8,347,0.41142138838768005
2952,8,348,0.37977585196495056
2953,8,349,0.406268835067749
2954,8,350,0.3915767967700958
2955,8,351,0.4197441041469574
2956,8,352,0.3915369212627411
2957,8,353,0.4321323335170746
2958,8,354,0.48448386788368225
2959,8,355,0.3740314543247223
2960,8,356,0.3899211287498474
2961,8,357,0.39549532532691956
2962,8,358,0.4645868241786957
2963,8,359,0.4417838156223297
2964,8,360,0.40797704458236694
2965,8,361,0.388401061296463
2966,8,362,0.4373376965522766
2967,8,363,0.4392297863960266
2968,8,364,0.3732794523239136
2969,8,365,0.4358833432197571
2970,8,366,0.3846917748451233
2971,8,367,0.34294432401657104
2972,8,368,0.3938141465187073
2973,8,369,0.4867538511753082
2974,8,370,0.3473092317581177
2975,8,371,0.4841299057006836
2976,8,372,0.40900400280952454
2977,9,1,0.4137725234031677
2978,9,2,0.4035939574241638
2979,9,3,0.3718627095222473
2980,9,4,0.4004593789577484
2981,9,5,0.4117983877658844
2982,9,6,0.3848622441291809
2983,9,7,0.44581347703933716
2984,9,8,0.43308430910110474
2985,9,9,0.40495961904525757
2986,9,10,0.3924408555030823
2987,9,11,0.4820145070552826
2988,9,12,0.46403568983078003
2989,9,13,0.3570536673069
2990,9,14,0.4200355112552643
2991,9,15,0.38902294635772705
2992,9,16,0.48878464102745056
2993,9,17,0.37299370765686035
2994,9,18,0.3988221287727356
2995,9,19,0.37813061475753784
2996,9,20,0.36017054319381714
2997,9,21,0.4807218015193939
2998,9,22,0.40614986419677734
2999,9,23,0.470811128616333
3000,9,24,0.38107505440711975
3001,9,25,0.46636319160461426
3002,9,26,0.3701555132865906
3003,9,27,0.39876672625541687
3004,9,28,0.4028438627719879
3005,9,29,0.4078660011291504
3006,9,30,0.41027551889419556
3007,9,31,0.46154165267944336
3008,9,32,0.4079974591732025
3009,9,33,0.4018889367580414
3010,9,34,0.37646886706352234
3011,9,35,0.3919522166252136
3012,9,36,0.4484713673591614
3013,9,37,0.42879408597946167
3014,9,38,0.39347535371780396
3015,9,39,0.35888949036598206
3016,9,40,0.4134044051170349
3017,9,41,0.41762155294418335
3018,9,42,0.3863787055015564
3019,9,43,0.3866984248161316
3020,9,44,0.3602258265018463
3021,9,45,0.380558580160141
3022,9,46,0.382120817899704
3023,9,47,0.42710357904434204
3024,9,48,0.3898296356201172
3025,9,49,0.37098056077957153
3026,9,50,0.3635718822479248
3027,9,51,0.3933117687702179
3028,9,52,0.40095263719558716
3029,9,53,0.4140702784061432
3030,9,54,0.38480132818222046
3031,9,55,0.34801146388053894
3032,9,56,0.42754822969436646
3033,9,57,0.3407554030418396
3034,9,58,0.352392315864563
3035,9,59,0.4266556203365326
3036,9,60,0.4550003409385681
3037,9,61,0.36097708344459534
3038,9,62,0.3579607903957367
3039,9,63,0.36439868807792664
3040,9,64,0.39517298340797424
3041,9,65,0.39728909730911255
3042,9,66,0.5158711671829224
3043,9,67,0.3883964419364929
3044,9,68,0.3701759874820709
3045,9,69,0.4186667501926422
3046,9,70,0.3649795651435852
3047,9,71,0.3238782584667206
3048,9,72,0.37493836879730225
3049,9,73,0.3586603105068207
3050,9,74,0.39161694049835205
3051,9,75,0.37741342186927795
3052,9,76,0.3725264072418213
3053,9,77,0.41864198446273804
3054,9,78,0.37123769521713257
3055,9,79,0.43424591422080994
3056,9,80,0.38595882058143616
3057,9,81,0.3872320055961609
3058,9,82,0.45801758766174316
3059,9,83,0.3363320529460907
3060,9,84,0.37507355213165283
3061,9,85,0.4292758107185364
3062,9,86,0.3328940272331238
3063,9,87,0.3521706163883209
3064,9,88,0.43508490920066833
3065,9,89,0.3564676344394684
3066,9,90,0.39601588249206543
3067,9,91,0.4037591814994812
3068,9,92,0.3684544861316681
3069,9,93,0.39970844984054565
3070,9,94,0.4237971901893616
3071,9,95,0.4387471079826355
3072,9,96,0.4544803500175476
3073,9,97,0.4425349235534668
3074,9,98,0.37026089429855347
3075,9,99,0.3593381345272064
3076,9,100,0.35611575841903687
3077,9,101,0.408267080783844
3078,9,102,0.3963623642921448
3079,9,103,0.3606146275997162
3080,9,104,0.3454074263572693
3081,9,105,0.4263460040092468
3082,9,106,0.3273514211177826
3083,9,107,0.36288779973983765
3084,9,108,0.35658493638038635
3085,9,109,0.3595338761806488
3086,9,110,0.45670780539512634
3087,9,111,0.3772432506084442
3088,9,112,0.384355753660202
3089,9,113,0.3702574372291565
3090,9,114,0.3677864074707031
3091,9,115,0.3814374506473541
3092,9,116,0.30769047141075134
3093,9,117,0.37125128507614136
3094,9,118,0.3941929042339325
3095,9,119,0.44450679421424866
3096,9,120,0.3538636267185211
3097,9,121,0.3571537733078003
3098,9,122,0.41214460134506226
3099,9,123,0.6571601629257202
3100,9,124,0.38862308859825134
3101,9,125,0.31631049513816833
3102,9,126,0.36613601446151733
3103,9,127,0.3769448399543762
3104,9,128,0.3704449534416199
3105,9,129,0.3903709053993225
3106,9,130,0.3769248127937317
3107,9,131,0.3239199221134186
3108,9,132,0.41233816742897034
3109,9,133,0.3526894450187683
3110,9,134,0.5635114908218384
3111,9,135,0.8569979667663574
3112,9,136,0.3271412253379822
3113,9,137,0.3487951457500458
3114,9,138,0.3788042366504669
3115,9,139,0.36991962790489197
3116,9,140,0.4086354374885559
3117,9,141,0.3564712703227997
3118,9,142,0.41449445486068726
3119,9,143,0.3958681523799896
3120,9,144,0.4191848635673523
3121,9,145,0.354846715927124
3122,9,146,0.46914559602737427
3123,9,147,0.34413468837738037
3124,9,148,0.41953244805336
3125,9,149,0.37020382285118103
3126,9,150,0.35347503423690796
3127,9,151,0.4179254174232483
3128,9,152,0.3920906186103821
3129,9,153,0.362682044506073
3130,9,154,0.34848105907440186
3131,9,155,0.3673386573791504
3132,9,156,0.3686988651752472
3133,9,157,0.369224488735199
3134,9,158,0.3680720925331116
3135,9,159,0.406220018863678
3136,9,160,0.32862383127212524
3137,9,161,0.40400558710098267
3138,9,162,0.6133577227592468
3139,9,163,0.3479417562484741
3140,9,164,0.37116169929504395
3141,9,165,0.3595067858695984
3142,9,166,0.523895800113678
3143,9,167,0.48643285036087036
3144,9,168,0.5619552731513977
3145,9,169,0.3291151225566864
3146,9,170,0.31860968470573425
3147,9,171,0.3460009694099426
3148,9,172,0.35504329204559326
3149,9,173,0.41569867730140686
3150,9,174,0.39733582735061646
3151,9,175,0.3575345575809479
3152,9,176,0.36372441053390503
3153,9,177,0.3959396481513977
3154,9,178,0.43097400665283203
3155,9,179,0.4115538001060486
3156,9,180,0.3679802119731903
3157,9,181,0.37785834074020386
3158,9,182,0.32558998465538025
3159,9,183,0.4099140167236328
3160,9,184,0.3963209390640259
3161,9,185,0.37563925981521606
3162,9,186,0.40470948815345764
3163,9,187,0.3568645119667053
3164,9,188,0.42278918623924255
3165,9,189,0.6111467480659485
3166,9,190,0.4279358983039856
3167,9,191,0.357212096452713
3168,9,192,0.3501719534397125
3169,9,193,0.3345698118209839
3170,9,194,0.5160921216011047
3171,9,195,0.4572060704231262
3172,9,196,0.3651784062385559
3173,9,197,0.3693719506263733
3174,9,198,0.33286911249160767
3175,9,199,0.4175655245780945
3176,9,200,0.36303234100341797
3177,9,201,0.46178215742111206
3178,9,202,0.4065858721733093
3179,9,203,0.34490686655044556
3180,9,204,0.361571729183197
3181,9,205,0.4486605226993561
3182,9,206,0.3413110077381134
3183,9,207,0.3257382810115814
3184,9,208,0.3119916319847107
3185,9,209,0.3700583577156067
3186,9,210,0.4058130383491516
3187,9,211,0.40116581320762634
3188,9,212,0.6144141554832458
3189,9,213,0.34055668115615845
3190,9,214,0.3840770125389099
3191,9,215,0.35217154026031494
3192,9,216,0.43803349137306213
3193,9,217,0.4511697292327881
3194,9,218,0.3894194960594177
3195,9,219,0.38762181997299194
3196,9,220,0.35162603855133057
3197,9,221,0.3475096821784973
3198,9,222,0.3923235237598419
3199,9,223,0.43969935178756714
3200,9,224,0.32557541131973267
3201,9,225,0.38230013847351074
3202,9,226,0.5129681825637817
3203,9,227,0.49651914834976196
3204,9,228,0.3862811028957367
3205,9,229,0.49403271079063416
3206,9,230,0.4022764265537262
3207,9,231,0.3495773375034332
3208,9,232,0.33621862530708313
3209,9,233,0.3783702850341797
3210,9,234,0.40946847200393677
3211,9,235,0.4005212187767029
3212,9,236,0.35518431663513184
3213,9,237,0.36467042565345764
3214,9,238,0.3806915581226349
3215,9,239,0.3384806215763092
3216,9,240,0.37206992506980896
3217,9,241,0.36333993077278137
3218,9,242,0.42032045125961304
3219,9,243,0.4384605884552002
3220,9,244,0.3249012231826782
3221,9,245,0.3639548420906067
3222,9,246,0.35735395550727844
3223,9,247,0.37715616822242737
3224,9,248,0.3528979420661926
3225,9,249,0.33183813095092773
3226,9,250,0.386778861284256
3227,9,251,0.36796513199806213
3228,9,252,0.3736383318901062
3229,9,253,0.3202475905418396
3230,9,254,0.361502468585968
3231,9,255,0.322575181722641
3232,9,256,0.37475213408470154
3233,9,257,0.3559260070323944
3234,9,258,0.3481176793575287
3235,9,259,0.3427979052066803
3236,9,260,0.3563106954097748
3237,9,261,0.35584166646003723
3238,9,262,0.34095028042793274
3239,9,263,0.3430449068546295
3240,9,264,0.4737020432949066
3241,9,265,0.39698317646980286
3242,9,266,0.3958463966846466
3243,9,267,0.39187368750572205
3244,9,268,0.4078509211540222
3245,9,269,0.3499957323074341
3246,9,270,0.33884257078170776
3247,9,271,0.3646087944507599
3248,9,272,0.4073883891105652
3249,9,273,0.4051189422607422
3250,9,274,0.5106828212738037
3251,9,275,0.4000264108181
3252,9,276,0.3818255364894867
3253,9,277,0.3953959345817566
3254,9,278,0.31581515073776245
3255,9,279,0.344387948513031
3256,9,280,0.3712666630744934
3257,9,281,0.37404125928878784
3258,9,282,0.33838385343551636
3259,9,283,0.3221622109413147
3260,9,284,0.38861283659935
3261,9,285,0.5765500068664551
3262,9,286,0.43431106209754944
3263,9,287,0.35778990387916565
3264,9,288,0.36144086718559265
3265,9,289,0.40564417839050293
3266,9,290,0.4258914589881897
3267,9,291,0.4152909219264984
3268,9,292,0.337333083152771
3269,9,293,0.43055444955825806
3270,9,294,0.36678943037986755
3271,9,295,0.340656042098999
3272,9,296,0.4163762032985687
3273,9,297,0.3338204622268677
3274,9,298,0.355947345495224
3275,9,299,0.40017810463905334
3276,9,300,0.4238673150539398
3277,9,301,0.3617292046546936
3278,9,302,0.333575963973999
3279,9,303,0.3567279577255249
3280,9,304,0.3514231741428375
3281,9,305,0.46681612730026245
3282,9,306,0.30195921659469604
3283,9,307,0.3756842315196991
3284,9,308,0.3157276511192322
3285,9,309,0.7282491326332092
3286,9,310,0.3660716116428375
3287,9,311,0.42601317167282104
3288,9,312,0.4125569760799408
3289,9,313,0.3404495418071747
3290,9,314,0.42379364371299744
3291,9,315,0.3094121813774109
3292,9,316,0.3903712332248688
3293,9,317,0.4181796908378601
3294,9,318,0.379542738199234
3295,9,319,0.35529544949531555
3296,9,320,0.41086822748184204
3297,9,321,0.3791888654232025
3298,9,322,0.3222801089286804
3299,9,323,0.33633896708488464
3300,9,324,0.38043755292892456
3301,9,325,0.32174035906791687
3302,9,326,0.3253200948238373
3303,9,327,0.29060158133506775
3304,9,328,0.3267437815666199
3305,9,329,0.388327419757843
3306,9,330,0.34543484449386597
3307,9,331,0.3908974826335907
3308,9,332,0.400930255651474
3309,9,333,0.377066045999527
3310,9,334,0.43943268060684204
3311,9,335,0.3101157248020172
3312,9,336,0.2969467043876648
3313,9,337,0.33355873823165894
3314,9,338,0.4815262258052826
3315,9,339,0.40024369955062866
3316,9,340,0.3781033158302307
3317,9,341,0.3491024374961853
3318,9,342,0.42827826738357544
3319,9,343,0.364034503698349
3320,9,344,0.4055446982383728
3321,9,345,0.33542802929878235
3322,9,346,0.6173830628395081
3323,9,347,0.379366010427475
3324,9,348,0.34644487500190735
3325,9,349,0.3094213306903839
3326,9,350,0.31035226583480835
3327,9,351,0.36893534660339355
3328,9,352,0.4172436594963074
3329,9,353,0.3731549382209778
3330,9,354,0.365321546792984
3331,9,355,0.3840113580226898
3332,9,356,0.3655099868774414
3333,9,357,0.39576712250709534
3334,9,358,0.3721122443675995
3335,9,359,0.41957888007164
3336,9,360,0.35355502367019653
3337,9,361,0.3454970717430115
3338,9,362,0.3168819844722748
3339,9,363,0.36558273434638977
3340,9,364,0.3405004143714905
3341,9,365,0.323439359664917
3342,9,366,0.398558646440506
3343,9,367,0.33030685782432556
3344,9,368,0.3345891237258911
3345,9,369,0.4055362641811371
3346,9,370,0.44541415572166443
3347,9,371,0.37587758898735046
3348,9,372,0.39095765352249146
3349,10,1,0.3738798499107361
3350,10,2,0.32805266976356506
3351,10,3,0.42157554626464844
3352,10,4,0.3861934542655945
3353,10,5,0.3333999514579773
3354,10,6,0.5209790468215942
3355,10,7,0.34805402159690857
3356,10,8,0.3250732719898224
3357,10,9,0.3794260025024414
3358,10,10,0.3504241406917572
3359,10,11,0.3377082347869873
3360,10,12,0.3423047959804535
3361,10,13,0.29362407326698303
3362,10,14,0.3774428963661194
3363,10,15,0.3703785240650177
3364,10,16,0.3286907374858856
3365,10,17,0.3476829528808594
3366,10,18,0.4039350152015686
3367,10,19,0.3412448763847351
3368,10,20,0.4239431321620941
3369,10,21,0.3264670968055725
3370,10,22,0.3841056525707245
3371,10,23,0.3566197156906128
3372,10,24,0.3545825183391571
3373,10,25,0.3644976019859314
3374,10,26,0.37879395484924316
3375,10,27,0.4605069160461426
3376,10,28,0.4219147562980652
3377,10,29,0.3641307055950165
3378,10,30,0.3305191695690155
3379,10,31,0.42348355054855347
3380,10,32,0.398735374212265
3381,10,33,0.3455653190612793
3382,10,34,0.3543463349342346
3383,10,35,0.34790655970573425
3384,10,36,0.3459070324897766
3385,10,37,0.3371078372001648
3386,10,38,0.34342285990715027
3387,10,39,0.3591233193874359
3388,10,40,0.44596976041793823
3389,10,41,0.3850758969783783
3390,10,42,0.3459039032459259
3391,10,43,0.332463800907135
3392,10,44,0.32178550958633423
3393,10,45,0.38681361079216003
3394,10,46,0.33943971991539
3395,10,47,0.35277724266052246
3396,10,48,0.2993175685405731
3397,10,49,0.3685963749885559
3398,10,50,0.40691789984703064
3399,10,51,0.35899683833122253
3400,10,52,0.3035101592540741
3401,10,53,0.3402830958366394
3402,10,54,0.34846681356430054
3403,10,55,0.2908412516117096
3404,10,56,0.33988869190216064
3405,10,57,0.32269760966300964
3406,10,58,0.3404903709888458
3407,10,59,0.34069809317588806
3408,10,60,0.39702242612838745
3409,10,61,0.33059197664260864
3410,10,62,0.4514857828617096
3411,10,63,0.4181551933288574
3412,10,64,0.29297778010368347
3413,10,65,0.3844330310821533
3414,10,66,0.3528173565864563
3415,10,67,0.33997225761413574
3416,10,68,0.2980620265007019
3417,10,69,0.3101252615451813
3418,10,70,0.31535103917121887
3419,10,71,0.3877350687980652
3420,10,72,0.31069254875183105
3421,10,73,0.3419528901576996
3422,10,74,0.6528403162956238
3423,10,75,0.3404478430747986
3424,10,76,0.4367828369140625
3425,10,77,0.3371087610721588
3426,10,78,0.35118287801742554
3427,10,79,0.3786070942878723
3428,10,80,0.3514430820941925
3429,10,81,0.3075854182243347
3430,10,82,0.38353753089904785
3431,10,83,0.3217830955982208
3432,10,84,0.2787923812866211
3433,10,85,0.29277241230010986
3434,10,86,0.31883475184440613
3435,10,87,0.3037756085395813
3436,10,88,0.37477943301200867
3437,10,89,0.3381040394306183
3438,10,90,0.3499089181423187
3439,10,91,0.3171425759792328
3440,10,92,0.34181249141693115
3441,10,93,0.2669426202774048
3442,10,94,0.37977224588394165
3443,10,95,0.33739715814590454
3444,10,96,0.2769908607006073
3445,10,97,0.45818305015563965
3446,10,98,0.2979723811149597
3447,10,99,0.33670932054519653
3448,10,100,0.28643178939819336
3449,10,101,0.3847895562648773
3450,10,102,0.33690887689590454
3451,10,103,0.3835187256336212
3452,10,104,0.31751781702041626
3453,10,105,0.32458609342575073
3454,10,106,0.3054225742816925
3455,10,107,0.3344201445579529
3456,10,108,0.2925146222114563
3457,10,109,0.34544986486434937
3458,10,110,0.3182913064956665
3459,10,111,0.3760201334953308
3460,10,112,0.3431326150894165
3461,10,113,0.3202262818813324
3462,10,114,0.40999144315719604
3463,10,115,0.2851519286632538
3464,10,116,0.3918170928955078
3465,10,117,0.3871462643146515
3466,10,118,0.36268147826194763
3467,10,119,0.28024205565452576
3468,10,120,0.3439389169216156
3469,10,121,0.30725377798080444
3470,10,122,0.3342744708061218
3471,10,123,0.34740370512008667
3472,10,124,0.3657224774360657
3473,10,125,0.3441212773323059
3474,10,126,0.3309061825275421
3475,10,127,0.290793240070343
3476,10,128,0.4043874740600586
3477,10,129,0.31712907552719116
3478,10,130,0.2921394109725952
3479,10,131,0.27184006571769714
3480,10,132,0.30068981647491455
3481,10,133,0.3122650980949402
3482,10,134,0.2871486246585846
3483,10,135,0.38065555691719055
3484,10,136,0.3618903160095215
3485,10,137,0.35846078395843506
3486,10,138,0.3134211003780365
3487,10,139,0.3807506859302521
3488,10,140,0.33249378204345703
3489,10,141,0.39552053809165955
3490,10,142,0.35193556547164917
3491,10,143,0.3419627845287323
3492,10,144,0.2828647196292877
3493,10,145,0.4392985701560974
3494,10,146,0.35050031542778015
3495,10,147,0.36219170689582825
3496,10,148,0.3605729937553406
3497,10,149,0.3143289089202881
3498,10,150,0.33078694343566895
3499,10,151,0.3524729609489441
3500,10,152,0.3054509162902832
3501,10,153,0.29975831508636475
3502,10,154,0.30132564902305603
3503,10,155,0.29083722829818726
3504,10,156,0.34620824456214905
3505,10,157,0.3808661103248596
3506,10,158,0.33561211824417114
3507,10,159,0.3267061710357666
3508,10,160,0.2763502895832062
3509,10,161,0.3641680181026459
3510,10,162,0.29803723096847534
3511,10,163,0.32323020696640015
3512,10,164,0.339194118976593
3513,10,165,0.38827091455459595
3514,10,166,0.2749524414539337
3515,10,167,0.35929936170578003
3516,10,168,0.4032857418060303
3517,10,169,0.389110267162323
3518,10,170,0.3860691785812378
3519,10,171,0.303803414106369
3520,10,172,0.31422480940818787
3521,10,173,0.40184956789016724
3522,10,174,0.29560279846191406
3523,10,175,0.39983582496643066
3524,10,176,0.33795595169067383
3525,10,177,0.40375909209251404
3526,10,178,0.35265499353408813
3527,10,179,0.40736809372901917
3528,10,180,0.2889530062675476
3529,10,181,0.3605073094367981
3530,10,182,0.33718839287757874
3531,10,183,0.3463755249977112
3532,10,184,0.35523518919944763
3533,10,185,0.330871045589447
3534,10,186,0.30447909235954285
3535,10,187,0.30344828963279724
3536,10,188,0.3663487434387207
3537,10,189,0.3707699179649353
3538,10,190,0.29132407903671265
3539,10,191,0.34876468777656555
3540,10,192,0.47294721007347107
3541,10,193,0.33114463090896606
3542,10,194,0.3227081298828125
3543,10,195,0.3643147051334381
3544,10,196,0.3149378299713135
3545,10,197,0.2882257103919983
3546,10,198,0.3190346360206604
3547,10,199,0.332916259765625
3548,10,200,0.6158300042152405
3549,10,201,0.27666735649108887
3550,10,202,0.3553066849708557
3551,10,203,0.3597152829170227
3552,10,204,0.4993649125099182
3553,10,205,0.35588449239730835
3554,10,206,0.27243420481681824
3555,10,207,0.283158540725708
3556,10,208,0.36100077629089355
3557,10,209,0.40214037895202637
3558,10,210,0.3496662378311157
3559,10,211,0.321437269449234
3560,10,212,0.35835695266723633
3561,10,213,0.3444238305091858
3562,10,214,0.3474404513835907
3563,10,215,0.3166540861129761
3564,10,216,0.39957258105278015
3565,10,217,0.39711636304855347
3566,10,218,0.32909291982650757
3567,10,219,0.33088651299476624
3568,10,220,0.3136886954307556
3569,10,221,0.3242265284061432
3570,10,222,0.37621793150901794
3571,10,223,0.35386037826538086
3572,10,224,0.3374822437763214
3573,10,225,0.3043935000896454
3574,10,226,0.39887410402297974
3575,10,227,0.30095773935317993
3576,10,228,0.36587628722190857
3577,10,229,0.2677389681339264
3578,10,230,0.34050673246383667
3579,10,231,0.30407291650772095
3580,10,232,0.31878989934921265
3581,10,233,0.3514094948768616
3582,10,234,0.2755833864212036
3583,10,235,0.2803155183792114
3584,10,236,0.5485422611236572
3585,10,237,0.2782919108867645
3586,10,238,0.33334940671920776
3587,10,239,0.3296976685523987
3588,10,240,0.49145761132240295
3589,10,241,0.3254319429397583
3590,10,242,0.3498358428478241
3591,10,243,0.2758485674858093
3592,10,244,0.35650327801704407
3593,10,245,0.28525596857070923
3594,10,246,0.2990078926086426
3595,10,247,0.3615991175174713
3596,10,248,0.3015170693397522
3597,10,249,0.31087443232536316
3598,10,250,0.3289864659309387
3599,10,251,0.30613768100738525
3600,10,252,0.39060425758361816
3601,10,253,0.3285464644432068
3602,10,254,0.2776820659637451
3603,10,255,0.4210728108882904
3604,10,256,0.47175079584121704
3605,10,257,0.3307778239250183
3606,10,258,0.3204480707645416
3607,10,259,0.3607444763183594
3608,10,260,0.3548787534236908
3609,10,261,0.29475194215774536
3610,10,262,0.2624398469924927
3611,10,263,0.372117817401886
3612,10,264,0.5360205173492432
3613,10,265,0.31574898958206177
3614,10,266,0.2896711230278015
3615,10,267,0.3657366633415222
3616,10,268,0.3198912739753723
3617,10,269,0.3474932014942169
3618,10,270,0.30384689569473267
3619,10,271,0.3158358633518219
3620,10,272,0.2975001037120819
3621,10,273,0.36704856157302856
3622,10,274,0.35999560356140137
3623,10,275,0.31904396414756775
3624,10,276,0.3460672199726105
3625,10,277,0.3668653070926666
3626,10,278,0.2490224838256836
3627,10,279,0.3677217364311218
3628,10,280,0.3363848030567169
3629,10,281,0.29712051153182983
3630,10,282,0.3202880322933197
3631,10,283,0.3737734258174896
3632,10,284,0.2653405964374542
3633,10,285,0.36110979318618774
3634,10,286,0.3685753345489502
3635,10,287,0.309109091758728
3636,10,288,0.30536922812461853
3637,10,289,0.32595208287239075
3638,10,290,0.27984145283699036
3639,10,291,0.2829599976539612
3640,10,292,0.37627220153808594
3641,10,293,0.33592796325683594
3642,10,294,0.3276861011981964
3643,10,295,0.347057044506073
3644,10,296,0.3343682885169983
3645,10,297,0.30118685960769653
3646,10,298,0.35156604647636414
3647,10,299,0.31232523918151855
3648,10,300,0.3062035143375397
3649,10,301,0.3472140431404114
3650,10,302,0.28115320205688477
3651,10,303,0.36984819173812866
3652,10,304,0.31647470593452454
3653,10,305,0.3102205693721771
3654,10,306,0.3013368248939514
3655,10,307,0.31597092747688293
3656,10,308,0.2895568609237671
3657,10,309,0.3059558868408203
3658,10,310,0.3622439205646515
3659,10,311,0.3305533826351166
3660,10,312,0.3651600480079651
3661,10,313,0.3139319121837616
3662,10,314,0.2975615859031677
3663,10,315,0.2816549241542816
3664,10,316,0.33578938245773315
3665,10,317,0.37132078409194946
3666,10,318,0.3696858286857605
3667,10,319,0.2844173014163971
3668,10,320,0.3061843514442444
3669,10,321,0.3583495020866394
3670,10,322,0.3206002712249756
3671,10,323,0.3001083731651306
3672,10,324,0.23476965725421906
3673,10,325,0.2722831070423126
3674,10,326,0.3339853882789612
3675,10,327,0.6245129704475403
3676,10,328,0.3517581820487976
3677,10,329,0.3021433353424072
3678,10,330,0.27912917733192444
3679,10,331,0.3471865653991699
3680,10,332,0.2624361515045166
3681,10,333,0.3578205406665802
3682,10,334,0.2783189117908478
3683,10,335,0.3088332414627075
3684,10,336,0.2989228665828705
3685,10,337,0.319795697927475
3686,10,338,0.3204939663410187
3687,10,339,0.42694205045700073
3688,10,340,0.33253803849220276
3689,10,341,0.5523173213005066
3690,10,342,0.3680533468723297
3691,10,343,0.2873716950416565
3692,10,344,0.2937796115875244
3693,10,345,0.3207402229309082
3694,10,346,0.32370319962501526
3695,10,347,0.29414108395576477
3696,10,348,0.32260575890541077
3697,10,349,0.3106215000152588
3698,10,350,0.33850714564323425
3699,10,351,0.2745736241340637
3700,10,352,0.3291812539100647
3701,10,353,0.2859841287136078
3702,10,354,0.3019571602344513
3703,10,355,0.33690133690834045
3704,10,356,0.30561381578445435
3705,10,357,0.2845713496208191
3706,10,358,0.442756712436676
3707,10,359,0.29257917404174805
3708,10,360,0.3083723187446594
3709,10,361,0.32563459873199463
3710,10,362,0.3485150933265686
3711,10,363,0.33705174922943115
3712,10,364,0.5728253722190857
3713,10,365,0.2768856883049011
3714,10,366,0.2930876314640045
3715,10,367,0.3278864324092865
3716,10,368,0.3397255539894104
3717,10,369,0.5194934606552124
3718,10,370,0.4009142518043518
3719,10,371,0.2513189911842346
3720,10,372,0.3133665919303894
