global_step,epoch,batch,train_loss
1,1,1,3.4750027656555176
2,1,2,3.126131534576416
3,1,3,2.913750171661377
4,1,4,2.670994997024536
5,1,5,2.330814838409424
6,1,6,2.2226715087890625
7,1,7,1.981424331665039
8,1,8,1.7105042934417725
9,1,9,1.6166455745697021
10,1,10,1.4650636911392212
11,1,11,1.3321285247802734
12,1,12,1.289015769958496
13,1,13,1.1254745721817017
14,1,14,1.2617233991622925
15,1,15,0.9688819646835327
16,1,16,0.9674357175827026
17,1,17,1.0023530721664429
18,1,18,1.027833104133606
19,1,19,0.8414448499679565
20,1,20,0.9211339950561523
21,1,21,1.10335373878479
22,1,22,0.952995777130127
23,1,23,1.0854374170303345
24,1,24,1.0216739177703857
25,1,25,0.9536548852920532
26,1,26,0.7922383546829224
27,1,27,0.9768884778022766
28,1,28,0.6966339349746704
29,1,29,0.8983046412467957
30,1,30,0.6749763488769531
31,1,31,0.7400227785110474
32,1,32,0.8463813662528992
33,1,33,0.9165390729904175
34,1,34,0.8906289935112
35,1,35,1.192114233970642
36,1,36,0.8345133066177368
37,1,37,0.809558093547821
38,1,38,0.6361604928970337
39,1,39,0.7499353289604187
40,1,40,0.5820153951644897
41,1,41,0.7390848398208618
42,1,42,0.7917314767837524
43,1,43,0.6806325912475586
44,1,44,0.6456577777862549
45,1,45,0.6938628554344177
46,1,46,0.8393775224685669
47,1,47,0.7712079286575317
48,1,48,0.5601369738578796
49,1,49,0.549507200717926
50,1,50,0.5781028270721436
51,1,51,0.6863632798194885
52,1,52,0.8185160756111145
53,1,53,0.587738037109375
54,1,54,0.5849918127059937
55,1,55,0.7457767724990845
56,1,56,0.5490721464157104
57,1,57,0.8004404306411743
58,1,58,0.6540611982345581
59,1,59,0.6411961913108826
60,1,60,0.4514215886592865
61,1,61,0.5902345776557922
62,1,62,0.6027504205703735
63,1,63,0.7041229009628296
64,1,64,0.8490563631057739
65,1,65,0.48187384009361267
66,1,66,0.5892154574394226
67,1,67,0.48770660161972046
68,1,68,0.6768029928207397
69,1,69,0.5095467567443848
70,1,70,0.9051626920700073
71,1,71,0.9722393155097961
72,1,72,0.6078001260757446
73,1,73,0.5912050008773804
74,1,74,0.49496960639953613
75,1,75,0.4643435478210449
76,1,76,0.5333089232444763
77,1,77,0.6342068910598755
78,1,78,0.5668954849243164
79,1,79,0.5309725999832153
80,1,80,0.5402928590774536
81,1,81,0.5385056734085083
82,1,82,0.5386319756507874
83,1,83,0.632976233959198
84,1,84,0.6136577129364014
85,1,85,0.5220054984092712
86,1,86,0.517987847328186
87,1,87,0.5199664831161499
88,1,88,0.4701001048088074
89,1,89,0.8701269030570984
90,1,90,0.44020596146583557
91,1,91,0.5708134174346924
92,1,92,0.6741396188735962
93,1,93,0.46145978569984436
94,1,94,0.46969231963157654
95,1,95,0.5587338209152222
96,1,96,0.5111806392669678
97,1,97,0.5209060907363892
98,1,98,0.591825008392334
99,1,99,0.5439098477363586
100,1,100,0.5245112180709839
101,1,101,0.5419905781745911
102,1,102,0.5928629636764526
103,1,103,0.43505388498306274
104,1,104,0.5619413256645203
105,1,105,0.5238008499145508
106,1,106,0.5318629145622253
107,1,107,0.449040025472641
108,1,108,0.5790507197380066
109,1,109,0.5732483863830566
110,1,110,0.4921531677246094
111,1,111,0.4184601306915283
112,1,112,0.4583096504211426
113,1,113,0.4487511217594147
114,1,114,0.5024006366729736
115,1,115,0.5904734134674072
116,1,116,0.48367840051651
117,1,117,0.42325717210769653
118,1,118,0.5048220753669739
119,1,119,0.4592009484767914
120,1,120,0.525002121925354
121,1,121,0.4254375398159027
122,1,122,0.3524899184703827
123,1,123,0.5930144786834717
124,1,124,0.4669443666934967
125,1,125,0.5138201713562012
126,1,126,0.5517598390579224
127,1,127,0.42048636078834534
128,1,128,0.4683539867401123
129,1,129,0.4010537266731262
130,1,130,0.4507361948490143
131,1,131,0.403972327709198
132,1,132,0.4595335125923157
133,1,133,0.5008955597877502
134,1,134,0.4053904414176941
135,1,135,0.3298688530921936
136,1,136,0.5009503960609436
137,1,137,0.44430798292160034
138,1,138,0.45322832465171814
139,1,139,0.46272391080856323
140,1,140,0.47139468789100647
141,1,141,0.4582599699497223
142,1,142,0.46158236265182495
143,1,143,0.41544270515441895
144,1,144,0.37785130739212036
145,1,145,0.5108357071876526
146,1,146,0.4614691734313965
147,1,147,0.4472079873085022
148,1,148,0.5847984552383423
149,1,149,0.4131506383419037
150,1,150,0.4740552306175232
151,1,151,0.5352144837379456
152,1,152,0.47078046202659607
153,1,153,0.3620263338088989
154,1,154,0.5500119924545288
155,1,155,0.43598681688308716
156,1,156,0.4566245973110199
157,1,157,0.44451919198036194
158,1,158,0.43402695655822754
159,1,159,0.3910282552242279
160,1,160,0.5843587517738342
161,1,161,0.4155457615852356
162,1,162,0.5120791792869568
163,1,163,0.32319575548171997
164,1,164,0.36988162994384766
165,1,165,0.5439688563346863
166,1,166,0.37532100081443787
167,1,167,0.825059711933136
168,1,168,0.43064355850219727
169,1,169,0.4069003462791443
170,1,170,0.340636670589447
171,1,171,0.49835848808288574
172,1,172,0.41146111488342285
173,1,173,0.5277137756347656
174,1,174,0.5459454655647278
175,1,175,0.3287513554096222
176,1,176,0.3553234338760376
177,1,177,0.4878820478916168
178,1,178,0.39504969120025635
179,1,179,0.49108630418777466
180,1,180,0.37256866693496704
181,1,181,0.3858104348182678
182,1,182,0.42033839225769043
183,1,183,0.441188246011734
184,1,184,0.5488386750221252
185,1,185,0.3938920795917511
186,1,186,0.4968016743659973
187,1,187,0.4155420660972595
188,1,188,0.5015963912010193
189,1,189,0.4290385842323303
190,1,190,0.7843798398971558
191,1,191,0.393309623003006
192,1,192,0.7834505438804626
193,1,193,0.3856298327445984
194,1,194,0.38707801699638367
195,1,195,0.621837317943573
196,1,196,0.5668734908103943
197,1,197,0.4106976389884949
198,1,198,0.3518761098384857
199,1,199,0.42787057161331177
200,1,200,0.3515703082084656
201,1,201,0.3572804033756256
202,1,202,0.4352729916572571
203,1,203,0.3652663230895996
204,1,204,0.7527660131454468
205,1,205,0.3491987884044647
206,1,206,0.43682417273521423
207,1,207,0.3554953336715698
208,1,208,0.3744642436504364
209,1,209,0.3493332266807556
210,1,210,0.37161630392074585
211,1,211,0.47026175260543823
212,1,212,0.40051978826522827
213,1,213,0.4793512225151062
214,1,214,0.3383086323738098
215,1,215,0.42956870794296265
216,1,216,0.4251619875431061
217,1,217,0.3904683589935303
218,1,218,0.5261035561561584
219,1,219,0.34848663210868835
220,1,220,0.3759510815143585
221,1,221,0.26210325956344604
222,1,222,0.3639727532863617
223,1,223,0.40932169556617737
224,1,224,0.35502347350120544
225,1,225,0.40077462792396545
226,1,226,0.35720095038414
227,1,227,0.3588786721229553
228,1,228,0.4885854125022888
229,1,229,0.3441525995731354
230,1,230,0.3891748785972595
231,1,231,0.40849971771240234
232,1,232,0.4002858102321625
233,1,233,0.6446338295936584
234,1,234,0.3256605863571167
235,1,235,0.37596338987350464
236,1,236,0.4179113507270813
237,1,237,0.3608090281486511
238,1,238,0.35386592149734497
239,1,239,0.4454282224178314
240,1,240,0.548676073551178
241,1,241,0.3757053315639496
242,1,242,0.7787569165229797
243,1,243,0.4001005291938782
244,1,244,0.6815782189369202
245,1,245,0.44873228669166565
246,1,246,0.6167105436325073
247,1,247,0.33935704827308655
248,1,248,0.3769614100456238
249,1,249,0.387886106967926
250,1,250,0.36297935247421265
251,1,251,0.4557115435600281
252,1,252,0.3804752230644226
253,1,253,0.33993151783943176
254,1,254,0.40788936614990234
255,1,255,0.3252950608730316
256,1,256,0.3438529968261719
257,1,257,0.37613916397094727
258,1,258,0.40610313415527344
259,1,259,0.41219383478164673
260,1,260,0.34222713112831116
261,1,261,0.2879297137260437
262,1,262,0.403791606426239
263,1,263,0.3795676529407501
264,1,264,0.4917345643043518
265,1,265,0.2927713990211487
266,1,266,0.37753719091415405
267,1,267,0.36255306005477905
268,1,268,0.4023457169532776
269,1,269,0.34252044558525085
270,1,270,0.37657761573791504
271,1,271,0.3757116496562958
272,1,272,0.2990257143974304
273,1,273,0.34898024797439575
274,1,274,0.3905442953109741
275,1,275,0.4875471591949463
276,1,276,0.38276782631874084
277,1,277,0.3399394154548645
278,1,278,0.402639240026474
279,1,279,0.32884547114372253
280,1,280,0.29459384083747864
281,1,281,0.3496503233909607
282,1,282,0.2840617299079895
283,1,283,0.37200355529785156
284,1,284,0.35828927159309387
285,1,285,0.35390299558639526
286,1,286,0.32633835077285767
287,1,287,0.7451449632644653
288,1,288,0.602134108543396
289,1,289,0.32418566942214966
290,1,290,0.39597874879837036
291,1,291,0.3676746189594269
292,1,292,0.3278481662273407
293,1,293,0.35654446482658386
294,1,294,0.34100237488746643
295,1,295,0.24997802078723907
296,1,296,0.4074857831001282
297,1,297,0.38456761837005615
298,1,298,0.33922523260116577
299,1,299,0.32680004835128784
300,1,300,0.30417484045028687
301,1,301,0.2911974787712097
302,1,302,0.35568058490753174
303,1,303,0.40430688858032227
304,1,304,0.3210597038269043
305,1,305,0.5718798637390137
306,1,306,0.3272179365158081
307,1,307,0.3502214550971985
308,1,308,0.33029675483703613
309,1,309,0.37173062562942505
310,1,310,0.5919038653373718
311,1,311,0.2934723496437073
312,1,312,0.38953468203544617
313,1,313,0.35068458318710327
314,1,314,0.4245939254760742
315,1,315,0.3886968195438385
316,1,316,0.3694201409816742
317,1,317,0.37803786993026733
318,1,318,0.2894945740699768
319,1,319,0.4162663519382477
320,1,320,0.3144625723361969
321,1,321,0.30445531010627747
322,1,322,0.3106571137905121
323,1,323,0.3727318048477173
324,1,324,0.2837520241737366
325,1,325,0.33656907081604004
326,1,326,0.47088661789894104
327,1,327,0.29887503385543823
328,1,328,0.4217155873775482
329,1,329,0.31271541118621826
330,1,330,0.3241710662841797
331,1,331,0.30467066168785095
332,1,332,0.31399786472320557
333,1,333,0.3642232418060303
334,1,334,0.29352495074272156
335,1,335,0.4122103750705719
336,1,336,0.4211495518684387
337,1,337,0.3282271921634674
338,1,338,0.3716093897819519
339,1,339,0.32090356945991516
340,1,340,0.36330360174179077
341,1,341,0.35699883103370667
342,1,342,0.31875357031822205
343,1,343,0.3954409062862396
344,1,344,0.3935134708881378
345,1,345,0.370809942483902
346,1,346,0.3829376697540283
347,1,347,0.452653706073761
348,1,348,0.2673223614692688
349,1,349,0.31864020228385925
350,1,350,0.34627965092658997
351,1,351,0.35257741808891296
352,1,352,0.37758129835128784
353,1,353,0.5031759142875671
354,1,354,0.442657470703125
355,1,355,0.4523024559020996
356,1,356,0.7815247774124146
357,1,357,0.399219274520874
358,1,358,0.43332862854003906
359,1,359,0.311842679977417
360,1,360,0.3559064269065857
361,1,361,0.3293098509311676
362,1,362,0.3574278950691223
363,1,363,0.34511786699295044
364,1,364,0.2504458427429199
365,1,365,0.3719958961009979
366,1,366,0.31861528754234314
367,1,367,0.38169243931770325
368,1,368,0.42408329248428345
369,1,369,0.3609686493873596
370,1,370,0.37462562322616577
371,1,371,0.2923120856285095
372,1,372,0.49484017491340637
373,2,1,0.3029448986053467
374,2,2,0.3565320372581482
375,2,3,0.6966928839683533
376,2,4,0.2876330018043518
377,2,5,0.2624586224555969
378,2,6,0.3516365885734558
379,2,7,0.28123739361763
380,2,8,0.3341914713382721
381,2,9,0.31697186827659607
382,2,10,0.27750164270401
383,2,11,0.2770783305168152
384,2,12,0.38551631569862366
385,2,13,0.2734531760215759
386,2,14,0.3657307028770447
387,2,15,0.2927846312522888
388,2,16,0.3645787537097931
389,2,17,0.2983161211013794
390,2,18,0.2709161043167114
391,2,19,0.33728107810020447
392,2,20,0.2979428470134735
393,2,21,0.34166043996810913
394,2,22,0.26821520924568176
395,2,23,0.3000637888908386
396,2,24,0.30393001437187195
397,2,25,0.29450491070747375
398,2,26,0.2740628123283386
399,2,27,0.3497852683067322
400,2,28,0.37087252736091614
401,2,29,0.30182090401649475
402,2,30,0.2870646119117737
403,2,31,0.35771799087524414
404,2,32,0.3209341764450073
405,2,33,0.32966262102127075
406,2,34,0.2800576090812683
407,2,35,0.37967556715011597
408,2,36,0.46344462037086487
409,2,37,0.2854868769645691
410,2,38,0.27194076776504517
411,2,39,0.28397122025489807
412,2,40,0.25045493245124817
413,2,41,0.3024079203605652
414,2,42,0.28906944394111633
415,2,43,0.2663674056529999
416,2,44,0.2811742424964905
417,2,45,0.33841007947921753
418,2,46,0.3072900176048279
419,2,47,0.3619537949562073
420,2,48,0.3108561635017395
421,2,49,0.31340891122817993
422,2,50,0.35347118973731995
423,2,51,0.2382742166519165
424,2,52,0.35038965940475464
425,2,53,0.3252830505371094
426,2,54,0.40312352776527405
427,2,55,0.3007992208003998
428,2,56,0.28832414746284485
429,2,57,0.3740527629852295
430,2,58,0.37049540877342224
431,2,59,0.33600693941116333
432,2,60,0.3562778830528259
433,2,61,0.3450022339820862
434,2,62,0.4154888093471527
435,2,63,0.30534160137176514
436,2,64,0.4094640612602234
437,2,65,0.30856460332870483
438,2,66,0.3347470164299011
439,2,67,0.2815272808074951
440,2,68,0.3344644010066986
441,2,69,0.7517635822296143
442,2,70,0.2500842213630676
443,2,71,0.2832941710948944
444,2,72,0.36207443475723267
445,2,73,0.27040430903434753
446,2,74,0.32779085636138916
447,2,75,0.3672439455986023
448,2,76,0.2570819854736328
449,2,77,0.3255639374256134
450,2,78,0.31498077511787415
451,2,79,0.28622251749038696
452,2,80,0.30627015233039856
453,2,81,0.2817353904247284
454,2,82,0.35350143909454346
455,2,83,0.2927277684211731
456,2,84,0.24256201088428497
457,2,85,0.381079763174057
458,2,86,0.295857697725296
459,2,87,0.39889729022979736
460,2,88,0.4299388527870178
461,2,89,0.34590956568717957
462,2,90,0.31929901242256165
463,2,91,0.7902997136116028
464,2,92,0.3216579854488373
465,2,93,0.3193623423576355
466,2,94,0.30160918831825256
467,2,95,0.3301491141319275
468,2,96,0.359130322933197
469,2,97,0.2720320224761963
470,2,98,0.24804110825061798
471,2,99,0.31566399335861206
472,2,100,0.3768590986728668
473,2,101,0.33708491921424866
474,2,102,0.31420212984085083
475,2,103,0.33277738094329834
476,2,104,0.29852762818336487
477,2,105,0.2757164239883423
478,2,106,0.25815895199775696
479,2,107,0.342357337474823
480,2,108,0.28335803747177124
481,2,109,0.3986031413078308
482,2,110,0.2691190242767334
483,2,111,0.3230133354663849
484,2,112,0.2811444103717804
485,2,113,0.2442828118801117
486,2,114,0.30195778608322144
487,2,115,0.267367422580719
488,2,116,0.3010665774345398
489,2,117,0.29230958223342896
490,2,118,0.35374465584754944
491,2,119,0.27460649609565735
492,2,120,0.2575274109840393
493,2,121,0.3196342885494232
494,2,122,0.37965574860572815
495,2,123,0.27062445878982544
496,2,124,0.2851240932941437
497,2,125,0.28454941511154175
498,2,126,0.3219252824783325
499,2,127,0.2835097312927246
500,2,128,0.29208695888519287
501,2,129,0.23470190167427063
502,2,130,0.4408213198184967
503,2,131,0.29243409633636475
504,2,132,0.31151285767555237
505,2,133,0.27542465925216675
506,2,134,0.29939010739326477
507,2,135,0.3133384883403778
508,2,136,0.3708696961402893
509,2,137,0.40719279646873474
510,2,138,0.4098551869392395
511,2,139,0.6662750840187073
512,2,140,0.30004972219467163
513,2,141,0.2616925835609436
514,2,142,0.41244563460350037
515,2,143,0.33882540464401245
516,2,144,0.31868651509284973
517,2,145,0.2878137230873108
518,2,146,0.40669068694114685
519,2,147,0.33638590574264526
520,2,148,0.2881946861743927
521,2,149,0.3293657898902893
522,2,150,0.31632885336875916
523,2,151,0.3964557349681854
524,2,152,0.5372329950332642
525,2,153,0.493440717458725
526,2,154,0.3164960741996765
527,2,155,0.3429288864135742
528,2,156,0.32201018929481506
529,2,157,0.32480260729789734
530,2,158,0.31034091114997864
531,2,159,0.6148852109909058
532,2,160,0.3269306719303131
533,2,161,0.2617212235927582
534,2,162,0.27700531482696533
535,2,163,0.318562388420105
536,2,164,0.5134830474853516
537,2,165,0.3319854438304901
538,2,166,0.34137633442878723
539,2,167,0.3438957631587982
540,2,168,0.32352107763290405
541,2,169,0.25122353434562683
542,2,170,0.23162750899791718
543,2,171,0.3181179463863373
544,2,172,0.3401184678077698
545,2,173,0.26361578702926636
546,2,174,0.31411972641944885
547,2,175,0.2888128161430359
548,2,176,0.3073807954788208
549,2,177,0.32310646772384644
550,2,178,0.320984423160553
551,2,179,0.25408878922462463
552,2,180,0.2605534493923187
553,2,181,0.3323645293712616
554,2,182,0.6572823524475098
555,2,183,0.24008646607398987
556,2,184,0.24599316716194153
557,2,185,0.30311092734336853
558,2,186,0.2760787904262543
559,2,187,0.24878612160682678
560,2,188,0.3159802258014679
561,2,189,0.2781396806240082
562,2,190,0.26373225450515747
563,2,191,0.25724679231643677
564,2,192,0.26826947927474976
565,2,193,0.31593894958496094
566,2,194,0.2665788233280182
567,2,195,0.27310711145401
568,2,196,0.2437085211277008
569,2,197,0.30486172437667847
570,2,198,0.2817791998386383
571,2,199,0.30942457914352417
572,2,200,0.31219685077667236
573,2,201,0.2386317253112793
574,2,202,0.22371509671211243
575,2,203,0.3669208884239197
576,2,204,0.278830885887146
577,2,205,0.47366851568222046
578,2,206,0.3118300437927246
579,2,207,0.2270698845386505
580,2,208,0.27078181505203247
581,2,209,0.2463301122188568
582,2,210,0.2634332478046417
583,2,211,0.2896358370780945
584,2,212,0.24716970324516296
585,2,213,0.3048818111419678
586,2,214,0.37951335310935974
587,2,215,0.2559505105018616
588,2,216,0.3282231390476227
589,2,217,0.2572024166584015
590,2,218,0.333890438079834
591,2,219,0.24363581836223602
592,2,220,0.25866666436195374
593,2,221,0.2604212462902069
594,2,222,0.5248444080352783
595,2,223,0.2577384114265442
596,2,224,0.2375173568725586
597,2,225,0.3399502635002136
598,2,226,0.2814498245716095
599,2,227,0.23209576308727264
600,2,228,0.4260554909706116
601,2,229,0.277615487575531
602,2,230,0.24899229407310486
603,2,231,0.24565072357654572
604,2,232,0.32117271423339844
605,2,233,0.281047523021698
606,2,234,0.26968181133270264
607,2,235,0.7036187648773193
608,2,236,0.29624342918395996
609,2,237,0.34767651557922363
610,2,238,0.3723863959312439
611,2,239,0.3629744350910187
612,2,240,0.35156041383743286
613,2,241,0.3064030408859253
614,2,242,0.2657313346862793
615,2,243,0.26907235383987427
616,2,244,0.311368852853775
617,2,245,0.3193194568157196
618,2,246,0.2502146363258362
619,2,247,0.42762836813926697
620,2,248,0.3532964587211609
621,2,249,0.3284941613674164
622,2,250,0.23306874930858612
623,2,251,0.34823018312454224
624,2,252,0.3014073967933655
625,2,253,0.24078693985939026
626,2,254,0.3262484073638916
627,2,255,0.24358832836151123
628,2,256,0.29152828454971313
629,2,257,0.36940112709999084
630,2,258,0.2702300548553467
631,2,259,0.25591668486595154
632,2,260,0.232674241065979
633,2,261,0.2877221703529358
634,2,262,0.2456698715686798
635,2,263,0.2976725697517395
636,2,264,0.2641071677207947
637,2,265,0.3326970338821411
638,2,266,0.26765817403793335
639,2,267,0.29146623611450195
640,2,268,0.30818885564804077
641,2,269,0.3007495701313019
642,2,270,0.3135208487510681
643,2,271,0.252767950296402
644,2,272,0.26201990246772766
645,2,273,0.23314085602760315
646,2,274,0.4178493916988373
647,2,275,0.35299745202064514
648,2,276,0.3661990761756897
649,2,277,0.27025774121284485
650,2,278,0.3530436158180237
651,2,279,0.2936822474002838
652,2,280,0.2894035875797272
653,2,281,0.3626418113708496
654,2,282,0.4272298812866211
655,2,283,0.7994046211242676
656,2,284,0.30039501190185547
657,2,285,0.334003746509552
658,2,286,0.3176669478416443
659,2,287,0.31644800305366516
660,2,288,0.6611879467964172
661,2,289,0.2768723666667938
662,2,290,0.27241796255111694
663,2,291,0.2983447313308716
664,2,292,0.2156262844800949
665,2,293,0.2274942696094513
666,2,294,0.2719312310218811
667,2,295,0.2590533196926117
668,2,296,0.2899813950061798
669,2,297,0.27358952164649963
670,2,298,0.3446511924266815
671,2,299,0.2598751187324524
672,2,300,0.25684618949890137
673,2,301,0.22987934947013855
674,2,302,0.26240232586860657
675,2,303,0.31950822472572327
676,2,304,0.33316078782081604
677,2,305,0.27930405735969543
678,2,306,0.23045296967029572
679,2,307,0.2282877266407013
680,2,308,0.6822670698165894
681,2,309,0.33365142345428467
682,2,310,0.23954176902770996
683,2,311,0.2899438738822937
684,2,312,0.23577892780303955
685,2,313,0.27807652950286865
686,2,314,0.25487902760505676
687,2,315,0.23940062522888184
688,2,316,0.33993610739707947
689,2,317,0.24694044888019562
690,2,318,0.31359022855758667
691,2,319,0.43290647864341736
692,2,320,0.3841637969017029
693,2,321,0.3202506899833679
694,2,322,0.2804804742336273
695,2,323,0.2544350028038025
696,2,324,0.23901423811912537
697,2,325,0.2766146659851074
698,2,326,0.3315747380256653
699,2,327,0.30433234572410583
700,2,328,0.3069918155670166
701,2,329,0.2702670693397522
702,2,330,0.2593356668949127
703,2,331,0.28017115592956543
704,2,332,0.653273344039917
705,2,333,0.2772872745990753
706,2,334,0.2903995215892792
707,2,335,0.313346803188324
708,2,336,0.328435480594635
709,2,337,0.27809903025627136
710,2,338,0.40824398398399353
711,2,339,0.28040459752082825
712,2,340,0.29424476623535156
713,2,341,0.2668449282646179
714,2,342,0.34201472997665405
715,2,343,0.2968140244483948
716,2,344,0.2825986444950104
717,2,345,0.35644909739494324
718,2,346,0.29280728101730347
719,2,347,0.2473059892654419
720,2,348,0.27482470870018005
721,2,349,0.31724101305007935
722,2,350,0.24092891812324524
723,2,351,0.3300080895423889
724,2,352,0.3018834888935089
725,2,353,0.25731852650642395
726,2,354,0.39537739753723145
727,2,355,0.33677735924720764
728,2,356,0.2938435673713684
729,2,357,0.2277410328388214
730,2,358,0.2709950804710388
731,2,359,0.20912392437458038
732,2,360,0.34707173705101013
733,2,361,0.34647321701049805
734,2,362,0.3096466064453125
735,2,363,0.2438826858997345
736,2,364,0.2195499837398529
737,2,365,0.30397921800613403
738,2,366,0.25964587926864624
739,2,367,0.2322572022676468
740,2,368,0.2380264550447464
741,2,369,0.27145496010780334
742,2,370,0.30065473914146423
743,2,371,0.2392745316028595
744,2,372,0.2544143795967102
745,3,1,0.201679989695549
746,3,2,0.25183242559432983
747,3,3,0.2162948101758957
748,3,4,0.28901591897010803
749,3,5,0.2197786569595337
750,3,6,0.33716148138046265
751,3,7,0.2646499574184418
752,3,8,0.2762187719345093
753,3,9,0.2511189579963684
754,3,10,0.23904097080230713
755,3,11,0.23684611916542053
756,3,12,0.312448114156723
757,3,13,0.22756746411323547
758,3,14,0.255814790725708
759,3,15,0.22555570304393768
760,3,16,0.3081738352775574
761,3,17,0.26214879751205444
762,3,18,0.2935635447502136
763,3,19,0.24641187489032745
764,3,20,0.2590627074241638
765,3,21,0.561008870601654
766,3,22,0.22097992897033691
767,3,23,0.26469212770462036
768,3,24,0.19866390526294708
769,3,25,0.3357352614402771
770,3,26,0.27403631806373596
771,3,27,0.28169092535972595
772,3,28,0.23528237640857697
773,3,29,0.23660936951637268
774,3,30,0.2579893469810486
775,3,31,0.27606862783432007
776,3,32,0.27634525299072266
777,3,33,0.27267587184906006
778,3,34,0.2881169319152832
779,3,35,0.2997116148471832
780,3,36,0.29072317481040955
781,3,37,0.2911100387573242
782,3,38,0.2855154871940613
783,3,39,0.2516123652458191
784,3,40,0.25086814165115356
785,3,41,0.2187751978635788
786,3,42,0.26587972044944763
787,3,43,0.36410316824913025
788,3,44,0.2609800398349762
789,3,45,0.22170031070709229
790,3,46,0.2511706054210663
791,3,47,0.22383606433868408
792,3,48,0.26188236474990845
793,3,49,0.2732030749320984
794,3,50,0.3134569227695465
795,3,51,0.61094731092453
796,3,52,0.2816581428050995
797,3,53,0.21324554085731506
798,3,54,0.24051447212696075
799,3,55,0.3169994056224823
800,3,56,0.29029157757759094
801,3,57,0.2410941869020462
802,3,58,0.21521881222724915
803,3,59,0.5202139616012573
804,3,60,0.27797645330429077
805,3,61,0.3487483859062195
806,3,62,0.24007411301136017
807,3,63,0.32848241925239563
808,3,64,0.27814561128616333
809,3,65,0.2753443419933319
810,3,66,0.21783211827278137
811,3,67,0.24637386202812195
812,3,68,0.33162668347358704
813,3,69,0.2448090761899948
814,3,70,0.303835928440094
815,3,71,0.24609681963920593
816,3,72,0.2115640938282013
817,3,73,0.2484414279460907
818,3,74,0.2437002956867218
819,3,75,0.2328498363494873
820,3,76,0.2918086051940918
821,3,77,0.289018839597702
822,3,78,0.21428930759429932
823,3,79,0.27500396966934204
824,3,80,0.19137445092201233
825,3,81,0.512204647064209
826,3,82,0.2986372709274292
827,3,83,0.35846632719039917
828,3,84,0.2552359402179718
829,3,85,0.22043344378471375
830,3,86,0.3325917720794678
831,3,87,0.32630419731140137
832,3,88,0.2680690586566925
833,3,89,0.265074223279953
834,3,90,0.23423996567726135
835,3,91,0.22798947989940643
836,3,92,0.2702788710594177
837,3,93,0.3026350140571594
838,3,94,0.23088769614696503
839,3,95,0.22735831141471863
840,3,96,0.28891515731811523
841,3,97,0.28586381673812866
842,3,98,0.2582731544971466
843,3,99,0.28446900844573975
844,3,100,0.31048640608787537
845,3,101,0.4130730628967285
846,3,102,0.32913321256637573
847,3,103,0.24408283829689026
848,3,104,0.23277373611927032
849,3,105,0.2483092099428177
850,3,106,0.25105592608451843
851,3,107,0.28829559683799744
852,3,108,0.24315305054187775
853,3,109,0.23819079995155334
854,3,110,0.2259301394224167
855,3,111,0.43061643838882446
856,3,112,0.2070833146572113
857,3,113,0.21719546616077423
858,3,114,0.2579062581062317
859,3,115,0.2656240165233612
860,3,116,0.26426470279693604
861,3,117,0.24451971054077148
862,3,118,0.23179371654987335
863,3,119,0.2471250593662262
864,3,120,0.28212639689445496
865,3,121,0.28304892778396606
866,3,122,0.26942458748817444
867,3,123,0.2820803225040436
868,3,124,0.21626372635364532
869,3,125,0.3087439239025116
870,3,126,0.2866448760032654
871,3,127,0.2697843015193939
872,3,128,0.3929327130317688
873,3,129,0.22406232357025146
874,3,130,0.28013068437576294
875,3,131,0.26219603419303894
876,3,132,0.37920230627059937
877,3,133,0.22362196445465088
878,3,134,0.34526729583740234
879,3,135,0.267448365688324
880,3,136,0.2842143774032593
881,3,137,0.4233807921409607
882,3,138,0.2599342465400696
883,3,139,0.5467527508735657
884,3,140,0.2817411720752716
885,3,141,0.25495487451553345
886,3,142,0.32049524784088135
887,3,143,0.24728696048259735
888,3,144,0.2731488347053528
889,3,145,0.2611787021160126
890,3,146,0.2594621479511261
891,3,147,0.2610583007335663
892,3,148,0.35157689452171326
893,3,149,0.27492740750312805
894,3,150,0.3908514380455017
895,3,151,0.29179877042770386
896,3,152,0.22216041386127472
897,3,153,0.26066797971725464
898,3,154,0.2142459899187088
899,3,155,0.2262919396162033
900,3,156,0.24549336731433868
901,3,157,0.33031609654426575
902,3,158,0.2386694699525833
903,3,159,0.2771449685096741
904,3,160,0.3070562481880188
905,3,161,0.24298076331615448
906,3,162,0.30307453870773315
907,3,163,0.27517834305763245
908,3,164,0.24627909064292908
909,3,165,0.3093348741531372
910,3,166,0.23044033348560333
911,3,167,0.21167580783367157
912,3,168,0.4267050325870514
913,3,169,0.24584321677684784
914,3,170,0.2760240435600281
915,3,171,0.3185103237628937
916,3,172,0.2914387583732605
917,3,173,0.21774904429912567
918,3,174,0.24727566540241241
919,3,175,0.2748721241950989
920,3,176,0.2703963816165924
921,3,177,0.2373671531677246
922,3,178,0.21103601157665253
923,3,179,0.2788861393928528
924,3,180,0.210672527551651
925,3,181,0.23723313212394714
926,3,182,0.24920916557312012
927,3,183,0.4628414511680603
928,3,184,0.24259397387504578
929,3,185,0.2515839636325836
930,3,186,0.3520997166633606
931,3,187,0.3171594440937042
932,3,188,0.25208696722984314
933,3,189,0.27202069759368896
934,3,190,0.6722780466079712
935,3,191,0.27789026498794556
936,3,192,0.23863832652568817
937,3,193,0.23191459476947784
938,3,194,0.35104697942733765
939,3,195,0.28812310099601746
940,3,196,0.7486335635185242
941,3,197,0.30991166830062866
942,3,198,0.26334038376808167
943,3,199,0.26101917028427124
944,3,200,0.2652677893638611
945,3,201,0.3273988962173462
946,3,202,0.304517924785614
947,3,203,0.42146459221839905
948,3,204,0.17416806519031525
949,3,205,0.24634020030498505
950,3,206,0.3985194265842438
951,3,207,0.209938645362854
952,3,208,0.3164169192314148
953,3,209,0.25041332840919495
954,3,210,0.30841898918151855
955,3,211,0.25848865509033203
956,3,212,0.29970037937164307
957,3,213,0.3744780421257019
958,3,214,0.1999882161617279
959,3,215,0.3038952350616455
960,3,216,0.30090993642807007
961,3,217,0.2397279441356659
962,3,218,0.2770934998989105
963,3,219,0.2585718035697937
964,3,220,0.2432221621274948
965,3,221,0.2645301818847656
966,3,222,0.273420512676239
967,3,223,0.2999412417411804
968,3,224,0.219600647687912
969,3,225,0.25082284212112427
970,3,226,0.3372299075126648
971,3,227,0.2386121302843094
972,3,228,0.2549545168876648
973,3,229,0.23935799300670624
974,3,230,0.2877157926559448
975,3,231,0.2068914920091629
976,3,232,0.3992423117160797
977,3,233,0.2900868058204651
978,3,234,0.24559371173381805
979,3,235,0.22566692531108856
980,3,236,0.5809571146965027
981,3,237,0.26308295130729675
982,3,238,0.24253718554973602
983,3,239,0.26920491456985474
984,3,240,0.2563023567199707
985,3,241,0.23019394278526306
986,3,242,0.24595358967781067
987,3,243,0.2334076464176178
988,3,244,0.3069149851799011
989,3,245,0.2118835747241974
990,3,246,0.26737409830093384
991,3,247,0.30678483843803406
992,3,248,0.25937050580978394
993,3,249,0.26025956869125366
994,3,250,0.27213388681411743
995,3,251,0.24868014454841614
996,3,252,0.24042968451976776
997,3,253,0.5811086893081665
998,3,254,0.2529914379119873
999,3,255,0.33244091272354126
1000,3,256,0.26004406809806824
1001,3,257,0.26870501041412354
1002,3,258,0.28257542848587036
1003,3,259,0.24247777462005615
1004,3,260,0.24504351615905762
1005,3,261,0.28687241673469543
1006,3,262,0.276032030582428
1007,3,263,0.23887963593006134
1008,3,264,0.32719582319259644
1009,3,265,0.193584606051445
1010,3,266,0.6828718185424805
1011,3,267,0.33156248927116394
1012,3,268,0.23967576026916504
1013,3,269,0.24511238932609558
1014,3,270,0.28011712431907654
1015,3,271,0.26364845037460327
1016,3,272,0.2298196256160736
1017,3,273,0.21074768900871277
1018,3,274,0.2803639769554138
1019,3,275,0.27817684412002563
1020,3,276,0.22682881355285645
1021,3,277,0.2657761573791504
1022,3,278,0.24903687834739685
1023,3,279,0.2981235086917877
1024,3,280,0.2642735242843628
1025,3,281,0.28892192244529724
1026,3,282,0.2569641172885895
1027,3,283,0.2896682918071747
1028,3,284,0.303888738155365
1029,3,285,0.2518440783023834
1030,3,286,0.20905892550945282
1031,3,287,0.3015316128730774
1032,3,288,0.6567608714103699
1033,3,289,0.2070191651582718
1034,3,290,0.36903539299964905
1035,3,291,0.22472791373729706
1036,3,292,0.2839187979698181
1037,3,293,0.21328869462013245
1038,3,294,0.2742764353752136
1039,3,295,0.27531561255455017
1040,3,296,0.19141322374343872
1041,3,297,0.2511492669582367
1042,3,298,0.2528742253780365
1043,3,299,0.2281721532344818
1044,3,300,0.23561067879199982
1045,3,301,0.32291364669799805
1046,3,302,0.4114094376564026
1047,3,303,0.24442048370838165
1048,3,304,0.31660252809524536
1049,3,305,0.3072195053100586
1050,3,306,0.24698500335216522
1051,3,307,0.30738356709480286
1052,3,308,0.23136520385742188
1053,3,309,0.22766289114952087
1054,3,310,0.24592463672161102
1055,3,311,0.19017986953258514
1056,3,312,0.23201294243335724
1057,3,313,0.22277769446372986
1058,3,314,0.2546493411064148
1059,3,315,0.3704010248184204
1060,3,316,0.2736491560935974
1061,3,317,0.21905145049095154
1062,3,318,0.24385976791381836
1063,3,319,0.3107049763202667
1064,3,320,0.3077109754085541
1065,3,321,0.30290138721466064
1066,3,322,0.2781986594200134
1067,3,323,0.2139197289943695
1068,3,324,0.2753290832042694
1069,3,325,0.2650916278362274
1070,3,326,0.2715699076652527
1071,3,327,0.22778542339801788
1072,3,328,0.2508227825164795
1073,3,329,0.24545034766197205
1074,3,330,0.2687382102012634
1075,3,331,0.21556635200977325
1076,3,332,0.29020196199417114
1077,3,333,0.36685076355934143
1078,3,334,0.2745088040828705
1079,3,335,0.22270432114601135
1080,3,336,0.23160266876220703
1081,3,337,0.21771474182605743
1082,3,338,0.2811870872974396
1083,3,339,0.30721592903137207
1084,3,340,0.22419027984142303
1085,3,341,0.25455448031425476
1086,3,342,0.3734935224056244
1087,3,343,0.23783138394355774
1088,3,344,0.3047722280025482
1089,3,345,0.28329381346702576
1090,3,346,0.24402454495429993
1091,3,347,0.290671169757843
1092,3,348,0.20812252163887024
1093,3,349,0.27482157945632935
1094,3,350,0.2822560667991638
1095,3,351,0.26686617732048035
1096,3,352,0.22503308951854706
1097,3,353,0.1934013068675995
1098,3,354,0.28273552656173706
1099,3,355,0.20085963606834412
1100,3,356,0.2890397906303406
1101,3,357,0.23255474865436554
1102,3,358,0.2582910656929016
1103,3,359,0.2724930942058563
1104,3,360,0.2539480924606323
1105,3,361,0.26827794313430786
1106,3,362,0.2433873862028122
1107,3,363,0.2883898615837097
1108,3,364,0.2326444834470749
1109,3,365,0.3497089147567749
1110,3,366,0.25640761852264404
1111,3,367,0.2974313497543335
1112,3,368,0.32604876160621643
1113,3,369,0.24349530041217804
1114,3,370,0.24924536049365997
1115,3,371,0.28333577513694763
1116,3,372,0.276750385761261
1117,4,1,0.2980266213417053
1118,4,2,0.37479516863822937
1119,4,3,0.20898249745368958
1120,4,4,0.24004025757312775
1121,4,5,0.3234739899635315
1122,4,6,0.285791277885437
1123,4,7,0.2369777411222458
1124,4,8,0.3301509916782379
1125,4,9,0.25652092695236206
1126,4,10,0.22168166935443878
1127,4,11,0.2194269448518753
1128,4,12,0.2638055086135864
1129,4,13,0.23479871451854706
1130,4,14,0.25195497274398804
1131,4,15,0.23906174302101135
1132,4,16,0.24545028805732727
1133,4,17,0.2748803496360779
1134,4,18,0.216574028134346
1135,4,19,0.2710414230823517
1136,4,20,0.25296956300735474
1137,4,21,0.19414213299751282
1138,4,22,0.22967734932899475
1139,4,23,0.2320798933506012
1140,4,24,0.27716749906539917
1141,4,25,0.2008955031633377
1142,4,26,0.24908730387687683
1143,4,27,0.24330607056617737
1144,4,28,0.2197522670030594
1145,4,29,0.26317650079727173
1146,4,30,0.24433282017707825
1147,4,31,0.5577123761177063
1148,4,32,0.25978970527648926
1149,4,33,0.20777618885040283
1150,4,34,0.21493861079216003
1151,4,35,0.3309413492679596
1152,4,36,0.24605336785316467
1153,4,37,0.22074536979198456
1154,4,38,0.2371656894683838
1155,4,39,0.3045010566711426
1156,4,40,0.3364335298538208
1157,4,41,0.21105031669139862
1158,4,42,0.20607593655586243
1159,4,43,0.24070608615875244
1160,4,44,0.2375202625989914
1161,4,45,0.2995624840259552
1162,4,46,0.2535918354988098
1163,4,47,0.24171605706214905
1164,4,48,0.2297869622707367
1165,4,49,0.2561681568622589
1166,4,50,0.47073960304260254
1167,4,51,0.3058309257030487
1168,4,52,0.24376888573169708
1169,4,53,0.24349963665008545
1170,4,54,0.3530019521713257
1171,4,55,0.20990952849388123
1172,4,56,0.1693095862865448
1173,4,57,0.2997988760471344
1174,4,58,0.21302548050880432
1175,4,59,0.5216970443725586
1176,4,60,0.3111230134963989
1177,4,61,0.22034259140491486
1178,4,62,0.22419652342796326
1179,4,63,0.29007160663604736
1180,4,64,0.20516939461231232
1181,4,65,0.23892387747764587
1182,4,66,0.2381242960691452
1183,4,67,0.23271524906158447
1184,4,68,0.23685593903064728
1185,4,69,0.26309800148010254
1186,4,70,0.21702317893505096
1187,4,71,0.20707912743091583
1188,4,72,0.3113706707954407
1189,4,73,0.26151376962661743
1190,4,74,0.25824540853500366
1191,4,75,0.27069544792175293
1192,4,76,0.2205808162689209
1193,4,77,0.2671912908554077
1194,4,78,0.18780352175235748
1195,4,79,0.1979576051235199
1196,4,80,0.22043363749980927
1197,4,81,0.1800806075334549
1198,4,82,0.19555218517780304
1199,4,83,0.2527376413345337
1200,4,84,0.2807796895503998
1201,4,85,0.32794392108917236
1202,4,86,0.28059205412864685
1203,4,87,0.19298389554023743
1204,4,88,0.20754209160804749
1205,4,89,0.27150407433509827
1206,4,90,0.24050161242485046
1207,4,91,0.2813188433647156
1208,4,92,0.23743276298046112
1209,4,93,0.2682112455368042
1210,4,94,0.4766468107700348
1211,4,95,0.22100934386253357
1212,4,96,0.3060174584388733
1213,4,97,0.22496072947978973
1214,4,98,0.23701445758342743
1215,4,99,0.2963903546333313
1216,4,100,0.29303398728370667
1217,4,101,0.308771550655365
1218,4,102,0.251324325799942
1219,4,103,0.27244147658348083
1220,4,104,0.2306707799434662
1221,4,105,0.18976931273937225
1222,4,106,0.3106800615787506
1223,4,107,0.2793664336204529
1224,4,108,0.33021432161331177
1225,4,109,0.2783046364784241
1226,4,110,0.22069498896598816
1227,4,111,0.19243259727954865
1228,4,112,0.2219051569700241
1229,4,113,0.23960967361927032
1230,4,114,0.2579578757286072
1231,4,115,0.24825839698314667
1232,4,116,0.2541499733924866
1233,4,117,0.1817965805530548
1234,4,118,0.19433701038360596
1235,4,119,0.24995779991149902
1236,4,120,0.22774438560009003
1237,4,121,0.26287561655044556
1238,4,122,0.6120225787162781
1239,4,123,0.18311801552772522
1240,4,124,0.24519553780555725
1241,4,125,0.2173893004655838
1242,4,126,0.23237018287181854
1243,4,127,0.2606423497200012
1244,4,128,0.2411026954650879
1245,4,129,0.2584838271141052
1246,4,130,0.2375616729259491
1247,4,131,0.4838744103908539
1248,4,132,0.23817384243011475
1249,4,133,0.2792961001396179
1250,4,134,0.2208067625761032
1251,4,135,0.344482421875
1252,4,136,0.23423831164836884
1253,4,137,0.2363671064376831
1254,4,138,0.23473116755485535
1255,4,139,0.3425382077693939
1256,4,140,0.2504752278327942
1257,4,141,0.4898281693458557
1258,4,142,0.257177472114563
1259,4,143,0.19375893473625183
1260,4,144,0.24324393272399902
1261,4,145,0.2935057580471039
1262,4,146,0.2894247770309448
1263,4,147,0.2891404628753662
1264,4,148,0.21224510669708252
1265,4,149,0.26888835430145264
1266,4,150,0.32655301690101624
1267,4,151,0.22758367657661438
1268,4,152,0.26307743787765503
1269,4,153,0.2867000699043274
1270,4,154,0.24755355715751648
1271,4,155,0.32144787907600403
1272,4,156,0.24509947001934052
1273,4,157,0.2943657636642456
1274,4,158,0.27907902002334595
1275,4,159,0.2692507207393646
1276,4,160,0.25274866819381714
1277,4,161,0.23177114129066467
1278,4,162,0.24365565180778503
1279,4,163,0.23938056826591492
1280,4,164,0.30117514729499817
1281,4,165,0.28423264622688293
1282,4,166,0.27078577876091003
1283,4,167,0.2695109248161316
1284,4,168,0.3537426292896271
1285,4,169,0.25769826769828796
1286,4,170,0.23108160495758057
1287,4,171,0.24052555859088898
1288,4,172,0.22412128746509552
1289,4,173,0.2206915318965912
1290,4,174,0.3179194927215576
1291,4,175,0.3294592797756195
1292,4,176,0.29238787293434143
1293,4,177,0.24619702994823456
1294,4,178,0.19937868416309357
1295,4,179,0.25758159160614014
1296,4,180,0.2216242104768753
1297,4,181,0.2881618142127991
1298,4,182,0.1829829066991806
1299,4,183,0.2553206980228424
1300,4,184,0.23844845592975616
1301,4,185,0.23938505351543427
1302,4,186,0.2544909715652466
1303,4,187,0.251154363155365
1304,4,188,0.2556893229484558
1305,4,189,0.21409845352172852
1306,4,190,0.2889171242713928
1307,4,191,0.20402690768241882
1308,4,192,0.2885938286781311
1309,4,193,0.1991068422794342
1310,4,194,0.24493825435638428
1311,4,195,0.2182374894618988
1312,4,196,0.29582810401916504
1313,4,197,0.24908876419067383
1314,4,198,0.2321539670228958
1315,4,199,0.1982836127281189
1316,4,200,0.24417610466480255
1317,4,201,0.25238582491874695
1318,4,202,0.29498738050460815
1319,4,203,0.24187949299812317
1320,4,204,0.5374990701675415
1321,4,205,0.26835936307907104
1322,4,206,0.24557049572467804
1323,4,207,0.22793512046337128
1324,4,208,0.28248846530914307
1325,4,209,0.21706917881965637
1326,4,210,0.2715073227882385
1327,4,211,0.4384680688381195
1328,4,212,0.2481500655412674
1329,4,213,0.3171411156654358
1330,4,214,0.20986290276050568
1331,4,215,0.23262377083301544
1332,4,216,0.2280234545469284
1333,4,217,0.28920385241508484
1334,4,218,0.2641821503639221
1335,4,219,0.1800774335861206
1336,4,220,0.2385665476322174
1337,4,221,0.24877679347991943
1338,4,222,0.23688478767871857
1339,4,223,0.237076073884964
1340,4,224,0.2818256616592407
1341,4,225,0.22714075446128845
1342,4,226,0.26736366748809814
1343,4,227,0.23420028388500214
1344,4,228,0.2748796343803406
1345,4,229,0.3732079863548279
1346,4,230,0.18278464674949646
1347,4,231,0.2350272238254547
1348,4,232,0.19203919172286987
1349,4,233,0.26660215854644775
1350,4,234,0.24086861312389374
1351,4,235,0.2651115357875824
1352,4,236,0.27449706196784973
1353,4,237,0.2549903690814972
1354,4,238,0.2989540994167328
1355,4,239,0.21421203017234802
1356,4,240,0.20348377525806427
1357,4,241,0.23268595337867737
1358,4,242,0.21314063668251038
1359,4,243,0.2080352008342743
1360,4,244,0.19754233956336975
1361,4,245,0.23310653865337372
1362,4,246,0.22205205261707306
1363,4,247,0.29203683137893677
1364,4,248,0.21627160906791687
1365,4,249,0.2541351616382599
1366,4,250,0.21574874222278595
1367,4,251,0.3128126561641693
1368,4,252,0.2549055218696594
1369,4,253,0.24398143589496613
1370,4,254,0.19119536876678467
1371,4,255,0.19562122225761414
1372,4,256,0.17584171891212463
1373,4,257,0.23012562096118927
1374,4,258,0.25669071078300476
1375,4,259,0.24977156519889832
1376,4,260,0.23202049732208252
1377,4,261,0.3392147123813629
1378,4,262,0.24704444408416748
1379,4,263,0.3903035521507263
1380,4,264,0.25852257013320923
1381,4,265,0.2545219361782074
1382,4,266,0.27904343605041504
1383,4,267,0.2222859412431717
1384,4,268,0.24136638641357422
1385,4,269,0.2257499247789383
1386,4,270,0.4851578176021576
1387,4,271,0.20606748759746552
1388,4,272,0.2763649523258209
1389,4,273,0.2453618049621582
1390,4,274,0.2362886369228363
1391,4,275,0.3184107840061188
1392,4,276,0.25211101770401
1393,4,277,0.22285790741443634
1394,4,278,0.3313318192958832
1395,4,279,0.21977320313453674
1396,4,280,0.21836905181407928
1397,4,281,0.23690161108970642
1398,4,282,0.29491910338401794
1399,4,283,0.2644619643688202
1400,4,284,0.26197099685668945
1401,4,285,0.20499542355537415
1402,4,286,0.22274307906627655
1403,4,287,0.2869105935096741
1404,4,288,0.23054155707359314
1405,4,289,0.2545556426048279
1406,4,290,0.28733912110328674
1407,4,291,0.16378064453601837
1408,4,292,0.27393394708633423
1409,4,293,0.20746779441833496
1410,4,294,0.2065403163433075
1411,4,295,0.27134233713150024
1412,4,296,0.2910454571247101
1413,4,297,0.2652152478694916
1414,4,298,0.24865809082984924
1415,4,299,0.19029885530471802
1416,4,300,0.2555221617221832
1417,4,301,0.2221277505159378
1418,4,302,0.24552789330482483
1419,4,303,0.22848710417747498
1420,4,304,0.2958030104637146
1421,4,305,0.2501940131187439
1422,4,306,0.2595093846321106
1423,4,307,0.2412898987531662
1424,4,308,0.30601784586906433
1425,4,309,0.24486827850341797
1426,4,310,0.6102301478385925
1427,4,311,0.285084068775177
1428,4,312,0.2959786653518677
1429,4,313,0.2794919013977051
1430,4,314,0.24037973582744598
1431,4,315,0.286601722240448
1432,4,316,0.18899574875831604
1433,4,317,0.19524948298931122
1434,4,318,0.2100057303905487
1435,4,319,0.24451422691345215
1436,4,320,0.23262982070446014
1437,4,321,0.24876610934734344
1438,4,322,0.24592015147209167
1439,4,323,0.2512352466583252
1440,4,324,0.2438681423664093
1441,4,325,0.37786197662353516
1442,4,326,0.21702830493450165
1443,4,327,0.2216695249080658
1444,4,328,0.2395232617855072
1445,4,329,0.2656421661376953
1446,4,330,0.2380596101284027
1447,4,331,0.2083454579114914
1448,4,332,0.25025367736816406
1449,4,333,0.2449691742658615
1450,4,334,0.2388383150100708
1451,4,335,0.15468183159828186
1452,4,336,0.25976473093032837
1453,4,337,0.25499793887138367
1454,4,338,0.24792298674583435
1455,4,339,0.2774481177330017
1456,4,340,0.2642294764518738
1457,4,341,0.31531333923339844
1458,4,342,0.21917028725147247
1459,4,343,0.24690473079681396
1460,4,344,0.22857721149921417
1461,4,345,0.28675907850265503
1462,4,346,0.22136633098125458
1463,4,347,0.25344228744506836
1464,4,348,0.16705422103405
1465,4,349,0.2758727967739105
1466,4,350,0.22238850593566895
1467,4,351,0.17951013147830963
1468,4,352,0.253205269575119
1469,4,353,0.20233722031116486
1470,4,354,0.23255057632923126
1471,4,355,0.22066891193389893
1472,4,356,0.242211252450943
1473,4,357,0.1966913789510727
1474,4,358,0.26710963249206543
1475,4,359,0.2336391657590866
1476,4,360,0.19198009371757507
1477,4,361,0.21324534714221954
1478,4,362,0.20977620780467987
1479,4,363,0.2528694272041321
1480,4,364,0.1534421443939209
1481,4,365,0.5899268388748169
1482,4,366,0.225465327501297
1483,4,367,0.2750168740749359
1484,4,368,0.2922731339931488
1485,4,369,0.2403261363506317
1486,4,370,0.25156205892562866
1487,4,371,0.3270989954471588
1488,4,372,0.21781939268112183
1489,5,1,0.2047959566116333
1490,5,2,0.20169766247272491
1491,5,3,0.24943998456001282
1492,5,4,0.2128153294324875
1493,5,5,0.2107478678226471
1494,5,6,0.21035969257354736
1495,5,7,0.24694648385047913
1496,5,8,0.22936947643756866
1497,5,9,0.23768477141857147
1498,5,10,0.24647140502929688
1499,5,11,0.21190233528614044
1500,5,12,0.5354892611503601
1501,5,13,0.2790544927120209
1502,5,14,0.21238526701927185
1503,5,15,0.6001584529876709
1504,5,16,0.22887535393238068
1505,5,17,0.27869242429733276
1506,5,18,0.3000280261039734
1507,5,19,0.2551721930503845
1508,5,20,0.18650297820568085
1509,5,21,0.22297553718090057
1510,5,22,0.3163682520389557
1511,5,23,0.1817696988582611
1512,5,24,0.23223066329956055
1513,5,25,0.2545204758644104
1514,5,26,0.28504717350006104
1515,5,27,0.24462458491325378
1516,5,28,0.2600986063480377
1517,5,29,0.1754530817270279
1518,5,30,0.27570897340774536
1519,5,31,0.24980822205543518
1520,5,32,0.2137552797794342
1521,5,33,0.3856971859931946
1522,5,34,0.23345324397087097
1523,5,35,0.28102704882621765
1524,5,36,0.19286322593688965
1525,5,37,0.1902773529291153
1526,5,38,0.20975331962108612
1527,5,39,0.2909083366394043
1528,5,40,0.19387350976467133
1529,5,41,0.1761680543422699
1530,5,42,0.23288242518901825
1531,5,43,0.19724209606647491
1532,5,44,0.2485472708940506
1533,5,45,0.2530058026313782
1534,5,46,0.20206871628761292
1535,5,47,0.2300552874803543
1536,5,48,0.2212546169757843
1537,5,49,0.20494191348552704
1538,5,50,0.3078370690345764
1539,5,51,0.24180062115192413
1540,5,52,0.2246331423521042
1541,5,53,0.2179124802350998
1542,5,54,0.24637039005756378
1543,5,55,0.24246153235435486
1544,5,56,0.49905580282211304
1545,5,57,0.19299474358558655
1546,5,58,0.21314850449562073
1547,5,59,0.22040057182312012
1548,5,60,0.20548291504383087
1549,5,61,0.2572813034057617
1550,5,62,0.23226599395275116
1551,5,63,0.20423133671283722
1552,5,64,0.2286599576473236
1553,5,65,0.30450791120529175
1554,5,66,0.18892942368984222
1555,5,67,0.24540594220161438
1556,5,68,0.20813746750354767
1557,5,69,0.27050215005874634
1558,5,70,0.25231584906578064
1559,5,71,0.2603226900100708
1560,5,72,0.19062809646129608
1561,5,73,0.25747647881507874
1562,5,74,0.29217728972435
1563,5,75,0.21134302020072937
1564,5,76,0.2783697247505188
1565,5,77,0.17487715184688568
1566,5,78,0.24342501163482666
1567,5,79,0.18645353615283966
1568,5,80,0.2123223841190338
1569,5,81,0.2651500701904297
1570,5,82,0.295415461063385
1571,5,83,0.21689815819263458
1572,5,84,0.3051401376724243
1573,5,85,0.24902451038360596
1574,5,86,0.2192738801240921
1575,5,87,0.28731149435043335
1576,5,88,0.2512040138244629
1577,5,89,0.1863793432712555
1578,5,90,0.19741518795490265
1579,5,91,0.2546428143978119
1580,5,92,0.22459523379802704
1581,5,93,0.23282936215400696
1582,5,94,0.2118230164051056
1583,5,95,0.24046018719673157
1584,5,96,0.2189725935459137
1585,5,97,0.2593241035938263
1586,5,98,0.21003325283527374
1587,5,99,0.6025973558425903
1588,5,100,0.25308698415756226
1589,5,101,0.2762817442417145
1590,5,102,0.20136204361915588
1591,5,103,0.17816214263439178
1592,5,104,0.264495313167572
1593,5,105,0.19594848155975342
1594,5,106,0.2043469250202179
1595,5,107,0.3009624183177948
1596,5,108,0.19506549835205078
1597,5,109,0.2269584685564041
1598,5,110,0.20596906542778015
1599,5,111,0.20219027996063232
1600,5,112,0.34464535117149353
1601,5,113,0.20516236126422882
1602,5,114,0.22921068966388702
1603,5,115,0.21428391337394714
1604,5,116,0.25362464785575867
1605,5,117,0.2041487991809845
1606,5,118,0.20484566688537598
1607,5,119,0.26689499616622925
1608,5,120,0.38952478766441345
1609,5,121,0.2365432232618332
1610,5,122,0.2295486479997635
1611,5,123,0.23229141533374786
1612,5,124,0.19731712341308594
1613,5,125,0.2621139585971832
1614,5,126,0.25457289814949036
1615,5,127,0.2589453458786011
1616,5,128,0.2919350266456604
1617,5,129,0.2308932989835739
1618,5,130,0.2205895185470581
1619,5,131,0.2396402806043625
1620,5,132,0.241599440574646
1621,5,133,0.19791442155838013
1622,5,134,0.21921086311340332
1623,5,135,0.22500479221343994
1624,5,136,0.21656434237957
1625,5,137,0.21533271670341492
1626,5,138,0.41171321272850037
1627,5,139,0.22506383061408997
1628,5,140,0.23652513325214386
1629,5,141,0.22677163779735565
1630,5,142,0.246638685464859
1631,5,143,0.2063879519701004
1632,5,144,0.2650097608566284
1633,5,145,0.3848223388195038
1634,5,146,0.2514778971672058
1635,5,147,0.30042141675949097
1636,5,148,0.20906415581703186
1637,5,149,0.26587241888046265
1638,5,150,0.24620714783668518
1639,5,151,0.22114098072052002
1640,5,152,0.20778565108776093
1641,5,153,0.26186859607696533
1642,5,154,0.20859971642494202
1643,5,155,0.2586870789527893
1644,5,156,0.255202978849411
1645,5,157,0.20501534640789032
1646,5,158,0.2068127691745758
1647,5,159,0.2631976008415222
1648,5,160,0.2784743309020996
1649,5,161,0.2642701268196106
1650,5,162,0.19475917518138885
1651,5,163,0.18383020162582397
1652,5,164,0.1881425827741623
1653,5,165,0.2274288833141327
1654,5,166,0.264799565076828
1655,5,167,0.21042513847351074
1656,5,168,0.1949673593044281
1657,5,169,0.26395681500434875
1658,5,170,0.24315297603607178
1659,5,171,0.25462549924850464
1660,5,172,0.21779704093933105
1661,5,173,0.2248593270778656
1662,5,174,0.20870892703533173
1663,5,175,0.2408582717180252
1664,5,176,0.2282058298587799
1665,5,177,0.2122839391231537
1666,5,178,0.22334401309490204
1667,5,179,0.22298797965049744
1668,5,180,0.2735966444015503
1669,5,181,0.24771025776863098
1670,5,182,0.2785113751888275
1671,5,183,0.20398695766925812
1672,5,184,0.3009575307369232
1673,5,185,0.2327076941728592
1674,5,186,0.23594951629638672
1675,5,187,0.16341185569763184
1676,5,188,0.2477273941040039
1677,5,189,0.23761796951293945
1678,5,190,0.23657891154289246
1679,5,191,0.2004747837781906
1680,5,192,0.26747778058052063
1681,5,193,0.19719943404197693
1682,5,194,0.24166174232959747
1683,5,195,0.19490249454975128
1684,5,196,0.20962603390216827
1685,5,197,0.19960686564445496
1686,5,198,0.2212928831577301
1687,5,199,0.2977202534675598
1688,5,200,0.20399408042430878
1689,5,201,0.31261980533599854
1690,5,202,0.18304628133773804
1691,5,203,0.5683151483535767
1692,5,204,0.21685092151165009
1693,5,205,0.2557106614112854
1694,5,206,0.2629663348197937
1695,5,207,0.2786778211593628
1696,5,208,0.2527160346508026
1697,5,209,0.225285142660141
1698,5,210,0.2057938277721405
1699,5,211,0.2673267126083374
1700,5,212,0.2419755756855011
1701,5,213,0.23310525715351105
1702,5,214,0.26387500762939453
1703,5,215,0.2800706923007965
1704,5,216,0.19204851984977722
1705,5,217,0.34631118178367615
1706,5,218,0.19054974615573883
1707,5,219,0.18075063824653625
1708,5,220,0.21497049927711487
1709,5,221,0.21426372230052948
1710,5,222,0.25553005933761597
1711,5,223,0.23943397402763367
1712,5,224,0.26999759674072266
1713,5,225,0.22069580852985382
1714,5,226,0.22925205528736115
1715,5,227,0.2673928439617157
1716,5,228,0.2490500509738922
1717,5,229,0.19177564978599548
1718,5,230,0.24059340357780457
1719,5,231,0.20752482116222382
1720,5,232,0.5525928139686584
1721,5,233,0.16236349940299988
1722,5,234,0.5549690127372742
1723,5,235,0.19992868602275848
1724,5,236,0.23394639790058136
1725,5,237,0.2693909704685211
1726,5,238,0.26017993688583374
1727,5,239,0.23287491500377655
1728,5,240,0.3197461664676666
1729,5,241,0.26974204182624817
1730,5,242,0.29525166749954224
1731,5,243,0.2340572625398636
1732,5,244,0.1824500858783722
1733,5,245,0.22939729690551758
1734,5,246,0.46265777945518494
1735,5,247,0.23813112080097198
1736,5,248,0.22142735123634338
1737,5,249,0.3592776358127594
1738,5,250,0.2592167854309082
1739,5,251,0.1875721961259842
1740,5,252,0.2047339230775833
1741,5,253,0.19655759632587433
1742,5,254,0.2369716614484787
1743,5,255,0.22325174510478973
1744,5,256,0.2544904053211212
1745,5,257,0.20056286454200745
1746,5,258,0.24220415949821472
1747,5,259,0.26150211691856384
1748,5,260,0.2626056373119354
1749,5,261,0.19968144595623016
1750,5,262,0.2015659362077713
1751,5,263,0.2622430920600891
1752,5,264,0.21190638840198517
1753,5,265,0.18233270943164825
1754,5,266,0.21246886253356934
1755,5,267,0.24107059836387634
1756,5,268,0.19840621948242188
1757,5,269,0.4669538140296936
1758,5,270,0.25110727548599243
1759,5,271,0.24396595358848572
1760,5,272,0.177465558052063
1761,5,273,0.21651403605937958
1762,5,274,0.279143750667572
1763,5,275,0.23053185641765594
1764,5,276,0.242745041847229
1765,5,277,0.2286301851272583
1766,5,278,0.2511065602302551
1767,5,279,0.23181068897247314
1768,5,280,0.24463312327861786
1769,5,281,0.20737938582897186
1770,5,282,0.2376738339662552
1771,5,283,0.2046806812286377
1772,5,284,0.2127900868654251
1773,5,285,0.23826083540916443
1774,5,286,0.2593425512313843
1775,5,287,0.22772112488746643
1776,5,288,0.2781347930431366
1777,5,289,0.2537280023097992
1778,5,290,0.2481742650270462
1779,5,291,0.2371043711900711
1780,5,292,0.24691088497638702
1781,5,293,0.2673940658569336
1782,5,294,0.26857662200927734
1783,5,295,0.42277687788009644
1784,5,296,0.25534772872924805
1785,5,297,0.21732525527477264
1786,5,298,0.24571482837200165
1787,5,299,0.27276840806007385
1788,5,300,0.2599742114543915
1789,5,301,0.25048428773880005
1790,5,302,0.2096661627292633
1791,5,303,0.20372310280799866
1792,5,304,0.22966650128364563
1793,5,305,0.4792863726615906
1794,5,306,0.21549224853515625
1795,5,307,0.26599809527397156
1796,5,308,0.2978018820285797
1797,5,309,0.24390044808387756
1798,5,310,0.2927451729774475
1799,5,311,0.24859631061553955
1800,5,312,0.22352740168571472
1801,5,313,0.3001663088798523
1802,5,314,0.21779420971870422
1803,5,315,0.2154628038406372
1804,5,316,0.21888616681098938
1805,5,317,0.21147434413433075
1806,5,318,0.24604538083076477
1807,5,319,0.24531075358390808
1808,5,320,0.21718883514404297
1809,5,321,0.2263229787349701
1810,5,322,0.254037082195282
1811,5,323,0.26219865679740906
1812,5,324,0.26778334379196167
1813,5,325,0.1822766661643982
1814,5,326,0.24103741347789764
1815,5,327,0.19229906797409058
1816,5,328,0.2129964530467987
1817,5,329,0.22971920669078827
1818,5,330,0.18022793531417847
1819,5,331,0.21893945336341858
1820,5,332,0.24066027998924255
1821,5,333,0.23183098435401917
1822,5,334,0.18471986055374146
1823,5,335,0.20052652060985565
1824,5,336,0.24827417731285095
1825,5,337,0.199284166097641
1826,5,338,0.23092146217823029
1827,5,339,0.2586232125759125
1828,5,340,0.27393800020217896
1829,5,341,0.1856861710548401
1830,5,342,0.3544725179672241
1831,5,343,0.1885996162891388
1832,5,344,0.2637592554092407
1833,5,345,0.2272392064332962
1834,5,346,0.23055443167686462
1835,5,347,0.20790214836597443
1836,5,348,0.1813293695449829
1837,5,349,0.23048560321331024
1838,5,350,0.17529070377349854
1839,5,351,0.21712490916252136
1840,5,352,0.20211252570152283
1841,5,353,0.26265162229537964
1842,5,354,0.2421990931034088
1843,5,355,0.19935521483421326
1844,5,356,0.2588410973548889
1845,5,357,0.6666980385780334
1846,5,358,0.29295477271080017
1847,5,359,0.27450528740882874
1848,5,360,0.18222692608833313
1849,5,361,0.29187729954719543
1850,5,362,0.22563037276268005
1851,5,363,0.2182423621416092
1852,5,364,0.2302379310131073
1853,5,365,0.23239800333976746
1854,5,366,0.21766090393066406
1855,5,367,0.21728138625621796
1856,5,368,0.21973519027233124
1857,5,369,0.24356314539909363
1858,5,370,0.22378627955913544
1859,5,371,0.23619239032268524
1860,5,372,0.27344444394111633
1861,6,1,0.2247105836868286
1862,6,2,0.2267492264509201
1863,6,3,0.2380417287349701
1864,6,4,0.2448931634426117
1865,6,5,0.19352386891841888
1866,6,6,0.21677780151367188
1867,6,7,0.23446457087993622
1868,6,8,0.2815602421760559
1869,6,9,0.22853894531726837
1870,6,10,0.26598456501960754
1871,6,11,0.2134099304676056
1872,6,12,0.19570496678352356
1873,6,13,0.22551357746124268
1874,6,14,0.21450936794281006
1875,6,15,0.15647873282432556
1876,6,16,0.2025481015443802
1877,6,17,0.2547450661659241
1878,6,18,0.21294856071472168
1879,6,19,0.2607514560222626
1880,6,20,0.2580954134464264
1881,6,21,0.2473008632659912
1882,6,22,0.18882951140403748
1883,6,23,0.20101098716259003
1884,6,24,0.3510679304599762
1885,6,25,0.19082453846931458
1886,6,26,0.21638302505016327
1887,6,27,0.18274711072444916
1888,6,28,0.19184660911560059
1889,6,29,0.2166655957698822
1890,6,30,0.2119191586971283
1891,6,31,0.2598170042037964
1892,6,32,0.1899934709072113
1893,6,33,0.19823797047138214
1894,6,34,0.19859148561954498
1895,6,35,0.31479761004447937
1896,6,36,0.161781907081604
1897,6,37,0.4138210415840149
1898,6,38,0.20482030510902405
1899,6,39,0.20490813255310059
1900,6,40,0.19865699112415314
1901,6,41,0.19048306345939636
1902,6,42,0.20222926139831543
1903,6,43,0.23045995831489563
1904,6,44,0.26350462436676025
1905,6,45,0.20906805992126465
1906,6,46,0.2313336431980133
1907,6,47,0.21173682808876038
1908,6,48,0.2340947687625885
1909,6,49,0.24119098484516144
1910,6,50,0.24161067605018616
1911,6,51,0.22041991353034973
1912,6,52,0.19758662581443787
1913,6,53,0.21490490436553955
1914,6,54,0.266092985868454
1915,6,55,0.24807271361351013
1916,6,56,0.21173767745494843
1917,6,57,0.2275044471025467
1918,6,58,0.2608870267868042
1919,6,59,0.29238757491111755
1920,6,60,0.18878483772277832
1921,6,61,0.24697032570838928
1922,6,62,0.1813766062259674
1923,6,63,0.19984085857868195
1924,6,64,0.4449251592159271
1925,6,65,0.24228017032146454
1926,6,66,0.28679531812667847
1927,6,67,0.24219100177288055
1928,6,68,0.20533490180969238
1929,6,69,0.22179146111011505
1930,6,70,0.2122151404619217
1931,6,71,0.20597171783447266
1932,6,72,0.24407711625099182
1933,6,73,0.2740994095802307
1934,6,74,0.15279562771320343
1935,6,75,0.23695912957191467
1936,6,76,0.1844726949930191
1937,6,77,0.19047284126281738
1938,6,78,0.2108168601989746
1939,6,79,0.46036475896835327
1940,6,80,0.21751227974891663
1941,6,81,0.22621336579322815
1942,6,82,0.21699926257133484
1943,6,83,0.19466325640678406
1944,6,84,0.273992121219635
1945,6,85,0.2518724799156189
1946,6,86,0.18525084853172302
1947,6,87,0.19238115847110748
1948,6,88,0.21316465735435486
1949,6,89,0.24893972277641296
1950,6,90,0.2074752300977707
1951,6,91,0.2727224826812744
1952,6,92,0.17692796885967255
1953,6,93,0.25523874163627625
1954,6,94,0.22688429057598114
1955,6,95,0.22893352806568146
1956,6,96,0.1939801424741745
1957,6,97,0.2153976410627365
1958,6,98,0.25342345237731934
1959,6,99,0.17895369231700897
1960,6,100,0.2606413662433624
1961,6,101,0.22023823857307434
1962,6,102,0.19138407707214355
1963,6,103,0.65044766664505
1964,6,104,0.17910560965538025
1965,6,105,0.19699642062187195
1966,6,106,0.19319787621498108
1967,6,107,0.18231837451457977
1968,6,108,0.20391836762428284
1969,6,109,0.30687418580055237
1970,6,110,0.18334439396858215
1971,6,111,0.2087329924106598
1972,6,112,0.22412645816802979
1973,6,113,0.21406371891498566
1974,6,114,0.3725786507129669
1975,6,115,0.24746477603912354
1976,6,116,0.1738320291042328
1977,6,117,0.2078048437833786
1978,6,118,0.20460736751556396
1979,6,119,0.18119840323925018
1980,6,120,0.20906981825828552
1981,6,121,0.19833216071128845
1982,6,122,0.19079378247261047
1983,6,123,0.22580187022686005
1984,6,124,0.21139118075370789
1985,6,125,0.1873036026954651
1986,6,126,0.19114229083061218
1987,6,127,0.21078762412071228
1988,6,128,0.1861388236284256
1989,6,129,0.18337279558181763
1990,6,130,0.1953735053539276
1991,6,131,0.21402063965797424
1992,6,132,0.29330018162727356
1993,6,133,0.22719648480415344
1994,6,134,0.24024024605751038
1995,6,135,0.2158057987689972
1996,6,136,0.22437970340251923
1997,6,137,0.19341756403446198
1998,6,138,0.26162347197532654
1999,6,139,0.23646461963653564
2000,6,140,0.21415039896965027
2001,6,141,0.3274652063846588
2002,6,142,0.2661268711090088
2003,6,143,0.18681511282920837
2004,6,144,0.18854719400405884
2005,6,145,0.181114062666893
2006,6,146,0.2677833139896393
2007,6,147,0.298238068819046
2008,6,148,0.18941456079483032
2009,6,149,0.20972923934459686
2010,6,150,0.19697126746177673
2011,6,151,0.21120205521583557
2012,6,152,0.3759368062019348
2013,6,153,0.21524615585803986
2014,6,154,0.23538577556610107
2015,6,155,0.3522561192512512
2016,6,156,0.21404513716697693
2017,6,157,0.21794605255126953
2018,6,158,0.2188134491443634
2019,6,159,0.1957910805940628
2020,6,160,0.26065802574157715
2021,6,161,0.24662712216377258
2022,6,162,0.30541878938674927
2023,6,163,0.23550251126289368
2024,6,164,0.23027734458446503
2025,6,165,0.23932981491088867
2026,6,166,0.17137141525745392
2027,6,167,0.2509515881538391
2028,6,168,0.19847114384174347
2029,6,169,0.2330673485994339
2030,6,170,0.2761912941932678
2031,6,171,0.22544725239276886
2032,6,172,0.2987402677536011
2033,6,173,0.1944168210029602
2034,6,174,0.20891141891479492
2035,6,175,0.21842098236083984
2036,6,176,0.2223585844039917
2037,6,177,0.2442937195301056
2038,6,178,0.233918234705925
2039,6,179,0.2324800044298172
2040,6,180,0.25149786472320557
2041,6,181,0.19299879670143127
2042,6,182,0.2015683650970459
2043,6,183,0.23544183373451233
2044,6,184,0.22045299410820007
2045,6,185,0.211174875497818
2046,6,186,0.20502550899982452
2047,6,187,0.22742967307567596
2048,6,188,0.47091802954673767
2049,6,189,0.195721834897995
2050,6,190,0.2327541559934616
2051,6,191,0.21775338053703308
2052,6,192,0.25253623723983765
2053,6,193,0.24242544174194336
2054,6,194,0.24290470778942108
2055,6,195,0.18664850294589996
2056,6,196,0.20886091887950897
2057,6,197,0.21056199073791504
2058,6,198,0.21601919829845428
2059,6,199,0.20760194957256317
2060,6,200,0.2667500376701355
2061,6,201,0.18296758830547333
2062,6,202,0.19320860505104065
2063,6,203,0.2330152690410614
2064,6,204,0.1762554943561554
2065,6,205,0.2679888606071472
2066,6,206,0.21434955298900604
2067,6,207,0.21952161192893982
2068,6,208,0.23493079841136932
2069,6,209,0.21215888857841492
2070,6,210,0.2035410851240158
2071,6,211,0.23333287239074707
2072,6,212,0.21876589953899384
2073,6,213,0.1923321783542633
2074,6,214,0.3050016760826111
2075,6,215,0.46669530868530273
2076,6,216,0.17107340693473816
2077,6,217,0.22034156322479248
2078,6,218,0.18602526187896729
2079,6,219,0.2376471310853958
2080,6,220,0.2528765797615051
2081,6,221,0.13565537333488464
2082,6,222,0.28618568181991577
2083,6,223,0.17892087996006012
2084,6,224,0.23570947349071503
2085,6,225,0.21459373831748962
2086,6,226,0.22898440062999725
2087,6,227,0.2234693020582199
2088,6,228,0.27193209528923035
2089,6,229,0.15929684042930603
2090,6,230,0.2268856018781662
2091,6,231,0.18726392090320587
2092,6,232,0.24640807509422302
2093,6,233,0.18952292203903198
2094,6,234,0.1602018177509308
2095,6,235,0.21799345314502716
2096,6,236,0.1937779039144516
2097,6,237,0.2295072376728058
2098,6,238,0.1909552663564682
2099,6,239,0.18635493516921997
2100,6,240,0.278073251247406
2101,6,241,0.22307804226875305
2102,6,242,0.31225141882896423
2103,6,243,0.2361317127943039
2104,6,244,0.16894182562828064
2105,6,245,0.2261052429676056
2106,6,246,0.22656336426734924
2107,6,247,0.18022677302360535
2108,6,248,0.16203653812408447
2109,6,249,0.19406701624393463
2110,6,250,0.3730819821357727
2111,6,251,0.35560843348503113
2112,6,252,0.26295799016952515
2113,6,253,0.24643321335315704
2114,6,254,0.21739313006401062
2115,6,255,0.3547550141811371
2116,6,256,0.2514238953590393
2117,6,257,0.28158700466156006
2118,6,258,0.2425500452518463
2119,6,259,0.1905268132686615
2120,6,260,0.2274205982685089
2121,6,261,0.2265411615371704
2122,6,262,0.23624327778816223
2123,6,263,0.2605366110801697
2124,6,264,0.223262220621109
2125,6,265,0.22386257350444794
2126,6,266,0.22142019867897034
2127,6,267,0.2755780518054962
2128,6,268,0.34002748131752014
2129,6,269,0.28513458371162415
2130,6,270,0.2275286167860031
2131,6,271,0.30726972222328186
2132,6,272,0.24425546824932098
2133,6,273,0.2739551067352295
2134,6,274,0.22064363956451416
2135,6,275,0.26495587825775146
2136,6,276,0.20715519785881042
2137,6,277,0.24641576409339905
2138,6,278,0.24374835193157196
2139,6,279,0.1677093356847763
2140,6,280,0.2418559044599533
2141,6,281,0.2108098566532135
2142,6,282,0.2095191925764084
2143,6,283,0.17984971404075623
2144,6,284,0.23933860659599304
2145,6,285,0.18465730547904968
2146,6,286,0.24454131722450256
2147,6,287,0.23035085201263428
2148,6,288,0.21692565083503723
2149,6,289,0.2860367000102997
2150,6,290,0.18408167362213135
2151,6,291,0.19369611144065857
2152,6,292,0.2273697555065155
2153,6,293,0.22485646605491638
2154,6,294,0.1976044476032257
2155,6,295,0.22068357467651367
2156,6,296,0.23382873833179474
2157,6,297,0.1856791228055954
2158,6,298,0.8825639486312866
2159,6,299,0.21270307898521423
2160,6,300,0.24568359553813934
2161,6,301,0.20241403579711914
2162,6,302,0.17206458747386932
2163,6,303,0.21234071254730225
2164,6,304,0.22748824954032898
2165,6,305,0.4132608473300934
2166,6,306,0.25159209966659546
2167,6,307,0.223323792219162
2168,6,308,0.22760114073753357
2169,6,309,0.2498496025800705
2170,6,310,0.26535916328430176
2171,6,311,0.2184634953737259
2172,6,312,0.23519310355186462
2173,6,313,0.21032285690307617
2174,6,314,0.20890355110168457
2175,6,315,0.23276786506175995
2176,6,316,0.18655191361904144
2177,6,317,0.29500284790992737
2178,6,318,0.21719098091125488
2179,6,319,0.2733651399612427
2180,6,320,0.2865907847881317
2181,6,321,0.21452519297599792
2182,6,322,0.20261815190315247
2183,6,323,0.2388632595539093
2184,6,324,0.2547476589679718
2185,6,325,0.23241443932056427
2186,6,326,0.2231486290693283
2187,6,327,0.2596510350704193
2188,6,328,0.2036580592393875
2189,6,329,0.1814880669116974
2190,6,330,0.24806880950927734
2191,6,331,0.24103419482707977
2192,6,332,0.22752825915813446
2193,6,333,0.22053691744804382
2194,6,334,0.22438879311084747
2195,6,335,0.2145250141620636
2196,6,336,0.21266916394233704
2197,6,337,0.1840529441833496
2198,6,338,0.23260445892810822
2199,6,339,0.2527282238006592
2200,6,340,0.24340581893920898
2201,6,341,0.22667796909809113
2202,6,342,0.22231528162956238
2203,6,343,0.34105199575424194
2204,6,344,0.23353791236877441
2205,6,345,0.2167641669511795
2206,6,346,0.2953962981700897
2207,6,347,0.24761497974395752
2208,6,348,0.21861252188682556
2209,6,349,0.23197254538536072
2210,6,350,0.240133136510849
2211,6,351,0.252687007188797
2212,6,352,0.20632600784301758
2213,6,353,0.23147597908973694
2214,6,354,0.2515278458595276
2215,6,355,0.2032526731491089
2216,6,356,0.21247749030590057
2217,6,357,0.23807945847511292
2218,6,358,0.17981362342834473
2219,6,359,0.2673811912536621
2220,6,360,0.25843754410743713
2221,6,361,0.3113415837287903
2222,6,362,0.1768922358751297
2223,6,363,0.19836319983005524
2224,6,364,0.21821193397045135
2225,6,365,0.1954851597547531
2226,6,366,0.26102954149246216
2227,6,367,0.3255370557308197
2228,6,368,0.27258214354515076
2229,6,369,0.20609959959983826
2230,6,370,0.1847906857728958
2231,6,371,0.208525612950325
2232,6,372,0.21275359392166138
2233,7,1,0.19474516808986664
2234,7,2,0.20303726196289062
2235,7,3,0.45800966024398804
2236,7,4,0.26392021775245667
2237,7,5,0.1969599425792694
2238,7,6,0.215214341878891
2239,7,7,0.22298452258110046
2240,7,8,0.21538600325584412
2241,7,9,0.22699522972106934
2242,7,10,0.19876715540885925
2243,7,11,0.18465422093868256
2244,7,12,0.1981440931558609
2245,7,13,0.2160356044769287
2246,7,14,0.18346387147903442
2247,7,15,0.21291477978229523
2248,7,16,0.2265700101852417
2249,7,17,0.1872502565383911
2250,7,18,0.2021123170852661
2251,7,19,0.1854172796010971
2252,7,20,0.21287131309509277
2253,7,21,0.17147698998451233
2254,7,22,0.2038586139678955
2255,7,23,0.14750002324581146
2256,7,24,0.3803367614746094
2257,7,25,0.1775522381067276
2258,7,26,0.19889284670352936
2259,7,27,0.2053835093975067
2260,7,28,0.2143518477678299
2261,7,29,0.2814556062221527
2262,7,30,0.19049246609210968
2263,7,31,0.22990667819976807
2264,7,32,0.23144114017486572
2265,7,33,0.2013626992702484
2266,7,34,0.2500843405723572
2267,7,35,0.19889956712722778
2268,7,36,0.14668194949626923
2269,7,37,0.1797172576189041
2270,7,38,0.1917988657951355
2271,7,39,0.20800718665122986
2272,7,40,0.16945815086364746
2273,7,41,0.15763720870018005
2274,7,42,0.22157783806324005
2275,7,43,0.20104415714740753
2276,7,44,0.23817773163318634
2277,7,45,0.19262541830539703
2278,7,46,0.19446702301502228
2279,7,47,0.20580145716667175
2280,7,48,0.19283777475357056
2281,7,49,0.2561897933483124
2282,7,50,0.22830775380134583
2283,7,51,0.20971667766571045
2284,7,52,0.2226153314113617
2285,7,53,0.16536591947078705
2286,7,54,0.17465165257453918
2287,7,55,0.26430416107177734
2288,7,56,0.24445414543151855
2289,7,57,0.20623795688152313
2290,7,58,0.27273839712142944
2291,7,59,0.19335143268108368
2292,7,60,0.17218449711799622
2293,7,61,0.18946702778339386
2294,7,62,0.23607560992240906
2295,7,63,0.1542622447013855
2296,7,64,0.26149773597717285
2297,7,65,0.21332266926765442
2298,7,66,0.17688974738121033
2299,7,67,0.2947063446044922
2300,7,68,0.2145688235759735
2301,7,69,0.27357035875320435
2302,7,70,0.21916601061820984
2303,7,71,0.7274038791656494
2304,7,72,0.24940252304077148
2305,7,73,0.2828633189201355
2306,7,74,0.1710214763879776
2307,7,75,0.23334243893623352
2308,7,76,0.2414436638355255
2309,7,77,0.27605777978897095
2310,7,78,0.19784581661224365
2311,7,79,0.1659124791622162
2312,7,80,0.23999528586864471
2313,7,81,0.2263699322938919
2314,7,82,0.20566102862358093
2315,7,83,0.2514033615589142
2316,7,84,0.27638906240463257
2317,7,85,0.23377151787281036
2318,7,86,0.1707756221294403
2319,7,87,0.2143528014421463
2320,7,88,0.1875534951686859
2321,7,89,0.24473707377910614
2322,7,90,0.48822417855262756
2323,7,91,0.17900392413139343
2324,7,92,0.2391643524169922
2325,7,93,0.2497686892747879
2326,7,94,0.17363592982292175
2327,7,95,0.200689435005188
2328,7,96,0.19644376635551453
2329,7,97,0.19747333228588104
2330,7,98,0.18969444930553436
2331,7,99,0.2119022160768509
2332,7,100,0.2439408004283905
2333,7,101,0.3317185044288635
2334,7,102,0.24734556674957275
2335,7,103,0.2190081626176834
2336,7,104,0.212063267827034
2337,7,105,0.23018033802509308
2338,7,106,0.2333216667175293
2339,7,107,0.20745499432086945
2340,7,108,0.2361232489347458
2341,7,109,0.2275053709745407
2342,7,110,0.19718389213085175
2343,7,111,0.21777811646461487
2344,7,112,0.22136664390563965
2345,7,113,0.19410060346126556
2346,7,114,0.24552097916603088
2347,7,115,0.2433840036392212
2348,7,116,0.22723326086997986
2349,7,117,0.21992430090904236
2350,7,118,0.23962709307670593
2351,7,119,0.1969212293624878
2352,7,120,0.4003164768218994
2353,7,121,0.1803082674741745
2354,7,122,0.20444154739379883
2355,7,123,0.22310444712638855
2356,7,124,0.2222956120967865
2357,7,125,0.19337080419063568
2358,7,126,0.17569087445735931
2359,7,127,0.22489912807941437
2360,7,128,0.21457000076770782
2361,7,129,0.16368253529071808
2362,7,130,0.2539230287075043
2363,7,131,0.16705720126628876
2364,7,132,0.2121153175830841
2365,7,133,0.20280137658119202
2366,7,134,0.20707111060619354
2367,7,135,0.2121771275997162
2368,7,136,0.20335492491722107
2369,7,137,0.1826787143945694
2370,7,138,0.2632766366004944
2371,7,139,0.6263028383255005
2372,7,140,0.20338869094848633
2373,7,141,0.20506255328655243
2374,7,142,0.1975991427898407
2375,7,143,0.21164703369140625
2376,7,144,0.2615385353565216
2377,7,145,0.24250736832618713
2378,7,146,0.22106273472309113
2379,7,147,0.20372216403484344
2380,7,148,0.24129942059516907
2381,7,149,0.17421779036521912
2382,7,150,0.2876984179019928
2383,7,151,0.17907235026359558
2384,7,152,0.21324960887432098
2385,7,153,0.21795949339866638
2386,7,154,0.19494256377220154
2387,7,155,0.2148938626050949
2388,7,156,0.2349136769771576
2389,7,157,0.22520625591278076
2390,7,158,0.2948518693447113
2391,7,159,0.17092476785182953
2392,7,160,0.22687304019927979
2393,7,161,0.20290406048297882
2394,7,162,0.176762193441391
2395,7,163,0.1922176629304886
2396,7,164,0.21244749426841736
2397,7,165,0.15674373507499695
2398,7,166,0.3714720904827118
2399,7,167,0.20136895775794983
2400,7,168,0.1665881723165512
2401,7,169,0.27215123176574707
2402,7,170,0.22074225544929504
2403,7,171,0.15283724665641785
2404,7,172,0.20808441936969757
2405,7,173,0.25147509574890137
2406,7,174,0.1932673454284668
2407,7,175,0.1843438446521759
2408,7,176,0.1891300082206726
2409,7,177,0.25398194789886475
2410,7,178,0.21969418227672577
2411,7,179,0.2127397060394287
2412,7,180,0.2183670699596405
2413,7,181,0.25014781951904297
2414,7,182,0.24776887893676758
2415,7,183,0.203817680478096
2416,7,184,0.47588324546813965
2417,7,185,0.2130708396434784
2418,7,186,0.20022006332874298
2419,7,187,0.1930045783519745
2420,7,188,0.17709343135356903
2421,7,189,0.1890067756175995
2422,7,190,0.221542626619339
2423,7,191,0.22169074416160583
2424,7,192,0.22240415215492249
2425,7,193,0.187933087348938
2426,7,194,0.2381715029478073
2427,7,195,0.23387566208839417
2428,7,196,0.2566949725151062
2429,7,197,0.23382973670959473
2430,7,198,0.19674445688724518
2431,7,199,0.14629647135734558
2432,7,200,0.21996894478797913
2433,7,201,0.23933537304401398
2434,7,202,0.26418668031692505
2435,7,203,0.18878251314163208
2436,7,204,0.1962447464466095
2437,7,205,0.20786325633525848
2438,7,206,0.22322194278240204
2439,7,207,0.2591921091079712
2440,7,208,0.22021611034870148
2441,7,209,0.24242453277111053
2442,7,210,0.21266750991344452
2443,7,211,0.25032731890678406
2444,7,212,0.25057873129844666
2445,7,213,0.17748577892780304
2446,7,214,0.19847743213176727
2447,7,215,0.23334455490112305
2448,7,216,0.23654811084270477
2449,7,217,0.5533191561698914
2450,7,218,0.1895902007818222
2451,7,219,0.1952584683895111
2452,7,220,0.3043191432952881
2453,7,221,0.2332821786403656
2454,7,222,0.2112453728914261
2455,7,223,0.19427844882011414
2456,7,224,0.13747799396514893
2457,7,225,0.20500698685646057
2458,7,226,0.20808926224708557
2459,7,227,0.25901371240615845
2460,7,228,0.19056740403175354
2461,7,229,0.22155490517616272
2462,7,230,0.21787437796592712
2463,7,231,0.2744532823562622
2464,7,232,0.21219834685325623
2465,7,233,0.24443015456199646
2466,7,234,0.2042134553194046
2467,7,235,0.25304150581359863
2468,7,236,0.3267446458339691
2469,7,237,0.1823921799659729
2470,7,238,0.1957332193851471
2471,7,239,0.13912779092788696
2472,7,240,0.2072726935148239
2473,7,241,0.19632723927497864
2474,7,242,0.36662718653678894
2475,7,243,0.23659642040729523
2476,7,244,0.1822930872440338
2477,7,245,0.17542694509029388
2478,7,246,0.2630566954612732
2479,7,247,0.2917321026325226
2480,7,248,0.1997053325176239
2481,7,249,0.19343101978302002
2482,7,250,0.1725926399230957
2483,7,251,0.20677459239959717
2484,7,252,0.23102052509784698
2485,7,253,0.213964581489563
2486,7,254,0.20985333621501923
2487,7,255,0.20688673853874207
2488,7,256,0.16787603497505188
2489,7,257,0.2617551386356354
2490,7,258,0.21082445979118347
2491,7,259,0.20472678542137146
2492,7,260,0.22203810513019562
2493,7,261,0.20940549671649933
2494,7,262,0.18107420206069946
2495,7,263,0.2078220099210739
2496,7,264,0.17435920238494873
2497,7,265,0.17444458603858948
2498,7,266,0.2265634983778
2499,7,267,0.229508638381958
2500,7,268,0.16962994635105133
2501,7,269,0.2215368002653122
2502,7,270,0.2020033299922943
2503,7,271,0.18952158093452454
2504,7,272,0.20786890387535095
2505,7,273,0.18507549166679382
2506,7,274,0.18136945366859436
2507,7,275,0.2317909300327301
2508,7,276,0.18335814774036407
2509,7,277,0.23976635932922363
2510,7,278,0.23186607658863068
2511,7,279,0.19812873005867004
2512,7,280,0.17112307250499725
2513,7,281,0.2557034492492676
2514,7,282,0.24461312592029572
2515,7,283,0.20083126425743103
2516,7,284,0.22886809706687927
2517,7,285,0.20033887028694153
2518,7,286,0.2016628086566925
2519,7,287,0.2174149453639984
2520,7,288,0.18440571427345276
2521,7,289,0.2725825011730194
2522,7,290,0.23719441890716553
2523,7,291,0.16862502694129944
2524,7,292,0.21625789999961853
2525,7,293,0.24859949946403503
2526,7,294,0.23494236171245575
2527,7,295,0.289537250995636
2528,7,296,0.22338712215423584
2529,7,297,0.19239941239356995
2530,7,298,0.3136768341064453
2531,7,299,0.22075524926185608
2532,7,300,0.168837770819664
2533,7,301,0.23832282423973083
2534,7,302,0.2038509100675583
2535,7,303,0.23450374603271484
2536,7,304,0.237097829580307
2537,7,305,0.2581375241279602
2538,7,306,0.26845142245292664
2539,7,307,0.18560166656970978
2540,7,308,0.20230433344841003
2541,7,309,0.21884813904762268
2542,7,310,0.17615237832069397
2543,7,311,0.21412594616413116
2544,7,312,0.22435283660888672
2545,7,313,0.23930421471595764
2546,7,314,0.2427215874195099
2547,7,315,0.24991504848003387
2548,7,316,0.22352465987205505
2549,7,317,0.22108380496501923
2550,7,318,0.18617072701454163
2551,7,319,0.23682013154029846
2552,7,320,0.19142964482307434
2553,7,321,0.22977235913276672
2554,7,322,0.2627445161342621
2555,7,323,0.2169148474931717
2556,7,324,0.18264278769493103
2557,7,325,0.19782571494579315
2558,7,326,0.22548601031303406
2559,7,327,0.26246851682662964
2560,7,328,0.18552115559577942
2561,7,329,0.18030214309692383
2562,7,330,0.18548545241355896
2563,7,331,0.20757946372032166
2564,7,332,0.17118015885353088
2565,7,333,0.17556090652942657
2566,7,334,0.37801045179367065
2567,7,335,0.21548345685005188
2568,7,336,0.1622595638036728
2569,7,337,0.2033843994140625
2570,7,338,0.20359215140342712
2571,7,339,0.34122052788734436
2572,7,340,0.22560548782348633
2573,7,341,0.22750452160835266
2574,7,342,0.19759130477905273
2575,7,343,0.20477759838104248
2576,7,344,0.19733671844005585
2577,7,345,0.19783785939216614
2578,7,346,0.23317603766918182
2579,7,347,0.19285550713539124
2580,7,348,0.20731370151042938
2581,7,349,0.22761216759681702
2582,7,350,0.19197192788124084
2583,7,351,0.25214719772338867
2584,7,352,0.2090742588043213
2585,7,353,0.195660799741745
2586,7,354,0.21871694922447205
2587,7,355,0.1584741175174713
2588,7,356,0.28127795457839966
2589,7,357,0.227616548538208
2590,7,358,0.21186205744743347
2591,7,359,0.34420615434646606
2592,7,360,0.1888877898454666
2593,7,361,0.21857210993766785
2594,7,362,0.24731871485710144
2595,7,363,0.22153735160827637
2596,7,364,0.24938595294952393
2597,7,365,0.21695232391357422
2598,7,366,0.20499543845653534
2599,7,367,0.20903673768043518
2600,7,368,0.20808859169483185
2601,7,369,0.3609164357185364
2602,7,370,0.15479958057403564
2603,7,371,0.2617087960243225
2604,7,372,0.24067026376724243
2605,8,1,0.19000549614429474
2606,8,2,0.2317335307598114
2607,8,3,0.17687392234802246
2608,8,4,0.18512478470802307
2609,8,5,0.4381865859031677
2610,8,6,0.19844824075698853
2611,8,7,0.21283355355262756
2612,8,8,0.2606486678123474
2613,8,9,0.22139248251914978
2614,8,10,0.19976888597011566
2615,8,11,0.2671540677547455
2616,8,12,0.2037549465894699
2617,8,13,0.18506412208080292
2618,8,14,0.2310359925031662
2619,8,15,0.27954623103141785
2620,8,16,0.2151038944721222
2621,8,17,0.22821740806102753
2622,8,18,0.20658960938453674
2623,8,19,0.3298129439353943
2624,8,20,0.26980528235435486
2625,8,21,0.1870129108428955
2626,8,22,0.17903311550617218
2627,8,23,0.21121971309185028
2628,8,24,0.3129199147224426
2629,8,25,0.20380596816539764
2630,8,26,0.21644249558448792
2631,8,27,0.18615324795246124
2632,8,28,0.16480253636837006
2633,8,29,0.16050799190998077
2634,8,30,0.20779967308044434
2635,8,31,0.2150389403104782
2636,8,32,0.16897621750831604
2637,8,33,0.2186870574951172
2638,8,34,0.19496828317642212
2639,8,35,0.18082565069198608
2640,8,36,0.24561801552772522
2641,8,37,0.2432832270860672
2642,8,38,0.20179501175880432
2643,8,39,0.19942185282707214
2644,8,40,0.18381956219673157
2645,8,41,0.1569552719593048
2646,8,42,0.17749671638011932
2647,8,43,0.16216373443603516
2648,8,44,0.19033315777778625
2649,8,45,0.19689702987670898
2650,8,46,0.1770235300064087
2651,8,47,0.2441403865814209
2652,8,48,0.19680269062519073
2653,8,49,0.22275209426879883
2654,8,50,0.19686903059482574
2655,8,51,0.21515735983848572
2656,8,52,0.16509614884853363
2657,8,53,0.18628115952014923
2658,8,54,0.19535154104232788
2659,8,55,0.16473403573036194
2660,8,56,0.17643091082572937
2661,8,57,0.14946264028549194
2662,8,58,0.1814257949590683
2663,8,59,0.16761013865470886
2664,8,60,0.2282336950302124
2665,8,61,0.2312501221895218
2666,8,62,0.3313208818435669
2667,8,63,0.20470678806304932
2668,8,64,0.22811222076416016
2669,8,65,0.1644381433725357
2670,8,66,0.19995349645614624
2671,8,67,0.2303905040025711
2672,8,68,0.2100992202758789
2673,8,69,0.18697872757911682
2674,8,70,0.16805262863636017
2675,8,71,0.21682408452033997
2676,8,72,0.21882089972496033
2677,8,73,0.20784154534339905
2678,8,74,0.22075803577899933
2679,8,75,0.16646620631217957
2680,8,76,0.17273381352424622
2681,8,77,0.24555738270282745
2682,8,78,0.16771383583545685
2683,8,79,0.1871151626110077
2684,8,80,0.17706707119941711
2685,8,81,0.18240025639533997
2686,8,82,0.26202061772346497
2687,8,83,0.19566884636878967
2688,8,84,0.19948527216911316
2689,8,85,0.23153086006641388
2690,8,86,0.1873399317264557
2691,8,87,0.2392818182706833
2692,8,88,0.22347597777843475
2693,8,89,0.18394353985786438
2694,8,90,0.1651412546634674
2695,8,91,0.20655691623687744
2696,8,92,0.2175963819026947
2697,8,93,0.18368306756019592
2698,8,94,0.1960868090391159
2699,8,95,0.25065964460372925
2700,8,96,0.2286646068096161
2701,8,97,0.19356854259967804
2702,8,98,0.2297411859035492
2703,8,99,0.18313291668891907
2704,8,100,0.19601501524448395
2705,8,101,0.2113444060087204
2706,8,102,0.19661805033683777
2707,8,103,0.213054820895195
2708,8,104,0.38611462712287903
2709,8,105,0.24183671176433563
2710,8,106,0.20159859955310822
2711,8,107,0.2167920619249344
2712,8,108,0.19018259644508362
2713,8,109,0.22458001971244812
2714,8,110,0.2049711048603058
2715,8,111,0.23920175433158875
2716,8,112,0.19446982443332672
2717,8,113,0.26038622856140137
2718,8,114,0.23127372562885284
2719,8,115,0.18769028782844543
2720,8,116,0.19259488582611084
2721,8,117,0.22133514285087585
2722,8,118,0.18209902942180634
2723,8,119,0.23056459426879883
2724,8,120,0.1745309829711914
2725,8,121,0.146901935338974
2726,8,122,0.23897071182727814
2727,8,123,0.19832703471183777
2728,8,124,0.208444744348526
2729,8,125,0.18230381608009338
2730,8,126,0.2532443404197693
2731,8,127,0.17920918762683868
2732,8,128,0.18533705174922943
2733,8,129,0.2274913340806961
2734,8,130,0.18527261912822723
2735,8,131,0.2103743553161621
2736,8,132,0.2553454339504242
2737,8,133,0.20088663697242737
2738,8,134,0.20490014553070068
2739,8,135,0.18370455503463745
2740,8,136,0.17866358160972595
2741,8,137,0.3826616704463959
2742,8,138,0.17026470601558685
2743,8,139,0.27505597472190857
2744,8,140,0.2229902297258377
2745,8,141,0.20519042015075684
2746,8,142,0.259657084941864
2747,8,143,0.25955837965011597
2748,8,144,0.2050725519657135
2749,8,145,0.2296288013458252
2750,8,146,0.18606959283351898
2751,8,147,0.18902289867401123
2752,8,148,0.16988596320152283
2753,8,149,0.20530417561531067
2754,8,150,0.23281720280647278
2755,8,151,0.22501304745674133
2756,8,152,0.1951853334903717
2757,8,153,0.1742737740278244
2758,8,154,0.18805120885372162
2759,8,155,0.23939958214759827
2760,8,156,0.21398933231830597
2761,8,157,0.20957477390766144
2762,8,158,0.21004195511341095
2763,8,159,0.1805969774723053
2764,8,160,0.1975710690021515
2765,8,161,0.1810622364282608
2766,8,162,0.1938907355070114
2767,8,163,0.24648454785346985
2768,8,164,0.21354341506958008
2769,8,165,0.2328965961933136
2770,8,166,0.19957631826400757
2771,8,167,0.17431887984275818
2772,8,168,0.21938733756542206
2773,8,169,0.23441019654273987
2774,8,170,0.16954131424427032
2775,8,171,0.19569723308086395
2776,8,172,0.2416936159133911
2777,8,173,0.23949089646339417
2778,8,174,0.17305535078048706
2779,8,175,0.18873223662376404
2780,8,176,0.205392524600029
2781,8,177,0.20421233773231506
2782,8,178,0.22731931507587433
2783,8,179,0.22472575306892395
2784,8,180,0.22224852442741394
2785,8,181,0.23932521045207977
2786,8,182,0.22174954414367676
2787,8,183,0.1955854296684265
2788,8,184,0.1858997493982315
2789,8,185,0.2540818452835083
2790,8,186,0.200217604637146
2791,8,187,0.21308092772960663
2792,8,188,0.2062692940235138
2793,8,189,0.19092096388339996
2794,8,190,0.18409547209739685
2795,8,191,0.20680639147758484
2796,8,192,0.23091530799865723
2797,8,193,0.27492889761924744
2798,8,194,0.2499048262834549
2799,8,195,0.20453378558158875
2800,8,196,0.18835654854774475
2801,8,197,0.22352227568626404
2802,8,198,0.20844891667366028
2803,8,199,0.18287305533885956
2804,8,200,0.164492666721344
2805,8,201,0.266012042760849
2806,8,202,0.16491274535655975
2807,8,203,0.2332647293806076
2808,8,204,0.20181985199451447
2809,8,205,0.28187766671180725
2810,8,206,0.23567989468574524
2811,8,207,0.19037072360515594
2812,8,208,0.21868319809436798
2813,8,209,0.2155584841966629
2814,8,210,0.24191531538963318
2815,8,211,0.25090429186820984
2816,8,212,0.26749223470687866
2817,8,213,0.23639757931232452
2818,8,214,0.22132746875286102
2819,8,215,0.1796220988035202
2820,8,216,0.18992282450199127
2821,8,217,0.16669797897338867
2822,8,218,0.2188672125339508
2823,8,219,0.22220785915851593
2824,8,220,0.21616896986961365
2825,8,221,0.18357518315315247
2826,8,222,0.1627572476863861
2827,8,223,0.23486053943634033
2828,8,224,0.22520068287849426
2829,8,225,0.2085830271244049
2830,8,226,0.2008635699748993
2831,8,227,0.2067125141620636
2832,8,228,0.23103006184101105
2833,8,229,0.18766428530216217
2834,8,230,0.2035824954509735
2835,8,231,0.19757138192653656
2836,8,232,0.20771470665931702
2837,8,233,0.200768381357193
2838,8,234,0.17356030642986298
2839,8,235,0.2770807147026062
2840,8,236,0.21118302643299103
2841,8,237,0.17347781360149384
2842,8,238,0.20651960372924805
2843,8,239,0.2019815444946289
2844,8,240,0.22505541145801544
2845,8,241,0.2103160172700882
2846,8,242,0.1834324300289154
2847,8,243,0.2844620645046234
2848,8,244,0.1634151041507721
2849,8,245,0.2126791924238205
2850,8,246,0.191705584526062
2851,8,247,0.21569618582725525
2852,8,248,0.22695203125476837
2853,8,249,0.23655009269714355
2854,8,250,0.19921281933784485
2855,8,251,0.2280953824520111
2856,8,252,0.17065605521202087
2857,8,253,0.19014765322208405
2858,8,254,0.18461185693740845
2859,8,255,0.19384530186653137
2860,8,256,0.2298559695482254
2861,8,257,0.3185698091983795
2862,8,258,0.18682847917079926
2863,8,259,0.2380160391330719
2864,8,260,0.19438710808753967
2865,8,261,0.18413832783699036
2866,8,262,0.21405944228172302
2867,8,263,0.2499280869960785
2868,8,264,0.20047184824943542
2869,8,265,0.20259971916675568
2870,8,266,0.24541883170604706
2871,8,267,0.2498411238193512
2872,8,268,0.19918569922447205
2873,8,269,0.49806293845176697
2874,8,270,0.20654578506946564
2875,8,271,0.19853559136390686
2876,8,272,0.23456306755542755
2877,8,273,0.21722733974456787
2878,8,274,0.17922407388687134
2879,8,275,0.1832476556301117
2880,8,276,0.20784275233745575
2881,8,277,0.2212209403514862
2882,8,278,0.18467174470424652
2883,8,279,0.14927522838115692
2884,8,280,0.20009107887744904
2885,8,281,0.1728137731552124
2886,8,282,0.22756703197956085
2887,8,283,0.18528161942958832
2888,8,284,0.28628718852996826
2889,8,285,0.1740739345550537
2890,8,286,0.20682969689369202
2891,8,287,0.20360076427459717
2892,8,288,0.17363183200359344
2893,8,289,0.2019440233707428
2894,8,290,0.1923709660768509
2895,8,291,0.19468741118907928
2896,8,292,0.2118489295244217
2897,8,293,0.23908939957618713
2898,8,294,0.2376769781112671
2899,8,295,0.1934811770915985
2900,8,296,0.1565392166376114
2901,8,297,0.18374375998973846
2902,8,298,0.2161072939634323
2903,8,299,0.20533761382102966
2904,8,300,0.21099968254566193
2905,8,301,0.21262452006340027
2906,8,302,0.20700855553150177
2907,8,303,0.2239571064710617
2908,8,304,0.2296367883682251
2909,8,305,0.18982814252376556
2910,8,306,0.20157261192798615
2911,8,307,0.1837647706270218
2912,8,308,0.18813253939151764
2913,8,309,0.16948442161083221
2914,8,310,0.1985383927822113
2915,8,311,0.19600512087345123
2916,8,312,0.2206951081752777
2917,8,313,0.2649625539779663
2918,8,314,0.23038515448570251
2919,8,315,0.4946134090423584
2920,8,316,0.351258784532547
2921,8,317,0.1988837569952011
2922,8,318,0.1915503442287445
2923,8,319,0.20937490463256836
2924,8,320,0.23682066798210144
2925,8,321,0.17193099856376648
2926,8,322,0.18256619572639465
2927,8,323,0.24747923016548157
2928,8,324,0.17304430902004242
2929,8,325,0.18361076712608337
2930,8,326,0.17347601056098938
2931,8,327,0.2561612129211426
2932,8,328,0.1948544681072235
2933,8,329,0.2207934558391571
2934,8,330,0.19220367074012756
2935,8,331,0.17756904661655426
2936,8,332,0.15904749929904938
2937,8,333,0.17124073207378387
2938,8,334,0.18105657398700714
2939,8,335,0.16919200122356415
2940,8,336,0.2411373406648636
2941,8,337,0.16636964678764343
2942,8,338,0.22799095511436462
2943,8,339,0.18029162287712097
2944,8,340,0.17626920342445374
2945,8,341,0.40966206789016724
2946,8,342,0.1819336712360382
2947,8,343,0.2608821392059326
2948,8,344,0.20043599605560303
2949,8,345,0.3704264760017395
2950,8,346,0.3740817904472351
2951,8,347,0.18158401548862457
2952,8,348,0.22113069891929626
2953,8,349,0.2350326031446457
2954,8,350,0.1844225972890854
2955,8,351,0.24392645061016083
2956,8,352,0.283573716878891
2957,8,353,0.2590213716030121
2958,8,354,0.20831707119941711
2959,8,355,0.22733354568481445
2960,8,356,0.22591164708137512
2961,8,357,0.2016432285308838
2962,8,358,0.2664138376712799
2963,8,359,0.2658916115760803
2964,8,360,0.21365301311016083
2965,8,361,0.20147605240345
2966,8,362,0.337492972612381
2967,8,363,0.22864365577697754
2968,8,364,0.1979716569185257
2969,8,365,0.18473508954048157
2970,8,366,0.3216075301170349
2971,8,367,0.16518820822238922
2972,8,368,0.20476293563842773
2973,8,369,0.1565863937139511
2974,8,370,0.2037031203508377
2975,8,371,0.17711377143859863
2976,8,372,0.2224077582359314
2977,9,1,0.17655649781227112
2978,9,2,0.2339809387922287
2979,9,3,0.1734241247177124
2980,9,4,0.20986351370811462
2981,9,5,0.26780086755752563
2982,9,6,0.21924543380737305
2983,9,7,0.18058432638645172
2984,9,8,0.18112218379974365
2985,9,9,0.19042077660560608
2986,9,10,0.18955926597118378
2987,9,11,0.19129055738449097
2988,9,12,0.6254338026046753
2989,9,13,0.1722882091999054
2990,9,14,0.2149498015642166
2991,9,15,0.2439230978488922
2992,9,16,0.21202102303504944
2993,9,17,0.23790371417999268
2994,9,18,0.19775256514549255
2995,9,19,0.1826821118593216
2996,9,20,0.19211789965629578
2997,9,21,0.1888810247182846
2998,9,22,0.20923951268196106
2999,9,23,0.2067481279373169
3000,9,24,0.2221771478652954
3001,9,25,0.21017125248908997
3002,9,26,0.2144433557987213
3003,9,27,0.1742510199546814
3004,9,28,0.18120400607585907
3005,9,29,0.1924840658903122
3006,9,30,0.19442954659461975
3007,9,31,0.1933925896883011
3008,9,32,0.19151392579078674
3009,9,33,0.18908797204494476
3010,9,34,0.18810148537158966
3011,9,35,0.19219253957271576
3012,9,36,0.2674380838871002
3013,9,37,0.2410702407360077
3014,9,38,0.20734083652496338
3015,9,39,0.1853460818529129
3016,9,40,0.19694013893604279
3017,9,41,0.2071431577205658
3018,9,42,0.2088559865951538
3019,9,43,0.20212724804878235
3020,9,44,0.1693171262741089
3021,9,45,0.15079842507839203
3022,9,46,0.20990398526191711
3023,9,47,0.2678433060646057
3024,9,48,0.1942434459924698
3025,9,49,0.16962920129299164
3026,9,50,0.17618325352668762
3027,9,51,0.20543542504310608
3028,9,52,0.20490007102489471
3029,9,53,0.17080342769622803
3030,9,54,0.23510141670703888
3031,9,55,0.18026629090309143
3032,9,56,0.23257513344287872
3033,9,57,0.19384300708770752
3034,9,58,0.20593686401844025
3035,9,59,0.17784178256988525
3036,9,60,0.19739919900894165
3037,9,61,0.17730042338371277
3038,9,62,0.22319431602954865
3039,9,63,0.25279730558395386
3040,9,64,0.22045648097991943
3041,9,65,0.17900320887565613
3042,9,66,0.19883552193641663
3043,9,67,0.19161584973335266
3044,9,68,0.1806189864873886
3045,9,69,0.24218860268592834
3046,9,70,0.18835340440273285
3047,9,71,0.20720362663269043
3048,9,72,0.19955207407474518
3049,9,73,0.214384526014328
3050,9,74,0.1854657232761383
3051,9,75,0.1986580342054367
3052,9,76,0.1923171430826187
3053,9,77,0.1910424679517746
3054,9,78,0.18248797953128815
3055,9,79,0.14958719909191132
3056,9,80,0.23173224925994873
3057,9,81,0.18422402441501617
3058,9,82,0.22757570445537567
3059,9,83,0.17645618319511414
3060,9,84,0.15984874963760376
3061,9,85,0.20943434536457062
3062,9,86,0.1767452359199524
3063,9,87,0.17596076428890228
3064,9,88,0.14762097597122192
3065,9,89,0.16179592907428741
3066,9,90,0.18389831483364105
3067,9,91,0.16186963021755219
3068,9,92,0.19975584745407104
3069,9,93,0.19741258025169373
3070,9,94,0.18807753920555115
3071,9,95,0.25401049852371216
3072,9,96,0.18492908775806427
3073,9,97,0.22125621140003204
3074,9,98,0.22779646515846252
3075,9,99,0.25868305563926697
3076,9,100,0.213435560464859
3077,9,101,0.2041471004486084
3078,9,102,0.17734329402446747
3079,9,103,0.1980423629283905
3080,9,104,0.17467066645622253
3081,9,105,0.1420915424823761
3082,9,106,0.1788518726825714
3083,9,107,0.15928280353546143
3084,9,108,0.17223426699638367
3085,9,109,0.16213726997375488
3086,9,110,0.16499130427837372
3087,9,111,0.1878715604543686
3088,9,112,0.18367941677570343
3089,9,113,0.22588583827018738
3090,9,114,0.19996748864650726
3091,9,115,0.1934742033481598
3092,9,116,0.2189280241727829
3093,9,117,0.21071207523345947
3094,9,118,0.22468404471874237
3095,9,119,0.18485978245735168
3096,9,120,0.23914316296577454
3097,9,121,0.22043856978416443
3098,9,122,0.1954476535320282
3099,9,123,0.19102412462234497
3100,9,124,0.19641481339931488
3101,9,125,0.15767653286457062
3102,9,126,0.21019598841667175
3103,9,127,0.16694149374961853
3104,9,128,0.20545899868011475
3105,9,129,0.20872914791107178
3106,9,130,0.24327699840068817
3107,9,131,0.19334781169891357
3108,9,132,0.195280984044075
3109,9,133,0.16509796679019928
3110,9,134,0.1519746333360672
3111,9,135,0.21241454780101776
3112,9,136,0.1723644882440567
3113,9,137,0.18798157572746277
3114,9,138,0.19959929585456848
3115,9,139,0.16280612349510193
3116,9,140,0.21566303074359894
3117,9,141,0.18669649958610535
3118,9,142,0.16991928219795227
3119,9,143,0.19203884899616241
3120,9,144,0.22383341193199158
3121,9,145,0.19603484869003296
3122,9,146,0.2141755074262619
3123,9,147,0.2408747375011444
3124,9,148,0.20498068630695343
3125,9,149,0.22397573292255402
3126,9,150,0.20010952651500702
3127,9,151,0.19075267016887665
3128,9,152,0.17087343335151672
3129,9,153,0.3166918158531189
3130,9,154,0.42671164870262146
3131,9,155,0.25541600584983826
3132,9,156,0.16647163033485413
3133,9,157,0.27020174264907837
3134,9,158,0.12903434038162231
3135,9,159,0.23193636536598206
3136,9,160,0.18540909886360168
3137,9,161,0.20466609299182892
3138,9,162,0.18602310121059418
3139,9,163,0.3027288317680359
3140,9,164,0.2328672856092453
3141,9,165,0.2003031224012375
3142,9,166,0.33565089106559753
3143,9,167,0.16863027215003967
3144,9,168,0.2727164924144745
3145,9,169,0.19653074443340302
3146,9,170,0.17058995366096497
3147,9,171,0.32796525955200195
3148,9,172,0.19061125814914703
3149,9,173,0.22529950737953186
3150,9,174,0.2072429656982422
3151,9,175,0.19333088397979736
3152,9,176,0.1955631524324417
3153,9,177,0.18139052391052246
3154,9,178,0.16579179465770721
3155,9,179,0.20340967178344727
3156,9,180,0.20133686065673828
3157,9,181,0.19757965207099915
3158,9,182,0.1877293437719345
3159,9,183,0.16406193375587463
3160,9,184,0.24922971427440643
3161,9,185,0.20538750290870667
3162,9,186,0.2776283621788025
3163,9,187,0.23368136584758759
3164,9,188,0.1895667314529419
3165,9,189,0.22527103126049042
3166,9,190,0.21011126041412354
3167,9,191,0.20552289485931396
3168,9,192,0.1965317726135254
3169,9,193,0.23507103323936462
3170,9,194,0.21435019373893738
3171,9,195,0.314195454120636
3172,9,196,0.23307058215141296
3173,9,197,0.20575499534606934
3174,9,198,0.17512467503547668
3175,9,199,0.18719393014907837
3176,9,200,0.22883591055870056
3177,9,201,0.22673089802265167
3178,9,202,0.21082130074501038
3179,9,203,0.23393800854682922
3180,9,204,0.21933281421661377
3181,9,205,0.19917795062065125
3182,9,206,0.22311925888061523
3183,9,207,0.2193937599658966
3184,9,208,0.1962805539369583
3185,9,209,0.24632391333580017
3186,9,210,0.18544191122055054
3187,9,211,0.17518198490142822
3188,9,212,0.20440573990345
3189,9,213,0.21662135422229767
3190,9,214,0.22157523036003113
3191,9,215,0.20194347202777863
3192,9,216,0.19448702037334442
3193,9,217,0.21599502861499786
3194,9,218,0.18745434284210205
3195,9,219,0.17533904314041138
3196,9,220,0.15051762759685516
3197,9,221,0.17012447118759155
3198,9,222,0.18099847435951233
3199,9,223,0.2571723461151123
3200,9,224,0.21183522045612335
3201,9,225,0.18333660066127777
3202,9,226,0.16969385743141174
3203,9,227,0.3253113925457001
3204,9,228,0.1532309502363205
3205,9,229,0.19411899149417877
3206,9,230,0.18036866188049316
3207,9,231,0.17866510152816772
3208,9,232,0.1962607055902481
3209,9,233,0.24633269011974335
3210,9,234,0.22845256328582764
3211,9,235,0.21163491904735565
3212,9,236,0.2104843407869339
3213,9,237,0.19146867096424103
3214,9,238,0.2624608278274536
3215,9,239,0.21946918964385986
3216,9,240,0.1832761913537979
3217,9,241,0.2411344051361084
3218,9,242,0.1966450959444046
3219,9,243,0.17744943499565125
3220,9,244,0.19973249733448029
3221,9,245,0.19361139833927155
3222,9,246,0.16264787316322327
3223,9,247,0.22278742492198944
3224,9,248,0.19064787030220032
3225,9,249,0.2221091240644455
3226,9,250,0.22891566157341003
3227,9,251,0.2307576835155487
3228,9,252,0.21019324660301208
3229,9,253,0.1579793393611908
3230,9,254,0.24992311000823975
3231,9,255,0.17649081349372864
3232,9,256,0.26467379927635193
3233,9,257,0.1869390904903412
3234,9,258,0.19457504153251648
3235,9,259,0.26315924525260925
3236,9,260,0.2082703560590744
3237,9,261,0.15320487320423126
3238,9,262,0.20212793350219727
3239,9,263,0.24328581988811493
3240,9,264,0.22362391650676727
3241,9,265,0.16583728790283203
3242,9,266,0.2035326212644577
3243,9,267,0.16522368788719177
3244,9,268,0.18890106678009033
3245,9,269,0.21709653735160828
3246,9,270,0.23276157677173615
3247,9,271,0.2707723081111908
3248,9,272,0.20626477897167206
3249,9,273,0.20308534801006317
3250,9,274,0.21903307735919952
3251,9,275,0.16434748470783234
3252,9,276,0.3316764831542969
3253,9,277,0.2133728265762329
3254,9,278,0.1887933313846588
3255,9,279,0.18193545937538147
3256,9,280,0.31943851709365845
3257,9,281,0.23401184380054474
3258,9,282,0.18031123280525208
3259,9,283,0.21951289474964142
3260,9,284,0.19491685926914215
3261,9,285,0.18165834248065948
3262,9,286,0.24072980880737305
3263,9,287,0.2205415517091751
3264,9,288,0.1684383749961853
3265,9,289,0.21526487171649933
3266,9,290,0.16409070789813995
3267,9,291,0.22302353382110596
3268,9,292,0.20592565834522247
3269,9,293,0.21118059754371643
3270,9,294,0.17140662670135498
3271,9,295,0.17932526767253876
3272,9,296,0.15582378208637238
3273,9,297,0.19282463192939758
3274,9,298,0.15954716503620148
3275,9,299,0.21768410503864288
3276,9,300,0.19670255482196808
3277,9,301,0.24337902665138245
3278,9,302,0.25811558961868286
3279,9,303,0.1796574592590332
3280,9,304,0.1936042457818985
3281,9,305,0.19836339354515076
3282,9,306,0.1902974247932434
3283,9,307,0.18102990090847015
3284,9,308,0.16432756185531616
3285,9,309,0.1753978729248047
3286,9,310,0.1993194967508316
3287,9,311,0.17080113291740417
3288,9,312,0.19080814719200134
3289,9,313,0.1959194391965866
3290,9,314,0.16950339078903198
3291,9,315,0.25780507922172546
3292,9,316,0.19604572653770447
3293,9,317,0.21608932316303253
3294,9,318,0.18941043317317963
3295,9,319,0.19102191925048828
3296,9,320,0.17304053902626038
3297,9,321,0.18253177404403687
3298,9,322,0.1624516248703003
3299,9,323,0.1947944462299347
3300,9,324,0.20064111053943634
3301,9,325,0.18017086386680603
3302,9,326,0.20044644176959991
3303,9,327,0.24866752326488495
3304,9,328,0.2030501663684845
3305,9,329,0.17963282763957977
3306,9,330,0.2073560655117035
3307,9,331,0.18889519572257996
3308,9,332,0.2039502114057541
3309,9,333,0.17763659358024597
3310,9,334,0.21197184920310974
3311,9,335,0.21962206065654755
3312,9,336,0.1914753019809723
3313,9,337,0.22103197872638702
3314,9,338,0.2333650141954422
3315,9,339,0.18405547738075256
3316,9,340,0.17886345088481903
3317,9,341,0.189571812748909
3318,9,342,0.21967844665050507
3319,9,343,0.21278218924999237
3320,9,344,0.15344494581222534
3321,9,345,0.2559177875518799
3322,9,346,0.20750895142555237
3323,9,347,0.23722955584526062
3324,9,348,0.18972887098789215
3325,9,349,0.17961040139198303
3326,9,350,0.18661364912986755
3327,9,351,0.30884966254234314
3328,9,352,0.23454125225543976
3329,9,353,0.223028302192688
3330,9,354,0.1888449490070343
3331,9,355,0.22268974781036377
3332,9,356,0.20880241692066193
3333,9,357,0.35482245683670044
3334,9,358,0.21456794440746307
3335,9,359,0.21059735119342804
3336,9,360,0.18451976776123047
3337,9,361,0.2528477609157562
3338,9,362,0.19282905757427216
3339,9,363,0.21817326545715332
3340,9,364,0.23312237858772278
3341,9,365,0.18714788556098938
3342,9,366,0.1956879198551178
3343,9,367,0.198857381939888
3344,9,368,0.22953495383262634
3345,9,369,0.22347235679626465
3346,9,370,0.3592768609523773
3347,9,371,0.18155023455619812
3348,9,372,0.1459624320268631
3349,10,1,0.1807042956352234
3350,10,2,0.20729303359985352
3351,10,3,0.1379915028810501
3352,10,4,0.15021929144859314
3353,10,5,0.19899150729179382
3354,10,6,0.18767467141151428
3355,10,7,0.19181396067142487
3356,10,8,0.22983984649181366
3357,10,9,0.17851805686950684
3358,10,10,0.15320353209972382
3359,10,11,0.18811266124248505
3360,10,12,0.2077261209487915
3361,10,13,0.18982958793640137
3362,10,14,0.18152959644794464
3363,10,15,0.1675155609846115
3364,10,16,0.29455041885375977
3365,10,17,0.1482909917831421
3366,10,18,0.18008935451507568
3367,10,19,0.21933671832084656
3368,10,20,0.23280759155750275
3369,10,21,0.18440088629722595
3370,10,22,0.18579092621803284
3371,10,23,0.24691495299339294
3372,10,24,0.17829138040542603
3373,10,25,0.20914173126220703
3374,10,26,0.17160072922706604
3375,10,27,0.2215568572282791
3376,10,28,0.15910261869430542
3377,10,29,0.22818228602409363
3378,10,30,0.17492231726646423
3379,10,31,0.1883428990840912
3380,10,32,0.20381195843219757
3381,10,33,0.20159383118152618
3382,10,34,0.20895734429359436
3383,10,35,0.1975485384464264
3384,10,36,0.19296206533908844
3385,10,37,0.18431368470191956
3386,10,38,0.20481941103935242
3387,10,39,0.17535100877285004
3388,10,40,0.23310330510139465
3389,10,41,0.16340535879135132
3390,10,42,0.41349124908447266
3391,10,43,0.20408527553081512
3392,10,44,0.19359734654426575
3393,10,45,0.21926720440387726
3394,10,46,0.1773689091205597
3395,10,47,0.16924938559532166
3396,10,48,0.1968085914850235
3397,10,49,0.20707611739635468
3398,10,50,0.21955116093158722
3399,10,51,0.19753126800060272
3400,10,52,0.16160354018211365
3401,10,53,0.18196208775043488
3402,10,54,0.1711210310459137
3403,10,55,0.16934834420681
3404,10,56,0.3232231140136719
3405,10,57,0.24845632910728455
3406,10,58,0.2646373212337494
3407,10,59,0.19977585971355438
3408,10,60,0.34431928396224976
3409,10,61,0.19092705845832825
3410,10,62,0.17941246926784515
3411,10,63,0.17640462517738342
3412,10,64,0.21437577903270721
3413,10,65,0.17387942969799042
3414,10,66,0.18722185492515564
3415,10,67,0.24151834845542908
3416,10,68,0.1989726573228836
3417,10,69,0.2187688797712326
3418,10,70,0.1811520755290985
3419,10,71,0.17888185381889343
3420,10,72,0.18799856305122375
3421,10,73,0.1801101267337799
3422,10,74,0.1981632262468338
3423,10,75,0.18707655370235443
3424,10,76,0.18294011056423187
3425,10,77,0.21539607644081116
3426,10,78,0.1864781528711319
3427,10,79,0.18351057171821594
3428,10,80,0.20030824840068817
3429,10,81,0.2291942536830902
3430,10,82,0.1806737780570984
3431,10,83,0.16554655134677887
3432,10,84,0.15898363292217255
3433,10,85,0.1855679154396057
3434,10,86,0.1877855360507965
3435,10,87,0.19466637074947357
3436,10,88,0.1637919843196869
3437,10,89,0.21223430335521698
3438,10,90,0.1885402500629425
3439,10,91,0.19593562185764313
3440,10,92,0.20967121422290802
3441,10,93,0.18146328628063202
3442,10,94,0.16960904002189636
3443,10,95,0.17364147305488586
3444,10,96,0.24170172214508057
3445,10,97,0.17491385340690613
3446,10,98,0.16417962312698364
3447,10,99,0.18663889169692993
3448,10,100,0.23516440391540527
3449,10,101,0.23186619579792023
3450,10,102,0.18404510617256165
3451,10,103,0.19936862587928772
3452,10,104,0.1761889010667801
3453,10,105,0.1807297170162201
3454,10,106,0.19259493052959442
3455,10,107,0.19382497668266296
3456,10,108,0.1830635815858841
3457,10,109,0.16568298637866974
3458,10,110,0.15038669109344482
3459,10,111,0.1955268681049347
3460,10,112,0.19953885674476624
3461,10,113,0.22623245418071747
3462,10,114,0.20376405119895935
3463,10,115,0.1970464587211609
3464,10,116,0.1818760484457016
3465,10,117,0.2214163988828659
3466,10,118,0.197142094373703
3467,10,119,0.19634975492954254
3468,10,120,0.15927161276340485
3469,10,121,0.24178937077522278
3470,10,122,0.1891169250011444
3471,10,123,0.2032516747713089
3472,10,124,0.2039843052625656
3473,10,125,0.24875664710998535
3474,10,126,0.1538792997598648
3475,10,127,0.284648060798645
3476,10,128,0.1655685007572174
3477,10,129,0.20926615595817566
3478,10,130,0.19134822487831116
3479,10,131,0.21325469017028809
3480,10,132,0.17308712005615234
3481,10,133,0.18766635656356812
3482,10,134,0.1801975965499878
3483,10,135,0.1862700879573822
3484,10,136,0.1726721227169037
3485,10,137,0.21542787551879883
3486,10,138,0.35814982652664185
3487,10,139,0.1842879205942154
3488,10,140,0.15275132656097412
3489,10,141,0.1832212507724762
3490,10,142,0.23619873821735382
3491,10,143,0.16801932454109192
3492,10,144,0.16265347599983215
3493,10,145,0.19566908478736877
3494,10,146,0.17345668375492096
3495,10,147,0.2070172131061554
3496,10,148,0.2038429081439972
3497,10,149,0.1650315225124359
3498,10,150,0.180611714720726
3499,10,151,0.2026766538619995
3500,10,152,0.17092284560203552
3501,10,153,0.16547593474388123
3502,10,154,0.19525481760501862
3503,10,155,0.18500535190105438
3504,10,156,0.22258782386779785
3505,10,157,0.2044287919998169
3506,10,158,0.20899958908557892
3507,10,159,0.17658089101314545
3508,10,160,0.20164409279823303
3509,10,161,0.1872488409280777
3510,10,162,0.19183531403541565
3511,10,163,0.2650981545448303
3512,10,164,0.17761480808258057
3513,10,165,0.207910418510437
3514,10,166,0.1872233897447586
3515,10,167,0.15055260062217712
3516,10,168,0.1891375482082367
3517,10,169,0.23415076732635498
3518,10,170,0.21257419884204865
3519,10,171,0.20818892121315002
3520,10,172,0.18349838256835938
3521,10,173,0.15782266855239868
3522,10,174,0.20643094182014465
3523,10,175,0.1616557538509369
3524,10,176,0.21318712830543518
3525,10,177,0.21546974778175354
3526,10,178,0.2553219795227051
3527,10,179,0.16062656044960022
3528,10,180,0.1661960631608963
3529,10,181,0.17586497962474823
3530,10,182,0.19057849049568176
3531,10,183,0.2177889347076416
3532,10,184,0.25922518968582153
3533,10,185,0.23085007071495056
3534,10,186,0.31654077768325806
3535,10,187,0.1811678111553192
3536,10,188,0.2358238697052002
3537,10,189,0.20633554458618164
3538,10,190,0.17151392996311188
3539,10,191,0.19348463416099548
3540,10,192,0.20546133816242218
3541,10,193,0.21112561225891113
3542,10,194,0.1949167549610138
3543,10,195,0.19728216528892517
3544,10,196,0.24428848922252655
3545,10,197,0.19685213267803192
3546,10,198,0.3077602982521057
3547,10,199,0.19287198781967163
3548,10,200,0.22324426472187042
3549,10,201,0.21648690104484558
3550,10,202,0.21724775433540344
3551,10,203,0.2051551789045334
3552,10,204,0.21536719799041748
3553,10,205,0.19873476028442383
3554,10,206,0.16311046481132507
3555,10,207,0.15264688432216644
3556,10,208,0.2248486578464508
3557,10,209,0.1926138550043106
3558,10,210,0.21232903003692627
3559,10,211,0.2179335653781891
3560,10,212,0.1750144213438034
3561,10,213,0.20457442104816437
3562,10,214,0.18807630240917206
3563,10,215,0.18142235279083252
3564,10,216,0.2868209481239319
3565,10,217,0.20198722183704376
3566,10,218,0.22540053725242615
3567,10,219,0.19784876704216003
3568,10,220,0.17213276028633118
3569,10,221,0.18060827255249023
3570,10,222,0.26824283599853516
3571,10,223,0.2324901819229126
3572,10,224,0.19304226338863373
3573,10,225,0.25908204913139343
3574,10,226,0.2229459583759308
3575,10,227,0.1884184330701828
3576,10,228,0.2211589813232422
3577,10,229,0.18198218941688538
3578,10,230,0.19300764799118042
3579,10,231,0.18809238076210022
3580,10,232,0.19225487112998962
3581,10,233,0.19005471467971802
3582,10,234,0.1975691169500351
3583,10,235,0.1944003701210022
3584,10,236,0.19890840351581573
3585,10,237,0.15037283301353455
3586,10,238,0.21286718547344208
3587,10,239,0.19761109352111816
3588,10,240,0.16865363717079163
3589,10,241,0.1555381417274475
3590,10,242,0.20587697625160217
3591,10,243,0.22392117977142334
3592,10,244,0.17098496854305267
3593,10,245,0.20519892871379852
3594,10,246,0.14532499015331268
3595,10,247,0.17325900495052338
3596,10,248,0.15897849202156067
3597,10,249,0.18869683146476746
3598,10,250,0.2294410765171051
3599,10,251,0.19791381061077118
3600,10,252,0.21558734774589539
3601,10,253,0.2285192310810089
3602,10,254,0.15583905577659607
3603,10,255,0.2101275622844696
3604,10,256,0.19104799628257751
3605,10,257,0.2267177402973175
3606,10,258,0.17916373908519745
3607,10,259,0.22667066752910614
3608,10,260,0.15520790219306946
3609,10,261,0.18302223086357117
3610,10,262,0.15330789983272552
3611,10,263,0.16818007826805115
3612,10,264,0.19545331597328186
3613,10,265,0.1958954632282257
3614,10,266,0.22603337466716766
3615,10,267,0.18770398199558258
3616,10,268,0.2893384099006653
3617,10,269,0.17554979026317596
3618,10,270,0.17602062225341797
3619,10,271,0.21984870731830597
3620,10,272,0.18488526344299316
3621,10,273,0.1872425079345703
3622,10,274,0.17055848240852356
3623,10,275,0.19642274081707
3624,10,276,0.19706740975379944
3625,10,277,0.16604983806610107
3626,10,278,0.16629326343536377
3627,10,279,0.16126346588134766
3628,10,280,0.1997588872909546
3629,10,281,0.1460081785917282
3630,10,282,0.24492546916007996
3631,10,283,0.21166257560253143
3632,10,284,0.1710786670446396
3633,10,285,0.1560186892747879
3634,10,286,0.20302388072013855
3635,10,287,0.18086835741996765
3636,10,288,0.1803416907787323
3637,10,289,0.19266948103904724
3638,10,290,0.16085600852966309
3639,10,291,0.1390734612941742
3640,10,292,0.2295394241809845
3641,10,293,0.2421056479215622
3642,10,294,0.17802724242210388
3643,10,295,0.18521526455879211
3644,10,296,0.19735462963581085
3645,10,297,0.20827050507068634
3646,10,298,0.17226630449295044
3647,10,299,0.1515199840068817
3648,10,300,0.17832717299461365
3649,10,301,0.19167262315750122
3650,10,302,0.2091495543718338
3651,10,303,0.1404934823513031
3652,10,304,0.21281394362449646
3653,10,305,0.21394439041614532
3654,10,306,0.20929913222789764
3655,10,307,0.1744198352098465
3656,10,308,0.210958793759346
3657,10,309,0.2241179645061493
3658,10,310,0.17142921686172485
3659,10,311,0.1770309954881668
3660,10,312,0.17743408679962158
3661,10,313,0.21135258674621582
3662,10,314,0.18701373040676117
3663,10,315,0.19234493374824524
3664,10,316,0.17610837519168854
3665,10,317,0.19871029257774353
3666,10,318,0.1910770684480667
3667,10,319,0.17488251626491547
3668,10,320,0.22480659186840057
3669,10,321,0.2552608847618103
3670,10,322,0.17842799425125122
3671,10,323,0.1948014199733734
3672,10,324,0.16325019299983978
3673,10,325,0.16273733973503113
3674,10,326,0.15031734108924866
3675,10,327,0.17298707365989685
3676,10,328,0.174005925655365
3677,10,329,0.21072068810462952
3678,10,330,0.2003120481967926
3679,10,331,0.17122772336006165
3680,10,332,0.1703527718782425
3681,10,333,0.17525453865528107
3682,10,334,0.22993752360343933
3683,10,335,0.17059238255023956
3684,10,336,0.18917962908744812
3685,10,337,0.17151784896850586
3686,10,338,0.1915823370218277
3687,10,339,0.1967027187347412
3688,10,340,0.19020774960517883
3689,10,341,0.18036340177059174
3690,10,342,0.13971294462680817
3691,10,343,0.18709328770637512
3692,10,344,0.17261432111263275
3693,10,345,0.1612846851348877
3694,10,346,0.14421506226062775
3695,10,347,0.2016012966632843
3696,10,348,0.1967366635799408
3697,10,349,0.19229640066623688
3698,10,350,0.1914840042591095
3699,10,351,0.1931571215391159
3700,10,352,0.19323371350765228
3701,10,353,0.17626725137233734
3702,10,354,0.17390790581703186
3703,10,355,0.2065068483352661
3704,10,356,0.210661843419075
3705,10,357,0.1794859915971756
3706,10,358,0.19252213835716248
3707,10,359,0.17356792092323303
3708,10,360,0.19368910789489746
3709,10,361,0.1938793957233429
3710,10,362,0.17074769735336304
3711,10,363,0.20396657288074493
3712,10,364,0.16998419165611267
3713,10,365,0.1941056102514267
3714,10,366,0.20316636562347412
3715,10,367,0.20453910529613495
3716,10,368,0.1542869657278061
3717,10,369,0.23093776404857635
3718,10,370,0.2536301612854004
3719,10,371,0.17386052012443542
3720,10,372,0.21367716789245605
