global_step,epoch,batch,train_loss
1,1,1,3.2908244132995605
2,1,2,3.229637622833252
3,1,3,3.1923089027404785
4,1,4,3.152531147003174
5,1,5,3.1715948581695557
6,1,6,3.178027629852295
7,1,7,3.075160503387451
8,1,8,3.040886640548706
9,1,9,3.0381054878234863
10,1,10,2.956148147583008
11,1,11,2.9805610179901123
12,1,12,2.9494566917419434
13,1,13,2.8817150592803955
14,1,14,2.8954124450683594
15,1,15,2.8612356185913086
16,1,16,2.8803839683532715
17,1,17,2.8297173976898193
18,1,18,2.808485746383667
19,1,19,2.7771308422088623
20,1,20,2.775024175643921
21,1,21,2.7898061275482178
22,1,22,2.7593765258789062
23,1,23,2.7346079349517822
24,1,24,2.687227725982666
25,1,25,2.7741551399230957
26,1,26,2.716248035430908
27,1,27,2.676487445831299
28,1,28,2.6183347702026367
29,1,29,2.67470121383667
30,1,30,2.6514434814453125
31,1,31,2.6922881603240967
32,1,32,2.5914318561553955
33,1,33,2.597224712371826
34,1,34,2.638472557067871
35,1,35,2.553358554840088
36,1,36,2.5526249408721924
37,1,37,2.550058603286743
38,1,38,2.55409574508667
39,1,39,2.501326322555542
40,1,40,2.559183120727539
41,1,41,2.6087088584899902
42,1,42,2.508254289627075
43,1,43,2.555433988571167
44,1,44,2.4725167751312256
45,1,45,2.586826801300049
46,1,46,2.4788599014282227
47,1,47,2.4455251693725586
48,1,48,2.465613603591919
49,1,49,2.3979403972625732
50,1,50,2.454904079437256
51,1,51,2.443422555923462
52,1,52,2.516439914703369
53,1,53,2.4876019954681396
54,1,54,2.4164657592773438
55,1,55,2.489785671234131
56,1,56,2.4730725288391113
57,1,57,2.460186719894409
58,1,58,2.3661913871765137
59,1,59,2.430358648300171
60,1,60,2.386047840118408
61,1,61,2.361750364303589
62,1,62,2.5051472187042236
63,1,63,2.3240697383880615
64,1,64,2.4194064140319824
65,1,65,2.426546096801758
66,1,66,2.3495731353759766
67,1,67,2.2929553985595703
68,1,68,2.371732234954834
69,1,69,2.3614819049835205
70,1,70,2.321852684020996
71,1,71,2.3398406505584717
72,1,72,2.337339401245117
73,1,73,2.4569807052612305
74,1,74,2.2703757286071777
75,1,75,2.2703804969787598
76,1,76,2.3421363830566406
77,1,77,2.3204877376556396
78,1,78,2.342247486114502
79,1,79,2.351595401763916
80,1,80,2.3134541511535645
81,1,81,2.355008602142334
82,1,82,2.281886100769043
83,1,83,2.2909998893737793
84,1,84,2.241859197616577
85,1,85,2.2905521392822266
86,1,86,2.311445713043213
87,1,87,2.254072666168213
88,1,88,2.2496211528778076
89,1,89,2.244943141937256
90,1,90,2.249223232269287
91,1,91,2.2155418395996094
92,1,92,2.2975664138793945
93,1,93,2.2469582557678223
94,1,94,2.2360100746154785
95,1,95,2.2743332386016846
96,1,96,2.167015552520752
97,1,97,2.3386449813842773
98,1,98,2.229304790496826
99,1,99,2.2428107261657715
100,1,100,2.2543439865112305
101,1,101,2.215911388397217
102,1,102,2.2342281341552734
103,1,103,2.202829360961914
104,1,104,2.28035044670105
105,1,105,2.203246593475342
106,1,106,2.1526272296905518
107,1,107,2.2262678146362305
108,1,108,2.2067720890045166
109,1,109,2.235823392868042
110,1,110,2.171708583831787
111,1,111,2.1536669731140137
112,1,112,2.2858715057373047
113,1,113,2.1643428802490234
114,1,114,2.1857664585113525
115,1,115,2.1271777153015137
116,1,116,2.2314953804016113
117,1,117,2.2548329830169678
118,1,118,2.2341725826263428
119,1,119,2.213780641555786
120,1,120,2.1986522674560547
121,1,121,2.1235392093658447
122,1,122,2.120696544647217
123,1,123,2.198228120803833
124,1,124,2.1596901416778564
125,1,125,2.10044527053833
126,1,126,2.184678077697754
127,1,127,2.2297987937927246
128,1,128,2.129211902618408
129,1,129,2.283909320831299
130,1,130,2.1314268112182617
131,1,131,2.2211849689483643
132,1,132,2.1623592376708984
133,1,133,2.166294574737549
134,1,134,2.1634345054626465
135,1,135,2.202863931655884
136,1,136,2.1012485027313232
137,1,137,2.149094581604004
138,1,138,2.195549726486206
139,1,139,2.1417062282562256
140,1,140,2.1630170345306396
141,1,141,2.061267137527466
142,1,142,2.152221918106079
143,1,143,2.1444480419158936
144,1,144,2.0962958335876465
145,1,145,2.1668457984924316
146,1,146,2.1382687091827393
147,1,147,2.133613109588623
148,1,148,2.1140244007110596
149,1,149,2.0874619483947754
150,1,150,2.1369011402130127
151,1,151,2.0319371223449707
152,1,152,2.059767961502075
153,1,153,2.152555227279663
154,1,154,2.085253953933716
155,1,155,2.14616322517395
156,1,156,2.205292224884033
157,1,157,2.1083245277404785
158,1,158,2.0492169857025146
159,1,159,2.0944719314575195
160,1,160,2.23575758934021
161,1,161,2.137298107147217
162,1,162,2.1069769859313965
163,1,163,2.1121726036071777
164,1,164,2.0989251136779785
165,1,165,2.11706280708313
166,1,166,2.1169655323028564
167,1,167,2.0675137042999268
168,1,168,2.073328971862793
169,1,169,2.04754376411438
170,1,170,2.1065945625305176
171,1,171,2.131779670715332
172,1,172,2.0587172508239746
173,1,173,2.0889601707458496
174,1,174,2.0632007122039795
175,1,175,2.076301336288452
176,1,176,2.0582547187805176
177,1,177,2.022690773010254
178,1,178,2.0702617168426514
179,1,179,2.0846107006073
180,1,180,2.048126697540283
181,1,181,2.015646457672119
182,1,182,2.04702091217041
183,1,183,2.036602258682251
184,1,184,2.0371038913726807
185,1,185,2.051269769668579
186,1,186,2.025869607925415
187,1,187,2.100092887878418
188,1,188,2.0557167530059814
189,1,189,2.0322985649108887
190,1,190,2.0477423667907715
191,1,191,1.9873046875
192,1,192,2.047694683074951
193,1,193,2.0741260051727295
194,1,194,2.1684727668762207
195,1,195,2.09541392326355
196,1,196,2.0115578174591064
197,1,197,2.0356383323669434
198,1,198,2.0617306232452393
199,1,199,2.0267276763916016
200,1,200,1.9954750537872314
201,1,201,2.0558981895446777
202,1,202,2.029463529586792
203,1,203,2.0418684482574463
204,1,204,2.064030885696411
205,1,205,2.0503923892974854
206,1,206,2.036118268966675
207,1,207,2.1732335090637207
208,1,208,2.038628101348877
209,1,209,2.003258228302002
210,1,210,1.951983094215393
211,1,211,2.0449142456054688
212,1,212,2.0311279296875
213,1,213,1.9520591497421265
214,1,214,2.005280017852783
215,1,215,1.9489924907684326
216,1,216,1.983555555343628
217,1,217,2.0444226264953613
218,1,218,1.9541120529174805
219,1,219,2.0032260417938232
220,1,220,2.083589792251587
221,1,221,2.003553867340088
222,1,222,1.9450925588607788
223,1,223,2.0178840160369873
224,1,224,1.943015694618225
225,1,225,2.1949121952056885
226,1,226,1.9775588512420654
227,1,227,2.092496395111084
228,1,228,1.9855194091796875
229,1,229,2.0335562229156494
230,1,230,2.0508217811584473
231,1,231,1.923292875289917
232,1,232,2.0570595264434814
233,1,233,2.0035367012023926
234,1,234,1.9620765447616577
235,1,235,2.0370378494262695
236,1,236,1.963955283164978
237,1,237,1.9721275568008423
238,1,238,1.9389562606811523
239,1,239,2.0441744327545166
240,1,240,1.9537131786346436
241,1,241,2.0558032989501953
242,1,242,1.9263365268707275
243,1,243,1.9560514688491821
244,1,244,1.9673335552215576
245,1,245,1.908572793006897
246,1,246,1.9674574136734009
247,1,247,1.9186540842056274
248,1,248,1.9856312274932861
249,1,249,1.9146411418914795
250,1,250,1.9407389163970947
251,1,251,1.9924083948135376
252,1,252,1.9423034191131592
253,1,253,1.9794734716415405
254,1,254,1.9218921661376953
255,1,255,1.9414255619049072
256,1,256,1.8840672969818115
257,1,257,1.9971513748168945
258,1,258,1.9636802673339844
259,1,259,1.9897228479385376
260,1,260,1.9402363300323486
261,1,261,1.9268150329589844
262,1,262,1.9603370428085327
263,1,263,1.9285846948623657
264,1,264,1.9039475917816162
265,1,265,1.9127601385116577
266,1,266,1.992582082748413
267,1,267,1.9655567407608032
268,1,268,1.9487438201904297
269,1,269,1.9168968200683594
270,1,270,1.9043209552764893
271,1,271,1.9185603857040405
272,1,272,1.9642808437347412
273,1,273,1.9714826345443726
274,1,274,1.8883488178253174
275,1,275,1.8564269542694092
276,1,276,1.9374974966049194
277,1,277,1.8971595764160156
278,1,278,1.904720664024353
279,1,279,2.0309653282165527
280,1,280,1.8786580562591553
281,1,281,1.9670861959457397
282,1,282,1.9363720417022705
283,1,283,1.9226980209350586
284,1,284,1.9626611471176147
285,1,285,1.9228534698486328
286,1,286,1.8829139471054077
287,1,287,1.8638168573379517
288,1,288,1.9279568195343018
289,1,289,1.9724054336547852
290,1,290,1.9955898523330688
291,1,291,1.9224916696548462
292,1,292,1.9149490594863892
293,1,293,1.9304897785186768
294,1,294,1.9357554912567139
295,1,295,1.8999731540679932
296,1,296,1.9271348714828491
297,1,297,1.871843695640564
298,1,298,1.9155797958374023
299,1,299,1.9366588592529297
300,1,300,1.9015588760375977
301,1,301,1.8178575038909912
302,1,302,1.9051250219345093
303,1,303,1.9351091384887695
304,1,304,1.917785406112671
305,1,305,1.9131511449813843
306,1,306,1.8285671472549438
307,1,307,1.8531608581542969
308,1,308,1.9288250207901
309,1,309,1.9677718877792358
310,1,310,1.9065113067626953
311,1,311,1.9127317667007446
312,1,312,1.8721126317977905
313,1,313,1.9036197662353516
314,1,314,1.8889820575714111
315,1,315,1.9035022258758545
316,1,316,1.8883836269378662
317,1,317,1.8984127044677734
318,1,318,1.9126189947128296
319,1,319,1.8991107940673828
320,1,320,1.84648859500885
321,1,321,1.9098211526870728
322,1,322,1.9388494491577148
323,1,323,1.8760885000228882
324,1,324,1.9664287567138672
325,1,325,1.8578250408172607
326,1,326,1.835168480873108
327,1,327,1.8710418939590454
328,1,328,2.0347952842712402
329,1,329,1.8726838827133179
330,1,330,1.8910143375396729
331,1,331,1.8934028148651123
332,1,332,1.8560268878936768
333,1,333,1.888645887374878
334,1,334,1.8648303747177124
335,1,335,1.8269344568252563
336,1,336,1.9042186737060547
337,1,337,1.933650016784668
338,1,338,1.8991155624389648
339,1,339,2.0301496982574463
340,1,340,1.8312244415283203
341,1,341,1.8983227014541626
342,1,342,1.8849105834960938
343,1,343,1.8544031381607056
344,1,344,1.8925024271011353
345,1,345,1.8653331995010376
346,1,346,1.7983283996582031
347,1,347,1.9058128595352173
348,1,348,1.8511676788330078
349,1,349,1.8902992010116577
350,1,350,1.8577606678009033
351,1,351,1.7809991836547852
352,1,352,1.8832626342773438
353,1,353,1.8656820058822632
354,1,354,1.8449647426605225
355,1,355,1.9917131662368774
356,1,356,1.835993766784668
357,1,357,1.8606414794921875
358,1,358,1.9128599166870117
359,1,359,1.799403429031372
360,1,360,1.8653886318206787
361,1,361,1.8319427967071533
362,1,362,1.8486734628677368
363,1,363,1.8279615640640259
364,1,364,1.967309594154358
365,1,365,1.891336441040039
366,1,366,1.8504045009613037
367,1,367,1.8282991647720337
368,1,368,1.7665965557098389
369,1,369,1.8425935506820679
370,1,370,1.8415567874908447
371,1,371,1.8350661993026733
372,1,372,1.9615881443023682
373,2,1,1.8630952835083008
374,2,2,1.8154014348983765
375,2,3,1.7763760089874268
376,2,4,1.777340292930603
377,2,5,1.7609150409698486
378,2,6,1.7918434143066406
379,2,7,1.7560781240463257
380,2,8,1.9023025035858154
381,2,9,1.7710018157958984
382,2,10,1.8435859680175781
383,2,11,1.8401492834091187
384,2,12,1.8318510055541992
385,2,13,1.836904764175415
386,2,14,1.8077871799468994
387,2,15,1.8421075344085693
388,2,16,1.8067337274551392
389,2,17,1.7766997814178467
390,2,18,1.823699951171875
391,2,19,1.8232557773590088
392,2,20,1.9804203510284424
393,2,21,1.787825584411621
394,2,22,1.782588005065918
395,2,23,1.8265537023544312
396,2,24,1.8787810802459717
397,2,25,1.852329969406128
398,2,26,1.795161247253418
399,2,27,1.8175275325775146
400,2,28,1.7931559085845947
401,2,29,1.7869905233383179
402,2,30,1.7659753561019897
403,2,31,1.8422174453735352
404,2,32,1.7830126285552979
405,2,33,1.7940229177474976
406,2,34,1.7909681797027588
407,2,35,1.8204988241195679
408,2,36,1.7793375253677368
409,2,37,1.7609367370605469
410,2,38,1.8423497676849365
411,2,39,1.794168472290039
412,2,40,1.8390066623687744
413,2,41,1.839434027671814
414,2,42,1.8248987197875977
415,2,43,1.8206348419189453
416,2,44,1.733769178390503
417,2,45,1.7813068628311157
418,2,46,1.728021264076233
419,2,47,1.7729345560073853
420,2,48,1.737640380859375
421,2,49,1.7007640600204468
422,2,50,1.7685848474502563
423,2,51,1.7425260543823242
424,2,52,1.8241918087005615
425,2,53,1.8440946340560913
426,2,54,1.7506186962127686
427,2,55,1.7584402561187744
428,2,56,1.774604082107544
429,2,57,1.8055880069732666
430,2,58,1.7924716472625732
431,2,59,1.8284202814102173
432,2,60,1.8162997961044312
433,2,61,1.8218237161636353
434,2,62,1.718542456626892
435,2,63,1.7884219884872437
436,2,64,1.8114597797393799
437,2,65,1.8110841512680054
438,2,66,1.8210445642471313
439,2,67,1.762897253036499
440,2,68,1.796466588973999
441,2,69,1.7646894454956055
442,2,70,1.7874491214752197
443,2,71,1.7904943227767944
444,2,72,1.720447301864624
445,2,73,1.7910382747650146
446,2,74,1.7429866790771484
447,2,75,1.783071517944336
448,2,76,1.7118244171142578
449,2,77,1.7744295597076416
450,2,78,1.8330879211425781
451,2,79,1.7335951328277588
452,2,80,1.762738823890686
453,2,81,1.9338464736938477
454,2,82,1.748960256576538
455,2,83,1.735312819480896
456,2,84,1.7151298522949219
457,2,85,1.7365843057632446
458,2,86,1.8276439905166626
459,2,87,1.6846559047698975
460,2,88,1.748790979385376
461,2,89,1.799738883972168
462,2,90,1.7748664617538452
463,2,91,1.7577416896820068
464,2,92,1.7891817092895508
465,2,93,1.7426156997680664
466,2,94,1.8232030868530273
467,2,95,1.7639153003692627
468,2,96,1.701109528541565
469,2,97,1.7445892095565796
470,2,98,1.7419933080673218
471,2,99,1.8075988292694092
472,2,100,1.7417691946029663
473,2,101,1.6901891231536865
474,2,102,1.7602285146713257
475,2,103,1.714996337890625
476,2,104,1.753182053565979
477,2,105,1.8564989566802979
478,2,106,1.7629098892211914
479,2,107,1.760446310043335
480,2,108,1.8083829879760742
481,2,109,1.6960340738296509
482,2,110,1.7201932668685913
483,2,111,1.7043263912200928
484,2,112,1.760890007019043
485,2,113,1.686500906944275
486,2,114,1.7292640209197998
487,2,115,1.746761679649353
488,2,116,1.7323236465454102
489,2,117,1.702777624130249
490,2,118,1.7203762531280518
491,2,119,1.7523260116577148
492,2,120,1.7046527862548828
493,2,121,1.7097820043563843
494,2,122,1.7664988040924072
495,2,123,1.7068955898284912
496,2,124,1.7314926385879517
497,2,125,1.6572328805923462
498,2,126,1.7291113138198853
499,2,127,1.7028487920761108
500,2,128,1.6865564584732056
501,2,129,1.7712863683700562
502,2,130,1.7291476726531982
503,2,131,1.7357314825057983
504,2,132,1.7170612812042236
505,2,133,1.7076534032821655
506,2,134,1.8319580554962158
507,2,135,1.7708609104156494
508,2,136,1.7649091482162476
509,2,137,1.7366098165512085
510,2,138,1.67462158203125
511,2,139,1.6954275369644165
512,2,140,1.6438099145889282
513,2,141,1.7282485961914062
514,2,142,1.7748531103134155
515,2,143,1.740780234336853
516,2,144,1.7684805393218994
517,2,145,1.7088091373443604
518,2,146,1.6942752599716187
519,2,147,1.7038437128067017
520,2,148,1.7482926845550537
521,2,149,1.7034066915512085
522,2,150,1.6736091375350952
523,2,151,1.7182670831680298
524,2,152,1.6265465021133423
525,2,153,1.6875402927398682
526,2,154,1.8841631412506104
527,2,155,1.6798673868179321
528,2,156,1.7407938241958618
529,2,157,1.6481634378433228
530,2,158,1.6929486989974976
531,2,159,1.731719970703125
532,2,160,1.722933053970337
533,2,161,1.7717816829681396
534,2,162,1.6134580373764038
535,2,163,1.636908769607544
536,2,164,1.739133596420288
537,2,165,1.8169485330581665
538,2,166,1.6540346145629883
539,2,167,1.7768478393554688
540,2,168,1.6486886739730835
541,2,169,1.6912256479263306
542,2,170,1.6933882236480713
543,2,171,1.681513786315918
544,2,172,1.6334251165390015
545,2,173,1.649312973022461
546,2,174,1.7098681926727295
547,2,175,1.6981245279312134
548,2,176,1.6504920721054077
549,2,177,1.6835534572601318
550,2,178,1.7247775793075562
551,2,179,1.69008469581604
552,2,180,1.705028772354126
553,2,181,1.798461675643921
554,2,182,1.697716474533081
555,2,183,1.6629650592803955
556,2,184,1.647904396057129
557,2,185,1.72958242893219
558,2,186,1.834275245666504
559,2,187,1.6906280517578125
560,2,188,1.6119053363800049
561,2,189,1.6243339776992798
562,2,190,1.6831979751586914
563,2,191,1.7326942682266235
564,2,192,1.657976746559143
565,2,193,1.7176538705825806
566,2,194,1.7126805782318115
567,2,195,1.7448883056640625
568,2,196,1.6926332712173462
569,2,197,1.7985670566558838
570,2,198,1.75259530544281
571,2,199,1.691261649131775
572,2,200,1.5982780456542969
573,2,201,1.7049459218978882
574,2,202,1.669427514076233
575,2,203,1.6926202774047852
576,2,204,1.6308921575546265
577,2,205,1.6770565509796143
578,2,206,1.7187913656234741
579,2,207,1.6388429403305054
580,2,208,1.7547483444213867
581,2,209,1.7092698812484741
582,2,210,1.7068326473236084
583,2,211,1.662701964378357
584,2,212,1.6640392541885376
585,2,213,1.6341350078582764
586,2,214,1.6803995370864868
587,2,215,1.6759933233261108
588,2,216,1.6372791528701782
589,2,217,1.6253162622451782
590,2,218,1.7210384607315063
591,2,219,1.6688419580459595
592,2,220,1.6780592203140259
593,2,221,1.641985297203064
594,2,222,1.6468498706817627
595,2,223,1.6097103357315063
596,2,224,1.8103530406951904
597,2,225,1.7852656841278076
598,2,226,1.7288169860839844
599,2,227,1.6378173828125
600,2,228,1.7001616954803467
601,2,229,1.652195930480957
602,2,230,1.702882170677185
603,2,231,1.6366459131240845
604,2,232,1.6340463161468506
605,2,233,1.6267433166503906
606,2,234,1.7083384990692139
607,2,235,1.6276962757110596
608,2,236,1.6290357112884521
609,2,237,1.6166489124298096
610,2,238,1.6105868816375732
611,2,239,1.6268270015716553
612,2,240,1.7087128162384033
613,2,241,1.5976016521453857
614,2,242,1.6132714748382568
615,2,243,1.7113927602767944
616,2,244,1.618124008178711
617,2,245,1.640292763710022
618,2,246,1.6039984226226807
619,2,247,1.6141144037246704
620,2,248,1.5867400169372559
621,2,249,1.6373703479766846
622,2,250,1.629377007484436
623,2,251,1.6432209014892578
624,2,252,1.6890367269515991
625,2,253,1.6441848278045654
626,2,254,1.6042273044586182
627,2,255,1.645258903503418
628,2,256,1.6710296869277954
629,2,257,1.6099789142608643
630,2,258,1.652378797531128
631,2,259,1.6070148944854736
632,2,260,1.8307422399520874
633,2,261,1.6188312768936157
634,2,262,1.5562611818313599
635,2,263,1.6221435070037842
636,2,264,1.579309105873108
637,2,265,1.6076538562774658
638,2,266,1.6778026819229126
639,2,267,1.610062599182129
640,2,268,1.5606497526168823
641,2,269,1.678556203842163
642,2,270,1.707383394241333
643,2,271,1.5516138076782227
644,2,272,1.6085031032562256
645,2,273,1.580214262008667
646,2,274,1.5732040405273438
647,2,275,1.6246330738067627
648,2,276,1.5912059545516968
649,2,277,1.6690864562988281
650,2,278,1.7739206552505493
651,2,279,1.6749019622802734
652,2,280,1.62454092502594
653,2,281,1.5846006870269775
654,2,282,1.6792070865631104
655,2,283,1.712721586227417
656,2,284,1.6316417455673218
657,2,285,1.621116042137146
658,2,286,1.6264121532440186
659,2,287,1.5978453159332275
660,2,288,1.6165975332260132
661,2,289,1.5629284381866455
662,2,290,1.6545814275741577
663,2,291,1.584376573562622
664,2,292,1.6130073070526123
665,2,293,1.6237112283706665
666,2,294,1.6575558185577393
667,2,295,1.654236078262329
668,2,296,1.5601223707199097
669,2,297,1.573874831199646
670,2,298,1.636681318283081
671,2,299,1.6289212703704834
672,2,300,1.5531907081604004
673,2,301,1.6285924911499023
674,2,302,1.616819143295288
675,2,303,1.5538043975830078
676,2,304,1.5500470399856567
677,2,305,1.5966707468032837
678,2,306,1.5475252866744995
679,2,307,1.6217046976089478
680,2,308,1.6810964345932007
681,2,309,1.6213791370391846
682,2,310,1.5585826635360718
683,2,311,1.625482201576233
684,2,312,1.6495453119277954
685,2,313,1.6802499294281006
686,2,314,1.553784966468811
687,2,315,1.5789929628372192
688,2,316,1.6288435459136963
689,2,317,1.5443646907806396
690,2,318,1.684632658958435
691,2,319,1.5935335159301758
692,2,320,1.5929758548736572
693,2,321,1.600481629371643
694,2,322,1.6187973022460938
695,2,323,1.6754236221313477
696,2,324,1.634961724281311
697,2,325,1.5599958896636963
698,2,326,1.668577790260315
699,2,327,1.5645533800125122
700,2,328,1.6382739543914795
701,2,329,1.6025149822235107
702,2,330,1.5997527837753296
703,2,331,1.583024263381958
704,2,332,1.6202490329742432
705,2,333,1.6128485202789307
706,2,334,1.6042072772979736
707,2,335,1.5254123210906982
708,2,336,1.6118719577789307
709,2,337,1.6007814407348633
710,2,338,1.6192853450775146
711,2,339,1.5348522663116455
712,2,340,1.6248111724853516
713,2,341,1.7400562763214111
714,2,342,1.5380773544311523
715,2,343,1.5187209844589233
716,2,344,1.6020240783691406
717,2,345,1.630694031715393
718,2,346,1.5680140256881714
719,2,347,1.5393213033676147
720,2,348,1.5560213327407837
721,2,349,1.612230896949768
722,2,350,1.56217360496521
723,2,351,1.588416337966919
724,2,352,1.5169446468353271
725,2,353,1.5347150564193726
726,2,354,1.5876414775848389
727,2,355,1.5252152681350708
728,2,356,1.5948503017425537
729,2,357,1.589826226234436
730,2,358,1.4992215633392334
731,2,359,1.5788824558258057
732,2,360,1.5571715831756592
733,2,361,1.5707536935806274
734,2,362,1.545900821685791
735,2,363,1.5089062452316284
736,2,364,1.6689618825912476
737,2,365,1.5260367393493652
738,2,366,1.6675128936767578
739,2,367,1.5511744022369385
740,2,368,1.5663659572601318
741,2,369,1.5763626098632812
742,2,370,1.5063934326171875
743,2,371,1.5758248567581177
744,2,372,1.575147032737732
745,3,1,1.5167721509933472
746,3,2,1.5847663879394531
747,3,3,1.5345747470855713
748,3,4,1.5037111043930054
749,3,5,1.6161119937896729
750,3,6,1.515566110610962
751,3,7,1.552425503730774
752,3,8,1.5088976621627808
753,3,9,1.583012342453003
754,3,10,1.5808155536651611
755,3,11,1.5075762271881104
756,3,12,1.5986106395721436
757,3,13,1.5505518913269043
758,3,14,1.585288405418396
759,3,15,1.5666834115982056
760,3,16,1.5014959573745728
761,3,17,1.5919681787490845
762,3,18,1.4850060939788818
763,3,19,1.5333237648010254
764,3,20,1.4906126260757446
765,3,21,1.517951250076294
766,3,22,1.5516310930252075
767,3,23,1.5703836679458618
768,3,24,1.5126410722732544
769,3,25,1.452768325805664
770,3,26,1.5228782892227173
771,3,27,1.6499741077423096
772,3,28,1.5641177892684937
773,3,29,1.5886211395263672
774,3,30,1.529278039932251
775,3,31,1.537728190422058
776,3,32,1.5057727098464966
777,3,33,1.4842935800552368
778,3,34,1.5861358642578125
779,3,35,1.5425448417663574
780,3,36,1.5741578340530396
781,3,37,1.504644751548767
782,3,38,1.5499653816223145
783,3,39,1.4674839973449707
784,3,40,1.625392198562622
785,3,41,1.6156622171401978
786,3,42,1.4560720920562744
787,3,43,1.4845163822174072
788,3,44,1.5227105617523193
789,3,45,1.5117733478546143
790,3,46,1.5261377096176147
791,3,47,1.5115091800689697
792,3,48,1.4725515842437744
793,3,49,1.513582468032837
794,3,50,1.4791440963745117
795,3,51,1.5083355903625488
796,3,52,1.5405848026275635
797,3,53,1.4844797849655151
798,3,54,1.5208609104156494
799,3,55,1.6193130016326904
800,3,56,1.4738085269927979
801,3,57,1.466756820678711
802,3,58,1.4380637407302856
803,3,59,1.4588663578033447
804,3,60,1.4949700832366943
805,3,61,1.4951660633087158
806,3,62,1.435355305671692
807,3,63,1.517655611038208
808,3,64,1.5190041065216064
809,3,65,1.6420665979385376
810,3,66,1.4968841075897217
811,3,67,1.5044492483139038
812,3,68,1.5769217014312744
813,3,69,1.489844560623169
814,3,70,1.4690313339233398
815,3,71,1.5213044881820679
816,3,72,1.4845174551010132
817,3,73,1.4371858835220337
818,3,74,1.471602439880371
819,3,75,1.4471099376678467
820,3,76,1.4447894096374512
821,3,77,1.4836528301239014
822,3,78,1.4283866882324219
823,3,79,1.4752827882766724
824,3,80,1.4767637252807617
825,3,81,1.474725604057312
826,3,82,1.4452149868011475
827,3,83,1.5376933813095093
828,3,84,1.4770095348358154
829,3,85,1.5787283182144165
830,3,86,1.476104974746704
831,3,87,1.4787383079528809
832,3,88,1.5142710208892822
833,3,89,1.4676742553710938
834,3,90,1.4698541164398193
835,3,91,1.4297815561294556
836,3,92,1.46060311794281
837,3,93,1.5447782278060913
838,3,94,1.515344500541687
839,3,95,1.4682118892669678
840,3,96,1.4379208087921143
841,3,97,1.5135958194732666
842,3,98,1.4160165786743164
843,3,99,1.491848349571228
844,3,100,1.4743174314498901
845,3,101,1.421695590019226
846,3,102,1.4804584980010986
847,3,103,1.4569827318191528
848,3,104,1.4618947505950928
849,3,105,1.470851182937622
850,3,106,1.5105735063552856
851,3,107,1.4182237386703491
852,3,108,1.4176223278045654
853,3,109,1.4447753429412842
854,3,110,1.4473533630371094
855,3,111,1.4781020879745483
856,3,112,1.494361162185669
857,3,113,1.5171523094177246
858,3,114,1.4417890310287476
859,3,115,1.531334400177002
860,3,116,1.4825197458267212
861,3,117,1.4436265230178833
862,3,118,1.4255681037902832
863,3,119,1.4519908428192139
864,3,120,1.4357414245605469
865,3,121,1.4452416896820068
866,3,122,1.4487929344177246
867,3,123,1.485130786895752
868,3,124,1.4430911540985107
869,3,125,1.46160888671875
870,3,126,1.51105535030365
871,3,127,1.4071205854415894
872,3,128,1.5151325464248657
873,3,129,1.4670456647872925
874,3,130,1.4859182834625244
875,3,131,1.397749662399292
876,3,132,1.4738296270370483
877,3,133,1.4488369226455688
878,3,134,1.4286705255508423
879,3,135,1.4277418851852417
880,3,136,1.444657325744629
881,3,137,1.421757459640503
882,3,138,1.4037011861801147
883,3,139,1.4297550916671753
884,3,140,1.5318634510040283
885,3,141,1.471021294593811
886,3,142,1.4067281484603882
887,3,143,1.5634396076202393
888,3,144,1.482470154762268
889,3,145,1.4492267370224
890,3,146,1.4290740489959717
891,3,147,1.3361191749572754
892,3,148,1.4478356838226318
893,3,149,1.4586209058761597
894,3,150,1.3762658834457397
895,3,151,1.4854005575180054
896,3,152,1.4534168243408203
897,3,153,1.4426218271255493
898,3,154,1.4234881401062012
899,3,155,1.39382004737854
900,3,156,1.4535176753997803
901,3,157,1.533902645111084
902,3,158,1.453168511390686
903,3,159,1.4529407024383545
904,3,160,1.4376251697540283
905,3,161,1.4294631481170654
906,3,162,1.4315646886825562
907,3,163,1.4086692333221436
908,3,164,1.445364236831665
909,3,165,1.484674096107483
910,3,166,1.4402673244476318
911,3,167,1.386331558227539
912,3,168,1.3961365222930908
913,3,169,1.4539997577667236
914,3,170,1.5299290418624878
915,3,171,1.4419574737548828
916,3,172,1.3863954544067383
917,3,173,1.4466698169708252
918,3,174,1.4428579807281494
919,3,175,1.5299025774002075
920,3,176,1.4698505401611328
921,3,177,1.3567720651626587
922,3,178,1.3945664167404175
923,3,179,1.438139796257019
924,3,180,1.4262604713439941
925,3,181,1.4344230890274048
926,3,182,1.4122408628463745
927,3,183,1.4985483884811401
928,3,184,1.5057048797607422
929,3,185,1.4186545610427856
930,3,186,1.3726142644882202
931,3,187,1.3632359504699707
932,3,188,1.4551966190338135
933,3,189,1.3802692890167236
934,3,190,1.390458345413208
935,3,191,1.4079421758651733
936,3,192,1.4896373748779297
937,3,193,1.3948131799697876
938,3,194,1.4461870193481445
939,3,195,1.4815269708633423
940,3,196,1.4394752979278564
941,3,197,1.4431061744689941
942,3,198,1.372999906539917
943,3,199,1.4188916683197021
944,3,200,1.4502828121185303
945,3,201,1.3810046911239624
946,3,202,1.4211478233337402
947,3,203,1.4030487537384033
948,3,204,1.3846628665924072
949,3,205,1.428747534751892
950,3,206,1.3611466884613037
951,3,207,1.3914148807525635
952,3,208,1.4463237524032593
953,3,209,1.400718331336975
954,3,210,1.415042757987976
955,3,211,1.5191091299057007
956,3,212,1.450226068496704
957,3,213,1.4202206134796143
958,3,214,1.4473202228546143
959,3,215,1.3981881141662598
960,3,216,1.434744119644165
961,3,217,1.3616760969161987
962,3,218,1.4102376699447632
963,3,219,1.386823058128357
964,3,220,1.3879835605621338
965,3,221,1.465303659439087
966,3,222,1.4501601457595825
967,3,223,1.3707679510116577
968,3,224,1.3690855503082275
969,3,225,1.3921353816986084
970,3,226,1.3899198770523071
971,3,227,1.4590786695480347
972,3,228,1.428035020828247
973,3,229,1.3706889152526855
974,3,230,1.4244749546051025
975,3,231,1.4039251804351807
976,3,232,1.4136674404144287
977,3,233,1.3221977949142456
978,3,234,1.4554667472839355
979,3,235,1.377339482307434
980,3,236,1.3732867240905762
981,3,237,1.3757379055023193
982,3,238,1.3273308277130127
983,3,239,1.4478920698165894
984,3,240,1.3680391311645508
985,3,241,1.3528900146484375
986,3,242,1.3942010402679443
987,3,243,1.4574228525161743
988,3,244,1.3368021249771118
989,3,245,1.3941657543182373
990,3,246,1.4732331037521362
991,3,247,1.3882253170013428
992,3,248,1.4041764736175537
993,3,249,1.4162863492965698
994,3,250,1.4636516571044922
995,3,251,1.4290376901626587
996,3,252,1.3688771724700928
997,3,253,1.3753864765167236
998,3,254,1.344612717628479
999,3,255,1.4709489345550537
1000,3,256,1.3898696899414062
1001,3,257,1.3803727626800537
1002,3,258,1.350582242012024
1003,3,259,1.3810611963272095
1004,3,260,1.3737494945526123
1005,3,261,1.4764328002929688
1006,3,262,1.3393203020095825
1007,3,263,1.3987276554107666
1008,3,264,1.3629106283187866
1009,3,265,1.386305570602417
1010,3,266,1.3805131912231445
1011,3,267,1.4187504053115845
1012,3,268,1.3511340618133545
1013,3,269,1.4033058881759644
1014,3,270,1.4026527404785156
1015,3,271,1.441037893295288
1016,3,272,1.341238260269165
1017,3,273,1.3528995513916016
1018,3,274,1.3094860315322876
1019,3,275,1.3534877300262451
1020,3,276,1.3730220794677734
1021,3,277,1.3513799905776978
1022,3,278,1.346909999847412
1023,3,279,1.3659210205078125
1024,3,280,1.3407248258590698
1025,3,281,1.405031442642212
1026,3,282,1.440845251083374
1027,3,283,1.4283252954483032
1028,3,284,1.3553634881973267
1029,3,285,1.3606209754943848
1030,3,286,1.4249099493026733
1031,3,287,1.4484138488769531
1032,3,288,1.3810762166976929
1033,3,289,1.4439723491668701
1034,3,290,1.3486242294311523
1035,3,291,1.3680877685546875
1036,3,292,1.3119776248931885
1037,3,293,1.3882558345794678
1038,3,294,1.3911926746368408
1039,3,295,1.3271690607070923
1040,3,296,1.3810434341430664
1041,3,297,1.3685986995697021
1042,3,298,1.3068945407867432
1043,3,299,1.4590988159179688
1044,3,300,1.3559966087341309
1045,3,301,1.387073040008545
1046,3,302,1.3784407377243042
1047,3,303,1.3733079433441162
1048,3,304,1.3399180173873901
1049,3,305,1.4095603227615356
1050,3,306,1.3518331050872803
1051,3,307,1.408786654472351
1052,3,308,1.3662132024765015
1053,3,309,1.323359489440918
1054,3,310,1.35085129737854
1055,3,311,1.361109972000122
1056,3,312,1.3209925889968872
1057,3,313,1.3744922876358032
1058,3,314,1.3413633108139038
1059,3,315,1.3265540599822998
1060,3,316,1.4275981187820435
1061,3,317,1.548579454421997
1062,3,318,1.3433339595794678
1063,3,319,1.3290337324142456
1064,3,320,1.3443067073822021
1065,3,321,1.3179748058319092
1066,3,322,1.4769270420074463
1067,3,323,1.3179190158843994
1068,3,324,1.283787488937378
1069,3,325,1.332749366760254
1070,3,326,1.3497185707092285
1071,3,327,1.295669674873352
1072,3,328,1.3545336723327637
1073,3,329,1.4376779794692993
1074,3,330,1.4354666471481323
1075,3,331,1.3411219120025635
1076,3,332,1.3560138940811157
1077,3,333,1.3304417133331299
1078,3,334,1.309065341949463
1079,3,335,1.3181391954421997
1080,3,336,1.3047235012054443
1081,3,337,1.3929522037506104
1082,3,338,1.2855278253555298
1083,3,339,1.4156465530395508
1084,3,340,1.29628324508667
1085,3,341,1.2659403085708618
1086,3,342,1.346974492073059
1087,3,343,1.365181565284729
1088,3,344,1.3214529752731323
1089,3,345,1.4110426902770996
1090,3,346,1.3223074674606323
1091,3,347,1.3433043956756592
1092,3,348,1.4100958108901978
1093,3,349,1.295756459236145
1094,3,350,1.384277582168579
1095,3,351,1.3250070810317993
1096,3,352,1.319467544555664
1097,3,353,1.3237671852111816
1098,3,354,1.3680955171585083
1099,3,355,1.3205863237380981
1100,3,356,1.3066203594207764
1101,3,357,1.2740845680236816
1102,3,358,1.3231887817382812
1103,3,359,1.32089364528656
1104,3,360,1.3724589347839355
1105,3,361,1.2998186349868774
1106,3,362,1.2771034240722656
1107,3,363,1.2862095832824707
1108,3,364,1.3166775703430176
1109,3,365,1.2696764469146729
1110,3,366,1.324529767036438
1111,3,367,1.3190033435821533
1112,3,368,1.287348985671997
1113,3,369,1.2945449352264404
1114,3,370,1.3108038902282715
1115,3,371,1.3041985034942627
1116,3,372,1.3159540891647339
1117,4,1,1.279823899269104
1118,4,2,1.2742522954940796
1119,4,3,1.2845908403396606
1120,4,4,1.2766454219818115
1121,4,5,1.2991126775741577
1122,4,6,1.240922451019287
1123,4,7,1.2855032682418823
1124,4,8,1.253265380859375
1125,4,9,1.3022178411483765
1126,4,10,1.2847754955291748
1127,4,11,1.26614248752594
1128,4,12,1.3307230472564697
1129,4,13,1.2658604383468628
1130,4,14,1.3355004787445068
1131,4,15,1.2914016246795654
1132,4,16,1.247563123703003
1133,4,17,1.3578163385391235
1134,4,18,1.2663451433181763
1135,4,19,1.2832553386688232
1136,4,20,1.3396788835525513
1137,4,21,1.2604796886444092
1138,4,22,1.2585126161575317
1139,4,23,1.2870185375213623
1140,4,24,1.3466979265213013
1141,4,25,1.239648461341858
1142,4,26,1.3693013191223145
1143,4,27,1.2376114130020142
1144,4,28,1.2507745027542114
1145,4,29,1.261423110961914
1146,4,30,1.3116683959960938
1147,4,31,1.478316307067871
1148,4,32,1.315468192100525
1149,4,33,1.308485507965088
1150,4,34,1.2819606065750122
1151,4,35,1.272628903388977
1152,4,36,1.3011090755462646
1153,4,37,1.2583699226379395
1154,4,38,1.3403151035308838
1155,4,39,1.2217810153961182
1156,4,40,1.2553160190582275
1157,4,41,1.2677977085113525
1158,4,42,1.281245231628418
1159,4,43,1.3114265203475952
1160,4,44,1.279068112373352
1161,4,45,1.326163411140442
1162,4,46,1.291590690612793
1163,4,47,1.2791038751602173
1164,4,48,1.2895067930221558
1165,4,49,1.2428499460220337
1166,4,50,1.287179708480835
1167,4,51,1.2899566888809204
1168,4,52,1.293932318687439
1169,4,53,1.294532060623169
1170,4,54,1.2207891941070557
1171,4,55,1.2246402502059937
1172,4,56,1.2166876792907715
1173,4,57,1.300962209701538
1174,4,58,1.2364252805709839
1175,4,59,1.2148324251174927
1176,4,60,1.2702102661132812
1177,4,61,1.249276876449585
1178,4,62,1.2525138854980469
1179,4,63,1.3276641368865967
1180,4,64,1.3250216245651245
1181,4,65,1.2183870077133179
1182,4,66,1.255129337310791
1183,4,67,1.2971745729446411
1184,4,68,1.3058722019195557
1185,4,69,1.2660748958587646
1186,4,70,1.1877392530441284
1187,4,71,1.233346939086914
1188,4,72,1.286820888519287
1189,4,73,1.2662712335586548
1190,4,74,1.294862985610962
1191,4,75,1.2767527103424072
1192,4,76,1.2691004276275635
1193,4,77,1.3082892894744873
1194,4,78,1.2010884284973145
1195,4,79,1.294882893562317
1196,4,80,1.2439252138137817
1197,4,81,1.2991033792495728
1198,4,82,1.2385313510894775
1199,4,83,1.19992196559906
1200,4,84,1.295709252357483
1201,4,85,1.2378038167953491
1202,4,86,1.2195481061935425
1203,4,87,1.2785813808441162
1204,4,88,1.2092313766479492
1205,4,89,1.2412832975387573
1206,4,90,1.2455493211746216
1207,4,91,1.3003754615783691
1208,4,92,1.2154381275177002
1209,4,93,1.210741639137268
1210,4,94,1.266355276107788
1211,4,95,1.2450740337371826
1212,4,96,1.2525041103363037
1213,4,97,1.2951462268829346
1214,4,98,1.2633392810821533
1215,4,99,1.2732069492340088
1216,4,100,1.2021925449371338
1217,4,101,1.2444849014282227
1218,4,102,1.3192473649978638
1219,4,103,1.216534972190857
1220,4,104,1.4213688373565674
1221,4,105,1.2083348035812378
1222,4,106,1.2426033020019531
1223,4,107,1.228566288948059
1224,4,108,1.247532606124878
1225,4,109,1.2426763772964478
1226,4,110,1.2461063861846924
1227,4,111,1.258991003036499
1228,4,112,1.2432124614715576
1229,4,113,1.2216172218322754
1230,4,114,1.205928087234497
1231,4,115,1.2223687171936035
1232,4,116,1.2487577199935913
1233,4,117,1.2217230796813965
1234,4,118,1.257520318031311
1235,4,119,1.2517586946487427
1236,4,120,1.2654798030853271
1237,4,121,1.2102530002593994
1238,4,122,1.1822344064712524
1239,4,123,1.1914968490600586
1240,4,124,1.2823436260223389
1241,4,125,1.1900815963745117
1242,4,126,1.2497817277908325
1243,4,127,1.2709391117095947
1244,4,128,1.197119951248169
1245,4,129,1.2857459783554077
1246,4,130,1.164882779121399
1247,4,131,1.2445789575576782
1248,4,132,1.1952564716339111
1249,4,133,1.264946699142456
1250,4,134,1.211483120918274
1251,4,135,1.2323062419891357
1252,4,136,1.2079442739486694
1253,4,137,1.2399845123291016
1254,4,138,1.2165871858596802
1255,4,139,1.2180416584014893
1256,4,140,1.2087844610214233
1257,4,141,1.2259589433670044
1258,4,142,1.1748441457748413
1259,4,143,1.2255964279174805
1260,4,144,1.193423867225647
1261,4,145,1.2283132076263428
1262,4,146,1.207699179649353
1263,4,147,1.244261622428894
1264,4,148,1.2378873825073242
1265,4,149,1.2252577543258667
1266,4,150,1.2723605632781982
1267,4,151,1.2034118175506592
1268,4,152,1.326330542564392
1269,4,153,1.194433331489563
1270,4,154,1.1962720155715942
1271,4,155,1.2244012355804443
1272,4,156,1.176457166671753
1273,4,157,1.1931599378585815
1274,4,158,1.1830698251724243
1275,4,159,1.2485744953155518
1276,4,160,1.2744827270507812
1277,4,161,1.1959691047668457
1278,4,162,1.1885138750076294
1279,4,163,1.1901376247406006
1280,4,164,1.2397477626800537
1281,4,165,1.1929988861083984
1282,4,166,1.2659997940063477
1283,4,167,1.2510268688201904
1284,4,168,1.1713860034942627
1285,4,169,1.1990697383880615
1286,4,170,1.187391757965088
1287,4,171,1.1938941478729248
1288,4,172,1.204081654548645
1289,4,173,1.2061328887939453
1290,4,174,1.3487358093261719
1291,4,175,1.2354681491851807
1292,4,176,1.1816956996917725
1293,4,177,1.3660606145858765
1294,4,178,1.1914138793945312
1295,4,179,1.2549723386764526
1296,4,180,1.1280810832977295
1297,4,181,1.2366511821746826
1298,4,182,1.187302827835083
1299,4,183,1.2800078392028809
1300,4,184,1.2397524118423462
1301,4,185,1.1952725648880005
1302,4,186,1.2120639085769653
1303,4,187,1.143086314201355
1304,4,188,1.2212599515914917
1305,4,189,1.2142300605773926
1306,4,190,1.2175592184066772
1307,4,191,1.1915233135223389
1308,4,192,1.2066044807434082
1309,4,193,1.2084029912948608
1310,4,194,1.1699374914169312
1311,4,195,1.2698458433151245
1312,4,196,1.17838454246521
1313,4,197,1.2011785507202148
1314,4,198,1.1684787273406982
1315,4,199,1.147242784500122
1316,4,200,1.238290548324585
1317,4,201,1.1983001232147217
1318,4,202,1.1315901279449463
1319,4,203,1.246473789215088
1320,4,204,1.190087914466858
1321,4,205,1.155428171157837
1322,4,206,1.1346375942230225
1323,4,207,1.157514214515686
1324,4,208,1.1714351177215576
1325,4,209,1.193518877029419
1326,4,210,1.2647645473480225
1327,4,211,1.1800510883331299
1328,4,212,1.1683664321899414
1329,4,213,1.1210099458694458
1330,4,214,1.158089518547058
1331,4,215,1.160742998123169
1332,4,216,1.229132056236267
1333,4,217,1.1827001571655273
1334,4,218,1.18171226978302
1335,4,219,1.2115448713302612
1336,4,220,1.1780362129211426
1337,4,221,1.1505792140960693
1338,4,222,1.1951388120651245
1339,4,223,1.298355221748352
1340,4,224,1.1594104766845703
1341,4,225,1.2346307039260864
1342,4,226,1.1679408550262451
1343,4,227,1.099475383758545
1344,4,228,1.1531699895858765
1345,4,229,1.1881271600723267
1346,4,230,1.1904494762420654
1347,4,231,1.182157039642334
1348,4,232,1.1907780170440674
1349,4,233,1.1405993700027466
1350,4,234,1.1318535804748535
1351,4,235,1.1272519826889038
1352,4,236,1.2382732629776
1353,4,237,1.1984436511993408
1354,4,238,1.1392314434051514
1355,4,239,1.1295119524002075
1356,4,240,1.138893723487854
1357,4,241,1.1905502080917358
1358,4,242,1.1502177715301514
1359,4,243,1.1104605197906494
1360,4,244,1.2217696905136108
1361,4,245,1.224884033203125
1362,4,246,1.1723902225494385
1363,4,247,1.2167291641235352
1364,4,248,1.2615785598754883
1365,4,249,1.1773935556411743
1366,4,250,1.174619436264038
1367,4,251,1.1162807941436768
1368,4,252,1.162777304649353
1369,4,253,1.1266943216323853
1370,4,254,1.13430655002594
1371,4,255,1.3842161893844604
1372,4,256,1.1569679975509644
1373,4,257,1.147927165031433
1374,4,258,1.2036514282226562
1375,4,259,1.1346170902252197
1376,4,260,1.152263879776001
1377,4,261,1.1335675716400146
1378,4,262,1.154606580734253
1379,4,263,1.1526473760604858
1380,4,264,1.121045708656311
1381,4,265,1.1519668102264404
1382,4,266,1.304005742073059
1383,4,267,1.156598687171936
1384,4,268,1.1011524200439453
1385,4,269,1.090686321258545
1386,4,270,1.1441423892974854
1387,4,271,1.1969850063323975
1388,4,272,1.150092601776123
1389,4,273,1.1495670080184937
1390,4,274,1.2037032842636108
1391,4,275,1.1471548080444336
1392,4,276,1.1369625329971313
1393,4,277,1.1640498638153076
1394,4,278,1.1143300533294678
1395,4,279,1.1760637760162354
1396,4,280,1.1114732027053833
1397,4,281,1.1551405191421509
1398,4,282,1.1656992435455322
1399,4,283,1.1380126476287842
1400,4,284,1.0944206714630127
1401,4,285,1.162253499031067
1402,4,286,1.1586835384368896
1403,4,287,1.239544153213501
1404,4,288,1.164792776107788
1405,4,289,1.1223886013031006
1406,4,290,1.0771371126174927
1407,4,291,1.1232889890670776
1408,4,292,1.2342941761016846
1409,4,293,1.1059080362319946
1410,4,294,1.0970699787139893
1411,4,295,1.1298539638519287
1412,4,296,1.1642529964447021
1413,4,297,1.105083703994751
1414,4,298,1.179732084274292
1415,4,299,1.1321238279342651
1416,4,300,1.1964020729064941
1417,4,301,1.1202813386917114
1418,4,302,1.1303669214248657
1419,4,303,1.1181371212005615
1420,4,304,1.296093225479126
1421,4,305,1.2010985612869263
1422,4,306,1.128019094467163
1423,4,307,1.1697372198104858
1424,4,308,1.104305386543274
1425,4,309,1.0943763256072998
1426,4,310,1.1489050388336182
1427,4,311,1.1312388181686401
1428,4,312,1.1172263622283936
1429,4,313,1.1630480289459229
1430,4,314,1.14274001121521
1431,4,315,1.134078860282898
1432,4,316,1.1922781467437744
1433,4,317,1.1662781238555908
1434,4,318,1.1169321537017822
1435,4,319,1.1554224491119385
1436,4,320,1.1275687217712402
1437,4,321,1.1452951431274414
1438,4,322,1.1220977306365967
1439,4,323,1.1979011297225952
1440,4,324,1.1021599769592285
1441,4,325,1.3670704364776611
1442,4,326,1.2818297147750854
1443,4,327,1.114885687828064
1444,4,328,1.4177868366241455
1445,4,329,1.1102449893951416
1446,4,330,1.1155445575714111
1447,4,331,1.2127405405044556
1448,4,332,1.1119962930679321
1449,4,333,1.0888488292694092
1450,4,334,1.036106824874878
1451,4,335,1.127227783203125
1452,4,336,1.1038681268692017
1453,4,337,1.1350181102752686
1454,4,338,1.1397662162780762
1455,4,339,1.1747550964355469
1456,4,340,1.138400673866272
1457,4,341,1.1342241764068604
1458,4,342,1.1460647583007812
1459,4,343,1.1122486591339111
1460,4,344,1.1303926706314087
1461,4,345,1.1364160776138306
1462,4,346,1.073961615562439
1463,4,347,1.1308578252792358
1464,4,348,1.1576910018920898
1465,4,349,1.0807899236679077
1466,4,350,1.0956025123596191
1467,4,351,1.0842820405960083
1468,4,352,1.1091958284378052
1469,4,353,1.081295132637024
1470,4,354,1.1531130075454712
1471,4,355,1.0891681909561157
1472,4,356,1.1073023080825806
1473,4,357,1.1254959106445312
1474,4,358,1.0910719633102417
1475,4,359,1.0699392557144165
1476,4,360,1.0768041610717773
1477,4,361,1.146122694015503
1478,4,362,1.0765128135681152
1479,4,363,1.2126917839050293
1480,4,364,1.074588656425476
1481,4,365,1.03908109664917
1482,4,366,1.108518362045288
1483,4,367,1.1045796871185303
1484,4,368,1.08278489112854
1485,4,369,1.0858467817306519
1486,4,370,1.095204472541809
1487,4,371,1.1511681079864502
1488,4,372,1.1326619386672974
1489,5,1,1.0818678140640259
1490,5,2,1.0664293766021729
1491,5,3,1.06656813621521
1492,5,4,1.057597279548645
1493,5,5,1.0837032794952393
1494,5,6,1.066838264465332
1495,5,7,1.028914451599121
1496,5,8,1.0803453922271729
1497,5,9,1.0702897310256958
1498,5,10,1.0997074842453003
1499,5,11,1.0373966693878174
1500,5,12,1.1173614263534546
1501,5,13,1.1020848751068115
1502,5,14,1.0808147192001343
1503,5,15,1.1093528270721436
1504,5,16,1.0876878499984741
1505,5,17,1.0576105117797852
1506,5,18,1.0132248401641846
1507,5,19,1.089247703552246
1508,5,20,1.1462308168411255
1509,5,21,1.112996220588684
1510,5,22,1.1210923194885254
1511,5,23,1.0040571689605713
1512,5,24,1.1300609111785889
1513,5,25,1.1062711477279663
1514,5,26,1.0744385719299316
1515,5,27,1.1238353252410889
1516,5,28,1.1115305423736572
1517,5,29,1.073237419128418
1518,5,30,1.1270039081573486
1519,5,31,1.0868691205978394
1520,5,32,1.0679223537445068
1521,5,33,1.2954189777374268
1522,5,34,1.045477271080017
1523,5,35,1.0332280397415161
1524,5,36,1.0876981019973755
1525,5,37,1.0419179201126099
1526,5,38,1.1512305736541748
1527,5,39,1.0879682302474976
1528,5,40,1.0607032775878906
1529,5,41,1.1590478420257568
1530,5,42,1.0743839740753174
1531,5,43,1.0887852907180786
1532,5,44,1.060157060623169
1533,5,45,1.035675287246704
1534,5,46,1.0721514225006104
1535,5,47,1.0979669094085693
1536,5,48,1.0783441066741943
1537,5,49,1.093818187713623
1538,5,50,1.0735528469085693
1539,5,51,1.0448498725891113
1540,5,52,1.0443075895309448
1541,5,53,1.0424220561981201
1542,5,54,1.0710105895996094
1543,5,55,1.0657501220703125
1544,5,56,1.0429493188858032
1545,5,57,1.1140365600585938
1546,5,58,1.0357072353363037
1547,5,59,1.2200945615768433
1548,5,60,1.130500078201294
1549,5,61,1.0942041873931885
1550,5,62,1.2087600231170654
1551,5,63,1.072643518447876
1552,5,64,1.0671708583831787
1553,5,65,1.024224042892456
1554,5,66,1.0896894931793213
1555,5,67,1.0209766626358032
1556,5,68,1.0624734163284302
1557,5,69,1.058805227279663
1558,5,70,1.017425775527954
1559,5,71,1.032757043838501
1560,5,72,1.0222524404525757
1561,5,73,1.0943059921264648
1562,5,74,1.020155906677246
1563,5,75,1.049666404724121
1564,5,76,1.0098299980163574
1565,5,77,1.0294605493545532
1566,5,78,1.0329053401947021
1567,5,79,0.9939199686050415
1568,5,80,1.0317955017089844
1569,5,81,1.1953493356704712
1570,5,82,1.0852956771850586
1571,5,83,1.0237383842468262
1572,5,84,1.0870643854141235
1573,5,85,1.1948453187942505
1574,5,86,1.0433672666549683
1575,5,87,1.1301244497299194
1576,5,88,1.108506679534912
1577,5,89,1.0616686344146729
1578,5,90,1.0354230403900146
1579,5,91,1.0375068187713623
1580,5,92,1.2650147676467896
1581,5,93,0.9988112449645996
1582,5,94,1.1325962543487549
1583,5,95,1.0624070167541504
1584,5,96,1.079592227935791
1585,5,97,1.0627578496932983
1586,5,98,1.064351201057434
1587,5,99,1.0169819593429565
1588,5,100,1.1471574306488037
1589,5,101,1.0491976737976074
1590,5,102,0.9905382394790649
1591,5,103,1.052817940711975
1592,5,104,0.9750255346298218
1593,5,105,1.0296133756637573
1594,5,106,1.0320065021514893
1595,5,107,1.0048797130584717
1596,5,108,1.0234601497650146
1597,5,109,1.0323193073272705
1598,5,110,1.0591261386871338
1599,5,111,1.0524638891220093
1600,5,112,1.0269256830215454
1601,5,113,1.015610933303833
1602,5,114,1.0756394863128662
1603,5,115,1.0131537914276123
1604,5,116,1.0373646020889282
1605,5,117,1.025159478187561
1606,5,118,1.1912860870361328
1607,5,119,1.0342921018600464
1608,5,120,1.0131134986877441
1609,5,121,1.0836524963378906
1610,5,122,1.005595088005066
1611,5,123,0.9951416254043579
1612,5,124,1.159804105758667
1613,5,125,1.035197138786316
1614,5,126,1.0736840963363647
1615,5,127,1.0803402662277222
1616,5,128,1.018228530883789
1617,5,129,1.0131683349609375
1618,5,130,1.0229064226150513
1619,5,131,1.0353505611419678
1620,5,132,1.0124601125717163
1621,5,133,1.0385997295379639
1622,5,134,1.0378625392913818
1623,5,135,1.0265662670135498
1624,5,136,1.0928183794021606
1625,5,137,1.0416629314422607
1626,5,138,1.0013563632965088
1627,5,139,0.972303569316864
1628,5,140,1.0133893489837646
1629,5,141,1.0215082168579102
1630,5,142,0.9956075549125671
1631,5,143,0.9908416867256165
1632,5,144,1.0807244777679443
1633,5,145,1.0773133039474487
1634,5,146,1.019472360610962
1635,5,147,0.9876904487609863
1636,5,148,1.0353515148162842
1637,5,149,1.0395071506500244
1638,5,150,1.0698269605636597
1639,5,151,0.9931825399398804
1640,5,152,0.9792531728744507
1641,5,153,0.9802155494689941
1642,5,154,1.0647140741348267
1643,5,155,1.0531949996948242
1644,5,156,1.0582554340362549
1645,5,157,0.9672471880912781
1646,5,158,1.0433381795883179
1647,5,159,1.1067845821380615
1648,5,160,0.9865443110466003
1649,5,161,1.0190037488937378
1650,5,162,1.0254416465759277
1651,5,163,0.9941924214363098
1652,5,164,1.0369410514831543
1653,5,165,0.9889845848083496
1654,5,166,1.0275427103042603
1655,5,167,1.028674602508545
1656,5,168,0.9591776132583618
1657,5,169,1.0007944107055664
1658,5,170,1.188800573348999
1659,5,171,1.0128271579742432
1660,5,172,1.0432456731796265
1661,5,173,1.0310699939727783
1662,5,174,0.9913128018379211
1663,5,175,1.0019209384918213
1664,5,176,1.036834478378296
1665,5,177,1.0499742031097412
1666,5,178,1.0129070281982422
1667,5,179,1.0747051239013672
1668,5,180,1.0111610889434814
1669,5,181,1.0326449871063232
1670,5,182,1.0276576280593872
1671,5,183,1.0235321521759033
1672,5,184,1.0238873958587646
1673,5,185,1.015446424484253
1674,5,186,0.9474498629570007
1675,5,187,1.029817819595337
1676,5,188,0.9861769676208496
1677,5,189,0.9823445081710815
1678,5,190,0.9875545501708984
1679,5,191,0.9910058975219727
1680,5,192,1.0479576587677002
1681,5,193,0.9968576431274414
1682,5,194,0.9572566151618958
1683,5,195,1.0038570165634155
1684,5,196,0.9917341470718384
1685,5,197,1.1045212745666504
1686,5,198,0.9766398668289185
1687,5,199,0.9498785138130188
1688,5,200,1.0051629543304443
1689,5,201,1.0232067108154297
1690,5,202,0.9937860369682312
1691,5,203,1.3010048866271973
1692,5,204,1.0804431438446045
1693,5,205,0.9962204098701477
1694,5,206,0.9783923029899597
1695,5,207,0.9995813369750977
1696,5,208,1.0007354021072388
1697,5,209,0.9978824853897095
1698,5,210,0.9893151521682739
1699,5,211,1.03696608543396
1700,5,212,0.9835874438285828
1701,5,213,0.9667800068855286
1702,5,214,0.9578387141227722
1703,5,215,0.9851797223091125
1704,5,216,0.9702712297439575
1705,5,217,0.9449657201766968
1706,5,218,1.0082292556762695
1707,5,219,1.0112794637680054
1708,5,220,0.9999103546142578
1709,5,221,0.9879252314567566
1710,5,222,0.9921054840087891
1711,5,223,1.083666443824768
1712,5,224,1.0365022420883179
1713,5,225,0.9490752220153809
1714,5,226,0.9303671717643738
1715,5,227,0.9570540189743042
1716,5,228,1.014772653579712
1717,5,229,0.9626733064651489
1718,5,230,0.9652149081230164
1719,5,231,1.0620973110198975
1720,5,232,1.0611399412155151
1721,5,233,0.9964162111282349
1722,5,234,1.0300031900405884
1723,5,235,0.9721719622612
1724,5,236,0.9420617818832397
1725,5,237,0.9978019595146179
1726,5,238,1.0586870908737183
1727,5,239,1.0235631465911865
1728,5,240,0.999972939491272
1729,5,241,0.9342501759529114
1730,5,242,1.0253040790557861
1731,5,243,0.9426172375679016
1732,5,244,0.9461954236030579
1733,5,245,1.0311334133148193
1734,5,246,1.0743935108184814
1735,5,247,0.9661482572555542
1736,5,248,1.0009583234786987
1737,5,249,0.9561927914619446
1738,5,250,1.1451674699783325
1739,5,251,1.0014688968658447
1740,5,252,0.9573596715927124
1741,5,253,0.9418168067932129
1742,5,254,1.03684663772583
1743,5,255,0.9958165884017944
1744,5,256,1.073599934577942
1745,5,257,1.0646188259124756
1746,5,258,1.0127251148223877
1747,5,259,1.0070703029632568
1748,5,260,1.0188510417938232
1749,5,261,0.9547017216682434
1750,5,262,0.932336688041687
1751,5,263,1.0126768350601196
1752,5,264,0.9371758699417114
1753,5,265,1.0061365365982056
1754,5,266,0.9666549563407898
1755,5,267,0.9585918188095093
1756,5,268,0.9479094743728638
1757,5,269,1.159814715385437
1758,5,270,0.9752963185310364
1759,5,271,0.9814120531082153
1760,5,272,0.9905167818069458
1761,5,273,0.9478386640548706
1762,5,274,1.0193994045257568
1763,5,275,0.9675518274307251
1764,5,276,1.0165199041366577
1765,5,277,0.9274340867996216
1766,5,278,1.0117366313934326
1767,5,279,0.9525476694107056
1768,5,280,1.1116877794265747
1769,5,281,0.968094527721405
1770,5,282,0.9575921893119812
1771,5,283,0.9275286793708801
1772,5,284,0.9682081937789917
1773,5,285,0.9664489030838013
1774,5,286,0.9951480627059937
1775,5,287,0.9920568466186523
1776,5,288,0.9404846429824829
1777,5,289,0.9330741763114929
1778,5,290,0.9935522079467773
1779,5,291,0.9443773031234741
1780,5,292,0.9554394483566284
1781,5,293,0.9547091722488403
1782,5,294,1.026982069015503
1783,5,295,0.9328972697257996
1784,5,296,1.1580461263656616
1785,5,297,1.0006543397903442
1786,5,298,0.9656293988227844
1787,5,299,0.9457036852836609
1788,5,300,0.9319248199462891
1789,5,301,0.9460793733596802
1790,5,302,0.9552052617073059
1791,5,303,0.9585632085800171
1792,5,304,0.961512565612793
1793,5,305,0.9687515497207642
1794,5,306,0.9173069000244141
1795,5,307,0.958401083946228
1796,5,308,0.9120849370956421
1797,5,309,0.9040220975875854
1798,5,310,0.9667752981185913
1799,5,311,0.9855475425720215
1800,5,312,0.9550173878669739
1801,5,313,1.0175241231918335
1802,5,314,0.9549814462661743
1803,5,315,1.0164803266525269
1804,5,316,0.9879099130630493
1805,5,317,0.9529215693473816
1806,5,318,0.9573274850845337
1807,5,319,0.9998012781143188
1808,5,320,0.9948235750198364
1809,5,321,1.0037800073623657
1810,5,322,0.9652873873710632
1811,5,323,0.9659350514411926
1812,5,324,0.9346258044242859
1813,5,325,0.9548354148864746
1814,5,326,0.9570722579956055
1815,5,327,0.9518771171569824
1816,5,328,0.9075733423233032
1817,5,329,0.932488739490509
1818,5,330,0.9640110731124878
1819,5,331,0.9418846368789673
1820,5,332,0.9264470338821411
1821,5,333,0.9284358024597168
1822,5,334,0.9155542254447937
1823,5,335,0.95098477602005
1824,5,336,0.9393135905265808
1825,5,337,0.9262350797653198
1826,5,338,1.0066428184509277
1827,5,339,0.9024861454963684
1828,5,340,0.9633126258850098
1829,5,341,0.9040569067001343
1830,5,342,0.9766227602958679
1831,5,343,0.8562682867050171
1832,5,344,0.8919779062271118
1833,5,345,0.8997066617012024
1834,5,346,0.9306467771530151
1835,5,347,0.9262692332267761
1836,5,348,0.9472877383232117
1837,5,349,0.9297438859939575
1838,5,350,0.9245929718017578
1839,5,351,0.9331129789352417
1840,5,352,1.0602561235427856
1841,5,353,0.8950284719467163
1842,5,354,1.0269224643707275
1843,5,355,0.9080783724784851
1844,5,356,1.1806421279907227
1845,5,357,0.9060689806938171
1846,5,358,0.939531683921814
1847,5,359,0.8873186111450195
1848,5,360,0.9154201745986938
1849,5,361,0.9587754011154175
1850,5,362,0.8988130688667297
1851,5,363,1.001940369606018
1852,5,364,0.942135214805603
1853,5,365,0.8611799478530884
1854,5,366,0.9573723673820496
1855,5,367,0.9016901254653931
1856,5,368,0.9524770975112915
1857,5,369,0.9421960711479187
1858,5,370,0.892659068107605
1859,5,371,0.9504634141921997
1860,5,372,0.9436606764793396
1861,6,1,0.968776524066925
1862,6,2,0.9280096292495728
1863,6,3,0.9186912775039673
1864,6,4,1.0199317932128906
1865,6,5,0.9314676523208618
1866,6,6,0.9576281309127808
1867,6,7,0.9249168634414673
1868,6,8,0.8974172472953796
1869,6,9,0.9718972444534302
1870,6,10,0.9980080723762512
1871,6,11,0.9038235545158386
1872,6,12,0.9619976282119751
1873,6,13,0.8648271560668945
1874,6,14,0.9158878326416016
1875,6,15,0.8823749423027039
1876,6,16,0.9418436884880066
1877,6,17,0.9110032916069031
1878,6,18,0.9355599284172058
1879,6,19,0.9033523797988892
1880,6,20,0.8656393885612488
1881,6,21,0.9077056050300598
1882,6,22,0.9421059489250183
1883,6,23,0.9188426733016968
1884,6,24,0.9406020045280457
1885,6,25,0.9435240030288696
1886,6,26,0.9501892328262329
1887,6,27,0.8571106791496277
1888,6,28,0.8610224723815918
1889,6,29,0.9882248044013977
1890,6,30,0.9015147089958191
1891,6,31,0.877685546875
1892,6,32,0.8607434034347534
1893,6,33,0.9065335988998413
1894,6,34,0.8970001935958862
1895,6,35,0.8923599123954773
1896,6,36,0.8155099153518677
1897,6,37,0.9301396608352661
1898,6,38,0.8974224328994751
1899,6,39,0.9108920097351074
1900,6,40,0.9391517639160156
1901,6,41,1.265692949295044
1902,6,42,0.8838575482368469
1903,6,43,0.8701384663581848
1904,6,44,1.0696346759796143
1905,6,45,0.9247292280197144
1906,6,46,0.870331883430481
1907,6,47,0.8893645405769348
1908,6,48,0.9039812088012695
1909,6,49,0.9273535013198853
1910,6,50,0.8854660987854004
1911,6,51,0.9355564117431641
1912,6,52,0.8491007685661316
1913,6,53,0.9023521542549133
1914,6,54,0.8990200161933899
1915,6,55,0.8352567553520203
1916,6,56,0.922029972076416
1917,6,57,0.8512678146362305
1918,6,58,0.9391098022460938
1919,6,59,0.9879919290542603
1920,6,60,0.8695886731147766
1921,6,61,0.9261432886123657
1922,6,62,0.8567148447036743
1923,6,63,0.8464505076408386
1924,6,64,0.8740335702896118
1925,6,65,0.873492419719696
1926,6,66,0.930051326751709
1927,6,67,0.9349199533462524
1928,6,68,0.9371877908706665
1929,6,69,0.8853583335876465
1930,6,70,0.9754862785339355
1931,6,71,0.9087383151054382
1932,6,72,0.8866070508956909
1933,6,73,0.8164315223693848
1934,6,74,0.8866699934005737
1935,6,75,0.8891000747680664
1936,6,76,0.8934505581855774
1937,6,77,0.8595747947692871
1938,6,78,0.9157388806343079
1939,6,79,0.9179202914237976
1940,6,80,0.8458622694015503
1941,6,81,0.8847261667251587
1942,6,82,0.9436758756637573
1943,6,83,0.9467387199401855
1944,6,84,0.8858621716499329
1945,6,85,0.9236785173416138
1946,6,86,0.9108244776725769
1947,6,87,0.8920255899429321
1948,6,88,0.8458517789840698
1949,6,89,0.9043426513671875
1950,6,90,0.8219029307365417
1951,6,91,0.9365164637565613
1952,6,92,0.9102708101272583
1953,6,93,0.8270068168640137
1954,6,94,0.8313286900520325
1955,6,95,0.858847975730896
1956,6,96,0.8437108993530273
1957,6,97,0.8758713006973267
1958,6,98,0.8029983639717102
1959,6,99,0.8120646476745605
1960,6,100,0.8261016607284546
1961,6,101,0.8455454111099243
1962,6,102,0.8006966710090637
1963,6,103,0.8388091325759888
1964,6,104,0.8855217099189758
1965,6,105,0.862613320350647
1966,6,106,0.8146246075630188
1967,6,107,0.9486759901046753
1968,6,108,0.8704495429992676
1969,6,109,0.8699201345443726
1970,6,110,1.0928658246994019
1971,6,111,0.8510025143623352
1972,6,112,0.9158607721328735
1973,6,113,0.786899745464325
1974,6,114,0.8535793423652649
1975,6,115,0.8492730259895325
1976,6,116,0.8734515309333801
1977,6,117,0.847726047039032
1978,6,118,0.9449514150619507
1979,6,119,0.8428231477737427
1980,6,120,0.8505389094352722
1981,6,121,0.8193385004997253
1982,6,122,0.8814900517463684
1983,6,123,0.8388943672180176
1984,6,124,0.8197612762451172
1985,6,125,0.834733784198761
1986,6,126,0.8416666984558105
1987,6,127,0.8640804290771484
1988,6,128,0.8245393633842468
1989,6,129,0.8240174055099487
1990,6,130,0.9224871397018433
1991,6,131,0.8718534708023071
1992,6,132,0.8543940782546997
1993,6,133,0.8570712208747864
1994,6,134,0.9220081567764282
1995,6,135,0.9255536794662476
1996,6,136,0.9334051012992859
1997,6,137,0.9212015867233276
1998,6,138,0.8774675130844116
1999,6,139,0.8410407900810242
2000,6,140,0.8364947438240051
2001,6,141,0.9066410064697266
2002,6,142,0.9153083562850952
2003,6,143,0.8775991201400757
2004,6,144,0.8349604606628418
2005,6,145,0.8839387893676758
2006,6,146,0.7981282472610474
2007,6,147,0.8274552226066589
2008,6,148,0.873853862285614
2009,6,149,0.8134554624557495
2010,6,150,0.8873189687728882
2011,6,151,0.8920168876647949
2012,6,152,0.79364013671875
2013,6,153,0.9147963523864746
2014,6,154,0.8305824995040894
2015,6,155,0.8574077486991882
2016,6,156,0.9076941609382629
2017,6,157,0.8295391798019409
2018,6,158,0.818413257598877
2019,6,159,0.8705459833145142
2020,6,160,0.8951777219772339
2021,6,161,0.8150437474250793
2022,6,162,0.8120217323303223
2023,6,163,0.8182058334350586
2024,6,164,0.7932072877883911
2025,6,165,0.8493679761886597
2026,6,166,0.8555466532707214
2027,6,167,0.862655758857727
2028,6,168,0.8373948931694031
2029,6,169,0.8365086317062378
2030,6,170,0.8898908495903015
2031,6,171,0.912558376789093
2032,6,172,0.7925704717636108
2033,6,173,0.7826525568962097
2034,6,174,0.9222029447555542
2035,6,175,0.8135075569152832
2036,6,176,0.8609147071838379
2037,6,177,0.8846230506896973
2038,6,178,0.7761138677597046
2039,6,179,0.9372636079788208
2040,6,180,0.8600133061408997
2041,6,181,0.7870731949806213
2042,6,182,0.8030662536621094
2043,6,183,0.8037799596786499
2044,6,184,0.7903168201446533
2045,6,185,0.8912221789360046
2046,6,186,0.8720778226852417
2047,6,187,0.826926589012146
2048,6,188,0.823800265789032
2049,6,189,0.8232694864273071
2050,6,190,0.7984963059425354
2051,6,191,0.8402843475341797
2052,6,192,0.9780063629150391
2053,6,193,0.837586522102356
2054,6,194,0.8042778968811035
2055,6,195,0.9588797688484192
2056,6,196,0.8262633085250854
2057,6,197,0.8191787004470825
2058,6,198,0.7996799945831299
2059,6,199,0.8547474145889282
2060,6,200,0.839244544506073
2061,6,201,0.8538171648979187
2062,6,202,0.7784417867660522
2063,6,203,0.9842938184738159
2064,6,204,0.7950695157051086
2065,6,205,0.7969537973403931
2066,6,206,0.7915993332862854
2067,6,207,0.7953764200210571
2068,6,208,0.8506233096122742
2069,6,209,0.8547521829605103
2070,6,210,0.8897255063056946
2071,6,211,0.8814126253128052
2072,6,212,0.8426617383956909
2073,6,213,0.8861187696456909
2074,6,214,0.8892444372177124
2075,6,215,0.866827130317688
2076,6,216,0.8152667284011841
2077,6,217,0.8956912755966187
2078,6,218,0.7885686755180359
2079,6,219,0.8538309335708618
2080,6,220,0.8693872690200806
2081,6,221,0.9834915995597839
2082,6,222,0.771051287651062
2083,6,223,0.7986486554145813
2084,6,224,0.8139071464538574
2085,6,225,0.7842983603477478
2086,6,226,0.9981858134269714
2087,6,227,0.880877673625946
2088,6,228,0.8456215858459473
2089,6,229,0.8984247446060181
2090,6,230,0.7920762896537781
2091,6,231,0.8604736328125
2092,6,232,0.8077214956283569
2093,6,233,0.8626660108566284
2094,6,234,0.7811769247055054
2095,6,235,0.8154172897338867
2096,6,236,0.9017633199691772
2097,6,237,0.8098255395889282
2098,6,238,0.8347715139389038
2099,6,239,0.8392261266708374
2100,6,240,0.7757987976074219
2101,6,241,0.8217214345932007
2102,6,242,0.8358399271965027
2103,6,243,0.8227508664131165
2104,6,244,0.929722785949707
2105,6,245,0.8410272598266602
2106,6,246,0.8082234263420105
2107,6,247,0.7943881750106812
2108,6,248,0.845424473285675
2109,6,249,0.8971662521362305
2110,6,250,0.986556351184845
2111,6,251,0.8470298051834106
2112,6,252,0.8487113118171692
2113,6,253,0.8575480580329895
2114,6,254,0.847334086894989
2115,6,255,0.8527172803878784
2116,6,256,0.8935370445251465
2117,6,257,0.8657204508781433
2118,6,258,0.8291168212890625
2119,6,259,0.841174304485321
2120,6,260,0.8381641507148743
2121,6,261,0.8113000988960266
2122,6,262,0.787706732749939
2123,6,263,0.7719191312789917
2124,6,264,0.8080400228500366
2125,6,265,0.7717466354370117
2126,6,266,0.7682106494903564
2127,6,267,0.8459051847457886
2128,6,268,0.7866891622543335
2129,6,269,0.7649872899055481
2130,6,270,0.7874008417129517
2131,6,271,0.8269389867782593
2132,6,272,0.804947018623352
2133,6,273,0.8934749364852905
2134,6,274,0.7522228956222534
2135,6,275,0.8026507496833801
2136,6,276,0.8802897334098816
2137,6,277,0.7744380235671997
2138,6,278,0.7697337865829468
2139,6,279,0.8595647811889648
2140,6,280,0.8006829023361206
2141,6,281,0.7521699666976929
2142,6,282,0.7692492604255676
2143,6,283,0.7951899766921997
2144,6,284,0.8435794115066528
2145,6,285,0.7714969515800476
2146,6,286,0.8264967799186707
2147,6,287,0.7968735098838806
2148,6,288,0.7998265624046326
2149,6,289,0.7989279627799988
2150,6,290,0.7741223573684692
2151,6,291,0.7544108033180237
2152,6,292,0.7628555297851562
2153,6,293,0.8156782984733582
2154,6,294,0.8008003234863281
2155,6,295,0.8805367350578308
2156,6,296,0.7775485515594482
2157,6,297,0.8043957948684692
2158,6,298,0.8788050413131714
2159,6,299,0.8169344067573547
2160,6,300,0.8010638952255249
2161,6,301,0.7866833209991455
2162,6,302,0.7798382639884949
2163,6,303,0.7791606187820435
2164,6,304,0.7805115580558777
2165,6,305,0.7634267807006836
2166,6,306,0.835425078868866
2167,6,307,0.7421461939811707
2168,6,308,0.8319255113601685
2169,6,309,0.7955524325370789
2170,6,310,0.7569746375083923
2171,6,311,0.8195470571517944
2172,6,312,0.8789834976196289
2173,6,313,0.7713665962219238
2174,6,314,0.7880578637123108
2175,6,315,0.7508494257926941
2176,6,316,0.7649581432342529
2177,6,317,0.8057939410209656
2178,6,318,0.7529207468032837
2179,6,319,0.8216876983642578
2180,6,320,0.7273275852203369
2181,6,321,0.7839686274528503
2182,6,322,0.7562793493270874
2183,6,323,0.7359157800674438
2184,6,324,0.7732889652252197
2185,6,325,0.7944974303245544
2186,6,326,0.7533212900161743
2187,6,327,0.8463488817214966
2188,6,328,0.8108125925064087
2189,6,329,0.801794171333313
2190,6,330,0.8220459818840027
2191,6,331,0.7495416402816772
2192,6,332,0.8447936177253723
2193,6,333,0.7604675889015198
2194,6,334,0.8007742762565613
2195,6,335,0.7885313034057617
2196,6,336,0.8466079831123352
2197,6,337,0.8558389544487
2198,6,338,0.780674934387207
2199,6,339,0.7449454665184021
2200,6,340,0.734076201915741
2201,6,341,0.8306758999824524
2202,6,342,0.7790272235870361
2203,6,343,0.7281010746955872
2204,6,344,0.8109273910522461
2205,6,345,0.7060624361038208
2206,6,346,0.7413110136985779
2207,6,347,0.7829189300537109
2208,6,348,0.8439704775810242
2209,6,349,0.7878879904747009
2210,6,350,0.7660330533981323
2211,6,351,0.7470105886459351
2212,6,352,0.7730991840362549
2213,6,353,0.7724541425704956
2214,6,354,0.7047547101974487
2215,6,355,0.7571736574172974
2216,6,356,0.7528036832809448
2217,6,357,0.8338686227798462
2218,6,358,0.9428915977478027
2219,6,359,0.7214311361312866
2220,6,360,0.7662694454193115
2221,6,361,0.7757645845413208
2222,6,362,0.8189226984977722
2223,6,363,0.7091522812843323
2224,6,364,0.7733029127120972
2225,6,365,0.8067859411239624
2226,6,366,0.7380229830741882
2227,6,367,0.760435163974762
2228,6,368,0.7156973481178284
2229,6,369,0.7610331177711487
2230,6,370,0.7342182397842407
2231,6,371,0.7978557348251343
2232,6,372,1.0386146306991577
2233,7,1,0.8317432403564453
2234,7,2,0.7751718163490295
2235,7,3,0.735215425491333
2236,7,4,0.8135794401168823
2237,7,5,0.7435352802276611
2238,7,6,0.8320480585098267
2239,7,7,0.733452558517456
2240,7,8,0.7727831602096558
2241,7,9,0.7407221794128418
2242,7,10,0.7355884313583374
2243,7,11,0.7380101084709167
2244,7,12,0.7259635329246521
2245,7,13,0.7131786346435547
2246,7,14,0.7689540386199951
2247,7,15,0.8269480466842651
2248,7,16,0.7516037821769714
2249,7,17,0.8102782368659973
2250,7,18,0.8252042531967163
2251,7,19,0.7921989560127258
2252,7,20,0.7747136950492859
2253,7,21,0.7033795118331909
2254,7,22,0.7349197864532471
2255,7,23,0.8269821405410767
2256,7,24,0.7539490461349487
2257,7,25,0.7845689058303833
2258,7,26,0.7261898517608643
2259,7,27,0.7641292214393616
2260,7,28,0.7228801250457764
2261,7,29,0.7116278409957886
2262,7,30,0.7246118783950806
2263,7,31,0.7372360229492188
2264,7,32,0.7395133972167969
2265,7,33,0.7249492406845093
2266,7,34,0.7417126893997192
2267,7,35,0.7610906362533569
2268,7,36,0.7554876208305359
2269,7,37,0.7425832152366638
2270,7,38,0.7622796893119812
2271,7,39,0.7496637105941772
2272,7,40,0.7520532608032227
2273,7,41,0.8350542187690735
2274,7,42,0.7063242793083191
2275,7,43,0.740669846534729
2276,7,44,0.7448222041130066
2277,7,45,0.7823981046676636
2278,7,46,0.7985922694206238
2279,7,47,0.7492730021476746
2280,7,48,0.7101700901985168
2281,7,49,0.7324666380882263
2282,7,50,0.7341033816337585
2283,7,51,0.7060905694961548
2284,7,52,0.7802118062973022
2285,7,53,0.7151680588722229
2286,7,54,0.7230094075202942
2287,7,55,0.7034817337989807
2288,7,56,0.7188785076141357
2289,7,57,0.8305619359016418
2290,7,58,0.7889567613601685
2291,7,59,0.7036358714103699
2292,7,60,0.8562167882919312
2293,7,61,0.6937967538833618
2294,7,62,0.7648925185203552
2295,7,63,0.7787883281707764
2296,7,64,0.7195488214492798
2297,7,65,0.7472416162490845
2298,7,66,0.7043321132659912
2299,7,67,0.7714260816574097
2300,7,68,0.7450598478317261
2301,7,69,0.7364755868911743
2302,7,70,0.7133526802062988
2303,7,71,0.8237147331237793
2304,7,72,0.6821446418762207
2305,7,73,0.8156596422195435
2306,7,74,0.6999443173408508
2307,7,75,0.7145534157752991
2308,7,76,0.7157851457595825
2309,7,77,0.7426450252532959
2310,7,78,0.6692150831222534
2311,7,79,0.760053277015686
2312,7,80,0.697208821773529
2313,7,81,0.7483389973640442
2314,7,82,0.737883448600769
2315,7,83,0.7259746789932251
2316,7,84,0.702094554901123
2317,7,85,0.7558878064155579
2318,7,86,0.6850138306617737
2319,7,87,0.7503930926322937
2320,7,88,0.6890795230865479
2321,7,89,0.7295895218849182
2322,7,90,0.7347666025161743
2323,7,91,0.7131193280220032
2324,7,92,0.7519566416740417
2325,7,93,0.7475507259368896
2326,7,94,0.7773551344871521
2327,7,95,0.7402662634849548
2328,7,96,0.7480720281600952
2329,7,97,0.8660929799079895
2330,7,98,0.7284117341041565
2331,7,99,0.7091352343559265
2332,7,100,0.7973915934562683
2333,7,101,0.6934685111045837
2334,7,102,0.7021533250808716
2335,7,103,0.7132372260093689
2336,7,104,0.7255189418792725
2337,7,105,0.812295138835907
2338,7,106,0.7191864252090454
2339,7,107,0.8085266947746277
2340,7,108,0.7249237298965454
2341,7,109,0.7551382780075073
2342,7,110,0.7384089231491089
2343,7,111,0.6862760782241821
2344,7,112,0.6982817649841309
2345,7,113,0.6763991117477417
2346,7,114,0.7038842439651489
2347,7,115,0.7025821805000305
2348,7,116,0.7383134365081787
2349,7,117,0.7715334296226501
2350,7,118,0.7102070450782776
2351,7,119,0.7146011590957642
2352,7,120,0.694041907787323
2353,7,121,0.9316297769546509
2354,7,122,0.6863046288490295
2355,7,123,0.7140436768531799
2356,7,124,0.7591171264648438
2357,7,125,0.7029470205307007
2358,7,126,0.6855147480964661
2359,7,127,0.7083731889724731
2360,7,128,0.7828317880630493
2361,7,129,0.8277848362922668
2362,7,130,0.7689271569252014
2363,7,131,0.7855556011199951
2364,7,132,0.682611346244812
2365,7,133,0.7861632108688354
2366,7,134,0.7140410542488098
2367,7,135,0.7095934152603149
2368,7,136,0.754181444644928
2369,7,137,0.7332044839859009
2370,7,138,0.7458785176277161
2371,7,139,0.6772043704986572
2372,7,140,0.7427104115486145
2373,7,141,0.701903223991394
2374,7,142,0.7186447381973267
2375,7,143,0.721221923828125
2376,7,144,0.7050434350967407
2377,7,145,0.7159834504127502
2378,7,146,0.6832732558250427
2379,7,147,0.6995594501495361
2380,7,148,0.7257391214370728
2381,7,149,0.6944204568862915
2382,7,150,0.7065881490707397
2383,7,151,0.7543140053749084
2384,7,152,0.7324303984642029
2385,7,153,0.7230604887008667
2386,7,154,0.8113468289375305
2387,7,155,0.6870855689048767
2388,7,156,0.7809592485427856
2389,7,157,0.7235497236251831
2390,7,158,0.7438576817512512
2391,7,159,0.6955186128616333
2392,7,160,0.7159488201141357
2393,7,161,0.7158471345901489
2394,7,162,0.689182698726654
2395,7,163,0.690631091594696
2396,7,164,0.7419942617416382
2397,7,165,0.6764529943466187
2398,7,166,0.6991909742355347
2399,7,167,0.6600006818771362
2400,7,168,0.7011106610298157
2401,7,169,0.801855742931366
2402,7,170,0.6679455637931824
2403,7,171,0.7180107831954956
2404,7,172,0.6954169273376465
2405,7,173,0.7608345746994019
2406,7,174,0.6728447079658508
2407,7,175,0.6869000196456909
2408,7,176,0.7109860181808472
2409,7,177,0.6969098448753357
2410,7,178,0.6820617318153381
2411,7,179,0.7272595167160034
2412,7,180,0.775833010673523
2413,7,181,0.7413795590400696
2414,7,182,0.6851056218147278
2415,7,183,0.7187169194221497
2416,7,184,0.6964228749275208
2417,7,185,0.7664884328842163
2418,7,186,0.6893558502197266
2419,7,187,0.7370275855064392
2420,7,188,0.6906462907791138
2421,7,189,0.7079393267631531
2422,7,190,0.6376734972000122
2423,7,191,0.8770946264266968
2424,7,192,0.6846466064453125
2425,7,193,0.7104134559631348
2426,7,194,0.8039436340332031
2427,7,195,0.6767184734344482
2428,7,196,0.6772730350494385
2429,7,197,0.6496016979217529
2430,7,198,0.6980312466621399
2431,7,199,0.7103604078292847
2432,7,200,0.7141582369804382
2433,7,201,0.6959589123725891
2434,7,202,0.6878756880760193
2435,7,203,0.7019868493080139
2436,7,204,0.6840927004814148
2437,7,205,0.6755026578903198
2438,7,206,0.7500621676445007
2439,7,207,0.6590795516967773
2440,7,208,0.7296702265739441
2441,7,209,0.7274602651596069
2442,7,210,0.6585677862167358
2443,7,211,0.6951502561569214
2444,7,212,0.7126436829566956
2445,7,213,0.6946128606796265
2446,7,214,0.6526417136192322
2447,7,215,0.6816380023956299
2448,7,216,0.6521583795547485
2449,7,217,0.6849283576011658
2450,7,218,0.6727880239486694
2451,7,219,0.6580600142478943
2452,7,220,0.7572218179702759
2453,7,221,0.7429842948913574
2454,7,222,0.7539963722229004
2455,7,223,0.9252434968948364
2456,7,224,0.6476512551307678
2457,7,225,0.683093249797821
2458,7,226,0.7234275937080383
2459,7,227,0.7771688103675842
2460,7,228,0.7239757180213928
2461,7,229,0.6801889538764954
2462,7,230,0.7300208210945129
2463,7,231,0.6420284509658813
2464,7,232,0.8611127138137817
2465,7,233,0.6680219769477844
2466,7,234,0.6844576001167297
2467,7,235,0.7380322217941284
2468,7,236,0.6570971012115479
2469,7,237,0.6934879422187805
2470,7,238,0.6862391233444214
2471,7,239,0.7277054786682129
2472,7,240,0.7349259257316589
2473,7,241,0.9271584749221802
2474,7,242,0.7144308686256409
2475,7,243,0.6547504663467407
2476,7,244,0.7234765887260437
2477,7,245,0.6730784177780151
2478,7,246,0.7020654082298279
2479,7,247,0.6871920824050903
2480,7,248,0.6828665137290955
2481,7,249,0.6803672909736633
2482,7,250,0.7076094746589661
2483,7,251,0.6392534971237183
2484,7,252,0.7044919729232788
2485,7,253,0.7194985747337341
2486,7,254,0.6517496109008789
2487,7,255,0.6727669835090637
2488,7,256,0.669346809387207
2489,7,257,0.7274671792984009
2490,7,258,0.6475094556808472
2491,7,259,0.677939236164093
2492,7,260,0.7010481357574463
2493,7,261,0.7505913376808167
2494,7,262,0.6438700556755066
2495,7,263,0.7485508918762207
2496,7,264,0.7065492868423462
2497,7,265,0.6597196459770203
2498,7,266,0.6148155331611633
2499,7,267,0.7638813257217407
2500,7,268,0.7540969848632812
2501,7,269,0.6825617551803589
2502,7,270,0.6271101236343384
2503,7,271,0.6843491792678833
2504,7,272,0.7309948205947876
2505,7,273,0.6357054114341736
2506,7,274,0.7343827486038208
2507,7,275,0.6715801954269409
2508,7,276,0.7045820951461792
2509,7,277,0.736666738986969
2510,7,278,0.6806638836860657
2511,7,279,0.6168985366821289
2512,7,280,0.6694215536117554
2513,7,281,0.6648687124252319
2514,7,282,0.6802082061767578
2515,7,283,0.659123420715332
2516,7,284,0.6824933886528015
2517,7,285,0.6802297830581665
2518,7,286,0.6815251111984253
2519,7,287,0.6761735081672668
2520,7,288,0.6605499982833862
2521,7,289,0.6206187009811401
2522,7,290,0.672675609588623
2523,7,291,0.6765764355659485
2524,7,292,0.6804507970809937
2525,7,293,0.7458522319793701
2526,7,294,0.804052472114563
2527,7,295,0.724179744720459
2528,7,296,0.6931858658790588
2529,7,297,0.7316063046455383
2530,7,298,0.6956508755683899
2531,7,299,0.648159921169281
2532,7,300,0.6743370294570923
2533,7,301,0.6669485569000244
2534,7,302,0.6203409433364868
2535,7,303,0.653458833694458
2536,7,304,0.6051464080810547
2537,7,305,0.6399876475334167
2538,7,306,0.626007080078125
2539,7,307,0.7346881031990051
2540,7,308,0.6904252767562866
2541,7,309,0.6655265688896179
2542,7,310,0.6559197306632996
2543,7,311,0.6242824792861938
2544,7,312,0.7808716893196106
2545,7,313,0.6878236532211304
2546,7,314,0.6642881631851196
2547,7,315,0.6266576051712036
2548,7,316,0.795729398727417
2549,7,317,0.7343202233314514
2550,7,318,0.7430149912834167
2551,7,319,0.6589810252189636
2552,7,320,0.632513165473938
2553,7,321,0.5820990800857544
2554,7,322,0.6752809286117554
2555,7,323,0.6919748783111572
2556,7,324,0.7342690825462341
2557,7,325,0.6888826489448547
2558,7,326,0.6967399716377258
2559,7,327,0.7433884143829346
2560,7,328,0.6574762463569641
2561,7,329,0.6363331079483032
2562,7,330,0.6651612520217896
2563,7,331,0.6458657383918762
2564,7,332,0.8411517143249512
2565,7,333,0.7235863208770752
2566,7,334,0.7522238492965698
2567,7,335,0.7082375288009644
2568,7,336,0.6448708772659302
2569,7,337,0.7509792447090149
2570,7,338,0.6591120958328247
2571,7,339,0.6519163250923157
2572,7,340,0.6712931394577026
2573,7,341,0.6258296966552734
2574,7,342,0.7345008254051208
2575,7,343,0.6572796702384949
2576,7,344,0.6598352193832397
2577,7,345,0.6370233297348022
2578,7,346,0.6258346438407898
2579,7,347,0.7229579091072083
2580,7,348,0.6365583539009094
2581,7,349,0.7400326132774353
2582,7,350,0.6808901429176331
2583,7,351,0.7061796188354492
2584,7,352,0.6527979373931885
2585,7,353,0.7234062552452087
2586,7,354,0.6305140256881714
2587,7,355,0.6680018305778503
2588,7,356,0.6952313184738159
2589,7,357,0.6427868604660034
2590,7,358,0.8732367753982544
2591,7,359,0.6598058342933655
2592,7,360,0.8777192234992981
2593,7,361,0.6763003468513489
2594,7,362,0.6291872262954712
2595,7,363,0.636181652545929
2596,7,364,0.6475943326950073
2597,7,365,0.6330523490905762
2598,7,366,0.7709907293319702
2599,7,367,0.6736375093460083
2600,7,368,0.6943279504776001
2601,7,369,0.6791268587112427
2602,7,370,0.638352632522583
2603,7,371,0.6552619934082031
2604,7,372,0.8787636160850525
2605,8,1,0.6430567502975464
2606,8,2,0.6618542075157166
2607,8,3,0.6800769567489624
2608,8,4,0.6953210830688477
2609,8,5,0.6007826924324036
2610,8,6,0.6124147772789001
2611,8,7,0.5845492482185364
2612,8,8,0.8064426183700562
2613,8,9,0.6268277168273926
2614,8,10,0.7624043822288513
2615,8,11,0.6295631527900696
2616,8,12,0.6792219877243042
2617,8,13,0.7952593564987183
2618,8,14,0.6526821851730347
2619,8,15,0.8420845866203308
2620,8,16,0.61219322681427
2621,8,17,0.6220742464065552
2622,8,18,0.582821249961853
2623,8,19,0.6872981190681458
2624,8,20,0.6477798223495483
2625,8,21,0.7323689460754395
2626,8,22,0.6302956342697144
2627,8,23,0.6140732765197754
2628,8,24,0.6440154910087585
2629,8,25,0.5994693040847778
2630,8,26,0.622223973274231
2631,8,27,0.6278384923934937
2632,8,28,0.6169256567955017
2633,8,29,0.6168839335441589
2634,8,30,0.641925573348999
2635,8,31,0.6817594766616821
2636,8,32,0.6512479782104492
2637,8,33,0.7761697173118591
2638,8,34,0.5616928935050964
2639,8,35,0.5900869369506836
2640,8,36,0.6863325834274292
2641,8,37,0.7056528329849243
2642,8,38,0.6404311060905457
2643,8,39,0.6427221894264221
2644,8,40,0.5988139510154724
2645,8,41,0.6246684789657593
2646,8,42,0.6807756423950195
2647,8,43,0.7725167274475098
2648,8,44,0.6030369997024536
2649,8,45,0.5700280070304871
2650,8,46,0.7136266231536865
2651,8,47,0.6531025767326355
2652,8,48,0.6477843523025513
2653,8,49,0.6493573188781738
2654,8,50,0.7179502248764038
2655,8,51,0.6321157813072205
2656,8,52,0.7176127433776855
2657,8,53,0.6354515552520752
2658,8,54,0.6948338150978088
2659,8,55,0.5802066922187805
2660,8,56,0.7371691465377808
2661,8,57,0.6127504110336304
2662,8,58,0.617245078086853
2663,8,59,0.6060506105422974
2664,8,60,0.6827653050422668
2665,8,61,0.6392310261726379
2666,8,62,0.6314869523048401
2667,8,63,0.714622974395752
2668,8,64,0.6574085354804993
2669,8,65,0.6673070192337036
2670,8,66,0.6337213516235352
2671,8,67,0.6546740531921387
2672,8,68,0.6092575788497925
2673,8,69,0.6394559741020203
2674,8,70,0.6498885154724121
2675,8,71,0.6660172939300537
2676,8,72,0.5869191884994507
2677,8,73,0.5968834161758423
2678,8,74,0.5969797372817993
2679,8,75,0.5827779769897461
2680,8,76,0.6120163798332214
2681,8,77,0.6360905766487122
2682,8,78,0.5827964544296265
2683,8,79,0.7948128581047058
2684,8,80,0.6730288863182068
2685,8,81,0.633281409740448
2686,8,82,0.6365076303482056
2687,8,83,0.7289798259735107
2688,8,84,0.6076094508171082
2689,8,85,0.6275306940078735
2690,8,86,0.6172280311584473
2691,8,87,0.5950073003768921
2692,8,88,0.613975465297699
2693,8,89,0.6483362913131714
2694,8,90,0.6067869067192078
2695,8,91,0.665793240070343
2696,8,92,0.5905265808105469
2697,8,93,0.5700114965438843
2698,8,94,0.6053611040115356
2699,8,95,0.6407433748245239
2700,8,96,0.6332291960716248
2701,8,97,0.6430342197418213
2702,8,98,0.5568875074386597
2703,8,99,0.5584376454353333
2704,8,100,0.731374979019165
2705,8,101,0.6436749696731567
2706,8,102,0.5912128686904907
2707,8,103,0.6222129464149475
2708,8,104,0.5808061361312866
2709,8,105,0.646976113319397
2710,8,106,0.5711610317230225
2711,8,107,0.6271345615386963
2712,8,108,0.6673442125320435
2713,8,109,0.6070133447647095
2714,8,110,0.6158652901649475
2715,8,111,0.7001104950904846
2716,8,112,0.5571404695510864
2717,8,113,0.6213322877883911
2718,8,114,0.585993230342865
2719,8,115,0.6503333449363708
2720,8,116,0.7843676209449768
2721,8,117,0.6619228720664978
2722,8,118,0.6026862859725952
2723,8,119,0.6279098391532898
2724,8,120,0.67462557554245
2725,8,121,0.5823906064033508
2726,8,122,0.6268866658210754
2727,8,123,0.5738790035247803
2728,8,124,0.6719157099723816
2729,8,125,0.6096011400222778
2730,8,126,0.6263211369514465
2731,8,127,0.5764457583427429
2732,8,128,0.5606425404548645
2733,8,129,0.5914930701255798
2734,8,130,0.6347895264625549
2735,8,131,0.6287316083908081
2736,8,132,0.6541551351547241
2737,8,133,0.6205766797065735
2738,8,134,0.5474809408187866
2739,8,135,0.593748152256012
2740,8,136,0.6582780480384827
2741,8,137,0.6180539131164551
2742,8,138,0.5859577059745789
2743,8,139,0.5791027545928955
2744,8,140,0.6490237712860107
2745,8,141,0.5894784331321716
2746,8,142,0.5584806799888611
2747,8,143,0.6606612801551819
2748,8,144,0.6316096782684326
2749,8,145,0.6660581827163696
2750,8,146,0.6111944317817688
2751,8,147,0.5757607221603394
2752,8,148,0.6299583911895752
2753,8,149,0.6364333033561707
2754,8,150,0.6050213575363159
2755,8,151,0.5766793489456177
2756,8,152,0.612063467502594
2757,8,153,0.6846839785575867
2758,8,154,0.5412596464157104
2759,8,155,0.5659435391426086
2760,8,156,0.6749519109725952
2761,8,157,0.5564392805099487
2762,8,158,0.5798729062080383
2763,8,159,0.5659756064414978
2764,8,160,0.6818298697471619
2765,8,161,0.6760057806968689
2766,8,162,0.5720657706260681
2767,8,163,0.6212372779846191
2768,8,164,0.6678188443183899
2769,8,165,0.5979029536247253
2770,8,166,0.6020373106002808
2771,8,167,0.5991482138633728
2772,8,168,0.6595243215560913
2773,8,169,0.5740717053413391
2774,8,170,0.5874518156051636
2775,8,171,0.6191373467445374
2776,8,172,0.6752046942710876
2777,8,173,0.6331416368484497
2778,8,174,0.5829752087593079
2779,8,175,0.5862861275672913
2780,8,176,0.6226199269294739
2781,8,177,0.5840614438056946
2782,8,178,0.5656517148017883
2783,8,179,0.6333481073379517
2784,8,180,0.5978175401687622
2785,8,181,0.6594038009643555
2786,8,182,0.5485177040100098
2787,8,183,0.5253432393074036
2788,8,184,0.6236826777458191
2789,8,185,0.6241543889045715
2790,8,186,0.587178647518158
2791,8,187,0.6469626426696777
2792,8,188,0.7976323366165161
2793,8,189,0.6452844142913818
2794,8,190,0.5569112300872803
2795,8,191,0.6204547882080078
2796,8,192,0.622643768787384
2797,8,193,0.558687686920166
2798,8,194,0.5662919282913208
2799,8,195,0.5612900257110596
2800,8,196,0.64165198802948
2801,8,197,0.6064306497573853
2802,8,198,0.5960022211074829
2803,8,199,0.6075370907783508
2804,8,200,0.6174124479293823
2805,8,201,0.6200920343399048
2806,8,202,0.6235092878341675
2807,8,203,0.6471887826919556
2808,8,204,0.6710659265518188
2809,8,205,0.5992465019226074
2810,8,206,0.5912688970565796
2811,8,207,0.8239140510559082
2812,8,208,0.6068300008773804
2813,8,209,0.620520293712616
2814,8,210,0.62586510181427
2815,8,211,0.5936011672019958
2816,8,212,0.5868048667907715
2817,8,213,0.6834763884544373
2818,8,214,0.658419668674469
2819,8,215,0.6361189484596252
2820,8,216,0.628394365310669
2821,8,217,0.5954189300537109
2822,8,218,0.541451096534729
2823,8,219,0.5928299427032471
2824,8,220,0.6146052479743958
2825,8,221,0.5516372919082642
2826,8,222,0.5947951078414917
2827,8,223,0.5555151104927063
2828,8,224,0.6482564210891724
2829,8,225,0.5869503021240234
2830,8,226,0.606432318687439
2831,8,227,0.5883798599243164
2832,8,228,0.6074963808059692
2833,8,229,0.5878720879554749
2834,8,230,0.5877039432525635
2835,8,231,0.6392198204994202
2836,8,232,0.5994936227798462
2837,8,233,0.562100887298584
2838,8,234,0.6872854828834534
2839,8,235,0.5969201326370239
2840,8,236,0.5650817155838013
2841,8,237,0.5872412919998169
2842,8,238,0.611413300037384
2843,8,239,0.6169200539588928
2844,8,240,0.6247152090072632
2845,8,241,0.5752107501029968
2846,8,242,0.6353956460952759
2847,8,243,0.5157484412193298
2848,8,244,0.6131850481033325
2849,8,245,0.5285437703132629
2850,8,246,0.7572067379951477
2851,8,247,0.5921226739883423
2852,8,248,0.5585809946060181
2853,8,249,0.6098746061325073
2854,8,250,0.5936739444732666
2855,8,251,0.5961683988571167
2856,8,252,0.6152623295783997
2857,8,253,0.6390480995178223
2858,8,254,0.5792654156684875
2859,8,255,0.6133145689964294
2860,8,256,0.5800384879112244
2861,8,257,0.5744491815567017
2862,8,258,0.5942935943603516
2863,8,259,0.5582383275032043
2864,8,260,0.5948193669319153
2865,8,261,0.5459226369857788
2866,8,262,0.7290534377098083
2867,8,263,0.5471886396408081
2868,8,264,0.5728372931480408
2869,8,265,0.6724603772163391
2870,8,266,0.5923402905464172
2871,8,267,0.5721677541732788
2872,8,268,0.5858824849128723
2873,8,269,0.5563391447067261
2874,8,270,0.5724676847457886
2875,8,271,0.5922756195068359
2876,8,272,0.5958176851272583
2877,8,273,0.5655617713928223
2878,8,274,0.6109849214553833
2879,8,275,0.5405477285385132
2880,8,276,0.5902348756790161
2881,8,277,0.5913313031196594
2882,8,278,0.6258249282836914
2883,8,279,0.5240909457206726
2884,8,280,0.527753472328186
2885,8,281,0.6091502904891968
2886,8,282,0.5857447385787964
2887,8,283,0.5452069044113159
2888,8,284,0.6096265912055969
2889,8,285,0.6623872518539429
2890,8,286,0.538820207118988
2891,8,287,0.5352567434310913
2892,8,288,0.5622739791870117
2893,8,289,0.5564955472946167
2894,8,290,0.5736321210861206
2895,8,291,0.5626005530357361
2896,8,292,0.6548522710800171
2897,8,293,0.5712383985519409
2898,8,294,0.5477084517478943
2899,8,295,0.5477411150932312
2900,8,296,0.5733436942100525
2901,8,297,0.5704670548439026
2902,8,298,0.5383014678955078
2903,8,299,0.5708106160163879
2904,8,300,0.5441043376922607
2905,8,301,0.6275408864021301
2906,8,302,0.5722657442092896
2907,8,303,0.5672581791877747
2908,8,304,0.6116249561309814
2909,8,305,0.5821747779846191
2910,8,306,0.5561820268630981
2911,8,307,0.5604997873306274
2912,8,308,0.6739426851272583
2913,8,309,0.6584503650665283
2914,8,310,0.574102520942688
2915,8,311,0.5951505899429321
2916,8,312,0.5735005140304565
2917,8,313,0.5135587453842163
2918,8,314,0.5561559200286865
2919,8,315,0.6703332662582397
2920,8,316,0.5245941877365112
2921,8,317,0.5896731615066528
2922,8,318,0.644861102104187
2923,8,319,0.5666531324386597
2924,8,320,0.5560336112976074
2925,8,321,0.564280092716217
2926,8,322,0.6061644554138184
2927,8,323,0.5433758497238159
2928,8,324,0.6447481513023376
2929,8,325,0.5121403336524963
2930,8,326,0.5393168926239014
2931,8,327,0.5342453718185425
2932,8,328,0.5161895751953125
2933,8,329,0.608794629573822
2934,8,330,0.6670060157775879
2935,8,331,0.5273743867874146
2936,8,332,0.6303646564483643
2937,8,333,0.613821804523468
2938,8,334,0.5205666422843933
2939,8,335,0.7960605025291443
2940,8,336,0.5737677216529846
2941,8,337,0.8009293675422668
2942,8,338,0.606092095375061
2943,8,339,0.5071247220039368
2944,8,340,0.6231865882873535
2945,8,341,0.5842840671539307
2946,8,342,0.5711749792098999
2947,8,343,0.5377453565597534
2948,8,344,0.731329083442688
2949,8,345,0.5758315920829773
2950,8,346,0.5851904153823853
2951,8,347,0.5575132369995117
2952,8,348,0.5438666939735413
2953,8,349,0.5439673662185669
2954,8,350,0.5396245121955872
2955,8,351,0.5739375352859497
2956,8,352,0.547134518623352
2957,8,353,0.5926109552383423
2958,8,354,0.6217104196548462
2959,8,355,0.536860466003418
2960,8,356,0.5318202972412109
2961,8,357,0.5608478784561157
2962,8,358,0.6170997619628906
2963,8,359,0.5968834161758423
2964,8,360,0.5546221137046814
2965,8,361,0.5389887690544128
2966,8,362,0.574225664138794
2967,8,363,0.591870903968811
2968,8,364,0.5302194952964783
2969,8,365,0.5819040536880493
2970,8,366,0.542169988155365
2971,8,367,0.5048534870147705
2972,8,368,0.5380865335464478
2973,8,369,0.6074197888374329
2974,8,370,0.5165231823921204
2975,8,371,0.6414114236831665
2976,8,372,0.5547558665275574
2977,9,1,0.5711089372634888
2978,9,2,0.5653237700462341
2979,9,3,0.5411577224731445
2980,9,4,0.557701051235199
2981,9,5,0.5573176145553589
2982,9,6,0.5274478793144226
2983,9,7,0.6001178026199341
2984,9,8,0.572588324546814
2985,9,9,0.5499078631401062
2986,9,10,0.5417773723602295
2987,9,11,0.6434091329574585
2988,9,12,0.6130492091178894
2989,9,13,0.5121568441390991
2990,9,14,0.5667700171470642
2991,9,15,0.5411006212234497
2992,9,16,0.6349958181381226
2993,9,17,0.5227463841438293
2994,9,18,0.5602189302444458
2995,9,19,0.5468252301216125
2996,9,20,0.5087758302688599
2997,9,21,0.6135762333869934
2998,9,22,0.5513050556182861
2999,9,23,0.6028425097465515
3000,9,24,0.5207117795944214
3001,9,25,0.6271982789039612
3002,9,26,0.5263056755065918
3003,9,27,0.5420743823051453
3004,9,28,0.555385410785675
3005,9,29,0.5630855560302734
3006,9,30,0.5701628923416138
3007,9,31,0.6065061688423157
3008,9,32,0.5454823970794678
3009,9,33,0.5604962110519409
3010,9,34,0.5426203012466431
3011,9,35,0.5570205450057983
3012,9,36,0.6053993105888367
3013,9,37,0.5655016899108887
3014,9,38,0.5438357591629028
3015,9,39,0.5274773836135864
3016,9,40,0.5555867552757263
3017,9,41,0.5634951591491699
3018,9,42,0.5431504845619202
3019,9,43,0.544556736946106
3020,9,44,0.49928656220436096
3021,9,45,0.539913535118103
3022,9,46,0.5354484915733337
3023,9,47,0.5792962908744812
3024,9,48,0.538772463798523
3025,9,49,0.5220874547958374
3026,9,50,0.5080613493919373
3027,9,51,0.5563965439796448
3028,9,52,0.547467052936554
3029,9,53,0.5518013834953308
3030,9,54,0.5365336537361145
3031,9,55,0.5025111436843872
3032,9,56,0.5671985745429993
3033,9,57,0.48813262581825256
3034,9,58,0.5058566331863403
3035,9,59,0.5626189708709717
3036,9,60,0.5951921939849854
3037,9,61,0.5192421078681946
3038,9,62,0.5152377486228943
3039,9,63,0.5143213868141174
3040,9,64,0.558485746383667
3041,9,65,0.5362052917480469
3042,9,66,0.6519983410835266
3043,9,67,0.5475682020187378
3044,9,68,0.5242644548416138
3045,9,69,0.565595805644989
3046,9,70,0.5152226090431213
3047,9,71,0.4858003258705139
3048,9,72,0.5285855531692505
3049,9,73,0.5150688290596008
3050,9,74,0.5358320474624634
3051,9,75,0.5264151692390442
3052,9,76,0.5324803590774536
3053,9,77,0.5715395212173462
3054,9,78,0.5065733194351196
3055,9,79,0.5832017660140991
3056,9,80,0.5262249708175659
3057,9,81,0.5353487730026245
3058,9,82,0.6034964919090271
3059,9,83,0.490700900554657
3060,9,84,0.5448078513145447
3061,9,85,0.5885069966316223
3062,9,86,0.49247512221336365
3063,9,87,0.5000765919685364
3064,9,88,0.5835999250411987
3065,9,89,0.5100054144859314
3066,9,90,0.5405402183532715
3067,9,91,0.556637704372406
3068,9,92,0.5116405487060547
3069,9,93,0.550035834312439
3070,9,94,0.556167721748352
3071,9,95,0.5705357193946838
3072,9,96,0.6075056791305542
3073,9,97,0.5811904668807983
3074,9,98,0.5187036395072937
3075,9,99,0.5082873106002808
3076,9,100,0.5195798277854919
3077,9,101,0.5532437562942505
3078,9,102,0.5426098704338074
3079,9,103,0.5163108706474304
3080,9,104,0.4879325032234192
3081,9,105,0.5675464868545532
3082,9,106,0.47558850049972534
3083,9,107,0.5111252665519714
3084,9,108,0.5149953961372375
3085,9,109,0.4932466149330139
3086,9,110,0.6057754158973694
3087,9,111,0.5161074995994568
3088,9,112,0.5277490615844727
3089,9,113,0.5195967555046082
3090,9,114,0.5155351161956787
3091,9,115,0.5351086854934692
3092,9,116,0.45384421944618225
3093,9,117,0.5271461606025696
3094,9,118,0.5539100170135498
3095,9,119,0.5800662040710449
3096,9,120,0.4989195764064789
3097,9,121,0.5124322175979614
3098,9,122,0.5559151768684387
3099,9,123,0.7415341138839722
3100,9,124,0.5415346622467041
3101,9,125,0.45952263474464417
3102,9,126,0.5079665780067444
3103,9,127,0.5367623567581177
3104,9,128,0.5212485194206238
3105,9,129,0.5428795218467712
3106,9,130,0.5307012796401978
3107,9,131,0.478557825088501
3108,9,132,0.569097638130188
3109,9,133,0.50324946641922
3110,9,134,0.6981374025344849
3111,9,135,0.9250757098197937
3112,9,136,0.467276394367218
3113,9,137,0.4976629614830017
3114,9,138,0.5340062379837036
3115,9,139,0.5187098383903503
3116,9,140,0.5511355996131897
3117,9,141,0.5135854482650757
3118,9,142,0.5662246346473694
3119,9,143,0.5422219634056091
3120,9,144,0.5574691295623779
3121,9,145,0.5189805030822754
3122,9,146,0.6196950078010559
3123,9,147,0.5180529952049255
3124,9,148,0.5773412585258484
3125,9,149,0.5163609385490417
3126,9,150,0.5179139375686646
3127,9,151,0.5529428720474243
3128,9,152,0.5179780721664429
3129,9,153,0.5176330804824829
3130,9,154,0.4982290267944336
3131,9,155,0.5201194882392883
3132,9,156,0.5064245462417603
3133,9,157,0.5406085252761841
3134,9,158,0.5056901574134827
3135,9,159,0.5499559640884399
3136,9,160,0.4699013829231262
3137,9,161,0.5392277240753174
3138,9,162,0.7569049596786499
3139,9,163,0.4926116466522217
3140,9,164,0.5146209597587585
3141,9,165,0.501985490322113
3142,9,166,0.6701550483703613
3143,9,167,0.620455265045166
3144,9,168,0.7177747488021851
3145,9,169,0.47409287095069885
3146,9,170,0.4622669219970703
3147,9,171,0.4860961437225342
3148,9,172,0.4988202452659607
3149,9,173,0.5708833932876587
3150,9,174,0.5479472875595093
3151,9,175,0.5014210939407349
3152,9,176,0.5036242008209229
3153,9,177,0.5356821417808533
3154,9,178,0.5783576965332031
3155,9,179,0.5447653532028198
3156,9,180,0.5076876878738403
3157,9,181,0.5326986908912659
3158,9,182,0.4824458658695221
3159,9,183,0.5611351728439331
3160,9,184,0.5379930734634399
3161,9,185,0.5129556655883789
3162,9,186,0.5398858785629272
3163,9,187,0.5392928719520569
3164,9,188,0.541075587272644
3165,9,189,0.6998792886734009
3166,9,190,0.5785202980041504
3167,9,191,0.49914342164993286
3168,9,192,0.49006524682044983
3169,9,193,0.4814150929450989
3170,9,194,0.6474967002868652
3171,9,195,0.5941454768180847
3172,9,196,0.4985373020172119
3173,9,197,0.5155576467514038
3174,9,198,0.4822387099266052
3175,9,199,0.5554444193840027
3176,9,200,0.5160377621650696
3177,9,201,0.5942261219024658
3178,9,202,0.5474767684936523
3179,9,203,0.47791725397109985
3180,9,204,0.48250237107276917
3181,9,205,0.5731915831565857
3182,9,206,0.48706570267677307
3183,9,207,0.463003545999527
3184,9,208,0.45757001638412476
3185,9,209,0.5034867525100708
3186,9,210,0.5378576517105103
3187,9,211,0.5289263725280762
3188,9,212,0.7405973076820374
3189,9,213,0.4894699454307556
3190,9,214,0.54835444688797
3191,9,215,0.49029284715652466
3192,9,216,0.5827058553695679
3193,9,217,0.5905948877334595
3194,9,218,0.5268248915672302
3195,9,219,0.5279207229614258
3196,9,220,0.5053292512893677
3197,9,221,0.48012956976890564
3198,9,222,0.5242577791213989
3199,9,223,0.5799683928489685
3200,9,224,0.467294305562973
3201,9,225,0.5141609907150269
3202,9,226,0.6306101083755493
3203,9,227,0.6212726831436157
3204,9,228,0.5308168530464172
3205,9,229,0.6191272735595703
3206,9,230,0.5365818738937378
3207,9,231,0.4730258584022522
3208,9,232,0.4788966178894043
3209,9,233,0.5236120223999023
3210,9,234,0.539826512336731
3211,9,235,0.538786768913269
3212,9,236,0.5008595585823059
3213,9,237,0.5022289752960205
3214,9,238,0.5211617350578308
3215,9,239,0.47193509340286255
3216,9,240,0.5175720453262329
3217,9,241,0.5112430453300476
3218,9,242,0.5680214762687683
3219,9,243,0.5732191801071167
3220,9,244,0.4544903337955475
3221,9,245,0.4985368847846985
3222,9,246,0.4912663996219635
3223,9,247,0.5220690965652466
3224,9,248,0.4894210398197174
3225,9,249,0.4749085009098053
3226,9,250,0.5246269702911377
3227,9,251,0.5032403469085693
3228,9,252,0.5152549743652344
3229,9,253,0.4562613368034363
3230,9,254,0.5078434348106384
3231,9,255,0.4638269543647766
3232,9,256,0.5209108591079712
3233,9,257,0.49178022146224976
3234,9,258,0.48388680815696716
3235,9,259,0.48981374502182007
3236,9,260,0.5009886026382446
3237,9,261,0.4989648461341858
3238,9,262,0.47020483016967773
3239,9,263,0.4961707592010498
3240,9,264,0.6122460961341858
3241,9,265,0.543205976486206
3242,9,266,0.5343754887580872
3243,9,267,0.5306994318962097
3244,9,268,0.5666769742965698
3245,9,269,0.49370628595352173
3246,9,270,0.4637579023838043
3247,9,271,0.5101584196090698
3248,9,272,0.5642573833465576
3249,9,273,0.5432733297348022
3250,9,274,0.6609997153282166
3251,9,275,0.5502660870552063
3252,9,276,0.5155820250511169
3253,9,277,0.5354774594306946
3254,9,278,0.45048099756240845
3255,9,279,0.47823601961135864
3256,9,280,0.510358452796936
3257,9,281,0.5144549608230591
3258,9,282,0.48589468002319336
3259,9,283,0.4635182023048401
3260,9,284,0.528318464756012
3261,9,285,0.6771103143692017
3262,9,286,0.5794755816459656
3263,9,287,0.49927419424057007
3264,9,288,0.494864284992218
3265,9,289,0.5491760969161987
3266,9,290,0.5457221269607544
3267,9,291,0.5582695007324219
3268,9,292,0.473777711391449
3269,9,293,0.5559234619140625
3270,9,294,0.5111854076385498
3271,9,295,0.4660048484802246
3272,9,296,0.5729649066925049
3273,9,297,0.47124117612838745
3274,9,298,0.5073181986808777
3275,9,299,0.534694492816925
3276,9,300,0.570015549659729
3277,9,301,0.4938504695892334
3278,9,302,0.4749934673309326
3279,9,303,0.5078907012939453
3280,9,304,0.4868384003639221
3281,9,305,0.6144275069236755
3282,9,306,0.436879962682724
3283,9,307,0.5089735984802246
3284,9,308,0.4592164158821106
3285,9,309,0.8092179298400879
3286,9,310,0.5070597529411316
3287,9,311,0.5272596478462219
3288,9,312,0.5587421655654907
3289,9,313,0.47978219389915466
3290,9,314,0.5517301559448242
3291,9,315,0.44757595658302307
3292,9,316,0.5170223116874695
3293,9,317,0.5519307851791382
3294,9,318,0.509531557559967
3295,9,319,0.5094262361526489
3296,9,320,0.5383630394935608
3297,9,321,0.5187541246414185
3298,9,322,0.4615141451358795
3299,9,323,0.4749329686164856
3300,9,324,0.516486644744873
3301,9,325,0.4509042799472809
3302,9,326,0.4627821445465088
3303,9,327,0.4280620217323303
3304,9,328,0.4551226496696472
3305,9,329,0.5190694332122803
3306,9,330,0.48215705156326294
3307,9,331,0.5386409759521484
3308,9,332,0.5322328805923462
3309,9,333,0.5067418217658997
3310,9,334,0.5862569212913513
3311,9,335,0.445784330368042
3312,9,336,0.4351683259010315
3313,9,337,0.46627575159072876
3314,9,338,0.6141514182090759
3315,9,339,0.5261973738670349
3316,9,340,0.507681667804718
3317,9,341,0.49054017663002014
3318,9,342,0.560139000415802
3319,9,343,0.5017119646072388
3320,9,344,0.5358295440673828
3321,9,345,0.46755537390708923
3322,9,346,0.7286219000816345
3323,9,347,0.5110030770301819
3324,9,348,0.48795264959335327
3325,9,349,0.437762588262558
3326,9,350,0.4473331570625305
3327,9,351,0.5038548111915588
3328,9,352,0.5550048351287842
3329,9,353,0.503797173500061
3330,9,354,0.49270540475845337
3331,9,355,0.5310224294662476
3332,9,356,0.5052427649497986
3333,9,357,0.5273014903068542
3334,9,358,0.4998949468135834
3335,9,359,0.5539461374282837
3336,9,360,0.48856860399246216
3337,9,361,0.46876153349876404
3338,9,362,0.45158571004867554
3339,9,363,0.49503999948501587
3340,9,364,0.4683915674686432
3341,9,365,0.449019193649292
3342,9,366,0.5172433853149414
3343,9,367,0.46853533387184143
3344,9,368,0.4782717823982239
3345,9,369,0.5281351804733276
3346,9,370,0.5730887651443481
3347,9,371,0.5076537132263184
3348,9,372,0.5176796317100525
3349,10,1,0.5056341290473938
3350,10,2,0.4640076756477356
3351,10,3,0.5466058850288391
3352,10,4,0.5178346633911133
3353,10,5,0.46657314896583557
3354,10,6,0.6859279870986938
3355,10,7,0.4749378263950348
3356,10,8,0.46204861998558044
3357,10,9,0.5036309361457825
3358,10,10,0.4812714457511902
3359,10,11,0.46394768357276917
3360,10,12,0.4772473871707916
3361,10,13,0.42209967970848083
3362,10,14,0.5037051439285278
3363,10,15,0.49373021721839905
3364,10,16,0.45607614517211914
3365,10,17,0.48162850737571716
3366,10,18,0.5428659319877625
3367,10,19,0.47835320234298706
3368,10,20,0.5585253238677979
3369,10,21,0.44697123765945435
3370,10,22,0.5113938450813293
3371,10,23,0.4831417500972748
3372,10,24,0.4738997519016266
3373,10,25,0.4835321307182312
3374,10,26,0.5139127969741821
3375,10,27,0.5783378481864929
3376,10,28,0.5535033941268921
3377,10,29,0.4878115653991699
3378,10,30,0.46577611565589905
3379,10,31,0.552318274974823
3380,10,32,0.5247741937637329
3381,10,33,0.5007561445236206
3382,10,34,0.48434463143348694
3383,10,35,0.48527008295059204
3384,10,36,0.46844181418418884
3385,10,37,0.4544522166252136
3386,10,38,0.5019118785858154
3387,10,39,0.49488258361816406
3388,10,40,0.5772629976272583
3389,10,41,0.5167163610458374
3390,10,42,0.47939977049827576
3391,10,43,0.4682927131652832
3392,10,44,0.45582708716392517
3393,10,45,0.5025700926780701
3394,10,46,0.4754334092140198
3395,10,47,0.48577266931533813
3396,10,48,0.4354015290737152
3397,10,49,0.5016841888427734
3398,10,50,0.5320948362350464
3399,10,51,0.515906810760498
3400,10,52,0.4474116265773773
3401,10,53,0.48115405440330505
3402,10,54,0.48034143447875977
3403,10,55,0.4255940020084381
3404,10,56,0.4638073444366455
3405,10,57,0.4596683382987976
3406,10,58,0.4573431611061096
3407,10,59,0.4634230136871338
3408,10,60,0.5402103662490845
3409,10,61,0.4624270498752594
3410,10,62,0.5891537070274353
3411,10,63,0.5432277917861938
3412,10,64,0.42550382018089294
3413,10,65,0.4885135591030121
3414,10,66,0.47535476088523865
3415,10,67,0.4721984267234802
3416,10,68,0.42419272661209106
3417,10,69,0.44280973076820374
3418,10,70,0.44220414757728577
3419,10,71,0.5119927525520325
3420,10,72,0.4403340816497803
3421,10,73,0.4721452295780182
3422,10,74,0.7282122373580933
3423,10,75,0.46759453415870667
3424,10,76,0.5393286347389221
3425,10,77,0.48335132002830505
3426,10,78,0.4647079408168793
3427,10,79,0.4990575313568115
3428,10,80,0.4795045852661133
3429,10,81,0.4263744354248047
3430,10,82,0.5148176550865173
3431,10,83,0.4562138020992279
3432,10,84,0.4151863157749176
3433,10,85,0.4245030879974365
3434,10,86,0.4380270540714264
3435,10,87,0.42561569809913635
3436,10,88,0.5045186281204224
3437,10,89,0.45749253034591675
3438,10,90,0.4812752306461334
3439,10,91,0.43167608976364136
3440,10,92,0.4743356704711914
3441,10,93,0.39903607964515686
3442,10,94,0.5060166716575623
3443,10,95,0.46615543961524963
3444,10,96,0.4050961136817932
3445,10,97,0.6037903428077698
3446,10,98,0.43182262778282166
3447,10,99,0.4552334249019623
3448,10,100,0.3988672196865082
3449,10,101,0.5274076461791992
3450,10,102,0.47060856223106384
3451,10,103,0.4967327117919922
3452,10,104,0.44578808546066284
3453,10,105,0.4426727890968323
3454,10,106,0.43246063590049744
3455,10,107,0.45499342679977417
3456,10,108,0.41757339239120483
3457,10,109,0.4764295518398285
3458,10,110,0.4539380967617035
3459,10,111,0.52009516954422
3460,10,112,0.4769071936607361
3461,10,113,0.4382475018501282
3462,10,114,0.5382242798805237
3463,10,115,0.42057427763938904
3464,10,116,0.5312250852584839
3465,10,117,0.5121261477470398
3466,10,118,0.4945206642150879
3467,10,119,0.402996301651001
3468,10,120,0.47347021102905273
3469,10,121,0.4348536431789398
3470,10,122,0.4647783637046814
3471,10,123,0.4762221872806549
3472,10,124,0.5043651461601257
3473,10,125,0.4731605052947998
3474,10,126,0.4551723003387451
3475,10,127,0.43126457929611206
3476,10,128,0.5286001563072205
3477,10,129,0.43806058168411255
3478,10,130,0.41804179549217224
3479,10,131,0.4034349322319031
3480,10,132,0.42502766847610474
3481,10,133,0.4473196566104889
3482,10,134,0.41336268186569214
3483,10,135,0.5034081935882568
3484,10,136,0.48727482557296753
3485,10,137,0.47654470801353455
3486,10,138,0.4508344531059265
3487,10,139,0.49373143911361694
3488,10,140,0.4585817754268646
3489,10,141,0.5237725377082825
3490,10,142,0.4927871823310852
3491,10,143,0.46396058797836304
3492,10,144,0.40173763036727905
3493,10,145,0.5277659893035889
3494,10,146,0.4741364121437073
3495,10,147,0.49875229597091675
3496,10,148,0.4902729094028473
3497,10,149,0.4415512979030609
3498,10,150,0.44508272409439087
3499,10,151,0.4745206832885742
3500,10,152,0.43123483657836914
3501,10,153,0.4175991415977478
3502,10,154,0.431659072637558
3503,10,155,0.40724554657936096
3504,10,156,0.4605208933353424
3505,10,157,0.4949672818183899
3506,10,158,0.4576614499092102
3507,10,159,0.45421546697616577
3508,10,160,0.40502357482910156
3509,10,161,0.48634251952171326
3510,10,162,0.416658490896225
3511,10,163,0.4613761901855469
3512,10,164,0.46847420930862427
3513,10,165,0.49453458189964294
3514,10,166,0.4012553095817566
3515,10,167,0.48899468779563904
3516,10,168,0.5220158696174622
3517,10,169,0.5035943388938904
3518,10,170,0.5032428503036499
3519,10,171,0.43168511986732483
3520,10,172,0.4379267692565918
3521,10,173,0.5331910848617554
3522,10,174,0.4219129681587219
3523,10,175,0.5265137553215027
3524,10,176,0.45405101776123047
3525,10,177,0.539200484752655
3526,10,178,0.478320449590683
3527,10,179,0.5261291265487671
3528,10,180,0.4013039469718933
3529,10,181,0.49012842774391174
3530,10,182,0.45083656907081604
3531,10,183,0.4629290997982025
3532,10,184,0.47625866532325745
3533,10,185,0.45304661989212036
3534,10,186,0.43864792585372925
3535,10,187,0.4357526898384094
3536,10,188,0.5001794099807739
3537,10,189,0.4832400679588318
3538,10,190,0.41705766320228577
3539,10,191,0.467951238155365
3540,10,192,0.5875939130783081
3541,10,193,0.4413858950138092
3542,10,194,0.44941526651382446
3543,10,195,0.4931185841560364
3544,10,196,0.44119924306869507
3545,10,197,0.40795597434043884
3546,10,198,0.4429033398628235
3547,10,199,0.4500717520713806
3548,10,200,0.6906105279922485
3549,10,201,0.39715486764907837
3550,10,202,0.4697469174861908
3551,10,203,0.4876367151737213
3552,10,204,0.5720342397689819
3553,10,205,0.4703104496002197
3554,10,206,0.39562636613845825
3555,10,207,0.41123390197753906
3556,10,208,0.48351559042930603
3557,10,209,0.5162860155105591
3558,10,210,0.46224260330200195
3559,10,211,0.44783955812454224
3560,10,212,0.4862612783908844
3561,10,213,0.4575217366218567
3562,10,214,0.47752317786216736
3563,10,215,0.43892425298690796
3564,10,216,0.5146232843399048
3565,10,217,0.5135830640792847
3566,10,218,0.4524040222167969
3567,10,219,0.44903364777565
3568,10,220,0.42906737327575684
3569,10,221,0.44439154863357544
3570,10,222,0.5046178102493286
3571,10,223,0.4543796479701996
3572,10,224,0.4656229019165039
3573,10,225,0.4351581931114197
3574,10,226,0.5156273245811462
3575,10,227,0.40930986404418945
3576,10,228,0.4907742440700531
3577,10,229,0.38427287340164185
3578,10,230,0.47146716713905334
3579,10,231,0.41298359632492065
3580,10,232,0.44380074739456177
3581,10,233,0.47080332040786743
3582,10,234,0.39474421739578247
3583,10,235,0.40732160210609436
3584,10,236,0.6657593846321106
3585,10,237,0.40040087699890137
3586,10,238,0.4459487795829773
3587,10,239,0.4440480172634125
3588,10,240,0.5797761678695679
3589,10,241,0.4540475308895111
3590,10,242,0.46714717149734497
3591,10,243,0.3972364068031311
3592,10,244,0.4839358925819397
3593,10,245,0.4050827920436859
3594,10,246,0.4302932322025299
3595,10,247,0.4876355528831482
3596,10,248,0.4027021825313568
3597,10,249,0.42919740080833435
3598,10,250,0.45229512453079224
3599,10,251,0.432587206363678
3600,10,252,0.5223822593688965
3601,10,253,0.4507252275943756
3602,10,254,0.4093833863735199
3603,10,255,0.5620962381362915
3604,10,256,0.6189484000205994
3605,10,257,0.436148077249527
3606,10,258,0.4362848401069641
3607,10,259,0.49156126379966736
3608,10,260,0.49907737970352173
3609,10,261,0.4158664345741272
3610,10,262,0.3796061873435974
3611,10,263,0.5046072602272034
3612,10,264,0.6337426900863647
3613,10,265,0.4282052516937256
3614,10,266,0.42202872037887573
3615,10,267,0.490603506565094
3616,10,268,0.4458094537258148
3617,10,269,0.48596253991127014
3618,10,270,0.4283156991004944
3619,10,271,0.42487654089927673
3620,10,272,0.41098088026046753
3621,10,273,0.4941317141056061
3622,10,274,0.48647981882095337
3623,10,275,0.443624883890152
3624,10,276,0.46948856115341187
3625,10,277,0.4748869836330414
3626,10,278,0.3580736517906189
3627,10,279,0.48760777711868286
3628,10,280,0.4367789328098297
3629,10,281,0.4231449067592621
3630,10,282,0.43476009368896484
3631,10,283,0.48841285705566406
3632,10,284,0.38982123136520386
3633,10,285,0.4832298755645752
3634,10,286,0.47837764024734497
3635,10,287,0.42951005697250366
3636,10,288,0.4239242970943451
3637,10,289,0.4511113166809082
3638,10,290,0.40460944175720215
3639,10,291,0.4001423716545105
3640,10,292,0.5207351446151733
3641,10,293,0.44996005296707153
3642,10,294,0.46198636293411255
3643,10,295,0.4721175730228424
3644,10,296,0.46564993262290955
3645,10,297,0.42730432748794556
3646,10,298,0.47823482751846313
3647,10,299,0.4268512725830078
3648,10,300,0.42543548345565796
3649,10,301,0.45936232805252075
3650,10,302,0.40166354179382324
3651,10,303,0.481457382440567
3652,10,304,0.43949705362319946
3653,10,305,0.41909199953079224
3654,10,306,0.42260831594467163
3655,10,307,0.45698609948158264
3656,10,308,0.4033939838409424
3657,10,309,0.4280570149421692
3658,10,310,0.4920567572116852
3659,10,311,0.44637244939804077
3660,10,312,0.46115842461586
3661,10,313,0.43190932273864746
3662,10,314,0.4151822030544281
3663,10,315,0.3996148109436035
3664,10,316,0.4576476216316223
3665,10,317,0.4980422854423523
3666,10,318,0.48933354020118713
3667,10,319,0.401084840297699
3668,10,320,0.41500815749168396
3669,10,321,0.48052912950515747
3670,10,322,0.4387069642543793
3671,10,323,0.4275619089603424
3672,10,324,0.347317636013031
3673,10,325,0.3876174986362457
3674,10,326,0.45309653878211975
3675,10,327,0.7235074043273926
3676,10,328,0.47107869386672974
3677,10,329,0.4152504801750183
3678,10,330,0.39224475622177124
3679,10,331,0.45257654786109924
3680,10,332,0.38119715452194214
3681,10,333,0.4573858678340912
3682,10,334,0.3909577429294586
3683,10,335,0.4277748167514801
3684,10,336,0.40960270166397095
3685,10,337,0.4336708188056946
3686,10,338,0.44598913192749023
3687,10,339,0.5457357168197632
3688,10,340,0.42960959672927856
3689,10,341,0.6701762080192566
3690,10,342,0.47122225165367126
3691,10,343,0.39239978790283203
3692,10,344,0.4071970582008362
3693,10,345,0.41699305176734924
3694,10,346,0.4446640908718109
3695,10,347,0.39405012130737305
3696,10,348,0.4323578476905823
3697,10,349,0.4343793988227844
3698,10,350,0.46298909187316895
3699,10,351,0.39852914214134216
3700,10,352,0.4447661340236664
3701,10,353,0.4077836871147156
3702,10,354,0.4100721478462219
3703,10,355,0.4934872090816498
3704,10,356,0.4205860197544098
3705,10,357,0.3939036726951599
3706,10,358,0.5694209337234497
3707,10,359,0.4102226793766022
3708,10,360,0.4163896441459656
3709,10,361,0.43807363510131836
3710,10,362,0.4639686048030853
3711,10,363,0.4562334418296814
3712,10,364,0.6411199569702148
3713,10,365,0.3818269371986389
3714,10,366,0.3864087462425232
3715,10,367,0.4482399821281433
3716,10,368,0.4443231225013733
3717,10,369,0.6047165989875793
3718,10,370,0.5101110935211182
3719,10,371,0.3776313066482544
3720,10,372,0.4212840497493744
