global_step,epoch,batch,train_loss
1,1,1,3.2908241748809814
2,1,2,3.2547764778137207
3,1,3,3.2391982078552246
4,1,4,3.2186954021453857
5,1,5,3.2719058990478516
6,1,6,3.264878749847412
7,1,7,3.204052686691284
8,1,8,3.1888515949249268
9,1,9,3.1918559074401855
10,1,10,3.1369285583496094
11,1,11,3.1446356773376465
12,1,12,3.1407182216644287
13,1,13,3.097789764404297
14,1,14,3.100400447845459
15,1,15,3.0890800952911377
16,1,16,3.103729724884033
17,1,17,3.064716100692749
18,1,18,3.0733695030212402
19,1,19,3.033663272857666
20,1,20,3.039212942123413
21,1,21,3.0335769653320312
22,1,22,3.0422744750976562
23,1,23,3.0092015266418457
24,1,24,2.9985084533691406
25,1,25,3.0187675952911377
26,1,26,3.0079691410064697
27,1,27,2.9760632514953613
28,1,28,2.9426209926605225
29,1,29,2.9663302898406982
30,1,30,2.953730821609497
31,1,31,2.988832950592041
32,1,32,2.89650297164917
33,1,33,2.943787097930908
34,1,34,2.9274754524230957
35,1,35,2.8932387828826904
36,1,36,2.875462770462036
37,1,37,2.8758037090301514
38,1,38,2.878352403640747
39,1,39,2.8333563804626465
40,1,40,2.8527865409851074
41,1,41,2.891317129135132
42,1,42,2.8539843559265137
43,1,43,2.875866413116455
44,1,44,2.7960009574890137
45,1,45,2.8945577144622803
46,1,46,2.806885242462158
47,1,47,2.7873668670654297
48,1,48,2.8311715126037598
49,1,49,2.742419719696045
50,1,50,2.7973365783691406
51,1,51,2.7554383277893066
52,1,52,2.826676845550537
53,1,53,2.7892110347747803
54,1,54,2.758715867996216
55,1,55,2.7614364624023438
56,1,56,2.7933669090270996
57,1,57,2.74348521232605
58,1,58,2.6863925457000732
59,1,59,2.734052896499634
60,1,60,2.713040351867676
61,1,61,2.7053558826446533
62,1,62,2.766648054122925
63,1,63,2.6763298511505127
64,1,64,2.7213661670684814
65,1,65,2.6818313598632812
66,1,66,2.6798176765441895
67,1,67,2.61268949508667
68,1,68,2.700641393661499
69,1,69,2.68410587310791
70,1,70,2.634207010269165
71,1,71,2.636145830154419
72,1,72,2.670213222503662
73,1,73,2.732522964477539
74,1,74,2.6069653034210205
75,1,75,2.607372283935547
76,1,76,2.650806427001953
77,1,77,2.6005022525787354
78,1,78,2.594548463821411
79,1,79,2.6449313163757324
80,1,80,2.6292099952697754
81,1,81,2.6063392162323
82,1,82,2.6066761016845703
83,1,83,2.586230754852295
84,1,84,2.539463520050049
85,1,85,2.591578960418701
86,1,86,2.5879228115081787
87,1,87,2.5885961055755615
88,1,88,2.5597167015075684
89,1,89,2.5130269527435303
90,1,90,2.5577006340026855
91,1,91,2.5325419902801514
92,1,92,2.5905864238739014
93,1,93,2.5566585063934326
94,1,94,2.5382304191589355
95,1,95,2.5860164165496826
96,1,96,2.4917006492614746
97,1,97,2.6008706092834473
98,1,98,2.5418224334716797
99,1,99,2.558759927749634
100,1,100,2.5658185482025146
101,1,101,2.5015389919281006
102,1,102,2.5243916511535645
103,1,103,2.5112993717193604
104,1,104,2.57342529296875
105,1,105,2.4988183975219727
106,1,106,2.4481093883514404
107,1,107,2.5026955604553223
108,1,108,2.4971795082092285
109,1,109,2.521984577178955
110,1,110,2.4660329818725586
111,1,111,2.4544460773468018
112,1,112,2.515543222427368
113,1,113,2.4751663208007812
114,1,114,2.454272508621216
115,1,115,2.431098699569702
116,1,116,2.49908447265625
117,1,117,2.5496573448181152
118,1,118,2.4816830158233643
119,1,119,2.489177942276001
120,1,120,2.458311080932617
121,1,121,2.420898914337158
122,1,122,2.4475109577178955
123,1,123,2.4488821029663086
124,1,124,2.4544906616210938
125,1,125,2.4070868492126465
126,1,126,2.4672796726226807
127,1,127,2.517049789428711
128,1,128,2.4268879890441895
129,1,129,2.580828905105591
130,1,130,2.4274685382843018
131,1,131,2.4941751956939697
132,1,132,2.4450366497039795
133,1,133,2.387146472930908
134,1,134,2.3997249603271484
135,1,135,2.5059618949890137
136,1,136,2.3686130046844482
137,1,137,2.4456734657287598
138,1,138,2.4699344635009766
139,1,139,2.3822076320648193
140,1,140,2.409264087677002
141,1,141,2.3745040893554688
142,1,142,2.4438886642456055
143,1,143,2.4534716606140137
144,1,144,2.377460241317749
145,1,145,2.456289529800415
146,1,146,2.429957389831543
147,1,147,2.402111530303955
148,1,148,2.3562915325164795
149,1,149,2.3677773475646973
150,1,150,2.403569459915161
151,1,151,2.36232590675354
152,1,152,2.349775552749634
153,1,153,2.4375081062316895
154,1,154,2.3960213661193848
155,1,155,2.425365924835205
156,1,156,2.4723198413848877
157,1,157,2.410231828689575
158,1,158,2.3268086910247803
159,1,159,2.395491123199463
160,1,160,2.4603028297424316
161,1,161,2.4479613304138184
162,1,162,2.3695974349975586
163,1,163,2.3750805854797363
164,1,164,2.3735785484313965
165,1,165,2.377480983734131
166,1,166,2.440629243850708
167,1,167,2.3747873306274414
168,1,168,2.364288806915283
169,1,169,2.31549072265625
170,1,170,2.373633623123169
171,1,171,2.3960628509521484
172,1,172,2.3379528522491455
173,1,173,2.3523337841033936
174,1,174,2.3883872032165527
175,1,175,2.344666004180908
176,1,176,2.3232903480529785
177,1,177,2.341794490814209
178,1,178,2.3729071617126465
179,1,179,2.3530683517456055
180,1,180,2.3454904556274414
181,1,181,2.3163883686065674
182,1,182,2.3589866161346436
183,1,183,2.313042640686035
184,1,184,2.3119263648986816
185,1,185,2.3616394996643066
186,1,186,2.3422446250915527
187,1,187,2.3676695823669434
188,1,188,2.3532166481018066
189,1,189,2.3237156867980957
190,1,190,2.3207621574401855
191,1,191,2.2781596183776855
192,1,192,2.321366786956787
193,1,193,2.3153154850006104
194,1,194,2.4318594932556152
195,1,195,2.3429505825042725
196,1,196,2.287212610244751
197,1,197,2.3206934928894043
198,1,198,2.3485636711120605
199,1,199,2.290919542312622
200,1,200,2.270023822784424
201,1,201,2.3325886726379395
202,1,202,2.2660884857177734
203,1,203,2.33171010017395
204,1,204,2.329782009124756
205,1,205,2.3416483402252197
206,1,206,2.3194327354431152
207,1,207,2.3979270458221436
208,1,208,2.3314106464385986
209,1,209,2.304474115371704
210,1,210,2.243284225463867
211,1,211,2.3168225288391113
212,1,212,2.288438558578491
213,1,213,2.2309765815734863
214,1,214,2.281001567840576
215,1,215,2.2379775047302246
216,1,216,2.269930124282837
217,1,217,2.306727170944214
218,1,218,2.2439773082733154
219,1,219,2.256103515625
220,1,220,2.3073740005493164
221,1,221,2.289008378982544
222,1,222,2.2440876960754395
223,1,223,2.3200109004974365
224,1,224,2.2125048637390137
225,1,225,2.4536077976226807
226,1,226,2.275099754333496
227,1,227,2.3825011253356934
228,1,228,2.258863687515259
229,1,229,2.2923738956451416
230,1,230,2.33366322517395
231,1,231,2.2438013553619385
232,1,232,2.293443202972412
233,1,233,2.2276840209960938
234,1,234,2.237522602081299
235,1,235,2.308607578277588
236,1,236,2.211500406265259
237,1,237,2.2571120262145996
238,1,238,2.2468159198760986
239,1,239,2.2918639183044434
240,1,240,2.2293553352355957
241,1,241,2.297109365463257
242,1,242,2.2352147102355957
243,1,243,2.220025062561035
244,1,244,2.228127956390381
245,1,245,2.1851210594177246
246,1,246,2.2601406574249268
247,1,247,2.2120742797851562
248,1,248,2.263542890548706
249,1,249,2.195815324783325
250,1,250,2.214036464691162
251,1,251,2.286923885345459
252,1,252,2.2099530696868896
253,1,253,2.2430360317230225
254,1,254,2.200920343399048
255,1,255,2.2176222801208496
256,1,256,2.1385185718536377
257,1,257,2.223551034927368
258,1,258,2.2443008422851562
259,1,259,2.279099225997925
260,1,260,2.197760820388794
261,1,261,2.19460129737854
262,1,262,2.2400031089782715
263,1,263,2.1742262840270996
264,1,264,2.2108871936798096
265,1,265,2.1938414573669434
266,1,266,2.2560043334960938
267,1,267,2.2583889961242676
268,1,268,2.1833157539367676
269,1,269,2.2096047401428223
270,1,270,2.1853652000427246
271,1,271,2.1923744678497314
272,1,272,2.209171772003174
273,1,273,2.236217498779297
274,1,274,2.183042526245117
275,1,275,2.141432285308838
276,1,276,2.2242629528045654
277,1,277,2.154132127761841
278,1,278,2.1963961124420166
279,1,279,2.2499186992645264
280,1,280,2.155270576477051
281,1,281,2.2392795085906982
282,1,282,2.238548755645752
283,1,283,2.1935088634490967
284,1,284,2.245006561279297
285,1,285,2.1823084354400635
286,1,286,2.145019054412842
287,1,287,2.1283457279205322
288,1,288,2.2057995796203613
289,1,289,2.1934473514556885
290,1,290,2.2742276191711426
291,1,291,2.173551082611084
292,1,292,2.2075228691101074
293,1,293,2.2095799446105957
294,1,294,2.186687707901001
295,1,295,2.1686902046203613
296,1,296,2.197012424468994
297,1,297,2.1297128200531006
298,1,298,2.1884379386901855
299,1,299,2.1999247074127197
300,1,300,2.1535325050354004
301,1,301,2.101512908935547
302,1,302,2.1829590797424316
303,1,303,2.2081313133239746
304,1,304,2.153831720352173
305,1,305,2.1772561073303223
306,1,306,2.112086772918701
307,1,307,2.1168553829193115
308,1,308,2.205756425857544
309,1,309,2.234842538833618
310,1,310,2.1760542392730713
311,1,311,2.1741554737091064
312,1,312,2.1626780033111572
313,1,313,2.1437487602233887
314,1,314,2.144850254058838
315,1,315,2.17632794380188
316,1,316,2.137895345687866
317,1,317,2.1443822383880615
318,1,318,2.2081551551818848
319,1,319,2.1661839485168457
320,1,320,2.115905523300171
321,1,321,2.176888942718506
322,1,322,2.189563751220703
323,1,323,2.1512112617492676
324,1,324,2.2133429050445557
325,1,325,2.1054069995880127
326,1,326,2.1114182472229004
327,1,327,2.129488706588745
328,1,328,2.275341510772705
329,1,329,2.1539695262908936
330,1,330,2.134784698486328
331,1,331,2.142399549484253
332,1,332,2.133526086807251
333,1,333,2.1293625831604004
334,1,334,2.113071918487549
335,1,335,2.102637767791748
336,1,336,2.144243001937866
337,1,337,2.1906518936157227
338,1,338,2.1598830223083496
339,1,339,2.244070529937744
340,1,340,2.0960750579833984
341,1,341,2.171664237976074
342,1,342,2.1341681480407715
343,1,343,2.1263375282287598
344,1,344,2.1785638332366943
345,1,345,2.142786979675293
346,1,346,2.0728118419647217
347,1,347,2.1417527198791504
348,1,348,2.1146366596221924
349,1,349,2.156146287918091
350,1,350,2.132810115814209
351,1,351,2.036630392074585
352,1,352,2.126166820526123
353,1,353,2.136683464050293
354,1,354,2.105520725250244
355,1,355,2.253366708755493
356,1,356,2.112436532974243
357,1,357,2.124337673187256
358,1,358,2.162475109100342
359,1,359,2.0735294818878174
360,1,360,2.118464708328247
361,1,361,2.095193386077881
362,1,362,2.0898866653442383
363,1,363,2.1307411193847656
364,1,364,2.2121331691741943
365,1,365,2.1423428058624268
366,1,366,2.11144757270813
367,1,367,2.0981006622314453
368,1,368,2.0441746711730957
369,1,369,2.101496458053589
370,1,370,2.1013970375061035
371,1,371,2.089717149734497
372,1,372,2.2183337211608887
373,2,1,2.1111931800842285
374,2,2,2.074305534362793
375,2,3,2.0296473503112793
376,2,4,2.069974422454834
377,2,5,2.0536258220672607
378,2,6,2.0477216243743896
379,2,7,2.0238265991210938
380,2,8,2.1652653217315674
381,2,9,2.0446345806121826
382,2,10,2.116272449493408
383,2,11,2.111321210861206
384,2,12,2.0925700664520264
385,2,13,2.0809037685394287
386,2,14,2.051518678665161
387,2,15,2.0953209400177
388,2,16,2.0521459579467773
389,2,17,2.026495933532715
390,2,18,2.076817035675049
391,2,19,2.0922913551330566
392,2,20,2.218367576599121
393,2,21,2.051050901412964
394,2,22,2.0373892784118652
395,2,23,2.0846621990203857
396,2,24,2.129338264465332
397,2,25,2.126458168029785
398,2,26,2.0517687797546387
399,2,27,2.074995517730713
400,2,28,2.058908700942993
401,2,29,2.0485167503356934
402,2,30,2.0297024250030518
403,2,31,2.0947763919830322
404,2,32,2.0453720092773438
405,2,33,2.085426092147827
406,2,34,2.0619049072265625
407,2,35,2.0869874954223633
408,2,36,2.0377469062805176
409,2,37,2.0217552185058594
410,2,38,2.1047890186309814
411,2,39,2.0568928718566895
412,2,40,2.079726457595825
413,2,41,2.098792314529419
414,2,42,2.06819224357605
415,2,43,2.0951881408691406
416,2,44,2.0049235820770264
417,2,45,2.0485951900482178
418,2,46,1.9965423345565796
419,2,47,2.0439682006835938
420,2,48,2.005552053451538
421,2,49,1.966080665588379
422,2,50,2.061743974685669
423,2,51,2.030125379562378
424,2,52,2.1131067276000977
425,2,53,2.1005501747131348
426,2,54,2.0140442848205566
427,2,55,2.0362958908081055
428,2,56,2.0304934978485107
429,2,57,2.0825283527374268
430,2,58,2.0678212642669678
431,2,59,2.086524248123169
432,2,60,2.079166889190674
433,2,61,2.0801825523376465
434,2,62,1.9992191791534424
435,2,63,2.0536048412323
436,2,64,2.068211555480957
437,2,65,2.0706801414489746
438,2,66,2.0957117080688477
439,2,67,2.016627788543701
440,2,68,2.047118902206421
441,2,69,2.040799856185913
442,2,70,2.0652832984924316
443,2,71,2.060694456100464
444,2,72,2.006645679473877
445,2,73,2.077305793762207
446,2,74,2.0154213905334473
447,2,75,2.050288677215576
448,2,76,1.9756510257720947
449,2,77,2.0452287197113037
450,2,78,2.098661184310913
451,2,79,2.016368865966797
452,2,80,2.0229647159576416
453,2,81,2.1679978370666504
454,2,82,2.0177488327026367
455,2,83,2.000304698944092
456,2,84,2.0068254470825195
457,2,85,2.024867534637451
458,2,86,2.111260175704956
459,2,87,1.9509432315826416
460,2,88,2.0047006607055664
461,2,89,2.0884509086608887
462,2,90,2.048558235168457
463,2,91,2.024174213409424
464,2,92,2.070725917816162
465,2,93,2.0149879455566406
466,2,94,2.099292278289795
467,2,95,2.033226490020752
468,2,96,1.9660508632659912
469,2,97,2.0106148719787598
470,2,98,2.0075619220733643
471,2,99,2.0815443992614746
472,2,100,2.006948947906494
473,2,101,1.9749224185943604
474,2,102,2.034611225128174
475,2,103,1.9932003021240234
476,2,104,2.032137393951416
477,2,105,2.1282620429992676
478,2,106,2.027034282684326
479,2,107,2.033604145050049
480,2,108,2.097917318344116
481,2,109,1.9885272979736328
482,2,110,2.0090694427490234
483,2,111,1.9940239191055298
484,2,112,2.0223844051361084
485,2,113,1.9632995128631592
486,2,114,2.029327869415283
487,2,115,2.0357275009155273
488,2,116,2.0122475624084473
489,2,117,1.9928184747695923
490,2,118,2.013065814971924
491,2,119,2.032818078994751
492,2,120,1.9896475076675415
493,2,121,2.001312017440796
494,2,122,2.0466320514678955
495,2,123,2.0094351768493652
496,2,124,1.9981184005737305
497,2,125,1.928394079208374
498,2,126,1.9936870336532593
499,2,127,1.9746620655059814
500,2,128,1.9573179483413696
501,2,129,2.0370445251464844
502,2,130,2.036903142929077
503,2,131,2.004892587661743
504,2,132,2.004668712615967
505,2,133,1.9797738790512085
506,2,134,2.0940909385681152
507,2,135,2.0650055408477783
508,2,136,2.0506699085235596
509,2,137,2.001326322555542
510,2,138,1.9681007862091064
511,2,139,1.9730195999145508
512,2,140,1.9258493185043335
513,2,141,1.9951175451278687
514,2,142,2.0480737686157227
515,2,143,2.017864227294922
516,2,144,2.047877311706543
517,2,145,2.002821683883667
518,2,146,1.9719349145889282
519,2,147,2.0021438598632812
520,2,148,2.043550729751587
521,2,149,1.9905370473861694
522,2,150,1.9505951404571533
523,2,151,2.0138020515441895
524,2,152,1.9305713176727295
525,2,153,1.970371961593628
526,2,154,2.1691298484802246
527,2,155,1.9718173742294312
528,2,156,2.0430710315704346
529,2,157,1.9428675174713135
530,2,158,1.9787750244140625
531,2,159,2.0082876682281494
532,2,160,2.026313304901123
533,2,161,2.048718214035034
534,2,162,1.9023311138153076
535,2,163,1.926474928855896
536,2,164,2.007774829864502
537,2,165,2.0810835361480713
538,2,166,1.9540045261383057
539,2,167,2.0710575580596924
540,2,168,1.9637798070907593
541,2,169,1.9848616123199463
542,2,170,1.9910863637924194
543,2,171,1.988085150718689
544,2,172,1.9328978061676025
545,2,173,1.932450294494629
546,2,174,1.9966974258422852
547,2,175,1.9959354400634766
548,2,176,1.950537919998169
549,2,177,1.9656336307525635
550,2,178,2.021042823791504
551,2,179,1.98224675655365
552,2,180,1.9968845844268799
553,2,181,2.071336030960083
554,2,182,1.9899749755859375
555,2,183,1.9772201776504517
556,2,184,1.9325339794158936
557,2,185,2.0176188945770264
558,2,186,2.101926565170288
559,2,187,1.9774223566055298
560,2,188,1.97926926612854
561,2,189,1.9260923862457275
562,2,190,1.980414628982544
563,2,191,2.0437655448913574
564,2,192,1.9545695781707764
565,2,193,2.011875629425049
566,2,194,1.9984134435653687
567,2,195,2.042208194732666
568,2,196,1.9893615245819092
569,2,197,2.116300106048584
570,2,198,2.068427324295044
571,2,199,1.9999033212661743
572,2,200,1.899667501449585
573,2,201,2.0062437057495117
574,2,202,1.9668529033660889
575,2,203,1.9869543313980103
576,2,204,1.9398174285888672
577,2,205,1.9723517894744873
578,2,206,2.014533042907715
579,2,207,1.9441934823989868
580,2,208,2.0662355422973633
581,2,209,2.0357470512390137
582,2,210,2.0338218212127686
583,2,211,2.003974437713623
584,2,212,1.974564790725708
585,2,213,1.9473766088485718
586,2,214,1.9916034936904907
587,2,215,2.001814365386963
588,2,216,1.9468152523040771
589,2,217,1.9233062267303467
590,2,218,2.0380568504333496
591,2,219,1.9776246547698975
592,2,220,1.9756524562835693
593,2,221,1.9498542547225952
594,2,222,1.9520423412322998
595,2,223,1.9169776439666748
596,2,224,2.0810275077819824
597,2,225,2.1185011863708496
598,2,226,2.045295476913452
599,2,227,1.9713842868804932
600,2,228,2.024820327758789
601,2,229,1.9753801822662354
602,2,230,2.0088062286376953
603,2,231,1.9616397619247437
604,2,232,1.9531195163726807
605,2,233,1.9349315166473389
606,2,234,2.0034708976745605
607,2,235,1.9365854263305664
608,2,236,1.970298409461975
609,2,237,1.9523776769638062
610,2,238,1.9254080057144165
611,2,239,1.9277229309082031
612,2,240,2.036713123321533
613,2,241,1.9049365520477295
614,2,242,1.9362834692001343
615,2,243,2.037024974822998
616,2,244,1.9366588592529297
617,2,245,1.957545518875122
618,2,246,1.9276907444000244
619,2,247,1.9326059818267822
620,2,248,1.9080455303192139
621,2,249,1.953635811805725
622,2,250,1.9690091609954834
623,2,251,1.9823182821273804
624,2,252,2.010098934173584
625,2,253,1.9728567600250244
626,2,254,1.9134318828582764
627,2,255,1.964699149131775
628,2,256,1.976366639137268
629,2,257,1.9334518909454346
630,2,258,1.9792598485946655
631,2,259,1.9230436086654663
632,2,260,2.1437902450561523
633,2,261,1.9483375549316406
634,2,262,1.87783944606781
635,2,263,1.9322469234466553
636,2,264,1.9098399877548218
637,2,265,1.9238650798797607
638,2,266,1.998802900314331
639,2,267,1.9693692922592163
640,2,268,1.8906406164169312
641,2,269,2.016292095184326
642,2,270,2.008723258972168
643,2,271,1.8696231842041016
644,2,272,1.9317537546157837
645,2,273,1.916847825050354
646,2,274,1.8790744543075562
647,2,275,1.9523046016693115
648,2,276,1.933762550354004
649,2,277,2.005690336227417
650,2,278,2.077204942703247
651,2,279,2.0158021450042725
652,2,280,1.932840347290039
653,2,281,1.9175021648406982
654,2,282,2.0207157135009766
655,2,283,2.0380892753601074
656,2,284,1.9494937658309937
657,2,285,1.9433809518814087
658,2,286,1.9573352336883545
659,2,287,1.9249690771102905
660,2,288,1.9405162334442139
661,2,289,1.8769077062606812
662,2,290,1.998882532119751
663,2,291,1.9098716974258423
664,2,292,1.9392646551132202
665,2,293,1.95504629611969
666,2,294,1.9939218759536743
667,2,295,1.9717779159545898
668,2,296,1.9225890636444092
669,2,297,1.9074819087982178
670,2,298,1.9765222072601318
671,2,299,1.9721912145614624
672,2,300,1.875097632408142
673,2,301,1.9429092407226562
674,2,302,1.9842265844345093
675,2,303,1.876678466796875
676,2,304,1.889283537864685
677,2,305,1.938584566116333
678,2,306,1.8893420696258545
679,2,307,1.9518839120864868
680,2,308,1.991649866104126
681,2,309,1.9720990657806396
682,2,310,1.8894851207733154
683,2,311,1.9351508617401123
684,2,312,1.970388412475586
685,2,313,1.9913982152938843
686,2,314,1.8901774883270264
687,2,315,1.934649109840393
688,2,316,1.9789844751358032
689,2,317,1.8858448266983032
690,2,318,2.0223441123962402
691,2,319,1.9505088329315186
692,2,320,1.9314050674438477
693,2,321,1.95855712890625
694,2,322,1.955923080444336
695,2,323,2.044487476348877
696,2,324,1.9893884658813477
697,2,325,1.8764244318008423
698,2,326,2.0360589027404785
699,2,327,1.9082345962524414
700,2,328,1.9845317602157593
701,2,329,1.9489532709121704
702,2,330,1.936785340309143
703,2,331,1.933161973953247
704,2,332,1.9958465099334717
705,2,333,1.955578088760376
706,2,334,1.9590203762054443
707,2,335,1.8703062534332275
708,2,336,1.97452712059021
709,2,337,1.9777157306671143
710,2,338,1.9316751956939697
711,2,339,1.8653666973114014
712,2,340,1.9584362506866455
713,2,341,2.0607497692108154
714,2,342,1.88894784450531
715,2,343,1.8541250228881836
716,2,344,1.9664726257324219
717,2,345,1.9804871082305908
718,2,346,1.9046556949615479
719,2,347,1.8787418603897095
720,2,348,1.9041582345962524
721,2,349,1.947569489479065
722,2,350,1.8901287317276
723,2,351,1.925644874572754
724,2,352,1.8761106729507446
725,2,353,1.898434042930603
726,2,354,1.9359121322631836
727,2,355,1.8777261972427368
728,2,356,1.9511436223983765
729,2,357,1.9247153997421265
730,2,358,1.8487958908081055
731,2,359,1.9295743703842163
732,2,360,1.8962376117706299
733,2,361,1.925207495689392
734,2,362,1.8942766189575195
735,2,363,1.862027883529663
736,2,364,2.006208896636963
737,2,365,1.8621680736541748
738,2,366,2.020719051361084
739,2,367,1.9231046438217163
740,2,368,1.9690901041030884
741,2,369,1.910853624343872
742,2,370,1.8842061758041382
743,2,371,1.9426231384277344
744,2,372,1.9658846855163574
745,3,1,1.8935734033584595
746,3,2,1.961769700050354
747,3,3,1.8943309783935547
748,3,4,1.863787055015564
749,3,5,1.996655821800232
750,3,6,1.871127724647522
751,3,7,1.9087263345718384
752,3,8,1.8787685632705688
753,3,9,1.944135069847107
754,3,10,1.955444574356079
755,3,11,1.8840713500976562
756,3,12,1.938960313796997
757,3,13,1.8977781534194946
758,3,14,1.9482977390289307
759,3,15,1.9132524728775024
760,3,16,1.859271764755249
761,3,17,1.9303362369537354
762,3,18,1.8342660665512085
763,3,19,1.9037425518035889
764,3,20,1.850043535232544
765,3,21,1.8854286670684814
766,3,22,1.9301481246948242
767,3,23,1.9576534032821655
768,3,24,1.8915401697158813
769,3,25,1.8174397945404053
770,3,26,1.905179738998413
771,3,27,1.9732468128204346
772,3,28,1.9456703662872314
773,3,29,1.959363341331482
774,3,30,1.9052326679229736
775,3,31,1.907070517539978
776,3,32,1.8675702810287476
777,3,33,1.858137845993042
778,3,34,1.927337408065796
779,3,35,1.9304063320159912
780,3,36,1.9256489276885986
781,3,37,1.874202013015747
782,3,38,1.9530032873153687
783,3,39,1.8496471643447876
784,3,40,1.9570274353027344
785,3,41,1.9655675888061523
786,3,42,1.8344684839248657
787,3,43,1.8732866048812866
788,3,44,1.9005935192108154
789,3,45,1.9003738164901733
790,3,46,1.9149986505508423
791,3,47,1.883898377418518
792,3,48,1.8395382165908813
793,3,49,1.8957679271697998
794,3,50,1.844840407371521
795,3,51,1.8966140747070312
796,3,52,1.9093034267425537
797,3,53,1.8652780055999756
798,3,54,1.909318208694458
799,3,55,1.980414628982544
800,3,56,1.866257667541504
801,3,57,1.8422189950942993
802,3,58,1.8159151077270508
803,3,59,1.834403395652771
804,3,60,1.8828935623168945
805,3,61,1.8874619007110596
806,3,62,1.8132528066635132
807,3,63,1.9085553884506226
808,3,64,1.9002227783203125
809,3,65,2.024845600128174
810,3,66,1.8902915716171265
811,3,67,1.8984873294830322
812,3,68,1.9548784494400024
813,3,69,1.89437735080719
814,3,70,1.8531135320663452
815,3,71,1.9081354141235352
816,3,72,1.8943138122558594
817,3,73,1.8134609460830688
818,3,74,1.8657894134521484
819,3,75,1.8492406606674194
820,3,76,1.8504688739776611
821,3,77,1.8651952743530273
822,3,78,1.8177642822265625
823,3,79,1.875661849975586
824,3,80,1.8856379985809326
825,3,81,1.8717420101165771
826,3,82,1.832720160484314
827,3,83,1.934269666671753
828,3,84,1.8791186809539795
829,3,85,1.9714233875274658
830,3,86,1.8709995746612549
831,3,87,1.860979676246643
832,3,88,1.9017302989959717
833,3,89,1.8607734441757202
834,3,90,1.8719333410263062
835,3,91,1.8197065591812134
836,3,92,1.846509337425232
837,3,93,1.9748890399932861
838,3,94,1.8971002101898193
839,3,95,1.8605331182479858
840,3,96,1.8529367446899414
841,3,97,1.9262748956680298
842,3,98,1.805124044418335
843,3,99,1.9037046432495117
844,3,100,1.855934500694275
845,3,101,1.8235492706298828
846,3,102,1.8713659048080444
847,3,103,1.8872616291046143
848,3,104,1.850229024887085
849,3,105,1.8850300312042236
850,3,106,1.9115787744522095
851,3,107,1.8059571981430054
852,3,108,1.8183361291885376
853,3,109,1.8213564157485962
854,3,110,1.848425269126892
855,3,111,1.8797712326049805
856,3,112,1.8883730173110962
857,3,113,1.9234495162963867
858,3,114,1.8641023635864258
859,3,115,1.9420074224472046
860,3,116,1.877439260482788
861,3,117,1.8449132442474365
862,3,118,1.82112717628479
863,3,119,1.8478113412857056
864,3,120,1.8407297134399414
865,3,121,1.8481734991073608
866,3,122,1.851117491722107
867,3,123,1.8840720653533936
868,3,124,1.8337571620941162
869,3,125,1.8761494159698486
870,3,126,1.93875253200531
871,3,127,1.8042786121368408
872,3,128,1.9312703609466553
873,3,129,1.8663339614868164
874,3,130,1.8903868198394775
875,3,131,1.8031810522079468
876,3,132,1.871625304222107
877,3,133,1.8418083190917969
878,3,134,1.8551130294799805
879,3,135,1.8387759923934937
880,3,136,1.8377199172973633
881,3,137,1.839295744895935
882,3,138,1.81913161277771
883,3,139,1.848021149635315
884,3,140,1.9241342544555664
885,3,141,1.884160041809082
886,3,142,1.8219197988510132
887,3,143,1.961255669593811
888,3,144,1.8705275058746338
889,3,145,1.8506221771240234
890,3,146,1.8523330688476562
891,3,147,1.743177056312561
892,3,148,1.8715463876724243
893,3,149,1.852614164352417
894,3,150,1.787622094154358
895,3,151,1.8901653289794922
896,3,152,1.8431332111358643
897,3,153,1.8294436931610107
898,3,154,1.8286882638931274
899,3,155,1.7989526987075806
900,3,156,1.8784548044204712
901,3,157,1.9004948139190674
902,3,158,1.8765857219696045
903,3,159,1.881854772567749
904,3,160,1.8537721633911133
905,3,161,1.8406305313110352
906,3,162,1.835348129272461
907,3,163,1.8234918117523193
908,3,164,1.8603795766830444
909,3,165,1.883988380432129
910,3,166,1.862067461013794
911,3,167,1.8109709024429321
912,3,168,1.8176265954971313
913,3,169,1.853623628616333
914,3,170,1.9496653079986572
915,3,171,1.845794677734375
916,3,172,1.7948211431503296
917,3,173,1.8920379877090454
918,3,174,1.86062753200531
919,3,175,1.9169279336929321
920,3,176,1.8763933181762695
921,3,177,1.7732875347137451
922,3,178,1.7969119548797607
923,3,179,1.8921468257904053
924,3,180,1.8418872356414795
925,3,181,1.8572747707366943
926,3,182,1.838871717453003
927,3,183,1.8999665975570679
928,3,184,1.9254051446914673
929,3,185,1.8238128423690796
930,3,186,1.7832062244415283
931,3,187,1.7701587677001953
932,3,188,1.8696479797363281
933,3,189,1.7964279651641846
934,3,190,1.8179731369018555
935,3,191,1.8048521280288696
936,3,192,1.9441770315170288
937,3,193,1.8271186351776123
938,3,194,1.8611891269683838
939,3,195,1.911137342453003
940,3,196,1.853619933128357
941,3,197,1.8830769062042236
942,3,198,1.7813020944595337
943,3,199,1.8293085098266602
944,3,200,1.8774547576904297
945,3,201,1.811727523803711
946,3,202,1.8374277353286743
947,3,203,1.832485556602478
948,3,204,1.809449553489685
949,3,205,1.870822548866272
950,3,206,1.7997633218765259
951,3,207,1.8072264194488525
952,3,208,1.862544298171997
953,3,209,1.8208882808685303
954,3,210,1.825608491897583
955,3,211,1.9261783361434937
956,3,212,1.8679654598236084
957,3,213,1.8660694360733032
958,3,214,1.8873456716537476
959,3,215,1.8284637928009033
960,3,216,1.8650894165039062
961,3,217,1.8061500787734985
962,3,218,1.827996015548706
963,3,219,1.8382232189178467
964,3,220,1.8341045379638672
965,3,221,1.9113247394561768
966,3,222,1.850450873374939
967,3,223,1.8187118768692017
968,3,224,1.8083299398422241
969,3,225,1.8112668991088867
970,3,226,1.8439924716949463
971,3,227,1.8711373805999756
972,3,228,1.840793251991272
973,3,229,1.846257209777832
974,3,230,1.8532756567001343
975,3,231,1.8656299114227295
976,3,232,1.8448394536972046
977,3,233,1.7664804458618164
978,3,234,1.946357011795044
979,3,235,1.811743140220642
980,3,236,1.8194074630737305
981,3,237,1.804083228111267
982,3,238,1.7538095712661743
983,3,239,1.8906770944595337
984,3,240,1.837786316871643
985,3,241,1.81923508644104
986,3,242,1.8511375188827515
987,3,243,1.9321825504302979
988,3,244,1.771051049232483
989,3,245,1.8259176015853882
990,3,246,1.9134495258331299
991,3,247,1.8834186792373657
992,3,248,1.8854480981826782
993,3,249,1.8412153720855713
994,3,250,1.9088894128799438
995,3,251,1.861360788345337
996,3,252,1.788936972618103
997,3,253,1.8176937103271484
998,3,254,1.7706798315048218
999,3,255,1.9782025814056396
1000,3,256,1.852898359298706
1001,3,257,1.8219282627105713
1002,3,258,1.8117246627807617
1003,3,259,1.8205242156982422
1004,3,260,1.8296241760253906
1005,3,261,1.9074146747589111
1006,3,262,1.805896520614624
1007,3,263,1.853708267211914
1008,3,264,1.8014425039291382
1009,3,265,1.8207225799560547
1010,3,266,1.847956657409668
1011,3,267,1.8685581684112549
1012,3,268,1.8030550479888916
1013,3,269,1.8445379734039307
1014,3,270,1.8338630199432373
1015,3,271,1.9030005931854248
1016,3,272,1.792001485824585
1017,3,273,1.7828128337860107
1018,3,274,1.775569200515747
1019,3,275,1.7831681966781616
1020,3,276,1.8399651050567627
1021,3,277,1.792466163635254
1022,3,278,1.808218240737915
1023,3,279,1.8187172412872314
1024,3,280,1.798174500465393
1025,3,281,1.8670463562011719
1026,3,282,1.8853275775909424
1027,3,283,1.8504756689071655
1028,3,284,1.7984815835952759
1029,3,285,1.8146944046020508
1030,3,286,1.8573869466781616
1031,3,287,1.8903818130493164
1032,3,288,1.8621447086334229
1033,3,289,1.8759472370147705
1034,3,290,1.7941032648086548
1035,3,291,1.8117396831512451
1036,3,292,1.7580842971801758
1037,3,293,1.8196483850479126
1038,3,294,1.8325096368789673
1039,3,295,1.7841182947158813
1040,3,296,1.8474433422088623
1041,3,297,1.846649169921875
1042,3,298,1.7825082540512085
1043,3,299,1.8975801467895508
1044,3,300,1.8250964879989624
1045,3,301,1.8153568506240845
1046,3,302,1.8447364568710327
1047,3,303,1.8241474628448486
1048,3,304,1.7853084802627563
1049,3,305,1.8471882343292236
1050,3,306,1.7935991287231445
1051,3,307,1.9024982452392578
1052,3,308,1.8499103784561157
1053,3,309,1.8135292530059814
1054,3,310,1.825063943862915
1055,3,311,1.8039360046386719
1056,3,312,1.778899908065796
1057,3,313,1.8378989696502686
1058,3,314,1.8060100078582764
1059,3,315,1.7909793853759766
1060,3,316,1.9056533575057983
1061,3,317,1.9527904987335205
1062,3,318,1.812514305114746
1063,3,319,1.7867199182510376
1064,3,320,1.8051340579986572
1065,3,321,1.771734595298767
1066,3,322,1.8975143432617188
1067,3,323,1.7790340185165405
1068,3,324,1.7294458150863647
1069,3,325,1.7900917530059814
1070,3,326,1.80780029296875
1071,3,327,1.7664693593978882
1072,3,328,1.8119640350341797
1073,3,329,1.894365906715393
1074,3,330,1.897475004196167
1075,3,331,1.8395378589630127
1076,3,332,1.8379783630371094
1077,3,333,1.8267351388931274
1078,3,334,1.791938066482544
1079,3,335,1.7839863300323486
1080,3,336,1.7690671682357788
1081,3,337,1.8331177234649658
1082,3,338,1.76263427734375
1083,3,339,1.8557876348495483
1084,3,340,1.7549997568130493
1085,3,341,1.7387815713882446
1086,3,342,1.8099933862686157
1087,3,343,1.8355357646942139
1088,3,344,1.7882118225097656
1089,3,345,1.8665348291397095
1090,3,346,1.8025329113006592
1091,3,347,1.816443681716919
1092,3,348,1.8520113229751587
1093,3,349,1.7807658910751343
1094,3,350,1.8810135126113892
1095,3,351,1.8081703186035156
1096,3,352,1.80670166015625
1097,3,353,1.8068231344223022
1098,3,354,1.8763126134872437
1099,3,355,1.7698543071746826
1100,3,356,1.7827571630477905
1101,3,357,1.783071756362915
1102,3,358,1.800031304359436
1103,3,359,1.7650792598724365
1104,3,360,1.8841794729232788
1105,3,361,1.7727540731430054
1106,3,362,1.7560933828353882
1107,3,363,1.7849915027618408
1108,3,364,1.7960379123687744
1109,3,365,1.7522552013397217
1110,3,366,1.8042312860488892
1111,3,367,1.799574851989746
1112,3,368,1.7681798934936523
1113,3,369,1.800522804260254
1114,3,370,1.7948089838027954
1115,3,371,1.7659457921981812
1116,3,372,1.841259479522705
1117,4,1,1.7756049633026123
1118,4,2,1.7672821283340454
1119,4,3,1.7574784755706787
1120,4,4,1.7663720846176147
1121,4,5,1.7855316400527954
1122,4,6,1.7229769229888916
1123,4,7,1.7379207611083984
1124,4,8,1.740034818649292
1125,4,9,1.8121206760406494
1126,4,10,1.7730076313018799
1127,4,11,1.7468388080596924
1128,4,12,1.8595654964447021
1129,4,13,1.786803960800171
1130,4,14,1.817469835281372
1131,4,15,1.7975209951400757
1132,4,16,1.7398204803466797
1133,4,17,1.8429985046386719
1134,4,18,1.7642927169799805
1135,4,19,1.7651993036270142
1136,4,20,1.8239717483520508
1137,4,21,1.7453253269195557
1138,4,22,1.7439231872558594
1139,4,23,1.7812620401382446
1140,4,24,1.800187110900879
1141,4,25,1.7142298221588135
1142,4,26,1.8425031900405884
1143,4,27,1.7177879810333252
1144,4,28,1.7549034357070923
1145,4,29,1.73312246799469
1146,4,30,1.7949203252792358
1147,4,31,1.9394919872283936
1148,4,32,1.7730257511138916
1149,4,33,1.8279253244400024
1150,4,34,1.7864773273468018
1151,4,35,1.7526134252548218
1152,4,36,1.781698226928711
1153,4,37,1.7836341857910156
1154,4,38,1.83660089969635
1155,4,39,1.7082569599151611
1156,4,40,1.7741515636444092
1157,4,41,1.7442119121551514
1158,4,42,1.771270990371704
1159,4,43,1.8042854070663452
1160,4,44,1.7929006814956665
1161,4,45,1.8357995748519897
1162,4,46,1.78629469871521
1163,4,47,1.7569252252578735
1164,4,48,1.8389450311660767
1165,4,49,1.7204370498657227
1166,4,50,1.8249235153198242
1167,4,51,1.7615995407104492
1168,4,52,1.8472213745117188
1169,4,53,1.8418242931365967
1170,4,54,1.7077668905258179
1171,4,55,1.712802529335022
1172,4,56,1.7080066204071045
1173,4,57,1.7824323177337646
1174,4,58,1.750766396522522
1175,4,59,1.6971607208251953
1176,4,60,1.7920424938201904
1177,4,61,1.7333343029022217
1178,4,62,1.7401450872421265
1179,4,63,1.7995094060897827
1180,4,64,1.850097894668579
1181,4,65,1.7094230651855469
1182,4,66,1.7764904499053955
1183,4,67,1.8027241230010986
1184,4,68,1.8012282848358154
1185,4,69,1.7646461725234985
1186,4,70,1.6872661113739014
1187,4,71,1.743812918663025
1188,4,72,1.77597975730896
1189,4,73,1.7654001712799072
1190,4,74,1.7831621170043945
1191,4,75,1.7795292139053345
1192,4,76,1.7856502532958984
1193,4,77,1.7731292247772217
1194,4,78,1.7184051275253296
1195,4,79,1.7595504522323608
1196,4,80,1.761559247970581
1197,4,81,1.811715841293335
1198,4,82,1.7476028203964233
1199,4,83,1.7004438638687134
1200,4,84,1.8162851333618164
1201,4,85,1.7727258205413818
1202,4,86,1.7281360626220703
1203,4,87,1.7980592250823975
1204,4,88,1.7316890954971313
1205,4,89,1.7554305791854858
1206,4,90,1.7474234104156494
1207,4,91,1.8093277215957642
1208,4,92,1.729243516921997
1209,4,93,1.6990267038345337
1210,4,94,1.7970409393310547
1211,4,95,1.7862154245376587
1212,4,96,1.7693274021148682
1213,4,97,1.8164398670196533
1214,4,98,1.7903292179107666
1215,4,99,1.7871465682983398
1216,4,100,1.7154840230941772
1217,4,101,1.7487090826034546
1218,4,102,1.802527666091919
1219,4,103,1.7431493997573853
1220,4,104,1.8802614212036133
1221,4,105,1.7162319421768188
1222,4,106,1.7821943759918213
1223,4,107,1.7553303241729736
1224,4,108,1.8038982152938843
1225,4,109,1.7366600036621094
1226,4,110,1.7561029195785522
1227,4,111,1.7796510457992554
1228,4,112,1.7767086029052734
1229,4,113,1.7460906505584717
1230,4,114,1.7482917308807373
1231,4,115,1.7194452285766602
1232,4,116,1.756248116493225
1233,4,117,1.7283751964569092
1234,4,118,1.7714941501617432
1235,4,119,1.7584670782089233
1236,4,120,1.8068504333496094
1237,4,121,1.7313241958618164
1238,4,122,1.7088022232055664
1239,4,123,1.6996062994003296
1240,4,124,1.7753467559814453
1241,4,125,1.6960033178329468
1242,4,126,1.7653757333755493
1243,4,127,1.782116174697876
1244,4,128,1.7095028162002563
1245,4,129,1.7927643060684204
1246,4,130,1.676492691040039
1247,4,131,1.7524998188018799
1248,4,132,1.7052984237670898
1249,4,133,1.773198127746582
1250,4,134,1.7585796117782593
1251,4,135,1.7773809432983398
1252,4,136,1.7304662466049194
1253,4,137,1.7720832824707031
1254,4,138,1.7067197561264038
1255,4,139,1.747170090675354
1256,4,140,1.7677654027938843
1257,4,141,1.7556726932525635
1258,4,142,1.7037395238876343
1259,4,143,1.7189950942993164
1260,4,144,1.6996036767959595
1261,4,145,1.7556661367416382
1262,4,146,1.7304904460906982
1263,4,147,1.7669832706451416
1264,4,148,1.7689180374145508
1265,4,149,1.7498435974121094
1266,4,150,1.7758935689926147
1267,4,151,1.6944477558135986
1268,4,152,1.7802995443344116
1269,4,153,1.7328760623931885
1270,4,154,1.7204856872558594
1271,4,155,1.782188057899475
1272,4,156,1.6917650699615479
1273,4,157,1.7320263385772705
1274,4,158,1.697866439819336
1275,4,159,1.7368175983428955
1276,4,160,1.799506425857544
1277,4,161,1.7363115549087524
1278,4,162,1.7452151775360107
1279,4,163,1.7204742431640625
1280,4,164,1.7591254711151123
1281,4,165,1.7189089059829712
1282,4,166,1.7779287099838257
1283,4,167,1.7923593521118164
1284,4,168,1.702843427658081
1285,4,169,1.740272879600525
1286,4,170,1.7268903255462646
1287,4,171,1.727889060974121
1288,4,172,1.7386500835418701
1289,4,173,1.7265819311141968
1290,4,174,1.840894103050232
1291,4,175,1.7653052806854248
1292,4,176,1.7129716873168945
1293,4,177,1.8393964767456055
1294,4,178,1.7369024753570557
1295,4,179,1.7782237529754639
1296,4,180,1.6567119359970093
1297,4,181,1.7588722705841064
1298,4,182,1.6985445022583008
1299,4,183,1.7916253805160522
1300,4,184,1.7668921947479248
1301,4,185,1.7304214239120483
1302,4,186,1.75541090965271
1303,4,187,1.6660112142562866
1304,4,188,1.7889211177825928
1305,4,189,1.7310373783111572
1306,4,190,1.7470413446426392
1307,4,191,1.7333532571792603
1308,4,192,1.724853515625
1309,4,193,1.7138586044311523
1310,4,194,1.734236478805542
1311,4,195,1.8156492710113525
1312,4,196,1.7135270833969116
1313,4,197,1.7687002420425415
1314,4,198,1.680185317993164
1315,4,199,1.6937758922576904
1316,4,200,1.7897555828094482
1317,4,201,1.7518428564071655
1318,4,202,1.6587995290756226
1319,4,203,1.7757476568222046
1320,4,204,1.762987732887268
1321,4,205,1.6625887155532837
1322,4,206,1.6830791234970093
1323,4,207,1.6956377029418945
1324,4,208,1.7319704294204712
1325,4,209,1.7083940505981445
1326,4,210,1.784067153930664
1327,4,211,1.708251953125
1328,4,212,1.733547568321228
1329,4,213,1.6559768915176392
1330,4,214,1.7347116470336914
1331,4,215,1.7366087436676025
1332,4,216,1.7609844207763672
1333,4,217,1.725243330001831
1334,4,218,1.7177937030792236
1335,4,219,1.7564761638641357
1336,4,220,1.7064917087554932
1337,4,221,1.6994249820709229
1338,4,222,1.7249599695205688
1339,4,223,1.852117896080017
1340,4,224,1.707099199295044
1341,4,225,1.7571747303009033
1342,4,226,1.706836462020874
1343,4,227,1.6404149532318115
1344,4,228,1.6907501220703125
1345,4,229,1.7237907648086548
1346,4,230,1.7364675998687744
1347,4,231,1.7166788578033447
1348,4,232,1.7282787561416626
1349,4,233,1.6789839267730713
1350,4,234,1.6719058752059937
1351,4,235,1.6876262426376343
1352,4,236,1.7852596044540405
1353,4,237,1.7708065509796143
1354,4,238,1.6816432476043701
1355,4,239,1.6762384176254272
1356,4,240,1.7274259328842163
1357,4,241,1.7381246089935303
1358,4,242,1.7032439708709717
1359,4,243,1.668845534324646
1360,4,244,1.7379287481307983
1361,4,245,1.7730369567871094
1362,4,246,1.7226953506469727
1363,4,247,1.770973801612854
1364,4,248,1.8128278255462646
1365,4,249,1.75347900390625
1366,4,250,1.7229349613189697
1367,4,251,1.6576783657073975
1368,4,252,1.702707052230835
1369,4,253,1.7125771045684814
1370,4,254,1.6869770288467407
1371,4,255,1.8413223028182983
1372,4,256,1.739267349243164
1373,4,257,1.6958529949188232
1374,4,258,1.7300279140472412
1375,4,259,1.7498201131820679
1376,4,260,1.7060787677764893
1377,4,261,1.692328691482544
1378,4,262,1.6951338052749634
1379,4,263,1.7209692001342773
1380,4,264,1.672568678855896
1381,4,265,1.7060743570327759
1382,4,266,1.8708248138427734
1383,4,267,1.744223952293396
1384,4,268,1.6914901733398438
1385,4,269,1.667353868484497
1386,4,270,1.7046339511871338
1387,4,271,1.753295660018921
1388,4,272,1.6907659769058228
1389,4,273,1.7254676818847656
1390,4,274,1.7380348443984985
1391,4,275,1.7059805393218994
1392,4,276,1.7349395751953125
1393,4,277,1.7044166326522827
1394,4,278,1.6981632709503174
1395,4,279,1.712084174156189
1396,4,280,1.6594635248184204
1397,4,281,1.7145999670028687
1398,4,282,1.739854097366333
1399,4,283,1.6713807582855225
1400,4,284,1.6575607061386108
1401,4,285,1.7271728515625
1402,4,286,1.7533550262451172
1403,4,287,1.7831342220306396
1404,4,288,1.7201992273330688
1405,4,289,1.6861149072647095
1406,4,290,1.6457138061523438
1407,4,291,1.6844784021377563
1408,4,292,1.808043122291565
1409,4,293,1.6804929971694946
1410,4,294,1.6666618585586548
1411,4,295,1.6749212741851807
1412,4,296,1.7360960245132446
1413,4,297,1.661766767501831
1414,4,298,1.7074636220932007
1415,4,299,1.7023296356201172
1416,4,300,1.7769272327423096
1417,4,301,1.6771037578582764
1418,4,302,1.7001844644546509
1419,4,303,1.7200500965118408
1420,4,304,1.781012773513794
1421,4,305,1.7356189489364624
1422,4,306,1.7130038738250732
1423,4,307,1.7340806722640991
1424,4,308,1.6697391271591187
1425,4,309,1.6502954959869385
1426,4,310,1.698836326599121
1427,4,311,1.7127387523651123
1428,4,312,1.6961820125579834
1429,4,313,1.7190465927124023
1430,4,314,1.7136083841323853
1431,4,315,1.706512451171875
1432,4,316,1.7957671880722046
1433,4,317,1.7187297344207764
1434,4,318,1.70610773563385
1435,4,319,1.730308175086975
1436,4,320,1.734116792678833
1437,4,321,1.7047994136810303
1438,4,322,1.6758121252059937
1439,4,323,1.7506539821624756
1440,4,324,1.6574671268463135
1441,4,325,1.8541702032089233
1442,4,326,1.788431167602539
1443,4,327,1.7045860290527344
1444,4,328,1.9506542682647705
1445,4,329,1.673117995262146
1446,4,330,1.6693675518035889
1447,4,331,1.7502472400665283
1448,4,332,1.697894811630249
1449,4,333,1.6520698070526123
1450,4,334,1.6106916666030884
1451,4,335,1.7067320346832275
1452,4,336,1.7009270191192627
1453,4,337,1.7023909091949463
1454,4,338,1.7007064819335938
1455,4,339,1.7215497493743896
1456,4,340,1.6909948587417603
1457,4,341,1.6866028308868408
1458,4,342,1.7433933019638062
1459,4,343,1.6786367893218994
1460,4,344,1.6916780471801758
1461,4,345,1.690533995628357
1462,4,346,1.68062424659729
1463,4,347,1.7207492589950562
1464,4,348,1.7164300680160522
1465,4,349,1.6485220193862915
1466,4,350,1.698970079421997
1467,4,351,1.6570806503295898
1468,4,352,1.741676926612854
1469,4,353,1.6583389043807983
1470,4,354,1.728255033493042
1471,4,355,1.6509582996368408
1472,4,356,1.6982088088989258
1473,4,357,1.6629174947738647
1474,4,358,1.6602308750152588
1475,4,359,1.6430391073226929
1476,4,360,1.688023328781128
1477,4,361,1.7416445016860962
1478,4,362,1.6757761240005493
1479,4,363,1.7824290990829468
1480,4,364,1.660841941833496
1481,4,365,1.6304785013198853
1482,4,366,1.7170276641845703
1483,4,367,1.6502536535263062
1484,4,368,1.6565024852752686
1485,4,369,1.6941426992416382
1486,4,370,1.6924428939819336
1487,4,371,1.7306464910507202
1488,4,372,1.6829708814620972
1489,5,1,1.6667439937591553
1490,5,2,1.6678577661514282
1491,5,3,1.6749509572982788
1492,5,4,1.6309785842895508
1493,5,5,1.6453783512115479
1494,5,6,1.6425033807754517
1495,5,7,1.602809190750122
1496,5,8,1.684976577758789
1497,5,9,1.6916757822036743
1498,5,10,1.6993659734725952
1499,5,11,1.6170358657836914
1500,5,12,1.690267562866211
1501,5,13,1.696524977684021
1502,5,14,1.712927222251892
1503,5,15,1.683638334274292
1504,5,16,1.6991029977798462
1505,5,17,1.6281120777130127
1506,5,18,1.6379817724227905
1507,5,19,1.6837266683578491
1508,5,20,1.7628215551376343
1509,5,21,1.7211710214614868
1510,5,22,1.701350212097168
1511,5,23,1.5933315753936768
1512,5,24,1.7231237888336182
1513,5,25,1.7145360708236694
1514,5,26,1.63583505153656
1515,5,27,1.7293293476104736
1516,5,28,1.749017357826233
1517,5,29,1.6645267009735107
1518,5,30,1.6828876733779907
1519,5,31,1.7042049169540405
1520,5,32,1.663879156112671
1521,5,33,1.8219785690307617
1522,5,34,1.6714210510253906
1523,5,35,1.608931303024292
1524,5,36,1.6870291233062744
1525,5,37,1.647735834121704
1526,5,38,1.7241653203964233
1527,5,39,1.6767151355743408
1528,5,40,1.7002137899398804
1529,5,41,1.7155771255493164
1530,5,42,1.6638160943984985
1531,5,43,1.6617498397827148
1532,5,44,1.6455810070037842
1533,5,45,1.6277347803115845
1534,5,46,1.6487458944320679
1535,5,47,1.6667721271514893
1536,5,48,1.6970100402832031
1537,5,49,1.669076681137085
1538,5,50,1.6622278690338135
1539,5,51,1.64922297000885
1540,5,52,1.630141258239746
1541,5,53,1.6462684869766235
1542,5,54,1.6755214929580688
1543,5,55,1.6660919189453125
1544,5,56,1.6494863033294678
1545,5,57,1.7028589248657227
1546,5,58,1.6686538457870483
1547,5,59,1.7892262935638428
1548,5,60,1.7135460376739502
1549,5,61,1.6603076457977295
1550,5,62,1.7788397073745728
1551,5,63,1.653286337852478
1552,5,64,1.6522362232208252
1553,5,65,1.6440212726593018
1554,5,66,1.6688764095306396
1555,5,67,1.6378790140151978
1556,5,68,1.644808053970337
1557,5,69,1.6670348644256592
1558,5,70,1.6117223501205444
1559,5,71,1.6315405368804932
1560,5,72,1.633932113647461
1561,5,73,1.6735233068466187
1562,5,74,1.619341254234314
1563,5,75,1.6507995128631592
1564,5,76,1.609161376953125
1565,5,77,1.6052125692367554
1566,5,78,1.6420339345932007
1567,5,79,1.6161434650421143
1568,5,80,1.6273763179779053
1569,5,81,1.7362949848175049
1570,5,82,1.6913130283355713
1571,5,83,1.6413568258285522
1572,5,84,1.6630945205688477
1573,5,85,1.7554134130477905
1574,5,86,1.6265445947647095
1575,5,87,1.6912193298339844
1576,5,88,1.7467588186264038
1577,5,89,1.6958116292953491
1578,5,90,1.6761493682861328
1579,5,91,1.6473640203475952
1580,5,92,1.8435859680175781
1581,5,93,1.61448073387146
1582,5,94,1.7080141305923462
1583,5,95,1.6611140966415405
1584,5,96,1.679795503616333
1585,5,97,1.6449477672576904
1586,5,98,1.6508604288101196
1587,5,99,1.6213279962539673
1588,5,100,1.7111183404922485
1589,5,101,1.6424415111541748
1590,5,102,1.5812946557998657
1591,5,103,1.6381216049194336
1592,5,104,1.5773547887802124
1593,5,105,1.6453262567520142
1594,5,106,1.6420886516571045
1595,5,107,1.6177819967269897
1596,5,108,1.6547069549560547
1597,5,109,1.6518325805664062
1598,5,110,1.647611379623413
1599,5,111,1.68044912815094
1600,5,112,1.6724342107772827
1601,5,113,1.6385990381240845
1602,5,114,1.6934678554534912
1603,5,115,1.5896965265274048
1604,5,116,1.6419967412948608
1605,5,117,1.6332929134368896
1606,5,118,1.7833945751190186
1607,5,119,1.6204321384429932
1608,5,120,1.655000925064087
1609,5,121,1.6671717166900635
1610,5,122,1.6349360942840576
1611,5,123,1.6067899465560913
1612,5,124,1.7546011209487915
1613,5,125,1.6437867879867554
1614,5,126,1.6362558603286743
1615,5,127,1.6681911945343018
1616,5,128,1.6313682794570923
1617,5,129,1.6623245477676392
1618,5,130,1.6541101932525635
1619,5,131,1.6361643075942993
1620,5,132,1.6173584461212158
1621,5,133,1.652722716331482
1622,5,134,1.6602058410644531
1623,5,135,1.642643690109253
1624,5,136,1.6708866357803345
1625,5,137,1.6378473043441772
1626,5,138,1.6011661291122437
1627,5,139,1.592365026473999
1628,5,140,1.6586215496063232
1629,5,141,1.654323935508728
1630,5,142,1.6224454641342163
1631,5,143,1.6106706857681274
1632,5,144,1.7312114238739014
1633,5,145,1.6730632781982422
1634,5,146,1.6775728464126587
1635,5,147,1.5839498043060303
1636,5,148,1.6644150018692017
1637,5,149,1.6506074666976929
1638,5,150,1.7130693197250366
1639,5,151,1.6540416479110718
1640,5,152,1.5757520198822021
1641,5,153,1.6380107402801514
1642,5,154,1.641172170639038
1643,5,155,1.6609992980957031
1644,5,156,1.6697702407836914
1645,5,157,1.5760362148284912
1646,5,158,1.6911739110946655
1647,5,159,1.699083924293518
1648,5,160,1.6165492534637451
1649,5,161,1.661529302597046
1650,5,162,1.6248779296875
1651,5,163,1.6054919958114624
1652,5,164,1.6462637186050415
1653,5,165,1.5912355184555054
1654,5,166,1.6894352436065674
1655,5,167,1.654876470565796
1656,5,168,1.589599370956421
1657,5,169,1.6499197483062744
1658,5,170,1.7350448369979858
1659,5,171,1.6240003108978271
1660,5,172,1.6468031406402588
1661,5,173,1.713112235069275
1662,5,174,1.6259565353393555
1663,5,175,1.6019020080566406
1664,5,176,1.643941879272461
1665,5,177,1.6607338190078735
1666,5,178,1.5932586193084717
1667,5,179,1.6844871044158936
1668,5,180,1.6217743158340454
1669,5,181,1.6425247192382812
1670,5,182,1.6830413341522217
1671,5,183,1.7062885761260986
1672,5,184,1.640779733657837
1673,5,185,1.656060814857483
1674,5,186,1.592752456665039
1675,5,187,1.663633942604065
1676,5,188,1.6402708292007446
1677,5,189,1.6009114980697632
1678,5,190,1.5894262790679932
1679,5,191,1.6514866352081299
1680,5,192,1.6800928115844727
1681,5,193,1.6140085458755493
1682,5,194,1.6052755117416382
1683,5,195,1.6244728565216064
1684,5,196,1.611360788345337
1685,5,197,1.6962759494781494
1686,5,198,1.6026127338409424
1687,5,199,1.5975420475006104
1688,5,200,1.598683476448059
1689,5,201,1.657438039779663
1690,5,202,1.6160986423492432
1691,5,203,1.86299729347229
1692,5,204,1.710595726966858
1693,5,205,1.6276098489761353
1694,5,206,1.6024576425552368
1695,5,207,1.6284639835357666
1696,5,208,1.6161348819732666
1697,5,209,1.6148383617401123
1698,5,210,1.638763666152954
1699,5,211,1.6741641759872437
1700,5,212,1.5985902547836304
1701,5,213,1.5871752500534058
1702,5,214,1.604187250137329
1703,5,215,1.6344573497772217
1704,5,216,1.6251466274261475
1705,5,217,1.6080682277679443
1706,5,218,1.6622871160507202
1707,5,219,1.6424798965454102
1708,5,220,1.6021006107330322
1709,5,221,1.6766750812530518
1710,5,222,1.6681722402572632
1711,5,223,1.7180801630020142
1712,5,224,1.6608631610870361
1713,5,225,1.5988597869873047
1714,5,226,1.547080636024475
1715,5,227,1.5767195224761963
1716,5,228,1.6267731189727783
1717,5,229,1.5931785106658936
1718,5,230,1.6030734777450562
1719,5,231,1.6476408243179321
1720,5,232,1.6748775243759155
1721,5,233,1.6245224475860596
1722,5,234,1.6732666492462158
1723,5,235,1.6139276027679443
1724,5,236,1.5854774713516235
1725,5,237,1.6064382791519165
1726,5,238,1.7638593912124634
1727,5,239,1.625632882118225
1728,5,240,1.677372694015503
1729,5,241,1.5967719554901123
1730,5,242,1.674778699874878
1731,5,243,1.5818593502044678
1732,5,244,1.5785273313522339
1733,5,245,1.6747030019760132
1734,5,246,1.6436147689819336
1735,5,247,1.6139494180679321
1736,5,248,1.6411842107772827
1737,5,249,1.6343053579330444
1738,5,250,1.7399208545684814
1739,5,251,1.6172778606414795
1740,5,252,1.5824744701385498
1741,5,253,1.6060304641723633
1742,5,254,1.704774260520935
1743,5,255,1.618755578994751
1744,5,256,1.681491494178772
1745,5,257,1.6625953912734985
1746,5,258,1.684818983078003
1747,5,259,1.6373857259750366
1748,5,260,1.6288009881973267
1749,5,261,1.595152735710144
1750,5,262,1.5944969654083252
1751,5,263,1.6736942529678345
1752,5,264,1.5783861875534058
1753,5,265,1.6254936456680298
1754,5,266,1.609500527381897
1755,5,267,1.615990400314331
1756,5,268,1.6160566806793213
1757,5,269,1.7270762920379639
1758,5,270,1.604503870010376
1759,5,271,1.5777398347854614
1760,5,272,1.6229960918426514
1761,5,273,1.5982273817062378
1762,5,274,1.6612459421157837
1763,5,275,1.5889718532562256
1764,5,276,1.6541869640350342
1765,5,277,1.5547161102294922
1766,5,278,1.6296106576919556
1767,5,279,1.6249773502349854
1768,5,280,1.6908378601074219
1769,5,281,1.6205055713653564
1770,5,282,1.606994867324829
1771,5,283,1.5726323127746582
1772,5,284,1.6211570501327515
1773,5,285,1.611994743347168
1774,5,286,1.670092225074768
1775,5,287,1.630467176437378
1776,5,288,1.5601987838745117
1777,5,289,1.5993101596832275
1778,5,290,1.6680361032485962
1779,5,291,1.5738545656204224
1780,5,292,1.5760648250579834
1781,5,293,1.617266297340393
1782,5,294,1.6247295141220093
1783,5,295,1.5605840682983398
1784,5,296,1.7490981817245483
1785,5,297,1.6325674057006836
1786,5,298,1.6143152713775635
1787,5,299,1.6140295267105103
1788,5,300,1.5590753555297852
1789,5,301,1.5979046821594238
1790,5,302,1.59731125831604
1791,5,303,1.5971357822418213
1792,5,304,1.597305417060852
1793,5,305,1.623641014099121
1794,5,306,1.5703365802764893
1795,5,307,1.5964248180389404
1796,5,308,1.5642956495285034
1797,5,309,1.5293998718261719
1798,5,310,1.6469072103500366
1799,5,311,1.6209291219711304
1800,5,312,1.6195484399795532
1801,5,313,1.608581781387329
1802,5,314,1.5938217639923096
1803,5,315,1.660191297531128
1804,5,316,1.6217882633209229
1805,5,317,1.599943995475769
1806,5,318,1.6011028289794922
1807,5,319,1.6096032857894897
1808,5,320,1.6522388458251953
1809,5,321,1.657120943069458
1810,5,322,1.6061996221542358
1811,5,323,1.6032050848007202
1812,5,324,1.6021335124969482
1813,5,325,1.6532821655273438
1814,5,326,1.6242008209228516
1815,5,327,1.59725821018219
1816,5,328,1.566150426864624
1817,5,329,1.572378396987915
1818,5,330,1.6470565795898438
1819,5,331,1.5734241008758545
1820,5,332,1.558293342590332
1821,5,333,1.565281629562378
1822,5,334,1.5944989919662476
1823,5,335,1.5749629735946655
1824,5,336,1.6026785373687744
1825,5,337,1.586411714553833
1826,5,338,1.6200168132781982
1827,5,339,1.5895907878875732
1828,5,340,1.5970035791397095
1829,5,341,1.5790340900421143
1830,5,342,1.585386872291565
1831,5,343,1.5310790538787842
1832,5,344,1.5527093410491943
1833,5,345,1.5616986751556396
1834,5,346,1.5782679319381714
1835,5,347,1.5764561891555786
1836,5,348,1.6268014907836914
1837,5,349,1.6110632419586182
1838,5,350,1.5593044757843018
1839,5,351,1.5733380317687988
1840,5,352,1.6718080043792725
1841,5,353,1.5644149780273438
1842,5,354,1.6644309759140015
1843,5,355,1.5709254741668701
1844,5,356,1.7591642141342163
1845,5,357,1.5744848251342773
1846,5,358,1.5973105430603027
1847,5,359,1.570057988166809
1848,5,360,1.594826340675354
1849,5,361,1.5957973003387451
1850,5,362,1.5446908473968506
1851,5,363,1.6247026920318604
1852,5,364,1.6356499195098877
1853,5,365,1.5247474908828735
1854,5,366,1.6376209259033203
1855,5,367,1.5737025737762451
1856,5,368,1.587904930114746
1857,5,369,1.581587553024292
1858,5,370,1.5401771068572998
1859,5,371,1.5835106372833252
1860,5,372,1.5946924686431885
1861,6,1,1.6021881103515625
1862,6,2,1.6114028692245483
1863,6,3,1.5654410123825073
1864,6,4,1.6850814819335938
1865,6,5,1.5794570446014404
1866,6,6,1.6149790287017822
1867,6,7,1.592572808265686
1868,6,8,1.5861448049545288
1869,6,9,1.59987473487854
1870,6,10,1.6617848873138428
1871,6,11,1.599182367324829
1872,6,12,1.6561272144317627
1873,6,13,1.515075922012329
1874,6,14,1.5538634061813354
1875,6,15,1.5382660627365112
1876,6,16,1.5615736246109009
1877,6,17,1.5574142932891846
1878,6,18,1.583840250968933
1879,6,19,1.5745513439178467
1880,6,20,1.5404880046844482
1881,6,21,1.5977964401245117
1882,6,22,1.602802038192749
1883,6,23,1.535398244857788
1884,6,24,1.5752032995224
1885,6,25,1.5927979946136475
1886,6,26,1.650006651878357
1887,6,27,1.5050171613693237
1888,6,28,1.5458699464797974
1889,6,29,1.635152816772461
1890,6,30,1.6084983348846436
1891,6,31,1.54290771484375
1892,6,32,1.5341975688934326
1893,6,33,1.5557265281677246
1894,6,34,1.529685378074646
1895,6,35,1.5521271228790283
1896,6,36,1.4839420318603516
1897,6,37,1.6210792064666748
1898,6,38,1.5644510984420776
1899,6,39,1.5750678777694702
1900,6,40,1.589313268661499
1901,6,41,1.8044888973236084
1902,6,42,1.5443799495697021
1903,6,43,1.535964012145996
1904,6,44,1.6651203632354736
1905,6,45,1.6283820867538452
1906,6,46,1.5302674770355225
1907,6,47,1.57113778591156
1908,6,48,1.6051629781723022
1909,6,49,1.611920952796936
1910,6,50,1.545934796333313
1911,6,51,1.584535837173462
1912,6,52,1.5297269821166992
1913,6,53,1.5742712020874023
1914,6,54,1.5424000024795532
1915,6,55,1.5196187496185303
1916,6,56,1.5431479215621948
1917,6,57,1.555620789527893
1918,6,58,1.5702426433563232
1919,6,59,1.6201550960540771
1920,6,60,1.5651576519012451
1921,6,61,1.6268230676651
1922,6,62,1.5146872997283936
1923,6,63,1.5329620838165283
1924,6,64,1.56278395652771
1925,6,65,1.5633221864700317
1926,6,66,1.6193491220474243
1927,6,67,1.6079059839248657
1928,6,68,1.5965237617492676
1929,6,69,1.5572727918624878
1930,6,70,1.5679625272750854
1931,6,71,1.557558536529541
1932,6,72,1.5636818408966064
1933,6,73,1.5046154260635376
1934,6,74,1.5628960132598877
1935,6,75,1.555590271949768
1936,6,76,1.5768322944641113
1937,6,77,1.5745784044265747
1938,6,78,1.5939725637435913
1939,6,79,1.592682123184204
1940,6,80,1.5203996896743774
1941,6,81,1.6016623973846436
1942,6,82,1.5982846021652222
1943,6,83,1.5874005556106567
1944,6,84,1.530301809310913
1945,6,85,1.5639361143112183
1946,6,86,1.5978374481201172
1947,6,87,1.5464355945587158
1948,6,88,1.526442289352417
1949,6,89,1.6098600625991821
1950,6,90,1.5121080875396729
1951,6,91,1.60831618309021
1952,6,92,1.5585908889770508
1953,6,93,1.5059144496917725
1954,6,94,1.507478952407837
1955,6,95,1.5479538440704346
1956,6,96,1.5611168146133423
1957,6,97,1.5681736469268799
1958,6,98,1.4922598600387573
1959,6,99,1.5030395984649658
1960,6,100,1.5412344932556152
1961,6,101,1.533445954322815
1962,6,102,1.5104920864105225
1963,6,103,1.528049349784851
1964,6,104,1.5599273443222046
1965,6,105,1.5370616912841797
1966,6,106,1.4919652938842773
1967,6,107,1.6207857131958008
1968,6,108,1.5968033075332642
1969,6,109,1.5710384845733643
1970,6,110,1.7293745279312134
1971,6,111,1.6030184030532837
1972,6,112,1.5932379961013794
1973,6,113,1.4745773077011108
1974,6,114,1.542136549949646
1975,6,115,1.5737500190734863
1976,6,116,1.55599844455719
1977,6,117,1.5250214338302612
1978,6,118,1.577951431274414
1979,6,119,1.5274463891983032
1980,6,120,1.5277010202407837
1981,6,121,1.5187160968780518
1982,6,122,1.5989152193069458
1983,6,123,1.5524835586547852
1984,6,124,1.5218757390975952
1985,6,125,1.5447864532470703
1986,6,126,1.5440983772277832
1987,6,127,1.5478724241256714
1988,6,128,1.5384037494659424
1989,6,129,1.509426236152649
1990,6,130,1.5553197860717773
1991,6,131,1.559281349182129
1992,6,132,1.535231351852417
1993,6,133,1.5631020069122314
1994,6,134,1.6000105142593384
1995,6,135,1.6206152439117432
1996,6,136,1.5704410076141357
1997,6,137,1.621259331703186
1998,6,138,1.5369181632995605
1999,6,139,1.5257110595703125
2000,6,140,1.542432188987732
2001,6,141,1.577013373374939
2002,6,142,1.6795990467071533
2003,6,143,1.5608927011489868
2004,6,144,1.5584872961044312
2005,6,145,1.539986252784729
2006,6,146,1.5246671438217163
2007,6,147,1.550710678100586
2008,6,148,1.5932022333145142
2009,6,149,1.5027616024017334
2010,6,150,1.5944640636444092
2011,6,151,1.5526918172836304
2012,6,152,1.4934918880462646
2013,6,153,1.5765743255615234
2014,6,154,1.5060193538665771
2015,6,155,1.5359151363372803
2016,6,156,1.5565978288650513
2017,6,157,1.5374095439910889
2018,6,158,1.5162312984466553
2019,6,159,1.5519773960113525
2020,6,160,1.5743764638900757
2021,6,161,1.4966561794281006
2022,6,162,1.4983206987380981
2023,6,163,1.5307481288909912
2024,6,164,1.5199625492095947
2025,6,165,1.5389983654022217
2026,6,166,1.558368444442749
2027,6,167,1.54081392288208
2028,6,168,1.5526010990142822
2029,6,169,1.5627222061157227
2030,6,170,1.5720545053482056
2031,6,171,1.577756643295288
2032,6,172,1.502716302871704
2033,6,173,1.4850269556045532
2034,6,174,1.572935700416565
2035,6,175,1.520907998085022
2036,6,176,1.5480302572250366
2037,6,177,1.5712138414382935
2038,6,178,1.4707508087158203
2039,6,179,1.58622407913208
2040,6,180,1.5469229221343994
2041,6,181,1.4588401317596436
2042,6,182,1.5326873064041138
2043,6,183,1.5054478645324707
2044,6,184,1.4983270168304443
2045,6,185,1.5780072212219238
2046,6,186,1.567272424697876
2047,6,187,1.5509490966796875
2048,6,188,1.5558502674102783
2049,6,189,1.5083526372909546
2050,6,190,1.5252268314361572
2051,6,191,1.548105001449585
2052,6,192,1.6214319467544556
2053,6,193,1.5162365436553955
2054,6,194,1.5177282094955444
2055,6,195,1.5999263525009155
2056,6,196,1.4919413328170776
2057,6,197,1.5543906688690186
2058,6,198,1.500512719154358
2059,6,199,1.5334937572479248
2060,6,200,1.5278832912445068
2061,6,201,1.566608190536499
2062,6,202,1.4702045917510986
2063,6,203,1.5980345010757446
2064,6,204,1.5021804571151733
2065,6,205,1.5524656772613525
2066,6,206,1.506968379020691
2067,6,207,1.5041900873184204
2068,6,208,1.526153564453125
2069,6,209,1.5655744075775146
2070,6,210,1.581169843673706
2071,6,211,1.6108531951904297
2072,6,212,1.572031021118164
2073,6,213,1.5366551876068115
2074,6,214,1.5535322427749634
2075,6,215,1.5840716361999512
2076,6,216,1.5232465267181396
2077,6,217,1.5587377548217773
2078,6,218,1.488490343093872
2079,6,219,1.529111623764038
2080,6,220,1.5262477397918701
2081,6,221,1.667763352394104
2082,6,222,1.5241377353668213
2083,6,223,1.501499891281128
2084,6,224,1.5327024459838867
2085,6,225,1.4960099458694458
2086,6,226,1.6664369106292725
2087,6,227,1.5463225841522217
2088,6,228,1.5042088031768799
2089,6,229,1.5861666202545166
2090,6,230,1.4803476333618164
2091,6,231,1.5635292530059814
2092,6,232,1.5082619190216064
2093,6,233,1.588344693183899
2094,6,234,1.5286802053451538
2095,6,235,1.496584415435791
2096,6,236,1.5960910320281982
2097,6,237,1.522810697555542
2098,6,238,1.533165693283081
2099,6,239,1.525002360343933
2100,6,240,1.5394952297210693
2101,6,241,1.5222845077514648
2102,6,242,1.5688378810882568
2103,6,243,1.522392988204956
2104,6,244,1.602344274520874
2105,6,245,1.5370628833770752
2106,6,246,1.5556108951568604
2107,6,247,1.4842990636825562
2108,6,248,1.5203874111175537
2109,6,249,1.5896373987197876
2110,6,250,1.6524381637573242
2111,6,251,1.5203959941864014
2112,6,252,1.5604478120803833
2113,6,253,1.5432045459747314
2114,6,254,1.5823829174041748
2115,6,255,1.5614521503448486
2116,6,256,1.640507698059082
2117,6,257,1.5969349145889282
2118,6,258,1.5375484228134155
2119,6,259,1.5128240585327148
2120,6,260,1.571406602859497
2121,6,261,1.5315253734588623
2122,6,262,1.5042569637298584
2123,6,263,1.4885437488555908
2124,6,264,1.509350061416626
2125,6,265,1.5064060688018799
2126,6,266,1.4869499206542969
2127,6,267,1.545893907546997
2128,6,268,1.517747402191162
2129,6,269,1.452865719795227
2130,6,270,1.5007340908050537
2131,6,271,1.5187437534332275
2132,6,272,1.523583173751831
2133,6,273,1.581899642944336
2134,6,274,1.4805363416671753
2135,6,275,1.5412676334381104
2136,6,276,1.603676199913025
2137,6,277,1.5176427364349365
2138,6,278,1.5282143354415894
2139,6,279,1.5848971605300903
2140,6,280,1.5139124393463135
2141,6,281,1.503920078277588
2142,6,282,1.467898964881897
2143,6,283,1.531477928161621
2144,6,284,1.5430450439453125
2145,6,285,1.475191593170166
2146,6,286,1.5566809177398682
2147,6,287,1.5364059209823608
2148,6,288,1.5335158109664917
2149,6,289,1.5126841068267822
2150,6,290,1.5002468824386597
2151,6,291,1.5030102729797363
2152,6,292,1.5246644020080566
2153,6,293,1.558530569076538
2154,6,294,1.5424797534942627
2155,6,295,1.5613738298416138
2156,6,296,1.5127800703048706
2157,6,297,1.5018398761749268
2158,6,298,1.5825682878494263
2159,6,299,1.5148389339447021
2160,6,300,1.4927364587783813
2161,6,301,1.5022846460342407
2162,6,302,1.4933477640151978
2163,6,303,1.5013420581817627
2164,6,304,1.4915225505828857
2165,6,305,1.490398645401001
2166,6,306,1.5720164775848389
2167,6,307,1.440259575843811
2168,6,308,1.5478147268295288
2169,6,309,1.5174365043640137
2170,6,310,1.4610260725021362
2171,6,311,1.5798869132995605
2172,6,312,1.577793836593628
2173,6,313,1.5071595907211304
2174,6,314,1.4852019548416138
2175,6,315,1.4429436922073364
2176,6,316,1.5016214847564697
2177,6,317,1.554352045059204
2178,6,318,1.4744254350662231
2179,6,319,1.4524204730987549
2180,6,320,1.461511254310608
2181,6,321,1.4821068048477173
2182,6,322,1.4820780754089355
2183,6,323,1.42014479637146
2184,6,324,1.5158936977386475
2185,6,325,1.5366542339324951
2186,6,326,1.4912608861923218
2187,6,327,1.5183639526367188
2188,6,328,1.5588655471801758
2189,6,329,1.5357921123504639
2190,6,330,1.5082287788391113
2191,6,331,1.4794219732284546
2192,6,332,1.5413134098052979
2193,6,333,1.4965676069259644
2194,6,334,1.5115324258804321
2195,6,335,1.5018246173858643
2196,6,336,1.5085285902023315
2197,6,337,1.557318925857544
2198,6,338,1.5242522954940796
2199,6,339,1.500679612159729
2200,6,340,1.465214490890503
2201,6,341,1.4807878732681274
2202,6,342,1.4924935102462769
2203,6,343,1.4534595012664795
2204,6,344,1.564460039138794
2205,6,345,1.4478663206100464
2206,6,346,1.4690531492233276
2207,6,347,1.489426612854004
2208,6,348,1.5576083660125732
2209,6,349,1.4822014570236206
2210,6,350,1.4760169982910156
2211,6,351,1.456786036491394
2212,6,352,1.4659640789031982
2213,6,353,1.4773801565170288
2214,6,354,1.4440892934799194
2215,6,355,1.4857527017593384
2216,6,356,1.483034372329712
2217,6,357,1.5769792795181274
2218,6,358,1.6346032619476318
2219,6,359,1.4494739770889282
2220,6,360,1.4580779075622559
2221,6,361,1.4755502939224243
2222,6,362,1.507367491722107
2223,6,363,1.4516701698303223
2224,6,364,1.462341547012329
2225,6,365,1.5495312213897705
2226,6,366,1.4656705856323242
2227,6,367,1.498423457145691
2228,6,368,1.440616488456726
2229,6,369,1.4649202823638916
2230,6,370,1.4603652954101562
2231,6,371,1.525994062423706
2232,6,372,1.662916660308838
2233,7,1,1.5097075700759888
2234,7,2,1.4712603092193604
2235,7,3,1.4488887786865234
2236,7,4,1.5156280994415283
2237,7,5,1.4767125844955444
2238,7,6,1.5175937414169312
2239,7,7,1.482227087020874
2240,7,8,1.524379849433899
2241,7,9,1.4608529806137085
2242,7,10,1.450426459312439
2243,7,11,1.4883520603179932
2244,7,12,1.4444050788879395
2245,7,13,1.429438591003418
2246,7,14,1.4701030254364014
2247,7,15,1.4873337745666504
2248,7,16,1.4640953540802002
2249,7,17,1.502890944480896
2250,7,18,1.50533926486969
2251,7,19,1.5118979215621948
2252,7,20,1.4957516193389893
2253,7,21,1.4483215808868408
2254,7,22,1.4324150085449219
2255,7,23,1.500440239906311
2256,7,24,1.5297805070877075
2257,7,25,1.4752709865570068
2258,7,26,1.4545639753341675
2259,7,27,1.4443480968475342
2260,7,28,1.4455764293670654
2261,7,29,1.45712149143219
2262,7,30,1.4471595287322998
2263,7,31,1.4698090553283691
2264,7,32,1.4516441822052002
2265,7,33,1.4490963220596313
2266,7,34,1.43513822555542
2267,7,35,1.4676495790481567
2268,7,36,1.4698057174682617
2269,7,37,1.4379857778549194
2270,7,38,1.486297369003296
2271,7,39,1.472618818283081
2272,7,40,1.4383156299591064
2273,7,41,1.5088001489639282
2274,7,42,1.485081434249878
2275,7,43,1.4999423027038574
2276,7,44,1.4571852684020996
2277,7,45,1.4998066425323486
2278,7,46,1.4869885444641113
2279,7,47,1.4735820293426514
2280,7,48,1.4677456617355347
2281,7,49,1.4427244663238525
2282,7,50,1.4480619430541992
2283,7,51,1.4326761960983276
2284,7,52,1.49468195438385
2285,7,53,1.449354887008667
2286,7,54,1.434189796447754
2287,7,55,1.4342106580734253
2288,7,56,1.4593278169631958
2289,7,57,1.547818899154663
2290,7,58,1.4624967575073242
2291,7,59,1.4545328617095947
2292,7,60,1.568318486213684
2293,7,61,1.4737234115600586
2294,7,62,1.4956531524658203
2295,7,63,1.5233533382415771
2296,7,64,1.456977367401123
2297,7,65,1.4565869569778442
2298,7,66,1.4437090158462524
2299,7,67,1.466484785079956
2300,7,68,1.4884077310562134
2301,7,69,1.4720196723937988
2302,7,70,1.444654941558838
2303,7,71,1.5559501647949219
2304,7,72,1.4252578020095825
2305,7,73,1.5582691431045532
2306,7,74,1.4303644895553589
2307,7,75,1.4604413509368896
2308,7,76,1.5101268291473389
2309,7,77,1.4765708446502686
2310,7,78,1.4079110622406006
2311,7,79,1.4688308238983154
2312,7,80,1.4472196102142334
2313,7,81,1.5020493268966675
2314,7,82,1.4506504535675049
2315,7,83,1.4480412006378174
2316,7,84,1.4524811506271362
2317,7,85,1.4732873439788818
2318,7,86,1.4199806451797485
2319,7,87,1.4964567422866821
2320,7,88,1.426412582397461
2321,7,89,1.4690535068511963
2322,7,90,1.4616599082946777
2323,7,91,1.4557609558105469
2324,7,92,1.496216058731079
2325,7,93,1.4709333181381226
2326,7,94,1.480029582977295
2327,7,95,1.465149164199829
2328,7,96,1.4485350847244263
2329,7,97,1.546952486038208
2330,7,98,1.435255765914917
2331,7,99,1.4726823568344116
2332,7,100,1.5069572925567627
2333,7,101,1.4392406940460205
2334,7,102,1.4260685443878174
2335,7,103,1.4446548223495483
2336,7,104,1.4451262950897217
2337,7,105,1.4966586828231812
2338,7,106,1.4419867992401123
2339,7,107,1.502352237701416
2340,7,108,1.4561903476715088
2341,7,109,1.5299314260482788
2342,7,110,1.4478156566619873
2343,7,111,1.4421043395996094
2344,7,112,1.450541615486145
2345,7,113,1.435423493385315
2346,7,114,1.4370057582855225
2347,7,115,1.4438154697418213
2348,7,116,1.462433099746704
2349,7,117,1.4964344501495361
2350,7,118,1.4292471408843994
2351,7,119,1.4275007247924805
2352,7,120,1.4582487344741821
2353,7,121,1.5708105564117432
2354,7,122,1.4255759716033936
2355,7,123,1.4576531648635864
2356,7,124,1.4658974409103394
2357,7,125,1.4144737720489502
2358,7,126,1.4659879207611084
2359,7,127,1.410869836807251
2360,7,128,1.4952744245529175
2361,7,129,1.511549711227417
2362,7,130,1.4554693698883057
2363,7,131,1.5221554040908813
2364,7,132,1.4181238412857056
2365,7,133,1.5232172012329102
2366,7,134,1.4898887872695923
2367,7,135,1.449902057647705
2368,7,136,1.4821841716766357
2369,7,137,1.4651340246200562
2370,7,138,1.4961817264556885
2371,7,139,1.4551597833633423
2372,7,140,1.4349777698516846
2373,7,141,1.4516675472259521
2374,7,142,1.4544230699539185
2375,7,143,1.4532424211502075
2376,7,144,1.4390157461166382
2377,7,145,1.442041039466858
2378,7,146,1.438936471939087
2379,7,147,1.4434152841567993
2380,7,148,1.4144127368927002
2381,7,149,1.4272007942199707
2382,7,150,1.4648187160491943
2383,7,151,1.465504765510559
2384,7,152,1.4348708391189575
2385,7,153,1.4118778705596924
2386,7,154,1.5354690551757812
2387,7,155,1.428507924079895
2388,7,156,1.4679765701293945
2389,7,157,1.4680331945419312
2390,7,158,1.4549481868743896
2391,7,159,1.4564144611358643
2392,7,160,1.4949041604995728
2393,7,161,1.4237644672393799
2394,7,162,1.4202980995178223
2395,7,163,1.4165716171264648
2396,7,164,1.4735071659088135
2397,7,165,1.4101908206939697
2398,7,166,1.4056663513183594
2399,7,167,1.3916698694229126
2400,7,168,1.455681562423706
2401,7,169,1.4953166246414185
2402,7,170,1.3907626867294312
2403,7,171,1.4237562417984009
2404,7,172,1.4339553117752075
2405,7,173,1.4597331285476685
2406,7,174,1.4117958545684814
2407,7,175,1.407697319984436
2408,7,176,1.4632959365844727
2409,7,177,1.3988137245178223
2410,7,178,1.4064022302627563
2411,7,179,1.5037126541137695
2412,7,180,1.473552942276001
2413,7,181,1.497600793838501
2414,7,182,1.449731469154358
2415,7,183,1.4276880025863647
2416,7,184,1.4447450637817383
2417,7,185,1.440592885017395
2418,7,186,1.4385594129562378
2419,7,187,1.4576327800750732
2420,7,188,1.4341405630111694
2421,7,189,1.4658229351043701
2422,7,190,1.4206242561340332
2423,7,191,1.561317801475525
2424,7,192,1.4123345613479614
2425,7,193,1.485166311264038
2426,7,194,1.4938784837722778
2427,7,195,1.3998591899871826
2428,7,196,1.429783582687378
2429,7,197,1.4104965925216675
2430,7,198,1.4327192306518555
2431,7,199,1.454667329788208
2432,7,200,1.4173130989074707
2433,7,201,1.478090524673462
2434,7,202,1.4667232036590576
2435,7,203,1.4454166889190674
2436,7,204,1.3852713108062744
2437,7,205,1.4499341249465942
2438,7,206,1.543806791305542
2439,7,207,1.3913674354553223
2440,7,208,1.4505881071090698
2441,7,209,1.4520323276519775
2442,7,210,1.4191910028457642
2443,7,211,1.3770760297775269
2444,7,212,1.4909197092056274
2445,7,213,1.448930263519287
2446,7,214,1.413733720779419
2447,7,215,1.4652109146118164
2448,7,216,1.379528284072876
2449,7,217,1.4552009105682373
2450,7,218,1.4218635559082031
2451,7,219,1.4190540313720703
2452,7,220,1.4697041511535645
2453,7,221,1.4622485637664795
2454,7,222,1.4484386444091797
2455,7,223,1.6068702936172485
2456,7,224,1.4013252258300781
2457,7,225,1.4161344766616821
2458,7,226,1.4466553926467896
2459,7,227,1.462228536605835
2460,7,228,1.4308490753173828
2461,7,229,1.4368969202041626
2462,7,230,1.4569003582000732
2463,7,231,1.370495319366455
2464,7,232,1.5332200527191162
2465,7,233,1.4017070531845093
2466,7,234,1.4190983772277832
2467,7,235,1.4762030839920044
2468,7,236,1.4412921667099
2469,7,237,1.3938080072402954
2470,7,238,1.4302819967269897
2471,7,239,1.4714863300323486
2472,7,240,1.4783068895339966
2473,7,241,1.6049137115478516
2474,7,242,1.470312476158142
2475,7,243,1.4008361101150513
2476,7,244,1.4335378408432007
2477,7,245,1.4436604976654053
2478,7,246,1.4156512022018433
2479,7,247,1.4240007400512695
2480,7,248,1.399169683456421
2481,7,249,1.400070071220398
2482,7,250,1.4531160593032837
2483,7,251,1.3772118091583252
2484,7,252,1.4006826877593994
2485,7,253,1.472280740737915
2486,7,254,1.4101732969284058
2487,7,255,1.391710877418518
2488,7,256,1.439693570137024
2489,7,257,1.4508670568466187
2490,7,258,1.3565704822540283
2491,7,259,1.38865327835083
2492,7,260,1.434058427810669
2493,7,261,1.5098953247070312
2494,7,262,1.4267981052398682
2495,7,263,1.446484923362732
2496,7,264,1.5103368759155273
2497,7,265,1.3860373497009277
2498,7,266,1.3799431324005127
2499,7,267,1.471540093421936
2500,7,268,1.5173181295394897
2501,7,269,1.4519168138504028
2502,7,270,1.4056601524353027
2503,7,271,1.4516884088516235
2504,7,272,1.4209462404251099
2505,7,273,1.380200743675232
2506,7,274,1.4859998226165771
2507,7,275,1.421291470527649
2508,7,276,1.4377868175506592
2509,7,277,1.435878038406372
2510,7,278,1.388195276260376
2511,7,279,1.3993570804595947
2512,7,280,1.3822124004364014
2513,7,281,1.4478816986083984
2514,7,282,1.3935043811798096
2515,7,283,1.3786064386367798
2516,7,284,1.4023818969726562
2517,7,285,1.406747579574585
2518,7,286,1.3901160955429077
2519,7,287,1.4775230884552002
2520,7,288,1.420263648033142
2521,7,289,1.4164788722991943
2522,7,290,1.459859013557434
2523,7,291,1.380950927734375
2524,7,292,1.4356536865234375
2525,7,293,1.4555561542510986
2526,7,294,1.5056812763214111
2527,7,295,1.4365428686141968
2528,7,296,1.4232044219970703
2529,7,297,1.481128454208374
2530,7,298,1.4348974227905273
2531,7,299,1.3835489749908447
2532,7,300,1.393481969833374
2533,7,301,1.4546741247177124
2534,7,302,1.363051414489746
2535,7,303,1.3843225240707397
2536,7,304,1.3518164157867432
2537,7,305,1.3767333030700684
2538,7,306,1.368553876876831
2539,7,307,1.468711018562317
2540,7,308,1.4025288820266724
2541,7,309,1.3865983486175537
2542,7,310,1.441775918006897
2543,7,311,1.3572239875793457
2544,7,312,1.4850225448608398
2545,7,313,1.4469406604766846
2546,7,314,1.4313093423843384
2547,7,315,1.3781886100769043
2548,7,316,1.496166706085205
2549,7,317,1.4397553205490112
2550,7,318,1.4322218894958496
2551,7,319,1.3773696422576904
2552,7,320,1.3861676454544067
2553,7,321,1.356462836265564
2554,7,322,1.415800929069519
2555,7,323,1.4013111591339111
2556,7,324,1.4442483186721802
2557,7,325,1.4067133665084839
2558,7,326,1.4581820964813232
2559,7,327,1.447758674621582
2560,7,328,1.4483110904693604
2561,7,329,1.3914244174957275
2562,7,330,1.3999459743499756
2563,7,331,1.3934305906295776
2564,7,332,1.5052917003631592
2565,7,333,1.4458484649658203
2566,7,334,1.4578348398208618
2567,7,335,1.4195139408111572
2568,7,336,1.4104468822479248
2569,7,337,1.4411799907684326
2570,7,338,1.3814585208892822
2571,7,339,1.4101239442825317
2572,7,340,1.394310474395752
2573,7,341,1.3744407892227173
2574,7,342,1.4328290224075317
2575,7,343,1.4515385627746582
2576,7,344,1.4003047943115234
2577,7,345,1.409006953239441
2578,7,346,1.361804723739624
2579,7,347,1.445969581604004
2580,7,348,1.3501503467559814
2581,7,349,1.4118596315383911
2582,7,350,1.3850890398025513
2583,7,351,1.4052248001098633
2584,7,352,1.4106552600860596
2585,7,353,1.4969630241394043
2586,7,354,1.4112765789031982
2587,7,355,1.4009333848953247
2588,7,356,1.4417743682861328
2589,7,357,1.3851779699325562
2590,7,358,1.5064162015914917
2591,7,359,1.4039376974105835
2592,7,360,1.5877397060394287
2593,7,361,1.413497805595398
2594,7,362,1.3559682369232178
2595,7,363,1.4005275964736938
2596,7,364,1.3948957920074463
2597,7,365,1.3727349042892456
2598,7,366,1.4992576837539673
2599,7,367,1.4227955341339111
2600,7,368,1.3763954639434814
2601,7,369,1.4298721551895142
2602,7,370,1.397613763809204
2603,7,371,1.4292700290679932
2604,7,372,1.5688527822494507
2605,8,1,1.397904396057129
2606,8,2,1.4206303358078003
2607,8,3,1.4107065200805664
2608,8,4,1.397186517715454
2609,8,5,1.3747813701629639
2610,8,6,1.3937089443206787
2611,8,7,1.3513553142547607
2612,8,8,1.4962767362594604
2613,8,9,1.3601386547088623
2614,8,10,1.4442024230957031
2615,8,11,1.3553168773651123
2616,8,12,1.41455078125
2617,8,13,1.4959509372711182
2618,8,14,1.4143396615982056
2619,8,15,1.5105339288711548
2620,8,16,1.3639404773712158
2621,8,17,1.390434741973877
2622,8,18,1.3371179103851318
2623,8,19,1.4170706272125244
2624,8,20,1.3652708530426025
2625,8,21,1.4348654747009277
2626,8,22,1.3882594108581543
2627,8,23,1.4118406772613525
2628,8,24,1.4005030393600464
2629,8,25,1.3609927892684937
2630,8,26,1.367250680923462
2631,8,27,1.3703275918960571
2632,8,28,1.3614237308502197
2633,8,29,1.3491123914718628
2634,8,30,1.4070695638656616
2635,8,31,1.3913958072662354
2636,8,32,1.3812639713287354
2637,8,33,1.5364835262298584
2638,8,34,1.3262879848480225
2639,8,35,1.3755314350128174
2640,8,36,1.416410207748413
2641,8,37,1.4822847843170166
2642,8,38,1.3955039978027344
2643,8,39,1.3775570392608643
2644,8,40,1.3540661334991455
2645,8,41,1.366368293762207
2646,8,42,1.3990530967712402
2647,8,43,1.4887171983718872
2648,8,44,1.347544550895691
2649,8,45,1.3007397651672363
2650,8,46,1.4657288789749146
2651,8,47,1.3977845907211304
2652,8,48,1.3759502172470093
2653,8,49,1.3919295072555542
2654,8,50,1.4524943828582764
2655,8,51,1.425327181816101
2656,8,52,1.4295858144760132
2657,8,53,1.404369592666626
2658,8,54,1.4582477807998657
2659,8,55,1.3752416372299194
2660,8,56,1.4460856914520264
2661,8,57,1.3548099994659424
2662,8,58,1.353407859802246
2663,8,59,1.4010202884674072
2664,8,60,1.4048993587493896
2665,8,61,1.3708810806274414
2666,8,62,1.3470772504806519
2667,8,63,1.4244436025619507
2668,8,64,1.411254644393921
2669,8,65,1.4136996269226074
2670,8,66,1.3949308395385742
2671,8,67,1.4028576612472534
2672,8,68,1.36149001121521
2673,8,69,1.3653045892715454
2674,8,70,1.428153395652771
2675,8,71,1.4016025066375732
2676,8,72,1.3356444835662842
2677,8,73,1.3796488046646118
2678,8,74,1.3595064878463745
2679,8,75,1.3368096351623535
2680,8,76,1.3577301502227783
2681,8,77,1.3828907012939453
2682,8,78,1.3507745265960693
2683,8,79,1.456723690032959
2684,8,80,1.4017527103424072
2685,8,81,1.3773068189620972
2686,8,82,1.3721691370010376
2687,8,83,1.4375395774841309
2688,8,84,1.3789124488830566
2689,8,85,1.3818027973175049
2690,8,86,1.3791192770004272
2691,8,87,1.3538588285446167
2692,8,88,1.339276671409607
2693,8,89,1.379185676574707
2694,8,90,1.3614132404327393
2695,8,91,1.3720695972442627
2696,8,92,1.356526255607605
2697,8,93,1.31855046749115
2698,8,94,1.3532058000564575
2699,8,95,1.3389337062835693
2700,8,96,1.3427038192749023
2701,8,97,1.410137414932251
2702,8,98,1.3414685726165771
2703,8,99,1.3361923694610596
2704,8,100,1.4256144762039185
2705,8,101,1.3633277416229248
2706,8,102,1.316385269165039
2707,8,103,1.3238592147827148
2708,8,104,1.3214528560638428
2709,8,105,1.3870503902435303
2710,8,106,1.3509830236434937
2711,8,107,1.388880968093872
2712,8,108,1.3887385129928589
2713,8,109,1.3728301525115967
2714,8,110,1.3848607540130615
2715,8,111,1.4316208362579346
2716,8,112,1.3446563482284546
2717,8,113,1.3930646181106567
2718,8,114,1.3340579271316528
2719,8,115,1.4311317205429077
2720,8,116,1.5113838911056519
2721,8,117,1.4338244199752808
2722,8,118,1.3818399906158447
2723,8,119,1.3520307540893555
2724,8,120,1.4153858423233032
2725,8,121,1.3447117805480957
2726,8,122,1.376689076423645
2727,8,123,1.3182971477508545
2728,8,124,1.4028174877166748
2729,8,125,1.364072561264038
2730,8,126,1.3449174165725708
2731,8,127,1.3650805950164795
2732,8,128,1.3112647533416748
2733,8,129,1.3978159427642822
2734,8,130,1.329535961151123
2735,8,131,1.3485081195831299
2736,8,132,1.399103045463562
2737,8,133,1.37604558467865
2738,8,134,1.3176257610321045
2739,8,135,1.3398935794830322
2740,8,136,1.3772830963134766
2741,8,137,1.349675178527832
2742,8,138,1.3226383924484253
2743,8,139,1.3460848331451416
2744,8,140,1.348926305770874
2745,8,141,1.3772947788238525
2746,8,142,1.347741723060608
2747,8,143,1.3927043676376343
2748,8,144,1.349094033241272
2749,8,145,1.4235632419586182
2750,8,146,1.3880541324615479
2751,8,147,1.3491919040679932
2752,8,148,1.371464490890503
2753,8,149,1.3639084100723267
2754,8,150,1.3517857789993286
2755,8,151,1.3423349857330322
2756,8,152,1.3647528886795044
2757,8,153,1.4410006999969482
2758,8,154,1.3040292263031006
2759,8,155,1.3155735731124878
2760,8,156,1.3846355676651
2761,8,157,1.3483154773712158
2762,8,158,1.3455760478973389
2763,8,159,1.323801040649414
2764,8,160,1.4105993509292603
2765,8,161,1.4028079509735107
2766,8,162,1.3343497514724731
2767,8,163,1.3468526601791382
2768,8,164,1.385327696800232
2769,8,165,1.353025197982788
2770,8,166,1.3665766716003418
2771,8,167,1.3331722021102905
2772,8,168,1.3783721923828125
2773,8,169,1.3344175815582275
2774,8,170,1.33621084690094
2775,8,171,1.355319619178772
2776,8,172,1.4347646236419678
2777,8,173,1.4114952087402344
2778,8,174,1.3143848180770874
2779,8,175,1.3371063470840454
2780,8,176,1.3747799396514893
2781,8,177,1.3864777088165283
2782,8,178,1.349806547164917
2783,8,179,1.385646104812622
2784,8,180,1.347683072090149
2785,8,181,1.4144296646118164
2786,8,182,1.32671058177948
2787,8,183,1.2845008373260498
2788,8,184,1.3356026411056519
2789,8,185,1.4004096984863281
2790,8,186,1.3631224632263184
2791,8,187,1.3659039735794067
2792,8,188,1.5245580673217773
2793,8,189,1.3780062198638916
2794,8,190,1.3384426832199097
2795,8,191,1.351214051246643
2796,8,192,1.383551001548767
2797,8,193,1.3255841732025146
2798,8,194,1.3325949907302856
2799,8,195,1.342010259628296
2800,8,196,1.3864269256591797
2801,8,197,1.346369743347168
2802,8,198,1.3695523738861084
2803,8,199,1.3574655055999756
2804,8,200,1.3588125705718994
2805,8,201,1.3628696203231812
2806,8,202,1.343004822731018
2807,8,203,1.4259350299835205
2808,8,204,1.4480832815170288
2809,8,205,1.3311303853988647
2810,8,206,1.3974997997283936
2811,8,207,1.4812090396881104
2812,8,208,1.347399353981018
2813,8,209,1.3521392345428467
2814,8,210,1.3770039081573486
2815,8,211,1.328336477279663
2816,8,212,1.328012466430664
2817,8,213,1.4176013469696045
2818,8,214,1.3650375604629517
2819,8,215,1.3700618743896484
2820,8,216,1.3715331554412842
2821,8,217,1.3323678970336914
2822,8,218,1.3342020511627197
2823,8,219,1.3228141069412231
2824,8,220,1.3649412393569946
2825,8,221,1.3121918439865112
2826,8,222,1.3342058658599854
2827,8,223,1.3030059337615967
2828,8,224,1.3439058065414429
2829,8,225,1.3340314626693726
2830,8,226,1.3499650955200195
2831,8,227,1.3373690843582153
2832,8,228,1.340130090713501
2833,8,229,1.3715910911560059
2834,8,230,1.348937749862671
2835,8,231,1.362263560295105
2836,8,232,1.375382661819458
2837,8,233,1.3188064098358154
2838,8,234,1.3801172971725464
2839,8,235,1.3551377058029175
2840,8,236,1.309424877166748
2841,8,237,1.3567554950714111
2842,8,238,1.3873475790023804
2843,8,239,1.3953983783721924
2844,8,240,1.3642873764038086
2845,8,241,1.3387739658355713
2846,8,242,1.3580360412597656
2847,8,243,1.2842485904693604
2848,8,244,1.360905408859253
2849,8,245,1.3348976373672485
2850,8,246,1.4886014461517334
2851,8,247,1.3307175636291504
2852,8,248,1.3254890441894531
2853,8,249,1.3384016752243042
2854,8,250,1.3773443698883057
2855,8,251,1.3188560009002686
2856,8,252,1.3555693626403809
2857,8,253,1.3552032709121704
2858,8,254,1.3290903568267822
2859,8,255,1.3376796245574951
2860,8,256,1.3461793661117554
2861,8,257,1.3203703165054321
2862,8,258,1.3217920064926147
2863,8,259,1.3089871406555176
2864,8,260,1.3481035232543945
2865,8,261,1.3332536220550537
2866,8,262,1.421910047531128
2867,8,263,1.2888695001602173
2868,8,264,1.3097693920135498
2869,8,265,1.4005763530731201
2870,8,266,1.3753821849822998
2871,8,267,1.335411548614502
2872,8,268,1.331408977508545
2873,8,269,1.3011947870254517
2874,8,270,1.3303639888763428
2875,8,271,1.330120325088501
2876,8,272,1.3689497709274292
2877,8,273,1.3501781225204468
2878,8,274,1.3620057106018066
2879,8,275,1.3094923496246338
2880,8,276,1.2864421606063843
2881,8,277,1.3139792680740356
2882,8,278,1.3848110437393188
2883,8,279,1.2874410152435303
2884,8,280,1.283574104309082
2885,8,281,1.3213822841644287
2886,8,282,1.3247371912002563
2887,8,283,1.3533132076263428
2888,8,284,1.3700803518295288
2889,8,285,1.3744778633117676
2890,8,286,1.3045803308486938
2891,8,287,1.29006028175354
2892,8,288,1.3466421365737915
2893,8,289,1.3519333600997925
2894,8,290,1.3520318269729614
2895,8,291,1.2798595428466797
2896,8,292,1.3745269775390625
2897,8,293,1.3242335319519043
2898,8,294,1.2892889976501465
2899,8,295,1.2835891246795654
2900,8,296,1.3713634014129639
2901,8,297,1.313685417175293
2902,8,298,1.3250596523284912
2903,8,299,1.3287725448608398
2904,8,300,1.289693832397461
2905,8,301,1.33899986743927
2906,8,302,1.3158633708953857
2907,8,303,1.3753790855407715
2908,8,304,1.355566382408142
2909,8,305,1.3146518468856812
2910,8,306,1.2788962125778198
2911,8,307,1.2570180892944336
2912,8,308,1.3525911569595337
2913,8,309,1.3837717771530151
2914,8,310,1.3177835941314697
2915,8,311,1.3296087980270386
2916,8,312,1.3361992835998535
2917,8,313,1.284256100654602
2918,8,314,1.3173949718475342
2919,8,315,1.3682368993759155
2920,8,316,1.2780029773712158
2921,8,317,1.3701372146606445
2922,8,318,1.3442445993423462
2923,8,319,1.314156413078308
2924,8,320,1.2892940044403076
2925,8,321,1.326229453086853
2926,8,322,1.363365888595581
2927,8,323,1.2831124067306519
2928,8,324,1.3369190692901611
2929,8,325,1.2726185321807861
2930,8,326,1.3059685230255127
2931,8,327,1.3209694623947144
2932,8,328,1.2436091899871826
2933,8,329,1.3877546787261963
2934,8,330,1.3881350755691528
2935,8,331,1.280427098274231
2936,8,332,1.336442232131958
2937,8,333,1.354670763015747
2938,8,334,1.2641992568969727
2939,8,335,1.4492878913879395
2940,8,336,1.3772696256637573
2941,8,337,1.461137056350708
2942,8,338,1.3370306491851807
2943,8,339,1.26671302318573
2944,8,340,1.346208930015564
2945,8,341,1.335336685180664
2946,8,342,1.3230717182159424
2947,8,343,1.2880300283432007
2948,8,344,1.4181452989578247
2949,8,345,1.3068574666976929
2950,8,346,1.349196195602417
2951,8,347,1.338115930557251
2952,8,348,1.307215690612793
2953,8,349,1.2683851718902588
2954,8,350,1.265795350074768
2955,8,351,1.287274718284607
2956,8,352,1.2954412698745728
2957,8,353,1.3166038990020752
2958,8,354,1.301222801208496
2959,8,355,1.299441933631897
2960,8,356,1.2883542776107788
2961,8,357,1.3517299890518188
2962,8,358,1.391218900680542
2963,8,359,1.35722815990448
2964,8,360,1.3126615285873413
2965,8,361,1.2618821859359741
2966,8,362,1.2957878112792969
2967,8,363,1.3269903659820557
2968,8,364,1.297210931777954
2969,8,365,1.3533586263656616
2970,8,366,1.3389147520065308
2971,8,367,1.2953271865844727
2972,8,368,1.3106688261032104
2973,8,369,1.291129231452942
2974,8,370,1.3089525699615479
2975,8,371,1.3919761180877686
2976,8,372,1.294695496559143
2977,9,1,1.2902076244354248
2978,9,2,1.3212281465530396
2979,9,3,1.347005009651184
2980,9,4,1.3463577032089233
2981,9,5,1.2942873239517212
2982,9,6,1.262948751449585
2983,9,7,1.3236844539642334
2984,9,8,1.2856453657150269
2985,9,9,1.2944035530090332
2986,9,10,1.2839992046356201
2987,9,11,1.3888722658157349
2988,9,12,1.3211454153060913
2989,9,13,1.2912309169769287
2990,9,14,1.266784429550171
2991,9,15,1.3379697799682617
2992,9,16,1.3565304279327393
2993,9,17,1.2616688013076782
2994,9,18,1.33024001121521
2995,9,19,1.318806767463684
2996,9,20,1.2746760845184326
2997,9,21,1.2710835933685303
2998,9,22,1.311521053314209
2999,9,23,1.3229378461837769
3000,9,24,1.2529205083847046
3001,9,25,1.3337293863296509
3002,9,26,1.30281400680542
3003,9,27,1.2658299207687378
3004,9,28,1.3089014291763306
3005,9,29,1.334475040435791
3006,9,30,1.321795105934143
3007,9,31,1.2991392612457275
3008,9,32,1.2758495807647705
3009,9,33,1.3068640232086182
3010,9,34,1.2916667461395264
3011,9,35,1.3175994157791138
3012,9,36,1.3926889896392822
3013,9,37,1.2896735668182373
3014,9,38,1.3208749294281006
3015,9,39,1.3280575275421143
3016,9,40,1.3016620874404907
3017,9,41,1.313166856765747
3018,9,42,1.2888339757919312
3019,9,43,1.30716872215271
3020,9,44,1.2641290426254272
3021,9,45,1.3665895462036133
3022,9,46,1.3012187480926514
3023,9,47,1.3114087581634521
3024,9,48,1.3152159452438354
3025,9,49,1.2682315111160278
3026,9,50,1.2501646280288696
3027,9,51,1.3436853885650635
3028,9,52,1.2811986207962036
3029,9,53,1.2956292629241943
3030,9,54,1.3197044134140015
3031,9,55,1.2879937887191772
3032,9,56,1.2994396686553955
3033,9,57,1.2354234457015991
3034,9,58,1.2554525136947632
3035,9,59,1.2908389568328857
3036,9,60,1.3311386108398438
3037,9,61,1.2968311309814453
3038,9,62,1.2838205099105835
3039,9,63,1.2844634056091309
3040,9,64,1.3201069831848145
3041,9,65,1.2602344751358032
3042,9,66,1.3966954946517944
3043,9,67,1.3000314235687256
3044,9,68,1.299773097038269
3045,9,69,1.2883657217025757
3046,9,70,1.2858988046646118
3047,9,71,1.2621036767959595
3048,9,72,1.2849153280258179
3049,9,73,1.2682325839996338
3050,9,74,1.330243468284607
3051,9,75,1.2985787391662598
3052,9,76,1.2940603494644165
3053,9,77,1.3273894786834717
3054,9,78,1.259352445602417
3055,9,79,1.3326818943023682
3056,9,80,1.2840665578842163
3057,9,81,1.2917615175247192
3058,9,82,1.3277556896209717
3059,9,83,1.2567739486694336
3060,9,84,1.3366549015045166
3061,9,85,1.3431761264801025
3062,9,86,1.2763302326202393
3063,9,87,1.2939610481262207
3064,9,88,1.2879412174224854
3065,9,89,1.2911258935928345
3066,9,90,1.3015007972717285
3067,9,91,1.3339341878890991
3068,9,92,1.251092553138733
3069,9,93,1.3050320148468018
3070,9,94,1.2822902202606201
3071,9,95,1.2801382541656494
3072,9,96,1.3165594339370728
3073,9,97,1.2950843572616577
3074,9,98,1.2918429374694824
3075,9,99,1.3032134771347046
3076,9,100,1.305514931678772
3077,9,101,1.3186160326004028
3078,9,102,1.2681907415390015
3079,9,103,1.2659519910812378
3080,9,104,1.2601728439331055
3081,9,105,1.3445041179656982
3082,9,106,1.2631092071533203
3083,9,107,1.2597930431365967
3084,9,108,1.273987054824829
3085,9,109,1.238898515701294
3086,9,110,1.341103196144104
3087,9,111,1.2564616203308105
3088,9,112,1.2768548727035522
3089,9,113,1.26284658908844
3090,9,114,1.2507203817367554
3091,9,115,1.3344403505325317
3092,9,116,1.2271467447280884
3093,9,117,1.28835129737854
3094,9,118,1.3197206258773804
3095,9,119,1.2847703695297241
3096,9,120,1.2527447938919067
3097,9,121,1.2628066539764404
3098,9,122,1.318824291229248
3099,9,123,1.4282983541488647
3100,9,124,1.301857590675354
3101,9,125,1.2216880321502686
3102,9,126,1.2699207067489624
3103,9,127,1.3006483316421509
3104,9,128,1.3205207586288452
3105,9,129,1.308747410774231
3106,9,130,1.257678508758545
3107,9,131,1.2392874956130981
3108,9,132,1.3462164402008057
3109,9,133,1.2676459550857544
3110,9,134,1.3624314069747925
3111,9,135,1.5819289684295654
3112,9,136,1.2455031871795654
3113,9,137,1.2937099933624268
3114,9,138,1.2859532833099365
3115,9,139,1.2447509765625
3116,9,140,1.3203908205032349
3117,9,141,1.2944881916046143
3118,9,142,1.3085448741912842
3119,9,143,1.3067724704742432
3120,9,144,1.265610694885254
3121,9,145,1.3083676099777222
3122,9,146,1.3234760761260986
3123,9,147,1.240630030632019
3124,9,148,1.302301049232483
3125,9,149,1.2884750366210938
3126,9,150,1.3176641464233398
3127,9,151,1.2461655139923096
3128,9,152,1.2867246866226196
3129,9,153,1.3108642101287842
3130,9,154,1.245259165763855
3131,9,155,1.277435541152954
3132,9,156,1.2660696506500244
3133,9,157,1.3548214435577393
3134,9,158,1.2560241222381592
3135,9,159,1.2867192029953003
3136,9,160,1.2201181650161743
3137,9,161,1.2587229013442993
3138,9,162,1.3986492156982422
3139,9,163,1.2583049535751343
3140,9,164,1.2769345045089722
3141,9,165,1.2652873992919922
3142,9,166,1.3705066442489624
3143,9,167,1.3545459508895874
3144,9,168,1.4112603664398193
3145,9,169,1.2493276596069336
3146,9,170,1.2167723178863525
3147,9,171,1.203768253326416
3148,9,172,1.2507649660110474
3149,9,173,1.3234364986419678
3150,9,174,1.293506145477295
3151,9,175,1.248692274093628
3152,9,176,1.2230250835418701
3153,9,177,1.3148045539855957
3154,9,178,1.285146951675415
3155,9,179,1.2524875402450562
3156,9,180,1.2745335102081299
3157,9,181,1.3020298480987549
3158,9,182,1.2411587238311768
3159,9,183,1.306716799736023
3160,9,184,1.2442715167999268
3161,9,185,1.2414554357528687
3162,9,186,1.271605372428894
3163,9,187,1.2982866764068604
3164,9,188,1.3089650869369507
3165,9,189,1.3946071863174438
3166,9,190,1.2839617729187012
3167,9,191,1.315183162689209
3168,9,192,1.2299811840057373
3169,9,193,1.2713741064071655
3170,9,194,1.3231030702590942
3171,9,195,1.2875537872314453
3172,9,196,1.218283772468567
3173,9,197,1.2675100564956665
3174,9,198,1.2536251544952393
3175,9,199,1.297281265258789
3176,9,200,1.310954213142395
3177,9,201,1.2798819541931152
3178,9,202,1.2622954845428467
3179,9,203,1.2294580936431885
3180,9,204,1.2032898664474487
3181,9,205,1.2629961967468262
3182,9,206,1.2366018295288086
3183,9,207,1.2354360818862915
3184,9,208,1.2201236486434937
3185,9,209,1.2578129768371582
3186,9,210,1.2749255895614624
3187,9,211,1.2450369596481323
3188,9,212,1.4201246500015259
3189,9,213,1.2630548477172852
3190,9,214,1.2565513849258423
3191,9,215,1.2493952512741089
3192,9,216,1.277072548866272
3193,9,217,1.3045523166656494
3194,9,218,1.2778345346450806
3195,9,219,1.2728617191314697
3196,9,220,1.3087847232818604
3197,9,221,1.2360107898712158
3198,9,222,1.267909049987793
3199,9,223,1.2571488618850708
3200,9,224,1.2320729494094849
3201,9,225,1.2464606761932373
3202,9,226,1.3117954730987549
3203,9,227,1.313880205154419
3204,9,228,1.2547752857208252
3205,9,229,1.3148581981658936
3206,9,230,1.2764313220977783
3207,9,231,1.2394397258758545
3208,9,232,1.2371845245361328
3209,9,233,1.2721935510635376
3210,9,234,1.2655513286590576
3211,9,235,1.2766594886779785
3212,9,236,1.2716059684753418
3213,9,237,1.322333574295044
3214,9,238,1.2642520666122437
3215,9,239,1.2126562595367432
3216,9,240,1.2879990339279175
3217,9,241,1.2422235012054443
3218,9,242,1.3649169206619263
3219,9,243,1.2837530374526978
3220,9,244,1.1755199432373047
3221,9,245,1.258704423904419
3222,9,246,1.2678277492523193
3223,9,247,1.2771183252334595
3224,9,248,1.2118393182754517
3225,9,249,1.1996690034866333
3226,9,250,1.2457642555236816
3227,9,251,1.2240420579910278
3228,9,252,1.2608249187469482
3229,9,253,1.2245601415634155
3230,9,254,1.2653402090072632
3231,9,255,1.203443169593811
3232,9,256,1.2716082334518433
3233,9,257,1.293157935142517
3234,9,258,1.2417622804641724
3235,9,259,1.2795902490615845
3236,9,260,1.2582451105117798
3237,9,261,1.2454009056091309
3238,9,262,1.2382391691207886
3239,9,263,1.2338751554489136
3240,9,264,1.349361777305603
3241,9,265,1.2940608263015747
3242,9,266,1.2863402366638184
3243,9,267,1.2629739046096802
3244,9,268,1.3719264268875122
3245,9,269,1.2311967611312866
3246,9,270,1.2346880435943604
3247,9,271,1.2599809169769287
3248,9,272,1.3146378993988037
3249,9,273,1.2592065334320068
3250,9,274,1.3585816621780396
3251,9,275,1.2818872928619385
3252,9,276,1.2578785419464111
3253,9,277,1.2963165044784546
3254,9,278,1.219020962715149
3255,9,279,1.2533694505691528
3256,9,280,1.2542794942855835
3257,9,281,1.2437362670898438
3258,9,282,1.2633997201919556
3259,9,283,1.2292683124542236
3260,9,284,1.3029706478118896
3261,9,285,1.3606940507888794
3262,9,286,1.2807066440582275
3263,9,287,1.2517993450164795
3264,9,288,1.2323051691055298
3265,9,289,1.302405834197998
3266,9,290,1.2466917037963867
3267,9,291,1.290034532546997
3268,9,292,1.2582789659500122
3269,9,293,1.2521404027938843
3270,9,294,1.211403727531433
3271,9,295,1.2157127857208252
3272,9,296,1.343646764755249
3273,9,297,1.2380812168121338
3274,9,298,1.270397424697876
3275,9,299,1.265917420387268
3276,9,300,1.3105175495147705
3277,9,301,1.2039254903793335
3278,9,302,1.2239290475845337
3279,9,303,1.2768423557281494
3280,9,304,1.247999906539917
3281,9,305,1.3068335056304932
3282,9,306,1.2276474237442017
3283,9,307,1.2592816352844238
3284,9,308,1.2355263233184814
3285,9,309,1.4227830171585083
3286,9,310,1.2569751739501953
3287,9,311,1.28108811378479
3288,9,312,1.3044214248657227
3289,9,313,1.2781198024749756
3290,9,314,1.2836347818374634
3291,9,315,1.2262189388275146
3292,9,316,1.2318331003189087
3293,9,317,1.254140019416809
3294,9,318,1.2578641176223755
3295,9,319,1.275246500968933
3296,9,320,1.2568047046661377
3297,9,321,1.2591346502304077
3298,9,322,1.2447664737701416
3299,9,323,1.243094563484192
3300,9,324,1.226325273513794
3301,9,325,1.195793628692627
3302,9,326,1.2245063781738281
3303,9,327,1.2097578048706055
3304,9,328,1.1661301851272583
3305,9,329,1.2549552917480469
3306,9,330,1.27073073387146
3307,9,331,1.292030692100525
3308,9,332,1.2324602603912354
3309,9,333,1.2391207218170166
3310,9,334,1.3787859678268433
3311,9,335,1.21608567237854
3312,9,336,1.2118812799453735
3313,9,337,1.2094593048095703
3314,9,338,1.3062881231307983
3315,9,339,1.2800308465957642
3316,9,340,1.2246209383010864
3317,9,341,1.254288911819458
3318,9,342,1.2500354051589966
3319,9,343,1.2494322061538696
3320,9,344,1.2565805912017822
3321,9,345,1.2128605842590332
3322,9,346,1.3759305477142334
3323,9,347,1.2493175268173218
3324,9,348,1.259990930557251
3325,9,349,1.1865994930267334
3326,9,350,1.2296833992004395
3327,9,351,1.2240891456604004
3328,9,352,1.2687389850616455
3329,9,353,1.2405399084091187
3330,9,354,1.2190351486206055
3331,9,355,1.3159260749816895
3332,9,356,1.2477723360061646
3333,9,357,1.245063066482544
3334,9,358,1.199325680732727
3335,9,359,1.294215202331543
3336,9,360,1.2317464351654053
3337,9,361,1.2467668056488037
3338,9,362,1.19888174533844
3339,9,363,1.221345067024231
3340,9,364,1.202998399734497
3341,9,365,1.2002283334732056
3342,9,366,1.2451746463775635
3343,9,367,1.2368499040603638
3344,9,368,1.2373082637786865
3345,9,369,1.2844377756118774
3346,9,370,1.2914488315582275
3347,9,371,1.2361986637115479
3348,9,372,1.259476900100708
3349,10,1,1.2491211891174316
3350,10,2,1.2444419860839844
3351,10,3,1.2851470708847046
3352,10,4,1.236204981803894
3353,10,5,1.1879374980926514
3354,10,6,1.377568006515503
3355,10,7,1.2250970602035522
3356,10,8,1.2061042785644531
3357,10,9,1.2167459726333618
3358,10,10,1.1721723079681396
3359,10,11,1.2077000141143799
3360,10,12,1.2220804691314697
3361,10,13,1.1862564086914062
3362,10,14,1.21733558177948
3363,10,15,1.2197571992874146
3364,10,16,1.2337608337402344
3365,10,17,1.2159106731414795
3366,10,18,1.2660109996795654
3367,10,19,1.2051993608474731
3368,10,20,1.2695090770721436
3369,10,21,1.192453384399414
3370,10,22,1.2565383911132812
3371,10,23,1.215193748474121
3372,10,24,1.2215850353240967
3373,10,25,1.2211626768112183
3374,10,26,1.2975633144378662
3375,10,27,1.2488126754760742
3376,10,28,1.2329182624816895
3377,10,29,1.2396655082702637
3378,10,30,1.2435436248779297
3379,10,31,1.2441855669021606
3380,10,32,1.2276179790496826
3381,10,33,1.24759840965271
3382,10,34,1.211434006690979
3383,10,35,1.2063257694244385
3384,10,36,1.210659384727478
3385,10,37,1.19219970703125
3386,10,38,1.2349578142166138
3387,10,39,1.1947567462921143
3388,10,40,1.3100517988204956
3389,10,41,1.221823811531067
3390,10,42,1.2150509357452393
3391,10,43,1.2697045803070068
3392,10,44,1.1812134981155396
3393,10,45,1.2361843585968018
3394,10,46,1.2258989810943604
3395,10,47,1.2378162145614624
3396,10,48,1.202477216720581
3397,10,49,1.2319824695587158
3398,10,50,1.275132417678833
3399,10,51,1.2594749927520752
3400,10,52,1.2466518878936768
3401,10,53,1.2080357074737549
3402,10,54,1.2145318984985352
3403,10,55,1.2294867038726807
3404,10,56,1.1859090328216553
3405,10,57,1.215104103088379
3406,10,58,1.190711259841919
3407,10,59,1.2189594507217407
3408,10,60,1.2576022148132324
3409,10,61,1.2573140859603882
3410,10,62,1.2939733266830444
3411,10,63,1.2998478412628174
3412,10,64,1.2125765085220337
3413,10,65,1.2934300899505615
3414,10,66,1.197097659111023
3415,10,67,1.2021163702011108
3416,10,68,1.1742247343063354
3417,10,69,1.1951277256011963
3418,10,70,1.2083817720413208
3419,10,71,1.2267115116119385
3420,10,72,1.2106616497039795
3421,10,73,1.2216472625732422
3422,10,74,1.3957782983779907
3423,10,75,1.1888208389282227
3424,10,76,1.1912877559661865
3425,10,77,1.1934750080108643
3426,10,78,1.1939929723739624
3427,10,79,1.215798020362854
3428,10,80,1.2243001461029053
3429,10,81,1.2133718729019165
3430,10,82,1.2464210987091064
3431,10,83,1.248870611190796
3432,10,84,1.189308762550354
3433,10,85,1.1855790615081787
3434,10,86,1.18907630443573
3435,10,87,1.1581097841262817
3436,10,88,1.2504761219024658
3437,10,89,1.1839888095855713
3438,10,90,1.2335841655731201
3439,10,91,1.2135586738586426
3440,10,92,1.170989990234375
3441,10,93,1.180371642112732
3442,10,94,1.215008020401001
3443,10,95,1.2128126621246338
3444,10,96,1.177647590637207
3445,10,97,1.269095778465271
3446,10,98,1.213824987411499
3447,10,99,1.1813689470291138
3448,10,100,1.151792287826538
3449,10,101,1.2628448009490967
3450,10,102,1.2460002899169922
3451,10,103,1.2455213069915771
3452,10,104,1.2053067684173584
3453,10,105,1.1706947088241577
3454,10,106,1.168764352798462
3455,10,107,1.2100013494491577
3456,10,108,1.1692101955413818
3457,10,109,1.213258981704712
3458,10,110,1.2151738405227661
3459,10,111,1.288670301437378
3460,10,112,1.2058870792388916
3461,10,113,1.1799870729446411
3462,10,114,1.2641117572784424
3463,10,115,1.2094796895980835
3464,10,116,1.2607311010360718
3465,10,117,1.2170794010162354
3466,10,118,1.2203891277313232
3467,10,119,1.1333094835281372
3468,10,120,1.2216577529907227
3469,10,121,1.2046449184417725
3470,10,122,1.193373203277588
3471,10,123,1.2203317880630493
3472,10,124,1.235539436340332
3473,10,125,1.1816331148147583
3474,10,126,1.2427574396133423
3475,10,127,1.1987266540527344
3476,10,128,1.2030036449432373
3477,10,129,1.1616421937942505
3478,10,130,1.160719633102417
3479,10,131,1.1982905864715576
3480,10,132,1.1955012083053589
3481,10,133,1.238459825515747
3482,10,134,1.1746336221694946
3483,10,135,1.186758041381836
3484,10,136,1.1858662366867065
3485,10,137,1.2145321369171143
3486,10,138,1.2149529457092285
3487,10,139,1.2264888286590576
3488,10,140,1.1989219188690186
3489,10,141,1.2419612407684326
3490,10,142,1.2517931461334229
3491,10,143,1.1579318046569824
3492,10,144,1.1756389141082764
3493,10,145,1.216529369354248
3494,10,146,1.1937319040298462
3495,10,147,1.262876033782959
3496,10,148,1.2305245399475098
3497,10,149,1.1853806972503662
3498,10,150,1.2047674655914307
3499,10,151,1.1871758699417114
3500,10,152,1.176773190498352
3501,10,153,1.1730806827545166
3502,10,154,1.216575264930725
3503,10,155,1.1557490825653076
3504,10,156,1.1573553085327148
3505,10,157,1.2271931171417236
3506,10,158,1.2031103372573853
3507,10,159,1.2126612663269043
3508,10,160,1.1613142490386963
3509,10,161,1.2284249067306519
3510,10,162,1.1677830219268799
3511,10,163,1.1872984170913696
3512,10,164,1.1834838390350342
3513,10,165,1.2357944250106812
3514,10,166,1.160897135734558
3515,10,167,1.2486727237701416
3516,10,168,1.2342909574508667
3517,10,169,1.199434518814087
3518,10,170,1.2394282817840576
3519,10,171,1.2083194255828857
3520,10,172,1.1709281206130981
3521,10,173,1.2508608102798462
3522,10,174,1.159397840499878
3523,10,175,1.2755517959594727
3524,10,176,1.1772972345352173
3525,10,177,1.243419885635376
3526,10,178,1.1811221837997437
3527,10,179,1.22658109664917
3528,10,180,1.1311308145523071
3529,10,181,1.2236969470977783
3530,10,182,1.1904796361923218
3531,10,183,1.2084314823150635
3532,10,184,1.218678593635559
3533,10,185,1.2028003931045532
3534,10,186,1.256698489189148
3535,10,187,1.2212750911712646
3536,10,188,1.2576751708984375
3537,10,189,1.233960509300232
3538,10,190,1.1606568098068237
3539,10,191,1.204050898551941
3540,10,192,1.2566969394683838
3541,10,193,1.1782246828079224
3542,10,194,1.2105605602264404
3543,10,195,1.2123022079467773
3544,10,196,1.1778486967086792
3545,10,197,1.1251686811447144
3546,10,198,1.1636762619018555
3547,10,199,1.1505892276763916
3548,10,200,1.3831486701965332
3549,10,201,1.1222994327545166
3550,10,202,1.1902949810028076
3551,10,203,1.2126820087432861
3552,10,204,1.307677984237671
3553,10,205,1.1612516641616821
3554,10,206,1.1357911825180054
3555,10,207,1.1496851444244385
3556,10,208,1.227899432182312
3557,10,209,1.2084981203079224
3558,10,210,1.2034354209899902
3559,10,211,1.2008051872253418
3560,10,212,1.2408885955810547
3561,10,213,1.1742421388626099
3562,10,214,1.20050847530365
3563,10,215,1.198272943496704
3564,10,216,1.22056245803833
3565,10,217,1.250847578048706
3566,10,218,1.1808626651763916
3567,10,219,1.2022035121917725
3568,10,220,1.17815363407135
3569,10,221,1.2261006832122803
3570,10,222,1.1999609470367432
3571,10,223,1.1659010648727417
3572,10,224,1.2002787590026855
3573,10,225,1.202879786491394
3574,10,226,1.2533087730407715
3575,10,227,1.1587637662887573
3576,10,228,1.241978645324707
3577,10,229,1.1455936431884766
3578,10,230,1.2086392641067505
3579,10,231,1.1609532833099365
3580,10,232,1.2047334909439087
3581,10,233,1.1944442987442017
3582,10,234,1.15888249874115
3583,10,235,1.1755083799362183
3584,10,236,1.312391757965088
3585,10,237,1.1590501070022583
3586,10,238,1.1448943614959717
3587,10,239,1.144810438156128
3588,10,240,1.2912824153900146
3589,10,241,1.1956815719604492
3590,10,242,1.2202249765396118
3591,10,243,1.1657048463821411
3592,10,244,1.2264697551727295
3593,10,245,1.1233571767807007
3594,10,246,1.1896374225616455
3595,10,247,1.2676951885223389
3596,10,248,1.1495245695114136
3597,10,249,1.1745837926864624
3598,10,250,1.1866105794906616
3599,10,251,1.2167022228240967
3600,10,252,1.2593414783477783
3601,10,253,1.1942070722579956
3602,10,254,1.1843669414520264
3603,10,255,1.2805166244506836
3604,10,256,1.265856146812439
3605,10,257,1.1531779766082764
3606,10,258,1.1593236923217773
3607,10,259,1.212321400642395
3608,10,260,1.2947099208831787
3609,10,261,1.1619019508361816
3610,10,262,1.1282646656036377
3611,10,263,1.2526166439056396
3612,10,264,1.2974183559417725
3613,10,265,1.1636148691177368
3614,10,266,1.183864951133728
3615,10,267,1.2072505950927734
3616,10,268,1.1807271242141724
3617,10,269,1.233640432357788
3618,10,270,1.171330213546753
3619,10,271,1.1682313680648804
3620,10,272,1.1281623840332031
3621,10,273,1.253747582435608
3622,10,274,1.1999708414077759
3623,10,275,1.1860004663467407
3624,10,276,1.192065715789795
3625,10,277,1.1877292394638062
3626,10,278,1.1128376722335815
3627,10,279,1.1895170211791992
3628,10,280,1.1841528415679932
3629,10,281,1.1704909801483154
3630,10,282,1.1576206684112549
3631,10,283,1.1713544130325317
3632,10,284,1.1676136255264282
3633,10,285,1.189994215965271
3634,10,286,1.1968713998794556
3635,10,287,1.1762170791625977
3636,10,288,1.179710030555725
3637,10,289,1.1683595180511475
3638,10,290,1.2048832178115845
3639,10,291,1.1663862466812134
3640,10,292,1.2357667684555054
3641,10,293,1.1837184429168701
3642,10,294,1.233357310295105
3643,10,295,1.1942869424819946
3644,10,296,1.1780818700790405
3645,10,297,1.2132623195648193
3646,10,298,1.2392446994781494
3647,10,299,1.215611219406128
3648,10,300,1.1828473806381226
3649,10,301,1.1664224863052368
3650,10,302,1.1729880571365356
3651,10,303,1.2171739339828491
3652,10,304,1.2143936157226562
3653,10,305,1.155371904373169
3654,10,306,1.1387790441513062
3655,10,307,1.2444870471954346
3656,10,308,1.1590622663497925
3657,10,309,1.1635630130767822
3658,10,310,1.2320669889450073
3659,10,311,1.1517503261566162
3660,10,312,1.1536839008331299
3661,10,313,1.158841848373413
3662,10,314,1.1334995031356812
3663,10,315,1.162360668182373
3664,10,316,1.1975767612457275
3665,10,317,1.2381165027618408
3666,10,318,1.1717121601104736
3667,10,319,1.1118993759155273
3668,10,320,1.1793899536132812
3669,10,321,1.1571228504180908
3670,10,322,1.1822211742401123
3671,10,323,1.2231824398040771
3672,10,324,1.1017415523529053
3673,10,325,1.1366251707077026
3674,10,326,1.1674600839614868
3675,10,327,1.3015027046203613
3676,10,328,1.185326337814331
3677,10,329,1.171786904335022
3678,10,330,1.1198699474334717
3679,10,331,1.1620416641235352
3680,10,332,1.152664065361023
3681,10,333,1.1716269254684448
3682,10,334,1.1350282430648804
3683,10,335,1.1423672437667847
3684,10,336,1.1213328838348389
3685,10,337,1.1792532205581665
3686,10,338,1.2165195941925049
3687,10,339,1.2322453260421753
3688,10,340,1.1613208055496216
3689,10,341,1.3541100025177002
3690,10,342,1.2141779661178589
3691,10,343,1.1367961168289185
3692,10,344,1.1258246898651123
3693,10,345,1.1397631168365479
3694,10,346,1.2021076679229736
3695,10,347,1.1273062229156494
3696,10,348,1.1591768264770508
3697,10,349,1.2088119983673096
3698,10,350,1.1655211448669434
3699,10,351,1.1426137685775757
3700,10,352,1.1483862400054932
3701,10,353,1.1599138975143433
3702,10,354,1.1301645040512085
3703,10,355,1.1633217334747314
3704,10,356,1.153087854385376
3705,10,357,1.1211715936660767
3706,10,358,1.2419923543930054
3707,10,359,1.1475350856781006
3708,10,360,1.1429340839385986
3709,10,361,1.1718940734863281
3710,10,362,1.168097972869873
3711,10,363,1.167748212814331
3712,10,364,1.2917944192886353
3713,10,365,1.1436114311218262
3714,10,366,1.133051872253418
3715,10,367,1.1992990970611572
3716,10,368,1.1428782939910889
3717,10,369,1.262704849243164
3718,10,370,1.2052748203277588
3719,10,371,1.1561191082000732
3720,10,372,1.1510627269744873
