global_step,epoch,batch,train_loss
1,1,1,3.2486226558685303
2,1,2,3.0713133811950684
3,1,3,3.1081860065460205
4,1,4,3.0074350833892822
5,1,5,2.9706220626831055
6,1,6,3.060732364654541
7,1,7,2.8981921672821045
8,1,8,2.8144993782043457
9,1,9,2.8786656856536865
10,1,10,2.7637648582458496
11,1,11,2.7438673973083496
12,1,12,2.764827013015747
13,1,13,2.6064581871032715
14,1,14,2.6256113052368164
15,1,15,2.654743194580078
16,1,16,2.7339329719543457
17,1,17,2.5744547843933105
18,1,18,2.511422634124756
19,1,19,2.4747955799102783
20,1,20,2.4690072536468506
21,1,21,2.6501102447509766
22,1,22,2.3841652870178223
23,1,23,2.44342041015625
24,1,24,2.333495616912842
25,1,25,2.5326459407806396
26,1,26,2.465053081512451
27,1,27,2.426596164703369
28,1,28,2.3393654823303223
29,1,29,2.283133029937744
30,1,30,2.336336851119995
31,1,31,2.3179478645324707
32,1,32,2.3311941623687744
33,1,33,2.3028433322906494
34,1,34,2.649019479751587
35,1,35,2.166594982147217
36,1,36,2.2851758003234863
37,1,37,2.234489917755127
38,1,38,2.3044862747192383
39,1,39,2.205275297164917
40,1,40,2.324323892593384
41,1,41,2.4477128982543945
42,1,42,2.1176834106445312
43,1,43,2.248731851577759
44,1,44,2.0925328731536865
45,1,45,2.3980722427368164
46,1,46,2.0717484951019287
47,1,47,2.340705156326294
48,1,48,2.044645071029663
49,1,49,2.204803228378296
50,1,50,2.11279559135437
51,1,51,2.1065616607666016
52,1,52,2.4918999671936035
53,1,53,2.495769739151001
54,1,54,2.0487546920776367
55,1,55,2.218487024307251
56,1,56,2.2230746746063232
57,1,57,2.2429089546203613
58,1,58,2.2215335369110107
59,1,59,2.272739887237549
60,1,60,2.148066759109497
61,1,61,2.1965386867523193
62,1,62,2.2519304752349854
63,1,63,1.9845572710037231
64,1,64,2.2597475051879883
65,1,65,2.140026092529297
66,1,66,1.954220175743103
67,1,67,1.9516520500183105
68,1,68,2.1196351051330566
69,1,69,1.9888060092926025
70,1,70,2.00018310546875
71,1,71,2.0361833572387695
72,1,72,2.026240587234497
73,1,73,2.151303768157959
74,1,74,2.067399740219116
75,1,75,1.7767980098724365
76,1,76,1.9480297565460205
77,1,77,1.9157761335372925
78,1,78,1.9593359231948853
79,1,79,2.1115095615386963
80,1,80,1.9020559787750244
81,1,81,1.8459367752075195
82,1,82,1.8882126808166504
83,1,83,1.9712536334991455
84,1,84,1.7697181701660156
85,1,85,1.9330195188522339
86,1,86,2.122706890106201
87,1,87,1.8228503465652466
88,1,88,1.971815586090088
89,1,89,2.197532892227173
90,1,90,1.9711848497390747
91,1,91,1.7831817865371704
92,1,92,2.0002424716949463
93,1,93,1.8316383361816406
94,1,94,1.8280516862869263
95,1,95,2.0668911933898926
96,1,96,1.7592194080352783
97,1,97,2.2420992851257324
98,1,98,1.899762511253357
99,1,99,1.7203809022903442
100,1,100,2.135519504547119
101,1,101,1.919081211090088
102,1,102,1.855688214302063
103,1,103,1.783310890197754
104,1,104,1.943766474723816
105,1,105,1.851188063621521
106,1,106,1.7438424825668335
107,1,107,1.9047636985778809
108,1,108,1.7981953620910645
109,1,109,1.9819914102554321
110,1,110,1.8576133251190186
111,1,111,1.7784510850906372
112,1,112,2.082841157913208
113,1,113,1.806329369544983
114,1,114,1.9641205072402954
115,1,115,1.7672981023788452
116,1,116,1.969609022140503
117,1,117,1.7888482809066772
118,1,118,2.1055352687835693
119,1,119,1.890289306640625
120,1,120,1.931843638420105
121,1,121,1.7145884037017822
122,1,122,1.6525276899337769
123,1,123,1.9123315811157227
124,1,124,1.678043007850647
125,1,125,1.6743520498275757
126,1,126,1.7792878150939941
127,1,127,1.7932820320129395
128,1,128,1.6346871852874756
129,1,129,2.0422720909118652
130,1,130,1.6784412860870361
131,1,131,1.9167964458465576
132,1,132,1.7969284057617188
133,1,133,1.9488472938537598
134,1,134,1.7812085151672363
135,1,135,1.8684971332550049
136,1,136,1.707801342010498
137,1,137,1.907133936882019
138,1,138,1.907401442527771
139,1,139,1.845263957977295
140,1,140,2.009168863296509
141,1,141,1.6986031532287598
142,1,142,1.7608356475830078
143,1,143,1.7725369930267334
144,1,144,1.699906587600708
145,1,145,1.8948055505752563
146,1,146,1.957969307899475
147,1,147,1.7666748762130737
148,1,148,1.848410725593567
149,1,149,1.6382588148117065
150,1,150,1.7806471586227417
151,1,151,1.5635143518447876
152,1,152,1.6658401489257812
153,1,153,1.8370673656463623
154,1,154,1.7231428623199463
155,1,155,1.871356725692749
156,1,156,2.0651602745056152
157,1,157,1.9082194566726685
158,1,158,1.7117679119110107
159,1,159,1.7619000673294067
160,1,160,1.9786639213562012
161,1,161,1.9458587169647217
162,1,162,1.7779476642608643
163,1,163,1.7641286849975586
164,1,164,1.7528833150863647
165,1,165,1.9750767946243286
166,1,166,1.7917369604110718
167,1,167,1.6354501247406006
168,1,168,1.8408048152923584
169,1,169,1.6385126113891602
170,1,170,1.7028908729553223
171,1,171,2.0172581672668457
172,1,172,1.8903876543045044
173,1,173,1.7005879878997803
174,1,174,1.5925854444503784
175,1,175,1.7284940481185913
176,1,176,1.7516502141952515
177,1,177,1.5337002277374268
178,1,178,1.6363643407821655
179,1,179,1.8618322610855103
180,1,180,1.9213653802871704
181,1,181,1.524522066116333
182,1,182,1.6199959516525269
183,1,183,1.7544128894805908
184,1,184,1.6046301126480103
185,1,185,1.5880632400512695
186,1,186,1.585662603378296
187,1,187,1.6787570714950562
188,1,188,1.61970853805542
189,1,189,1.667019248008728
190,1,190,1.6994656324386597
191,1,191,1.7327934503555298
192,1,192,1.7414577007293701
193,1,193,1.8074599504470825
194,1,194,2.1017510890960693
195,1,195,1.8226468563079834
196,1,196,1.584305763244629
197,1,197,1.6807148456573486
198,1,198,1.7244725227355957
199,1,199,1.6862618923187256
200,1,200,1.6594525575637817
201,1,201,1.6338459253311157
202,1,202,1.86374831199646
203,1,203,1.8021470308303833
204,1,204,1.8120962381362915
205,1,205,1.7249548435211182
206,1,206,1.5868982076644897
207,1,207,2.246746063232422
208,1,208,1.7173354625701904
209,1,209,1.5815893411636353
210,1,210,1.4884361028671265
211,1,211,1.7181648015975952
212,1,212,1.644036889076233
213,1,213,1.5681272745132446
214,1,214,1.5581134557724
215,1,215,1.6131808757781982
216,1,216,1.625052571296692
217,1,217,1.566059947013855
218,1,218,1.455456256866455
219,1,219,1.6620045900344849
220,1,220,1.694353699684143
221,1,221,1.823746681213379
222,1,222,1.5972049236297607
223,1,223,1.5716776847839355
224,1,224,1.547133445739746
225,1,225,2.084280490875244
226,1,226,1.5393517017364502
227,1,227,1.7516875267028809
228,1,228,1.663880467414856
229,1,229,1.530977725982666
230,1,230,1.745956540107727
231,1,231,1.4057148694992065
232,1,232,1.6327499151229858
233,1,233,1.6583396196365356
234,1,234,1.4306012392044067
235,1,235,1.6180310249328613
236,1,236,1.6279325485229492
237,1,237,1.5948649644851685
238,1,238,1.5454750061035156
239,1,239,1.6334835290908813
240,1,240,1.5129225254058838
241,1,241,1.7474099397659302
242,1,242,1.5080616474151611
243,1,243,1.4921382665634155
244,1,244,1.5829709768295288
245,1,245,1.5183881521224976
246,1,246,1.4466919898986816
247,1,247,1.503217339515686
248,1,248,1.6073554754257202
249,1,249,1.4301401376724243
250,1,250,1.4554134607315063
251,1,251,1.5255062580108643
252,1,252,1.5314358472824097
253,1,253,1.5721166133880615
254,1,254,1.4506694078445435
255,1,255,1.4977587461471558
256,1,256,1.6123230457305908
257,1,257,1.8778777122497559
258,1,258,1.7074962854385376
259,1,259,1.5363049507141113
260,1,260,1.4876545667648315
261,1,261,1.4774577617645264
262,1,262,1.690922498703003
263,1,263,1.5059574842453003
264,1,264,1.3657481670379639
265,1,265,1.5787450075149536
266,1,266,1.551072359085083
267,1,267,1.45315682888031
268,1,268,1.6687506437301636
269,1,269,1.4208751916885376
270,1,270,1.5014381408691406
271,1,271,1.4153263568878174
272,1,272,1.7652525901794434
273,1,273,1.6612104177474976
274,1,274,1.684992790222168
275,1,275,1.330463171005249
276,1,276,1.4702787399291992
277,1,277,1.4392051696777344
278,1,278,1.4191601276397705
279,1,279,1.8641972541809082
280,1,280,1.3424309492111206
281,1,281,1.6258550882339478
282,1,282,1.4153729677200317
283,1,283,1.6757705211639404
284,1,284,1.6127769947052002
285,1,285,1.4269614219665527
286,1,286,1.5194718837738037
287,1,287,1.409619688987732
288,1,288,1.76173734664917
289,1,289,1.5322389602661133
290,1,290,1.7422988414764404
291,1,291,1.5111011266708374
292,1,292,1.584179401397705
293,1,293,1.3848953247070312
294,1,294,1.6078636646270752
295,1,295,1.5473614931106567
296,1,296,1.5999279022216797
297,1,297,1.3985893726348877
298,1,298,1.4682563543319702
299,1,299,1.725081443786621
300,1,300,1.4362322092056274
301,1,301,1.2836270332336426
302,1,302,1.4689899682998657
303,1,303,1.5441429615020752
304,1,304,1.46909499168396
305,1,305,1.5195589065551758
306,1,306,1.4240015745162964
307,1,307,1.2874236106872559
308,1,308,1.5565472841262817
309,1,309,1.4493135213851929
310,1,310,1.4599040746688843
311,1,311,1.464158296585083
312,1,312,1.4740805625915527
313,1,313,1.4641631841659546
314,1,314,1.4699208736419678
315,1,315,1.4729092121124268
316,1,316,1.4422520399093628
317,1,317,1.4615511894226074
318,1,318,1.573883295059204
319,1,319,1.3596218824386597
320,1,320,1.256905198097229
321,1,321,1.5586578845977783
322,1,322,1.5634641647338867
323,1,323,1.6345027685165405
324,1,324,1.4768214225769043
325,1,325,1.3943363428115845
326,1,326,1.5105539560317993
327,1,327,1.4822502136230469
328,1,328,2.0227770805358887
329,1,329,1.454691767692566
330,1,330,1.5867551565170288
331,1,331,1.482977271080017
332,1,332,1.4592632055282593
333,1,333,1.5583668947219849
334,1,334,1.401535153388977
335,1,335,1.2486642599105835
336,1,336,1.3079584836959839
337,1,337,1.3937227725982666
338,1,338,1.4619604349136353
339,1,339,1.8114289045333862
340,1,340,1.3546890020370483
341,1,341,1.4699180126190186
342,1,342,1.5433920621871948
343,1,343,1.606466293334961
344,1,344,1.4817944765090942
345,1,345,1.3792165517807007
346,1,346,1.3834131956100464
347,1,347,1.6578209400177002
348,1,348,1.3118236064910889
349,1,349,1.3557064533233643
350,1,350,1.392849326133728
351,1,351,1.2981271743774414
352,1,352,1.4316058158874512
353,1,353,1.5428516864776611
354,1,354,1.3484526872634888
355,1,355,1.7626434564590454
356,1,356,1.393111228942871
357,1,357,1.4642353057861328
358,1,358,1.4367084503173828
359,1,359,1.2944837808609009
360,1,360,1.3564835786819458
361,1,361,1.42747962474823
362,1,362,1.4423091411590576
363,1,363,1.3322147130966187
364,1,364,1.6364803314208984
365,1,365,1.4310424327850342
366,1,366,1.3471770286560059
367,1,367,1.3960012197494507
368,1,368,1.2551416158676147
369,1,369,1.3408010005950928
370,1,370,1.4137277603149414
371,1,371,1.3863494396209717
372,1,372,1.441709280014038
373,2,1,1.3946666717529297
374,2,2,1.3182860612869263
375,2,3,1.1686441898345947
376,2,4,1.316709041595459
377,2,5,1.2568694353103638
378,2,6,1.2320493459701538
379,2,7,1.1751543283462524
380,2,8,1.4736361503601074
381,2,9,1.2884804010391235
382,2,10,1.5392385721206665
383,2,11,1.4213186502456665
384,2,12,1.2347453832626343
385,2,13,1.3810932636260986
386,2,14,1.330703854560852
387,2,15,1.7095494270324707
388,2,16,1.3538492918014526
389,2,17,1.3362817764282227
390,2,18,1.3113423585891724
391,2,19,1.2841628789901733
392,2,20,1.5884555578231812
393,2,21,1.261400818824768
394,2,22,1.2657396793365479
395,2,23,1.409266471862793
396,2,24,1.7348803281784058
397,2,25,1.3163225650787354
398,2,26,1.2814170122146606
399,2,27,1.2913997173309326
400,2,28,1.3561785221099854
401,2,29,1.2570531368255615
402,2,30,1.354924201965332
403,2,31,1.3815789222717285
404,2,32,1.2443212270736694
405,2,33,1.310860514640808
406,2,34,1.2891110181808472
407,2,35,1.291034460067749
408,2,36,1.5539270639419556
409,2,37,1.2160333395004272
410,2,38,1.4275583028793335
411,2,39,1.2644767761230469
412,2,40,1.4165805578231812
413,2,41,1.4700208902359009
414,2,42,1.2912945747375488
415,2,43,1.30548894405365
416,2,44,1.238723874092102
417,2,45,1.317060947418213
418,2,46,1.2268249988555908
419,2,47,1.2959672212600708
420,2,48,1.2953399419784546
421,2,49,1.1313832998275757
422,2,50,1.1806775331497192
423,2,51,1.1829569339752197
424,2,52,1.2479764223098755
425,2,53,1.221320629119873
426,2,54,1.1826095581054688
427,2,55,1.2080596685409546
428,2,56,1.311440110206604
429,2,57,1.285103678703308
430,2,58,1.254135251045227
431,2,59,1.3677937984466553
432,2,60,1.2217856645584106
433,2,61,1.40535569190979
434,2,62,1.2741349935531616
435,2,63,1.3408455848693848
436,2,64,1.3354276418685913
437,2,65,1.4637413024902344
438,2,66,1.5327863693237305
439,2,67,1.218997597694397
440,2,68,1.4435592889785767
441,2,69,1.3125410079956055
442,2,70,1.2571310997009277
443,2,71,1.3638026714324951
444,2,72,1.2864872217178345
445,2,73,1.3310364484786987
446,2,74,1.261541724205017
447,2,75,1.2148321866989136
448,2,76,1.1045736074447632
449,2,77,1.3836461305618286
450,2,78,1.4417434930801392
451,2,79,1.2360800504684448
452,2,80,1.306667447090149
453,2,81,1.8792155981063843
454,2,82,1.1578105688095093
455,2,83,1.1614372730255127
456,2,84,1.2045553922653198
457,2,85,1.164549469947815
458,2,86,1.3034260272979736
459,2,87,1.0940266847610474
460,2,88,1.133365511894226
461,2,89,1.2791385650634766
462,2,90,1.4215580224990845
463,2,91,1.2206124067306519
464,2,92,1.2971675395965576
465,2,93,1.1701692342758179
466,2,94,1.239984393119812
467,2,95,1.214638352394104
468,2,96,1.0754714012145996
469,2,97,1.1854321956634521
470,2,98,1.1883996725082397
471,2,99,1.3116517066955566
472,2,100,1.137636661529541
473,2,101,1.2152884006500244
474,2,102,1.1453889608383179
475,2,103,1.1145328283309937
476,2,104,1.1899765729904175
477,2,105,1.5534827709197998
478,2,106,1.349071741104126
479,2,107,1.2364953756332397
480,2,108,1.31259286403656
481,2,109,1.203274130821228
482,2,110,1.137525200843811
483,2,111,1.0927462577819824
484,2,112,1.3604661226272583
485,2,113,1.1811540126800537
486,2,114,1.3081567287445068
487,2,115,1.1542845964431763
488,2,116,1.1500868797302246
489,2,117,1.1831438541412354
490,2,118,1.231092095375061
491,2,119,1.1096235513687134
492,2,120,1.1837210655212402
493,2,121,1.1760388612747192
494,2,122,1.2855414152145386
495,2,123,1.1309070587158203
496,2,124,1.2432515621185303
497,2,125,1.2314894199371338
498,2,126,1.2063263654708862
499,2,127,1.1493353843688965
500,2,128,1.1402591466903687
501,2,129,1.2674221992492676
502,2,130,1.1694002151489258
503,2,131,1.2248516082763672
504,2,132,1.4433388710021973
505,2,133,1.159793496131897
506,2,134,1.8579986095428467
507,2,135,1.2787673473358154
508,2,136,1.1618059873580933
509,2,137,1.297735571861267
510,2,138,1.1124931573867798
511,2,139,1.3549383878707886
512,2,140,1.0761831998825073
513,2,141,1.2986916303634644
514,2,142,1.3053793907165527
515,2,143,1.147338628768921
516,2,144,1.367935299873352
517,2,145,1.1686910390853882
518,2,146,1.1859318017959595
519,2,147,1.1475619077682495
520,2,148,1.2623639106750488
521,2,149,1.1239699125289917
522,2,150,1.2290018796920776
523,2,151,1.2018228769302368
524,2,152,1.2085511684417725
525,2,153,1.0453085899353027
526,2,154,1.4650883674621582
527,2,155,1.3036348819732666
528,2,156,1.3393298387527466
529,2,157,1.0900835990905762
530,2,158,1.160561203956604
531,2,159,1.282067894935608
532,2,160,1.3602631092071533
533,2,161,1.3202499151229858
534,2,162,0.9539483785629272
535,2,163,1.0193086862564087
536,2,164,1.2071329355239868
537,2,165,1.3913031816482544
538,2,166,1.1198712587356567
539,2,167,1.2592957019805908
540,2,168,1.0863980054855347
541,2,169,1.0548478364944458
542,2,170,1.086207389831543
543,2,171,1.3015587329864502
544,2,172,1.1892240047454834
545,2,173,1.0303112268447876
546,2,174,1.1895248889923096
547,2,175,1.1473931074142456
548,2,176,1.1458308696746826
549,2,177,1.1902824640274048
550,2,178,1.3427962064743042
551,2,179,1.2628189325332642
552,2,180,1.2636698484420776
553,2,181,1.7516165971755981
554,2,182,1.1503247022628784
555,2,183,1.2109088897705078
556,2,184,1.1493710279464722
557,2,185,1.2203319072723389
558,2,186,1.5868457555770874
559,2,187,1.1198673248291016
560,2,188,1.250672459602356
561,2,189,1.115790605545044
562,2,190,1.3863509893417358
563,2,191,1.250948429107666
564,2,192,1.2401067018508911
565,2,193,1.1309651136398315
566,2,194,1.1572800874710083
567,2,195,1.189096450805664
568,2,196,1.2512497901916504
569,2,197,1.6474735736846924
570,2,198,1.2463678121566772
571,2,199,1.0233100652694702
572,2,200,0.9998141527175903
573,2,201,1.32916259765625
574,2,202,1.0504220724105835
575,2,203,1.0813533067703247
576,2,204,1.0446456670761108
577,2,205,1.109153151512146
578,2,206,1.284888505935669
579,2,207,1.2179657220840454
580,2,208,1.204816460609436
581,2,209,1.1230765581130981
582,2,210,1.1471401453018188
583,2,211,1.0764656066894531
584,2,212,1.018947720527649
585,2,213,1.0774521827697754
586,2,214,1.2230631113052368
587,2,215,1.0841670036315918
588,2,216,1.0197162628173828
589,2,217,1.1271482706069946
590,2,218,1.2674893140792847
591,2,219,1.1044254302978516
592,2,220,1.0785714387893677
593,2,221,1.0443159341812134
594,2,222,1.0548447370529175
595,2,223,1.069319725036621
596,2,224,1.454506754875183
597,2,225,1.3530079126358032
598,2,226,1.1645158529281616
599,2,227,1.097669005393982
600,2,228,1.1486427783966064
601,2,229,1.1094090938568115
602,2,230,1.1240720748901367
603,2,231,1.080997347831726
604,2,232,1.0423022508621216
605,2,233,1.0452048778533936
606,2,234,1.3006377220153809
607,2,235,1.084957480430603
608,2,236,1.1268342733383179
609,2,237,1.0658820867538452
610,2,238,0.972797155380249
611,2,239,1.0074098110198975
612,2,240,1.2564432621002197
613,2,241,0.9961742758750916
614,2,242,1.0874383449554443
615,2,243,1.126433253288269
616,2,244,1.0361692905426025
617,2,245,1.0520431995391846
618,2,246,1.1233845949172974
619,2,247,1.0929533243179321
620,2,248,0.9754601716995239
621,2,249,1.1562762260437012
622,2,250,1.0545594692230225
623,2,251,1.1515768766403198
624,2,252,1.0799535512924194
625,2,253,1.140372395515442
626,2,254,1.140918254852295
627,2,255,1.0577038526535034
628,2,256,1.136600375175476
629,2,257,1.0424851179122925
630,2,258,1.2963401079177856
631,2,259,1.111299753189087
632,2,260,1.574273943901062
633,2,261,1.0430378913879395
634,2,262,1.024241328239441
635,2,263,1.1719540357589722
636,2,264,1.0522842407226562
637,2,265,1.0134330987930298
638,2,266,1.1473417282104492
639,2,267,1.1493748426437378
640,2,268,1.0905612707138062
641,2,269,1.199135422706604
642,2,270,1.5902353525161743
643,2,271,1.0363727807998657
644,2,272,1.1194491386413574
645,2,273,1.0409799814224243
646,2,274,0.9457255005836487
647,2,275,1.024686574935913
648,2,276,1.065601110458374
649,2,277,1.0661201477050781
650,2,278,2.022210121154785
651,2,279,1.1752172708511353
652,2,280,1.0846484899520874
653,2,281,1.0348832607269287
654,2,282,1.084641695022583
655,2,283,1.183881402015686
656,2,284,1.033929705619812
657,2,285,0.9794581532478333
658,2,286,1.0770500898361206
659,2,287,1.1442756652832031
660,2,288,1.1849349737167358
661,2,289,1.2120941877365112
662,2,290,1.0877145528793335
663,2,291,1.093839406967163
664,2,292,1.049401879310608
665,2,293,1.0535234212875366
666,2,294,1.2711087465286255
667,2,295,1.2331867218017578
668,2,296,1.0705350637435913
669,2,297,1.0007058382034302
670,2,298,1.0276176929473877
671,2,299,1.0687576532363892
672,2,300,0.9299601316452026
673,2,301,1.2292349338531494
674,2,302,1.0878793001174927
675,2,303,1.0054930448532104
676,2,304,0.9462072253227234
677,2,305,1.2452641725540161
678,2,306,0.9941226840019226
679,2,307,1.043060064315796
680,2,308,1.2776292562484741
681,2,309,1.0882318019866943
682,2,310,0.9006397724151611
683,2,311,1.0898000001907349
684,2,312,1.1395561695098877
685,2,313,1.2865853309631348
686,2,314,0.9445278644561768
687,2,315,1.0434106588363647
688,2,316,1.1478544473648071
689,2,317,1.015224575996399
690,2,318,1.2262729406356812
691,2,319,0.9932880401611328
692,2,320,1.0054093599319458
693,2,321,0.9767531752586365
694,2,322,1.0727428197860718
695,2,323,1.3022507429122925
696,2,324,1.157809853553772
697,2,325,0.961571991443634
698,2,326,1.1790443658828735
699,2,327,0.973440408706665
700,2,328,1.1082888841629028
701,2,329,1.1674164533615112
702,2,330,1.073042631149292
703,2,331,0.9800989627838135
704,2,332,1.0792900323867798
705,2,333,0.9911171197891235
706,2,334,0.9542649388313293
707,2,335,0.9690167903900146
708,2,336,0.9842042922973633
709,2,337,1.0904916524887085
710,2,338,1.4786065816879272
711,2,339,1.0052770376205444
712,2,340,1.0909979343414307
713,2,341,2.0771450996398926
714,2,342,0.9192895293235779
715,2,343,0.9233672618865967
716,2,344,1.0518938302993774
717,2,345,1.0828170776367188
718,2,346,1.0346046686172485
719,2,347,0.9996479153633118
720,2,348,0.9745360016822815
721,2,349,1.1141492128372192
722,2,350,0.9809826612472534
723,2,351,1.3114750385284424
724,2,352,0.8137286901473999
725,2,353,0.9418582916259766
726,2,354,0.9491510987281799
727,2,355,1.0960407257080078
728,2,356,1.1025570631027222
729,2,357,1.0028026103973389
730,2,358,0.9188458323478699
731,2,359,0.9518008232116699
732,2,360,0.9470469355583191
733,2,361,1.0977197885513306
734,2,362,1.0031410455703735
735,2,363,0.8818421363830566
736,2,364,1.5502701997756958
737,2,365,0.9667972922325134
738,2,366,1.5827419757843018
739,2,367,0.9316516518592834
740,2,368,0.9576289057731628
741,2,369,0.9798248410224915
742,2,370,0.8891174793243408
743,2,371,1.0205512046813965
744,2,372,1.1022844314575195
745,3,1,0.9340476393699646
746,3,2,1.071481704711914
747,3,3,0.9785388112068176
748,3,4,1.1489123106002808
749,3,5,1.1497336626052856
750,3,6,0.9418219327926636
751,3,7,1.050267219543457
752,3,8,1.0045671463012695
753,3,9,1.1622133255004883
754,3,10,1.0349884033203125
755,3,11,1.134666085243225
756,3,12,1.461591124534607
757,3,13,0.9839922785758972
758,3,14,1.1240206956863403
759,3,15,1.1166328191757202
760,3,16,1.0753538608551025
761,3,17,1.2140552997589111
762,3,18,0.963796079158783
763,3,19,0.9558855295181274
764,3,20,0.8713262677192688
765,3,21,1.0605374574661255
766,3,22,1.1138970851898193
767,3,23,1.0066102743148804
768,3,24,0.9414579272270203
769,3,25,0.8788942098617554
770,3,26,1.0186002254486084
771,3,27,1.5289877653121948
772,3,28,1.1619760990142822
773,3,29,1.0148051977157593
774,3,30,0.9479561448097229
775,3,31,1.1078543663024902
776,3,32,0.9047650694847107
777,3,33,0.9233462810516357
778,3,34,1.1844708919525146
779,3,35,0.9956156015396118
780,3,36,1.1099576950073242
781,3,37,0.8404670357704163
782,3,38,0.9641796946525574
783,3,39,0.8642343282699585
784,3,40,1.716111183166504
785,3,41,1.0130935907363892
786,3,42,0.9115277528762817
787,3,43,0.9267607927322388
788,3,44,0.9849171042442322
789,3,45,0.9843619465827942
790,3,46,0.9326764345169067
791,3,47,1.0344791412353516
792,3,48,0.8811250329017639
793,3,49,0.9661594033241272
794,3,50,0.9523226022720337
795,3,51,0.9361246824264526
796,3,52,1.0017094612121582
797,3,53,0.9711107015609741
798,3,54,0.9377908706665039
799,3,55,1.2657012939453125
800,3,56,0.8319669961929321
801,3,57,0.8315280675888062
802,3,58,0.8246709108352661
803,3,59,0.9188445210456848
804,3,60,0.9470586180686951
805,3,61,0.8913140892982483
806,3,62,0.9155948758125305
807,3,63,0.9368970394134521
808,3,64,0.8840574026107788
809,3,65,1.8127797842025757
810,3,66,0.9497531652450562
811,3,67,0.9578774571418762
812,3,68,0.9488387703895569
813,3,69,0.9157843589782715
814,3,70,0.8501036167144775
815,3,71,1.0562983751296997
816,3,72,0.9182807207107544
817,3,73,0.9598642587661743
818,3,74,0.931082010269165
819,3,75,0.8884885907173157
820,3,76,0.8530707955360413
821,3,77,1.0130094289779663
822,3,78,0.7477036714553833
823,3,79,0.9511330127716064
824,3,80,0.8347381353378296
825,3,81,0.9247504472732544
826,3,82,0.7950226068496704
827,3,83,0.9928287267684937
828,3,84,0.8454699516296387
829,3,85,0.916550874710083
830,3,86,0.968828022480011
831,3,87,0.8413342237472534
832,3,88,1.0031764507293701
833,3,89,0.8125324249267578
834,3,90,0.9507637023925781
835,3,91,0.7994000315666199
836,3,92,0.873963475227356
837,3,93,0.995673656463623
838,3,94,1.2047420740127563
839,3,95,0.9896634221076965
840,3,96,0.94987553358078
841,3,97,1.1431303024291992
842,3,98,0.8174228668212891
843,3,99,0.8842229843139648
844,3,100,0.8904121518135071
845,3,101,0.803108274936676
846,3,102,0.8407843708992004
847,3,103,0.8511202335357666
848,3,104,0.8746844530105591
849,3,105,0.8366811871528625
850,3,106,0.9061758518218994
851,3,107,0.8254551291465759
852,3,108,0.8115304112434387
853,3,109,0.8756874799728394
854,3,110,0.8941469192504883
855,3,111,0.9887216091156006
856,3,112,0.9404035210609436
857,3,113,0.9266445636749268
858,3,114,0.7879348397254944
859,3,115,1.2536463737487793
860,3,116,0.8303357362747192
861,3,117,0.8477966785430908
862,3,118,0.8506627678871155
863,3,119,0.9338096976280212
864,3,120,0.8329963088035583
865,3,121,0.7912699580192566
866,3,122,0.832705020904541
867,3,123,1.0593427419662476
868,3,124,0.8470504879951477
869,3,125,0.8012571930885315
870,3,126,1.0154756307601929
871,3,127,0.7873380184173584
872,3,128,1.0139514207839966
873,3,129,1.0967819690704346
874,3,130,0.8863310217857361
875,3,131,0.8848710656166077
876,3,132,0.8692514300346375
877,3,133,0.883211076259613
878,3,134,0.9174169301986694
879,3,135,0.858571469783783
880,3,136,0.8887287974357605
881,3,137,0.8739982843399048
882,3,138,0.987693190574646
883,3,139,0.9108782410621643
884,3,140,1.4384204149246216
885,3,141,0.8658778667449951
886,3,142,0.8097248077392578
887,3,143,1.3593413829803467
888,3,144,0.9203351140022278
889,3,145,0.8209924101829529
890,3,146,0.8243447542190552
891,3,147,0.723278820514679
892,3,148,0.8288219571113586
893,3,149,0.8758522868156433
894,3,150,0.7386834025382996
895,3,151,1.0174287557601929
896,3,152,0.9811856150627136
897,3,153,0.7889752984046936
898,3,154,0.9064738750457764
899,3,155,0.7664840221405029
900,3,156,0.7577349543571472
901,3,157,1.3400545120239258
902,3,158,0.7952663898468018
903,3,159,0.9017015099525452
904,3,160,0.7979058027267456
905,3,161,0.9135937094688416
906,3,162,0.7227886915206909
907,3,163,0.8386465311050415
908,3,164,0.8655842542648315
909,3,165,0.9128535985946655
910,3,166,0.8996153473854065
911,3,167,0.7185519337654114
912,3,168,0.8027565479278564
913,3,169,0.8011245131492615
914,3,170,0.9746139645576477
915,3,171,0.8568741679191589
916,3,172,0.7880706787109375
917,3,173,0.956465482711792
918,3,174,0.8690261840820312
919,3,175,1.2471917867660522
920,3,176,0.8390594124794006
921,3,177,0.866645872592926
922,3,178,0.855103611946106
923,3,179,0.9355387687683105
924,3,180,0.9173640608787537
925,3,181,0.8946852087974548
926,3,182,0.8194385766983032
927,3,183,0.8683420419692993
928,3,184,0.8114571571350098
929,3,185,0.8876706957817078
930,3,186,0.7329635620117188
931,3,187,0.6912063360214233
932,3,188,1.1246731281280518
933,3,189,0.902177631855011
934,3,190,0.7023856043815613
935,3,191,0.8469663262367249
936,3,192,0.9455204010009766
937,3,193,0.8215044736862183
938,3,194,0.8602697849273682
939,3,195,0.8858963251113892
940,3,196,0.8649182319641113
941,3,197,0.7908922433853149
942,3,198,0.7365709543228149
943,3,199,0.9409139156341553
944,3,200,0.8858787417411804
945,3,201,0.7908339500427246
946,3,202,0.7777597308158875
947,3,203,0.8213307857513428
948,3,204,0.7467443346977234
949,3,205,0.9232988953590393
950,3,206,0.7471238374710083
951,3,207,0.8193216323852539
952,3,208,0.9499544501304626
953,3,209,0.8197022676467896
954,3,210,0.7567058205604553
955,3,211,1.4615463018417358
956,3,212,0.7875068187713623
957,3,213,0.8326534628868103
958,3,214,0.852118194103241
959,3,215,0.9082765579223633
960,3,216,0.8532863259315491
961,3,217,0.7453060746192932
962,3,218,0.9363782405853271
963,3,219,0.7966129779815674
964,3,220,0.8488848209381104
965,3,221,1.1421990394592285
966,3,222,0.8874878287315369
967,3,223,0.8023402690887451
968,3,224,0.7744417786598206
969,3,225,0.7794956564903259
970,3,226,0.83547043800354
971,3,227,0.7982401251792908
972,3,228,1.182923674583435
973,3,229,0.8436664342880249
974,3,230,0.822969377040863
975,3,231,0.7615304589271545
976,3,232,0.9711933732032776
977,3,233,0.7089715003967285
978,3,234,0.9554558992385864
979,3,235,0.9330201148986816
980,3,236,0.7714340686798096
981,3,237,0.6991832256317139
982,3,238,0.7712547779083252
983,3,239,0.840207040309906
984,3,240,0.7275820374488831
985,3,241,0.7200851440429688
986,3,242,0.8148265480995178
987,3,243,0.9238975644111633
988,3,244,0.8215226531028748
989,3,245,0.7556613683700562
990,3,246,0.8575412034988403
991,3,247,1.07794988155365
992,3,248,0.8786673545837402
993,3,249,0.7700135111808777
994,3,250,1.0979005098342896
995,3,251,0.9584799408912659
996,3,252,0.70429927110672
997,3,253,0.8457415699958801
998,3,254,0.7836223244667053
999,3,255,0.942386269569397
1000,3,256,0.8340442776679993
1001,3,257,0.9901930093765259
1002,3,258,0.8346588015556335
1003,3,259,0.7637377977371216
1004,3,260,0.7295167446136475
1005,3,261,1.5390266180038452
1006,3,262,0.6773930788040161
1007,3,263,0.8327948451042175
1008,3,264,0.8733786940574646
1009,3,265,0.9173569679260254
1010,3,266,1.0115936994552612
1011,3,267,0.9342322945594788
1012,3,268,0.7588528394699097
1013,3,269,0.8036527633666992
1014,3,270,0.8021807670593262
1015,3,271,0.8695663809776306
1016,3,272,0.7466791272163391
1017,3,273,0.771325409412384
1018,3,274,0.6896132826805115
1019,3,275,0.7691292762756348
1020,3,276,0.7734928131103516
1021,3,277,0.7585362792015076
1022,3,278,0.7308288812637329
1023,3,279,0.7564288973808289
1024,3,280,0.7260018587112427
1025,3,281,0.8371972441673279
1026,3,282,0.8576535582542419
1027,3,283,1.3108845949172974
1028,3,284,0.7224116325378418
1029,3,285,0.7428264021873474
1030,3,286,0.740276038646698
1031,3,287,0.8289774656295776
1032,3,288,0.8860036134719849
1033,3,289,1.198854684829712
1034,3,290,0.8148126006126404
1035,3,291,0.8100717663764954
1036,3,292,0.6569966077804565
1037,3,293,1.0000921487808228
1038,3,294,0.77621990442276
1039,3,295,0.7766899466514587
1040,3,296,0.7482276558876038
1041,3,297,0.7929061651229858
1042,3,298,0.7621902823448181
1043,3,299,1.0373034477233887
1044,3,300,0.9453355669975281
1045,3,301,0.8975481986999512
1046,3,302,0.8103554844856262
1047,3,303,0.7565755248069763
1048,3,304,0.8927172422409058
1049,3,305,1.1048184633255005
1050,3,306,0.7666859030723572
1051,3,307,0.8992688059806824
1052,3,308,0.8045862317085266
1053,3,309,0.7340508699417114
1054,3,310,0.714716374874115
1055,3,311,0.8269309401512146
1056,3,312,0.7226788997650146
1057,3,313,0.8584740161895752
1058,3,314,0.7112216949462891
1059,3,315,0.8715148568153381
1060,3,316,0.752438485622406
1061,3,317,1.6159851551055908
1062,3,318,0.7499009966850281
1063,3,319,0.8873891830444336
1064,3,320,0.7539404034614563
1065,3,321,0.9771757125854492
1066,3,322,0.9529885053634644
1067,3,323,0.6907268762588501
1068,3,324,0.7331357598304749
1069,3,325,0.8105034828186035
1070,3,326,0.7347981333732605
1071,3,327,0.7103358507156372
1072,3,328,0.8174084424972534
1073,3,329,1.0692890882492065
1074,3,330,0.9658922553062439
1075,3,331,0.7586169242858887
1076,3,332,0.8651765584945679
1077,3,333,0.9059129953384399
1078,3,334,0.7101171016693115
1079,3,335,0.7596268653869629
1080,3,336,0.747891366481781
1081,3,337,0.9314795732498169
1082,3,338,0.7138586640357971
1083,3,339,0.7626572251319885
1084,3,340,0.8148236870765686
1085,3,341,0.6840935945510864
1086,3,342,0.7552117705345154
1087,3,343,0.7961425185203552
1088,3,344,0.7956986427307129
1089,3,345,0.8742897510528564
1090,3,346,0.7491329312324524
1091,3,347,0.7828670144081116
1092,3,348,0.8182958960533142
1093,3,349,0.7492784261703491
1094,3,350,0.9090865254402161
1095,3,351,0.7154362201690674
1096,3,352,0.7210881114006042
1097,3,353,0.7003709673881531
1098,3,354,0.8182583451271057
1099,3,355,0.7538678050041199
1100,3,356,0.6697790026664734
1101,3,357,0.6642014384269714
1102,3,358,0.7374364137649536
1103,3,359,0.7806324362754822
1104,3,360,0.8770377039909363
1105,3,361,0.8871864080429077
1106,3,362,0.6693660616874695
1107,3,363,0.7424718141555786
1108,3,364,0.7035356760025024
1109,3,365,0.6762934327125549
1110,3,366,0.7821677327156067
1111,3,367,0.7322253584861755
1112,3,368,0.6502061486244202
1113,3,369,0.8111223578453064
1114,3,370,0.9341074228286743
1115,3,371,0.7827563285827637
1116,3,372,0.7457906603813171
1117,4,1,0.6980369687080383
1118,4,2,0.6598249673843384
1119,4,3,0.6721950769424438
1120,4,4,0.6927427053451538
1121,4,5,0.7179797291755676
1122,4,6,0.6595965623855591
1123,4,7,0.7618331909179688
1124,4,8,0.622161865234375
1125,4,9,0.9401676058769226
1126,4,10,0.7232040166854858
1127,4,11,0.7033064365386963
1128,4,12,0.8666760325431824
1129,4,13,0.7931643724441528
1130,4,14,0.7251446843147278
1131,4,15,0.7970708608627319
1132,4,16,0.6440086364746094
1133,4,17,1.216522455215454
1134,4,18,0.6872515082359314
1135,4,19,0.683745801448822
1136,4,20,1.151069164276123
1137,4,21,0.6452579498291016
1138,4,22,0.6655307412147522
1139,4,23,0.6675873398780823
1140,4,24,0.682140052318573
1141,4,25,0.7069920301437378
1142,4,26,1.0914618968963623
1143,4,27,0.6088392734527588
1144,4,28,0.7388834953308105
1145,4,29,0.6823760271072388
1146,4,30,0.7971944212913513
1147,4,31,1.565898060798645
1148,4,32,1.0407248735427856
1149,4,33,0.8099840879440308
1150,4,34,0.7347673177719116
1151,4,35,0.6283422112464905
1152,4,36,0.786529004573822
1153,4,37,0.6455176472663879
1154,4,38,0.7771210074424744
1155,4,39,0.6866673827171326
1156,4,40,0.6835021376609802
1157,4,41,0.6616058349609375
1158,4,42,0.6926004886627197
1159,4,43,0.7922806143760681
1160,4,44,0.7790682315826416
1161,4,45,0.6884403228759766
1162,4,46,0.6793709397315979
1163,4,47,0.7382347583770752
1164,4,48,0.7400186657905579
1165,4,49,0.6198402643203735
1166,4,50,0.7614028453826904
1167,4,51,0.7495942711830139
1168,4,52,0.8537982702255249
1169,4,53,0.6783121824264526
1170,4,54,0.6688021421432495
1171,4,55,0.8073965311050415
1172,4,56,0.7088330388069153
1173,4,57,0.7887849807739258
1174,4,58,0.72381192445755
1175,4,59,0.7734037041664124
1176,4,60,0.7240197062492371
1177,4,61,0.6286037564277649
1178,4,62,0.671438992023468
1179,4,63,0.7385101318359375
1180,4,64,0.8487396836280823
1181,4,65,0.5773670673370361
1182,4,66,0.6830270290374756
1183,4,67,1.0315825939178467
1184,4,68,0.8574159145355225
1185,4,69,0.7188740968704224
1186,4,70,0.596666693687439
1187,4,71,0.6616870760917664
1188,4,72,0.680040180683136
1189,4,73,0.6796283721923828
1190,4,74,0.7681100368499756
1191,4,75,0.8348576426506042
1192,4,76,0.740852952003479
1193,4,77,0.7556617856025696
1194,4,78,0.7113887667655945
1195,4,79,0.7360497117042542
1196,4,80,0.6888917088508606
1197,4,81,0.8217523097991943
1198,4,82,0.7076228260993958
1199,4,83,0.6031941175460815
1200,4,84,0.8632165193557739
1201,4,85,0.7664796113967896
1202,4,86,0.6450518369674683
1203,4,87,0.6954237818717957
1204,4,88,0.7231777906417847
1205,4,89,0.6367579698562622
1206,4,90,0.6498620510101318
1207,4,91,1.0176067352294922
1208,4,92,0.7172393202781677
1209,4,93,0.6218647956848145
1210,4,94,0.7736490964889526
1211,4,95,0.6690059900283813
1212,4,96,0.6804466843605042
1213,4,97,0.8068254590034485
1214,4,98,0.6462985277175903
1215,4,99,0.7204084396362305
1216,4,100,0.61896812915802
1217,4,101,0.6924740672111511
1218,4,102,0.7637848854064941
1219,4,103,0.6472383737564087
1220,4,104,1.2831141948699951
1221,4,105,0.638420581817627
1222,4,106,0.6718418598175049
1223,4,107,0.6993836164474487
1224,4,108,0.7070768475532532
1225,4,109,0.5800747275352478
1226,4,110,0.6968590021133423
1227,4,111,0.7847399115562439
1228,4,112,0.6711812615394592
1229,4,113,0.6257116198539734
1230,4,114,0.6873462200164795
1231,4,115,0.6883665323257446
1232,4,116,0.6560315489768982
1233,4,117,0.6792625188827515
1234,4,118,0.6115972995758057
1235,4,119,0.6556535363197327
1236,4,120,0.7354600429534912
1237,4,121,0.592011034488678
1238,4,122,0.6848750114440918
1239,4,123,0.584598183631897
1240,4,124,0.7945361137390137
1241,4,125,0.586256742477417
1242,4,126,0.654488742351532
1243,4,127,0.6562067270278931
1244,4,128,0.6464465856552124
1245,4,129,0.8721104264259338
1246,4,130,0.6528793573379517
1247,4,131,0.6438868045806885
1248,4,132,0.6690415740013123
1249,4,133,0.6336039900779724
1250,4,134,0.5826491713523865
1251,4,135,0.7398393154144287
1252,4,136,0.5794933438301086
1253,4,137,0.6615482568740845
1254,4,138,0.7905045747756958
1255,4,139,0.55832439661026
1256,4,140,0.5684584379196167
1257,4,141,0.5638883709907532
1258,4,142,0.6606436967849731
1259,4,143,0.6547765731811523
1260,4,144,0.6016199588775635
1261,4,145,0.6871410608291626
1262,4,146,0.7295203804969788
1263,4,147,0.5948092341423035
1264,4,148,0.6537390351295471
1265,4,149,0.6466870307922363
1266,4,150,0.7412315011024475
1267,4,151,0.7231587767601013
1268,4,152,0.7593087553977966
1269,4,153,0.7288621664047241
1270,4,154,0.6052835583686829
1271,4,155,0.6925704479217529
1272,4,156,0.6357903480529785
1273,4,157,0.6307695508003235
1274,4,158,0.5986828804016113
1275,4,159,0.6737029552459717
1276,4,160,0.7960222959518433
1277,4,161,0.6273905038833618
1278,4,162,0.5750715136528015
1279,4,163,0.7131819725036621
1280,4,164,0.6939663290977478
1281,4,165,0.5608397126197815
1282,4,166,0.6735185980796814
1283,4,167,0.6352850198745728
1284,4,168,0.5630282759666443
1285,4,169,0.5579758882522583
1286,4,170,0.680782675743103
1287,4,171,0.6261000037193298
1288,4,172,0.5779473781585693
1289,4,173,0.6021462082862854
1290,4,174,1.7694846391677856
1291,4,175,0.6516498327255249
1292,4,176,0.7037349343299866
1293,4,177,1.2478951215744019
1294,4,178,0.7206781506538391
1295,4,179,0.9394084215164185
1296,4,180,0.5347511172294617
1297,4,181,0.6518343687057495
1298,4,182,0.5950607657432556
1299,4,183,0.6684690117835999
1300,4,184,0.6703210473060608
1301,4,185,0.6749213933944702
1302,4,186,1.037636160850525
1303,4,187,0.5057339072227478
1304,4,188,0.6287743449211121
1305,4,189,0.624188244342804
1306,4,190,0.602584719657898
1307,4,191,0.6316264271736145
1308,4,192,0.6220890879631042
1309,4,193,0.6397179961204529
1310,4,194,0.5717089772224426
1311,4,195,0.8529087901115417
1312,4,196,0.7207134962081909
1313,4,197,0.609107494354248
1314,4,198,0.7576445937156677
1315,4,199,0.613919198513031
1316,4,200,0.6448907852172852
1317,4,201,0.6767467260360718
1318,4,202,0.5425923466682434
1319,4,203,0.6399856805801392
1320,4,204,0.5844608545303345
1321,4,205,0.6488440632820129
1322,4,206,0.5610015988349915
1323,4,207,0.6162387728691101
1324,4,208,0.6069952249526978
1325,4,209,0.7132423520088196
1326,4,210,1.1988047361373901
1327,4,211,0.8208398818969727
1328,4,212,0.5885124206542969
1329,4,213,0.5830199718475342
1330,4,214,0.6953341960906982
1331,4,215,0.5743032097816467
1332,4,216,0.6529228687286377
1333,4,217,0.6551150679588318
1334,4,218,0.6519988179206848
1335,4,219,0.7172129154205322
1336,4,220,0.6240143775939941
1337,4,221,0.6937551498413086
1338,4,222,0.6577029228210449
1339,4,223,1.462597370147705
1340,4,224,0.7759234309196472
1341,4,225,0.6863681077957153
1342,4,226,0.5869437456130981
1343,4,227,0.5315472483634949
1344,4,228,0.6241053342819214
1345,4,229,0.5416775941848755
1346,4,230,0.6882258057594299
1347,4,231,0.5561819672584534
1348,4,232,0.6673619747161865
1349,4,233,0.5777180194854736
1350,4,234,0.6109644770622253
1351,4,235,0.5513670444488525
1352,4,236,0.8753926753997803
1353,4,237,0.6467273235321045
1354,4,238,0.533414363861084
1355,4,239,0.5716588497161865
1356,4,240,0.6108916997909546
1357,4,241,0.6848236322402954
1358,4,242,0.5668085813522339
1359,4,243,0.6031067967414856
1360,4,244,0.6383262872695923
1361,4,245,0.6434953808784485
1362,4,246,0.5722847580909729
1363,4,247,0.6827113032341003
1364,4,248,0.7258393168449402
1365,4,249,0.5865561962127686
1366,4,250,0.7137642502784729
1367,4,251,0.5639522075653076
1368,4,252,0.5889890789985657
1369,4,253,0.60361248254776
1370,4,254,0.5716002583503723
1371,4,255,1.3567547798156738
1372,4,256,0.5653037428855896
1373,4,257,0.5830790400505066
1374,4,258,0.5974693894386292
1375,4,259,0.5509283542633057
1376,4,260,0.6483470797538757
1377,4,261,0.5939792990684509
1378,4,262,0.6256022453308105
1379,4,263,0.7111579775810242
1380,4,264,0.5340536236763
1381,4,265,0.7422664165496826
1382,4,266,0.9321684837341309
1383,4,267,0.6464661955833435
1384,4,268,0.5243523716926575
1385,4,269,0.5322230458259583
1386,4,270,0.5815796256065369
1387,4,271,0.7628945708274841
1388,4,272,0.5891250967979431
1389,4,273,0.723677396774292
1390,4,274,0.7340435981750488
1391,4,275,0.6622698903083801
1392,4,276,0.6245484352111816
1393,4,277,0.6832317113876343
1394,4,278,0.5205038785934448
1395,4,279,0.9465361833572388
1396,4,280,0.5120724439620972
1397,4,281,0.63759845495224
1398,4,282,0.5664473176002502
1399,4,283,0.6220839023590088
1400,4,284,0.6096256971359253
1401,4,285,0.5240707993507385
1402,4,286,0.7572045922279358
1403,4,287,0.8537269830703735
1404,4,288,0.6314936280250549
1405,4,289,0.6886366605758667
1406,4,290,0.5902773141860962
1407,4,291,0.5713711380958557
1408,4,292,0.7471159100532532
1409,4,293,0.5846989154815674
1410,4,294,0.5656343698501587
1411,4,295,0.5302401185035706
1412,4,296,0.8939200639724731
1413,4,297,0.6113514304161072
1414,4,298,0.5847323536872864
1415,4,299,0.7166339755058289
1416,4,300,0.797249436378479
1417,4,301,0.5933789610862732
1418,4,302,0.5425336360931396
1419,4,303,0.6350985765457153
1420,4,304,1.1909300088882446
1421,4,305,0.6706013083457947
1422,4,306,0.6167923212051392
1423,4,307,0.5887596607208252
1424,4,308,0.563605546951294
1425,4,309,0.521559476852417
1426,4,310,0.6407662034034729
1427,4,311,0.6378197073936462
1428,4,312,0.5292845368385315
1429,4,313,0.531391441822052
1430,4,314,0.5756977200508118
1431,4,315,0.5397607684135437
1432,4,316,0.6095690131187439
1433,4,317,0.5649712681770325
1434,4,318,0.5834462642669678
1435,4,319,0.5857704281806946
1436,4,320,0.5545781850814819
1437,4,321,0.6499961614608765
1438,4,322,0.5411468148231506
1439,4,323,0.7537895441055298
1440,4,324,0.6055511832237244
1441,4,325,1.370309829711914
1442,4,326,0.9478155374526978
1443,4,327,0.5545394420623779
1444,4,328,1.885731816291809
1445,4,329,0.6617599725723267
1446,4,330,0.6320943236351013
1447,4,331,0.9992414712905884
1448,4,332,0.6135467290878296
1449,4,333,0.559524416923523
1450,4,334,0.5166314840316772
1451,4,335,0.7039741277694702
1452,4,336,0.6487025022506714
1453,4,337,0.7175661325454712
1454,4,338,0.619918942451477
1455,4,339,0.6328305006027222
1456,4,340,0.5951820611953735
1457,4,341,0.6392308473587036
1458,4,342,0.5865326523780823
1459,4,343,0.5850950479507446
1460,4,344,0.727402925491333
1461,4,345,0.6522142887115479
1462,4,346,0.5717786550521851
1463,4,347,0.5306394696235657
1464,4,348,0.5580634474754333
1465,4,349,0.5353491902351379
1466,4,350,0.564211905002594
1467,4,351,0.6527981162071228
1468,4,352,0.5984421372413635
1469,4,353,0.5625430345535278
1470,4,354,0.5740860104560852
1471,4,355,0.5811494588851929
1472,4,356,0.5686651468276978
1473,4,357,0.66424560546875
1474,4,358,0.6175017952919006
1475,4,359,0.637060821056366
1476,4,360,0.8388274312019348
1477,4,361,0.7095186710357666
1478,4,362,0.5587486624717712
1479,4,363,0.9016311168670654
1480,4,364,0.4686921238899231
1481,4,365,0.5269566178321838
1482,4,366,0.5617380142211914
1483,4,367,0.5141422748565674
1484,4,368,0.561288058757782
1485,4,369,0.5085312724113464
1486,4,370,0.5568053722381592
1487,4,371,0.6004034876823425
1488,4,372,0.5799874663352966
1489,5,1,0.4868200123310089
1490,5,2,0.5225115418434143
1491,5,3,0.5390970706939697
1492,5,4,0.46355506777763367
1493,5,5,0.6028061509132385
1494,5,6,0.6479979753494263
1495,5,7,0.4571017026901245
1496,5,8,0.6199794411659241
1497,5,9,0.5116071105003357
1498,5,10,0.5534217357635498
1499,5,11,0.4957592785358429
1500,5,12,0.5875622034072876
1501,5,13,0.5509617328643799
1502,5,14,0.5137089490890503
1503,5,15,0.5754067897796631
1504,5,16,0.5427634119987488
1505,5,17,0.4954310655593872
1506,5,18,0.47222283482551575
1507,5,19,0.5070686936378479
1508,5,20,0.6163903474807739
1509,5,21,0.5261643528938293
1510,5,22,0.5317040681838989
1511,5,23,0.46943747997283936
1512,5,24,0.6176816821098328
1513,5,25,0.5572501420974731
1514,5,26,0.4779840409755707
1515,5,27,0.7520896792411804
1516,5,28,0.6472057104110718
1517,5,29,0.49206486344337463
1518,5,30,0.5291062593460083
1519,5,31,0.521513044834137
1520,5,32,0.5559930801391602
1521,5,33,1.820115089416504
1522,5,34,0.5006616115570068
1523,5,35,0.5387999415397644
1524,5,36,0.5304518342018127
1525,5,37,0.5232886075973511
1526,5,38,0.48684263229370117
1527,5,39,0.5428921580314636
1528,5,40,0.49119454622268677
1529,5,41,0.5701546669006348
1530,5,42,0.6171948313713074
1531,5,43,0.4827791750431061
1532,5,44,0.5060574412345886
1533,5,45,0.421054482460022
1534,5,46,0.5479684472084045
1535,5,47,0.6728414297103882
1536,5,48,0.5128170847892761
1537,5,49,0.5648151636123657
1538,5,50,0.5886676907539368
1539,5,51,0.6808884143829346
1540,5,52,0.5286687016487122
1541,5,53,0.6010488271713257
1542,5,54,0.5150098204612732
1543,5,55,0.4722506105899811
1544,5,56,0.43551307916641235
1545,5,57,0.8549425601959229
1546,5,58,0.45665213465690613
1547,5,59,1.338325023651123
1548,5,60,0.5678989887237549
1549,5,61,0.5074620842933655
1550,5,62,1.0772508382797241
1551,5,63,0.5643682479858398
1552,5,64,0.6183015704154968
1553,5,65,0.5741134285926819
1554,5,66,0.6177220344543457
1555,5,67,0.4132785201072693
1556,5,68,0.5727908611297607
1557,5,69,0.6052624583244324
1558,5,70,0.49257028102874756
1559,5,71,0.5058879852294922
1560,5,72,0.4436439871788025
1561,5,73,0.5627714395523071
1562,5,74,0.4804977774620056
1563,5,75,0.4984740912914276
1564,5,76,0.514096200466156
1565,5,77,0.5523903965950012
1566,5,78,0.5122278332710266
1567,5,79,0.4904913306236267
1568,5,80,0.49176570773124695
1569,5,81,1.1711373329162598
1570,5,82,0.515653133392334
1571,5,83,0.5471080541610718
1572,5,84,0.4798440933227539
1573,5,85,1.3062924146652222
1574,5,86,0.6901435256004333
1575,5,87,0.6031671166419983
1576,5,88,0.6447178721427917
1577,5,89,0.5252388715744019
1578,5,90,0.5878324508666992
1579,5,91,0.5004722476005554
1580,5,92,1.3322885036468506
1581,5,93,0.5286426544189453
1582,5,94,0.5578339695930481
1583,5,95,0.6288843154907227
1584,5,96,0.4901653230190277
1585,5,97,0.539994478225708
1586,5,98,0.5219177603721619
1587,5,99,0.5337584614753723
1588,5,100,0.5695957541465759
1589,5,101,0.5245830416679382
1590,5,102,0.522384762763977
1591,5,103,0.4876779317855835
1592,5,104,0.5197922587394714
1593,5,105,0.46419158577919006
1594,5,106,0.4980136752128601
1595,5,107,0.5076887607574463
1596,5,108,0.5261048674583435
1597,5,109,0.47638827562332153
1598,5,110,0.504012942314148
1599,5,111,0.5279889106750488
1600,5,112,0.5495573878288269
1601,5,113,0.4862854778766632
1602,5,114,0.5055651068687439
1603,5,115,0.4147074818611145
1604,5,116,0.6517974138259888
1605,5,117,0.49479565024375916
1606,5,118,0.5868982076644897
1607,5,119,0.4536898732185364
1608,5,120,0.45976120233535767
1609,5,121,0.5600076913833618
1610,5,122,0.43668705224990845
1611,5,123,0.46062958240509033
1612,5,124,0.6977449059486389
1613,5,125,0.5015314221382141
1614,5,126,0.547023594379425
1615,5,127,0.6102105975151062
1616,5,128,0.45638957619667053
1617,5,129,0.454582542181015
1618,5,130,0.5021570324897766
1619,5,131,0.5110352039337158
1620,5,132,0.4099407196044922
1621,5,133,0.46365803480148315
1622,5,134,0.460767537355423
1623,5,135,0.5479531288146973
1624,5,136,0.5534212589263916
1625,5,137,0.5770346522331238
1626,5,138,0.44989460706710815
1627,5,139,0.3814878761768341
1628,5,140,0.6239067912101746
1629,5,141,0.4447780251502991
1630,5,142,0.5198723077774048
1631,5,143,0.5125868320465088
1632,5,144,0.6613802909851074
1633,5,145,0.500862181186676
1634,5,146,0.512607991695404
1635,5,147,0.46177157759666443
1636,5,148,0.5430216193199158
1637,5,149,0.5998638272285461
1638,5,150,0.4912422001361847
1639,5,151,0.4203729033470154
1640,5,152,0.43911612033843994
1641,5,153,0.5748759508132935
1642,5,154,0.495075523853302
1643,5,155,0.7531353831291199
1644,5,156,0.818710446357727
1645,5,157,0.42938196659088135
1646,5,158,0.4955121874809265
1647,5,159,0.8041554689407349
1648,5,160,0.5680949687957764
1649,5,161,0.44910284876823425
1650,5,162,0.5073738694190979
1651,5,163,0.5083057880401611
1652,5,164,0.555527925491333
1653,5,165,0.43947944045066833
1654,5,166,0.49592843651771545
1655,5,167,0.45840463042259216
1656,5,168,0.4021003842353821
1657,5,169,0.5117080211639404
1658,5,170,1.4092659950256348
1659,5,171,0.4831967055797577
1660,5,172,0.47383227944374084
1661,5,173,0.6734461784362793
1662,5,174,0.44844916462898254
1663,5,175,0.4743812382221222
1664,5,176,0.648083508014679
1665,5,177,0.5206434726715088
1666,5,178,0.47462549805641174
1667,5,179,0.4401673674583435
1668,5,180,0.5180162191390991
1669,5,181,0.6266382336616516
1670,5,182,0.5020712018013
1671,5,183,0.6180046200752258
1672,5,184,0.513237714767456
1673,5,185,0.4425862431526184
1674,5,186,0.4602298438549042
1675,5,187,0.5158931016921997
1676,5,188,0.5949034094810486
1677,5,189,0.4777299761772156
1678,5,190,0.4704465866088867
1679,5,191,0.46900102496147156
1680,5,192,0.523409366607666
1681,5,193,0.4969591796398163
1682,5,194,0.4685816764831543
1683,5,195,0.4441169202327728
1684,5,196,0.5732026696205139
1685,5,197,0.6338729858398438
1686,5,198,0.4308227300643921
1687,5,199,0.4564603269100189
1688,5,200,0.5426434874534607
1689,5,201,0.5471094846725464
1690,5,202,0.4858856797218323
1691,5,203,1.3408455848693848
1692,5,204,0.6366068124771118
1693,5,205,0.4799966812133789
1694,5,206,0.5274676084518433
1695,5,207,0.4761308431625366
1696,5,208,0.4727891981601715
1697,5,209,0.47265881299972534
1698,5,210,0.431201696395874
1699,5,211,0.5499866008758545
1700,5,212,0.5971747636795044
1701,5,213,0.5296201109886169
1702,5,214,0.44741207361221313
1703,5,215,0.4536092281341553
1704,5,216,0.5328629612922668
1705,5,217,0.4556053876876831
1706,5,218,0.5798477530479431
1707,5,219,0.5147484540939331
1708,5,220,0.6250496506690979
1709,5,221,0.48245805501937866
1710,5,222,0.477089524269104
1711,5,223,0.6197952628135681
1712,5,224,0.45645976066589355
1713,5,225,0.41849255561828613
1714,5,226,0.446120023727417
1715,5,227,0.5311977863311768
1716,5,228,0.5369119644165039
1717,5,229,0.4517233967781067
1718,5,230,0.5713156461715698
1719,5,231,1.0083717107772827
1720,5,232,0.557770311832428
1721,5,233,0.458883136510849
1722,5,234,0.5970475673675537
1723,5,235,0.5572843551635742
1724,5,236,0.4697635769844055
1725,5,237,0.6119067668914795
1726,5,238,0.5307320356369019
1727,5,239,0.6519155502319336
1728,5,240,0.5733028054237366
1729,5,241,0.459603875875473
1730,5,242,0.5921787023544312
1731,5,243,0.4548613727092743
1732,5,244,0.4721221923828125
1733,5,245,0.528838038444519
1734,5,246,0.6615467071533203
1735,5,247,0.4560127854347229
1736,5,248,0.41578367352485657
1737,5,249,0.477842777967453
1738,5,250,1.195669412612915
1739,5,251,0.4769262969493866
1740,5,252,0.5969060063362122
1741,5,253,0.5366125702857971
1742,5,254,0.7539209723472595
1743,5,255,0.45371294021606445
1744,5,256,0.4483960270881653
1745,5,257,0.6914143562316895
1746,5,258,0.6177660822868347
1747,5,259,0.6958593726158142
1748,5,260,0.45718151330947876
1749,5,261,0.4256282150745392
1750,5,262,0.5267232656478882
1751,5,263,0.6105274558067322
1752,5,264,0.4746338725090027
1753,5,265,0.838458240032196
1754,5,266,0.47522851824760437
1755,5,267,0.47422540187835693
1756,5,268,0.5569066405296326
1757,5,269,0.91805100440979
1758,5,270,0.5945712327957153
1759,5,271,0.4838305413722992
1760,5,272,0.49147382378578186
1761,5,273,0.47740501165390015
1762,5,274,0.4785458445549011
1763,5,275,0.4439782202243805
1764,5,276,0.6378768086433411
1765,5,277,0.4580223560333252
1766,5,278,0.5840109586715698
1767,5,279,0.5574386119842529
1768,5,280,0.6974868178367615
1769,5,281,0.43386310338974
1770,5,282,0.5608377456665039
1771,5,283,0.45785683393478394
1772,5,284,0.5493137836456299
1773,5,285,0.5870273113250732
1774,5,286,0.6911202073097229
1775,5,287,0.534264326095581
1776,5,288,0.40169140696525574
1777,5,289,0.5104546546936035
1778,5,290,0.5477743744850159
1779,5,291,0.4848337173461914
1780,5,292,0.5078515410423279
1781,5,293,0.4772215783596039
1782,5,294,0.5600423812866211
1783,5,295,0.46503549814224243
1784,5,296,1.4195533990859985
1785,5,297,0.486765056848526
1786,5,298,0.43477776646614075
1787,5,299,0.4368772506713867
1788,5,300,0.446629136800766
1789,5,301,0.610519289970398
1790,5,302,0.5072256326675415
1791,5,303,0.524446964263916
1792,5,304,0.4467879831790924
1793,5,305,0.4580463171005249
1794,5,306,0.4609404504299164
1795,5,307,0.638536274433136
1796,5,308,0.42081472277641296
1797,5,309,0.409627765417099
1798,5,310,0.5265947580337524
1799,5,311,0.4455903470516205
1800,5,312,0.5493921041488647
1801,5,313,0.5178303122520447
1802,5,314,0.5210305452346802
1803,5,315,0.566453218460083
1804,5,316,0.5170859694480896
1805,5,317,0.5542566180229187
1806,5,318,0.52226722240448
1807,5,319,0.5160201191902161
1808,5,320,0.6331489086151123
1809,5,321,0.4547252058982849
1810,5,322,0.4558930993080139
1811,5,323,0.6330576539039612
1812,5,324,0.4966825246810913
1813,5,325,0.50468510389328
1814,5,326,0.5303342342376709
1815,5,327,0.5110136866569519
1816,5,328,0.5366994142532349
1817,5,329,0.4529534578323364
1818,5,330,0.5273398756980896
1819,5,331,0.4681672155857086
1820,5,332,0.5102064609527588
1821,5,333,0.4254240393638611
1822,5,334,0.46129003167152405
1823,5,335,0.5087866187095642
1824,5,336,0.5800057649612427
1825,5,337,0.5978671908378601
1826,5,338,0.5543238520622253
1827,5,339,0.4084700345993042
1828,5,340,0.429270476102829
1829,5,341,0.4930616617202759
1830,5,342,0.4595605432987213
1831,5,343,0.43143272399902344
1832,5,344,0.46670272946357727
1833,5,345,0.437635213136673
1834,5,346,0.5296428203582764
1835,5,347,0.43675220012664795
1836,5,348,0.5175231099128723
1837,5,349,0.5746400952339172
1838,5,350,0.5409854054450989
1839,5,351,0.4334588050842285
1840,5,352,0.6266523003578186
1841,5,353,0.44709840416908264
1842,5,354,0.6512265801429749
1843,5,355,0.4774724543094635
1844,5,356,1.3715767860412598
1845,5,357,0.6669894456863403
1846,5,358,0.529647171497345
1847,5,359,0.3429771959781647
1848,5,360,0.5586952567100525
1849,5,361,0.5874359011650085
1850,5,362,0.39510640501976013
1851,5,363,0.5295414328575134
1852,5,364,0.5369179248809814
1853,5,365,0.41339343786239624
1854,5,366,0.47963592410087585
1855,5,367,0.4090927839279175
1856,5,368,0.498384565114975
1857,5,369,0.5024824738502502
1858,5,370,0.5371197462081909
1859,5,371,0.4772278070449829
1860,5,372,0.4336349666118622
1861,6,1,0.44850051403045654
1862,6,2,0.43957164883613586
1863,6,3,0.38933658599853516
1864,6,4,0.9919511079788208
1865,6,5,0.45294469594955444
1866,6,6,0.5686101913452148
1867,6,7,0.46331000328063965
1868,6,8,0.4958195686340332
1869,6,9,0.48909661173820496
1870,6,10,0.499102383852005
1871,6,11,0.3940671980381012
1872,6,12,0.5285211801528931
1873,6,13,0.3932035565376282
1874,6,14,0.39444735646247864
1875,6,15,0.39527300000190735
1876,6,16,0.5224980115890503
1877,6,17,0.5224831104278564
1878,6,18,0.4757804274559021
1879,6,19,0.4407474100589752
1880,6,20,0.3811892569065094
1881,6,21,0.44037705659866333
1882,6,22,0.5404207110404968
1883,6,23,0.42087146639823914
1884,6,24,0.6780872941017151
1885,6,25,0.42856311798095703
1886,6,26,0.4450373649597168
1887,6,27,0.38320687413215637
1888,6,28,0.3902858793735504
1889,6,29,0.8048602938652039
1890,6,30,0.45306670665740967
1891,6,31,0.39524492621421814
1892,6,32,0.4001888036727905
1893,6,33,0.5483599305152893
1894,6,34,0.46482306718826294
1895,6,35,0.44133326411247253
1896,6,36,0.3470110595226288
1897,6,37,0.5162372589111328
1898,6,38,0.38413798809051514
1899,6,39,0.45731842517852783
1900,6,40,0.6601324677467346
1901,6,41,1.1622782945632935
1902,6,42,0.4778289198875427
1903,6,43,0.5091117024421692
1904,6,44,1.267686128616333
1905,6,45,0.5291183590888977
1906,6,46,0.40701302886009216
1907,6,47,0.5859439969062805
1908,6,48,0.4761618375778198
1909,6,49,0.4927533268928528
1910,6,50,0.46588677167892456
1911,6,51,0.4064292311668396
1912,6,52,0.4141569137573242
1913,6,53,0.4802230894565582
1914,6,54,0.4889450669288635
1915,6,55,0.37442126870155334
1916,6,56,0.46937355399131775
1917,6,57,0.37306222319602966
1918,6,58,0.4328685700893402
1919,6,59,0.9397321343421936
1920,6,60,0.4693554937839508
1921,6,61,0.7187851667404175
1922,6,62,0.45738986134529114
1923,6,63,0.420725017786026
1924,6,64,0.48847800493240356
1925,6,65,0.3966520428657532
1926,6,66,0.5412293672561646
1927,6,67,0.6142302751541138
1928,6,68,0.49696552753448486
1929,6,69,0.42576247453689575
1930,6,70,0.4781720042228699
1931,6,71,0.4988691806793213
1932,6,72,0.4542422592639923
1933,6,73,0.4763931334018707
1934,6,74,0.40729597210884094
1935,6,75,0.5770285725593567
1936,6,76,0.43271705508232117
1937,6,77,0.4325851798057556
1938,6,78,0.5068329572677612
1939,6,79,0.43136391043663025
1940,6,80,0.39844828844070435
1941,6,81,0.4099179804325104
1942,6,82,0.4221501350402832
1943,6,83,0.507887601852417
1944,6,84,0.4445621967315674
1945,6,85,0.4981398284435272
1946,6,86,0.5560988783836365
1947,6,87,0.4144690930843353
1948,6,88,0.43292954564094543
1949,6,89,0.5361443758010864
1950,6,90,0.3363983631134033
1951,6,91,0.4960593581199646
1952,6,92,0.41509392857551575
1953,6,93,0.409463107585907
1954,6,94,0.3894428312778473
1955,6,95,0.3829408884048462
1956,6,96,0.39751139283180237
1957,6,97,0.4799920916557312
1958,6,98,0.3461855351924896
1959,6,99,0.44070300459861755
1960,6,100,0.4289058744907379
1961,6,101,0.36294880509376526
1962,6,102,0.3710023760795593
1963,6,103,0.4230932295322418
1964,6,104,0.491946280002594
1965,6,105,0.35401660203933716
1966,6,106,0.4258120656013489
1967,6,107,0.5140851140022278
1968,6,108,0.3893291652202606
1969,6,109,0.42962074279785156
1970,6,110,1.2950584888458252
1971,6,111,0.4642162024974823
1972,6,112,0.5289840698242188
1973,6,113,0.4015590250492096
1974,6,114,0.4021460711956024
1975,6,115,0.44983410835266113
1976,6,116,0.409749835729599
1977,6,117,0.39459654688835144
1978,6,118,0.4628743529319763
1979,6,119,0.4220231771469116
1980,6,120,0.46484091877937317
1981,6,121,0.3547881245613098
1982,6,122,0.548858642578125
1983,6,123,0.5254701375961304
1984,6,124,0.41135546565055847
1985,6,125,0.40143048763275146
1986,6,126,0.338164746761322
1987,6,127,0.4178398847579956
1988,6,128,0.3308211863040924
1989,6,129,0.3716311752796173
1990,6,130,0.5078173875808716
1991,6,131,0.45269522070884705
1992,6,132,0.6332882046699524
1993,6,133,0.39759179949760437
1994,6,134,0.5311375856399536
1995,6,135,0.4242265522480011
1996,6,136,0.46038803458213806
1997,6,137,0.460888534784317
1998,6,138,0.5108426809310913
1999,6,139,0.40816736221313477
2000,6,140,0.4123559296131134
2001,6,141,0.5080345273017883
2002,6,142,0.6225008964538574
2003,6,143,0.39860281348228455
2004,6,144,0.488207072019577
2005,6,145,0.4697848856449127
2006,6,146,0.3736521601676941
2007,6,147,0.5375419855117798
2008,6,148,0.8097395896911621
2009,6,149,0.4723059833049774
2010,6,150,0.37977123260498047
2011,6,151,0.4523681402206421
2012,6,152,0.3731108605861664
2013,6,153,0.4685160219669342
2014,6,154,0.42403411865234375
2015,6,155,0.3651185929775238
2016,6,156,0.4213673174381256
2017,6,157,0.4182625114917755
2018,6,158,0.4533351957798004
2019,6,159,0.45688897371292114
2020,6,160,0.6054568886756897
2021,6,161,0.41337868571281433
2022,6,162,0.3967839777469635
2023,6,163,0.3807080388069153
2024,6,164,0.42487621307373047
2025,6,165,0.4340818524360657
2026,6,166,0.4820210039615631
2027,6,167,0.4574081599712372
2028,6,168,0.608393669128418
2029,6,169,0.3718618154525757
2030,6,170,0.4778474271297455
2031,6,171,0.5962597131729126
2032,6,172,0.3697536587715149
2033,6,173,0.3507460653781891
2034,6,174,0.4806533753871918
2035,6,175,0.3976519703865051
2036,6,176,0.47061124444007874
2037,6,177,0.4884171485900879
2038,6,178,0.392047256231308
2039,6,179,0.5244288444519043
2040,6,180,0.408054381608963
2041,6,181,0.46218371391296387
2042,6,182,0.39911729097366333
2043,6,183,0.3498280942440033
2044,6,184,0.35633569955825806
2045,6,185,0.634630024433136
2046,6,186,0.6120373010635376
2047,6,187,0.4710044860839844
2048,6,188,0.42549410462379456
2049,6,189,0.34056946635246277
2050,6,190,0.3894878029823303
2051,6,191,0.3712175190448761
2052,6,192,1.201081395149231
2053,6,193,0.5540636777877808
2054,6,194,0.4241921901702881
2055,6,195,0.8250268697738647
2056,6,196,0.3682739734649658
2057,6,197,0.3490588665008545
2058,6,198,0.535275936126709
2059,6,199,0.3782925307750702
2060,6,200,0.39733001589775085
2061,6,201,0.34367692470550537
2062,6,202,0.37151452898979187
2063,6,203,1.3365386724472046
2064,6,204,0.3290887773036957
2065,6,205,0.4173227548599243
2066,6,206,0.3531564772129059
2067,6,207,0.3536025881767273
2068,6,208,0.42992982268333435
2069,6,209,0.6825802326202393
2070,6,210,0.3931243121623993
2071,6,211,0.47409528493881226
2072,6,212,0.5404916405677795
2073,6,213,0.5075281858444214
2074,6,214,0.4266664683818817
2075,6,215,0.4945905804634094
2076,6,216,0.3744126260280609
2077,6,217,0.4259127080440521
2078,6,218,0.3986996114253998
2079,6,219,0.5583376288414001
2080,6,220,0.43710458278656006
2081,6,221,1.2481739521026611
2082,6,222,0.3549693524837494
2083,6,223,0.42882612347602844
2084,6,224,0.449969083070755
2085,6,225,0.37943562865257263
2086,6,226,1.2507126331329346
2087,6,227,0.518743097782135
2088,6,228,0.4778095483779907
2089,6,229,0.5312603712081909
2090,6,230,0.4288516044616699
2091,6,231,0.5200154781341553
2092,6,232,0.38900235295295715
2093,6,233,0.4987163245677948
2094,6,234,0.39450162649154663
2095,6,235,0.45243749022483826
2096,6,236,0.5464754700660706
2097,6,237,0.3574969172477722
2098,6,238,0.40289896726608276
2099,6,239,0.4051752984523773
2100,6,240,0.37794336676597595
2101,6,241,0.45723018050193787
2102,6,242,0.4889044761657715
2103,6,243,0.4266400635242462
2104,6,244,0.9453164935112
2105,6,245,0.3868979215621948
2106,6,246,0.42900240421295166
2107,6,247,0.4548255503177643
2108,6,248,0.4254077672958374
2109,6,249,0.41941365599632263
2110,6,250,1.0770182609558105
2111,6,251,0.4649043679237366
2112,6,252,0.49311405420303345
2113,6,253,0.447903573513031
2114,6,254,0.4474608302116394
2115,6,255,0.6336185932159424
2116,6,256,0.5014212131500244
2117,6,257,0.4715835452079773
2118,6,258,0.4610922038555145
2119,6,259,0.42925867438316345
2120,6,260,0.42029404640197754
2121,6,261,0.6206607222557068
2122,6,262,0.4082691967487335
2123,6,263,0.40416181087493896
2124,6,264,0.41190552711486816
2125,6,265,0.37060990929603577
2126,6,266,0.35270634293556213
2127,6,267,0.43880030512809753
2128,6,268,0.4039687216281891
2129,6,269,0.4631405770778656
2130,6,270,0.4388244152069092
2131,6,271,0.47951340675354004
2132,6,272,0.35867148637771606
2133,6,273,0.5931570529937744
2134,6,274,0.5598098635673523
2135,6,275,0.4533252716064453
2136,6,276,0.5936249494552612
2137,6,277,0.3423328399658203
2138,6,278,0.37467506527900696
2139,6,279,0.44745975732803345
2140,6,280,0.44589078426361084
2141,6,281,0.4260949194431305
2142,6,282,0.40357503294944763
2143,6,283,0.39049696922302246
2144,6,284,0.4220913350582123
2145,6,285,0.41478025913238525
2146,6,286,0.45483314990997314
2147,6,287,0.38779139518737793
2148,6,288,0.3889220356941223
2149,6,289,0.4888330399990082
2150,6,290,0.3194925785064697
2151,6,291,0.3969072997570038
2152,6,292,0.38954102993011475
2153,6,293,0.43592965602874756
2154,6,294,0.4245041310787201
2155,6,295,0.42451560497283936
2156,6,296,0.39486607909202576
2157,6,297,0.45299965143203735
2158,6,298,0.524022102355957
2159,6,299,0.4035280644893646
2160,6,300,0.42213863134384155
2161,6,301,0.32181692123413086
2162,6,302,0.3432444632053375
2163,6,303,0.4032038152217865
2164,6,304,0.3783189356327057
2165,6,305,0.3665314018726349
2166,6,306,0.3557593822479248
2167,6,307,0.31286126375198364
2168,6,308,0.436521977186203
2169,6,309,0.4060143232345581
2170,6,310,0.3717343509197235
2171,6,311,0.5127759575843811
2172,6,312,0.4034510552883148
2173,6,313,0.3287065029144287
2174,6,314,0.3816944658756256
2175,6,315,0.35444584488868713
2176,6,316,0.40476974844932556
2177,6,317,0.45112374424934387
2178,6,318,0.3371398150920868
2179,6,319,0.4239337742328644
2180,6,320,0.35202205181121826
2181,6,321,0.37676742672920227
2182,6,322,0.3535308837890625
2183,6,323,0.4141539931297302
2184,6,324,0.3349272906780243
2185,6,325,0.6107335090637207
2186,6,326,0.4132303297519684
2187,6,327,0.3736109435558319
2188,6,328,0.6554650664329529
2189,6,329,0.44343408942222595
2190,6,330,0.5182297825813293
2191,6,331,0.4186297655105591
2192,6,332,0.49071526527404785
2193,6,333,0.3898852467536926
2194,6,334,0.4837844967842102
2195,6,335,0.4190957248210907
2196,6,336,0.4271213412284851
2197,6,337,0.4730401337146759
2198,6,338,0.49778348207473755
2199,6,339,0.34952622652053833
2200,6,340,0.32916224002838135
2201,6,341,0.42470696568489075
2202,6,342,0.3583100736141205
2203,6,343,0.34658417105674744
2204,6,344,0.492703378200531
2205,6,345,0.2995118796825409
2206,6,346,0.400585412979126
2207,6,347,0.4713519215583801
2208,6,348,0.45563772320747375
2209,6,349,0.35952645540237427
2210,6,350,0.37241891026496887
2211,6,351,0.3318341076374054
2212,6,352,0.37359419465065
2213,6,353,0.3829557001590729
2214,6,354,0.3305959105491638
2215,6,355,0.44621169567108154
2216,6,356,0.38222402334213257
2217,6,357,0.3725534677505493
2218,6,358,0.9167453050613403
2219,6,359,0.3026961386203766
2220,6,360,0.4028756320476532
2221,6,361,0.39307737350463867
2222,6,362,0.4606819152832031
2223,6,363,0.3498307466506958
2224,6,364,0.3652297556400299
2225,6,365,0.4630964994430542
2226,6,366,0.48027586936950684
2227,6,367,0.38359540700912476
2228,6,368,0.29579704999923706
2229,6,369,0.31782639026641846
2230,6,370,0.3382242023944855
2231,6,371,0.5535770058631897
2232,6,372,1.578654170036316
2233,7,1,0.4978494942188263
2234,7,2,0.3799714148044586
2235,7,3,0.3585837483406067
2236,7,4,0.45723506808280945
2237,7,5,0.46538031101226807
2238,7,6,0.6795275211334229
2239,7,7,0.41766825318336487
2240,7,8,0.4097500443458557
2241,7,9,0.39940494298934937
2242,7,10,0.44635507464408875
2243,7,11,0.45170092582702637
2244,7,12,0.4329344928264618
2245,7,13,0.3712901175022125
2246,7,14,0.4470118582248688
2247,7,15,0.5452940464019775
2248,7,16,0.3651878833770752
2249,7,17,0.4354630410671234
2250,7,18,0.45447221398353577
2251,7,19,0.502875566482544
2252,7,20,0.4197433590888977
2253,7,21,0.33024880290031433
2254,7,22,0.32866033911705017
2255,7,23,0.37659451365470886
2256,7,24,0.37272027134895325
2257,7,25,0.6584348082542419
2258,7,26,0.36550992727279663
2259,7,27,0.4062039852142334
2260,7,28,0.3701528012752533
2261,7,29,0.37836235761642456
2262,7,30,0.4039373993873596
2263,7,31,0.32329145073890686
2264,7,32,0.3966425955295563
2265,7,33,0.41005125641822815
2266,7,34,0.36457183957099915
2267,7,35,0.4598228633403778
2268,7,36,0.38214245438575745
2269,7,37,0.4436296820640564
2270,7,38,0.4123738408088684
2271,7,39,0.4186849594116211
2272,7,40,0.2978096306324005
2273,7,41,0.3966578245162964
2274,7,42,0.39335110783576965
2275,7,43,0.38321653008461
2276,7,44,0.7544678449630737
2277,7,45,0.48776325583457947
2278,7,46,0.43433454632759094
2279,7,47,0.3932139277458191
2280,7,48,0.3402179181575775
2281,7,49,0.31780537962913513
2282,7,50,0.3401232659816742
2283,7,51,0.39047831296920776
2284,7,52,0.4083666205406189
2285,7,53,0.3414883315563202
2286,7,54,0.3816015124320984
2287,7,55,0.29451024532318115
2288,7,56,0.3922324776649475
2289,7,57,0.4354763925075531
2290,7,58,0.3791966736316681
2291,7,59,0.3681793808937073
2292,7,60,1.1273537874221802
2293,7,61,0.4122978150844574
2294,7,62,0.40476712584495544
2295,7,63,0.38349178433418274
2296,7,64,0.3258803188800812
2297,7,65,0.47498413920402527
2298,7,66,0.3070198893547058
2299,7,67,0.34685423970222473
2300,7,68,0.5302157402038574
2301,7,69,0.38226455450057983
2302,7,70,0.351378858089447
2303,7,71,0.3763119876384735
2304,7,72,0.3140639066696167
2305,7,73,0.410368412733078
2306,7,74,0.3599359691143036
2307,7,75,0.36199378967285156
2308,7,76,0.43655386567115784
2309,7,77,0.3755822479724884
2310,7,78,0.32005447149276733
2311,7,79,0.371441513299942
2312,7,80,0.3362111747264862
2313,7,81,0.3466465175151825
2314,7,82,0.38889461755752563
2315,7,83,0.4285484552383423
2316,7,84,0.2773348391056061
2317,7,85,0.4112686812877655
2318,7,86,0.308430016040802
2319,7,87,0.3369956314563751
2320,7,88,0.31103163957595825
2321,7,89,0.31054800748825073
2322,7,90,0.3566071093082428
2323,7,91,0.302151083946228
2324,7,92,0.37505048513412476
2325,7,93,0.3702820837497711
2326,7,94,0.33686769008636475
2327,7,95,0.4029730558395386
2328,7,96,0.43522658944129944
2329,7,97,0.9498504996299744
2330,7,98,0.38340356945991516
2331,7,99,0.3982386887073517
2332,7,100,0.3113098442554474
2333,7,101,0.3887265622615814
2334,7,102,0.34256044030189514
2335,7,103,0.3745300769805908
2336,7,104,0.32288891077041626
2337,7,105,0.44361525774002075
2338,7,106,0.3715170621871948
2339,7,107,0.4469996392726898
2340,7,108,0.38047516345977783
2341,7,109,0.49926984310150146
2342,7,110,0.43746447563171387
2343,7,111,0.38198432326316833
2344,7,112,0.35509827733039856
2345,7,113,0.3891151249408722
2346,7,114,0.30365800857543945
2347,7,115,0.333980917930603
2348,7,116,0.3738827705383301
2349,7,117,0.4181848168373108
2350,7,118,0.3673548400402069
2351,7,119,0.34424644708633423
2352,7,120,0.35688191652297974
2353,7,121,1.263453483581543
2354,7,122,0.37851446866989136
2355,7,123,0.3370541036128998
2356,7,124,0.36246758699417114
2357,7,125,0.3036850094795227
2358,7,126,0.3544340133666992
2359,7,127,0.34254327416419983
2360,7,128,0.45898154377937317
2361,7,129,0.5005699396133423
2362,7,130,0.4090006649494171
2363,7,131,0.5671016573905945
2364,7,132,0.36684203147888184
2365,7,133,0.4227755069732666
2366,7,134,0.43598443269729614
2367,7,135,0.335846483707428
2368,7,136,0.38621020317077637
2369,7,137,0.3204643130302429
2370,7,138,0.4341641068458557
2371,7,139,0.3174437880516052
2372,7,140,0.36049753427505493
2373,7,141,0.3335706889629364
2374,7,142,0.3460029363632202
2375,7,143,0.4101456105709076
2376,7,144,0.44372040033340454
2377,7,145,0.3852744698524475
2378,7,146,0.31295713782310486
2379,7,147,0.31671133637428284
2380,7,148,0.41042158007621765
2381,7,149,0.35228610038757324
2382,7,150,0.34733980894088745
2383,7,151,0.3483240008354187
2384,7,152,0.31298691034317017
2385,7,153,0.32122620940208435
2386,7,154,0.6488873958587646
2387,7,155,0.3659946322441101
2388,7,156,0.44832271337509155
2389,7,157,0.34311509132385254
2390,7,158,0.42995864152908325
2391,7,159,0.4086245596408844
2392,7,160,0.49749746918678284
2393,7,161,0.3617929518222809
2394,7,162,0.2869803309440613
2395,7,163,0.3317689299583435
2396,7,164,0.44051870703697205
2397,7,165,0.35956451296806335
2398,7,166,0.3205442726612091
2399,7,167,0.33671751618385315
2400,7,168,0.4187428653240204
2401,7,169,0.37584903836250305
2402,7,170,0.34088173508644104
2403,7,171,0.3705905079841614
2404,7,172,0.3099594712257385
2405,7,173,0.35589006543159485
2406,7,174,0.47932446002960205
2407,7,175,0.34475746750831604
2408,7,176,0.39120253920555115
2409,7,177,0.29610055685043335
2410,7,178,0.3226117789745331
2411,7,179,0.3341297507286072
2412,7,180,0.3587038815021515
2413,7,181,0.39260536432266235
2414,7,182,0.3768329322338104
2415,7,183,0.3938576877117157
2416,7,184,0.3427598774433136
2417,7,185,0.3926536440849304
2418,7,186,0.30586791038513184
2419,7,187,0.39258381724357605
2420,7,188,0.3625530004501343
2421,7,189,0.5006992220878601
2422,7,190,0.30842122435569763
2423,7,191,0.38904812932014465
2424,7,192,0.25428858399391174
2425,7,193,0.3086167275905609
2426,7,194,0.9738882780075073
2427,7,195,0.3333260416984558
2428,7,196,0.35955607891082764
2429,7,197,0.2828599810600281
2430,7,198,0.352512925863266
2431,7,199,0.3473900556564331
2432,7,200,0.4533465802669525
2433,7,201,0.455694317817688
2434,7,202,0.338214635848999
2435,7,203,0.3766883313655853
2436,7,204,0.36715930700302124
2437,7,205,0.323885977268219
2438,7,206,0.6447524428367615
2439,7,207,0.2750128507614136
2440,7,208,0.5028169751167297
2441,7,209,0.3982866108417511
2442,7,210,0.4372309744358063
2443,7,211,0.4032002389431
2444,7,212,0.512787401676178
2445,7,213,0.33975890278816223
2446,7,214,0.3371897339820862
2447,7,215,0.3396357297897339
2448,7,216,0.33196794986724854
2449,7,217,0.30345648527145386
2450,7,218,0.307584285736084
2451,7,219,0.4032467007637024
2452,7,220,0.5335663557052612
2453,7,221,0.3666352331638336
2454,7,222,0.615710437297821
2455,7,223,0.8151670098304749
2456,7,224,0.3265787959098816
2457,7,225,0.3796508014202118
2458,7,226,0.31638771295547485
2459,7,227,0.38707220554351807
2460,7,228,0.3473964035511017
2461,7,229,0.40070146322250366
2462,7,230,0.42590463161468506
2463,7,231,0.32276496291160583
2464,7,232,1.059637188911438
2465,7,233,0.29695844650268555
2466,7,234,0.5178644061088562
2467,7,235,0.5076538324356079
2468,7,236,0.4133186936378479
2469,7,237,0.45701590180397034
2470,7,238,0.4246886074542999
2471,7,239,0.4538998305797577
2472,7,240,0.3589635193347931
2473,7,241,1.0424761772155762
2474,7,242,0.5834919214248657
2475,7,243,0.3373306095600128
2476,7,244,0.4598691463470459
2477,7,245,0.4430207312107086
2478,7,246,0.3868764638900757
2479,7,247,0.6124719977378845
2480,7,248,0.4080374836921692
2481,7,249,0.3886975944042206
2482,7,250,0.36519432067871094
2483,7,251,0.37593212723731995
2484,7,252,0.36601778864860535
2485,7,253,0.5522227883338928
2486,7,254,0.33167219161987305
2487,7,255,0.439420610666275
2488,7,256,0.3803640902042389
2489,7,257,0.4975720942020416
2490,7,258,0.3397690951824188
2491,7,259,0.3842216730117798
2492,7,260,0.43954208493232727
2493,7,261,0.46960127353668213
2494,7,262,0.439471036195755
2495,7,263,0.4072023034095764
2496,7,264,0.6649044156074524
2497,7,265,0.7978366613388062
2498,7,266,0.3091515004634857
2499,7,267,0.571955680847168
2500,7,268,0.7364137172698975
2501,7,269,0.54524827003479
2502,7,270,0.46700870990753174
2503,7,271,0.5319796800613403
2504,7,272,0.5678513646125793
2505,7,273,0.3001492917537689
2506,7,274,0.4108660817146301
2507,7,275,0.38186076283454895
2508,7,276,0.4007267951965332
2509,7,277,0.5249643325805664
2510,7,278,0.44979336857795715
2511,7,279,0.3317393362522125
2512,7,280,0.3420439064502716
2513,7,281,0.4571905732154846
2514,7,282,0.48509684205055237
2515,7,283,0.4323238730430603
2516,7,284,0.3825570046901703
2517,7,285,0.38773220777511597
2518,7,286,0.4434439539909363
2519,7,287,0.4187704920768738
2520,7,288,0.3180072605609894
2521,7,289,0.39175307750701904
2522,7,290,0.4851987063884735
2523,7,291,0.34187066555023193
2524,7,292,0.39525824785232544
2525,7,293,0.4851130545139313
2526,7,294,0.4582056999206543
2527,7,295,0.5749343633651733
2528,7,296,0.4074203372001648
2529,7,297,0.5451823472976685
2530,7,298,0.7266792058944702
2531,7,299,0.4076457619667053
2532,7,300,0.4847259521484375
2533,7,301,0.4113517105579376
2534,7,302,0.3184051513671875
2535,7,303,0.3753999173641205
2536,7,304,0.3610283136367798
2537,7,305,0.3509983718395233
2538,7,306,0.31132346391677856
2539,7,307,0.42533186078071594
2540,7,308,0.3599835932254791
2541,7,309,0.47723665833473206
2542,7,310,0.47713619470596313
2543,7,311,0.3661023676395416
2544,7,312,0.5342894196510315
2545,7,313,0.41124218702316284
2546,7,314,0.3824291229248047
2547,7,315,0.317277729511261
2548,7,316,0.5119109749794006
2549,7,317,0.5297533273696899
2550,7,318,0.6496010422706604
2551,7,319,0.4311469793319702
2552,7,320,0.321046382188797
2553,7,321,0.3088059425354004
2554,7,322,0.3917941749095917
2555,7,323,0.4278104305267334
2556,7,324,0.3851282596588135
2557,7,325,0.3865196108818054
2558,7,326,0.5899754166603088
2559,7,327,0.41019195318222046
2560,7,328,0.492897093296051
2561,7,329,0.37001457810401917
2562,7,330,0.35303640365600586
2563,7,331,0.3777391016483307
2564,7,332,1.0478352308273315
2565,7,333,0.5872584581375122
2566,7,334,0.4254887104034424
2567,7,335,0.37012550234794617
2568,7,336,0.4362349808216095
2569,7,337,0.4581105709075928
2570,7,338,0.34118786454200745
2571,7,339,0.38703861832618713
2572,7,340,0.3781123459339142
2573,7,341,0.3052324652671814
2574,7,342,0.5381799340248108
2575,7,343,0.6390358805656433
2576,7,344,0.41578197479248047
2577,7,345,0.5254461765289307
2578,7,346,0.369127482175827
2579,7,347,0.8568201065063477
2580,7,348,0.4421921670436859
2581,7,349,0.3766596019268036
2582,7,350,0.409621000289917
2583,7,351,0.44388553500175476
2584,7,352,0.4330235421657562
2585,7,353,0.43647152185440063
2586,7,354,0.37528741359710693
2587,7,355,0.43542447686195374
2588,7,356,0.43876320123672485
2589,7,357,0.4055595397949219
2590,7,358,1.2281014919281006
2591,7,359,0.32483214139938354
2592,7,360,1.4016410112380981
2593,7,361,0.3822244107723236
2594,7,362,0.4673319160938263
2595,7,363,0.34884586930274963
2596,7,364,0.4190619885921478
2597,7,365,0.4112713932991028
2598,7,366,0.39865660667419434
2599,7,367,0.6927416920661926
2600,7,368,0.427971214056015
2601,7,369,0.34533339738845825
2602,7,370,0.3250603973865509
2603,7,371,0.4038196802139282
2604,7,372,1.4505624771118164
2605,8,1,0.37162283062934875
2606,8,2,0.34328609704971313
2607,8,3,0.42656710743904114
2608,8,4,0.41329002380371094
2609,8,5,0.30378538370132446
2610,8,6,0.33599817752838135
2611,8,7,0.3318169116973877
2612,8,8,0.5964595675468445
2613,8,9,0.4141080379486084
2614,8,10,0.8490262031555176
2615,8,11,0.47970905900001526
2616,8,12,0.5400245785713196
2617,8,13,0.5040650963783264
2618,8,14,0.31608352065086365
2619,8,15,1.1124024391174316
2620,8,16,0.3968491554260254
2621,8,17,0.4166070222854614
2622,8,18,0.3623366355895996
2623,8,19,0.3931612968444824
2624,8,20,0.4363115131855011
2625,8,21,0.4283309578895569
2626,8,22,0.3609771728515625
2627,8,23,0.4056892693042755
2628,8,24,0.38816800713539124
2629,8,25,0.35518813133239746
2630,8,26,0.34224507212638855
2631,8,27,0.31299686431884766
2632,8,28,0.29834315180778503
2633,8,29,0.26322776079177856
2634,8,30,0.29068702459335327
2635,8,31,0.3740559220314026
2636,8,32,0.4182641804218292
2637,8,33,1.4218171834945679
2638,8,34,0.28808826208114624
2639,8,35,0.3270878791809082
2640,8,36,0.44290539622306824
2641,8,37,0.5221555233001709
2642,8,38,0.3400578796863556
2643,8,39,0.360129177570343
2644,8,40,0.30466875433921814
2645,8,41,0.39071449637413025
2646,8,42,0.48176541924476624
2647,8,43,0.4752620756626129
2648,8,44,0.3663419485092163
2649,8,45,0.2540135681629181
2650,8,46,0.6346080303192139
2651,8,47,0.4277713894844055
2652,8,48,0.33725810050964355
2653,8,49,0.40960073471069336
2654,8,50,0.45754286646842957
2655,8,51,0.4519950747489929
2656,8,52,0.47592976689338684
2657,8,53,0.5176687836647034
2658,8,54,0.4676225185394287
2659,8,55,0.30134251713752747
2660,8,56,0.3548319637775421
2661,8,57,0.3286176919937134
2662,8,58,0.3481316566467285
2663,8,59,0.3979834318161011
2664,8,60,0.38987213373184204
2665,8,61,0.3657337427139282
2666,8,62,0.39412927627563477
2667,8,63,0.38982728123664856
2668,8,64,0.4717009365558624
2669,8,65,0.5052133202552795
2670,8,66,0.3780566453933716
2671,8,67,0.4513832926750183
2672,8,68,0.34065333008766174
2673,8,69,0.34262919425964355
2674,8,70,0.3710314631462097
2675,8,71,0.36076417565345764
2676,8,72,0.370393842458725
2677,8,73,0.32348647713661194
2678,8,74,0.2963540554046631
2679,8,75,0.3195708692073822
2680,8,76,0.3565860688686371
2681,8,77,0.320772260427475
2682,8,78,0.338703989982605
2683,8,79,0.9583466649055481
2684,8,80,0.40304481983184814
2685,8,81,0.35252276062965393
2686,8,82,0.33563482761383057
2687,8,83,0.6183834075927734
2688,8,84,0.2844674587249756
2689,8,85,0.5632660388946533
2690,8,86,0.3073683977127075
2691,8,87,0.3018474280834198
2692,8,88,0.4441843330860138
2693,8,89,0.3192654848098755
2694,8,90,0.400377094745636
2695,8,91,0.40268564224243164
2696,8,92,0.3674320578575134
2697,8,93,0.31291496753692627
2698,8,94,0.31350332498550415
2699,8,95,0.3888103663921356
2700,8,96,0.31120312213897705
2701,8,97,0.3300206661224365
2702,8,98,0.2876529395580292
2703,8,99,0.28066083788871765
2704,8,100,0.42709600925445557
2705,8,101,0.36542603373527527
2706,8,102,0.32583457231521606
2707,8,103,0.4311491847038269
2708,8,104,0.42193490266799927
2709,8,105,0.3967992663383484
2710,8,106,0.3347974121570587
2711,8,107,0.3950745761394501
2712,8,108,0.43489551544189453
2713,8,109,0.34782376885414124
2714,8,110,0.3407802879810333
2715,8,111,0.4151936173439026
2716,8,112,0.2791692018508911
2717,8,113,0.3863001763820648
2718,8,114,0.30873891711235046
2719,8,115,0.5009781122207642
2720,8,116,0.9210196733474731
2721,8,117,0.392209529876709
2722,8,118,0.30921903252601624
2723,8,119,0.33923861384391785
2724,8,120,0.427844375371933
2725,8,121,0.3343612551689148
2726,8,122,0.41712015867233276
2727,8,123,0.36407706141471863
2728,8,124,0.35566654801368713
2729,8,125,0.3009183406829834
2730,8,126,0.35418033599853516
2731,8,127,0.3423210084438324
2732,8,128,0.32396504282951355
2733,8,129,0.40489763021469116
2734,8,130,0.34467676281929016
2735,8,131,0.36906397342681885
2736,8,132,0.3644235134124756
2737,8,133,0.377719908952713
2738,8,134,0.2639514207839966
2739,8,135,0.45190078020095825
2740,8,136,0.3848629593849182
2741,8,137,0.41682708263397217
2742,8,138,0.26824989914894104
2743,8,139,0.30570855736732483
2744,8,140,0.4157681167125702
2745,8,141,0.3966068923473358
2746,8,142,0.27199652791023254
2747,8,143,0.28531578183174133
2748,8,144,0.43723538517951965
2749,8,145,0.5705633759498596
2750,8,146,0.3732449412345886
2751,8,147,0.47896239161491394
2752,8,148,0.3881151080131531
2753,8,149,0.34051647782325745
2754,8,150,0.3319437503814697
2755,8,151,0.37100550532341003
2756,8,152,0.32758957147598267
2757,8,153,0.45975035429000854
2758,8,154,0.2507769465446472
2759,8,155,0.29211801290512085
2760,8,156,0.34298717975616455
2761,8,157,0.3409823477268219
2762,8,158,0.3130588233470917
2763,8,159,0.24629250168800354
2764,8,160,0.3872106671333313
2765,8,161,0.37161657214164734
2766,8,162,0.2807648777961731
2767,8,163,0.35682931542396545
2768,8,164,0.3631457984447479
2769,8,165,0.3213255703449249
2770,8,166,0.2927667498588562
2771,8,167,0.2778385877609253
2772,8,168,0.4366438686847687
2773,8,169,0.282021701335907
2774,8,170,0.3315194845199585
2775,8,171,0.27507275342941284
2776,8,172,0.6795264482498169
2777,8,173,0.3414425253868103
2778,8,174,0.2957073748111725
2779,8,175,0.29047641158103943
2780,8,176,0.43340155482292175
2781,8,177,0.4286314845085144
2782,8,178,0.3201247453689575
2783,8,179,0.3298463225364685
2784,8,180,0.3896279036998749
2785,8,181,0.6302103400230408
2786,8,182,0.35962891578674316
2787,8,183,0.24095727503299713
2788,8,184,0.27857470512390137
2789,8,185,0.3020116984844208
2790,8,186,0.33587586879730225
2791,8,187,0.3257104456424713
2792,8,188,1.4204941987991333
2793,8,189,0.43791839480400085
2794,8,190,0.3159511387348175
2795,8,191,0.3762679398059845
2796,8,192,0.38949617743492126
2797,8,193,0.279146283864975
2798,8,194,0.36811015009880066
2799,8,195,0.35987570881843567
2800,8,196,0.4492090046405792
2801,8,197,0.3257289528846741
2802,8,198,0.3167361319065094
2803,8,199,0.356355220079422
2804,8,200,0.4102451801300049
2805,8,201,0.3598635792732239
2806,8,202,0.3026774823665619
2807,8,203,0.44804647564888
2808,8,204,0.5971822738647461
2809,8,205,0.34204262495040894
2810,8,206,0.3752135634422302
2811,8,207,1.1332741975784302
2812,8,208,0.4247298240661621
2813,8,209,0.382091760635376
2814,8,210,0.3204730451107025
2815,8,211,0.3433291018009186
2816,8,212,0.3594234585762024
2817,8,213,0.3707982897758484
2818,8,214,0.395255982875824
2819,8,215,0.3781280517578125
2820,8,216,0.42512035369873047
2821,8,217,0.5151098370552063
2822,8,218,0.27714723348617554
2823,8,219,0.2644121050834656
2824,8,220,0.2729281783103943
2825,8,221,0.3211138844490051
2826,8,222,0.30350449681282043
2827,8,223,0.3294229209423065
2828,8,224,0.38539057970046997
2829,8,225,0.29402029514312744
2830,8,226,0.3946048319339752
2831,8,227,0.36694958806037903
2832,8,228,0.5177847146987915
2833,8,229,0.36422640085220337
2834,8,230,0.34590059518814087
2835,8,231,0.3770007789134979
2836,8,232,0.31740838289260864
2837,8,233,0.3130502998828888
2838,8,234,0.345939040184021
2839,8,235,0.30063357949256897
2840,8,236,0.256840318441391
2841,8,237,0.3313749134540558
2842,8,238,0.33836638927459717
2843,8,239,0.5198344588279724
2844,8,240,0.3699117600917816
2845,8,241,0.3127395808696747
2846,8,242,0.5573697090148926
2847,8,243,0.28041961789131165
2848,8,244,0.33193665742874146
2849,8,245,0.2880331575870514
2850,8,246,1.1597552299499512
2851,8,247,0.36063602566719055
2852,8,248,0.2550165057182312
2853,8,249,0.2966718077659607
2854,8,250,0.38547468185424805
2855,8,251,0.45947930216789246
2856,8,252,0.39629805088043213
2857,8,253,0.4024351239204407
2858,8,254,0.282159686088562
2859,8,255,0.3078439235687256
2860,8,256,0.4005871117115021
2861,8,257,0.30302318930625916
2862,8,258,0.3393403887748718
2863,8,259,0.25822871923446655
2864,8,260,0.3181903660297394
2865,8,261,0.303347110748291
2866,8,262,1.0474135875701904
2867,8,263,0.29210251569747925
2868,8,264,0.2926477789878845
2869,8,265,0.37765029072761536
2870,8,266,0.31671690940856934
2871,8,267,0.2879584729671478
2872,8,268,0.378493070602417
2873,8,269,0.3643222749233246
2874,8,270,0.31028375029563904
2875,8,271,0.3295181691646576
2876,8,272,0.311807781457901
2877,8,273,0.3295651972293854
2878,8,274,0.3731192350387573
2879,8,275,0.31036412715911865
2880,8,276,0.3404110372066498
2881,8,277,0.40838608145713806
2882,8,278,0.36456918716430664
2883,8,279,0.3040560781955719
2884,8,280,0.26653075218200684
2885,8,281,0.29422399401664734
2886,8,282,0.29696640372276306
2887,8,283,0.31722596287727356
2888,8,284,0.48735278844833374
2889,8,285,0.35170435905456543
2890,8,286,0.38580387830734253
2891,8,287,0.2983986735343933
2892,8,288,0.33063578605651855
2893,8,289,0.29752764105796814
2894,8,290,0.2594124376773834
2895,8,291,0.29375016689300537
2896,8,292,0.44616150856018066
2897,8,293,0.29325857758522034
2898,8,294,0.337226003408432
2899,8,295,0.28605028986930847
2900,8,296,0.4241360127925873
2901,8,297,0.42054739594459534
2902,8,298,0.27912598848342896
2903,8,299,0.337091326713562
2904,8,300,0.32604992389678955
2905,8,301,0.360645055770874
2906,8,302,0.3124970495700836
2907,8,303,0.3488968312740326
2908,8,304,0.3174457252025604
2909,8,305,0.2640337646007538
2910,8,306,0.2855260968208313
2911,8,307,0.37355631589889526
2912,8,308,0.3964696526527405
2913,8,309,0.45565783977508545
2914,8,310,0.277471661567688
2915,8,311,0.3235108554363251
2916,8,312,0.27275732159614563
2917,8,313,0.2765052318572998
2918,8,314,0.39646342396736145
2919,8,315,0.31708478927612305
2920,8,316,0.2304706871509552
2921,8,317,0.29879236221313477
2922,8,318,0.3119557499885559
2923,8,319,0.3225545585155487
2924,8,320,0.35204803943634033
2925,8,321,0.3015720248222351
2926,8,322,0.3407003581523895
2927,8,323,0.5195376873016357
2928,8,324,0.3461506962776184
2929,8,325,0.2501005530357361
2930,8,326,0.297199547290802
2931,8,327,0.24600912630558014
2932,8,328,0.2817291021347046
2933,8,329,0.42082199454307556
2934,8,330,0.3956242501735687
2935,8,331,0.277908056974411
2936,8,332,0.3729804456233978
2937,8,333,0.47021907567977905
2938,8,334,0.2979901432991028
2939,8,335,0.9962657690048218
2940,8,336,0.2755725383758545
2941,8,337,0.9218425750732422
2942,8,338,0.502142071723938
2943,8,339,0.32262420654296875
2944,8,340,0.41361382603645325
2945,8,341,0.31459295749664307
2946,8,342,0.2940758466720581
2947,8,343,0.39233794808387756
2948,8,344,0.706256628036499
2949,8,345,0.44304320216178894
2950,8,346,0.3569365441799164
2951,8,347,0.40708914399147034
2952,8,348,0.39204922318458557
2953,8,349,0.34994563460350037
2954,8,350,0.2794528901576996
2955,8,351,0.2620089650154114
2956,8,352,0.29646918177604675
2957,8,353,0.23529130220413208
2958,8,354,0.44928184151649475
2959,8,355,0.26015064120292664
2960,8,356,0.3209467828273773
2961,8,357,0.28520944714546204
2962,8,358,0.3453674912452698
2963,8,359,0.3346671462059021
2964,8,360,0.3486802279949188
2965,8,361,0.27518394589424133
2966,8,362,0.3533284664154053
2967,8,363,0.3053959310054779
2968,8,364,0.43373987078666687
2969,8,365,0.3494703769683838
2970,8,366,0.40644407272338867
2971,8,367,0.25693610310554504
2972,8,368,0.31732749938964844
2973,8,369,0.33936765789985657
2974,8,370,0.26714566349983215
2975,8,371,0.5847179293632507
2976,8,372,0.2868400812149048
2977,9,1,0.2516741156578064
2978,9,2,0.29774779081344604
2979,9,3,0.35545921325683594
2980,9,4,0.3156766891479492
2981,9,5,0.34452345967292786
2982,9,6,0.2566205561161041
2983,9,7,0.3098759353160858
2984,9,8,0.29423555731773376
2985,9,9,0.3200888931751251
2986,9,10,0.2978823482990265
2987,9,11,0.43511763215065
2988,9,12,0.4037746489048004
2989,9,13,0.3035920560359955
2990,9,14,0.3242607116699219
2991,9,15,0.39963236451148987
2992,9,16,0.35007336735725403
2993,9,17,0.2511833906173706
2994,9,18,0.3501439392566681
2995,9,19,0.29456254839897156
2996,9,20,0.2785215675830841
2997,9,21,0.32909074425697327
2998,9,22,0.287036269903183
2999,9,23,0.27719646692276
3000,9,24,0.25368937849998474
3001,9,25,0.3236091136932373
3002,9,26,0.32464098930358887
3003,9,27,0.20951469242572784
3004,9,28,0.29938048124313354
3005,9,29,0.24625012278556824
3006,9,30,0.24477383494377136
3007,9,31,0.3009525537490845
3008,9,32,0.2905374765396118
3009,9,33,0.3093106746673584
3010,9,34,0.27453017234802246
3011,9,35,0.29958099126815796
3012,9,36,0.3836434483528137
3013,9,37,0.34489938616752625
3014,9,38,0.2608211040496826
3015,9,39,0.22823120653629303
3016,9,40,0.2528846859931946
3017,9,41,0.32295656204223633
3018,9,42,0.27050459384918213
3019,9,43,0.2551095187664032
3020,9,44,0.28771817684173584
3021,9,45,0.3582032322883606
3022,9,46,0.26051032543182373
3023,9,47,0.26400282979011536
3024,9,48,0.31614890694618225
3025,9,49,0.24890191853046417
3026,9,50,0.27278631925582886
3027,9,51,0.33273157477378845
3028,9,52,0.28050434589385986
3029,9,53,0.3283739387989044
3030,9,54,0.3381807208061218
3031,9,55,0.27708008885383606
3032,9,56,0.2862631380558014
3033,9,57,0.31102630496025085
3034,9,58,0.25635144114494324
3035,9,59,0.2516300678253174
3036,9,60,0.2875366508960724
3037,9,61,0.29790201783180237
3038,9,62,0.26766642928123474
3039,9,63,0.2936236560344696
3040,9,64,0.3055473268032074
3041,9,65,0.28879907727241516
3042,9,66,0.38935595750808716
3043,9,67,0.261292964220047
3044,9,68,0.2993435561656952
3045,9,69,0.2867293655872345
3046,9,70,0.3072301149368286
3047,9,71,0.26166561245918274
3048,9,72,0.3032711446285248
3049,9,73,0.2534390389919281
3050,9,74,0.29086458683013916
3051,9,75,0.24947796761989594
3052,9,76,0.23211196064949036
3053,9,77,0.3527998626232147
3054,9,78,0.2590891718864441
3055,9,79,0.302905797958374
3056,9,80,0.2901146113872528
3057,9,81,0.26988205313682556
3058,9,82,0.4089815020561218
3059,9,83,0.2564021050930023
3060,9,84,0.3098173141479492
3061,9,85,0.30226418375968933
3062,9,86,0.21322649717330933
3063,9,87,0.35202157497406006
3064,9,88,0.4334534704685211
3065,9,89,0.3091314733028412
3066,9,90,0.23943348228931427
3067,9,91,0.35953882336616516
3068,9,92,0.2559988498687744
3069,9,93,0.3629775643348694
3070,9,94,0.3164628744125366
3071,9,95,0.510433554649353
3072,9,96,0.2997848689556122
3073,9,97,0.28738686442375183
3074,9,98,0.2635827660560608
3075,9,99,0.29425448179244995
3076,9,100,0.2712176740169525
3077,9,101,0.37570565938949585
3078,9,102,0.2662917375564575
3079,9,103,0.21470706164836884
3080,9,104,0.26112690567970276
3081,9,105,0.4073854982852936
3082,9,106,0.28602683544158936
3083,9,107,0.27854710817337036
3084,9,108,0.26788341999053955
3085,9,109,0.23424336314201355
3086,9,110,0.38373002409935
3087,9,111,0.3132520616054535
3088,9,112,0.25688445568084717
3089,9,113,0.26039424538612366
3090,9,114,0.2821804881095886
3091,9,115,0.2491401731967926
3092,9,116,0.20759549736976624
3093,9,117,0.33116406202316284
3094,9,118,0.2591950595378876
3095,9,119,0.32028183341026306
3096,9,120,0.2368260622024536
3097,9,121,0.24995464086532593
3098,9,122,0.32023295760154724
3099,9,123,0.8770917057991028
3100,9,124,0.30738988518714905
3101,9,125,0.2441263049840927
3102,9,126,0.259328693151474
3103,9,127,0.29638180136680603
3104,9,128,0.3817564845085144
3105,9,129,0.24510784447193146
3106,9,130,0.4260023832321167
3107,9,131,0.24328796565532684
3108,9,132,0.3686044216156006
3109,9,133,0.25174733996391296
3110,9,134,0.3805326819419861
3111,9,135,1.2151962518692017
3112,9,136,0.2784692347049713
3113,9,137,0.29584449529647827
3114,9,138,0.27203235030174255
3115,9,139,0.424574077129364
3116,9,140,0.42089712619781494
3117,9,141,0.3593734800815582
3118,9,142,0.2631763517856598
3119,9,143,0.371717631816864
3120,9,144,0.37174075841903687
3121,9,145,0.3448795974254608
3122,9,146,0.31129056215286255
3123,9,147,0.23488204181194305
3124,9,148,0.3053319752216339
3125,9,149,0.30875757336616516
3126,9,150,0.30200690031051636
3127,9,151,0.2717292904853821
3128,9,152,0.3230516314506531
3129,9,153,0.30415797233581543
3130,9,154,0.236812025308609
3131,9,155,0.32826608419418335
3132,9,156,0.2853946089744568
3133,9,157,0.41088593006134033
3134,9,158,0.22781969606876373
3135,9,159,0.277365118265152
3136,9,160,0.25150859355926514
3137,9,161,0.360588401556015
3138,9,162,1.0251367092132568
3139,9,163,0.30463066697120667
3140,9,164,0.32071608304977417
3141,9,165,0.31708571314811707
3142,9,166,0.6580836176872253
3143,9,167,0.4582611620426178
3144,9,168,0.349260538816452
3145,9,169,0.29145389795303345
3146,9,170,0.24157708883285522
3147,9,171,0.25567373633384705
3148,9,172,0.3003941476345062
3149,9,173,0.26144251227378845
3150,9,174,0.3647330403327942
3151,9,175,0.2363733947277069
3152,9,176,0.2826443314552307
3153,9,177,0.42898786067962646
3154,9,178,0.37062910199165344
3155,9,179,0.30386704206466675
3156,9,180,0.45638272166252136
3157,9,181,0.3368764817714691
3158,9,182,0.21780095994472504
3159,9,183,0.24076829850673676
3160,9,184,0.29420480132102966
3161,9,185,0.29740217328071594
3162,9,186,0.3386436402797699
3163,9,187,0.3764214813709259
3164,9,188,0.3906853199005127
3165,9,189,0.8126398921012878
3166,9,190,0.3275858163833618
3167,9,191,0.3777863085269928
3168,9,192,0.3249569833278656
3169,9,193,0.26425397396087646
3170,9,194,0.32490068674087524
3171,9,195,0.33652469515800476
3172,9,196,0.25326812267303467
3173,9,197,0.2710908353328705
3174,9,198,0.27489855885505676
3175,9,199,0.3190780282020569
3176,9,200,0.3341636061668396
3177,9,201,0.4007907509803772
3178,9,202,0.3107295036315918
3179,9,203,0.2405480146408081
3180,9,204,0.2361489087343216
3181,9,205,0.346770703792572
3182,9,206,0.3097265064716339
3183,9,207,0.2917630970478058
3184,9,208,0.2587578594684601
3185,9,209,0.30487722158432007
3186,9,210,0.31001728773117065
3187,9,211,0.2599848210811615
3188,9,212,1.1483231782913208
3189,9,213,0.26592645049095154
3190,9,214,0.38021254539489746
3191,9,215,0.2648271918296814
3192,9,216,0.36441850662231445
3193,9,217,0.3997851014137268
3194,9,218,0.26597169041633606
3195,9,219,0.285383403301239
3196,9,220,0.3603366017341614
3197,9,221,0.2803698480129242
3198,9,222,0.4898897111415863
3199,9,223,0.38932663202285767
3200,9,224,0.3304632902145386
3201,9,225,0.3549395799636841
3202,9,226,0.3703663647174835
3203,9,227,0.5467674136161804
3204,9,228,0.33180490136146545
3205,9,229,0.613873302936554
3206,9,230,0.3041730225086212
3207,9,231,0.27571964263916016
3208,9,232,0.281158983707428
3209,9,233,0.35284391045570374
3210,9,234,0.375375360250473
3211,9,235,0.28962352871894836
3212,9,236,0.33096662163734436
3213,9,237,0.3231361508369446
3214,9,238,0.2799875736236572
3215,9,239,0.29082512855529785
3216,9,240,0.2868870496749878
3217,9,241,0.25430619716644287
3218,9,242,0.3966209292411804
3219,9,243,0.29846224188804626
3220,9,244,0.2534748315811157
3221,9,245,0.2565423548221588
3222,9,246,0.298367440700531
3223,9,247,0.31117814779281616
3224,9,248,0.32424402236938477
3225,9,249,0.25788983702659607
3226,9,250,0.25672927498817444
3227,9,251,0.24454639852046967
3228,9,252,0.3610419034957886
3229,9,253,0.26878902316093445
3230,9,254,0.335097998380661
3231,9,255,0.3440825045108795
3232,9,256,0.36095765233039856
3233,9,257,0.36142876744270325
3234,9,258,0.3698025345802307
3235,9,259,0.28076887130737305
3236,9,260,0.3239147961139679
3237,9,261,0.2875957489013672
3238,9,262,0.41208377480506897
3239,9,263,0.2804332673549652
3240,9,264,0.8666254281997681
3241,9,265,0.35928013920783997
3242,9,266,0.31380680203437805
3243,9,267,0.34476232528686523
3244,9,268,0.32388046383857727
3245,9,269,0.3072523772716522
3246,9,270,0.4626080393791199
3247,9,271,0.4014371633529663
3248,9,272,0.36082401871681213
3249,9,273,0.4054439961910248
3250,9,274,0.6182442903518677
3251,9,275,0.31240174174308777
3252,9,276,0.32403016090393066
3253,9,277,0.48372435569763184
3254,9,278,0.37194857001304626
3255,9,279,0.35223299264907837
3256,9,280,0.3964705765247345
3257,9,281,0.3008626699447632
3258,9,282,0.291971892118454
3259,9,283,0.29269030690193176
3260,9,284,0.3470965623855591
3261,9,285,1.0403951406478882
3262,9,286,0.3974819779396057
3263,9,287,0.29242777824401855
3264,9,288,0.3505745530128479
3265,9,289,0.43875327706336975
3266,9,290,0.39146047830581665
3267,9,291,0.40977129340171814
3268,9,292,0.33205902576446533
3269,9,293,0.32528311014175415
3270,9,294,0.3421988785266876
3271,9,295,0.3791996240615845
3272,9,296,0.5121784210205078
3273,9,297,0.26867297291755676
3274,9,298,0.2627093493938446
3275,9,299,0.37067487835884094
3276,9,300,0.3135720193386078
3277,9,301,0.2896009385585785
3278,9,302,0.23311787843704224
3279,9,303,0.3248935043811798
3280,9,304,0.27182185649871826
3281,9,305,0.46545758843421936
3282,9,306,0.2632424533367157
3283,9,307,0.2915719747543335
3284,9,308,0.3255549967288971
3285,9,309,0.8996862769126892
3286,9,310,0.3034875690937042
3287,9,311,0.39364245533943176
3288,9,312,0.35499808192253113
3289,9,313,0.31152522563934326
3290,9,314,0.3950379192829132
3291,9,315,0.23728260397911072
3292,9,316,0.2789709270000458
3293,9,317,0.3342864513397217
3294,9,318,0.6523785591125488
3295,9,319,0.34377002716064453
3296,9,320,0.42637234926223755
3297,9,321,0.3303585648536682
3298,9,322,0.3068731129169464
3299,9,323,0.3495531976222992
3300,9,324,0.311292827129364
3301,9,325,0.3016992509365082
3302,9,326,0.29605600237846375
3303,9,327,0.28719863295555115
3304,9,328,0.20082008838653564
3305,9,329,0.37277939915657043
3306,9,330,0.3193216323852539
3307,9,331,0.3517501950263977
3308,9,332,0.33044710755348206
3309,9,333,0.2713022232055664
3310,9,334,0.37354347109794617
3311,9,335,0.2685878574848175
3312,9,336,0.2753913104534149
3313,9,337,0.26731783151626587
3314,9,338,0.6474462151527405
3315,9,339,0.30831024050712585
3316,9,340,0.39279475808143616
3317,9,341,0.25745630264282227
3318,9,342,0.3448488712310791
3319,9,343,0.35222089290618896
3320,9,344,0.37984591722488403
3321,9,345,0.28600525856018066
3322,9,346,1.179163932800293
3323,9,347,0.3669610917568207
3324,9,348,0.283377081155777
3325,9,349,0.2553459107875824
3326,9,350,0.3106716573238373
3327,9,351,0.3001600503921509
3328,9,352,0.326761394739151
3329,9,353,0.3230351507663727
3330,9,354,0.3541204035282135
3331,9,355,0.31659427285194397
3332,9,356,0.2977052330970764
3333,9,357,0.2683672308921814
3334,9,358,0.280471533536911
3335,9,359,0.43313953280448914
3336,9,360,0.2897578775882721
3337,9,361,0.4703321158885956
3338,9,362,0.3008422255516052
3339,9,363,0.43588390946388245
3340,9,364,0.2710374593734741
3341,9,365,0.30330026149749756
3342,9,366,0.33432701230049133
3343,9,367,0.38257041573524475
3344,9,368,0.2631397247314453
3345,9,369,0.4455423355102539
3346,9,370,0.3178301155567169
3347,9,371,0.29107868671417236
3348,9,372,0.29385918378829956
3349,10,1,0.31593263149261475
3350,10,2,0.25698015093803406
3351,10,3,0.3219459652900696
3352,10,4,0.2714475691318512
3353,10,5,0.2693146765232086
3354,10,6,0.41468122601509094
3355,10,7,0.2806706130504608
3356,10,8,0.23192636668682098
3357,10,9,0.22928062081336975
3358,10,10,0.2833189070224762
3359,10,11,0.24204687774181366
3360,10,12,0.27656689286231995
3361,10,13,0.24459004402160645
3362,10,14,0.2590680718421936
3363,10,15,0.24997809529304504
3364,10,16,0.25975146889686584
3365,10,17,0.2860219180583954
3366,10,18,0.3204544186592102
3367,10,19,0.23974871635437012
3368,10,20,0.4596720337867737
3369,10,21,0.27505359053611755
3370,10,22,0.3399001657962799
3371,10,23,0.41503652930259705
3372,10,24,0.4078868627548218
3373,10,25,0.45342275500297546
3374,10,26,0.3291941285133362
3375,10,27,0.2978105843067169
3376,10,28,0.29174426198005676
3377,10,29,0.2881774306297302
3378,10,30,0.2853055000305176
3379,10,31,0.28592896461486816
3380,10,32,0.310041218996048
3381,10,33,0.2917157709598541
3382,10,34,0.30314165353775024
3383,10,35,0.27560386061668396
3384,10,36,0.2725566029548645
3385,10,37,0.2664875090122223
3386,10,38,0.22945523262023926
3387,10,39,0.2871343493461609
3388,10,40,0.3690528869628906
3389,10,41,0.2865789830684662
3390,10,42,0.32848697900772095
3391,10,43,0.28476282954216003
3392,10,44,0.21366851031780243
3393,10,45,0.32976365089416504
3394,10,46,0.25757670402526855
3395,10,47,0.2846948504447937
3396,10,48,0.25801223516464233
3397,10,49,0.35336771607398987
3398,10,50,0.2888683080673218
3399,10,51,0.34732580184936523
3400,10,52,0.23086489737033844
3401,10,53,0.2373621165752411
3402,10,54,0.27326372265815735
3403,10,55,0.25264060497283936
3404,10,56,0.30723756551742554
3405,10,57,0.28882890939712524
3406,10,58,0.2659488022327423
3407,10,59,0.2938925623893738
3408,10,60,0.4129936099052429
3409,10,61,0.30563288927078247
3410,10,62,0.37419188022613525
3411,10,63,0.5083478689193726
3412,10,64,0.2865716516971588
3413,10,65,0.3340529203414917
3414,10,66,0.4300726056098938
3415,10,67,0.27450117468833923
3416,10,68,0.2682143747806549
3417,10,69,0.2134614735841751
3418,10,70,0.2364625483751297
3419,10,71,0.3023088872432709
3420,10,72,0.23550397157669067
3421,10,73,0.3920601010322571
3422,10,74,0.4826847314834595
3423,10,75,0.2742505371570587
3424,10,76,0.356097549200058
3425,10,77,0.2013554722070694
3426,10,78,0.2582029402256012
3427,10,79,0.24823284149169922
3428,10,80,0.25358694791793823
3429,10,81,0.2512354254722595
3430,10,82,0.2690424919128418
3431,10,83,0.3317669928073883
3432,10,84,0.22295920550823212
3433,10,85,0.23643428087234497
3434,10,86,0.29434874653816223
3435,10,87,0.24303244054317474
3436,10,88,0.21147742867469788
3437,10,89,0.24874073266983032
3438,10,90,0.277288556098938
3439,10,91,0.32004520297050476
3440,10,92,0.19585593044757843
3441,10,93,0.22953221201896667
3442,10,94,0.4401879906654358
3443,10,95,0.24534183740615845
3444,10,96,0.23890358209609985
3445,10,97,0.32363858819007874
3446,10,98,0.27858471870422363
3447,10,99,0.3311798870563507
3448,10,100,0.24924513697624207
3449,10,101,0.2928934097290039
3450,10,102,0.32114163041114807
3451,10,103,0.35912320017814636
3452,10,104,0.23063291609287262
3453,10,105,0.3240928649902344
3454,10,106,0.2297918200492859
3455,10,107,0.30012422800064087
3456,10,108,0.2290087193250656
3457,10,109,0.2502399981021881
3458,10,110,0.23315715789794922
3459,10,111,0.24984602630138397
3460,10,112,0.24939797818660736
3461,10,113,0.27164942026138306
3462,10,114,0.25151532888412476
3463,10,115,0.2463376224040985
3464,10,116,0.30127301812171936
3465,10,117,0.3081054091453552
3466,10,118,0.3355962634086609
3467,10,119,0.2311442792415619
3468,10,120,0.2578837275505066
3469,10,121,0.308672159910202
3470,10,122,0.20924030244350433
3471,10,123,0.2512144446372986
3472,10,124,0.25651460886001587
3473,10,125,0.23404760658740997
3474,10,126,0.3257805407047272
3475,10,127,0.2235240489244461
3476,10,128,0.34336528182029724
3477,10,129,0.2323886752128601
3478,10,130,0.21331270039081573
3479,10,131,0.3565616011619568
3480,10,132,0.26034045219421387
3481,10,133,0.28667259216308594
3482,10,134,0.23943287134170532
3483,10,135,0.2626936435699463
3484,10,136,0.25088319182395935
3485,10,137,0.488735169172287
3486,10,138,0.2527194023132324
3487,10,139,0.3180752694606781
3488,10,140,0.252206414937973
3489,10,141,0.2755465805530548
3490,10,142,0.3546660542488098
3491,10,143,0.23041149973869324
3492,10,144,0.36049574613571167
3493,10,145,0.2691246569156647
3494,10,146,0.3904009461402893
3495,10,147,0.2840725779533386
3496,10,148,0.26268795132637024
3497,10,149,0.2808096706867218
3498,10,150,0.2841451168060303
3499,10,151,0.21252310276031494
3500,10,152,0.351349800825119
3501,10,153,0.25647732615470886
3502,10,154,0.3023342788219452
3503,10,155,0.2596004605293274
3504,10,156,0.23983457684516907
3505,10,157,0.22896341979503632
3506,10,158,0.21889513731002808
3507,10,159,0.2648527920246124
3508,10,160,0.25356167554855347
3509,10,161,0.21664656698703766
3510,10,162,0.24901556968688965
3511,10,163,0.2755067050457001
3512,10,164,0.2765193283557892
3513,10,165,0.3493940234184265
3514,10,166,0.21863019466400146
3515,10,167,0.2699471116065979
3516,10,168,0.2822306156158447
3517,10,169,0.37668943405151367
3518,10,170,0.3104133903980255
3519,10,171,0.2503181993961334
3520,10,172,0.21706965565681458
3521,10,173,0.6858053803443909
3522,10,174,0.27803459763526917
3523,10,175,0.3813035190105438
3524,10,176,0.30356529355049133
3525,10,177,0.2954253554344177
3526,10,178,0.3113221824169159
3527,10,179,0.38312429189682007
3528,10,180,0.2518801987171173
3529,10,181,0.2798730731010437
3530,10,182,0.2696073353290558
3531,10,183,0.3277488648891449
3532,10,184,0.29365941882133484
3533,10,185,0.24377794563770294
3534,10,186,0.3761259913444519
3535,10,187,0.3115409016609192
3536,10,188,0.42007437348365784
3537,10,189,0.27736198902130127
3538,10,190,0.22963744401931763
3539,10,191,0.4039386510848999
3540,10,192,0.31801363825798035
3541,10,193,0.274158775806427
3542,10,194,0.2144428789615631
3543,10,195,0.30229082703590393
3544,10,196,0.24656157195568085
3545,10,197,0.19564694166183472
3546,10,198,0.27773335576057434
3547,10,199,0.27328380942344666
3548,10,200,0.5831782221794128
3549,10,201,0.18855856359004974
3550,10,202,0.2510254979133606
3551,10,203,0.3069168031215668
3552,10,204,0.7412118315696716
3553,10,205,0.30894798040390015
3554,10,206,0.23447830975055695
3555,10,207,0.26183345913887024
3556,10,208,0.29677891731262207
3557,10,209,0.32799214124679565
3558,10,210,0.360306978225708
3559,10,211,0.35063815116882324
3560,10,212,0.27115675806999207
3561,10,213,0.3998546004295349
3562,10,214,0.21550551056861877
3563,10,215,0.2905307114124298
3564,10,216,0.2975231111049652
3565,10,217,0.3236398994922638
3566,10,218,0.2973109483718872
3567,10,219,0.2923170030117035
3568,10,220,0.24714502692222595
3569,10,221,0.28411105275154114
3570,10,222,0.2741818130016327
3571,10,223,0.3168467879295349
3572,10,224,0.21220900118350983
3573,10,225,0.27099618315696716
3574,10,226,0.277937650680542
3575,10,227,0.27561548352241516
3576,10,228,0.29186493158340454
3577,10,229,0.2826594412326813
3578,10,230,0.2037559449672699
3579,10,231,0.274941086769104
3580,10,232,0.26026055216789246
3581,10,233,0.35254400968551636
3582,10,234,0.24035407602787018
3583,10,235,0.24409250915050507
3584,10,236,0.9045146703720093
3585,10,237,0.26392656564712524
3586,10,238,0.2878134250640869
3587,10,239,0.29587531089782715
3588,10,240,0.5383206605911255
3589,10,241,0.2617053687572479
3590,10,242,0.3563462495803833
3591,10,243,0.3156077563762665
3592,10,244,0.30826443433761597
3593,10,245,0.2174898087978363
3594,10,246,0.35833072662353516
3595,10,247,0.43854644894599915
3596,10,248,0.1981053352355957
3597,10,249,0.272355318069458
3598,10,250,0.23224090039730072
3599,10,251,0.28511685132980347
3600,10,252,0.35863402485847473
3601,10,253,0.2925824820995331
3602,10,254,0.2555117607116699
3603,10,255,0.3240166902542114
3604,10,256,1.103621482849121
3605,10,257,0.28506943583488464
3606,10,258,0.2986496388912201
3607,10,259,0.3132300078868866
3608,10,260,0.3846134543418884
3609,10,261,0.3095392882823944
3610,10,262,0.3026954233646393
3611,10,263,0.4494854211807251
3612,10,264,0.7642002701759338
3613,10,265,0.39442458748817444
3614,10,266,0.23936404287815094
3615,10,267,0.322812020778656
3616,10,268,0.4222343862056732
3617,10,269,0.40222278237342834
3618,10,270,0.35208797454833984
3619,10,271,0.25599437952041626
3620,10,272,0.23561567068099976
3621,10,273,0.6521619558334351
3622,10,274,0.3081347644329071
3623,10,275,0.2257334589958191
3624,10,276,0.2789917290210724
3625,10,277,0.3034668266773224
3626,10,278,0.24788105487823486
3627,10,279,0.4095841944217682
3628,10,280,0.4452103078365326
3629,10,281,0.3418823182582855
3630,10,282,0.2611425220966339
3631,10,283,0.3692169189453125
3632,10,284,0.25701019167900085
3633,10,285,0.3082146942615509
3634,10,286,0.2610742747783661
3635,10,287,0.3159843683242798
3636,10,288,0.3930242359638214
3637,10,289,0.22996334731578827
3638,10,290,0.29001641273498535
3639,10,291,0.32522645592689514
3640,10,292,0.37164992094039917
3641,10,293,0.33323824405670166
3642,10,294,0.28589487075805664
3643,10,295,0.29517337679862976
3644,10,296,0.33944395184516907
3645,10,297,0.334751158952713
3646,10,298,0.5250303149223328
3647,10,299,0.24418383836746216
3648,10,300,0.27174288034439087
3649,10,301,0.37528184056282043
3650,10,302,0.27576345205307007
3651,10,303,0.7199078798294067
3652,10,304,0.33498573303222656
3653,10,305,0.3521979749202728
3654,10,306,0.30872005224227905
3655,10,307,0.38959038257598877
3656,10,308,0.3004034161567688
3657,10,309,0.3151048421859741
3658,10,310,0.42609864473342896
3659,10,311,0.2768767178058624
3660,10,312,0.32681286334991455
3661,10,313,0.26984280347824097
3662,10,314,0.36380666494369507
3663,10,315,0.25084686279296875
3664,10,316,0.33106064796447754
3665,10,317,0.316107839345932
3666,10,318,0.26656004786491394
3667,10,319,0.29856011271476746
3668,10,320,0.34783822298049927
3669,10,321,0.33665701746940613
3670,10,322,0.3090454041957855
3671,10,323,0.4045450985431671
3672,10,324,0.22630161046981812
3673,10,325,0.2717025578022003
3674,10,326,0.2053493708372116
3675,10,327,1.062650203704834
3676,10,328,0.380789190530777
3677,10,329,0.30048298835754395
3678,10,330,0.21576710045337677
3679,10,331,0.34893137216567993
3680,10,332,0.2793581485748291
3681,10,333,0.5107563138008118
3682,10,334,0.269186407327652
3683,10,335,0.2667510509490967
3684,10,336,0.22053483128547668
3685,10,337,0.3119032680988312
3686,10,338,0.3423363268375397
3687,10,339,0.3939414918422699
3688,10,340,0.34990859031677246
3689,10,341,0.891156017780304
3690,10,342,0.3181111216545105
3691,10,343,0.23061899840831757
3692,10,344,0.21476851403713226
3693,10,345,0.3164426386356354
3694,10,346,0.3063455820083618
3695,10,347,0.2463872730731964
3696,10,348,0.4014400839805603
3697,10,349,0.2943379580974579
3698,10,350,0.27907949686050415
3699,10,351,0.2138708084821701
3700,10,352,0.23780067265033722
3701,10,353,0.23953835666179657
3702,10,354,0.2898193597793579
3703,10,355,0.2603611648082733
3704,10,356,0.3098253309726715
3705,10,357,0.26780280470848083
3706,10,358,0.4424281716346741
3707,10,359,0.33091872930526733
3708,10,360,0.24810989201068878
3709,10,361,0.271186500787735
3710,10,362,0.2592320144176483
3711,10,363,0.2416703850030899
3712,10,364,0.5575618147850037
3713,10,365,0.2749594449996948
3714,10,366,0.3266586661338806
3715,10,367,0.2965293526649475
3716,10,368,0.24772942066192627
3717,10,369,0.8594840168952942
3718,10,370,0.28909870982170105
3719,10,371,0.25112757086753845
3720,10,372,0.2678363621234894
