global_step,epoch,batch,train_loss
1,1,1,3.255326747894287
2,1,2,3.0823733806610107
3,1,3,2.972716808319092
4,1,4,2.930577278137207
5,1,5,2.7747230529785156
6,1,6,2.7109339237213135
7,1,7,2.592660427093506
8,1,8,2.5210814476013184
9,1,9,2.4582278728485107
10,1,10,2.3915133476257324
11,1,11,2.298267126083374
12,1,12,2.2772297859191895
13,1,13,2.1924233436584473
14,1,14,2.2164323329925537
15,1,15,2.129082202911377
16,1,16,2.0133233070373535
17,1,17,1.9591203927993774
18,1,18,1.9114080667495728
19,1,19,1.8211647272109985
20,1,20,1.811600685119629
21,1,21,1.6702783107757568
22,1,22,1.6455570459365845
23,1,23,1.6566435098648071
24,1,24,1.5374755859375
25,1,25,1.6851425170898438
26,1,26,1.6320518255233765
27,1,27,1.5263227224349976
28,1,28,1.5219824314117432
29,1,29,1.3928325176239014
30,1,30,1.5791070461273193
31,1,31,1.4693472385406494
32,1,32,1.5129735469818115
33,1,33,1.4648836851119995
34,1,34,1.3679295778274536
35,1,35,1.4038385152816772
36,1,36,1.3304588794708252
37,1,37,1.255089521408081
38,1,38,1.2900116443634033
39,1,39,1.278722882270813
40,1,40,1.336381435394287
41,1,41,1.2951059341430664
42,1,42,1.2468849420547485
43,1,43,1.2046951055526733
44,1,44,1.019117832183838
45,1,45,1.1698555946350098
46,1,46,1.0783054828643799
47,1,47,1.1136209964752197
48,1,48,1.098629355430603
49,1,49,1.1275439262390137
50,1,50,1.0961395502090454
51,1,51,1.070087194442749
52,1,52,0.9949437975883484
53,1,53,1.1480424404144287
54,1,54,1.0244907140731812
55,1,55,1.0059545040130615
56,1,56,1.2240357398986816
57,1,57,0.8842788934707642
58,1,58,0.9708491563796997
59,1,59,1.113130807876587
60,1,60,1.307322382926941
61,1,61,1.0296947956085205
62,1,62,0.9093035459518433
63,1,63,1.0319255590438843
64,1,64,0.9367934465408325
65,1,65,0.9752856492996216
66,1,66,0.8924158811569214
67,1,67,0.9786931276321411
68,1,68,1.0184136629104614
69,1,69,0.8906011581420898
70,1,70,0.7885794639587402
71,1,71,0.8533685803413391
72,1,72,0.9539753198623657
73,1,73,0.8915152549743652
74,1,74,0.8055272102355957
75,1,75,1.0351165533065796
76,1,76,0.8197099566459656
77,1,77,0.7492367029190063
78,1,78,0.757635235786438
79,1,79,0.7317787408828735
80,1,80,0.718340277671814
81,1,81,0.7388734817504883
82,1,82,0.799262523651123
83,1,83,0.8658841848373413
84,1,84,0.7247735261917114
85,1,85,0.912429690361023
86,1,86,0.7424480319023132
87,1,87,0.7634637355804443
88,1,88,0.7919044494628906
89,1,89,0.7337853908538818
90,1,90,0.7979286909103394
91,1,91,0.7599897384643555
92,1,92,0.7326666116714478
93,1,93,0.8071467280387878
94,1,94,0.6463683843612671
95,1,95,0.7482348680496216
96,1,96,0.7118948698043823
97,1,97,0.7434223890304565
98,1,98,0.8256839513778687
99,1,99,0.753602921962738
100,1,100,0.8339908719062805
101,1,101,0.7222539186477661
102,1,102,0.6990346908569336
103,1,103,0.7752848863601685
104,1,104,0.6768721342086792
105,1,105,0.6133368015289307
106,1,106,0.9103044271469116
107,1,107,0.6515423059463501
108,1,108,0.7268166542053223
109,1,109,0.656096875667572
110,1,110,0.6139261722564697
111,1,111,0.7120847105979919
112,1,112,0.5826871991157532
113,1,113,0.6274065971374512
114,1,114,0.7737183570861816
115,1,115,0.5689989328384399
116,1,116,0.6694512963294983
117,1,117,0.6764763593673706
118,1,118,0.6322360634803772
119,1,119,0.6487364768981934
120,1,120,0.6275894641876221
121,1,121,0.6649081110954285
122,1,122,0.621684193611145
123,1,123,0.7299481630325317
124,1,124,0.744961142539978
125,1,125,0.634347140789032
126,1,126,0.5188413262367249
127,1,127,0.6771966218948364
128,1,128,0.6707330942153931
129,1,129,0.5795913934707642
130,1,130,0.6648329496383667
131,1,131,0.6279011964797974
132,1,132,0.6601899862289429
133,1,133,0.640356183052063
134,1,134,0.7308241128921509
135,1,135,0.5806268453598022
136,1,136,0.6073001623153687
137,1,137,0.5779426097869873
138,1,138,0.5724581480026245
139,1,139,0.6008443832397461
140,1,140,0.610634982585907
141,1,141,0.6798362135887146
142,1,142,0.6504271626472473
143,1,143,0.6384944915771484
144,1,144,0.6032863855361938
145,1,145,0.7291916012763977
146,1,146,0.5712084174156189
147,1,147,0.5588122606277466
148,1,148,0.6492509841918945
149,1,149,0.7339829206466675
150,1,150,0.6595964431762695
151,1,151,0.5773382186889648
152,1,152,0.749921441078186
153,1,153,0.6132626533508301
154,1,154,0.6065549850463867
155,1,155,0.6652857065200806
156,1,156,0.6055924296379089
157,1,157,0.5910899639129639
158,1,158,0.6730269193649292
159,1,159,1.000394582748413
160,1,160,0.601324737071991
161,1,161,0.5842634439468384
162,1,162,0.5491250157356262
163,1,163,0.587931752204895
164,1,164,0.6594886183738708
165,1,165,0.6300135254859924
166,1,166,0.7228294610977173
167,1,167,0.5996221303939819
168,1,168,0.8213232159614563
169,1,169,0.6046985387802124
170,1,170,0.5758446455001831
171,1,171,0.5781866312026978
172,1,172,0.4992450773715973
173,1,173,0.532159686088562
174,1,174,0.5100457072257996
175,1,175,0.675911009311676
176,1,176,0.4805997312068939
177,1,177,0.5760691165924072
178,1,178,0.45383286476135254
179,1,179,0.5345118641853333
180,1,180,0.4891696572303772
181,1,181,0.5691832304000854
182,1,182,0.4474262297153473
183,1,183,0.5731179118156433
184,1,184,0.5367340445518494
185,1,185,0.5313582420349121
186,1,186,0.533359944820404
187,1,187,0.45284122228622437
188,1,188,0.48196905851364136
189,1,189,0.6268610954284668
190,1,190,0.5570659637451172
191,1,191,0.4539373517036438
192,1,192,0.482600599527359
193,1,193,0.498713880777359
194,1,194,0.5096892714500427
195,1,195,0.5562189221382141
196,1,196,0.5093801617622375
197,1,197,0.6354929804801941
198,1,198,0.5589094758033752
199,1,199,0.7580555081367493
200,1,200,0.47578591108322144
201,1,201,0.4111856520175934
202,1,202,0.5327890515327454
203,1,203,0.5704159736633301
204,1,204,0.527569591999054
205,1,205,0.5434097051620483
206,1,206,0.5240499377250671
207,1,207,0.5858891010284424
208,1,208,0.47463950514793396
209,1,209,0.4291214942932129
210,1,210,0.5372476577758789
211,1,211,0.8710338473320007
212,1,212,0.5653009414672852
213,1,213,0.46136951446533203
214,1,214,0.5737246870994568
215,1,215,0.5166440606117249
216,1,216,0.5107467174530029
217,1,217,0.5424073338508606
218,1,218,0.5536209344863892
219,1,219,0.46407589316368103
220,1,220,0.4327988624572754
221,1,221,0.45938318967819214
222,1,222,0.5206344723701477
223,1,223,0.47271791100502014
224,1,224,0.488788902759552
225,1,225,0.6060550212860107
226,1,226,0.4889017939567566
227,1,227,0.49286356568336487
228,1,228,0.5085068941116333
229,1,229,0.4764496684074402
230,1,230,0.6925012469291687
231,1,231,0.4939272403717041
232,1,232,0.47303467988967896
233,1,233,0.5714063048362732
234,1,234,0.4731946587562561
235,1,235,0.45211395621299744
236,1,236,0.4293688237667084
237,1,237,0.3881775736808777
238,1,238,0.5125700831413269
239,1,239,0.46455198526382446
240,1,240,0.47525978088378906
241,1,241,0.43093228340148926
242,1,242,0.5536900758743286
243,1,243,0.4373481869697571
244,1,244,0.4380006790161133
245,1,245,0.4188012480735779
246,1,246,0.4626137316226959
247,1,247,0.40985530614852905
248,1,248,0.404822438955307
249,1,249,0.42648887634277344
250,1,250,0.4966307282447815
251,1,251,0.5630367994308472
252,1,252,0.4242929518222809
253,1,253,0.46214938163757324
254,1,254,0.5536875128746033
255,1,255,0.5212889909744263
256,1,256,0.3898860514163971
257,1,257,0.44697675108909607
258,1,258,0.6762788891792297
259,1,259,0.5473816394805908
260,1,260,0.576417863368988
261,1,261,0.5073319673538208
262,1,262,0.44439205527305603
263,1,263,0.49372610449790955
264,1,264,0.5008138418197632
265,1,265,0.37295395135879517
266,1,266,0.4314157962799072
267,1,267,0.5273152589797974
268,1,268,0.4580118656158447
269,1,269,0.3744298815727234
270,1,270,0.44892778992652893
271,1,271,0.5046166777610779
272,1,272,0.4720083177089691
273,1,273,0.4757562279701233
274,1,274,0.37634381651878357
275,1,275,0.5323314666748047
276,1,276,0.3619127869606018
277,1,277,0.45269808173179626
278,1,278,0.3293072581291199
279,1,279,0.38143640756607056
280,1,280,0.44515275955200195
281,1,281,0.426738440990448
282,1,282,0.5258272886276245
283,1,283,0.3406035006046295
284,1,284,0.5594144463539124
285,1,285,0.4121893346309662
286,1,286,0.38288673758506775
287,1,287,0.4233231544494629
288,1,288,0.48336467146873474
289,1,289,0.45750370621681213
290,1,290,0.38650792837142944
291,1,291,0.381376177072525
292,1,292,0.4913136959075928
293,1,293,0.3735833466053009
294,1,294,0.3874441981315613
295,1,295,0.3693089485168457
296,1,296,0.42230385541915894
297,1,297,0.38801342248916626
298,1,298,0.5174373984336853
299,1,299,0.5762618184089661
300,1,300,0.3730657696723938
301,1,301,0.43957656621932983
302,1,302,0.44622254371643066
303,1,303,0.8136361837387085
304,1,304,0.3314151167869568
305,1,305,0.4618156850337982
306,1,306,0.36514294147491455
307,1,307,0.3466705083847046
308,1,308,0.377785861492157
309,1,309,0.34139150381088257
310,1,310,0.35568806529045105
311,1,311,0.4545065462589264
312,1,312,0.4115275740623474
313,1,313,0.39092764258384705
314,1,314,0.41450637578964233
315,1,315,0.403998464345932
316,1,316,0.6459994912147522
317,1,317,0.4700607657432556
318,1,318,0.5144062042236328
319,1,319,0.5428131818771362
320,1,320,0.36515480279922485
321,1,321,0.5469322800636292
322,1,322,0.43700188398361206
323,1,323,0.4042993187904358
324,1,324,0.36601778864860535
325,1,325,0.4499191343784332
326,1,326,0.39819449186325073
327,1,327,0.38199326395988464
328,1,328,0.42297181487083435
329,1,329,0.5000500679016113
330,1,330,0.3459540009498596
331,1,331,0.3860521912574768
332,1,332,0.3836044669151306
333,1,333,0.40397167205810547
334,1,334,0.3736850619316101
335,1,335,0.4370752274990082
336,1,336,0.5336716771125793
337,1,337,0.36222025752067566
338,1,338,0.3990265429019928
339,1,339,0.6118313670158386
340,1,340,0.32605287432670593
341,1,341,0.4377138614654541
342,1,342,0.4052566587924957
343,1,343,0.4230252206325531
344,1,344,0.43188151717185974
345,1,345,0.3860202431678772
346,1,346,0.4211554527282715
347,1,347,0.37967365980148315
348,1,348,0.4579673409461975
349,1,349,0.3936811089515686
350,1,350,0.3579496145248413
351,1,351,0.35898154973983765
352,1,352,0.3439165949821472
353,1,353,0.3608659505844116
354,1,354,0.3514026701450348
355,1,355,0.3416399657726288
356,1,356,0.3923564553260803
357,1,357,0.5169872641563416
358,1,358,0.3932651877403259
359,1,359,0.44099968671798706
360,1,360,0.3599349558353424
361,1,361,0.3533657193183899
362,1,362,0.44624048471450806
363,1,363,0.417586088180542
364,1,364,0.48934340476989746
365,1,365,0.40740513801574707
366,1,366,0.38607630133628845
367,1,367,0.37305811047554016
368,1,368,0.3365112245082855
369,1,369,0.36416155099868774
370,1,370,0.3494425117969513
371,1,371,0.3861464560031891
372,1,372,0.37688586115837097
373,2,1,0.35427430272102356
374,2,2,0.49276167154312134
375,2,3,0.3609207272529602
376,2,4,0.3859037756919861
377,2,5,0.3417300283908844
378,2,6,0.40128302574157715
379,2,7,0.3153761029243469
380,2,8,0.2916199564933777
381,2,9,0.36599719524383545
382,2,10,0.3932279646396637
383,2,11,0.36877745389938354
384,2,12,0.30210649967193604
385,2,13,0.31146538257598877
386,2,14,0.3899872899055481
387,2,15,0.35057926177978516
388,2,16,0.3729957044124603
389,2,17,0.40921956300735474
390,2,18,0.3882060647010803
391,2,19,0.3584771454334259
392,2,20,0.38343098759651184
393,2,21,0.32930198311805725
394,2,22,0.3821333050727844
395,2,23,0.6711539030075073
396,2,24,0.41944581270217896
397,2,25,0.32387757301330566
398,2,26,0.3866848349571228
399,2,27,0.4726592004299164
400,2,28,0.3046577572822571
401,2,29,0.3567752540111542
402,2,30,0.40690144896507263
403,2,31,0.343165785074234
404,2,32,0.43321484327316284
405,2,33,0.6936584115028381
406,2,34,0.38404908776283264
407,2,35,0.37099891901016235
408,2,36,0.36535999178886414
409,2,37,0.281272292137146
410,2,38,0.3787507712841034
411,2,39,0.8482998013496399
412,2,40,0.36722415685653687
413,2,41,0.3567909002304077
414,2,42,0.35661792755126953
415,2,43,0.42785128951072693
416,2,44,0.3466356694698334
417,2,45,0.3432644009590149
418,2,46,0.34965163469314575
419,2,47,0.7655060291290283
420,2,48,0.4724407196044922
421,2,49,0.32689985632896423
422,2,50,0.3137976825237274
423,2,51,0.33658546209335327
424,2,52,0.3420277237892151
425,2,53,0.41474127769470215
426,2,54,0.3668991029262543
427,2,55,0.3414532244205475
428,2,56,0.2889566123485565
429,2,57,0.27443817257881165
430,2,58,0.36363691091537476
431,2,59,0.43994051218032837
432,2,60,0.5110721588134766
433,2,61,0.397478312253952
434,2,62,0.3280307352542877
435,2,63,0.352537602186203
436,2,64,0.38980820775032043
437,2,65,0.30974268913269043
438,2,66,0.3300899863243103
439,2,67,0.2882181704044342
440,2,68,0.3289027214050293
441,2,69,0.30096858739852905
442,2,70,0.44434237480163574
443,2,71,0.3625454008579254
444,2,72,0.4020363390445709
445,2,73,0.30630868673324585
446,2,74,0.28893962502479553
447,2,75,0.4307120442390442
448,2,76,0.38130849599838257
449,2,77,0.40117478370666504
450,2,78,0.33992794156074524
451,2,79,0.2750564217567444
452,2,80,0.3570713996887207
453,2,81,0.3284236788749695
454,2,82,0.3152481019496918
455,2,83,0.3891032338142395
456,2,84,0.3164110779762268
457,2,85,0.31847628951072693
458,2,86,0.35724571347236633
459,2,87,0.35311490297317505
460,2,88,0.33794572949409485
461,2,89,0.37474745512008667
462,2,90,0.4662502706050873
463,2,91,0.3143528997898102
464,2,92,0.3335641920566559
465,2,93,0.31975868344306946
466,2,94,0.29136890172958374
467,2,95,0.30781465768814087
468,2,96,0.3069954812526703
469,2,97,0.31097176671028137
470,2,98,0.353321373462677
471,2,99,0.33936625719070435
472,2,100,0.30729547142982483
473,2,101,0.3378934860229492
474,2,102,0.2932136654853821
475,2,103,0.28440073132514954
476,2,104,0.39556369185447693
477,2,105,0.3221445083618164
478,2,106,0.32931143045425415
479,2,107,0.356680303812027
480,2,108,0.3011631965637207
481,2,109,0.4266267716884613
482,2,110,0.28302812576293945
483,2,111,0.6860937476158142
484,2,112,0.40848755836486816
485,2,113,0.28168413043022156
486,2,114,0.35772043466567993
487,2,115,0.38069039583206177
488,2,116,0.29698672890663147
489,2,117,0.3460177481174469
490,2,118,0.4168979227542877
491,2,119,0.3074422776699066
492,2,120,0.276294469833374
493,2,121,0.35274380445480347
494,2,122,0.30177605152130127
495,2,123,0.326426237821579
496,2,124,0.4053145945072174
497,2,125,0.3223994970321655
498,2,126,0.3664296269416809
499,2,127,0.31831490993499756
500,2,128,0.2718382179737091
501,2,129,0.2747308611869812
502,2,130,0.2807620167732239
503,2,131,0.3544846177101135
504,2,132,0.32451164722442627
505,2,133,0.4038388729095459
506,2,134,0.27104803919792175
507,2,135,0.2993270754814148
508,2,136,0.32817572355270386
509,2,137,0.33547428250312805
510,2,138,0.30802589654922485
511,2,139,0.3255288600921631
512,2,140,0.4022207260131836
513,2,141,0.37406960129737854
514,2,142,0.3646095097064972
515,2,143,0.2888910472393036
516,2,144,0.3267234265804291
517,2,145,0.3317076861858368
518,2,146,0.31650152802467346
519,2,147,0.33508163690567017
520,2,148,0.7205488085746765
521,2,149,0.3548521399497986
522,2,150,0.307070791721344
523,2,151,0.34603452682495117
524,2,152,0.34873709082603455
525,2,153,0.5157113671302795
526,2,154,0.35645440220832825
527,2,155,0.3210671544075012
528,2,156,0.2976531386375427
529,2,157,0.3105650842189789
530,2,158,0.2710114121437073
531,2,159,0.3192896246910095
532,2,160,0.2664041519165039
533,2,161,0.3802158236503601
534,2,162,0.33661454916000366
535,2,163,0.35471099615097046
536,2,164,0.33438172936439514
537,2,165,0.44359761476516724
538,2,166,0.31708940863609314
539,2,167,0.32381391525268555
540,2,168,0.40071073174476624
541,2,169,0.3856411278247833
542,2,170,0.3079567849636078
543,2,171,0.29721564054489136
544,2,172,0.3104378581047058
545,2,173,0.29927483201026917
546,2,174,0.29364627599716187
547,2,175,0.27917447686195374
548,2,176,0.3369656503200531
549,2,177,0.3306329846382141
550,2,178,0.31711775064468384
551,2,179,0.3932078182697296
552,2,180,0.3668850064277649
553,2,181,0.34000858664512634
554,2,182,0.5027742385864258
555,2,183,0.339163213968277
556,2,184,0.4442234933376312
557,2,185,0.4509354531764984
558,2,186,0.32158228754997253
559,2,187,0.293696790933609
560,2,188,0.2726495563983917
561,2,189,0.3302922248840332
562,2,190,0.2597838342189789
563,2,191,0.3395964503288269
564,2,192,0.314241886138916
565,2,193,0.268197625875473
566,2,194,0.306376188993454
567,2,195,0.3787727653980255
568,2,196,0.3374691605567932
569,2,197,0.32371002435684204
570,2,198,0.3214056193828583
571,2,199,0.28911712765693665
572,2,200,0.2633584439754486
573,2,201,0.3864167630672455
574,2,202,0.6463867425918579
575,2,203,0.6238362193107605
576,2,204,0.26441022753715515
577,2,205,0.3004976809024811
578,2,206,0.3033319413661957
579,2,207,0.3441210687160492
580,2,208,0.3327244818210602
581,2,209,0.3002842664718628
582,2,210,0.3164234757423401
583,2,211,0.3361903131008148
584,2,212,0.2867337167263031
585,2,213,0.3294958174228668
586,2,214,0.3352695107460022
587,2,215,0.34438544511795044
588,2,216,0.28863006830215454
589,2,217,0.34154605865478516
590,2,218,0.32278159260749817
591,2,219,0.4030659794807434
592,2,220,0.28603947162628174
593,2,221,0.31935253739356995
594,2,222,0.28079503774642944
595,2,223,0.2764977514743805
596,2,224,0.25973910093307495
597,2,225,0.28929832577705383
598,2,226,0.5009937286376953
599,2,227,0.3762062191963196
600,2,228,0.5867702960968018
601,2,229,0.3418084979057312
602,2,230,0.28768569231033325
603,2,231,0.3014044165611267
604,2,232,0.3118898272514343
605,2,233,0.29744917154312134
606,2,234,0.3464111387729645
607,2,235,0.2875247001647949
608,2,236,0.27490633726119995
609,2,237,0.3532237410545349
610,2,238,0.28704267740249634
611,2,239,0.28288954496383667
612,2,240,0.323278546333313
613,2,241,0.3117116391658783
614,2,242,0.3826141655445099
615,2,243,0.24966230988502502
616,2,244,0.2947218120098114
617,2,245,0.29982295632362366
618,2,246,0.25638070702552795
619,2,247,0.3203624486923218
620,2,248,0.34114670753479004
621,2,249,0.2657776176929474
622,2,250,0.3012979030609131
623,2,251,0.26449477672576904
624,2,252,0.31965145468711853
625,2,253,0.2882435917854309
626,2,254,0.31246596574783325
627,2,255,0.24887850880622864
628,2,256,0.27309685945510864
629,2,257,0.3070727586746216
630,2,258,0.3121209144592285
631,2,259,0.4101355969905853
632,2,260,0.24151155352592468
633,2,261,0.2657792866230011
634,2,262,0.27078771591186523
635,2,263,0.2755180299282074
636,2,264,0.2882033884525299
637,2,265,0.27425044775009155
638,2,266,0.3540664315223694
639,2,267,0.23156197369098663
640,2,268,0.38868680596351624
641,2,269,0.282269686460495
642,2,270,0.2823776304721832
643,2,271,0.3448643982410431
644,2,272,0.29970890283584595
645,2,273,0.3010597825050354
646,2,274,0.287056028842926
647,2,275,0.29891565442085266
648,2,276,0.2767060101032257
649,2,277,0.3235211968421936
650,2,278,0.38600727915763855
651,2,279,0.292004257440567
652,2,280,0.32201066613197327
653,2,281,0.2764642536640167
654,2,282,0.2802179455757141
655,2,283,0.29133570194244385
656,2,284,0.31972843408584595
657,2,285,0.32249951362609863
658,2,286,0.27198371291160583
659,2,287,0.32756170630455017
660,2,288,0.29430490732192993
661,2,289,0.27130013704299927
662,2,290,0.32734864950180054
663,2,291,0.311097651720047
664,2,292,0.29226037859916687
665,2,293,0.27109295129776
666,2,294,0.24472162127494812
667,2,295,0.357003390789032
668,2,296,0.3435266613960266
669,2,297,0.3217551112174988
670,2,298,0.2674148678779602
671,2,299,0.2714892625808716
672,2,300,0.45033979415893555
673,2,301,0.3058481812477112
674,2,302,0.26585084199905396
675,2,303,0.290374219417572
676,2,304,0.25894731283187866
677,2,305,0.24472062289714813
678,2,306,0.27669084072113037
679,2,307,0.3158504366874695
680,2,308,0.19640374183654785
681,2,309,0.2896999716758728
682,2,310,0.27647727727890015
683,2,311,0.28017061948776245
684,2,312,0.37701931595802307
685,2,313,0.2963090240955353
686,2,314,0.352323055267334
687,2,315,0.29618221521377563
688,2,316,0.2466283142566681
689,2,317,0.35079723596572876
690,2,318,0.3100491762161255
691,2,319,0.23848357796669006
692,2,320,0.2562994658946991
693,2,321,0.39200806617736816
694,2,322,0.3486131727695465
695,2,323,0.35466915369033813
696,2,324,0.6523104310035706
697,2,325,0.24899375438690186
698,2,326,0.26678162813186646
699,2,327,0.3120425045490265
700,2,328,0.43908724188804626
701,2,329,0.3142089247703552
702,2,330,0.3295036554336548
703,2,331,0.2288970649242401
704,2,332,0.24700519442558289
705,2,333,0.4705254137516022
706,2,334,0.3020692467689514
707,2,335,0.29195207357406616
708,2,336,0.2561613917350769
709,2,337,0.33522918820381165
710,2,338,0.31813013553619385
711,2,339,0.2166365385055542
712,2,340,0.30113524198532104
713,2,341,0.3150082230567932
714,2,342,0.24728839099407196
715,2,343,0.4030722677707672
716,2,344,0.2681209444999695
717,2,345,0.2992454171180725
718,2,346,0.29498785734176636
719,2,347,0.36486566066741943
720,2,348,0.2567332983016968
721,2,349,0.3349688649177551
722,2,350,0.3347497880458832
723,2,351,0.30097952485084534
724,2,352,0.2809585928916931
725,2,353,0.23277446627616882
726,2,354,0.30204492807388306
727,2,355,0.31925836205482483
728,2,356,0.3397051990032196
729,2,357,0.28058990836143494
730,2,358,0.29707980155944824
731,2,359,0.2886806130409241
732,2,360,0.2740728557109833
733,2,361,0.2868158221244812
734,2,362,0.30703452229499817
735,2,363,0.3404958248138428
736,2,364,0.26522693037986755
737,2,365,0.29278096556663513
738,2,366,0.7101339101791382
739,2,367,0.3175356388092041
740,2,368,0.35570383071899414
741,2,369,0.2515176832675934
742,2,370,0.32287198305130005
743,2,371,0.30767732858657837
744,2,372,0.3444769084453583
745,3,1,0.2747322916984558
746,3,2,0.21284589171409607
747,3,3,0.2296096533536911
748,3,4,0.3828452229499817
749,3,5,0.2763817012310028
750,3,6,0.19492512941360474
751,3,7,0.2950749397277832
752,3,8,0.26707619428634644
753,3,9,0.2797073423862457
754,3,10,0.2870955169200897
755,3,11,0.2939068078994751
756,3,12,0.24726799130439758
757,3,13,0.24873705208301544
758,3,14,0.26004424691200256
759,3,15,0.20191240310668945
760,3,16,0.5689498782157898
761,3,17,0.290724515914917
762,3,18,0.2868618667125702
763,3,19,0.2578933835029602
764,3,20,0.3545267581939697
765,3,21,0.3173762261867523
766,3,22,0.2180320918560028
767,3,23,0.383847177028656
768,3,24,0.265087753534317
769,3,25,0.25907307863235474
770,3,26,0.3290969729423523
771,3,27,0.3194049894809723
772,3,28,0.2584792971611023
773,3,29,0.3747139573097229
774,3,30,0.20475681126117706
775,3,31,0.24942655861377716
776,3,32,0.3063068687915802
777,3,33,0.2908264398574829
778,3,34,0.27160897850990295
779,3,35,0.2872045040130615
780,3,36,0.2602541446685791
781,3,37,0.26064711809158325
782,3,38,0.3205185532569885
783,3,39,0.30932193994522095
784,3,40,0.2486708164215088
785,3,41,0.3141157031059265
786,3,42,0.2800215482711792
787,3,43,0.25649863481521606
788,3,44,0.32328957319259644
789,3,45,0.27617940306663513
790,3,46,0.31809836626052856
791,3,47,0.274421364068985
792,3,48,0.2577957510948181
793,3,49,0.2537967562675476
794,3,50,0.28008899092674255
795,3,51,0.2530152201652527
796,3,52,0.2654263377189636
797,3,53,0.2462015151977539
798,3,54,0.27884048223495483
799,3,55,0.25885477662086487
800,3,56,0.2669064998626709
801,3,57,0.6499332785606384
802,3,58,0.3159971833229065
803,3,59,0.2233649045228958
804,3,60,0.2407749891281128
805,3,61,0.23921628296375275
806,3,62,0.269245445728302
807,3,63,0.21866512298583984
808,3,64,0.29740437865257263
809,3,65,0.19184519350528717
810,3,66,0.25843000411987305
811,3,67,0.25167301297187805
812,3,68,0.2524116635322571
813,3,69,0.24897392094135284
814,3,70,0.27981069684028625
815,3,71,0.25324851274490356
816,3,72,0.2422352284193039
817,3,73,0.4390699863433838
818,3,74,0.2887471616268158
819,3,75,0.2607670724391937
820,3,76,0.20420387387275696
821,3,77,0.2699303925037384
822,3,78,0.28968819975852966
823,3,79,0.19180601835250854
824,3,80,0.23425348103046417
825,3,81,0.26185789704322815
826,3,82,0.2841876149177551
827,3,83,0.3314945697784424
828,3,84,0.29822787642478943
829,3,85,0.22446802258491516
830,3,86,0.22405771911144257
831,3,87,0.28563743829727173
832,3,88,0.25073060393333435
833,3,89,0.2581937909126282
834,3,90,0.32916998863220215
835,3,91,0.3283853530883789
836,3,92,0.22908444702625275
837,3,93,0.3345775008201599
838,3,94,0.2361452877521515
839,3,95,0.30403628945350647
840,3,96,0.5988187789916992
841,3,97,0.23960654437541962
842,3,98,0.2541365921497345
843,3,99,0.25435706973075867
844,3,100,0.2527259886264801
845,3,101,0.33669668436050415
846,3,102,0.24903924763202667
847,3,103,0.26177066564559937
848,3,104,0.24829086661338806
849,3,105,0.2539369463920593
850,3,106,0.30802178382873535
851,3,107,0.24060329794883728
852,3,108,0.25881028175354004
853,3,109,0.2844972014427185
854,3,110,0.3102503716945648
855,3,111,0.2170124500989914
856,3,112,0.20695288479328156
857,3,113,0.28221607208251953
858,3,114,0.25227290391921997
859,3,115,0.2850034832954407
860,3,116,0.2863956093788147
861,3,117,0.25657328963279724
862,3,118,0.2193715125322342
863,3,119,0.44287553429603577
864,3,120,0.24901553988456726
865,3,121,0.44195836782455444
866,3,122,0.24751341342926025
867,3,123,0.25511306524276733
868,3,124,0.2658608853816986
869,3,125,0.29548442363739014
870,3,126,0.25189170241355896
871,3,127,0.3176659345626831
872,3,128,0.26177778840065
873,3,129,0.2303496152162552
874,3,130,0.20353710651397705
875,3,131,0.2848369777202606
876,3,132,0.3015180230140686
877,3,133,0.25537294149398804
878,3,134,0.29712945222854614
879,3,135,0.29276713728904724
880,3,136,0.2686912417411804
881,3,137,0.24778874218463898
882,3,138,0.23382465541362762
883,3,139,0.24469351768493652
884,3,140,0.6354401707649231
885,3,141,0.29063332080841064
886,3,142,0.2841089367866516
887,3,143,0.22962124645709991
888,3,144,0.23911158740520477
889,3,145,0.25183311104774475
890,3,146,0.29018107056617737
891,3,147,0.3076779544353485
892,3,148,0.27063053846359253
893,3,149,0.21071231365203857
894,3,150,0.2709152102470398
895,3,151,0.272965669631958
896,3,152,0.2826222777366638
897,3,153,0.23788556456565857
898,3,154,0.3168819844722748
899,3,155,0.21942517161369324
900,3,156,0.24571006000041962
901,3,157,0.2966819703578949
902,3,158,0.19642555713653564
903,3,159,0.26603928208351135
904,3,160,0.26755911111831665
905,3,161,0.2722012996673584
906,3,162,0.25666671991348267
907,3,163,0.303325355052948
908,3,164,0.23124024271965027
909,3,165,0.3753710985183716
910,3,166,0.2741091847419739
911,3,167,0.23228506743907928
912,3,168,0.21210947632789612
913,3,169,0.24106302857398987
914,3,170,0.23796167969703674
915,3,171,0.23346681892871857
916,3,172,0.32542791962623596
917,3,173,0.28271329402923584
918,3,174,0.28650420904159546
919,3,175,0.38151946663856506
920,3,176,0.33510822057724
921,3,177,0.2488594949245453
922,3,178,0.38845956325531006
923,3,179,0.28175392746925354
924,3,180,0.24611635506153107
925,3,181,0.238194078207016
926,3,182,0.26070481538772583
927,3,183,0.2584605813026428
928,3,184,0.2447241246700287
929,3,185,0.22680416703224182
930,3,186,0.25848597288131714
931,3,187,0.2739459276199341
932,3,188,0.2220546007156372
933,3,189,0.22097663581371307
934,3,190,0.2354917973279953
935,3,191,0.24360844492912292
936,3,192,0.3553643822669983
937,3,193,0.3302563428878784
938,3,194,0.30886057019233704
939,3,195,0.30610576272010803
940,3,196,0.2160748541355133
941,3,197,0.22675421833992004
942,3,198,0.21035459637641907
943,3,199,0.35242950916290283
944,3,200,0.30032163858413696
945,3,201,0.25844988226890564
946,3,202,0.2537602186203003
947,3,203,0.2736833393573761
948,3,204,0.24553175270557404
949,3,205,0.24557606875896454
950,3,206,0.3646737337112427
951,3,207,0.2572264075279236
952,3,208,0.27907299995422363
953,3,209,0.27885380387306213
954,3,210,0.28693342208862305
955,3,211,0.23725037276744843
956,3,212,0.19306930899620056
957,3,213,0.24427151679992676
958,3,214,0.21829983592033386
959,3,215,0.21923553943634033
960,3,216,0.22108086943626404
961,3,217,0.28982409834861755
962,3,218,0.2737613618373871
963,3,219,0.20932802557945251
964,3,220,0.19426414370536804
965,3,221,0.3318940997123718
966,3,222,0.19777299463748932
967,3,223,0.2796483635902405
968,3,224,0.2640989422798157
969,3,225,0.24184341728687286
970,3,226,0.7633514404296875
971,3,227,0.2866479158401489
972,3,228,0.38151636719703674
973,3,229,0.22007465362548828
974,3,230,0.24479413032531738
975,3,231,0.25573474168777466
976,3,232,0.27586686611175537
977,3,233,0.23380906879901886
978,3,234,0.2901478707790375
979,3,235,0.2038251906633377
980,3,236,0.25861820578575134
981,3,237,0.24057531356811523
982,3,238,0.27466997504234314
983,3,239,0.332258015871048
984,3,240,0.2864156663417816
985,3,241,0.24173983931541443
986,3,242,0.1996023952960968
987,3,243,0.23966510593891144
988,3,244,0.21844038367271423
989,3,245,0.23834767937660217
990,3,246,0.6673068404197693
991,3,247,0.29414767026901245
992,3,248,0.31336185336112976
993,3,249,0.2368251085281372
994,3,250,0.20856675505638123
995,3,251,0.26486536860466003
996,3,252,0.293407678604126
997,3,253,0.2787705361843109
998,3,254,0.24560590088367462
999,3,255,0.2865665555000305
1000,3,256,0.26054590940475464
1001,3,257,0.23590537905693054
1002,3,258,0.22029581665992737
1003,3,259,0.2787911891937256
1004,3,260,0.2385573834180832
1005,3,261,0.2733863294124603
1006,3,262,0.2674977481365204
1007,3,263,0.29482513666152954
1008,3,264,0.2563662827014923
1009,3,265,0.27706417441368103
1010,3,266,0.3341218829154968
1011,3,267,0.31290334463119507
1012,3,268,0.26673322916030884
1013,3,269,0.2667359411716461
1014,3,270,0.2825273871421814
1015,3,271,0.19356133043766022
1016,3,272,0.3024138808250427
1017,3,273,0.26858171820640564
1018,3,274,0.3019255995750427
1019,3,275,0.2337392121553421
1020,3,276,0.2786917984485626
1021,3,277,0.30239585041999817
1022,3,278,0.3121240735054016
1023,3,279,0.3368586599826813
1024,3,280,0.23941107094287872
1025,3,281,0.2486553192138672
1026,3,282,0.2514647841453552
1027,3,283,0.24484920501708984
1028,3,284,0.32206693291664124
1029,3,285,0.2949705123901367
1030,3,286,0.30410632491111755
1031,3,287,0.28935128450393677
1032,3,288,0.5824748873710632
1033,3,289,0.20236332714557648
1034,3,290,0.2288331687450409
1035,3,291,0.20439989864826202
1036,3,292,0.21068795025348663
1037,3,293,0.2707507312297821
1038,3,294,0.26937925815582275
1039,3,295,0.20727865397930145
1040,3,296,0.26856523752212524
1041,3,297,0.19391220808029175
1042,3,298,0.6331642866134644
1043,3,299,0.3060894012451172
1044,3,300,0.2668536603450775
1045,3,301,0.27559930086135864
1046,3,302,0.2529730200767517
1047,3,303,0.3156285583972931
1048,3,304,0.23978309333324432
1049,3,305,0.2977025806903839
1050,3,306,0.1977393627166748
1051,3,307,0.2935747802257538
1052,3,308,0.4196085035800934
1053,3,309,0.26113930344581604
1054,3,310,0.19717849791049957
1055,3,311,0.2531886696815491
1056,3,312,0.22692546248435974
1057,3,313,0.24260476231575012
1058,3,314,0.251198410987854
1059,3,315,0.37344372272491455
1060,3,316,0.24099430441856384
1061,3,317,0.2833598256111145
1062,3,318,0.2098742425441742
1063,3,319,0.3030077815055847
1064,3,320,0.23659881949424744
1065,3,321,0.2673443555831909
1066,3,322,0.5996016263961792
1067,3,323,0.5732028484344482
1068,3,324,0.24396848678588867
1069,3,325,0.2328997105360031
1070,3,326,0.273001492023468
1071,3,327,0.22148855030536652
1072,3,328,0.2449984848499298
1073,3,329,0.2206067144870758
1074,3,330,0.29092440009117126
1075,3,331,0.24612843990325928
1076,3,332,0.3407362103462219
1077,3,333,0.229618102312088
1078,3,334,0.24523596465587616
1079,3,335,0.22738578915596008
1080,3,336,0.28062355518341064
1081,3,337,0.33810070157051086
1082,3,338,0.2756759226322174
1083,3,339,0.2422710657119751
1084,3,340,0.27954423427581787
1085,3,341,0.2851004898548126
1086,3,342,0.2772136628627777
1087,3,343,0.22561697661876678
1088,3,344,0.22482872009277344
1089,3,345,0.2680895924568176
1090,3,346,0.22039206326007843
1091,3,347,0.20878568291664124
1092,3,348,0.23718228936195374
1093,3,349,0.2620161473751068
1094,3,350,0.22420306503772736
1095,3,351,0.2932127118110657
1096,3,352,0.32924920320510864
1097,3,353,0.2610709071159363
1098,3,354,0.31599825620651245
1099,3,355,0.340819776058197
1100,3,356,0.2431415319442749
1101,3,357,0.20685191452503204
1102,3,358,0.2599264979362488
1103,3,359,0.30054786801338196
1104,3,360,0.23972639441490173
1105,3,361,0.21773044764995575
1106,3,362,0.2961176037788391
1107,3,363,0.3019387125968933
1108,3,364,0.23947811126708984
1109,3,365,0.2381560355424881
1110,3,366,0.2515280842781067
1111,3,367,0.3450782895088196
1112,3,368,0.2082403004169464
1113,3,369,0.5805742740631104
1114,3,370,0.24651002883911133
1115,3,371,0.25674739480018616
1116,3,372,0.23261363804340363
1117,4,1,0.21918120980262756
1118,4,2,0.21766164898872375
1119,4,3,0.2921440005302429
1120,4,4,0.21709494292736053
1121,4,5,0.23776638507843018
1122,4,6,0.2537267804145813
1123,4,7,0.24695709347724915
1124,4,8,0.23560312390327454
1125,4,9,0.20519617199897766
1126,4,10,0.2361723929643631
1127,4,11,0.309784471988678
1128,4,12,0.19405695796012878
1129,4,13,0.21249084174633026
1130,4,14,0.24563975632190704
1131,4,15,0.2089862823486328
1132,4,16,0.24338285624980927
1133,4,17,0.19639667868614197
1134,4,18,0.23945851624011993
1135,4,19,0.25747936964035034
1136,4,20,0.2336897850036621
1137,4,21,0.23029616475105286
1138,4,22,0.2567121982574463
1139,4,23,0.21298368275165558
1140,4,24,0.19034428894519806
1141,4,25,0.23949921131134033
1142,4,26,0.20498397946357727
1143,4,27,0.20442147552967072
1144,4,28,0.2267148792743683
1145,4,29,0.22069516777992249
1146,4,30,0.6990059614181519
1147,4,31,0.2500551640987396
1148,4,32,0.22747531533241272
1149,4,33,0.21710601449012756
1150,4,34,0.21912448108196259
1151,4,35,0.28016653656959534
1152,4,36,0.23188050091266632
1153,4,37,0.26122260093688965
1154,4,38,0.4928903579711914
1155,4,39,0.2670280635356903
1156,4,40,0.20173640549182892
1157,4,41,0.2136727273464203
1158,4,42,0.1998041421175003
1159,4,43,0.26105326414108276
1160,4,44,0.2396668940782547
1161,4,45,0.1958426982164383
1162,4,46,0.20809559524059296
1163,4,47,0.2501545548439026
1164,4,48,0.2225956916809082
1165,4,49,0.2609385550022125
1166,4,50,0.19423910975456238
1167,4,51,0.19840827584266663
1168,4,52,0.27993375062942505
1169,4,53,0.2076183259487152
1170,4,54,0.2176544964313507
1171,4,55,0.2326851636171341
1172,4,56,0.2255840003490448
1173,4,57,0.2629505395889282
1174,4,58,0.20790906250476837
1175,4,59,0.22118432819843292
1176,4,60,0.2503512501716614
1177,4,61,0.4233832359313965
1178,4,62,0.22811207175254822
1179,4,63,0.21056091785430908
1180,4,64,0.17242905497550964
1181,4,65,0.2249322384595871
1182,4,66,0.27292683720588684
1183,4,67,0.2240101546049118
1184,4,68,0.23515884578227997
1185,4,69,0.30437618494033813
1186,4,70,0.27243053913116455
1187,4,71,0.2833292484283447
1188,4,72,0.24139375984668732
1189,4,73,0.2996259033679962
1190,4,74,0.20852775871753693
1191,4,75,0.2245374619960785
1192,4,76,0.2277449369430542
1193,4,77,0.2666141092777252
1194,4,78,0.20144596695899963
1195,4,79,0.4765230715274811
1196,4,80,0.3179888129234314
1197,4,81,0.2680841088294983
1198,4,82,0.23997890949249268
1199,4,83,0.25750675797462463
1200,4,84,0.22888651490211487
1201,4,85,0.1961926519870758
1202,4,86,0.2572859227657318
1203,4,87,0.24906885623931885
1204,4,88,0.23973330855369568
1205,4,89,0.23118340969085693
1206,4,90,0.22474756836891174
1207,4,91,0.22087199985980988
1208,4,92,0.22880680859088898
1209,4,93,0.2502756118774414
1210,4,94,0.22676734626293182
1211,4,95,0.18623727560043335
1212,4,96,0.22458672523498535
1213,4,97,0.20982399582862854
1214,4,98,0.22990338504314423
1215,4,99,0.2457892894744873
1216,4,100,0.253102570772171
1217,4,101,0.19242119789123535
1218,4,102,0.21413202583789825
1219,4,103,0.2420434206724167
1220,4,104,0.1986561417579651
1221,4,105,0.24950137734413147
1222,4,106,0.21906515955924988
1223,4,107,0.251258909702301
1224,4,108,0.21747799217700958
1225,4,109,0.26206257939338684
1226,4,110,0.306516170501709
1227,4,111,0.3103756606578827
1228,4,112,0.20477712154388428
1229,4,113,0.2498409003019333
1230,4,114,0.30056995153427124
1231,4,115,0.28370100259780884
1232,4,116,0.5315808057785034
1233,4,117,0.20762649178504944
1234,4,118,0.5103157758712769
1235,4,119,0.21003451943397522
1236,4,120,0.2643203139305115
1237,4,121,0.20290744304656982
1238,4,122,0.2649782598018646
1239,4,123,0.21118596196174622
1240,4,124,0.23004896938800812
1241,4,125,0.24001021683216095
1242,4,126,0.26455172896385193
1243,4,127,0.21183070540428162
1244,4,128,0.2544761300086975
1245,4,129,0.33906763792037964
1246,4,130,0.20884470641613007
1247,4,131,0.3143152892589569
1248,4,132,0.370311439037323
1249,4,133,0.24391481280326843
1250,4,134,0.3073534369468689
1251,4,135,0.251308411359787
1252,4,136,0.23639149963855743
1253,4,137,0.23552317917346954
1254,4,138,0.2246452122926712
1255,4,139,0.28727731108665466
1256,4,140,0.2686806321144104
1257,4,141,0.23206675052642822
1258,4,142,0.2147643119096756
1259,4,143,0.288216233253479
1260,4,144,0.2221214324235916
1261,4,145,0.27176433801651
1262,4,146,0.27152732014656067
1263,4,147,0.2006855309009552
1264,4,148,0.24336063861846924
1265,4,149,0.21862821280956268
1266,4,150,0.2332424819469452
1267,4,151,0.24630048871040344
1268,4,152,0.1888734996318817
1269,4,153,0.22154588997364044
1270,4,154,0.31986865401268005
1271,4,155,0.2697446346282959
1272,4,156,0.29655373096466064
1273,4,157,0.21935012936592102
1274,4,158,0.23648130893707275
1275,4,159,0.22944578528404236
1276,4,160,0.2680617868900299
1277,4,161,0.5528682470321655
1278,4,162,0.22486194968223572
1279,4,163,0.21641063690185547
1280,4,164,0.19513702392578125
1281,4,165,0.2612275183200836
1282,4,166,0.239313006401062
1283,4,167,0.2176068127155304
1284,4,168,0.20280010998249054
1285,4,169,0.20958562195301056
1286,4,170,0.1875256448984146
1287,4,171,0.23008303344249725
1288,4,172,0.2087688446044922
1289,4,173,0.21024897694587708
1290,4,174,0.17130205035209656
1291,4,175,0.19085697829723358
1292,4,176,0.2030978500843048
1293,4,177,0.20884540677070618
1294,4,178,0.23019413650035858
1295,4,179,0.19596293568611145
1296,4,180,0.2740938067436218
1297,4,181,0.2341364175081253
1298,4,182,0.2784930467605591
1299,4,183,0.19935472309589386
1300,4,184,0.24055996537208557
1301,4,185,0.2042083740234375
1302,4,186,0.2492092102766037
1303,4,187,0.2030671387910843
1304,4,188,0.5320903062820435
1305,4,189,0.21048228442668915
1306,4,190,0.200251966714859
1307,4,191,0.2560334801673889
1308,4,192,0.24821004271507263
1309,4,193,0.22910070419311523
1310,4,194,0.2038157731294632
1311,4,195,0.20668625831604004
1312,4,196,0.23915791511535645
1313,4,197,0.3071959614753723
1314,4,198,0.25370973348617554
1315,4,199,0.24948592483997345
1316,4,200,0.2626093924045563
1317,4,201,0.25141316652297974
1318,4,202,0.2310033142566681
1319,4,203,0.27959010004997253
1320,4,204,0.19684725999832153
1321,4,205,0.17976419627666473
1322,4,206,0.27223560214042664
1323,4,207,0.23630580306053162
1324,4,208,0.2569245398044586
1325,4,209,0.21661825478076935
1326,4,210,0.2757917046546936
1327,4,211,0.17512580752372742
1328,4,212,0.2678651213645935
1329,4,213,0.2118174135684967
1330,4,214,0.28265196084976196
1331,4,215,0.24496302008628845
1332,4,216,0.22234144806861877
1333,4,217,0.24248528480529785
1334,4,218,0.21348659694194794
1335,4,219,0.2347601354122162
1336,4,220,0.17878763377666473
1337,4,221,0.2306291162967682
1338,4,222,0.23694229125976562
1339,4,223,0.26907116174697876
1340,4,224,0.23554310202598572
1341,4,225,0.26546093821525574
1342,4,226,0.2313598096370697
1343,4,227,0.2540550231933594
1344,4,228,0.26976197957992554
1345,4,229,0.26781654357910156
1346,4,230,0.37406203150749207
1347,4,231,0.23351630568504333
1348,4,232,0.20924003422260284
1349,4,233,0.19922368228435516
1350,4,234,0.23356826603412628
1351,4,235,0.2519715428352356
1352,4,236,0.20607182383537292
1353,4,237,0.22160115838050842
1354,4,238,0.2150833159685135
1355,4,239,0.22368697822093964
1356,4,240,0.1711757779121399
1357,4,241,0.5675624012947083
1358,4,242,0.5560092329978943
1359,4,243,0.22893483936786652
1360,4,244,0.23380598425865173
1361,4,245,0.21595458686351776
1362,4,246,0.2097468078136444
1363,4,247,0.2052740752696991
1364,4,248,0.23931190371513367
1365,4,249,0.2535732388496399
1366,4,250,0.23673555254936218
1367,4,251,0.20465774834156036
1368,4,252,0.21696774661540985
1369,4,253,0.20915409922599792
1370,4,254,0.22345054149627686
1371,4,255,0.23042821884155273
1372,4,256,0.25192371010780334
1373,4,257,0.25196346640586853
1374,4,258,0.24568819999694824
1375,4,259,0.2276332825422287
1376,4,260,0.24493291974067688
1377,4,261,0.18062759935855865
1378,4,262,0.20153529942035675
1379,4,263,0.1839681714773178
1380,4,264,0.23684540390968323
1381,4,265,0.251456081867218
1382,4,266,0.2653323709964752
1383,4,267,0.20890755951404572
1384,4,268,0.1967848688364029
1385,4,269,0.2124316245317459
1386,4,270,0.2572043836116791
1387,4,271,0.22333578765392303
1388,4,272,0.23446998000144958
1389,4,273,0.19530610740184784
1390,4,274,0.2504168450832367
1391,4,275,0.31265658140182495
1392,4,276,0.21158704161643982
1393,4,277,0.18360212445259094
1394,4,278,0.1747245490550995
1395,4,279,0.22039008140563965
1396,4,280,0.1777498722076416
1397,4,281,0.20344021916389465
1398,4,282,0.15621957182884216
1399,4,283,0.19239936769008636
1400,4,284,0.25695371627807617
1401,4,285,0.23666279017925262
1402,4,286,0.22437608242034912
1403,4,287,0.2516874670982361
1404,4,288,0.187340646982193
1405,4,289,0.2090742141008377
1406,4,290,0.2086034119129181
1407,4,291,0.2581641376018524
1408,4,292,0.210891991853714
1409,4,293,0.5237069129943848
1410,4,294,0.22940929234027863
1411,4,295,0.20970244705677032
1412,4,296,0.22891941666603088
1413,4,297,0.23271557688713074
1414,4,298,0.20573990046977997
1415,4,299,0.22648434340953827
1416,4,300,0.2103673219680786
1417,4,301,0.20956873893737793
1418,4,302,0.200853630900383
1419,4,303,0.24614682793617249
1420,4,304,0.2361007034778595
1421,4,305,0.22968809306621552
1422,4,306,0.19037027657032013
1423,4,307,0.3029816150665283
1424,4,308,0.24980735778808594
1425,4,309,0.2080560177564621
1426,4,310,0.287556916475296
1427,4,311,0.23007793724536896
1428,4,312,0.2713448405265808
1429,4,313,0.24044494330883026
1430,4,314,0.2798440456390381
1431,4,315,0.5852330923080444
1432,4,316,0.2363385409116745
1433,4,317,0.28052324056625366
1434,4,318,0.176891028881073
1435,4,319,0.25996118783950806
1436,4,320,0.17452798783779144
1437,4,321,0.24748873710632324
1438,4,322,0.2066749781370163
1439,4,323,0.22578689455986023
1440,4,324,0.2135809361934662
1441,4,325,0.2115752249956131
1442,4,326,0.20024104416370392
1443,4,327,0.21510203182697296
1444,4,328,0.2019658088684082
1445,4,329,0.201950341463089
1446,4,330,0.19877222180366516
1447,4,331,0.19004802405834198
1448,4,332,0.20939838886260986
1449,4,333,0.2230442762374878
1450,4,334,0.2130773514509201
1451,4,335,0.32238468527793884
1452,4,336,0.19556434452533722
1453,4,337,0.2295750081539154
1454,4,338,0.2570986747741699
1455,4,339,0.24740195274353027
1456,4,340,0.3006421625614166
1457,4,341,0.21601226925849915
1458,4,342,0.18868526816368103
1459,4,343,0.2815536856651306
1460,4,344,0.22021925449371338
1461,4,345,0.23259703814983368
1462,4,346,0.26617518067359924
1463,4,347,0.25890302658081055
1464,4,348,0.20123955607414246
1465,4,349,0.24718479812145233
1466,4,350,0.2208055555820465
1467,4,351,0.2533837854862213
1468,4,352,0.19606979191303253
1469,4,353,0.21508154273033142
1470,4,354,0.21034200489521027
1471,4,355,0.2298000156879425
1472,4,356,0.23207107186317444
1473,4,357,0.18820767104625702
1474,4,358,0.2552594542503357
1475,4,359,0.2173127681016922
1476,4,360,0.31538647413253784
1477,4,361,0.17237529158592224
1478,4,362,0.2552334666252136
1479,4,363,0.20126953721046448
1480,4,364,0.37541502714157104
1481,4,365,0.24911651015281677
1482,4,366,0.2037305384874344
1483,4,367,0.22560080885887146
1484,4,368,0.21900209784507751
1485,4,369,0.28176718950271606
1486,4,370,0.32588574290275574
1487,4,371,0.2364230453968048
1488,4,372,0.22713646292686462
1489,5,1,0.20180661976337433
1490,5,2,0.20881600677967072
1491,5,3,0.23997125029563904
1492,5,4,0.24769599735736847
1493,5,5,0.21880070865154266
1494,5,6,0.22995725274085999
1495,5,7,0.2228594571352005
1496,5,8,0.24192316830158234
1497,5,9,0.17918339371681213
1498,5,10,0.20436668395996094
1499,5,11,0.19051769375801086
1500,5,12,0.22232571244239807
1501,5,13,0.2663310170173645
1502,5,14,0.33644065260887146
1503,5,15,0.22431547939777374
1504,5,16,0.19947104156017303
1505,5,17,0.21868133544921875
1506,5,18,0.1724427044391632
1507,5,19,0.25084081292152405
1508,5,20,0.20832209289073944
1509,5,21,0.20202307403087616
1510,5,22,0.3801102042198181
1511,5,23,0.23664847016334534
1512,5,24,0.27436748147010803
1513,5,25,0.21405324339866638
1514,5,26,0.21969179809093475
1515,5,27,0.22347331047058105
1516,5,28,0.18461906909942627
1517,5,29,0.2958228290081024
1518,5,30,0.24643678963184357
1519,5,31,0.246787428855896
1520,5,32,0.2223379909992218
1521,5,33,0.21423177421092987
1522,5,34,0.17392195761203766
1523,5,35,0.19484207034111023
1524,5,36,0.20425903797149658
1525,5,37,0.2402307093143463
1526,5,38,0.21196599304676056
1527,5,39,0.21093373000621796
1528,5,40,0.17947621643543243
1529,5,41,0.2250053882598877
1530,5,42,0.2398681640625
1531,5,43,0.2248234748840332
1532,5,44,0.1965273767709732
1533,5,45,0.17329898476600647
1534,5,46,0.28581878542900085
1535,5,47,0.174337700009346
1536,5,48,0.1598990261554718
1537,5,49,0.19747871160507202
1538,5,50,0.17904657125473022
1539,5,51,0.20449765026569366
1540,5,52,0.2394248992204666
1541,5,53,0.21878723800182343
1542,5,54,0.16217075288295746
1543,5,55,0.29182833433151245
1544,5,56,0.17255306243896484
1545,5,57,0.17470896244049072
1546,5,58,0.17733898758888245
1547,5,59,0.5518767833709717
1548,5,60,0.2479587346315384
1549,5,61,0.19328555464744568
1550,5,62,0.2347242534160614
1551,5,63,0.21827824413776398
1552,5,64,0.19395186007022858
1553,5,65,0.2411186397075653
1554,5,66,0.1882742941379547
1555,5,67,0.17601856589317322
1556,5,68,0.22390322387218475
1557,5,69,0.19788748025894165
1558,5,70,0.18722471594810486
1559,5,71,0.1884293258190155
1560,5,72,0.23290617763996124
1561,5,73,0.21766749024391174
1562,5,74,0.1990523487329483
1563,5,75,0.18110473453998566
1564,5,76,0.22683587670326233
1565,5,77,0.24236083030700684
1566,5,78,0.18009193241596222
1567,5,79,0.25985410809516907
1568,5,80,0.21329331398010254
1569,5,81,0.1724657118320465
1570,5,82,0.18006102740764618
1571,5,83,0.16206809878349304
1572,5,84,0.18603305518627167
1573,5,85,0.18387441337108612
1574,5,86,0.24013762176036835
1575,5,87,0.19645528495311737
1576,5,88,0.22263291478157043
1577,5,89,0.18512073159217834
1578,5,90,0.2251451313495636
1579,5,91,0.27029842138290405
1580,5,92,0.2052215039730072
1581,5,93,0.23490199446678162
1582,5,94,0.1838996261358261
1583,5,95,0.1912088692188263
1584,5,96,0.1773083657026291
1585,5,97,0.2209027111530304
1586,5,98,0.20613650977611542
1587,5,99,0.17973895370960236
1588,5,100,0.19728176295757294
1589,5,101,0.18791094422340393
1590,5,102,0.18884892761707306
1591,5,103,0.24448490142822266
1592,5,104,0.2180033177137375
1593,5,105,0.23855027556419373
1594,5,106,0.19980183243751526
1595,5,107,0.22133788466453552
1596,5,108,0.2126394510269165
1597,5,109,0.2650551497936249
1598,5,110,0.22623991966247559
1599,5,111,0.19215182960033417
1600,5,112,0.2070329487323761
1601,5,113,0.1737547218799591
1602,5,114,0.15791985392570496
1603,5,115,0.19434821605682373
1604,5,116,0.18202006816864014
1605,5,117,0.19836737215518951
1606,5,118,0.1915328949689865
1607,5,119,0.19306598603725433
1608,5,120,0.592577338218689
1609,5,121,0.22312721610069275
1610,5,122,0.21581649780273438
1611,5,123,0.19668948650360107
1612,5,124,0.19939006865024567
1613,5,125,0.16596516966819763
1614,5,126,0.24730956554412842
1615,5,127,0.2169332504272461
1616,5,128,0.208912655711174
1617,5,129,0.4321680963039398
1618,5,130,0.2525096535682678
1619,5,131,0.16623638570308685
1620,5,132,0.161683589220047
1621,5,133,0.25701433420181274
1622,5,134,0.21317553520202637
1623,5,135,0.3309510350227356
1624,5,136,0.17276978492736816
1625,5,137,0.19570381939411163
1626,5,138,0.2184356153011322
1627,5,139,0.2165917605161667
1628,5,140,0.20189937949180603
1629,5,141,0.20197483897209167
1630,5,142,0.2139855921268463
1631,5,143,0.18535372614860535
1632,5,144,0.15035709738731384
1633,5,145,0.19427582621574402
1634,5,146,0.2157324105501175
1635,5,147,0.18594804406166077
1636,5,148,0.20555856823921204
1637,5,149,0.21608981490135193
1638,5,150,0.37731829285621643
1639,5,151,0.19385848939418793
1640,5,152,0.21615450084209442
1641,5,153,0.20390412211418152
1642,5,154,0.19899798929691315
1643,5,155,0.21690838038921356
1644,5,156,0.23589448630809784
1645,5,157,0.21308667957782745
1646,5,158,0.2117333859205246
1647,5,159,0.16023807227611542
1648,5,160,0.23574909567832947
1649,5,161,0.19765014946460724
1650,5,162,0.244571253657341
1651,5,163,0.22286906838417053
1652,5,164,0.1766861379146576
1653,5,165,0.2113068550825119
1654,5,166,0.18092329800128937
1655,5,167,0.19060543179512024
1656,5,168,0.24031181633472443
1657,5,169,0.17531311511993408
1658,5,170,0.18419149518013
1659,5,171,0.1741524338722229
1660,5,172,0.16883596777915955
1661,5,173,0.21218271553516388
1662,5,174,0.21296076476573944
1663,5,175,0.20965376496315002
1664,5,176,0.34762635827064514
1665,5,177,0.23476740717887878
1666,5,178,0.21823568642139435
1667,5,179,0.19176419079303741
1668,5,180,0.16079053282737732
1669,5,181,0.19162142276763916
1670,5,182,0.1934303194284439
1671,5,183,0.21954885125160217
1672,5,184,0.20722930133342743
1673,5,185,0.2713509500026703
1674,5,186,0.19533099234104156
1675,5,187,0.22125975787639618
1676,5,188,0.24492165446281433
1677,5,189,0.2589697241783142
1678,5,190,0.2615664005279541
1679,5,191,0.21680155396461487
1680,5,192,0.2161945402622223
1681,5,193,0.1640685647726059
1682,5,194,0.2615736126899719
1683,5,195,0.22141806781291962
1684,5,196,0.18853715062141418
1685,5,197,0.19914957880973816
1686,5,198,0.3210159242153168
1687,5,199,0.18794479966163635
1688,5,200,0.2348242700099945
1689,5,201,0.1687677800655365
1690,5,202,0.21276409924030304
1691,5,203,0.15211121737957
1692,5,204,0.218732088804245
1693,5,205,0.1826963722705841
1694,5,206,0.16714222729206085
1695,5,207,0.20009925961494446
1696,5,208,0.19344660639762878
1697,5,209,0.15304841101169586
1698,5,210,0.18581710755825043
1699,5,211,0.2623259425163269
1700,5,212,0.18212395906448364
1701,5,213,0.41198769211769104
1702,5,214,0.2291233241558075
1703,5,215,0.18995895981788635
1704,5,216,0.22076615691184998
1705,5,217,0.23834741115570068
1706,5,218,0.1876247376203537
1707,5,219,0.23586229979991913
1708,5,220,0.19974204897880554
1709,5,221,0.1885673552751541
1710,5,222,0.20333552360534668
1711,5,223,0.20833075046539307
1712,5,224,0.23626229166984558
1713,5,225,0.5267843008041382
1714,5,226,0.2380770891904831
1715,5,227,0.22594165802001953
1716,5,228,0.43220457434654236
1717,5,229,0.19482828676700592
1718,5,230,0.19069898128509521
1719,5,231,0.19606955349445343
1720,5,232,0.16506044566631317
1721,5,233,0.19188107550144196
1722,5,234,0.2555840313434601
1723,5,235,0.248737171292305
1724,5,236,0.2147466242313385
1725,5,237,0.20678070187568665
1726,5,238,0.21704117953777313
1727,5,239,0.19431725144386292
1728,5,240,0.20498105883598328
1729,5,241,0.40567833185195923
1730,5,242,0.21970495581626892
1731,5,243,0.21107923984527588
1732,5,244,0.19699542224407196
1733,5,245,0.2774651050567627
1734,5,246,0.18103624880313873
1735,5,247,0.2072414606809616
1736,5,248,0.2069362848997116
1737,5,249,0.3420778214931488
1738,5,250,0.22689422965049744
1739,5,251,0.2310614138841629
1740,5,252,0.3224342167377472
1741,5,253,0.21530179679393768
1742,5,254,0.19728609919548035
1743,5,255,0.20936241745948792
1744,5,256,0.16903047263622284
1745,5,257,0.20669329166412354
1746,5,258,0.1660936176776886
1747,5,259,0.24184127151966095
1748,5,260,0.4084669053554535
1749,5,261,0.20576706528663635
1750,5,262,0.19411742687225342
1751,5,263,0.21806009113788605
1752,5,264,0.23071317374706268
1753,5,265,0.23547331988811493
1754,5,266,0.18491919338703156
1755,5,267,0.17915961146354675
1756,5,268,0.20042364299297333
1757,5,269,0.1920909732580185
1758,5,270,0.2463998794555664
1759,5,271,0.15483388304710388
1760,5,272,0.18933093547821045
1761,5,273,0.20576050877571106
1762,5,274,0.19224515557289124
1763,5,275,0.24056334793567657
1764,5,276,0.2533237636089325
1765,5,277,0.21156208217144012
1766,5,278,0.2969858944416046
1767,5,279,0.24169950187206268
1768,5,280,0.29903659224510193
1769,5,281,0.18107350170612335
1770,5,282,0.2192268818616867
1771,5,283,0.2264060229063034
1772,5,284,0.2029937207698822
1773,5,285,0.21542878448963165
1774,5,286,0.19873522222042084
1775,5,287,0.21643061935901642
1776,5,288,0.19590723514556885
1777,5,289,0.21171972155570984
1778,5,290,0.2470613718032837
1779,5,291,0.23924417793750763
1780,5,292,0.1648356318473816
1781,5,293,0.37013348937034607
1782,5,294,0.25709268450737
1783,5,295,0.21189923584461212
1784,5,296,0.2182198017835617
1785,5,297,0.2200212925672531
1786,5,298,0.3210535943508148
1787,5,299,0.2073512077331543
1788,5,300,0.24410521984100342
1789,5,301,0.17126202583312988
1790,5,302,0.2097138911485672
1791,5,303,0.20590558648109436
1792,5,304,0.21114866435527802
1793,5,305,0.18049070239067078
1794,5,306,0.2141435146331787
1795,5,307,0.25054824352264404
1796,5,308,0.2080768346786499
1797,5,309,0.2022314965724945
1798,5,310,0.17792697250843048
1799,5,311,0.19830596446990967
1800,5,312,0.22439689934253693
1801,5,313,0.28474992513656616
1802,5,314,0.21174606680870056
1803,5,315,0.19769832491874695
1804,5,316,0.1905481219291687
1805,5,317,0.17781202495098114
1806,5,318,0.20162329077720642
1807,5,319,0.25384998321533203
1808,5,320,0.18368853628635406
1809,5,321,0.19047337770462036
1810,5,322,0.19675393402576447
1811,5,323,0.23948237299919128
1812,5,324,0.21402418613433838
1813,5,325,0.2862178087234497
1814,5,326,0.1960267722606659
1815,5,327,0.1708054393529892
1816,5,328,0.24315163493156433
1817,5,329,0.21510496735572815
1818,5,330,0.16643567383289337
1819,5,331,0.21420767903327942
1820,5,332,0.2570686638355255
1821,5,333,0.20277449488639832
1822,5,334,0.16748109459877014
1823,5,335,0.2212090939283371
1824,5,336,0.15720155835151672
1825,5,337,0.17617826163768768
1826,5,338,0.18327926099300385
1827,5,339,0.19251397252082825
1828,5,340,0.25060272216796875
1829,5,341,0.2137099802494049
1830,5,342,0.19237904250621796
1831,5,343,0.2697829008102417
1832,5,344,0.1935601532459259
1833,5,345,0.203787162899971
1834,5,346,0.16675975918769836
1835,5,347,0.24279829859733582
1836,5,348,0.17070209980010986
1837,5,349,0.24760428071022034
1838,5,350,0.15211470425128937
1839,5,351,0.18939208984375
1840,5,352,0.22380268573760986
1841,5,353,0.1931857168674469
1842,5,354,0.19446849822998047
1843,5,355,0.1809428632259369
1844,5,356,0.2084411382675171
1845,5,357,0.17467042803764343
1846,5,358,0.2567417025566101
1847,5,359,0.20710249245166779
1848,5,360,0.2249777764081955
1849,5,361,0.19720783829689026
1850,5,362,0.17016009986400604
1851,5,363,0.19116638600826263
1852,5,364,0.19456647336483002
1853,5,365,0.3278263211250305
1854,5,366,0.19521203637123108
1855,5,367,0.21594786643981934
1856,5,368,0.1931450217962265
1857,5,369,0.206599622964859
1858,5,370,0.22537991404533386
1859,5,371,0.2179882824420929
1860,5,372,0.26344016194343567
1861,6,1,0.3181764483451843
1862,6,2,0.19357120990753174
1863,6,3,0.23899845778942108
1864,6,4,0.18869926035404205
1865,6,5,0.25289973616600037
1866,6,6,0.2087474763393402
1867,6,7,0.18554717302322388
1868,6,8,0.177386075258255
1869,6,9,0.36757513880729675
1870,6,10,0.15953826904296875
1871,6,11,0.20928378403186798
1872,6,12,0.18382404744625092
1873,6,13,0.17244520783424377
1874,6,14,0.1680823564529419
1875,6,15,0.18647493422031403
1876,6,16,0.1830977499485016
1877,6,17,0.20817649364471436
1878,6,18,0.20437240600585938
1879,6,19,0.16176161170005798
1880,6,20,0.19021788239479065
1881,6,21,0.16791078448295593
1882,6,22,0.2136126458644867
1883,6,23,0.206377774477005
1884,6,24,0.17490346729755402
1885,6,25,0.18683205544948578
1886,6,26,0.17485275864601135
1887,6,27,0.214671328663826
1888,6,28,0.2352069914340973
1889,6,29,0.1885051131248474
1890,6,30,0.20494098961353302
1891,6,31,0.18336693942546844
1892,6,32,0.15921592712402344
1893,6,33,0.18949520587921143
1894,6,34,0.229527547955513
1895,6,35,0.194057434797287
1896,6,36,0.18937158584594727
1897,6,37,0.20615346729755402
1898,6,38,0.21961979568004608
1899,6,39,0.306613028049469
1900,6,40,0.19082322716712952
1901,6,41,0.1956060528755188
1902,6,42,0.1910325139760971
1903,6,43,0.20268771052360535
1904,6,44,0.18000945448875427
1905,6,45,0.24374186992645264
1906,6,46,0.1999048888683319
1907,6,47,0.17906822264194489
1908,6,48,0.23297326266765594
1909,6,49,0.182569682598114
1910,6,50,0.22404631972312927
1911,6,51,0.1960143744945526
1912,6,52,0.19184209406375885
1913,6,53,0.1992003172636032
1914,6,54,0.1587577909231186
1915,6,55,0.17885111272335052
1916,6,56,0.1729697585105896
1917,6,57,0.17107316851615906
1918,6,58,0.19136354327201843
1919,6,59,0.18031559884548187
1920,6,60,0.17126764357089996
1921,6,61,0.18088661134243011
1922,6,62,0.24178841710090637
1923,6,63,0.1676369607448578
1924,6,64,0.17117251455783844
1925,6,65,0.31896087527275085
1926,6,66,0.21261315047740936
1927,6,67,0.17987088859081268
1928,6,68,0.21402934193611145
1929,6,69,0.18703606724739075
1930,6,70,0.19054332375526428
1931,6,71,0.18020203709602356
1932,6,72,0.19466999173164368
1933,6,73,0.2123354971408844
1934,6,74,0.23968979716300964
1935,6,75,0.2120324671268463
1936,6,76,0.2105877846479416
1937,6,77,0.18588194251060486
1938,6,78,0.20737555623054504
1939,6,79,0.16429559886455536
1940,6,80,0.18541134893894196
1941,6,81,0.1744917333126068
1942,6,82,0.15844744443893433
1943,6,83,0.1834069788455963
1944,6,84,0.1620161235332489
1945,6,85,0.1683037430047989
1946,6,86,0.17250648140907288
1947,6,87,0.19664478302001953
1948,6,88,0.21314804255962372
1949,6,89,0.1909821629524231
1950,6,90,0.1969732940196991
1951,6,91,0.1797141581773758
1952,6,92,0.19665595889091492
1953,6,93,0.18026816844940186
1954,6,94,0.16619877517223358
1955,6,95,0.19835510849952698
1956,6,96,0.1807492971420288
1957,6,97,0.1988133192062378
1958,6,98,0.18903541564941406
1959,6,99,0.16601425409317017
1960,6,100,0.22778138518333435
1961,6,101,0.18117773532867432
1962,6,102,0.19393916428089142
1963,6,103,0.2713574767112732
1964,6,104,0.35418298840522766
1965,6,105,0.18491917848587036
1966,6,106,0.36777758598327637
1967,6,107,0.24977636337280273
1968,6,108,0.19253051280975342
1969,6,109,0.21296656131744385
1970,6,110,0.2497267723083496
1971,6,111,0.16429564356803894
1972,6,112,0.1904962956905365
1973,6,113,0.2390672266483307
1974,6,114,0.3297361433506012
1975,6,115,0.2163098156452179
1976,6,116,0.1818196028470993
1977,6,117,0.18211616575717926
1978,6,118,0.23118051886558533
1979,6,119,0.1455228626728058
1980,6,120,0.16675305366516113
1981,6,121,0.19271104037761688
1982,6,122,0.19819994270801544
1983,6,123,0.21244554221630096
1984,6,124,0.4790906310081482
1985,6,125,0.17186978459358215
1986,6,126,0.1608925759792328
1987,6,127,0.26950472593307495
1988,6,128,0.2010696679353714
1989,6,129,0.22281043231487274
1990,6,130,0.18122026324272156
1991,6,131,0.15139397978782654
1992,6,132,0.1811625063419342
1993,6,133,0.19867974519729614
1994,6,134,0.17944088578224182
1995,6,135,0.21235671639442444
1996,6,136,0.16998228430747986
1997,6,137,0.21617265045642853
1998,6,138,0.2228800505399704
1999,6,139,0.21184127032756805
2000,6,140,0.19720695912837982
2001,6,141,0.20583228766918182
2002,6,142,0.19713501632213593
2003,6,143,0.17134039103984833
2004,6,144,0.21527621150016785
2005,6,145,0.18523983657360077
2006,6,146,0.20125070214271545
2007,6,147,0.16922627389431
2008,6,148,0.1596062034368515
2009,6,149,0.20177046954631805
2010,6,150,0.19295403361320496
2011,6,151,0.2163809984922409
2012,6,152,0.20644402503967285
2013,6,153,0.19514718651771545
2014,6,154,0.17996284365653992
2015,6,155,0.19353368878364563
2016,6,156,0.19879713654518127
2017,6,157,0.187063530087471
2018,6,158,0.2127094268798828
2019,6,159,0.23828379809856415
2020,6,160,0.23661907017230988
2021,6,161,0.18567588925361633
2022,6,162,0.2106853723526001
2023,6,163,0.23290018737316132
2024,6,164,0.18577364087104797
2025,6,165,0.17892594635486603
2026,6,166,0.1890232115983963
2027,6,167,0.17224380373954773
2028,6,168,0.1861373484134674
2029,6,169,0.1780526340007782
2030,6,170,0.18397001922130585
2031,6,171,0.19296258687973022
2032,6,172,0.17771035432815552
2033,6,173,0.1627645641565323
2034,6,174,0.2246260941028595
2035,6,175,0.20452383160591125
2036,6,176,0.2173994779586792
2037,6,177,0.1746842861175537
2038,6,178,0.17557671666145325
2039,6,179,0.16208921372890472
2040,6,180,0.17587730288505554
2041,6,181,0.24112477898597717
2042,6,182,0.16223782300949097
2043,6,183,0.17091956734657288
2044,6,184,0.21316926181316376
2045,6,185,0.1808372288942337
2046,6,186,0.20542097091674805
2047,6,187,0.1931207776069641
2048,6,188,0.24979253113269806
2049,6,189,0.23395249247550964
2050,6,190,0.19232642650604248
2051,6,191,0.2175418585538864
2052,6,192,0.146096333861351
2053,6,193,0.17267277836799622
2054,6,194,0.18864619731903076
2055,6,195,0.20580649375915527
2056,6,196,0.1868501603603363
2057,6,197,0.16968265175819397
2058,6,198,0.18067008256912231
2059,6,199,0.1735108345746994
2060,6,200,0.21796122193336487
2061,6,201,0.21212777495384216
2062,6,202,0.18220479786396027
2063,6,203,0.23534604907035828
2064,6,204,0.19485104084014893
2065,6,205,0.1963757425546646
2066,6,206,0.18639791011810303
2067,6,207,0.19047899544239044
2068,6,208,0.2405373752117157
2069,6,209,0.14232563972473145
2070,6,210,0.22352750599384308
2071,6,211,0.15723690390586853
2072,6,212,0.21985630691051483
2073,6,213,0.2957804799079895
2074,6,214,0.18660520017147064
2075,6,215,0.18895766139030457
2076,6,216,0.1827552616596222
2077,6,217,0.2069719135761261
2078,6,218,0.17999303340911865
2079,6,219,0.1860572099685669
2080,6,220,0.21707606315612793
2081,6,221,0.19582892954349518
2082,6,222,0.17677591741085052
2083,6,223,0.2117587774991989
2084,6,224,0.19547195732593536
2085,6,225,0.21196480095386505
2086,6,226,0.18857461214065552
2087,6,227,0.16484618186950684
2088,6,228,0.19807514548301697
2089,6,229,0.1723661869764328
2090,6,230,0.1756785660982132
2091,6,231,0.21936646103858948
2092,6,232,0.17043718695640564
2093,6,233,0.17169435322284698
2094,6,234,0.19070306420326233
2095,6,235,0.17713037133216858
2096,6,236,0.22253386676311493
2097,6,237,0.1768970936536789
2098,6,238,0.278606116771698
2099,6,239,0.17338894307613373
2100,6,240,0.21003222465515137
2101,6,241,0.19337508082389832
2102,6,242,0.20719686150550842
2103,6,243,0.18908783793449402
2104,6,244,0.18072092533111572
2105,6,245,0.16435211896896362
2106,6,246,0.14468252658843994
2107,6,247,0.18633097410202026
2108,6,248,0.23408670723438263
2109,6,249,0.17551371455192566
2110,6,250,0.39975929260253906
2111,6,251,0.19049687683582306
2112,6,252,0.16574373841285706
2113,6,253,0.17574664950370789
2114,6,254,0.2266140878200531
2115,6,255,0.21935629844665527
2116,6,256,0.174845889210701
2117,6,257,0.20360791683197021
2118,6,258,0.1802143156528473
2119,6,259,0.15039131045341492
2120,6,260,0.2132640779018402
2121,6,261,0.19296559691429138
2122,6,262,0.2378862202167511
2123,6,263,0.23674289882183075
2124,6,264,0.19389745593070984
2125,6,265,0.1827736496925354
2126,6,266,0.24375207722187042
2127,6,267,0.2213619202375412
2128,6,268,0.2950056791305542
2129,6,269,0.20575185120105743
2130,6,270,0.187562957406044
2131,6,271,0.18937650322914124
2132,6,272,0.18105804920196533
2133,6,273,0.2627412676811218
2134,6,274,0.1855519711971283
2135,6,275,0.21728558838367462
2136,6,276,0.17774082720279694
2137,6,277,0.16159746050834656
2138,6,278,0.18369460105895996
2139,6,279,0.22150421142578125
2140,6,280,0.19226345419883728
2141,6,281,0.22714367508888245
2142,6,282,0.18410570919513702
2143,6,283,0.20999503135681152
2144,6,284,0.17303165793418884
2145,6,285,0.17534402012825012
2146,6,286,0.1768849939107895
2147,6,287,0.1671568900346756
2148,6,288,0.22934070229530334
2149,6,289,0.18200670182704926
2150,6,290,0.25246867537498474
2151,6,291,0.18095336854457855
2152,6,292,0.2020682841539383
2153,6,293,0.23137912154197693
2154,6,294,0.167522594332695
2155,6,295,0.19896528124809265
2156,6,296,0.2993999421596527
2157,6,297,0.15350160002708435
2158,6,298,0.1721874177455902
2159,6,299,0.1966352015733719
2160,6,300,0.20338556170463562
2161,6,301,0.19744892418384552
2162,6,302,0.18804387748241425
2163,6,303,0.21631768345832825
2164,6,304,0.23385114967823029
2165,6,305,0.1964332014322281
2166,6,306,0.1559339016675949
2167,6,307,0.2762751877307892
2168,6,308,0.1894758641719818
2169,6,309,0.1685880571603775
2170,6,310,0.21910130977630615
2171,6,311,0.1900779902935028
2172,6,312,0.1857210099697113
2173,6,313,0.1965136080980301
2174,6,314,0.2040882110595703
2175,6,315,0.21996602416038513
2176,6,316,0.23211327195167542
2177,6,317,0.434095561504364
2178,6,318,0.3468463122844696
2179,6,319,0.18020758032798767
2180,6,320,0.17595545947551727
2181,6,321,0.1934344470500946
2182,6,322,0.16898603737354279
2183,6,323,0.1672433316707611
2184,6,324,0.19859550893306732
2185,6,325,0.17770452797412872
2186,6,326,0.184571772813797
2187,6,327,0.18681694567203522
2188,6,328,0.21187536418437958
2189,6,329,0.2479843646287918
2190,6,330,0.19229957461357117
2191,6,331,0.15617826581001282
2192,6,332,0.21322563290596008
2193,6,333,0.18462100625038147
2194,6,334,0.1818249523639679
2195,6,335,0.16978685557842255
2196,6,336,0.22638466954231262
2197,6,337,0.21574655175209045
2198,6,338,0.16022580862045288
2199,6,339,0.2045527696609497
2200,6,340,0.17704303562641144
2201,6,341,0.22324815392494202
2202,6,342,0.3066418766975403
2203,6,343,0.16967324912548065
2204,6,344,0.1695026308298111
2205,6,345,0.2997363209724426
2206,6,346,0.2991762161254883
2207,6,347,0.19397099316120148
2208,6,348,0.190187007188797
2209,6,349,0.19643257558345795
2210,6,350,0.18094587326049805
2211,6,351,0.17196203768253326
2212,6,352,0.2143169641494751
2213,6,353,0.1835039258003235
2214,6,354,0.22271636128425598
2215,6,355,0.34305182099342346
2216,6,356,0.1972377896308899
2217,6,357,0.2545018792152405
2218,6,358,0.23936429619789124
2219,6,359,0.20639367401599884
2220,6,360,0.20964255928993225
2221,6,361,0.22662238776683807
2222,6,362,0.1962554007768631
2223,6,363,0.19139064848423004
2224,6,364,0.21124987304210663
2225,6,365,0.19567741453647614
2226,6,366,0.3336106240749359
2227,6,367,0.23096410930156708
2228,6,368,0.2306499034166336
2229,6,369,0.18785107135772705
2230,6,370,0.19044306874275208
2231,6,371,0.2822422385215759
2232,6,372,0.27993500232696533
2233,7,1,0.15589341521263123
2234,7,2,0.18493668735027313
2235,7,3,0.16418930888175964
2236,7,4,0.15835346281528473
2237,7,5,0.2536872327327728
2238,7,6,0.18619361519813538
2239,7,7,0.1954977959394455
2240,7,8,0.2040780484676361
2241,7,9,0.20888200402259827
2242,7,10,0.17591135203838348
2243,7,11,0.19335238635540009
2244,7,12,0.2443503886461258
2245,7,13,0.20974338054656982
2246,7,14,0.22296063601970673
2247,7,15,0.17836511135101318
2248,7,16,0.23329682648181915
2249,7,17,0.1432778686285019
2250,7,18,0.24791984260082245
2251,7,19,0.17801344394683838
2252,7,20,0.18102923035621643
2253,7,21,0.25445911288261414
2254,7,22,0.16428056359291077
2255,7,23,0.18862393498420715
2256,7,24,0.17798037827014923
2257,7,25,0.17639699578285217
2258,7,26,0.20951032638549805
2259,7,27,0.1941187083721161
2260,7,28,0.16892528533935547
2261,7,29,0.20860691368579865
2262,7,30,0.18499675393104553
2263,7,31,0.1489996761083603
2264,7,32,0.22080954909324646
2265,7,33,0.215206578373909
2266,7,34,0.19538980722427368
2267,7,35,0.18449470400810242
2268,7,36,0.1951049268245697
2269,7,37,0.16667594015598297
2270,7,38,0.17626646161079407
2271,7,39,0.1892753690481186
2272,7,40,0.1780141294002533
2273,7,41,0.16937969624996185
2274,7,42,0.19404257833957672
2275,7,43,0.18239209055900574
2276,7,44,0.1730472296476364
2277,7,45,0.15674474835395813
2278,7,46,0.1919434368610382
2279,7,47,0.19722814857959747
2280,7,48,0.1647820770740509
2281,7,49,0.16917841136455536
2282,7,50,0.1656474769115448
2283,7,51,0.17530784010887146
2284,7,52,0.16800671815872192
2285,7,53,0.1835741400718689
2286,7,54,0.1524355113506317
2287,7,55,0.17806781828403473
2288,7,56,0.22159728407859802
2289,7,57,0.1974506676197052
2290,7,58,0.20245110988616943
2291,7,59,0.19055382907390594
2292,7,60,0.1970432698726654
2293,7,61,0.15020141005516052
2294,7,62,0.16773943603038788
2295,7,63,0.15885469317436218
2296,7,64,0.1874358355998993
2297,7,65,0.18508100509643555
2298,7,66,0.16431544721126556
2299,7,67,0.1582571566104889
2300,7,68,0.19428285956382751
2301,7,69,0.19003596901893616
2302,7,70,0.1768902987241745
2303,7,71,0.20982861518859863
2304,7,72,0.18275150656700134
2305,7,73,0.17035694420337677
2306,7,74,0.16368508338928223
2307,7,75,0.1747894138097763
2308,7,76,0.17809133231639862
2309,7,77,0.1744593232870102
2310,7,78,0.17541246116161346
2311,7,79,0.1591956466436386
2312,7,80,0.26245301961898804
2313,7,81,0.14699259400367737
2314,7,82,0.1758284866809845
2315,7,83,0.16735228896141052
2316,7,84,0.22880975902080536
2317,7,85,0.2605833411216736
2318,7,86,0.21682016551494598
2319,7,87,0.20148292183876038
2320,7,88,0.1803242266178131
2321,7,89,0.20563289523124695
2322,7,90,0.1741202473640442
2323,7,91,0.26951876282691956
2324,7,92,0.20506441593170166
2325,7,93,0.1766570657491684
2326,7,94,0.15073195099830627
2327,7,95,0.1978781670331955
2328,7,96,0.1736474335193634
2329,7,97,0.24255740642547607
2330,7,98,0.16127201914787292
2331,7,99,0.19687019288539886
2332,7,100,0.2042529582977295
2333,7,101,0.21070806682109833
2334,7,102,0.21170267462730408
2335,7,103,0.16211387515068054
2336,7,104,0.20974723994731903
2337,7,105,0.17104756832122803
2338,7,106,0.16294200718402863
2339,7,107,0.20252752304077148
2340,7,108,0.1480531543493271
2341,7,109,0.16249242424964905
2342,7,110,0.17819854617118835
2343,7,111,0.17198912799358368
2344,7,112,0.1447986364364624
2345,7,113,0.2237257957458496
2346,7,114,0.1928996741771698
2347,7,115,0.196029394865036
2348,7,116,0.17421796917915344
2349,7,117,0.16796281933784485
2350,7,118,0.3265840411186218
2351,7,119,0.14602142572402954
2352,7,120,0.22333435714244843
2353,7,121,0.20554283261299133
2354,7,122,0.16265949606895447
2355,7,123,0.20859162509441376
2356,7,124,0.16805243492126465
2357,7,125,0.25540634989738464
2358,7,126,0.1518791913986206
2359,7,127,0.1766512095928192
2360,7,128,0.2072029560804367
2361,7,129,0.2156035155057907
2362,7,130,0.16197624802589417
2363,7,131,0.1722688227891922
2364,7,132,0.16521358489990234
2365,7,133,0.20801830291748047
2366,7,134,0.19117280840873718
2367,7,135,0.18633434176445007
2368,7,136,0.19754692912101746
2369,7,137,0.1719122976064682
2370,7,138,0.23521581292152405
2371,7,139,0.19012780487537384
2372,7,140,0.21907714009284973
2373,7,141,0.17480120062828064
2374,7,142,0.1728464663028717
2375,7,143,0.2169727385044098
2376,7,144,0.14887961745262146
2377,7,145,0.4082579016685486
2378,7,146,0.19818243384361267
2379,7,147,0.1647220104932785
2380,7,148,0.19614771008491516
2381,7,149,0.16683329641819
2382,7,150,0.18804825842380524
2383,7,151,0.19815126061439514
2384,7,152,0.19275912642478943
2385,7,153,0.1493663340806961
2386,7,154,0.1554177701473236
2387,7,155,0.18262800574302673
2388,7,156,0.2107069492340088
2389,7,157,0.1795429289340973
2390,7,158,0.1637146770954132
2391,7,159,0.16107964515686035
2392,7,160,0.15631282329559326
2393,7,161,0.17550750076770782
2394,7,162,0.1706632375717163
2395,7,163,0.13608318567276
2396,7,164,0.13684478402137756
2397,7,165,0.16221627593040466
2398,7,166,0.1665724813938141
2399,7,167,0.18506550788879395
2400,7,168,0.19710923731327057
2401,7,169,0.17964893579483032
2402,7,170,0.19905546307563782
2403,7,171,0.17280855774879456
2404,7,172,0.13017551600933075
2405,7,173,0.18801918625831604
2406,7,174,0.18118393421173096
2407,7,175,0.1727706342935562
2408,7,176,0.20472076535224915
2409,7,177,0.25425729155540466
2410,7,178,0.16977834701538086
2411,7,179,0.17537443339824677
2412,7,180,0.1651977300643921
2413,7,181,0.19466593861579895
2414,7,182,0.2024867981672287
2415,7,183,0.18687857687473297
2416,7,184,0.17634671926498413
2417,7,185,0.1690475046634674
2418,7,186,0.1902894377708435
2419,7,187,0.14684388041496277
2420,7,188,0.17067107558250427
2421,7,189,0.15951970219612122
2422,7,190,0.2051742523908615
2423,7,191,0.1599065214395523
2424,7,192,0.18249285221099854
2425,7,193,0.20791888236999512
2426,7,194,0.18438521027565002
2427,7,195,0.25910669565200806
2428,7,196,0.1584809422492981
2429,7,197,0.17384734749794006
2430,7,198,0.17076846957206726
2431,7,199,0.1912657469511032
2432,7,200,0.1902829110622406
2433,7,201,0.19997812807559967
2434,7,202,0.2363380491733551
2435,7,203,0.23633046448230743
2436,7,204,0.19826634228229523
2437,7,205,0.29420459270477295
2438,7,206,0.15090031921863556
2439,7,207,0.14950737357139587
2440,7,208,0.1750495731830597
2441,7,209,0.18597204983234406
2442,7,210,0.16715672612190247
2443,7,211,0.16948778927326202
2444,7,212,0.17916584014892578
2445,7,213,0.16927336156368256
2446,7,214,0.19050027430057526
2447,7,215,0.1685352772474289
2448,7,216,0.1856931746006012
2449,7,217,0.2057163417339325
2450,7,218,0.21619877219200134
2451,7,219,0.19746747612953186
2452,7,220,0.1883668601512909
2453,7,221,0.1656329333782196
2454,7,222,0.15656203031539917
2455,7,223,0.17930638790130615
2456,7,224,0.20627403259277344
2457,7,225,0.5409073829650879
2458,7,226,0.18794439733028412
2459,7,227,0.21101364493370056
2460,7,228,0.23254653811454773
2461,7,229,0.20999762415885925
2462,7,230,0.1685616672039032
2463,7,231,0.1736288219690323
2464,7,232,0.167991042137146
2465,7,233,0.16439175605773926
2466,7,234,0.21927472949028015
2467,7,235,0.17275866866111755
2468,7,236,0.1865587681531906
2469,7,237,0.17857399582862854
2470,7,238,0.1467410922050476
2471,7,239,0.16013804078102112
2472,7,240,0.16273006796836853
2473,7,241,0.1780708134174347
2474,7,242,0.17691642045974731
2475,7,243,0.15337340533733368
2476,7,244,0.19971425831317902
2477,7,245,0.1465987265110016
2478,7,246,0.12413762509822845
2479,7,247,0.1777416169643402
2480,7,248,0.19567769765853882
2481,7,249,0.19073253870010376
2482,7,250,0.2752783000469208
2483,7,251,0.23433303833007812
2484,7,252,0.20269815623760223
2485,7,253,0.19119615852832794
2486,7,254,0.19795450568199158
2487,7,255,0.16905751824378967
2488,7,256,0.19684730470180511
2489,7,257,0.16605719923973083
2490,7,258,0.15770220756530762
2491,7,259,0.15771207213401794
2492,7,260,0.197355717420578
2493,7,261,0.16852840781211853
2494,7,262,0.1825839877128601
2495,7,263,0.28281086683273315
2496,7,264,0.17381790280342102
2497,7,265,0.21313908696174622
2498,7,266,0.21944430470466614
2499,7,267,0.1879507601261139
2500,7,268,0.21109934151172638
2501,7,269,0.16826216876506805
2502,7,270,0.19535641372203827
2503,7,271,0.1685885190963745
2504,7,272,0.17938509583473206
2505,7,273,0.18598738312721252
2506,7,274,0.14915990829467773
2507,7,275,0.2046990692615509
2508,7,276,0.1802169233560562
2509,7,277,0.2432502806186676
2510,7,278,0.1533498466014862
2511,7,279,0.21396830677986145
2512,7,280,0.1802712380886078
2513,7,281,0.18239280581474304
2514,7,282,0.30740371346473694
2515,7,283,0.19427916407585144
2516,7,284,0.18936949968338013
2517,7,285,0.2599264681339264
2518,7,286,0.20696835219860077
2519,7,287,0.17012128233909607
2520,7,288,0.187787264585495
2521,7,289,0.21830622851848602
2522,7,290,0.1501864492893219
2523,7,291,0.23064832389354706
2524,7,292,0.22133827209472656
2525,7,293,0.1653115451335907
2526,7,294,0.17374341189861298
2527,7,295,0.283271849155426
2528,7,296,0.17014119029045105
2529,7,297,0.22362542152404785
2530,7,298,0.15643267333507538
2531,7,299,0.19062483310699463
2532,7,300,0.1732197105884552
2533,7,301,0.1789814531803131
2534,7,302,0.19514361023902893
2535,7,303,0.180245041847229
2536,7,304,0.15723149478435516
2537,7,305,0.23648956418037415
2538,7,306,0.18795916438102722
2539,7,307,0.2599238455295563
2540,7,308,0.16630324721336365
2541,7,309,0.23530884087085724
2542,7,310,0.1774689108133316
2543,7,311,0.16099460422992706
2544,7,312,0.1805572807788849
2545,7,313,0.19741830229759216
2546,7,314,0.18394991755485535
2547,7,315,0.14753326773643494
2548,7,316,0.19159069657325745
2549,7,317,0.1706443876028061
2550,7,318,0.1650400608778
2551,7,319,0.1890442967414856
2552,7,320,0.15800125896930695
2553,7,321,0.19925205409526825
2554,7,322,0.21619145572185516
2555,7,323,0.1953270137310028
2556,7,324,0.19009453058242798
2557,7,325,0.19828180968761444
2558,7,326,0.18385586142539978
2559,7,327,0.17237208783626556
2560,7,328,0.15203359723091125
2561,7,329,0.1904778629541397
2562,7,330,0.18927204608917236
2563,7,331,0.16510330140590668
2564,7,332,0.20039808750152588
2565,7,333,0.22290334105491638
2566,7,334,0.18523690104484558
2567,7,335,0.17481085658073425
2568,7,336,0.17544835805892944
2569,7,337,0.17334958910942078
2570,7,338,0.16209149360656738
2571,7,339,0.18932166695594788
2572,7,340,0.22023501992225647
2573,7,341,0.19654737412929535
2574,7,342,0.20045506954193115
2575,7,343,0.15983793139457703
2576,7,344,0.22582311928272247
2577,7,345,0.20350012183189392
2578,7,346,0.1678803563117981
2579,7,347,0.1898924559354782
2580,7,348,0.182840496301651
2581,7,349,0.17361482977867126
2582,7,350,0.24455876648426056
2583,7,351,0.2214767038822174
2584,7,352,0.19673901796340942
2585,7,353,0.1347517967224121
2586,7,354,0.1941804587841034
2587,7,355,0.20210285484790802
2588,7,356,0.1769673228263855
2589,7,357,0.2193947732448578
2590,7,358,0.15964457392692566
2591,7,359,0.14347371459007263
2592,7,360,0.20787914097309113
2593,7,361,0.20810377597808838
2594,7,362,0.18336352705955505
2595,7,363,0.20879259705543518
2596,7,364,0.23210354149341583
2597,7,365,0.14948025345802307
2598,7,366,0.1865576207637787
2599,7,367,0.21565797924995422
2600,7,368,0.18335607647895813
2601,7,369,0.18134403228759766
2602,7,370,0.1769021600484848
2603,7,371,0.19372738897800446
2604,7,372,0.1383228898048401
2605,8,1,0.22293579578399658
2606,8,2,0.18558081984519958
2607,8,3,0.1432124525308609
2608,8,4,0.17684759199619293
2609,8,5,0.16062599420547485
2610,8,6,0.17247799038887024
2611,8,7,0.18400420248508453
2612,8,8,0.1626034677028656
2613,8,9,0.16934670507907867
2614,8,10,0.1892235428094864
2615,8,11,0.18130110204219818
2616,8,12,0.16468748450279236
2617,8,13,0.2448960840702057
2618,8,14,0.14515230059623718
2619,8,15,0.16968213021755219
2620,8,16,0.16221129894256592
2621,8,17,0.17881032824516296
2622,8,18,0.1857316792011261
2623,8,19,0.18773896992206573
2624,8,20,0.180821031332016
2625,8,21,0.17921313643455505
2626,8,22,0.16104917228221893
2627,8,23,0.1763227880001068
2628,8,24,0.14733120799064636
2629,8,25,0.1445326954126358
2630,8,26,0.13800379633903503
2631,8,27,0.16206879913806915
2632,8,28,0.15347865223884583
2633,8,29,0.15986968576908112
2634,8,30,0.19208839535713196
2635,8,31,0.16440066695213318
2636,8,32,0.15629222989082336
2637,8,33,0.28002673387527466
2638,8,34,0.16565631330013275
2639,8,35,0.17516560852527618
2640,8,36,0.1503669172525406
2641,8,37,0.16451048851013184
2642,8,38,0.13756980001926422
2643,8,39,0.1754080355167389
2644,8,40,0.16111591458320618
2645,8,41,0.14640401303768158
2646,8,42,0.18508951365947723
2647,8,43,0.1697739064693451
2648,8,44,0.17848044633865356
2649,8,45,0.14156340062618256
2650,8,46,0.16105298697948456
2651,8,47,0.1456550806760788
2652,8,48,0.14920589327812195
2653,8,49,0.16090506315231323
2654,8,50,0.1474798172712326
2655,8,51,0.18463261425495148
2656,8,52,0.17517998814582825
2657,8,53,0.22191362082958221
2658,8,54,0.17948225140571594
2659,8,55,0.1358456015586853
2660,8,56,0.13975080847740173
2661,8,57,0.14223019778728485
2662,8,58,0.1539139300584793
2663,8,59,0.161189466714859
2664,8,60,0.16073034703731537
2665,8,61,0.1750970482826233
2666,8,62,0.16031385958194733
2667,8,63,0.14271053671836853
2668,8,64,0.12850412726402283
2669,8,65,0.18680112063884735
2670,8,66,0.14363428950309753
2671,8,67,0.16730932891368866
2672,8,68,0.22272706031799316
2673,8,69,0.17002050578594208
2674,8,70,0.1472257822751999
2675,8,71,0.13565190136432648
2676,8,72,0.20969343185424805
2677,8,73,0.14919531345367432
2678,8,74,0.1326902210712433
2679,8,75,0.16443666815757751
2680,8,76,0.2277064323425293
2681,8,77,0.17003314197063446
2682,8,78,0.18624678254127502
2683,8,79,0.1970285326242447
2684,8,80,0.1937350332736969
2685,8,81,0.1857476830482483
2686,8,82,0.19553470611572266
2687,8,83,0.17099323868751526
2688,8,84,0.19502709805965424
2689,8,85,0.15925058722496033
2690,8,86,0.13628892600536346
2691,8,87,0.13776126503944397
2692,8,88,0.15948686003684998
2693,8,89,0.18397225439548492
2694,8,90,0.14541253447532654
2695,8,91,0.16243037581443787
2696,8,92,0.14454030990600586
2697,8,93,0.17065933346748352
2698,8,94,0.18453386425971985
2699,8,95,0.14421503245830536
2700,8,96,0.15386876463890076
2701,8,97,0.14858660101890564
2702,8,98,0.15575441718101501
2703,8,99,0.15023785829544067
2704,8,100,0.16426712274551392
2705,8,101,0.1493740975856781
2706,8,102,0.16516894102096558
2707,8,103,0.14916858077049255
2708,8,104,0.17293862998485565
2709,8,105,0.15662072598934174
2710,8,106,0.150995671749115
2711,8,107,0.14378131926059723
2712,8,108,0.25309687852859497
2713,8,109,0.14047494530677795
2714,8,110,0.18708625435829163
2715,8,111,0.16883960366249084
2716,8,112,0.16027650237083435
2717,8,113,0.19096878170967102
2718,8,114,0.1743510663509369
2719,8,115,0.16293486952781677
2720,8,116,0.15935692191123962
2721,8,117,0.16701801121234894
2722,8,118,0.15087580680847168
2723,8,119,0.15468794107437134
2724,8,120,0.12850308418273926
2725,8,121,0.18493947386741638
2726,8,122,0.16653960943222046
2727,8,123,0.18957898020744324
2728,8,124,0.15896514058113098
2729,8,125,0.1894378364086151
2730,8,126,0.1385335624217987
2731,8,127,0.2050614058971405
2732,8,128,0.3270012140274048
2733,8,129,0.2067258358001709
2734,8,130,0.1588606983423233
2735,8,131,0.1808660924434662
2736,8,132,0.15531013906002045
2737,8,133,0.1658506840467453
2738,8,134,0.14229658246040344
2739,8,135,0.17841975390911102
2740,8,136,0.19121161103248596
2741,8,137,0.1670314520597458
2742,8,138,0.19319739937782288
2743,8,139,0.19034086167812347
2744,8,140,0.1486208587884903
2745,8,141,0.21415889263153076
2746,8,142,0.14412544667720795
2747,8,143,0.22161765396595
2748,8,144,0.2050616443157196
2749,8,145,0.1472533494234085
2750,8,146,0.1690535843372345
2751,8,147,0.15478143095970154
2752,8,148,0.1425153911113739
2753,8,149,0.14962691068649292
2754,8,150,0.17302335798740387
2755,8,151,0.17827513813972473
2756,8,152,0.17241370677947998
2757,8,153,0.16971701383590698
2758,8,154,0.16996195912361145
2759,8,155,0.1406780183315277
2760,8,156,0.1504184454679489
2761,8,157,0.1640036255121231
2762,8,158,0.1698767989873886
2763,8,159,0.15474161505699158
2764,8,160,0.124983049929142
2765,8,161,0.17173317074775696
2766,8,162,0.1519470512866974
2767,8,163,0.16811378300189972
2768,8,164,0.13880258798599243
2769,8,165,0.16248025000095367
2770,8,166,0.1572093814611435
2771,8,167,0.1757010668516159
2772,8,168,0.32129716873168945
2773,8,169,0.15398523211479187
2774,8,170,0.14842495322227478
2775,8,171,0.15875545144081116
2776,8,172,0.1665869951248169
2777,8,173,0.15899540483951569
2778,8,174,0.18826790153980255
2779,8,175,0.14555972814559937
2780,8,176,0.2444353848695755
2781,8,177,0.15706683695316315
2782,8,178,0.18019267916679382
2783,8,179,0.20798835158348083
2784,8,180,0.14038464426994324
2785,8,181,0.1923285871744156
2786,8,182,0.1756359040737152
2787,8,183,0.14621539413928986
2788,8,184,0.13203898072242737
2789,8,185,0.15916630625724792
2790,8,186,0.15001538395881653
2791,8,187,0.1729348599910736
2792,8,188,0.17463985085487366
2793,8,189,0.19351068139076233
2794,8,190,0.18418440222740173
2795,8,191,0.1743645817041397
2796,8,192,0.15558511018753052
2797,8,193,0.16397742927074432
2798,8,194,0.13714730739593506
2799,8,195,0.1572529375553131
2800,8,196,0.16212031245231628
2801,8,197,0.12479595094919205
2802,8,198,0.19022873044013977
2803,8,199,0.16927209496498108
2804,8,200,0.15588915348052979
2805,8,201,0.15685418248176575
2806,8,202,0.17423748970031738
2807,8,203,0.20435209572315216
2808,8,204,0.1418602615594864
2809,8,205,0.16547994315624237
2810,8,206,0.15644563734531403
2811,8,207,0.18125900626182556
2812,8,208,0.14056864380836487
2813,8,209,0.1855209916830063
2814,8,210,0.16759128868579865
2815,8,211,0.16418035328388214
2816,8,212,0.17258019745349884
2817,8,213,0.16284863650798798
2818,8,214,0.191674143075943
2819,8,215,0.1824406087398529
2820,8,216,0.16150453686714172
2821,8,217,0.16937120258808136
2822,8,218,0.18031097948551178
2823,8,219,0.20073676109313965
2824,8,220,0.16474764049053192
2825,8,221,0.13394682109355927
2826,8,222,0.1524365246295929
2827,8,223,0.18586330115795135
2828,8,224,0.1508118063211441
2829,8,225,0.18587639927864075
2830,8,226,0.14654140174388885
2831,8,227,0.156321719288826
2832,8,228,0.17398536205291748
2833,8,229,0.17212775349617004
2834,8,230,0.18636362254619598
2835,8,231,0.18482698500156403
2836,8,232,0.20148929953575134
2837,8,233,0.16071738302707672
2838,8,234,0.17010053992271423
2839,8,235,0.1665644645690918
2840,8,236,0.1553402841091156
2841,8,237,0.17565199732780457
2842,8,238,0.14823433756828308
2843,8,239,0.16499926149845123
2844,8,240,0.16737648844718933
2845,8,241,0.1921990066766739
2846,8,242,0.17121604084968567
2847,8,243,0.1666397601366043
2848,8,244,0.19802254438400269
2849,8,245,0.15070679783821106
2850,8,246,0.14895573258399963
2851,8,247,0.153632253408432
2852,8,248,0.15255551040172577
2853,8,249,0.15004535019397736
2854,8,250,0.15666690468788147
2855,8,251,0.19638264179229736
2856,8,252,0.14972956478595734
2857,8,253,0.1491919755935669
2858,8,254,0.14782872796058655
2859,8,255,0.18947039544582367
2860,8,256,0.16992144286632538
2861,8,257,0.13750648498535156
2862,8,258,0.17122700810432434
2863,8,259,0.18302126228809357
2864,8,260,0.16177108883857727
2865,8,261,0.15160098671913147
2866,8,262,0.17212927341461182
2867,8,263,0.16491031646728516
2868,8,264,0.172220379114151
2869,8,265,0.18514284491539001
2870,8,266,0.19997456669807434
2871,8,267,0.1675020456314087
2872,8,268,0.1831081062555313
2873,8,269,0.18463435769081116
2874,8,270,0.19924363493919373
2875,8,271,0.14028362929821014
2876,8,272,0.18033304810523987
2877,8,273,0.1790619194507599
2878,8,274,0.15833616256713867
2879,8,275,0.17159834504127502
2880,8,276,0.17009799182415009
2881,8,277,0.15083584189414978
2882,8,278,0.21336409449577332
2883,8,279,0.16284295916557312
2884,8,280,0.13947942852973938
2885,8,281,0.1727014183998108
2886,8,282,0.18790969252586365
2887,8,283,0.18121299147605896
2888,8,284,0.17495134472846985
2889,8,285,0.16153433918952942
2890,8,286,0.17207956314086914
2891,8,287,0.16435173153877258
2892,8,288,0.2115655392408371
2893,8,289,0.16452330350875854
2894,8,290,0.3011634945869446
2895,8,291,0.20318563282489777
2896,8,292,0.17736175656318665
2897,8,293,0.14040708541870117
2898,8,294,0.14681145548820496
2899,8,295,0.18208187818527222
2900,8,296,0.14355149865150452
2901,8,297,0.17247448861598969
2902,8,298,0.1588580310344696
2903,8,299,0.1393164098262787
2904,8,300,0.14330679178237915
2905,8,301,0.201629638671875
2906,8,302,0.1809520423412323
2907,8,303,0.19061043858528137
2908,8,304,0.1756688505411148
2909,8,305,0.15634116530418396
2910,8,306,0.18661454319953918
2911,8,307,0.16850870847702026
2912,8,308,0.16496877372264862
2913,8,309,0.14987881481647491
2914,8,310,0.1349484622478485
2915,8,311,0.1600610613822937
2916,8,312,0.17668363451957703
2917,8,313,0.2758798599243164
2918,8,314,0.16195595264434814
2919,8,315,0.20510554313659668
2920,8,316,0.1731615513563156
2921,8,317,0.20774824917316437
2922,8,318,0.1844119131565094
2923,8,319,0.1703263223171234
2924,8,320,0.19535265862941742
2925,8,321,0.1744542121887207
2926,8,322,0.1834634393453598
2927,8,323,0.18094155192375183
2928,8,324,0.2510688602924347
2929,8,325,0.14634807407855988
2930,8,326,0.1717027872800827
2931,8,327,0.14804348349571228
2932,8,328,0.15399153530597687
2933,8,329,0.18519696593284607
2934,8,330,0.20445814728736877
2935,8,331,0.15317317843437195
2936,8,332,0.19366304576396942
2937,8,333,0.1900138556957245
2938,8,334,0.15337583422660828
2939,8,335,0.18671682476997375
2940,8,336,0.1815054714679718
2941,8,337,0.17098352313041687
2942,8,338,0.15435168147087097
2943,8,339,0.17834630608558655
2944,8,340,0.15662474930286407
2945,8,341,0.17238900065422058
2946,8,342,0.15812182426452637
2947,8,343,0.1550716608762741
2948,8,344,0.21542398631572723
2949,8,345,0.16462531685829163
2950,8,346,0.1662057489156723
2951,8,347,0.16231754422187805
2952,8,348,0.17740140855312347
2953,8,349,0.1794286072254181
2954,8,350,0.17297960817813873
2955,8,351,0.15869952738285065
2956,8,352,0.13375303149223328
2957,8,353,0.19147634506225586
2958,8,354,0.15813691914081573
2959,8,355,0.17673413455486298
2960,8,356,0.18876436352729797
2961,8,357,0.19084490835666656
2962,8,358,0.13130493462085724
2963,8,359,0.16182729601860046
2964,8,360,0.2034790962934494
2965,8,361,0.3581623136997223
2966,8,362,0.17213305830955505
2967,8,363,0.1933298110961914
2968,8,364,0.16197459399700165
2969,8,365,0.15554562211036682
2970,8,366,0.1527346819639206
2971,8,367,0.16251210868358612
2972,8,368,0.16398683190345764
2973,8,369,0.21894188225269318
2974,8,370,0.1889268457889557
2975,8,371,0.16578349471092224
2976,8,372,0.1508508175611496
2977,9,1,0.17096219956874847
2978,9,2,0.18807116150856018
2979,9,3,0.19656288623809814
2980,9,4,0.19613434374332428
2981,9,5,0.14827707409858704
2982,9,6,0.19079747796058655
2983,9,7,0.12401606142520905
2984,9,8,0.1335097849369049
2985,9,9,0.18291738629341125
2986,9,10,0.16395309567451477
2987,9,11,0.17066466808319092
2988,9,12,0.14957255125045776
2989,9,13,0.21584875881671906
2990,9,14,0.14235422015190125
2991,9,15,0.1643826961517334
2992,9,16,0.15480126440525055
2993,9,17,0.19526325166225433
2994,9,18,0.14146555960178375
2995,9,19,0.14914272725582123
2996,9,20,0.14276742935180664
2997,9,21,0.1756603717803955
2998,9,22,0.2270720899105072
2999,9,23,0.15794822573661804
3000,9,24,0.1637091189622879
3001,9,25,0.13893473148345947
3002,9,26,0.19553735852241516
3003,9,27,0.1425827145576477
3004,9,28,0.16051138937473297
3005,9,29,0.19817402958869934
3006,9,30,0.14997968077659607
3007,9,31,0.1544148325920105
3008,9,32,0.20989415049552917
3009,9,33,0.164418026804924
3010,9,34,0.17047050595283508
3011,9,35,0.12436568737030029
3012,9,36,0.17033490538597107
3013,9,37,0.15897582471370697
3014,9,38,0.15746848285198212
3015,9,39,0.1625184863805771
3016,9,40,0.14581596851348877
3017,9,41,0.20014867186546326
3018,9,42,0.14860320091247559
3019,9,43,0.17432619631290436
3020,9,44,0.20275795459747314
3021,9,45,0.13679541647434235
3022,9,46,0.16336576640605927
3023,9,47,0.15101251006126404
3024,9,48,0.1300422102212906
3025,9,49,0.16132767498493195
3026,9,50,0.17606225609779358
3027,9,51,0.15662989020347595
3028,9,52,0.16468945145606995
3029,9,53,0.17056038975715637
3030,9,54,0.1738141030073166
3031,9,55,0.16031785309314728
3032,9,56,0.17119720578193665
3033,9,57,0.2165646106004715
3034,9,58,0.19090555608272552
3035,9,59,0.15640205144882202
3036,9,60,0.14949160814285278
3037,9,61,0.14515717327594757
3038,9,62,0.1677810400724411
3039,9,63,0.10797353833913803
3040,9,64,0.15894821286201477
3041,9,65,0.1528729349374771
3042,9,66,0.12171824276447296
3043,9,67,0.14639882743358612
3044,9,68,0.14116592705249786
3045,9,69,0.1616639792919159
3046,9,70,0.17710146307945251
3047,9,71,0.15222986042499542
3048,9,72,0.15854300558567047
3049,9,73,0.13893897831439972
3050,9,74,0.18453525006771088
3051,9,75,0.1772473156452179
3052,9,76,0.15148235857486725
3053,9,77,0.1368596851825714
3054,9,78,0.16089792549610138
3055,9,79,0.17653146386146545
3056,9,80,0.1753450334072113
3057,9,81,0.1617358773946762
3058,9,82,0.14938437938690186
3059,9,83,0.15891008079051971
3060,9,84,0.12497862428426743
3061,9,85,0.14585193991661072
3062,9,86,0.16304495930671692
3063,9,87,0.17920264601707458
3064,9,88,0.1445130705833435
3065,9,89,0.14740034937858582
3066,9,90,0.17885906994342804
3067,9,91,0.1577126532793045
3068,9,92,0.16748973727226257
3069,9,93,0.1822555512189865
3070,9,94,0.1614583134651184
3071,9,95,0.13765710592269897
3072,9,96,0.16619017720222473
3073,9,97,0.14880603551864624
3074,9,98,0.14809806644916534
3075,9,99,0.14248648285865784
3076,9,100,0.16944152116775513
3077,9,101,0.15840761363506317
3078,9,102,0.1774837076663971
3079,9,103,0.19417326152324677
3080,9,104,0.15776628255844116
3081,9,105,0.15277451276779175
3082,9,106,0.18769970536231995
3083,9,107,0.14990565180778503
3084,9,108,0.1743285208940506
3085,9,109,0.14144298434257507
3086,9,110,0.16592757403850555
3087,9,111,0.1639472395181656
3088,9,112,0.17640765011310577
3089,9,113,0.16656029224395752
3090,9,114,0.11997629702091217
3091,9,115,0.12685836851596832
3092,9,116,0.13961723446846008
3093,9,117,0.17966966331005096
3094,9,118,0.20565858483314514
3095,9,119,0.12112818658351898
3096,9,120,0.14661060273647308
3097,9,121,0.22641193866729736
3098,9,122,0.13621476292610168
3099,9,123,0.14459410309791565
3100,9,124,0.1476060152053833
3101,9,125,0.1918649673461914
3102,9,126,0.15866386890411377
3103,9,127,0.1704249382019043
3104,9,128,0.17426106333732605
3105,9,129,0.1529795229434967
3106,9,130,0.2639855444431305
3107,9,131,0.14239159226417542
3108,9,132,0.11289127171039581
3109,9,133,0.14158053696155548
3110,9,134,0.15888530015945435
3111,9,135,0.1476237028837204
3112,9,136,0.15422075986862183
3113,9,137,0.13892100751399994
3114,9,138,0.17860500514507294
3115,9,139,0.1477864533662796
3116,9,140,0.15378287434577942
3117,9,141,0.15927089750766754
3118,9,142,0.14516180753707886
3119,9,143,0.19376754760742188
3120,9,144,0.14985978603363037
3121,9,145,0.16230365633964539
3122,9,146,0.12065953016281128
3123,9,147,0.15209707617759705
3124,9,148,0.16298307478427887
3125,9,149,0.1494738608598709
3126,9,150,0.15806502103805542
3127,9,151,0.14781877398490906
3128,9,152,0.1563703417778015
3129,9,153,0.15970677137374878
3130,9,154,0.1518411934375763
3131,9,155,0.1577507108449936
3132,9,156,0.1656550168991089
3133,9,157,0.15776413679122925
3134,9,158,0.14031489193439484
3135,9,159,0.13439001142978668
3136,9,160,0.14512543380260468
3137,9,161,0.18068616092205048
3138,9,162,0.14679066836833954
3139,9,163,0.1643097698688507
3140,9,164,0.15366503596305847
3141,9,165,0.1934470683336258
3142,9,166,0.15864869952201843
3143,9,167,0.15887872874736786
3144,9,168,0.14823326468467712
3145,9,169,0.1343052089214325
3146,9,170,0.15282107889652252
3147,9,171,0.19819065928459167
3148,9,172,0.16688887774944305
3149,9,173,0.16292764246463776
3150,9,174,0.140068918466568
3151,9,175,0.20479027926921844
3152,9,176,0.15256330370903015
3153,9,177,0.1339961588382721
3154,9,178,0.13105818629264832
3155,9,179,0.1414126604795456
3156,9,180,0.1497785896062851
3157,9,181,0.18403998017311096
3158,9,182,0.18182095885276794
3159,9,183,0.14795640110969543
3160,9,184,0.16311614215373993
3161,9,185,0.14007531106472015
3162,9,186,0.15113112330436707
3163,9,187,0.15819908678531647
3164,9,188,0.1297527402639389
3165,9,189,0.15349949896335602
3166,9,190,0.14251551032066345
3167,9,191,0.17902874946594238
3168,9,192,0.1849823296070099
3169,9,193,0.1706669181585312
3170,9,194,0.16386820375919342
3171,9,195,0.1500921994447708
3172,9,196,0.13939377665519714
3173,9,197,0.16862250864505768
3174,9,198,0.1768580973148346
3175,9,199,0.16044221818447113
3176,9,200,0.19032612442970276
3177,9,201,0.19350579380989075
3178,9,202,0.1513582170009613
3179,9,203,0.17096295952796936
3180,9,204,0.15595826506614685
3181,9,205,0.17073982954025269
3182,9,206,0.16272202134132385
3183,9,207,0.15659484267234802
3184,9,208,0.1275118887424469
3185,9,209,0.14945772290229797
3186,9,210,0.13529308140277863
3187,9,211,0.1400412619113922
3188,9,212,0.13690276443958282
3189,9,213,0.15391896665096283
3190,9,214,0.16682474315166473
3191,9,215,0.1310693323612213
3192,9,216,0.14261993765830994
3193,9,217,0.13929040729999542
3194,9,218,0.15046587586402893
3195,9,219,0.1757308393716812
3196,9,220,0.1329684853553772
3197,9,221,0.15046058595180511
3198,9,222,0.12891240417957306
3199,9,223,0.15809008479118347
3200,9,224,0.15290945768356323
3201,9,225,0.14523962140083313
3202,9,226,0.14578372240066528
3203,9,227,0.15902593731880188
3204,9,228,0.17160214483737946
3205,9,229,0.1744021326303482
3206,9,230,0.12100708484649658
3207,9,231,0.1466521918773651
3208,9,232,0.15767110884189606
3209,9,233,0.12816190719604492
3210,9,234,0.19756250083446503
3211,9,235,0.14886680245399475
3212,9,236,0.18283584713935852
3213,9,237,0.14232990145683289
3214,9,238,0.1771397888660431
3215,9,239,0.13187111914157867
3216,9,240,0.15052826702594757
3217,9,241,0.13530221581459045
3218,9,242,0.17086027562618256
3219,9,243,0.1380239725112915
3220,9,244,0.1639426201581955
3221,9,245,0.14244702458381653
3222,9,246,0.140057772397995
3223,9,247,0.15137019753456116
3224,9,248,0.14037062227725983
3225,9,249,0.18834510445594788
3226,9,250,0.16997408866882324
3227,9,251,0.1826871931552887
3228,9,252,0.16330714523792267
3229,9,253,0.13766559958457947
3230,9,254,0.16215349733829498
3231,9,255,0.20049753785133362
3232,9,256,0.14881113171577454
3233,9,257,0.16583679616451263
3234,9,258,0.1503666788339615
3235,9,259,0.1706659495830536
3236,9,260,0.14666035771369934
3237,9,261,0.12510988116264343
3238,9,262,0.131576269865036
3239,9,263,0.13987784087657928
3240,9,264,0.16780073940753937
3241,9,265,0.20053641498088837
3242,9,266,0.17005756497383118
3243,9,267,0.16817058622837067
3244,9,268,0.16535337269306183
3245,9,269,0.16002143919467926
3246,9,270,0.1503065824508667
3247,9,271,0.14265623688697815
3248,9,272,0.14716683328151703
3249,9,273,0.1548682302236557
3250,9,274,0.18270252645015717
3251,9,275,0.16095368564128876
3252,9,276,0.15293222665786743
3253,9,277,0.1494283676147461
3254,9,278,0.12436149269342422
3255,9,279,0.1819203794002533
3256,9,280,0.1423802375793457
3257,9,281,0.17885389924049377
3258,9,282,0.146830752491951
3259,9,283,0.149084210395813
3260,9,284,0.138502836227417
3261,9,285,0.15372708439826965
3262,9,286,0.16362370550632477
3263,9,287,0.1459846794605255
3264,9,288,0.14655283093452454
3265,9,289,0.16286270320415497
3266,9,290,0.14520040154457092
3267,9,291,0.2273954600095749
3268,9,292,0.22550514340400696
3269,9,293,0.13846173882484436
3270,9,294,0.15710999071598053
3271,9,295,0.12995943427085876
3272,9,296,0.15537729859352112
3273,9,297,0.14539341628551483
3274,9,298,0.16885150969028473
3275,9,299,0.1383654624223709
3276,9,300,0.15022262930870056
3277,9,301,0.1520826816558838
3278,9,302,0.1794065535068512
3279,9,303,0.20170505344867706
3280,9,304,0.14696958661079407
3281,9,305,0.15640778839588165
3282,9,306,0.1844455897808075
3283,9,307,0.16708062589168549
3284,9,308,0.16368936002254486
3285,9,309,0.12506191432476044
3286,9,310,0.1409570872783661
3287,9,311,0.15271618962287903
3288,9,312,0.13586761057376862
3289,9,313,0.14019837975502014
3290,9,314,0.14278075098991394
3291,9,315,0.13224586844444275
3292,9,316,0.14996880292892456
3293,9,317,0.1295863687992096
3294,9,318,0.13392527401447296
3295,9,319,0.13395656645298004
3296,9,320,0.14835134148597717
3297,9,321,0.15826261043548584
3298,9,322,0.15760260820388794
3299,9,323,0.15990589559078217
3300,9,324,0.178379088640213
3301,9,325,0.15033414959907532
3302,9,326,0.14528736472129822
3303,9,327,0.16064462065696716
3304,9,328,0.18618467450141907
3305,9,329,0.1385021209716797
3306,9,330,0.14537008106708527
3307,9,331,0.14818021655082703
3308,9,332,0.16640476882457733
3309,9,333,0.14433768391609192
3310,9,334,0.15057623386383057
3311,9,335,0.1575573980808258
3312,9,336,0.15751256048679352
3313,9,337,0.13213317096233368
3314,9,338,0.14252254366874695
3315,9,339,0.15714547038078308
3316,9,340,0.14516933262348175
3317,9,341,0.16124455630779266
3318,9,342,0.14297865331172943
3319,9,343,0.17665748298168182
3320,9,344,0.18320497870445251
3321,9,345,0.15321481227874756
3322,9,346,0.12975472211837769
3323,9,347,0.13952100276947021
3324,9,348,0.171696275472641
3325,9,349,0.14830531179904938
3326,9,350,0.18174007534980774
3327,9,351,0.17162354290485382
3328,9,352,0.15761832892894745
3329,9,353,0.2011079043149948
3330,9,354,0.17398926615715027
3331,9,355,0.14975664019584656
3332,9,356,0.1880994439125061
3333,9,357,0.13546434044837952
3334,9,358,0.16376537084579468
3335,9,359,0.12954488396644592
3336,9,360,0.15484383702278137
3337,9,361,0.14441440999507904
3338,9,362,0.15256443619728088
3339,9,363,0.16062147915363312
3340,9,364,0.14386314153671265
3341,9,365,0.12862850725650787
3342,9,366,0.14564967155456543
3343,9,367,0.19275537133216858
3344,9,368,0.20298631489276886
3345,9,369,0.15828239917755127
3346,9,370,0.13366669416427612
3347,9,371,0.14008688926696777
3348,9,372,0.13387562334537506
3349,10,1,0.1298435479402542
3350,10,2,0.13935238122940063
3351,10,3,0.13808441162109375
3352,10,4,0.1511741280555725
3353,10,5,0.1547107994556427
3354,10,6,0.13573846220970154
3355,10,7,0.15067261457443237
3356,10,8,0.1605597734451294
3357,10,9,0.1797894984483719
3358,10,10,0.17147698998451233
3359,10,11,0.14347350597381592
3360,10,12,0.12214682251214981
3361,10,13,0.1829257756471634
3362,10,14,0.15596795082092285
3363,10,15,0.17429548501968384
3364,10,16,0.15764720737934113
3365,10,17,0.1342557966709137
3366,10,18,0.16852304339408875
3367,10,19,0.15574277937412262
3368,10,20,0.19651272892951965
3369,10,21,0.1574263721704483
3370,10,22,0.14085431396961212
3371,10,23,0.14194796979427338
3372,10,24,0.12923821806907654
3373,10,25,0.1357497125864029
3374,10,26,0.14238673448562622
3375,10,27,0.14535725116729736
3376,10,28,0.1516210287809372
3377,10,29,0.11712722480297089
3378,10,30,0.13095678389072418
3379,10,31,0.1601269543170929
3380,10,32,0.12766218185424805
3381,10,33,0.1533682644367218
3382,10,34,0.1770165115594864
3383,10,35,0.17102429270744324
3384,10,36,0.14275340735912323
3385,10,37,0.14183573424816132
3386,10,38,0.13309811055660248
3387,10,39,0.15727698802947998
3388,10,40,0.14610831439495087
3389,10,41,0.14133606851100922
3390,10,42,0.11887894570827484
3391,10,43,0.14325976371765137
3392,10,44,0.14860393106937408
3393,10,45,0.15603378415107727
3394,10,46,0.1435374915599823
3395,10,47,0.13525958359241486
3396,10,48,0.12820211052894592
3397,10,49,0.1431228518486023
3398,10,50,0.13463570177555084
3399,10,51,0.16617029905319214
3400,10,52,0.1481013000011444
3401,10,53,0.16297970712184906
3402,10,54,0.16592103242874146
3403,10,55,0.1657046526670456
3404,10,56,0.16032148897647858
3405,10,57,0.1351543366909027
3406,10,58,0.16332754492759705
3407,10,59,0.15100562572479248
3408,10,60,0.12726391851902008
3409,10,61,0.15208980441093445
3410,10,62,0.16408009827136993
3411,10,63,0.1596035659313202
3412,10,64,0.1576233208179474
3413,10,65,0.20408177375793457
3414,10,66,0.18079259991645813
3415,10,67,0.15156403183937073
3416,10,68,0.1582563817501068
3417,10,69,0.1825735718011856
3418,10,70,0.16800473630428314
3419,10,71,0.11984171718358994
3420,10,72,0.1464572697877884
3421,10,73,0.14100290834903717
3422,10,74,0.11540143191814423
3423,10,75,0.13992096483707428
3424,10,76,0.1213437169790268
3425,10,77,0.15043343603610992
3426,10,78,0.13138313591480255
3427,10,79,0.13539312779903412
3428,10,80,0.13832005858421326
3429,10,81,0.1251591593027115
3430,10,82,0.14321622252464294
3431,10,83,0.16378425061702728
3432,10,84,0.12642745673656464
3433,10,85,0.17936958372592926
3434,10,86,0.12452332675457001
3435,10,87,0.1360606700181961
3436,10,88,0.12344285100698471
3437,10,89,0.13091592490673065
3438,10,90,0.1303887963294983
3439,10,91,0.12408723682165146
3440,10,92,0.1700553447008133
3441,10,93,0.1478041708469391
3442,10,94,0.13747277855873108
3443,10,95,0.15089736878871918
3444,10,96,0.13393016159534454
3445,10,97,0.14233706891536713
3446,10,98,0.13818946480751038
3447,10,99,0.14778181910514832
3448,10,100,0.14435741305351257
3449,10,101,0.17052516341209412
3450,10,102,0.1447102278470993
3451,10,103,0.15156494081020355
3452,10,104,0.1632661372423172
3453,10,105,0.17994335293769836
3454,10,106,0.18755285441875458
3455,10,107,0.14594148099422455
3456,10,108,0.1157597079873085
3457,10,109,0.1454344391822815
3458,10,110,0.14824850857257843
3459,10,111,0.16117848455905914
3460,10,112,0.13965827226638794
3461,10,113,0.11849212646484375
3462,10,114,0.14553625881671906
3463,10,115,0.17727859318256378
3464,10,116,0.1391812264919281
3465,10,117,0.15774181485176086
3466,10,118,0.13512948155403137
3467,10,119,0.14034613966941833
3468,10,120,0.12959839403629303
3469,10,121,0.14639319479465485
3470,10,122,0.14497366547584534
3471,10,123,0.13822615146636963
3472,10,124,0.1600259244441986
3473,10,125,0.1503911316394806
3474,10,126,0.15880031883716583
3475,10,127,0.16105534136295319
3476,10,128,0.1557641476392746
3477,10,129,0.17318563163280487
3478,10,130,0.13215193152427673
3479,10,131,0.1316283941268921
3480,10,132,0.1786103993654251
3481,10,133,0.11937661468982697
3482,10,134,0.13930761814117432
3483,10,135,0.17608700692653656
3484,10,136,0.15773126482963562
3485,10,137,0.1653323620557785
3486,10,138,0.13070495426654816
3487,10,139,0.16322940587997437
3488,10,140,0.165811687707901
3489,10,141,0.1700163632631302
3490,10,142,0.13875018060207367
3491,10,143,0.1710408627986908
3492,10,144,0.14242710173130035
3493,10,145,0.14053240418434143
3494,10,146,0.15509331226348877
3495,10,147,0.12737680971622467
3496,10,148,0.14049917459487915
3497,10,149,0.12492929399013519
3498,10,150,0.1506231129169464
3499,10,151,0.1675092577934265
3500,10,152,0.15874621272087097
3501,10,153,0.17515401542186737
3502,10,154,0.13982920348644257
3503,10,155,0.14701464772224426
3504,10,156,0.12002319097518921
3505,10,157,0.10719561576843262
3506,10,158,0.19106371700763702
3507,10,159,0.1466982662677765
3508,10,160,0.13153566420078278
3509,10,161,0.1388005018234253
3510,10,162,0.12456844002008438
3511,10,163,0.13200350105762482
3512,10,164,0.13443425297737122
3513,10,165,0.17942166328430176
3514,10,166,0.13427583873271942
3515,10,167,0.14376384019851685
3516,10,168,0.14174626767635345
3517,10,169,0.1493254005908966
3518,10,170,0.1747198849916458
3519,10,171,0.1718263328075409
3520,10,172,0.16528865694999695
3521,10,173,0.1589377373456955
3522,10,174,0.18996915221214294
3523,10,175,0.14077475666999817
3524,10,176,0.12423169612884521
3525,10,177,0.1865028440952301
3526,10,178,0.14330418407917023
3527,10,179,0.11629782617092133
3528,10,180,0.17289146780967712
3529,10,181,0.142826646566391
3530,10,182,0.12617811560630798
3531,10,183,0.17636749148368835
3532,10,184,0.13057971000671387
3533,10,185,0.15314170718193054
3534,10,186,0.16212411224842072
3535,10,187,0.14880366623401642
3536,10,188,0.17225797474384308
3537,10,189,0.10184375941753387
3538,10,190,0.1391196846961975
3539,10,191,0.140353262424469
3540,10,192,0.15228085219860077
3541,10,193,0.16205093264579773
3542,10,194,0.12971194088459015
3543,10,195,0.14350901544094086
3544,10,196,0.1265183687210083
3545,10,197,0.17788861691951752
3546,10,198,0.1588970422744751
3547,10,199,0.11085547506809235
3548,10,200,0.11929039657115936
3549,10,201,0.12814725935459137
3550,10,202,0.1661793440580368
3551,10,203,0.16360430419445038
3552,10,204,0.15002480149269104
3553,10,205,0.13194480538368225
3554,10,206,0.11587110906839371
3555,10,207,0.14515963196754456
3556,10,208,0.15435735881328583
3557,10,209,0.1434156894683838
3558,10,210,0.13457630574703217
3559,10,211,0.13948282599449158
3560,10,212,0.13104823231697083
3561,10,213,0.1586834043264389
3562,10,214,0.15657202899456024
3563,10,215,0.1833948940038681
3564,10,216,0.17118915915489197
3565,10,217,0.16305825114250183
3566,10,218,0.16490983963012695
3567,10,219,0.1582617461681366
3568,10,220,0.14156275987625122
3569,10,221,0.1417398303747177
3570,10,222,0.17582495510578156
3571,10,223,0.13614749908447266
3572,10,224,0.14235636591911316
3573,10,225,0.13756005465984344
3574,10,226,0.14270149171352386
3575,10,227,0.1402214616537094
3576,10,228,0.1470986306667328
3577,10,229,0.13119785487651825
3578,10,230,0.13531550765037537
3579,10,231,0.13114242255687714
3580,10,232,0.16707077622413635
3581,10,233,0.14093255996704102
3582,10,234,0.17485152184963226
3583,10,235,0.11438198387622833
3584,10,236,0.1496456116437912
3585,10,237,0.1451076865196228
3586,10,238,0.1368766725063324
3587,10,239,0.1549062728881836
3588,10,240,0.14492690563201904
3589,10,241,0.14311423897743225
3590,10,242,0.13171346485614777
3591,10,243,0.17427754402160645
3592,10,244,0.1584586650133133
3593,10,245,0.12583395838737488
3594,10,246,0.1502707451581955
3595,10,247,0.15660439431667328
3596,10,248,0.1304953396320343
3597,10,249,0.1534501612186432
3598,10,250,0.13952477276325226
3599,10,251,0.16215921938419342
3600,10,252,0.15931673347949982
3601,10,253,0.31122252345085144
3602,10,254,0.12653899192810059
3603,10,255,0.15454714000225067
3604,10,256,0.2247195541858673
3605,10,257,0.1524893343448639
3606,10,258,0.16718390583992004
3607,10,259,0.1484818160533905
3608,10,260,0.17071466147899628
3609,10,261,0.15923048555850983
3610,10,262,0.13917618989944458
3611,10,263,0.1360372006893158
3612,10,264,0.15980330109596252
3613,10,265,0.1822848618030548
3614,10,266,0.13408783078193665
3615,10,267,0.17306403815746307
3616,10,268,0.14168831706047058
3617,10,269,0.16146863996982574
3618,10,270,0.18755118548870087
3619,10,271,0.2117132693529129
3620,10,272,0.18052789568901062
3621,10,273,0.11316114664077759
3622,10,274,0.1650991290807724
3623,10,275,0.13729722797870636
3624,10,276,0.17794500291347504
3625,10,277,0.16939499974250793
3626,10,278,0.15844839811325073
3627,10,279,0.15486612915992737
3628,10,280,0.1469281166791916
3629,10,281,0.1436137855052948
3630,10,282,0.1410525143146515
3631,10,283,0.15925194323062897
3632,10,284,0.11629122495651245
3633,10,285,0.17359617352485657
3634,10,286,0.17261379957199097
3635,10,287,0.1321507692337036
3636,10,288,0.1434362232685089
3637,10,289,0.1776716411113739
3638,10,290,0.12286154180765152
3639,10,291,0.17920193076133728
3640,10,292,0.132491797208786
3641,10,293,0.16655582189559937
3642,10,294,0.17980962991714478
3643,10,295,0.17622855305671692
3644,10,296,0.1650061160326004
3645,10,297,0.13734570145606995
3646,10,298,0.16981078684329987
3647,10,299,0.16993632912635803
3648,10,300,0.13371995091438293
3649,10,301,0.14104615151882172
3650,10,302,0.18297451734542847
3651,10,303,0.15045294165611267
3652,10,304,0.15608268976211548
3653,10,305,0.15159021317958832
3654,10,306,0.1307409256696701
3655,10,307,0.17378506064414978
3656,10,308,0.13548830151557922
3657,10,309,0.13805755972862244
3658,10,310,0.14760056138038635
3659,10,311,0.1758212149143219
3660,10,312,0.12435021251440048
3661,10,313,0.153067946434021
3662,10,314,0.15549640357494354
3663,10,315,0.15715546905994415
3664,10,316,0.21512654423713684
3665,10,317,0.13881626725196838
3666,10,318,0.14942187070846558
3667,10,319,0.17958512902259827
3668,10,320,0.14537383615970612
3669,10,321,0.16501429677009583
3670,10,322,0.144767165184021
3671,10,323,0.15739227831363678
3672,10,324,0.13423213362693787
3673,10,325,0.16010808944702148
3674,10,326,0.16529536247253418
3675,10,327,0.13113433122634888
3676,10,328,0.19856198132038116
3677,10,329,0.16901151835918427
3678,10,330,0.13527123630046844
3679,10,331,0.13636414706707
3680,10,332,0.17932148277759552
3681,10,333,0.17373481392860413
3682,10,334,0.14040836691856384
3683,10,335,0.1265614926815033
3684,10,336,0.16956289112567902
3685,10,337,0.14570358395576477
3686,10,338,0.13290423154830933
3687,10,339,0.15610620379447937
3688,10,340,0.1190233826637268
3689,10,341,0.17790913581848145
3690,10,342,0.1724109649658203
3691,10,343,0.16095978021621704
3692,10,344,0.13247156143188477
3693,10,345,0.12583144009113312
3694,10,346,0.14496013522148132
3695,10,347,0.1408981829881668
3696,10,348,0.13864019513130188
3697,10,349,0.16652756929397583
3698,10,350,0.1363736093044281
3699,10,351,0.13882969319820404
3700,10,352,0.14717695116996765
3701,10,353,0.13570067286491394
3702,10,354,0.2084989845752716
3703,10,355,0.1431223601102829
3704,10,356,0.1555493175983429
3705,10,357,0.12019040435552597
3706,10,358,0.1185775175690651
3707,10,359,0.13618047535419464
3708,10,360,0.14314302802085876
3709,10,361,0.12362068891525269
3710,10,362,0.1568240374326706
3711,10,363,0.17165878415107727
3712,10,364,0.1263505518436432
3713,10,365,0.16871421039104462
3714,10,366,0.15140002965927124
3715,10,367,0.15877535939216614
3716,10,368,0.16404175758361816
3717,10,369,0.16438914835453033
3718,10,370,0.13750873506069183
3719,10,371,0.17826995253562927
3720,10,372,0.12070057541131973
