global_step,epoch,batch,train_loss
1,1,1,3.2908241748809814
2,1,2,3.1890549659729004
3,1,3,3.1269538402557373
4,1,4,3.0473811626434326
5,1,5,3.0289723873138428
6,1,6,3.060544490814209
7,1,7,2.919370651245117
8,1,8,2.876948595046997
9,1,9,2.853356122970581
10,1,10,2.771149158477783
11,1,11,2.7918434143066406
12,1,12,2.7440185546875
13,1,13,2.6643779277801514
14,1,14,2.6876511573791504
15,1,15,2.6442313194274902
16,1,16,2.695363998413086
17,1,17,2.617229461669922
18,1,18,2.572998046875
19,1,19,2.561884880065918
20,1,20,2.5401108264923096
21,1,21,2.5811257362365723
22,1,22,2.5182065963745117
23,1,23,2.5018062591552734
24,1,24,2.4602513313293457
25,1,25,2.5885910987854004
26,1,26,2.512404680252075
27,1,27,2.462425947189331
28,1,28,2.3734400272369385
29,1,29,2.4307034015655518
30,1,30,2.4176137447357178
31,1,31,2.457831382751465
32,1,32,2.3683152198791504
33,1,33,2.362494468688965
34,1,34,2.4200186729431152
35,1,35,2.3372793197631836
36,1,36,2.3414764404296875
37,1,37,2.376169443130493
38,1,38,2.366447687149048
39,1,39,2.302917003631592
40,1,40,2.3814895153045654
41,1,41,2.432431697845459
42,1,42,2.324164867401123
43,1,43,2.3974223136901855
44,1,44,2.334671974182129
45,1,45,2.3506052494049072
46,1,46,2.281102418899536
47,1,47,2.2671847343444824
48,1,48,2.261789321899414
49,1,49,2.1777215003967285
50,1,50,2.2570133209228516
51,1,51,2.2660088539123535
52,1,52,2.337946891784668
53,1,53,2.2926480770111084
54,1,54,2.2013487815856934
55,1,55,2.324178695678711
56,1,56,2.280691385269165
57,1,57,2.329390287399292
58,1,58,2.1715645790100098
59,1,59,2.2673230171203613
60,1,60,2.206023693084717
61,1,61,2.1817476749420166
62,1,62,2.3340420722961426
63,1,63,2.127485513687134
64,1,64,2.246817111968994
65,1,65,2.2553153038024902
66,1,66,2.134742021560669
67,1,67,2.1040730476379395
68,1,68,2.173386812210083
69,1,69,2.1507420539855957
70,1,70,2.1412110328674316
71,1,71,2.159209728240967
72,1,72,2.1388747692108154
73,1,73,2.277355670928955
74,1,74,2.086987018585205
75,1,75,2.0797476768493652
76,1,76,2.1348063945770264
77,1,77,2.124831199645996
78,1,78,2.1710376739501953
79,1,79,2.138456344604492
80,1,80,2.1041412353515625
81,1,81,2.160763740539551
82,1,82,2.1064255237579346
83,1,83,2.10036039352417
84,1,84,2.0364744663238525
85,1,85,2.091130495071411
86,1,86,2.114809274673462
87,1,87,2.048090696334839
88,1,88,2.0629684925079346
89,1,89,2.0923287868499756
90,1,90,2.0432963371276855
91,1,91,2.01832914352417
92,1,92,2.1152820587158203
93,1,93,2.051621913909912
94,1,94,2.0491526126861572
95,1,95,2.0715584754943848
96,1,96,2.0206007957458496
97,1,97,2.1412723064422607
98,1,98,2.0167465209960938
99,1,99,2.0381929874420166
100,1,100,2.038893222808838
101,1,101,2.034632444381714
102,1,102,2.0385239124298096
103,1,103,2.034003734588623
104,1,104,2.112395763397217
105,1,105,2.0189995765686035
106,1,106,1.9588298797607422
107,1,107,2.0456783771514893
108,1,108,1.975804328918457
109,1,109,2.0273361206054688
110,1,110,1.9955803155899048
111,1,111,1.9566545486450195
112,1,112,2.0777711868286133
113,1,113,1.9196913242340088
114,1,114,2.014303207397461
115,1,115,1.9316980838775635
116,1,116,2.074669122695923
117,1,117,2.0177810192108154
118,1,118,2.060866594314575
119,1,119,2.0168490409851074
120,1,120,2.005244731903076
121,1,121,1.9269739389419556
122,1,122,1.9304119348526
123,1,123,2.0075972080230713
124,1,124,1.9489052295684814
125,1,125,1.911928415298462
126,1,126,1.9794038534164429
127,1,127,2.0094828605651855
128,1,128,1.9247291088104248
129,1,129,2.073091745376587
130,1,130,1.9322789907455444
131,1,131,2.0524485111236572
132,1,132,1.9948762655258179
133,1,133,1.9946075677871704
134,1,134,2.0282654762268066
135,1,135,1.9720138311386108
136,1,136,1.907522201538086
137,1,137,1.9402881860733032
138,1,138,2.007420063018799
139,1,139,1.955012321472168
140,1,140,1.9799363613128662
141,1,141,1.8626108169555664
142,1,142,1.9389272928237915
143,1,143,1.9332678318023682
144,1,144,1.8969529867172241
145,1,145,1.9621063470840454
146,1,146,1.9816207885742188
147,1,147,1.9736655950546265
148,1,148,1.9252045154571533
149,1,149,1.895146369934082
150,1,150,1.927467703819275
151,1,151,1.820141077041626
152,1,152,1.8640758991241455
153,1,153,1.9467849731445312
154,1,154,1.8898166418075562
155,1,155,1.9424679279327393
156,1,156,2.0041022300720215
157,1,157,1.9200217723846436
158,1,158,1.860253095626831
159,1,159,1.8845317363739014
160,1,160,2.049745798110962
161,1,161,1.9491403102874756
162,1,162,1.920135259628296
163,1,163,1.9131981134414673
164,1,164,1.9011281728744507
165,1,165,1.9257018566131592
166,1,166,1.900246024131775
167,1,167,1.8496688604354858
168,1,168,1.9014211893081665
169,1,169,1.8375431299209595
170,1,170,1.9061123132705688
171,1,171,1.9599688053131104
172,1,172,1.864898920059204
173,1,173,1.8940101861953735
174,1,174,1.8580701351165771
175,1,175,1.8885561227798462
176,1,176,1.851743459701538
177,1,177,1.8262659311294556
178,1,178,1.8710534572601318
179,1,179,1.8952386379241943
180,1,180,1.8464033603668213
181,1,181,1.8184915781021118
182,1,182,1.831507682800293
183,1,183,1.834904432296753
184,1,184,1.8224674463272095
185,1,185,1.8466103076934814
186,1,186,1.8145196437835693
187,1,187,1.8861331939697266
188,1,188,1.8507827520370483
189,1,189,1.8179848194122314
190,1,190,1.8534883260726929
191,1,191,1.790862798690796
192,1,192,1.848549485206604
193,1,193,1.8680698871612549
194,1,194,1.9956884384155273
195,1,195,1.9047683477401733
196,1,196,1.8116235733032227
197,1,197,1.8309803009033203
198,1,198,1.8637291193008423
199,1,199,1.82693350315094
200,1,200,1.7953370809555054
201,1,201,1.8709160089492798
202,1,202,1.8190854787826538
203,1,203,1.8066774606704712
204,1,204,1.8429005146026611
205,1,205,1.8530654907226562
206,1,206,1.8323163986206055
207,1,207,2.0027356147766113
208,1,208,1.8383476734161377
209,1,209,1.790299654006958
210,1,210,1.7422012090682983
211,1,211,1.805765151977539
212,1,212,1.7942218780517578
213,1,213,1.7482216358184814
214,1,214,1.8039222955703735
215,1,215,1.7416006326675415
216,1,216,1.777174949645996
217,1,217,1.8349542617797852
218,1,218,1.7333482503890991
219,1,219,1.805110216140747
220,1,220,1.8558502197265625
221,1,221,1.7903449535369873
222,1,222,1.7455527782440186
223,1,223,1.7872211933135986
224,1,224,1.7196884155273438
225,1,225,1.971596121788025
226,1,226,1.7676969766616821
227,1,227,1.8995046615600586
228,1,228,1.7739026546478271
229,1,229,1.8388423919677734
230,1,230,1.8346055746078491
231,1,231,1.705011010169983
232,1,232,1.8430055379867554
233,1,233,1.776386022567749
234,1,234,1.7470909357070923
235,1,235,1.8054319620132446
236,1,236,1.7467596530914307
237,1,237,1.7633289098739624
238,1,238,1.712500810623169
239,1,239,1.8013801574707031
240,1,240,1.7189655303955078
241,1,241,1.8246204853057861
242,1,242,1.7040992975234985
243,1,243,1.7051427364349365
244,1,244,1.733277678489685
245,1,245,1.6777265071868896
246,1,246,1.7372589111328125
247,1,247,1.6954771280288696
248,1,248,1.7483606338500977
249,1,249,1.6758543252944946
250,1,250,1.7046384811401367
251,1,251,1.7558552026748657
252,1,252,1.711554765701294
253,1,253,1.7631162405014038
254,1,254,1.693476915359497
255,1,255,1.716088891029358
256,1,256,1.6555646657943726
257,1,257,1.7563098669052124
258,1,258,1.7420227527618408
259,1,259,1.7269376516342163
260,1,260,1.7190589904785156
261,1,261,1.6844946146011353
262,1,262,1.7209479808807373
263,1,263,1.67730712890625
264,1,264,1.658132553100586
265,1,265,1.660520315170288
266,1,266,1.7439781427383423
267,1,267,1.7005726099014282
268,1,268,1.703259825706482
269,1,269,1.676984429359436
270,1,270,1.6638504266738892
271,1,271,1.6788371801376343
272,1,272,1.740959882736206
273,1,273,1.6899150609970093
274,1,274,1.6542772054672241
275,1,275,1.6216539144515991
276,1,276,1.7008367776870728
277,1,277,1.645254373550415
278,1,278,1.6617965698242188
279,1,279,1.7784101963043213
280,1,280,1.6390998363494873
281,1,281,1.7357158660888672
282,1,282,1.780800223350525
283,1,283,1.68292236328125
284,1,284,1.7374738454818726
285,1,285,1.6455094814300537
286,1,286,1.6608848571777344
287,1,287,1.687086820602417
288,1,288,1.683251976966858
289,1,289,1.7252540588378906
290,1,290,1.7807533740997314
291,1,291,1.7209606170654297
292,1,292,1.70025634765625
293,1,293,1.7121156454086304
294,1,294,1.673555612564087
295,1,295,1.6451690196990967
296,1,296,1.6800601482391357
297,1,297,1.6164741516113281
298,1,298,1.6853710412979126
299,1,299,1.7075655460357666
300,1,300,1.6630535125732422
301,1,301,1.576268196105957
302,1,302,1.678953766822815
303,1,303,1.7026726007461548
304,1,304,1.6766529083251953
305,1,305,1.6700464487075806
306,1,306,1.5773921012878418
307,1,307,1.6058950424194336
308,1,308,1.7095454931259155
309,1,309,1.6992336511611938
310,1,310,1.6436207294464111
311,1,311,1.6572939157485962
312,1,312,1.6178996562957764
313,1,313,1.6440387964248657
314,1,314,1.6631444692611694
315,1,315,1.6597191095352173
316,1,316,1.6074966192245483
317,1,317,1.6120996475219727
318,1,318,1.6310762166976929
319,1,319,1.6614567041397095
320,1,320,1.5748369693756104
321,1,321,1.6381556987762451
322,1,322,1.6847442388534546
323,1,323,1.640512466430664
324,1,324,1.6859428882598877
325,1,325,1.5862144231796265
326,1,326,1.5777652263641357
327,1,327,1.6165968179702759
328,1,328,1.8042354583740234
329,1,329,1.6178464889526367
330,1,330,1.6362583637237549
331,1,331,1.6113210916519165
332,1,332,1.595291256904602
333,1,333,1.5878159999847412
334,1,334,1.6035706996917725
335,1,335,1.5490142107009888
336,1,336,1.6601486206054688
337,1,337,1.658526062965393
338,1,338,1.6142628192901611
339,1,339,1.7671253681182861
340,1,340,1.5527664422988892
341,1,341,1.6164754629135132
342,1,342,1.6090552806854248
343,1,343,1.5866566896438599
344,1,344,1.578126072883606
345,1,345,1.5572015047073364
346,1,346,1.5020840167999268
347,1,347,1.6563724279403687
348,1,348,1.5647046566009521
349,1,349,1.6086938381195068
350,1,350,1.557401418685913
351,1,351,1.494490385055542
352,1,352,1.5668233633041382
353,1,353,1.602373719215393
354,1,354,1.5539361238479614
355,1,355,1.7167831659317017
356,1,356,1.5520439147949219
357,1,357,1.579990029335022
358,1,358,1.6096607446670532
359,1,359,1.5153695344924927
360,1,360,1.5729976892471313
361,1,361,1.5434366464614868
362,1,362,1.5588853359222412
363,1,363,1.5191316604614258
364,1,364,1.6607170104980469
365,1,365,1.6013704538345337
366,1,366,1.5522664785385132
367,1,367,1.5321483612060547
368,1,368,1.474092960357666
369,1,369,1.5312740802764893
370,1,370,1.527167797088623
371,1,371,1.5393909215927124
372,1,372,1.6818007230758667
373,2,1,1.5568612813949585
374,2,2,1.507248044013977
375,2,3,1.469667911529541
376,2,4,1.4991375207901
377,2,5,1.4669852256774902
378,2,6,1.4913394451141357
379,2,7,1.4620455503463745
380,2,8,1.579709768295288
381,2,9,1.4893115758895874
382,2,10,1.5503509044647217
383,2,11,1.4983909130096436
384,2,12,1.5265047550201416
385,2,13,1.5124075412750244
386,2,14,1.5074703693389893
387,2,15,1.543199896812439
388,2,16,1.497870922088623
389,2,17,1.4566829204559326
390,2,18,1.5083398818969727
391,2,19,1.502111792564392
392,2,20,1.633719801902771
393,2,21,1.4872705936431885
394,2,22,1.4679696559906006
395,2,23,1.50200617313385
396,2,24,1.5973749160766602
397,2,25,1.5021545886993408
398,2,26,1.4835231304168701
399,2,27,1.5249508619308472
400,2,28,1.4629178047180176
401,2,29,1.4590412378311157
402,2,30,1.4473527669906616
403,2,31,1.5305144786834717
404,2,32,1.4767074584960938
405,2,33,1.478173017501831
406,2,34,1.4852920770645142
407,2,35,1.4714131355285645
408,2,36,1.4672257900238037
409,2,37,1.4468867778778076
410,2,38,1.5080046653747559
411,2,39,1.4789836406707764
412,2,40,1.4968985319137573
413,2,41,1.4779554605484009
414,2,42,1.5051090717315674
415,2,43,1.4994968175888062
416,2,44,1.4160796403884888
417,2,45,1.4552905559539795
418,2,46,1.4028640985488892
419,2,47,1.4620596170425415
420,2,48,1.4021797180175781
421,2,49,1.3748810291290283
422,2,50,1.4553366899490356
423,2,51,1.4314296245574951
424,2,52,1.4947866201400757
425,2,53,1.5091197490692139
426,2,54,1.4316035509109497
427,2,55,1.4313868284225464
428,2,56,1.4372975826263428
429,2,57,1.4732983112335205
430,2,58,1.480188012123108
431,2,59,1.4695656299591064
432,2,60,1.4693374633789062
433,2,61,1.4797075986862183
434,2,62,1.3898597955703735
435,2,63,1.4544732570648193
436,2,64,1.4677764177322388
437,2,65,1.4849402904510498
438,2,66,1.4785048961639404
439,2,67,1.424724817276001
440,2,68,1.4394214153289795
441,2,69,1.442766547203064
442,2,70,1.4645583629608154
443,2,71,1.4315199851989746
444,2,72,1.3787113428115845
445,2,73,1.4406607151031494
446,2,74,1.388513445854187
447,2,75,1.4264187812805176
448,2,76,1.3721251487731934
449,2,77,1.422994613647461
450,2,78,1.5054789781570435
451,2,79,1.388441801071167
452,2,80,1.4105143547058105
453,2,81,1.6633026599884033
454,2,82,1.4028650522232056
455,2,83,1.363386869430542
456,2,84,1.342772364616394
457,2,85,1.3991179466247559
458,2,86,1.4658231735229492
459,2,87,1.3375296592712402
460,2,88,1.4039361476898193
461,2,89,1.4760773181915283
462,2,90,1.4226287603378296
463,2,91,1.399249792098999
464,2,92,1.4631856679916382
465,2,93,1.4028249979019165
466,2,94,1.472538948059082
467,2,95,1.391527771949768
468,2,96,1.3330411911010742
469,2,97,1.3710800409317017
470,2,98,1.3909265995025635
471,2,99,1.4620336294174194
472,2,100,1.3798502683639526
473,2,101,1.3384490013122559
474,2,102,1.4082821607589722
475,2,103,1.357926607131958
476,2,104,1.394944429397583
477,2,105,1.4659008979797363
478,2,106,1.3971381187438965
479,2,107,1.3806612491607666
480,2,108,1.4177881479263306
481,2,109,1.3338061571121216
482,2,110,1.3476383686065674
483,2,111,1.3548864126205444
484,2,112,1.4065638780593872
485,2,113,1.31831693649292
486,2,114,1.3578765392303467
487,2,115,1.3784615993499756
488,2,116,1.3746120929718018
489,2,117,1.3518774509429932
490,2,118,1.3572235107421875
491,2,119,1.3529438972473145
492,2,120,1.3485037088394165
493,2,121,1.3531584739685059
494,2,122,1.3833537101745605
495,2,123,1.3340048789978027
496,2,124,1.343169927597046
497,2,125,1.2930152416229248
498,2,126,1.3561128377914429
499,2,127,1.325545072555542
500,2,128,1.312382459640503
501,2,129,1.3721234798431396
502,2,130,1.3324689865112305
503,2,131,1.3588488101959229
504,2,132,1.3382644653320312
505,2,133,1.3213554620742798
506,2,134,1.4912201166152954
507,2,135,1.389644980430603
508,2,136,1.375179409980774
509,2,137,1.3569859266281128
510,2,138,1.3108596801757812
511,2,139,1.325344204902649
512,2,140,1.2584962844848633
513,2,141,1.377210021018982
514,2,142,1.4091883897781372
515,2,143,1.3689607381820679
516,2,144,1.3941195011138916
517,2,145,1.3203895092010498
518,2,146,1.316810965538025
519,2,147,1.3241479396820068
520,2,148,1.4086973667144775
521,2,149,1.335566759109497
522,2,150,1.285735011100769
523,2,151,1.3149540424346924
524,2,152,1.2404680252075195
525,2,153,1.296229362487793
526,2,154,1.4428699016571045
527,2,155,1.3119187355041504
528,2,156,1.3464391231536865
529,2,157,1.272829532623291
530,2,158,1.2954055070877075
531,2,159,1.3384294509887695
532,2,160,1.3177688121795654
533,2,161,1.3987195491790771
534,2,162,1.2339614629745483
535,2,163,1.2437608242034912
536,2,164,1.3359038829803467
537,2,165,1.407448172569275
538,2,166,1.2807470560073853
539,2,167,1.3722240924835205
540,2,168,1.254619836807251
541,2,169,1.3051776885986328
542,2,170,1.3030955791473389
543,2,171,1.2959578037261963
544,2,172,1.2400844097137451
545,2,173,1.2408854961395264
546,2,174,1.3055877685546875
547,2,175,1.2871818542480469
548,2,176,1.2521940469741821
549,2,177,1.3070566654205322
550,2,178,1.2996336221694946
551,2,179,1.3030552864074707
552,2,180,1.3228275775909424
553,2,181,1.4294639825820923
554,2,182,1.2945630550384521
555,2,183,1.2955843210220337
556,2,184,1.2611641883850098
557,2,185,1.3443855047225952
558,2,186,1.4993298053741455
559,2,187,1.316704511642456
560,2,188,1.2274715900421143
561,2,189,1.230811357498169
562,2,190,1.2937687635421753
563,2,191,1.3013849258422852
564,2,192,1.248242735862732
565,2,193,1.321444034576416
566,2,194,1.3082057237625122
567,2,195,1.3583898544311523
568,2,196,1.3044700622558594
569,2,197,1.3940280675888062
570,2,198,1.3809376955032349
571,2,199,1.3103053569793701
572,2,200,1.2161000967025757
573,2,201,1.333445429801941
574,2,202,1.2748472690582275
575,2,203,1.2743273973464966
576,2,204,1.230955719947815
577,2,205,1.2484184503555298
578,2,206,1.2713316679000854
579,2,207,1.2422964572906494
580,2,208,1.3481647968292236
581,2,209,1.2648532390594482
582,2,210,1.3121284246444702
583,2,211,1.2358324527740479
584,2,212,1.2408486604690552
585,2,213,1.223299264907837
586,2,214,1.2646872997283936
587,2,215,1.2407900094985962
588,2,216,1.2436974048614502
589,2,217,1.2154507637023926
590,2,218,1.2769368886947632
591,2,219,1.2455672025680542
592,2,220,1.2690197229385376
593,2,221,1.2478976249694824
594,2,222,1.226400375366211
595,2,223,1.1703624725341797
596,2,224,1.4772582054138184
597,2,225,1.308563470840454
598,2,226,1.2980139255523682
599,2,227,1.2103517055511475
600,2,228,1.2713109254837036
601,2,229,1.2176282405853271
602,2,230,1.2714025974273682
603,2,231,1.2115684747695923
604,2,232,1.2105869054794312
605,2,233,1.2087876796722412
606,2,234,1.3123743534088135
607,2,235,1.2170850038528442
608,2,236,1.2342852354049683
609,2,237,1.1732584238052368
610,2,238,1.1877853870391846
611,2,239,1.2011758089065552
612,2,240,1.262249231338501
613,2,241,1.1764681339263916
614,2,242,1.2117937803268433
615,2,243,1.252610683441162
616,2,244,1.186347246170044
617,2,245,1.213472604751587
618,2,246,1.189516305923462
619,2,247,1.2003121376037598
620,2,248,1.1601483821868896
621,2,249,1.19693922996521
622,2,250,1.1925337314605713
623,2,251,1.2136476039886475
624,2,252,1.21967613697052
625,2,253,1.2000858783721924
626,2,254,1.2011468410491943
627,2,255,1.2062793970108032
628,2,256,1.238068699836731
629,2,257,1.1552894115447998
630,2,258,1.206354022026062
631,2,259,1.1918370723724365
632,2,260,1.3754522800445557
633,2,261,1.1511738300323486
634,2,262,1.1123384237289429
635,2,263,1.1781848669052124
636,2,264,1.1418521404266357
637,2,265,1.1890273094177246
638,2,266,1.253902554512024
639,2,267,1.1825368404388428
640,2,268,1.1207053661346436
641,2,269,1.2328325510025024
642,2,270,1.2630201578140259
643,2,271,1.1323482990264893
644,2,272,1.188447117805481
645,2,273,1.148740530014038
646,2,274,1.134443759918213
647,2,275,1.1765317916870117
648,2,276,1.1575185060501099
649,2,277,1.2247668504714966
650,2,278,1.3872658014297485
651,2,279,1.1905598640441895
652,2,280,1.2101681232452393
653,2,281,1.1606855392456055
654,2,282,1.218959093093872
655,2,283,1.222305178642273
656,2,284,1.1968430280685425
657,2,285,1.1579113006591797
658,2,286,1.193591833114624
659,2,287,1.1509888172149658
660,2,288,1.2128043174743652
661,2,289,1.1534202098846436
662,2,290,1.1737006902694702
663,2,291,1.124082088470459
664,2,292,1.1582993268966675
665,2,293,1.1924034357070923
666,2,294,1.2016063928604126
667,2,295,1.214518427848816
668,2,296,1.0999958515167236
669,2,297,1.1190757751464844
670,2,298,1.1520426273345947
671,2,299,1.1960906982421875
672,2,300,1.0970617532730103
673,2,301,1.2044037580490112
674,2,302,1.196943998336792
675,2,303,1.1085703372955322
676,2,304,1.1109273433685303
677,2,305,1.1486276388168335
678,2,306,1.080953598022461
679,2,307,1.1589910984039307
680,2,308,1.2695350646972656
681,2,309,1.1855884790420532
682,2,310,1.0940163135528564
683,2,311,1.1993846893310547
684,2,312,1.212949275970459
685,2,313,1.2406831979751587
686,2,314,1.1211780309677124
687,2,315,1.1078382730484009
688,2,316,1.1497199535369873
689,2,317,1.0993632078170776
690,2,318,1.2577530145645142
691,2,319,1.1238421201705933
692,2,320,1.1340394020080566
693,2,321,1.1278698444366455
694,2,322,1.1608963012695312
695,2,323,1.2176529169082642
696,2,324,1.1222152709960938
697,2,325,1.1196322441101074
698,2,326,1.1906319856643677
699,2,327,1.1096434593200684
700,2,328,1.2149616479873657
701,2,329,1.1292647123336792
702,2,330,1.1601159572601318
703,2,331,1.0915262699127197
704,2,332,1.1453971862792969
705,2,333,1.1317687034606934
706,2,334,1.1113535165786743
707,2,335,1.0574160814285278
708,2,336,1.1479958295822144
709,2,337,1.0847138166427612
710,2,338,1.1973559856414795
711,2,339,1.0762253999710083
712,2,340,1.1527889966964722
713,2,341,1.3296157121658325
714,2,342,1.0726398229599
715,2,343,1.0692534446716309
716,2,344,1.1236343383789062
717,2,345,1.161178708076477
718,2,346,1.0874556303024292
719,2,347,1.0690155029296875
720,2,348,1.0854915380477905
721,2,349,1.1576834917068481
722,2,350,1.1002142429351807
723,2,351,1.1305420398712158
724,2,352,1.062965989112854
725,2,353,1.05938720703125
726,2,354,1.139501929283142
727,2,355,1.0394861698150635
728,2,356,1.1237080097198486
729,2,357,1.1292036771774292
730,2,358,1.023707389831543
731,2,359,1.089701533317566
732,2,360,1.0848313570022583
733,2,361,1.0891822576522827
734,2,362,1.0850799083709717
735,2,363,1.031733751296997
736,2,364,1.2583906650543213
737,2,365,1.0759028196334839
738,2,366,1.1666738986968994
739,2,367,1.1033694744110107
740,2,368,1.1124188899993896
741,2,369,1.1201634407043457
742,2,370,1.00663161277771
743,2,371,1.1160643100738525
744,2,372,1.0668960809707642
745,3,1,1.046675205230713
746,3,2,1.099785327911377
747,3,3,1.074735403060913
748,3,4,1.018365502357483
749,3,5,1.1942331790924072
750,3,6,1.0625940561294556
751,3,7,1.0661078691482544
752,3,8,0.9999998211860657
753,3,9,1.0806750059127808
754,3,10,1.0883543491363525
755,3,11,1.0227177143096924
756,3,12,1.1094634532928467
757,3,13,1.065732479095459
758,3,14,1.1010189056396484
759,3,15,1.096596121788025
760,3,16,1.0355207920074463
761,3,17,1.1656709909439087
762,3,18,1.0084407329559326
763,3,19,1.0595970153808594
764,3,20,1.0202441215515137
765,3,21,1.0652093887329102
766,3,22,1.0237845182418823
767,3,23,1.0656368732452393
768,3,24,0.9948771595954895
769,3,25,0.9698113203048706
770,3,26,1.0323750972747803
771,3,27,1.2056703567504883
772,3,28,1.0611798763275146
773,3,29,1.0943548679351807
774,3,30,1.034224033355713
775,3,31,1.0443141460418701
776,3,32,0.9969872236251831
777,3,33,1.0119799375534058
778,3,34,1.1270835399627686
779,3,35,1.0488096475601196
780,3,36,1.1305961608886719
781,3,37,1.0091801881790161
782,3,38,1.0262778997421265
783,3,39,0.9756426811218262
784,3,40,1.2028777599334717
785,3,41,1.1940643787384033
786,3,42,0.9843716621398926
787,3,43,1.0045982599258423
788,3,44,1.0329281091690063
789,3,45,1.040114164352417
790,3,46,1.0176570415496826
791,3,47,1.0192973613739014
792,3,48,1.0083733797073364
793,3,49,1.0414499044418335
794,3,50,1.0105761289596558
795,3,51,0.9778057336807251
796,3,52,1.05178964138031
797,3,53,0.9845325350761414
798,3,54,0.9962860345840454
799,3,55,1.1625187397003174
800,3,56,0.9525672197341919
801,3,57,0.9910392761230469
802,3,58,0.9571456909179688
803,3,59,0.996055006980896
804,3,60,0.9836701154708862
805,3,61,1.0034068822860718
806,3,62,0.9704530835151672
807,3,63,0.9835444688796997
808,3,64,1.0459632873535156
809,3,65,1.1809295415878296
810,3,66,0.9962128400802612
811,3,67,0.9936577081680298
812,3,68,1.0673807859420776
813,3,69,0.975117564201355
814,3,70,0.9858394861221313
815,3,71,1.044854760169983
816,3,72,0.9661404490470886
817,3,73,0.955783486366272
818,3,74,0.9710162878036499
819,3,75,0.976967990398407
820,3,76,0.9291267395019531
821,3,77,0.9856469035148621
822,3,78,0.9389501810073853
823,3,79,0.9538219571113586
824,3,80,0.9854750633239746
825,3,81,0.9943183660507202
826,3,82,0.9615290760993958
827,3,83,1.0213854312896729
828,3,84,0.9549744725227356
829,3,85,1.0746091604232788
830,3,86,0.9741106033325195
831,3,87,0.9946471452713013
832,3,88,1.0267173051834106
833,3,89,0.9520967602729797
834,3,90,0.9881869554519653
835,3,91,0.9300409555435181
836,3,92,0.9412992596626282
837,3,93,0.9979522824287415
838,3,94,1.052458643913269
839,3,95,0.9567255973815918
840,3,96,0.9509133100509644
841,3,97,0.9743798971176147
842,3,98,0.9313036203384399
843,3,99,0.9523773193359375
844,3,100,1.0017482042312622
845,3,101,0.9138434529304504
846,3,102,1.0167511701583862
847,3,103,0.9073345065116882
848,3,104,0.9609268307685852
849,3,105,0.945705771446228
850,3,106,1.024855375289917
851,3,107,0.9205193519592285
852,3,108,0.9064522981643677
853,3,109,0.9344018697738647
854,3,110,0.9614381790161133
855,3,111,1.0094459056854248
856,3,112,0.9918190836906433
857,3,113,1.0027406215667725
858,3,114,0.9010141491889954
859,3,115,0.9915815591812134
860,3,116,0.9603701829910278
861,3,117,0.9149020910263062
862,3,118,0.9145253300666809
863,3,119,0.9474267959594727
864,3,120,0.9027447700500488
865,3,121,0.9224430322647095
866,3,122,0.9533929824829102
867,3,123,1.012183666229248
868,3,124,0.9433009028434753
869,3,125,0.9303590655326843
870,3,126,0.9921340942382812
871,3,127,0.9039856791496277
872,3,128,1.0127837657928467
873,3,129,0.9783159494400024
874,3,130,0.967605471611023
875,3,131,0.8966131210327148
876,3,132,0.9429973363876343
877,3,133,0.9537649154663086
878,3,134,0.9229432940483093
879,3,135,0.9143902659416199
880,3,136,0.9209286570549011
881,3,137,0.8841726183891296
882,3,138,0.8812960386276245
883,3,139,0.9041305780410767
884,3,140,1.0386674404144287
885,3,141,0.9224109649658203
886,3,142,0.8884755969047546
887,3,143,1.0952218770980835
888,3,144,0.9878535270690918
889,3,145,0.9414559602737427
890,3,146,0.8728870153427124
891,3,147,0.8326126337051392
892,3,148,0.9116508364677429
893,3,149,1.0352025032043457
894,3,150,0.8518458604812622
895,3,151,0.9691667556762695
896,3,152,0.9597811698913574
897,3,153,0.9681711196899414
898,3,154,0.9242762327194214
899,3,155,0.8789222836494446
900,3,156,0.9129427075386047
901,3,157,1.0836317539215088
902,3,158,0.9577856063842773
903,3,159,0.9466193914413452
904,3,160,0.9255965352058411
905,3,161,0.9164835214614868
906,3,162,0.8940243721008301
907,3,163,0.8700440526008606
908,3,164,0.9225580096244812
909,3,165,1.0193121433258057
910,3,166,0.9443680047988892
911,3,167,0.850037693977356
912,3,168,0.8629434704780579
913,3,169,0.9601901173591614
914,3,170,0.9957613945007324
915,3,171,0.9435014724731445
916,3,172,0.8681745529174805
917,3,173,0.8780363202095032
918,3,174,0.9377018213272095
919,3,175,1.049394130706787
920,3,176,0.9449822306632996
921,3,177,0.8353402018547058
922,3,178,0.8801026344299316
923,3,179,0.888251006603241
924,3,180,0.9502123594284058
925,3,181,0.9259764552116394
926,3,182,0.8442478179931641
927,3,183,0.9700304269790649
928,3,184,0.9715285301208496
929,3,185,0.9082554578781128
930,3,186,0.865611732006073
931,3,187,0.8344100117683411
932,3,188,0.9170457124710083
933,3,189,0.8518078923225403
934,3,190,0.8384450078010559
935,3,191,0.9235069155693054
936,3,192,0.9282517433166504
937,3,193,0.8508092761039734
938,3,194,0.9501411318778992
939,3,195,0.9140058755874634
940,3,196,0.9035911560058594
941,3,197,0.8766145706176758
942,3,198,0.876645565032959
943,3,199,0.9197880029678345
944,3,200,0.9124259948730469
945,3,201,0.8541154861450195
946,3,202,0.9027402997016907
947,3,203,0.857197642326355
948,3,204,0.851386547088623
949,3,205,0.8900070190429688
950,3,206,0.8349083065986633
951,3,207,0.8442772030830383
952,3,208,0.9384649395942688
953,3,209,0.913117527961731
954,3,210,0.8847967386245728
955,3,211,1.030224084854126
956,3,212,0.9502528309822083
957,3,213,0.8826427459716797
958,3,214,0.9017079472541809
959,3,215,0.8490767478942871
960,3,216,0.9124870300292969
961,3,217,0.8620327711105347
962,3,218,0.8978273272514343
963,3,219,0.8492916226387024
964,3,220,0.8442417979240417
965,3,221,0.9293974041938782
966,3,222,0.9522625207901001
967,3,223,0.8252161741256714
968,3,224,0.8392187356948853
969,3,225,0.8143647313117981
970,3,226,0.8784904479980469
971,3,227,0.9430166482925415
972,3,228,0.9433113932609558
973,3,229,0.8235648274421692
974,3,230,0.9363444447517395
975,3,231,0.8503239750862122
976,3,232,0.8984549641609192
977,3,233,0.7996928095817566
978,3,234,0.8786052465438843
979,3,235,0.8445727229118347
980,3,236,0.8002866506576538
981,3,237,0.8504980206489563
982,3,238,0.8038343191146851
983,3,239,0.9286358952522278
984,3,240,0.8276235461235046
985,3,241,0.7814165949821472
986,3,242,0.8508830070495605
987,3,243,0.8977184295654297
988,3,244,0.817846953868866
989,3,245,0.8644730448722839
990,3,246,0.9180289506912231
991,3,247,0.8113511204719543
992,3,248,0.8258479833602905
993,3,249,0.8624025583267212
994,3,250,0.9451653361320496
995,3,251,0.8644922375679016
996,3,252,0.8358191251754761
997,3,253,0.8245813250541687
998,3,254,0.8307433128356934
999,3,255,0.8861411213874817
1000,3,256,0.823694109916687
1001,3,257,0.8461259603500366
1002,3,258,0.7808762788772583
1003,3,259,0.8446251153945923
1004,3,260,0.8130262494087219
1005,3,261,0.9933488965034485
1006,3,262,0.7860005497932434
1007,3,263,0.8494524955749512
1008,3,264,0.8253674507141113
1009,3,265,0.9107695817947388
1010,3,266,0.8216429948806763
1011,3,267,0.8796243667602539
1012,3,268,0.7934385538101196
1013,3,269,0.8692072629928589
1014,3,270,0.8547019958496094
1015,3,271,0.8613173365592957
1016,3,272,0.7831552624702454
1017,3,273,0.8270767331123352
1018,3,274,0.7943941354751587
1019,3,275,0.9063056707382202
1020,3,276,0.808952808380127
1021,3,277,0.8556443452835083
1022,3,278,0.7651512026786804
1023,3,279,0.7930397391319275
1024,3,280,0.8144976496696472
1025,3,281,0.8244230151176453
1026,3,282,0.8904935121536255
1027,3,283,0.9545708894729614
1028,3,284,0.8261949419975281
1029,3,285,0.7996026277542114
1030,3,286,0.9539070129394531
1031,3,287,0.9419304728507996
1032,3,288,0.8082338571548462
1033,3,289,0.9267072677612305
1034,3,290,0.8073360323905945
1035,3,291,0.8045011758804321
1036,3,292,0.7914684414863586
1037,3,293,0.8751746416091919
1038,3,294,0.8839895129203796
1039,3,295,0.7964836359024048
1040,3,296,0.8206700086593628
1041,3,297,0.791582465171814
1042,3,298,0.8062418103218079
1043,3,299,0.9990537762641907
1044,3,300,0.8075785636901855
1045,3,301,0.8552619218826294
1046,3,302,0.8078692555427551
1047,3,303,0.8347815275192261
1048,3,304,0.8085872530937195
1049,3,305,0.916598916053772
1050,3,306,0.8445327877998352
1051,3,307,0.8575514554977417
1052,3,308,0.8493973016738892
1053,3,309,0.7422643303871155
1054,3,310,0.8056615591049194
1055,3,311,0.8755582571029663
1056,3,312,0.8126753568649292
1057,3,313,0.8026283383369446
1058,3,314,0.8235977292060852
1059,3,315,0.8277605175971985
1060,3,316,0.8876205682754517
1061,3,317,1.090399980545044
1062,3,318,0.7866500616073608
1063,3,319,0.790711522102356
1064,3,320,0.8448894619941711
1065,3,321,0.7675267457962036
1066,3,322,0.9785480499267578
1067,3,323,0.7612068057060242
1068,3,324,0.786091148853302
1069,3,325,0.8056775331497192
1070,3,326,0.8380401730537415
1071,3,327,0.7474973201751709
1072,3,328,0.8400977253913879
1073,3,329,0.9196460843086243
1074,3,330,0.904820442199707
1075,3,331,0.7577057480812073
1076,3,332,0.7933806777000427
1077,3,333,0.7394051551818848
1078,3,334,0.7392106056213379
1079,3,335,0.7509492039680481
1080,3,336,0.738031804561615
1081,3,337,0.9125410318374634
1082,3,338,0.7638456225395203
1083,3,339,0.9010833501815796
1084,3,340,0.7825728058815002
1085,3,341,0.7475844025611877
1086,3,342,0.7861858010292053
1087,3,343,0.7782935500144958
1088,3,344,0.7759771347045898
1089,3,345,0.8315998315811157
1090,3,346,0.7646815180778503
1091,3,347,0.8243523836135864
1092,3,348,0.8521879315376282
1093,3,349,0.7364867925643921
1094,3,350,0.829340934753418
1095,3,351,0.7364465594291687
1096,3,352,0.7325925230979919
1097,3,353,0.7904219031333923
1098,3,354,0.8418236970901489
1099,3,355,0.8126869201660156
1100,3,356,0.7390393018722534
1101,3,357,0.7527426481246948
1102,3,358,0.7658847570419312
1103,3,359,0.8139976263046265
1104,3,360,0.8326717615127563
1105,3,361,0.8002605438232422
1106,3,362,0.7028793096542358
1107,3,363,0.7382368445396423
1108,3,364,0.7717967629432678
1109,3,365,0.7247971296310425
1110,3,366,0.7715383768081665
1111,3,367,0.7910563945770264
1112,3,368,0.722701907157898
1113,3,369,0.7109140157699585
1114,3,370,0.7649215459823608
1115,3,371,0.785680890083313
1116,3,372,0.7035869359970093
1117,4,1,0.7011234760284424
1118,4,2,0.728810727596283
1119,4,3,0.7659977674484253
1120,4,4,0.7011748552322388
1121,4,5,0.7490556240081787
1122,4,6,0.7005220651626587
1123,4,7,0.759358286857605
1124,4,8,0.7074028253555298
1125,4,9,0.7770333290100098
1126,4,10,0.7298511266708374
1127,4,11,0.7382767200469971
1128,4,12,0.7616365551948547
1129,4,13,0.7049123048782349
1130,4,14,0.7607320547103882
1131,4,15,0.7131390571594238
1132,4,16,0.69227135181427
1133,4,17,0.8057035207748413
1134,4,18,0.7220399975776672
1135,4,19,0.7391055226325989
1136,4,20,0.8133495450019836
1137,4,21,0.713812530040741
1138,4,22,0.7073896527290344
1139,4,23,0.7271351218223572
1140,4,24,0.8393712043762207
1141,4,25,0.7070898413658142
1142,4,26,0.8316510319709778
1143,4,27,0.694710373878479
1144,4,28,0.6876406669616699
1145,4,29,0.6932054758071899
1146,4,30,0.7674235105514526
1147,4,31,0.9674871563911438
1148,4,32,0.8015385866165161
1149,4,33,0.763717532157898
1150,4,34,0.7161869406700134
1151,4,35,0.7231842279434204
1152,4,36,0.7916587591171265
1153,4,37,0.6585415601730347
1154,4,38,0.7771150469779968
1155,4,39,0.6800103783607483
1156,4,40,0.647132933139801
1157,4,41,0.7290657758712769
1158,4,42,0.7140254974365234
1159,4,43,0.7889600992202759
1160,4,44,0.7174562811851501
1161,4,45,0.7357643246650696
1162,4,46,0.7218137979507446
1163,4,47,0.7682815790176392
1164,4,48,0.6835268139839172
1165,4,49,0.707158088684082
1166,4,50,0.6804068684577942
1167,4,51,0.804991602897644
1168,4,52,0.7171629667282104
1169,4,53,0.6832890510559082
1170,4,54,0.6877828240394592
1171,4,55,0.7246319651603699
1172,4,56,0.6497241258621216
1173,4,57,0.736517608165741
1174,4,58,0.6639569997787476
1175,4,59,0.6911514401435852
1176,4,60,0.719511091709137
1177,4,61,0.7284759879112244
1178,4,62,0.6796224117279053
1179,4,63,0.7965193390846252
1180,4,64,0.744974672794342
1181,4,65,0.6631056666374207
1182,4,66,0.7148606777191162
1183,4,67,0.7800325155258179
1184,4,68,0.7825632095336914
1185,4,69,0.7118523120880127
1186,4,70,0.652545690536499
1187,4,71,0.6621580719947815
1188,4,72,0.7373696565628052
1189,4,73,0.7351457476615906
1190,4,74,0.7629809379577637
1191,4,75,0.7257753610610962
1192,4,76,0.680406391620636
1193,4,77,0.8383173942565918
1194,4,78,0.6303021311759949
1195,4,79,0.7770434021949768
1196,4,80,0.6868329048156738
1197,4,81,0.7444075345993042
1198,4,82,0.643431544303894
1199,4,83,0.659866213798523
1200,4,84,0.7713150978088379
1201,4,85,0.6959081888198853
1202,4,86,0.6411532759666443
1203,4,87,0.7152429819107056
1204,4,88,0.6451826095581055
1205,4,89,0.7098567485809326
1206,4,90,0.747986912727356
1207,4,91,0.7300909757614136
1208,4,92,0.663478672504425
1209,4,93,0.6916836500167847
1210,4,94,0.6839466094970703
1211,4,95,0.6594704389572144
1212,4,96,0.6872507333755493
1213,4,97,0.7466322183609009
1214,4,98,0.7109315991401672
1215,4,99,0.7262144088745117
1216,4,100,0.6341913938522339
1217,4,101,0.6765351891517639
1218,4,102,0.8123833537101746
1219,4,103,0.6709709167480469
1220,4,104,0.9104796648025513
1221,4,105,0.6490328907966614
1222,4,106,0.6904504895210266
1223,4,107,0.6487506628036499
1224,4,108,0.6544779539108276
1225,4,109,0.7101601362228394
1226,4,110,0.7135603427886963
1227,4,111,0.6969088912010193
1228,4,112,0.6835973858833313
1229,4,113,0.648466169834137
1230,4,114,0.6390298008918762
1231,4,115,0.7267704606056213
1232,4,116,0.698976457118988
1233,4,117,0.6591426730155945
1234,4,118,0.6888526678085327
1235,4,119,0.7044585347175598
1236,4,120,0.6760925650596619
1237,4,121,0.6659842133522034
1238,4,122,0.6631245017051697
1239,4,123,0.6555725336074829
1240,4,124,0.7609174251556396
1241,4,125,0.6511952877044678
1242,4,126,0.7452284097671509
1243,4,127,0.7314589023590088
1244,4,128,0.6771068572998047
1245,4,129,0.7601908445358276
1246,4,130,0.6170473098754883
1247,4,131,0.6950528025627136
1248,4,132,0.6717438101768494
1249,4,133,0.7336145043373108
1250,4,134,0.636924684047699
1251,4,135,0.6353150606155396
1252,4,136,0.6483680009841919
1253,4,137,0.691886842250824
1254,4,138,0.7206326127052307
1255,4,139,0.6578165888786316
1256,4,140,0.6179589033126831
1257,4,141,0.6559574604034424
1258,4,142,0.621253252029419
1259,4,143,0.7384499311447144
1260,4,144,0.6747981309890747
1261,4,145,0.6780411005020142
1262,4,146,0.6354943513870239
1263,4,147,0.6623503565788269
1264,4,148,0.6609228849411011
1265,4,149,0.6910328269004822
1266,4,150,0.7310270667076111
1267,4,151,0.7054254412651062
1268,4,152,0.8370393514633179
1269,4,153,0.6479231119155884
1270,4,154,0.6739844679832458
1271,4,155,0.6454699039459229
1272,4,156,0.6249381303787231
1273,4,157,0.6508266925811768
1274,4,158,0.6473926305770874
1275,4,159,0.765281081199646
1276,4,160,0.7580090761184692
1277,4,161,0.6113625764846802
1278,4,162,0.6124008893966675
1279,4,163,0.6510378122329712
1280,4,164,0.7339978218078613
1281,4,165,0.6327202916145325
1282,4,166,0.8082228899002075
1283,4,167,0.7199560403823853
1284,4,168,0.6264143586158752
1285,4,169,0.6240691542625427
1286,4,170,0.6404114961624146
1287,4,171,0.634060800075531
1288,4,172,0.656815230846405
1289,4,173,0.6702786087989807
1290,4,174,0.8373764753341675
1291,4,175,0.6595768928527832
1292,4,176,0.6322144865989685
1293,4,177,0.8971797227859497
1294,4,178,0.6792902946472168
1295,4,179,0.6986737251281738
1296,4,180,0.5901378989219666
1297,4,181,0.6887698769569397
1298,4,182,0.6590160131454468
1299,4,183,0.7441037893295288
1300,4,184,0.7162453532218933
1301,4,185,0.6604987382888794
1302,4,186,0.664618730545044
1303,4,187,0.5597062110900879
1304,4,188,0.6033992171287537
1305,4,189,0.6630388498306274
1306,4,190,0.6625931859016418
1307,4,191,0.6066654920578003
1308,4,192,0.6385351419448853
1309,4,193,0.6927549839019775
1310,4,194,0.6026128530502319
1311,4,195,0.6896271705627441
1312,4,196,0.6654641032218933
1313,4,197,0.6498661637306213
1314,4,198,0.6560908555984497
1315,4,199,0.6070762872695923
1316,4,200,0.6852144598960876
1317,4,201,0.6491743922233582
1318,4,202,0.5998243093490601
1319,4,203,0.7191282510757446
1320,4,204,0.5792871713638306
1321,4,205,0.6300967931747437
1322,4,206,0.5720690488815308
1323,4,207,0.6128309369087219
1324,4,208,0.64055335521698
1325,4,209,0.7068098783493042
1326,4,210,0.7130433320999146
1327,4,211,0.6200734972953796
1328,4,212,0.6010526418685913
1329,4,213,0.5686002969741821
1330,4,214,0.6064921617507935
1331,4,215,0.5799435973167419
1332,4,216,0.7059906125068665
1333,4,217,0.5957320928573608
1334,4,218,0.661166250705719
1335,4,219,0.6875259876251221
1336,4,220,0.6535770297050476
1337,4,221,0.6194108724594116
1338,4,222,0.6692595481872559
1339,4,223,0.7788849472999573
1340,4,224,0.5942878127098083
1341,4,225,0.7014123201370239
1342,4,226,0.6246728897094727
1343,4,227,0.5515142679214478
1344,4,228,0.6415733098983765
1345,4,229,0.644824206829071
1346,4,230,0.6403230428695679
1347,4,231,0.6263588666915894
1348,4,232,0.6655454039573669
1349,4,233,0.5836942195892334
1350,4,234,0.5940955877304077
1351,4,235,0.5791621208190918
1352,4,236,0.7008171081542969
1353,4,237,0.6357780694961548
1354,4,238,0.5938968658447266
1355,4,239,0.5805206298828125
1356,4,240,0.5594254732131958
1357,4,241,0.6437764763832092
1358,4,242,0.59418785572052
1359,4,243,0.5500643849372864
1360,4,244,0.6710389852523804
1361,4,245,0.6772531867027283
1362,4,246,0.6136399507522583
1363,4,247,0.6375299096107483
1364,4,248,0.7125341892242432
1365,4,249,0.6456242799758911
1366,4,250,0.6757308840751648
1367,4,251,0.5817282795906067
1368,4,252,0.6191146969795227
1369,4,253,0.5395069718360901
1370,4,254,0.5823742151260376
1371,4,255,0.954753041267395
1372,4,256,0.6010733842849731
1373,4,257,0.6035629510879517
1374,4,258,0.639537513256073
1375,4,259,0.5858928561210632
1376,4,260,0.6036393046379089
1377,4,261,0.5780097842216492
1378,4,262,0.6189782023429871
1379,4,263,0.5888422727584839
1380,4,264,0.5811212658882141
1381,4,265,0.6051040887832642
1382,4,266,0.7200338840484619
1383,4,267,0.5894008874893188
1384,4,268,0.5364338755607605
1385,4,269,0.516784131526947
1386,4,270,0.5975692868232727
1387,4,271,0.6597550511360168
1388,4,272,0.6035764217376709
1389,4,273,0.6195929646492004
1390,4,274,0.7007321119308472
1391,4,275,0.6345387697219849
1392,4,276,0.5727599263191223
1393,4,277,0.6461619138717651
1394,4,278,0.5600457787513733
1395,4,279,0.6735402941703796
1396,4,280,0.596916675567627
1397,4,281,0.6007165312767029
1398,4,282,0.610928475856781
1399,4,283,0.6262021064758301
1400,4,284,0.585329532623291
1401,4,285,0.5851823687553406
1402,4,286,0.6325070858001709
1403,4,287,0.7416346073150635
1404,4,288,0.6366593837738037
1405,4,289,0.5835854411125183
1406,4,290,0.5430391430854797
1407,4,291,0.6171435117721558
1408,4,292,0.6476559042930603
1409,4,293,0.5523303151130676
1410,4,294,0.5587364435195923
1411,4,295,0.6297837495803833
1412,4,296,0.6262685060501099
1413,4,297,0.5853873491287231
1414,4,298,0.6585653424263
1415,4,299,0.5820783972740173
1416,4,300,0.6536813378334045
1417,4,301,0.5750479698181152
1418,4,302,0.5616739988327026
1419,4,303,0.574667751789093
1420,4,304,0.8867462277412415
1421,4,305,0.6692234873771667
1422,4,306,0.5791586637496948
1423,4,307,0.6283813118934631
1424,4,308,0.5769163370132446
1425,4,309,0.5526363253593445
1426,4,310,0.6223251819610596
1427,4,311,0.5807524919509888
1428,4,312,0.5572215914726257
1429,4,313,0.6402190327644348
1430,4,314,0.6047976613044739
1431,4,315,0.5822879076004028
1432,4,316,0.6007115244865417
1433,4,317,0.6199663281440735
1434,4,318,0.5911819338798523
1435,4,319,0.5933529734611511
1436,4,320,0.5617287755012512
1437,4,321,0.581195056438446
1438,4,322,0.5963767170906067
1439,4,323,0.6915008425712585
1440,4,324,0.5975899696350098
1441,4,325,0.9157616496086121
1442,4,326,0.8227958679199219
1443,4,327,0.5586796998977661
1444,4,328,1.0236320495605469
1445,4,329,0.6085887551307678
1446,4,330,0.6036084890365601
1447,4,331,0.6894525289535522
1448,4,332,0.5924673080444336
1449,4,333,0.5497429370880127
1450,4,334,0.5101155042648315
1451,4,335,0.626120924949646
1452,4,336,0.5948053598403931
1453,4,337,0.5947888493537903
1454,4,338,0.6331073045730591
1455,4,339,0.6525691151618958
1456,4,340,0.6042683124542236
1457,4,341,0.6268487572669983
1458,4,342,0.5843874216079712
1459,4,343,0.6031924486160278
1460,4,344,0.6140322089195251
1461,4,345,0.6682319045066833
1462,4,346,0.5312328934669495
1463,4,347,0.5561234354972839
1464,4,348,0.6364139318466187
1465,4,349,0.5227068066596985
1466,4,350,0.5802708268165588
1467,4,351,0.5914756059646606
1468,4,352,0.5223353505134583
1469,4,353,0.5837265253067017
1470,4,354,0.6137793064117432
1471,4,355,0.587727963924408
1472,4,356,0.55608069896698
1473,4,357,0.6276300549507141
1474,4,358,0.5828148126602173
1475,4,359,0.5552211999893188
1476,4,360,0.54317706823349
1477,4,361,0.655197262763977
1478,4,362,0.538007378578186
1479,4,363,0.7380157709121704
1480,4,364,0.5309481024742126
1481,4,365,0.5059715509414673
1482,4,366,0.5349518060684204
1483,4,367,0.5981335639953613
1484,4,368,0.5754708051681519
1485,4,369,0.5563635230064392
1486,4,370,0.548538327217102
1487,4,371,0.659042477607727
1488,4,372,0.788592517375946
1489,5,1,0.5276869535446167
1490,5,2,0.5075230598449707
1491,5,3,0.5699087977409363
1492,5,4,0.558448076248169
1493,5,5,0.5603480339050293
1494,5,6,0.6413655281066895
1495,5,7,0.5568152070045471
1496,5,8,0.6011517643928528
1497,5,9,0.5204945802688599
1498,5,10,0.5487751364707947
1499,5,11,0.555220901966095
1500,5,12,0.6264876127243042
1501,5,13,0.6049817800521851
1502,5,14,0.5377165079116821
1503,5,15,0.6081381440162659
1504,5,16,0.6275481581687927
1505,5,17,0.5877344012260437
1506,5,18,0.4733971953392029
1507,5,19,0.5289376974105835
1508,5,20,0.6450087428092957
1509,5,21,0.5515888333320618
1510,5,22,0.5845557451248169
1511,5,23,0.4797133505344391
1512,5,24,0.675750195980072
1513,5,25,0.606232762336731
1514,5,26,0.5907694101333618
1515,5,27,0.6111921072006226
1516,5,28,0.5472406148910522
1517,5,29,0.5416449308395386
1518,5,30,0.6447216868400574
1519,5,31,0.5414485931396484
1520,5,32,0.5236226320266724
1521,5,33,0.8434380292892456
1522,5,34,0.47815102338790894
1523,5,35,0.5443804264068604
1524,5,36,0.5998334288597107
1525,5,37,0.5174261927604675
1526,5,38,0.625282883644104
1527,5,39,0.5698758363723755
1528,5,40,0.5612403154373169
1529,5,41,0.6767134070396423
1530,5,42,0.5941644906997681
1531,5,43,0.5622996091842651
1532,5,44,0.573553740978241
1533,5,45,0.516343891620636
1534,5,46,0.5925103425979614
1535,5,47,0.6222332119941711
1536,5,48,0.5222201347351074
1537,5,49,0.5729948282241821
1538,5,50,0.5518888235092163
1539,5,51,0.5495662093162537
1540,5,52,0.5404782891273499
1541,5,53,0.5388962626457214
1542,5,54,0.5628911256790161
1543,5,55,0.554336667060852
1544,5,56,0.5046547055244446
1545,5,57,0.6257246732711792
1546,5,58,0.4749578833580017
1547,5,59,0.7877530455589294
1548,5,60,0.6909196972846985
1549,5,61,0.5944111943244934
1550,5,62,0.7360596656799316
1551,5,63,0.5648921132087708
1552,5,64,0.5834857821464539
1553,5,65,0.4872581958770752
1554,5,66,0.6448438167572021
1555,5,67,0.49218541383743286
1556,5,68,0.5528832077980042
1557,5,69,0.5278518199920654
1558,5,70,0.5353922247886658
1559,5,71,0.5388327836990356
1560,5,72,0.48276734352111816
1561,5,73,0.5802947282791138
1562,5,74,0.5164541006088257
1563,5,75,0.4962003231048584
1564,5,76,0.5014466047286987
1565,5,77,0.5556004047393799
1566,5,78,0.5134627819061279
1567,5,79,0.47353020310401917
1568,5,80,0.5259581804275513
1569,5,81,0.7453151941299438
1570,5,82,0.5492643713951111
1571,5,83,0.534150242805481
1572,5,84,0.5761251449584961
1573,5,85,0.7675811648368835
1574,5,86,0.5790635347366333
1575,5,87,0.6500016450881958
1576,5,88,0.5957555174827576
1577,5,89,0.5319514274597168
1578,5,90,0.5462617874145508
1579,5,91,0.5314887762069702
1580,5,92,0.8117889165878296
1581,5,93,0.48114484548568726
1582,5,94,0.6254367828369141
1583,5,95,0.5560935735702515
1584,5,96,0.5969095826148987
1585,5,97,0.5735158324241638
1586,5,98,0.5936068296432495
1587,5,99,0.5030162334442139
1588,5,100,0.6291705369949341
1589,5,101,0.5601011514663696
1590,5,102,0.5236334204673767
1591,5,103,0.5689157247543335
1592,5,104,0.4820922911167145
1593,5,105,0.4922844469547272
1594,5,106,0.5371865034103394
1595,5,107,0.49809780716896057
1596,5,108,0.5207893252372742
1597,5,109,0.5189074873924255
1598,5,110,0.539569079875946
1599,5,111,0.5752729177474976
1600,5,112,0.47265714406967163
1601,5,113,0.49804672598838806
1602,5,114,0.5716472864151001
1603,5,115,0.49484580755233765
1604,5,116,0.5221733450889587
1605,5,117,0.5191447138786316
1606,5,118,0.6670112013816833
1607,5,119,0.5373731851577759
1608,5,120,0.4751737117767334
1609,5,121,0.599890410900116
1610,5,122,0.4651169180870056
1611,5,123,0.512405276298523
1612,5,124,0.704395055770874
1613,5,125,0.4796884059906006
1614,5,126,0.6336289644241333
1615,5,127,0.600578784942627
1616,5,128,0.5272331833839417
1617,5,129,0.47528591752052307
1618,5,130,0.4831591248512268
1619,5,131,0.5411809682846069
1620,5,132,0.48203548789024353
1621,5,133,0.5735989809036255
1622,5,134,0.5068145990371704
1623,5,135,0.5517216920852661
1624,5,136,0.6053279638290405
1625,5,137,0.5354055166244507
1626,5,138,0.5077289938926697
1627,5,139,0.46407413482666016
1628,5,140,0.5106499791145325
1629,5,141,0.4889698922634125
1630,5,142,0.47971111536026
1631,5,143,0.4804026484489441
1632,5,144,0.5210462212562561
1633,5,145,0.5924867987632751
1634,5,146,0.48924773931503296
1635,5,147,0.5085132122039795
1636,5,148,0.5071069598197937
1637,5,149,0.5567173957824707
1638,5,150,0.5293648838996887
1639,5,151,0.4448641836643219
1640,5,152,0.48975738883018494
1641,5,153,0.47719699144363403
1642,5,154,0.592633068561554
1643,5,155,0.5964533090591431
1644,5,156,0.6241464018821716
1645,5,157,0.49645358324050903
1646,5,158,0.5060051083564758
1647,5,159,0.6420435309410095
1648,5,160,0.49272704124450684
1649,5,161,0.5603735446929932
1650,5,162,0.5533965229988098
1651,5,163,0.4995444715023041
1652,5,164,0.5084444284439087
1653,5,165,0.5211905837059021
1654,5,166,0.4933377206325531
1655,5,167,0.485025554895401
1656,5,168,0.4628201127052307
1657,5,169,0.5113620758056641
1658,5,170,0.8782540559768677
1659,5,171,0.5195099115371704
1660,5,172,0.532729983329773
1661,5,173,0.5343396663665771
1662,5,174,0.46347278356552124
1663,5,175,0.5322273373603821
1664,5,176,0.5478430986404419
1665,5,177,0.5412489175796509
1666,5,178,0.5580790638923645
1667,5,179,0.5688095092773438
1668,5,180,0.543289065361023
1669,5,181,0.5858226418495178
1670,5,182,0.5079721212387085
1671,5,183,0.5062111020088196
1672,5,184,0.5141314268112183
1673,5,185,0.4836248755455017
1674,5,186,0.4337271749973297
1675,5,187,0.5211151242256165
1676,5,188,0.4718526303768158
1677,5,189,0.49052104353904724
1678,5,190,0.5145440697669983
1679,5,191,0.45538172125816345
1680,5,192,0.5462801456451416
1681,5,193,0.4994543194770813
1682,5,194,0.42325538396835327
1683,5,195,0.4601813852787018
1684,5,196,0.5156376957893372
1685,5,197,0.669629693031311
1686,5,198,0.451038658618927
1687,5,199,0.43269890546798706
1688,5,200,0.5664101839065552
1689,5,201,0.5092950463294983
1690,5,202,0.5122281908988953
1691,5,203,0.8494508862495422
1692,5,204,0.5750459432601929
1693,5,205,0.5053138732910156
1694,5,206,0.4931068420410156
1695,5,207,0.492792546749115
1696,5,208,0.49513253569602966
1697,5,209,0.5117489099502563
1698,5,210,0.4522145688533783
1699,5,211,0.5418707132339478
1700,5,212,0.5430917143821716
1701,5,213,0.4768506586551666
1702,5,214,0.4674263000488281
1703,5,215,0.47405654191970825
1704,5,216,0.4602587819099426
1705,5,217,0.42907553911209106
1706,5,218,0.5269501805305481
1707,5,219,0.528307318687439
1708,5,220,0.5057551860809326
1709,5,221,0.4598213732242584
1710,5,222,0.4726235270500183
1711,5,223,0.5891866683959961
1712,5,224,0.5479710102081299
1713,5,225,0.44157713651657104
1714,5,226,0.4421820640563965
1715,5,227,0.4868146777153015
1716,5,228,0.5080153346061707
1717,5,229,0.47433656454086304
1718,5,230,0.4975435137748718
1719,5,231,0.6290430426597595
1720,5,232,0.5707396864891052
1721,5,233,0.4707779884338379
1722,5,234,0.5221456289291382
1723,5,235,0.46244192123413086
1724,5,236,0.4361726641654968
1725,5,237,0.5161706805229187
1726,5,238,0.5237638354301453
1727,5,239,0.5147271752357483
1728,5,240,0.47726210951805115
1729,5,241,0.41479864716529846
1730,5,242,0.5066714286804199
1731,5,243,0.47593098878860474
1732,5,244,0.4507828652858734
1733,5,245,0.5359383821487427
1734,5,246,0.6424235701560974
1735,5,247,0.46456271409988403
1736,5,248,0.4890286922454834
1737,5,249,0.4324358403682709
1738,5,250,0.7025775909423828
1739,5,251,0.525814414024353
1740,5,252,0.481961727142334
1741,5,253,0.4692191183567047
1742,5,254,0.48642581701278687
1743,5,255,0.4823155403137207
1744,5,256,0.5090030431747437
1745,5,257,0.5726660490036011
1746,5,258,0.5076695680618286
1747,5,259,0.5566204786300659
1748,5,260,0.5231391191482544
1749,5,261,0.4261474013328552
1750,5,262,0.4416583478450775
1751,5,263,0.4944302439689636
1752,5,264,0.43820634484291077
1753,5,265,0.534349799156189
1754,5,266,0.47581273317337036
1755,5,267,0.4550270438194275
1756,5,268,0.42941656708717346
1757,5,269,0.7537691593170166
1758,5,270,0.5215724110603333
1759,5,271,0.509766697883606
1760,5,272,0.47918176651000977
1761,5,273,0.43922704458236694
1762,5,274,0.4938217103481293
1763,5,275,0.4781377911567688
1764,5,276,0.5616267323493958
1765,5,277,0.4801968038082123
1766,5,278,0.5433705449104309
1767,5,279,0.46515336632728577
1768,5,280,0.6982580423355103
1769,5,281,0.48295968770980835
1770,5,282,0.47938165068626404
1771,5,283,0.476604163646698
1772,5,284,0.47887712717056274
1773,5,285,0.4595481753349304
1774,5,286,0.49187740683555603
1775,5,287,0.5263020396232605
1776,5,288,0.5025458335876465
1777,5,289,0.40985924005508423
1778,5,290,0.4953261911869049
1779,5,291,0.4760424494743347
1780,5,292,0.539154052734375
1781,5,293,0.47892603278160095
1782,5,294,0.5752400159835815
1783,5,295,0.45646652579307556
1784,5,296,0.7124359607696533
1785,5,297,0.5037184953689575
1786,5,298,0.479985773563385
1787,5,299,0.4309960901737213
1788,5,300,0.5115875005722046
1789,5,301,0.4944709241390228
1790,5,302,0.47826138138771057
1791,5,303,0.47468703985214233
1792,5,304,0.4853495657444
1793,5,305,0.4876498281955719
1794,5,306,0.4527323246002197
1795,5,307,0.4765763282775879
1796,5,308,0.4524002969264984
1797,5,309,0.45234817266464233
1798,5,310,0.4753672480583191
1799,5,311,0.4959166944026947
1800,5,312,0.4600980877876282
1801,5,313,0.5881312489509583
1802,5,314,0.5059878826141357
1803,5,315,0.5083898305892944
1804,5,316,0.47851991653442383
1805,5,317,0.4933083951473236
1806,5,318,0.47206854820251465
1807,5,319,0.5790770053863525
1808,5,320,0.5034703612327576
1809,5,321,0.5053591728210449
1810,5,322,0.46894168853759766
1811,5,323,0.5381814241409302
1812,5,324,0.4473174214363098
1813,5,325,0.4405294954776764
1814,5,326,0.4582272171974182
1815,5,327,0.46712303161621094
1816,5,328,0.44567927718162537
1817,5,329,0.46485471725463867
1818,5,330,0.44374388456344604
1819,5,331,0.495939165353775
1820,5,332,0.503494143486023
1821,5,333,0.47681283950805664
1822,5,334,0.4452173113822937
1823,5,335,0.46466922760009766
1824,5,336,0.4760461747646332
1825,5,337,0.4482121467590332
1826,5,338,0.5717057585716248
1827,5,339,0.37727051973342896
1828,5,340,0.45339569449424744
1829,5,341,0.42937764525413513
1830,5,342,0.4853060245513916
1831,5,343,0.36714693903923035
1832,5,344,0.4312778115272522
1833,5,345,0.43173331022262573
1834,5,346,0.44620150327682495
1835,5,347,0.42515796422958374
1836,5,348,0.46331533789634705
1837,5,349,0.45340481400489807
1838,5,350,0.4911832809448242
1839,5,351,0.4726010859012604
1840,5,352,0.596831202507019
1841,5,353,0.4215608239173889
1842,5,354,0.6027098894119263
1843,5,355,0.4623951017856598
1844,5,356,0.8364017605781555
1845,5,357,0.4496491849422455
1846,5,358,0.45558372139930725
1847,5,359,0.37642040848731995
1848,5,360,0.4418807029724121
1849,5,361,0.5148675441741943
1850,5,362,0.42931485176086426
1851,5,363,0.5853681564331055
1852,5,364,0.4284377694129944
1853,5,365,0.3996831476688385
1854,5,366,0.4505356252193451
1855,5,367,0.4006715714931488
1856,5,368,0.4552694261074066
1857,5,369,0.4937339425086975
1858,5,370,0.45443326234817505
1859,5,371,0.5111747980117798
1860,5,372,0.47503232955932617
1861,6,1,0.5141478776931763
1862,6,2,0.44375067949295044
1863,6,3,0.44925808906555176
1864,6,4,0.5373595952987671
1865,6,5,0.48258885741233826
1866,6,6,0.4779661297798157
1867,6,7,0.43943849205970764
1868,6,8,0.404691606760025
1869,6,9,0.48718079924583435
1870,6,10,0.4940394461154938
1871,6,11,0.400307834148407
1872,6,12,0.530853271484375
1873,6,13,0.42872539162635803
1874,6,14,0.45093217492103577
1875,6,15,0.439927875995636
1876,6,16,0.49574795365333557
1877,6,17,0.46453985571861267
1878,6,18,0.4605157971382141
1879,6,19,0.4303085207939148
1880,6,20,0.38626429438591003
1881,6,21,0.4152895510196686
1882,6,22,0.4828662872314453
1883,6,23,0.466275691986084
1884,6,24,0.501283586025238
1885,6,25,0.45227503776550293
1886,6,26,0.4427400231361389
1887,6,27,0.4300897717475891
1888,6,28,0.37798890471458435
1889,6,29,0.5842921137809753
1890,6,30,0.4104927182197571
1891,6,31,0.41072025895118713
1892,6,32,0.3991817533969879
1893,6,33,0.4852619767189026
1894,6,34,0.46624964475631714
1895,6,35,0.4525366425514221
1896,6,36,0.36026403307914734
1897,6,37,0.43996843695640564
1898,6,38,0.44628334045410156
1899,6,39,0.4436565339565277
1900,6,40,0.4783148765563965
1901,6,41,0.8917206525802612
1902,6,42,0.4202510416507721
1903,6,43,0.4067469537258148
1904,6,44,0.7125520706176758
1905,6,45,0.43060430884361267
1906,6,46,0.41544175148010254
1907,6,47,0.43076688051223755
1908,6,48,0.4049530029296875
1909,6,49,0.4270645081996918
1910,6,50,0.440504252910614
1911,6,51,0.45114001631736755
1912,6,52,0.38698703050613403
1913,6,53,0.46103817224502563
1914,6,54,0.4784504473209381
1915,6,55,0.3732697367668152
1916,6,56,0.47591954469680786
1917,6,57,0.37075018882751465
1918,6,58,0.48838043212890625
1919,6,59,0.5700152516365051
1920,6,60,0.40009433031082153
1921,6,61,0.4497881829738617
1922,6,62,0.4079630374908447
1923,6,63,0.3858623206615448
1924,6,64,0.4362085461616516
1925,6,65,0.42819109559059143
1926,6,66,0.46476268768310547
1927,6,67,0.48003506660461426
1928,6,68,0.477485328912735
1929,6,69,0.43302401900291443
1930,6,70,0.584438681602478
1931,6,71,0.47800150513648987
1932,6,72,0.41474923491477966
1933,6,73,0.3716302812099457
1934,6,74,0.3951159417629242
1935,6,75,0.4554164409637451
1936,6,76,0.47296637296676636
1937,6,77,0.3819810748100281
1938,6,78,0.448108434677124
1939,6,79,0.4284440875053406
1940,6,80,0.41001206636428833
1941,6,81,0.40643009543418884
1942,6,82,0.47123050689697266
1943,6,83,0.5112576484680176
1944,6,84,0.46392980217933655
1945,6,85,0.5144050121307373
1946,6,86,0.4778958261013031
1947,6,87,0.4619995057582855
1948,6,88,0.4360014498233795
1949,6,89,0.46780481934547424
1950,6,90,0.3789263963699341
1951,6,91,0.4947735667228699
1952,6,92,0.494500070810318
1953,6,93,0.3824405074119568
1954,6,94,0.4019504487514496
1955,6,95,0.4036988317966461
1956,6,96,0.36503130197525024
1957,6,97,0.4267119765281677
1958,6,98,0.3655063211917877
1959,6,99,0.3614197373390198
1960,6,100,0.3762933313846588
1961,6,101,0.3983215391635895
1962,6,102,0.3390045762062073
1963,6,103,0.3995792269706726
1964,6,104,0.4828740656375885
1965,6,105,0.3968829810619354
1966,6,106,0.4165612757205963
1967,6,107,0.5148908495903015
1968,6,108,0.39396291971206665
1969,6,109,0.4597097933292389
1970,6,110,0.7247369885444641
1971,6,111,0.3817346692085266
1972,6,112,0.5334151387214661
1973,6,113,0.3575209081172943
1974,6,114,0.41274476051330566
1975,6,115,0.41756153106689453
1976,6,116,0.4422758221626282
1977,6,117,0.42512208223342896
1978,6,118,0.5504041910171509
1979,6,119,0.41738325357437134
1980,6,120,0.42770451307296753
1981,6,121,0.3875470757484436
1982,6,122,0.42252588272094727
1983,6,123,0.4139736592769623
1984,6,124,0.3877744674682617
1985,6,125,0.3977638781070709
1986,6,126,0.3795148730278015
1987,6,127,0.4350565969944
1988,6,128,0.36613792181015015
1989,6,129,0.38850870728492737
1990,6,130,0.5127043724060059
1991,6,131,0.44684037566185
1992,6,132,0.4413127899169922
1993,6,133,0.40700942277908325
1994,6,134,0.5287451148033142
1995,6,135,0.45617055892944336
1996,6,136,0.5153336524963379
1997,6,137,0.47411251068115234
1998,6,138,0.4820103645324707
1999,6,139,0.40808185935020447
2000,6,140,0.38542646169662476
2001,6,141,0.47948989272117615
2002,6,142,0.41689983010292053
2003,6,143,0.42654624581336975
2004,6,144,0.3943837285041809
2005,6,145,0.4699324071407318
2006,6,146,0.33800259232521057
2007,6,147,0.40443331003189087
2008,6,148,0.45565930008888245
2009,6,149,0.39566200971603394
2010,6,150,0.43492230772972107
2011,6,151,0.4693639874458313
2012,6,152,0.37636083364486694
2013,6,153,0.4853230118751526
2014,6,154,0.3929653763771057
2015,6,155,0.4168388247489929
2016,6,156,0.48308005928993225
2017,6,157,0.41623812913894653
2018,6,158,0.3853079080581665
2019,6,159,0.4375402331352234
2020,6,160,0.48146548867225647
2021,6,161,0.40008440613746643
2022,6,162,0.39432358741760254
2023,6,163,0.3824998736381531
2024,6,164,0.3539634346961975
2025,6,165,0.41041237115859985
2026,6,166,0.45097845792770386
2027,6,167,0.46613115072250366
2028,6,168,0.40892714262008667
2029,6,169,0.3536689877510071
2030,6,170,0.4569464325904846
2031,6,171,0.4966857433319092
2032,6,172,0.35576409101486206
2033,6,173,0.34655603766441345
2034,6,174,0.4341653883457184
2035,6,175,0.3975381553173065
2036,6,176,0.4432612359523773
2037,6,177,0.4294087886810303
2038,6,178,0.3629286289215088
2039,6,179,0.5122479796409607
2040,6,180,0.4259967803955078
2041,6,181,0.3943937420845032
2042,6,182,0.3588584065437317
2043,6,183,0.3721455931663513
2044,6,184,0.3514181673526764
2045,6,185,0.47233495116233826
2046,6,186,0.4172920286655426
2047,6,187,0.3802180886268616
2048,6,188,0.3635069727897644
2049,6,189,0.39822813868522644
2050,6,190,0.338772714138031
2051,6,191,0.3832698464393616
2052,6,192,0.6468442678451538
2053,6,193,0.4343991279602051
2054,6,194,0.3437049984931946
2055,6,195,0.6001867055892944
2056,6,196,0.4024280607700348
2057,6,197,0.3586105704307556
2058,6,198,0.38446053862571716
2059,6,199,0.39884644746780396
2060,6,200,0.4071759283542633
2061,6,201,0.4002050459384918
2062,6,202,0.37368160486221313
2063,6,203,0.6816614866256714
2064,6,204,0.35899898409843445
2065,6,205,0.3544330298900604
2066,6,206,0.3556421995162964
2067,6,207,0.369284451007843
2068,6,208,0.4288545250892639
2069,6,209,0.4349249005317688
2070,6,210,0.44749897718429565
2071,6,211,0.4124089777469635
2072,6,212,0.39868563413619995
2073,6,213,0.48453816771507263
2074,6,214,0.46711573004722595
2075,6,215,0.4376930296421051
2076,6,216,0.37750911712646484
2077,6,217,0.45327916741371155
2078,6,218,0.36108842492103577
2079,6,219,0.4522934854030609
2080,6,220,0.4784652590751648
2081,6,221,0.6877293586730957
2082,6,222,0.34288597106933594
2083,6,223,0.3925575315952301
2084,6,224,0.3962765634059906
2085,6,225,0.359943687915802
2086,6,226,0.6597527861595154
2087,6,227,0.48035287857055664
2088,6,228,0.45046383142471313
2089,6,229,0.5596425533294678
2090,6,230,0.37415793538093567
2091,6,231,0.4384220540523529
2092,6,232,0.41216808557510376
2093,6,233,0.4089903235435486
2094,6,234,0.3627077043056488
2095,6,235,0.4046407639980316
2096,6,236,0.4549839496612549
2097,6,237,0.3724379539489746
2098,6,238,0.42995285987854004
2099,6,239,0.4263032376766205
2100,6,240,0.34107884764671326
2101,6,241,0.41524046659469604
2102,6,242,0.40409722924232483
2103,6,243,0.4027911126613617
2104,6,244,0.6121764183044434
2105,6,245,0.4210340082645416
2106,6,246,0.3931195139884949
2107,6,247,0.4192296862602234
2108,6,248,0.4299263060092926
2109,6,249,0.5033835172653198
2110,6,250,0.6531751155853271
2111,6,251,0.4726838171482086
2112,6,252,0.40780559182167053
2113,6,253,0.4357713758945465
2114,6,254,0.43107137084007263
2115,6,255,0.44256362318992615
2116,6,256,0.42206496000289917
2117,6,257,0.4420897960662842
2118,6,258,0.3825157582759857
2119,6,259,0.45174726843833923
2120,6,260,0.43124762177467346
2121,6,261,0.3825373351573944
2122,6,262,0.38227516412734985
2123,6,263,0.35639238357543945
2124,6,264,0.42393383383750916
2125,6,265,0.3546847701072693
2126,6,266,0.36557984352111816
2127,6,267,0.41412702202796936
2128,6,268,0.36591410636901855
2129,6,269,0.3889537453651428
2130,6,270,0.3841567635536194
2131,6,271,0.4194656312465668
2132,6,272,0.3937475085258484
2133,6,273,0.486790269613266
2134,6,274,0.33141323924064636
2135,6,275,0.37997937202453613
2136,6,276,0.47628054022789
2137,6,277,0.35397204756736755
2138,6,278,0.3561135530471802
2139,6,279,0.49267110228538513
2140,6,280,0.41601938009262085
2141,6,281,0.3676016330718994
2142,6,282,0.378409743309021
2143,6,283,0.39191949367523193
2144,6,284,0.434668630361557
2145,6,285,0.38587290048599243
2146,6,286,0.47875332832336426
2147,6,287,0.3601290285587311
2148,6,288,0.4068075120449066
2149,6,289,0.39366522431373596
2150,6,290,0.3449581265449524
2151,6,291,0.34080934524536133
2152,6,292,0.3328017294406891
2153,6,293,0.3901355564594269
2154,6,294,0.3884534537792206
2155,6,295,0.464146226644516
2156,6,296,0.37835368514060974
2157,6,297,0.4180324971675873
2158,6,298,0.4812399744987488
2159,6,299,0.4165024757385254
2160,6,300,0.4580470025539398
2161,6,301,0.3774169683456421
2162,6,302,0.38354092836380005
2163,6,303,0.42623257637023926
2164,6,304,0.40232187509536743
2165,6,305,0.371856153011322
2166,6,306,0.39548319578170776
2167,6,307,0.3544204831123352
2168,6,308,0.41341108083724976
2169,6,309,0.4130200743675232
2170,6,310,0.37901076674461365
2171,6,311,0.4342024326324463
2172,6,312,0.4568760395050049
2173,6,313,0.3357384204864502
2174,6,314,0.4067109525203705
2175,6,315,0.37026476860046387
2176,6,316,0.3597942292690277
2177,6,317,0.3887999653816223
2178,6,318,0.33443835377693176
2179,6,319,0.48210859298706055
2180,6,320,0.32742518186569214
2181,6,321,0.39626821875572205
2182,6,322,0.33573275804519653
2183,6,323,0.3673485517501831
2184,6,324,0.3456806540489197
2185,6,325,0.41099271178245544
2186,6,326,0.3586312234401703
2187,6,327,0.44198718667030334
2188,6,328,0.3936972916126251
2189,6,329,0.40440472960472107
2190,6,330,0.41926389932632446
2191,6,331,0.3358461856842041
2192,6,332,0.4826623499393463
2193,6,333,0.37013953924179077
2194,6,334,0.3800516724586487
2195,6,335,0.40614452958106995
2196,6,336,0.4484560489654541
2197,6,337,0.462251752614975
2198,6,338,0.4278023838996887
2199,6,339,0.3328664004802704
2200,6,340,0.33288413286209106
2201,6,341,0.45123276114463806
2202,6,342,0.3849957585334778
2203,6,343,0.3358873724937439
2204,6,344,0.41362935304641724
2205,6,345,0.31656861305236816
2206,6,346,0.33327725529670715
2207,6,347,0.38323527574539185
2208,6,348,0.42961350083351135
2209,6,349,0.37965720891952515
2210,6,350,0.3825151324272156
2211,6,351,0.36114877462387085
2212,6,352,0.39199405908584595
2213,6,353,0.37698277831077576
2214,6,354,0.315029501914978
2215,6,355,0.3727248013019562
2216,6,356,0.3575820028781891
2217,6,357,0.38804155588150024
2218,6,358,0.6182135343551636
2219,6,359,0.3301315903663635
2220,6,360,0.38232284784317017
2221,6,361,0.39163854718208313
2222,6,362,0.4465402066707611
2223,6,363,0.31333011388778687
2224,6,364,0.3898317813873291
2225,6,365,0.4164160192012787
2226,6,366,0.35004767775535583
2227,6,367,0.3605874180793762
2228,6,368,0.31073442101478577
2229,6,369,0.35289448499679565
2230,6,370,0.34075742959976196
2231,6,371,0.4175625443458557
2232,6,372,0.7468670606613159
2233,7,1,0.4671485424041748
2234,7,2,0.40044569969177246
2235,7,3,0.3594307005405426
2236,7,4,0.4105960428714752
2237,7,5,0.3458222448825836
2238,7,6,0.48519620299339294
2239,7,7,0.34102797508239746
2240,7,8,0.37044888734817505
2241,7,9,0.37928009033203125
2242,7,10,0.35425230860710144
2243,7,11,0.34679460525512695
2244,7,12,0.32645219564437866
2245,7,13,0.3380117416381836
2246,7,14,0.3711237907409668
2247,7,15,0.4849127233028412
2248,7,16,0.37635159492492676
2249,7,17,0.40892982482910156
2250,7,18,0.4840250015258789
2251,7,19,0.4026157259941101
2252,7,20,0.38407447934150696
2253,7,21,0.31237953901290894
2254,7,22,0.34946921467781067
2255,7,23,0.4421135485172272
2256,7,24,0.33302631974220276
2257,7,25,0.418262243270874
2258,7,26,0.34133732318878174
2259,7,27,0.40464067459106445
2260,7,28,0.3289097845554352
2261,7,29,0.322757750749588
2262,7,30,0.34586259722709656
2263,7,31,0.32875901460647583
2264,7,32,0.35827386379241943
2265,7,33,0.34712761640548706
2266,7,34,0.3678357005119324
2267,7,35,0.40086230635643005
2268,7,36,0.37020057439804077
2269,7,37,0.387334406375885
2270,7,38,0.37230807542800903
2271,7,39,0.3753814697265625
2272,7,40,0.3754691481590271
2273,7,41,0.4584178924560547
2274,7,42,0.3069482445716858
2275,7,43,0.36517655849456787
2276,7,44,0.39274072647094727
2277,7,45,0.3942530155181885
2278,7,46,0.42320647835731506
2279,7,47,0.35851600766181946
2280,7,48,0.30329933762550354
2281,7,49,0.3432275652885437
2282,7,50,0.3595021963119507
2283,7,51,0.35000982880592346
2284,7,52,0.4083092212677002
2285,7,53,0.3213447332382202
2286,7,54,0.347334086894989
2287,7,55,0.31398630142211914
2288,7,56,0.33661118149757385
2289,7,57,0.4294265806674957
2290,7,58,0.4035604000091553
2291,7,59,0.311269074678421
2292,7,60,0.5392123460769653
2293,7,61,0.31218641996383667
2294,7,62,0.3990927040576935
2295,7,63,0.3502020537853241
2296,7,64,0.3481530249118805
2297,7,65,0.38045766949653625
2298,7,66,0.325184166431427
2299,7,67,0.3822135627269745
2300,7,68,0.3817692697048187
2301,7,69,0.33629459142684937
2302,7,70,0.32759687304496765
2303,7,71,0.38893184065818787
2304,7,72,0.2986186146736145
2305,7,73,0.4369111955165863
2306,7,74,0.3183683156967163
2307,7,75,0.3434157371520996
2308,7,76,0.3285647928714752
2309,7,77,0.36787933111190796
2310,7,78,0.31000590324401855
2311,7,79,0.37178337574005127
2312,7,80,0.3118613064289093
2313,7,81,0.3484165072441101
2314,7,82,0.38748854398727417
2315,7,83,0.3755708336830139
2316,7,84,0.30472829937934875
2317,7,85,0.370209276676178
2318,7,86,0.3031015992164612
2319,7,87,0.35859543085098267
2320,7,88,0.3200069069862366
2321,7,89,0.34879636764526367
2322,7,90,0.3777024745941162
2323,7,91,0.3251587152481079
2324,7,92,0.35500770807266235
2325,7,93,0.3517865538597107
2326,7,94,0.38437333703041077
2327,7,95,0.361990749835968
2328,7,96,0.38381582498550415
2329,7,97,0.5754881501197815
2330,7,98,0.35347601771354675
2331,7,99,0.31793326139450073
2332,7,100,0.3915788531303406
2333,7,101,0.3135696351528168
2334,7,102,0.3248319625854492
2335,7,103,0.3465442359447479
2336,7,104,0.3364467918872833
2337,7,105,0.43789416551589966
2338,7,106,0.3530258238315582
2339,7,107,0.4247327744960785
2340,7,108,0.35295507311820984
2341,7,109,0.3599157929420471
2342,7,110,0.36889731884002686
2343,7,111,0.3154582381248474
2344,7,112,0.31056681275367737
2345,7,113,0.3066350817680359
2346,7,114,0.3100382685661316
2347,7,115,0.3153725564479828
2348,7,116,0.37179672718048096
2349,7,117,0.4285319447517395
2350,7,118,0.34769517183303833
2351,7,119,0.35087478160858154
2352,7,120,0.30022695660591125
2353,7,121,0.6115657687187195
2354,7,122,0.3312564194202423
2355,7,123,0.34464576840400696
2356,7,124,0.37999603152275085
2357,7,125,0.3422846794128418
2358,7,126,0.29456794261932373
2359,7,127,0.35697707533836365
2360,7,128,0.44667086005210876
2361,7,129,0.47666439414024353
2362,7,130,0.4080560803413391
2363,7,131,0.4142153263092041
2364,7,132,0.32170790433883667
2365,7,133,0.4238492548465729
2366,7,134,0.33796781301498413
2367,7,135,0.3319513201713562
2368,7,136,0.38561418652534485
2369,7,137,0.3330225348472595
2370,7,138,0.36391645669937134
2371,7,139,0.2897182106971741
2372,7,140,0.37911373376846313
2373,7,141,0.31511396169662476
2374,7,142,0.34943103790283203
2375,7,143,0.3591645359992981
2376,7,144,0.3478807806968689
2377,7,145,0.36759528517723083
2378,7,146,0.315826416015625
2379,7,147,0.3106673061847687
2380,7,148,0.39027389883995056
2381,7,149,0.33916956186294556
2382,7,150,0.3192850947380066
2383,7,151,0.369601845741272
2384,7,152,0.3691890835762024
2385,7,153,0.3584199845790863
2386,7,154,0.511675238609314
2387,7,155,0.33347079157829285
2388,7,156,0.43973445892333984
2389,7,157,0.32613223791122437
2390,7,158,0.4064769148826599
2391,7,159,0.3149417042732239
2392,7,160,0.33604326844215393
2393,7,161,0.3801644444465637
2394,7,162,0.32251325249671936
2395,7,163,0.33128494024276733
2396,7,164,0.3744147717952728
2397,7,165,0.32042351365089417
2398,7,166,0.32561713457107544
2399,7,167,0.31487971544265747
2400,7,168,0.3393382430076599
2401,7,169,0.43951550126075745
2402,7,170,0.3022320568561554
2403,7,171,0.3561874330043793
2404,7,172,0.31928274035453796
2405,7,173,0.3916250169277191
2406,7,174,0.3557458221912384
2407,7,175,0.3403409421443939
2408,7,176,0.33928388357162476
2409,7,177,0.3381730616092682
2410,7,178,0.3379029333591461
2411,7,179,0.3140549063682556
2412,7,180,0.3848538398742676
2413,7,181,0.3640458583831787
2414,7,182,0.3131464719772339
2415,7,183,0.35033026337623596
2416,7,184,0.33178266882896423
2417,7,185,0.40783634781837463
2418,7,186,0.33175304532051086
2419,7,187,0.38231804966926575
2420,7,188,0.3440599739551544
2421,7,189,0.35545676946640015
2422,7,190,0.2705041170120239
2423,7,191,0.48840227723121643
2424,7,192,0.3024827241897583
2425,7,193,0.3103754222393036
2426,7,194,0.5988891124725342
2427,7,195,0.31988945603370667
2428,7,196,0.3176306188106537
2429,7,197,0.2793884873390198
2430,7,198,0.35012194514274597
2431,7,199,0.337848961353302
2432,7,200,0.38147005438804626
2433,7,201,0.3264547288417816
2434,7,202,0.2992178201675415
2435,7,203,0.3486105799674988
2436,7,204,0.3491556644439697
2437,7,205,0.3073135018348694
2438,7,206,0.40276163816452026
2439,7,207,0.2835848927497864
2440,7,208,0.38476115465164185
2441,7,209,0.38661831617355347
2442,7,210,0.2964138388633728
2443,7,211,0.3730154037475586
2444,7,212,0.33736008405685425
2445,7,213,0.3216443955898285
2446,7,214,0.306328684091568
2447,7,215,0.29614129662513733
2448,7,216,0.3138655126094818
2449,7,217,0.2969210743904114
2450,7,218,0.30252963304519653
2451,7,219,0.31631606817245483
2452,7,220,0.40112289786338806
2453,7,221,0.3580191135406494
2454,7,222,0.40388423204421997
2455,7,223,0.6598036289215088
2456,7,224,0.2846974730491638
2457,7,225,0.34663137793540955
2458,7,226,0.3556588590145111
2459,7,227,0.44715815782546997
2460,7,228,0.3713808059692383
2461,7,229,0.33298638463020325
2462,7,230,0.3619888722896576
2463,7,231,0.29032960534095764
2464,7,232,0.6036719083786011
2465,7,233,0.3129414916038513
2466,7,234,0.3830002248287201
2467,7,235,0.3742438852787018
2468,7,236,0.29539451003074646
2469,7,237,0.36957964301109314
2470,7,238,0.3412392735481262
2471,7,239,0.4227079749107361
2472,7,240,0.34641414880752563
2473,7,241,0.6333320736885071
2474,7,242,0.3390505015850067
2475,7,243,0.3132708966732025
2476,7,244,0.3906781077384949
2477,7,245,0.31538552045822144
2478,7,246,0.34965676069259644
2479,7,247,0.3498382568359375
2480,7,248,0.3453570306301117
2481,7,249,0.3391752243041992
2482,7,250,0.3467371463775635
2483,7,251,0.28602713346481323
2484,7,252,0.37169745564460754
2485,7,253,0.34387558698654175
2486,7,254,0.30481618642807007
2487,7,255,0.349202036857605
2488,7,256,0.29650336503982544
2489,7,257,0.37957826256752014
2490,7,258,0.30816227197647095
2491,7,259,0.3462958335876465
2492,7,260,0.3206494450569153
2493,7,261,0.38946086168289185
2494,7,262,0.30850523710250854
2495,7,263,0.3856787085533142
2496,7,264,0.3273160457611084
2497,7,265,0.3015478253364563
2498,7,266,0.27490872144699097
2499,7,267,0.39552202820777893
2500,7,268,0.40071162581443787
2501,7,269,0.3498416841030121
2502,7,270,0.2924414873123169
2503,7,271,0.29828786849975586
2504,7,272,0.3896810710430145
2505,7,273,0.28128352761268616
2506,7,274,0.3876895010471344
2507,7,275,0.3134022057056427
2508,7,276,0.3332928419113159
2509,7,277,0.4315924644470215
2510,7,278,0.34081581234931946
2511,7,279,0.26297321915626526
2512,7,280,0.358379065990448
2513,7,281,0.2963467538356781
2514,7,282,0.3563261032104492
2515,7,283,0.3358788788318634
2516,7,284,0.3671400249004364
2517,7,285,0.34478098154067993
2518,7,286,0.3499576151371002
2519,7,287,0.2932875454425812
2520,7,288,0.31445184350013733
2521,7,289,0.25966620445251465
2522,7,290,0.31646865606307983
2523,7,291,0.33237189054489136
2524,7,292,0.33826345205307007
2525,7,293,0.4020484983921051
2526,7,294,0.4404527246952057
2527,7,295,0.3680211007595062
2528,7,296,0.3424600064754486
2529,7,297,0.37275105714797974
2530,7,298,0.39423638582229614
2531,7,299,0.3222585916519165
2532,7,300,0.3448840379714966
2533,7,301,0.2975366413593292
2534,7,302,0.27263015508651733
2535,7,303,0.3020325005054474
2536,7,304,0.2741237282752991
2537,7,305,0.3209947943687439
2538,7,306,0.2991606891155243
2539,7,307,0.393868625164032
2540,7,308,0.34004104137420654
2541,7,309,0.3646884560585022
2542,7,310,0.2885279953479767
2543,7,311,0.29569461941719055
2544,7,312,0.4565686285495758
2545,7,313,0.3334513008594513
2546,7,314,0.3311518132686615
2547,7,315,0.2945863902568817
2548,7,316,0.427440881729126
2549,7,317,0.40529924631118774
2550,7,318,0.41990309953689575
2551,7,319,0.34001168608665466
2552,7,320,0.282071590423584
2553,7,321,0.24854640662670135
2554,7,322,0.3422735333442688
2555,7,323,0.3647632896900177
2556,7,324,0.39552658796310425
2557,7,325,0.35291779041290283
2558,7,326,0.40118661522865295
2559,7,327,0.40915751457214355
2560,7,328,0.32704421877861023
2561,7,329,0.2966992259025574
2562,7,330,0.3469511866569519
2563,7,331,0.30536073446273804
2564,7,332,0.5917989015579224
2565,7,333,0.44941049814224243
2566,7,334,0.39343637228012085
2567,7,335,0.36856314539909363
2568,7,336,0.2989445626735687
2569,7,337,0.4125250279903412
2570,7,338,0.3223128914833069
2571,7,339,0.3169769048690796
2572,7,340,0.3475881814956665
2573,7,341,0.29170674085617065
2574,7,342,0.4003959596157074
2575,7,343,0.3647975027561188
2576,7,344,0.3531767427921295
2577,7,345,0.3014790117740631
2578,7,346,0.3094959855079651
2579,7,347,0.4106621742248535
2580,7,348,0.32209721207618713
2581,7,349,0.4315158724784851
2582,7,350,0.36779534816741943
2583,7,351,0.3712073862552643
2584,7,352,0.3167601227760315
2585,7,353,0.34923791885375977
2586,7,354,0.2841039299964905
2587,7,355,0.35545438528060913
2588,7,356,0.3432862460613251
2589,7,357,0.3306489586830139
2590,7,358,0.6495620012283325
2591,7,359,0.32096126675605774
2592,7,360,0.6172893047332764
2593,7,361,0.3319243788719177
2594,7,362,0.3347729444503784
2595,7,363,0.306463360786438
2596,7,364,0.3295973539352417
2597,7,365,0.32366400957107544
2598,7,366,0.3950147032737732
2599,7,367,0.37414851784706116
2600,7,368,0.3595559000968933
2601,7,369,0.3360731899738312
2602,7,370,0.28592485189437866
2603,7,371,0.32237938046455383
2604,7,372,0.7151991128921509
2605,8,1,0.2933785319328308
2606,8,2,0.31413623690605164
2607,8,3,0.3594885468482971
2608,8,4,0.3709986209869385
2609,8,5,0.2562946677207947
2610,8,6,0.2592063546180725
2611,8,7,0.2574767470359802
2612,8,8,0.4741326868534088
2613,8,9,0.3106406331062317
2614,8,10,0.4795605540275574
2615,8,11,0.32458874583244324
2616,8,12,0.3450809419155121
2617,8,13,0.4972721040248871
2618,8,14,0.296567440032959
2619,8,15,0.5861079096794128
2620,8,16,0.31110554933547974
2621,8,17,0.3119351267814636
2622,8,18,0.26420608162879944
2623,8,19,0.35122746229171753
2624,8,20,0.33140677213668823
2625,8,21,0.3845672905445099
2626,8,22,0.3007534146308899
2627,8,23,0.2783362567424774
2628,8,24,0.31734275817871094
2629,8,25,0.28242388367652893
2630,8,26,0.2942279279232025
2631,8,27,0.2961256206035614
2632,8,28,0.2781614363193512
2633,8,29,0.27921178936958313
2634,8,30,0.2915649116039276
2635,8,31,0.35684579610824585
2636,8,32,0.3432053029537201
2637,8,33,0.5304999947547913
2638,8,34,0.23496857285499573
2639,8,35,0.2690306603908539
2640,8,36,0.3693261444568634
2641,8,37,0.3882339596748352
2642,8,38,0.318143367767334
2643,8,39,0.33436867594718933
2644,8,40,0.29860252141952515
2645,8,41,0.3079183101654053
2646,8,42,0.3921724259853363
2647,8,43,0.43161821365356445
2648,8,44,0.29380863904953003
2649,8,45,0.2525204122066498
2650,8,46,0.3600352704524994
2651,8,47,0.33557042479515076
2652,8,48,0.33222854137420654
2653,8,49,0.33403781056404114
2654,8,50,0.38472190499305725
2655,8,51,0.27686765789985657
2656,8,52,0.38369983434677124
2657,8,53,0.34150177240371704
2658,8,54,0.3932993710041046
2659,8,55,0.24402406811714172
2660,8,56,0.3981032371520996
2661,8,57,0.30750712752342224
2662,8,58,0.2883222699165344
2663,8,59,0.2834148406982422
2664,8,60,0.35390153527259827
2665,8,61,0.3196767568588257
2666,8,62,0.32548925280570984
2667,8,63,0.412045419216156
2668,8,64,0.34354913234710693
2669,8,65,0.35753193497657776
2670,8,66,0.3251451253890991
2671,8,67,0.324573814868927
2672,8,68,0.29702284932136536
2673,8,69,0.3169108033180237
2674,8,70,0.3078497052192688
2675,8,71,0.3432157635688782
2676,8,72,0.27726173400878906
2677,8,73,0.27870458364486694
2678,8,74,0.2727472484111786
2679,8,75,0.2766609191894531
2680,8,76,0.28955450654029846
2681,8,77,0.29675692319869995
2682,8,78,0.2769426703453064
2683,8,79,0.5748768448829651
2684,8,80,0.37167268991470337
2685,8,81,0.305306077003479
2686,8,82,0.3328092694282532
2687,8,83,0.46725159883499146
2688,8,84,0.26811930537223816
2689,8,85,0.37658244371414185
2690,8,86,0.3009120523929596
2691,8,87,0.2567968964576721
2692,8,88,0.31703993678092957
2693,8,89,0.3598219156265259
2694,8,90,0.30601805448532104
2695,8,91,0.386961966753006
2696,8,92,0.2802598178386688
2697,8,93,0.2857638895511627
2698,8,94,0.30317872762680054
2699,8,95,0.35615575313568115
2700,8,96,0.3418552875518799
2701,8,97,0.3077933192253113
2702,8,98,0.2405787706375122
2703,8,99,0.2358580380678177
2704,8,100,0.4065330922603607
2705,8,101,0.3275952935218811
2706,8,102,0.28591468930244446
2707,8,103,0.34246888756752014
2708,8,104,0.2860770523548126
2709,8,105,0.3346237540245056
2710,8,106,0.2681428790092468
2711,8,107,0.3328499495983124
2712,8,108,0.3908590078353882
2713,8,109,0.2886073589324951
2714,8,110,0.3063918948173523
2715,8,111,0.3602614998817444
2716,8,112,0.2521829903125763
2717,8,113,0.3040245473384857
2718,8,114,0.27447259426116943
2719,8,115,0.3394928574562073
2720,8,116,0.5367015600204468
2721,8,117,0.32626157999038696
2722,8,118,0.2770764231681824
2723,8,119,0.35017308592796326
2724,8,120,0.36337706446647644
2725,8,121,0.26868346333503723
2726,8,122,0.3082820475101471
2727,8,123,0.28126946091651917
2728,8,124,0.3482663929462433
2729,8,125,0.29637381434440613
2730,8,126,0.3166208863258362
2731,8,127,0.2481425255537033
2732,8,128,0.2566920816898346
2733,8,129,0.2805829346179962
2734,8,130,0.3618634045124054
2735,8,131,0.3428364396095276
2736,8,132,0.3427709937095642
2737,8,133,0.29771140217781067
2738,8,134,0.24265627562999725
2739,8,135,0.336755633354187
2740,8,136,0.36044517159461975
2741,8,137,0.31876131892204285
2742,8,138,0.2857462763786316
2743,8,139,0.2726222276687622
2744,8,140,0.41377297043800354
2745,8,141,0.2871290445327759
2746,8,142,0.2377953976392746
2747,8,143,0.33179396390914917
2748,8,144,0.29183536767959595
2749,8,145,0.38577502965927124
2750,8,146,0.3066636919975281
2751,8,147,0.2802473306655884
2752,8,148,0.3241942524909973
2753,8,149,0.33941441774368286
2754,8,150,0.28490468859672546
2755,8,151,0.27401459217071533
2756,8,152,0.30983054637908936
2757,8,153,0.35809117555618286
2758,8,154,0.23577991127967834
2759,8,155,0.2672964334487915
2760,8,156,0.35599321126937866
2761,8,157,0.23990997672080994
2762,8,158,0.2738516330718994
2763,8,159,0.25281840562820435
2764,8,160,0.35638952255249023
2765,8,161,0.345527321100235
2766,8,162,0.25801244378089905
2767,8,163,0.33579087257385254
2768,8,164,0.3684138059616089
2769,8,165,0.28630897402763367
2770,8,166,0.27821218967437744
2771,8,167,0.2780652940273285
2772,8,168,0.3596207797527313
2773,8,169,0.2555057406425476
2774,8,170,0.2685345709323883
2775,8,171,0.30117493867874146
2776,8,172,0.3811483383178711
2777,8,173,0.3161899447441101
2778,8,174,0.2813579738140106
2779,8,175,0.28392845392227173
2780,8,176,0.33198726177215576
2781,8,177,0.28393492102622986
2782,8,178,0.2570064663887024
2783,8,179,0.3190728724002838
2784,8,180,0.2967796325683594
2785,8,181,0.3695202171802521
2786,8,182,0.2531905770301819
2787,8,183,0.22328288853168488
2788,8,184,0.30296728014945984
2789,8,185,0.29122194647789
2790,8,186,0.291581928730011
2791,8,187,0.31431710720062256
2792,8,188,0.6299211978912354
2793,8,189,0.35697829723358154
2794,8,190,0.2712699770927429
2795,8,191,0.3212660253047943
2796,8,192,0.29813262820243835
2797,8,193,0.25746169686317444
2798,8,194,0.27349498867988586
2799,8,195,0.24946191906929016
2800,8,196,0.3293398916721344
2801,8,197,0.2917959988117218
2802,8,198,0.28956109285354614
2803,8,199,0.31173083186149597
2804,8,200,0.3521391451358795
2805,8,201,0.3038296103477478
2806,8,202,0.3332948684692383
2807,8,203,0.31746309995651245
2808,8,204,0.3362405002117157
2809,8,205,0.299191951751709
2810,8,206,0.2757396697998047
2811,8,207,0.6318343281745911
2812,8,208,0.28648772835731506
2813,8,209,0.3245413601398468
2814,8,210,0.29490116238594055
2815,8,211,0.30362796783447266
2816,8,212,0.2797398269176483
2817,8,213,0.340200275182724
2818,8,214,0.33750516176223755
2819,8,215,0.31207215785980225
2820,8,216,0.3285403847694397
2821,8,217,0.3029300272464752
2822,8,218,0.23990492522716522
2823,8,219,0.2790314853191376
2824,8,220,0.27792006731033325
2825,8,221,0.2602575421333313
2826,8,222,0.28280237317085266
2827,8,223,0.2665290832519531
2828,8,224,0.33552151918411255
2829,8,225,0.2898221015930176
2830,8,226,0.30177003145217896
2831,8,227,0.29840654134750366
2832,8,228,0.30773621797561646
2833,8,229,0.3128434419631958
2834,8,230,0.28944897651672363
2835,8,231,0.3507632911205292
2836,8,232,0.25419947504997253
2837,8,233,0.2776535749435425
2838,8,234,0.3783605694770813
2839,8,235,0.28859686851501465
2840,8,236,0.2696595788002014
2841,8,237,0.2977742552757263
2842,8,238,0.3113022744655609
2843,8,239,0.3359675109386444
2844,8,240,0.3072696626186371
2845,8,241,0.2759840488433838
2846,8,242,0.3609961271286011
2847,8,243,0.22390171885490417
2848,8,244,0.303629994392395
2849,8,245,0.22962288558483124
2850,8,246,0.5831626653671265
2851,8,247,0.30410605669021606
2852,8,248,0.25858038663864136
2853,8,249,0.3284658193588257
2854,8,250,0.3152325451374054
2855,8,251,0.3090432286262512
2856,8,252,0.323622465133667
2857,8,253,0.32972413301467896
2858,8,254,0.2714027166366577
2859,8,255,0.29540571570396423
2860,8,256,0.28645485639572144
2861,8,257,0.2744423747062683
2862,8,258,0.31259387731552124
2863,8,259,0.24928495287895203
2864,8,260,0.32177698612213135
2865,8,261,0.23559939861297607
2866,8,262,0.5917675495147705
2867,8,263,0.2716030478477478
2868,8,264,0.29042965173721313
2869,8,265,0.34008708596229553
2870,8,266,0.27261883020401
2871,8,267,0.2787904143333435
2872,8,268,0.29807248711586
2873,8,269,0.28830552101135254
2874,8,270,0.2759176790714264
2875,8,271,0.3083679676055908
2876,8,272,0.27970340847969055
2877,8,273,0.31804823875427246
2878,8,274,0.3237855136394501
2879,8,275,0.2508784532546997
2880,8,276,0.33033132553100586
2881,8,277,0.3265131413936615
2882,8,278,0.31760627031326294
2883,8,279,0.2401851862668991
2884,8,280,0.2709616422653198
2885,8,281,0.3224889636039734
2886,8,282,0.3090288043022156
2887,8,283,0.24336209893226624
2888,8,284,0.3036533296108246
2889,8,285,0.3493001461029053
2890,8,286,0.26279735565185547
2891,8,287,0.2654457986354828
2892,8,288,0.2831020951271057
2893,8,289,0.24632759392261505
2894,8,290,0.2647166848182678
2895,8,291,0.2854807674884796
2896,8,292,0.4063849449157715
2897,8,293,0.27993476390838623
2898,8,294,0.27426037192344666
2899,8,295,0.27820807695388794
2900,8,296,0.2990979254245758
2901,8,297,0.2850812077522278
2902,8,298,0.24897757172584534
2903,8,299,0.27788904309272766
2904,8,300,0.2543013095855713
2905,8,301,0.3470250964164734
2906,8,302,0.2707465589046478
2907,8,303,0.29346999526023865
2908,8,304,0.30174508690834045
2909,8,305,0.27699846029281616
2910,8,306,0.2718539834022522
2911,8,307,0.3079497516155243
2912,8,308,0.4017130434513092
2913,8,309,0.34458041191101074
2914,8,310,0.29275354743003845
2915,8,311,0.34828171133995056
2916,8,312,0.29982584714889526
2917,8,313,0.24223771691322327
2918,8,314,0.2809155285358429
2919,8,315,0.37002047896385193
2920,8,316,0.22780410945415497
2921,8,317,0.29144927859306335
2922,8,318,0.3374596834182739
2923,8,319,0.2800794243812561
2924,8,320,0.2888448238372803
2925,8,321,0.27155011892318726
2926,8,322,0.3092655539512634
2927,8,323,0.27312710881233215
2928,8,324,0.355589359998703
2929,8,325,0.22752878069877625
2930,8,326,0.26347869634628296
2931,8,327,0.24152715504169464
2932,8,328,0.2511906027793884
2933,8,329,0.2920494079589844
2934,8,330,0.3476143181324005
2935,8,331,0.24082918465137482
2936,8,332,0.32274916768074036
2937,8,333,0.3471115231513977
2938,8,334,0.2691415548324585
2939,8,335,0.6051173210144043
2940,8,336,0.2478572130203247
2941,8,337,0.5867432951927185
2942,8,338,0.33710235357284546
2943,8,339,0.23311622440814972
2944,8,340,0.3332294821739197
2945,8,341,0.289447158575058
2946,8,342,0.2712762951850891
2947,8,343,0.27367955446243286
2948,8,344,0.5116182565689087
2949,8,345,0.291043758392334
2950,8,346,0.2863653600215912
2951,8,347,0.299815833568573
2952,8,348,0.2618340849876404
2953,8,349,0.2622338533401489
2954,8,350,0.2645123302936554
2955,8,351,0.28341400623321533
2956,8,352,0.2572241425514221
2957,8,353,0.2748684585094452
2958,8,354,0.3545377850532532
2959,8,355,0.24299652874469757
2960,8,356,0.27547144889831543
2961,8,357,0.2608702480792999
2962,8,358,0.3004826605319977
2963,8,359,0.3155349791049957
2964,8,360,0.275024950504303
2965,8,361,0.26845282316207886
2966,8,362,0.32093602418899536
2967,8,363,0.2887428104877472
2968,8,364,0.27706268429756165
2969,8,365,0.30272072553634644
2970,8,366,0.2586556375026703
2971,8,367,0.22358372807502747
2972,8,368,0.27443188428878784
2973,8,369,0.342926025390625
2974,8,370,0.2298654019832611
2975,8,371,0.39187321066856384
2976,8,372,0.27319419384002686
2977,9,1,0.2647395730018616
2978,9,2,0.3052760064601898
2979,9,3,0.2565934360027313
2980,9,4,0.26488685607910156
2981,9,5,0.27677780389785767
2982,9,6,0.25448817014694214
2983,9,7,0.307664692401886
2984,9,8,0.3092058598995209
2985,9,9,0.29095807671546936
2986,9,10,0.2686102092266083
2987,9,11,0.33573976159095764
2988,9,12,0.3211895525455475
2989,9,13,0.2323334962129593
2990,9,14,0.30552488565444946
2991,9,15,0.2734324038028717
2992,9,16,0.35818514227867126
2993,9,17,0.2485399693250656
2994,9,18,0.2567373812198639
2995,9,19,0.24799668788909912
2996,9,20,0.244710773229599
2997,9,21,0.33287304639816284
2998,9,22,0.28294381499290466
2999,9,23,0.3085896670818329
3000,9,24,0.2553427219390869
3001,9,25,0.3379330337047577
3002,9,26,0.25110989809036255
3003,9,27,0.2544822096824646
3004,9,28,0.27654320001602173
3005,9,29,0.2881472110748291
3006,9,30,0.26402100920677185
3007,9,31,0.30671292543411255
3008,9,32,0.2873023748397827
3009,9,33,0.2824017405509949
3010,9,34,0.2527851462364197
3011,9,35,0.2642154395580292
3012,9,36,0.306347131729126
3013,9,37,0.31522947549819946
3014,9,38,0.24542541801929474
3015,9,39,0.22796335816383362
3016,9,40,0.2844626009464264
3017,9,41,0.3160243332386017
3018,9,42,0.2639853358268738
3019,9,43,0.25797706842422485
3020,9,44,0.22092100977897644
3021,9,45,0.24319174885749817
3022,9,46,0.24795038998126984
3023,9,47,0.28131309151649475
3024,9,48,0.2796177268028259
3025,9,49,0.2633163034915924
3026,9,50,0.2548174262046814
3027,9,51,0.2669631838798523
3028,9,52,0.29442793130874634
3029,9,53,0.3069015443325043
3030,9,54,0.26278942823410034
3031,9,55,0.23284359276294708
3032,9,56,0.2877222001552582
3033,9,57,0.2244294136762619
3034,9,58,0.24179498851299286
3035,9,59,0.29294049739837646
3036,9,60,0.3319619596004486
3037,9,61,0.23358945548534393
3038,9,62,0.2326851189136505
3039,9,63,0.236689954996109
3040,9,64,0.25208166241645813
3041,9,65,0.28318050503730774
3042,9,66,0.37945371866226196
3043,9,67,0.24773800373077393
3044,9,68,0.258990079164505
3045,9,69,0.2983001470565796
3046,9,70,0.2472699135541916
3047,9,71,0.21022625267505646
3048,9,72,0.24732239544391632
3049,9,73,0.24247927963733673
3050,9,74,0.2602907717227936
3051,9,75,0.2517652213573456
3052,9,76,0.2458183467388153
3053,9,77,0.2744799554347992
3054,9,78,0.24864843487739563
3055,9,79,0.30103805661201477
3056,9,80,0.2746742069721222
3057,9,81,0.26766204833984375
3058,9,82,0.32977890968322754
3059,9,83,0.21866008639335632
3060,9,84,0.2593134641647339
3061,9,85,0.30133169889450073
3062,9,86,0.21141216158866882
3063,9,87,0.2504342198371887
3064,9,88,0.3030693829059601
3065,9,89,0.24739062786102295
3066,9,90,0.27764520049095154
3067,9,91,0.28915613889694214
3068,9,92,0.2564898133277893
3069,9,93,0.29363033175468445
3070,9,94,0.3029820919036865
3071,9,95,0.34599584341049194
3072,9,96,0.3109365403652191
3073,9,97,0.3080494701862335
3074,9,98,0.2563721537590027
3075,9,99,0.22856836020946503
3076,9,100,0.24096114933490753
3077,9,101,0.27416425943374634
3078,9,102,0.2702110707759857
3079,9,103,0.24226339161396027
3080,9,104,0.2302173376083374
3081,9,105,0.293725848197937
3082,9,106,0.21225163340568542
3083,9,107,0.25669723749160767
3084,9,108,0.23375189304351807
3085,9,109,0.24342472851276398
3086,9,110,0.3446897566318512
3087,9,111,0.26177412271499634
3088,9,112,0.2687833607196808
3089,9,113,0.25178712606430054
3090,9,114,0.25728803873062134
3091,9,115,0.23941870033740997
3092,9,116,0.19860678911209106
3093,9,117,0.25714772939682007
3094,9,118,0.25126558542251587
3095,9,119,0.31366318464279175
3096,9,120,0.22614255547523499
3097,9,121,0.22705216705799103
3098,9,122,0.28398701548576355
3099,9,123,0.5792064666748047
3100,9,124,0.2782424986362457
3101,9,125,0.21420636773109436
3102,9,126,0.24410438537597656
3103,9,127,0.24773406982421875
3104,9,128,0.2545226216316223
3105,9,129,0.26738375425338745
3106,9,130,0.2635124623775482
3107,9,131,0.20633164048194885
3108,9,132,0.2787962257862091
3109,9,133,0.22604084014892578
3110,9,134,0.4096900522708893
3111,9,135,0.8465481996536255
3112,9,136,0.21437719464302063
3113,9,137,0.23558931052684784
3114,9,138,0.270233690738678
3115,9,139,0.2741686701774597
3116,9,140,0.31960350275039673
3117,9,141,0.25395938754081726
3118,9,142,0.2726641297340393
3119,9,143,0.2697352170944214
3120,9,144,0.3194671869277954
3121,9,145,0.24807493388652802
3122,9,146,0.33767521381378174
3123,9,147,0.22802512347698212
3124,9,148,0.2945994436740875
3125,9,149,0.2574928104877472
3126,9,150,0.23309287428855896
3127,9,151,0.3020489513874054
3128,9,152,0.27032285928726196
3129,9,153,0.2544786334037781
3130,9,154,0.230298712849617
3131,9,155,0.2569783329963684
3132,9,156,0.27553099393844604
3133,9,157,0.2682447135448456
3134,9,158,0.23855999112129211
3135,9,159,0.2736160457134247
3136,9,160,0.2318861484527588
3137,9,161,0.29494622349739075
3138,9,162,0.5480924844741821
3139,9,163,0.24554426968097687
3140,9,164,0.2610878348350525
3141,9,165,0.25219643115997314
3142,9,166,0.44345688819885254
3143,9,167,0.3658716082572937
3144,9,168,0.41135597229003906
3145,9,169,0.22955167293548584
3146,9,170,0.21414296329021454
3147,9,171,0.24516713619232178
3148,9,172,0.2508462965488434
3149,9,173,0.2853134572505951
3150,9,174,0.3013893961906433
3151,9,175,0.2285279929637909
3152,9,176,0.25101009011268616
3153,9,177,0.2538934350013733
3154,9,178,0.30817100405693054
3155,9,179,0.28170982003211975
3156,9,180,0.29667234420776367
3157,9,181,0.2725367248058319
3158,9,182,0.21179907023906708
3159,9,183,0.27388638257980347
3160,9,184,0.2718474268913269
3161,9,185,0.2633168697357178
3162,9,186,0.2780327796936035
3163,9,187,0.25021421909332275
3164,9,188,0.33845871686935425
3165,9,189,0.5296165943145752
3166,9,190,0.30275020003318787
3167,9,191,0.25720781087875366
3168,9,192,0.24520368874073029
3169,9,193,0.22377565503120422
3170,9,194,0.3680577576160431
3171,9,195,0.36090871691703796
3172,9,196,0.24423912167549133
3173,9,197,0.23477280139923096
3174,9,198,0.2252912074327469
3175,9,199,0.29090458154678345
3176,9,200,0.2520160377025604
3177,9,201,0.34656816720962524
3178,9,202,0.29617005586624146
3179,9,203,0.22351953387260437
3180,9,204,0.2430202066898346
3181,9,205,0.32220518589019775
3182,9,206,0.23300740122795105
3183,9,207,0.2206016480922699
3184,9,208,0.21471664309501648
3185,9,209,0.2614898085594177
3186,9,210,0.28258994221687317
3187,9,211,0.27701520919799805
3188,9,212,0.5657867789268494
3189,9,213,0.24191920459270477
3190,9,214,0.2888529896736145
3191,9,215,0.23961429297924042
3192,9,216,0.3174509108066559
3193,9,217,0.32452672719955444
3194,9,218,0.2786172330379486
3195,9,219,0.2778776288032532
3196,9,220,0.23639467358589172
3197,9,221,0.2520136535167694
3198,9,222,0.28938040137290955
3199,9,223,0.3624393939971924
3200,9,224,0.23925122618675232
3201,9,225,0.28569087386131287
3202,9,226,0.36458665132522583
3203,9,227,0.4620617926120758
3204,9,228,0.2870670258998871
3205,9,229,0.41430020332336426
3206,9,230,0.29794788360595703
3207,9,231,0.23017773032188416
3208,9,232,0.23685327172279358
3209,9,233,0.29235711693763733
3210,9,234,0.28125500679016113
3211,9,235,0.2643669545650482
3212,9,236,0.24476444721221924
3213,9,237,0.23688864707946777
3214,9,238,0.2600175738334656
3215,9,239,0.22920343279838562
3216,9,240,0.25092995166778564
3217,9,241,0.2522313892841339
3218,9,242,0.28138095140457153
3219,9,243,0.30918118357658386
3220,9,244,0.22290797531604767
3221,9,245,0.24326033890247345
3222,9,246,0.24768666923046112
3223,9,247,0.26571255922317505
3224,9,248,0.24722304940223694
3225,9,249,0.23097853362560272
3226,9,250,0.25979042053222656
3227,9,251,0.23911038041114807
3228,9,252,0.25732260942459106
3229,9,253,0.21324746310710907
3230,9,254,0.26873263716697693
3231,9,255,0.2279939353466034
3232,9,256,0.2646934390068054
3233,9,257,0.2367336004972458
3234,9,258,0.2571743130683899
3235,9,259,0.224996417760849
3236,9,260,0.25285571813583374
3237,9,261,0.2475012093782425
3238,9,262,0.24447977542877197
3239,9,263,0.23116473853588104
3240,9,264,0.4129442274570465
3241,9,265,0.28749021887779236
3242,9,266,0.2700607180595398
3243,9,267,0.28467637300491333
3244,9,268,0.25814127922058105
3245,9,269,0.23228538036346436
3246,9,270,0.23654162883758545
3247,9,271,0.2647474706172943
3248,9,272,0.25837311148643494
3249,9,273,0.30533164739608765
3250,9,274,0.3989148736000061
3251,9,275,0.279985636472702
3252,9,276,0.2792419195175171
3253,9,277,0.28177934885025024
3254,9,278,0.22132758796215057
3255,9,279,0.23367509245872498
3256,9,280,0.279241144657135
3257,9,281,0.25458383560180664
3258,9,282,0.23242215812206268
3259,9,283,0.21827614307403564
3260,9,284,0.26402831077575684
3261,9,285,0.5844281911849976
3262,9,286,0.3727273643016815
3263,9,287,0.24051058292388916
3264,9,288,0.27580690383911133
3265,9,289,0.30410677194595337
3266,9,290,0.315826952457428
3267,9,291,0.3152136206626892
3268,9,292,0.25911790132522583
3269,9,293,0.36305010318756104
3270,9,294,0.262604296207428
3271,9,295,0.2731332778930664
3272,9,296,0.30716559290885925
3273,9,297,0.22536996006965637
3274,9,298,0.23701727390289307
3275,9,299,0.2847808003425598
3276,9,300,0.2874545156955719
3277,9,301,0.2559499144554138
3278,9,302,0.23621132969856262
3279,9,303,0.25031620264053345
3280,9,304,0.2594359815120697
3281,9,305,0.365291565656662
3282,9,306,0.20465736091136932
3283,9,307,0.2667522728443146
3284,9,308,0.21439304947853088
3285,9,309,0.6630104184150696
3286,9,310,0.2555830776691437
3287,9,311,0.302983820438385
3288,9,312,0.319376140832901
3289,9,313,0.23909619450569153
3290,9,314,0.2964329123497009
3291,9,315,0.20564651489257812
3292,9,316,0.26672399044036865
3293,9,317,0.2956673204898834
3294,9,318,0.277799516916275
3295,9,319,0.23864594101905823
3296,9,320,0.31087231636047363
3297,9,321,0.27518266439437866
3298,9,322,0.23179307579994202
3299,9,323,0.2534177899360657
3300,9,324,0.28436824679374695
3301,9,325,0.2205580770969391
3302,9,326,0.22627218067646027
3303,9,327,0.19647444784641266
3304,9,328,0.22142848372459412
3305,9,329,0.2745237350463867
3306,9,330,0.2359091341495514
3307,9,331,0.2760104537010193
3308,9,332,0.2761746346950531
3309,9,333,0.26023799180984497
3310,9,334,0.3398984968662262
3311,9,335,0.2325981855392456
3312,9,336,0.19415602087974548
3313,9,337,0.23657874763011932
3314,9,338,0.3928655683994293
3315,9,339,0.27071672677993774
3316,9,340,0.2657387852668762
3317,9,341,0.22661876678466797
3318,9,342,0.3134229779243469
3319,9,343,0.24383918941020966
3320,9,344,0.27956607937812805
3321,9,345,0.23714032769203186
3322,9,346,0.59001624584198
3323,9,347,0.2959105372428894
3324,9,348,0.23896709084510803
3325,9,349,0.21347090601921082
3326,9,350,0.20662827789783478
3327,9,351,0.26993611454963684
3328,9,352,0.30055516958236694
3329,9,353,0.27435845136642456
3330,9,354,0.2723541855812073
3331,9,355,0.25613006949424744
3332,9,356,0.25706905126571655
3333,9,357,0.26660576462745667
3334,9,358,0.2646437883377075
3335,9,359,0.30906835198402405
3336,9,360,0.2565458416938782
3337,9,361,0.25210970640182495
3338,9,362,0.21258780360221863
3339,9,363,0.2812444865703583
3340,9,364,0.240159273147583
3341,9,365,0.22062723338603973
3342,9,366,0.2687526047229767
3343,9,367,0.24721257388591766
3344,9,368,0.23313990235328674
3345,9,369,0.2891891300678253
3346,9,370,0.32516229152679443
3347,9,371,0.274258017539978
3348,9,372,0.3198602497577667
3349,10,1,0.25757700204849243
3350,10,2,0.22815513610839844
3351,10,3,0.3210863471031189
3352,10,4,0.2696349024772644
3353,10,5,0.2443065345287323
3354,10,6,0.41547566652297974
3355,10,7,0.2621540129184723
3356,10,8,0.22577492892742157
3357,10,9,0.2478027045726776
3358,10,10,0.24566876888275146
3359,10,11,0.22963829338550568
3360,10,12,0.23830313980579376
3361,10,13,0.1882236748933792
3362,10,14,0.2638826370239258
3363,10,15,0.2555244565010071
3364,10,16,0.2168305218219757
3365,10,17,0.2515900135040283
3366,10,18,0.2823962867259979
3367,10,19,0.22275367379188538
3368,10,20,0.3133902847766876
3369,10,21,0.2304038554430008
3370,10,22,0.26833462715148926
3371,10,23,0.26962944865226746
3372,10,24,0.2667360305786133
3373,10,25,0.2655227780342102
3374,10,26,0.2647131085395813
3375,10,27,0.34360167384147644
3376,10,28,0.29911673069000244
3377,10,29,0.26085516810417175
3378,10,30,0.2189967930316925
3379,10,31,0.29418691992759705
3380,10,32,0.28479790687561035
3381,10,33,0.23539376258850098
3382,10,34,0.250586599111557
3383,10,35,0.26272836327552795
3384,10,36,0.22815203666687012
3385,10,37,0.22619476914405823
3386,10,38,0.2316354513168335
3387,10,39,0.2576175630092621
3388,10,40,0.33913254737854004
3389,10,41,0.2730167806148529
3390,10,42,0.23954470455646515
3391,10,43,0.22217810153961182
3392,10,44,0.20853671431541443
3393,10,45,0.29596200585365295
3394,10,46,0.23077526688575745
3395,10,47,0.24449066817760468
3396,10,48,0.20023298263549805
3397,10,49,0.26352813839912415
3398,10,50,0.303591787815094
3399,10,51,0.26663824915885925
3400,10,52,0.20460017025470734
3401,10,53,0.2198844850063324
3402,10,54,0.24721768498420715
3403,10,55,0.18900719285011292
3404,10,56,0.23913411796092987
3405,10,57,0.22771532833576202
3406,10,58,0.24861688911914825
3407,10,59,0.25699400901794434
3408,10,60,0.29054468870162964
3409,10,61,0.24482588469982147
3410,10,62,0.32641252875328064
3411,10,63,0.3183248043060303
3412,10,64,0.21639859676361084
3413,10,65,0.3013363182544708
3414,10,66,0.26202392578125
3415,10,67,0.2363172024488449
3416,10,68,0.19524970650672913
3417,10,69,0.21550969779491425
3418,10,70,0.21867123246192932
3419,10,71,0.2707081437110901
3420,10,72,0.20952606201171875
3421,10,73,0.24541863799095154
3422,10,74,0.4995354115962982
3423,10,75,0.2514805793762207
3424,10,76,0.3501494526863098
3425,10,77,0.22387631237506866
3426,10,78,0.2486271858215332
3427,10,79,0.2651236653327942
3428,10,80,0.25780054926872253
3429,10,81,0.22638635337352753
3430,10,82,0.28581851720809937
3431,10,83,0.2207995355129242
3432,10,84,0.1853325217962265
3433,10,85,0.19753968715667725
3434,10,86,0.2149706333875656
3435,10,87,0.21014995872974396
3436,10,88,0.24558596312999725
3437,10,89,0.23815548419952393
3438,10,90,0.2554156184196472
3439,10,91,0.21234579384326935
3440,10,92,0.21626731753349304
3441,10,93,0.17247948050498962
3442,10,94,0.2761887013912201
3443,10,95,0.24591973423957825
3444,10,96,0.18057183921337128
3445,10,97,0.31932178139686584
3446,10,98,0.2120496928691864
3447,10,99,0.23663604259490967
3448,10,100,0.1911592185497284
3449,10,101,0.2829214632511139
3450,10,102,0.2648131549358368
3451,10,103,0.2601277232170105
3452,10,104,0.22245052456855774
3453,10,105,0.2475067675113678
3454,10,106,0.21816471219062805
3455,10,107,0.2326962947845459
3456,10,108,0.20256522297859192
3457,10,109,0.2334541380405426
3458,10,110,0.2184809446334839
3459,10,111,0.24878743290901184
3460,10,112,0.2375933825969696
3461,10,113,0.22579364478588104
3462,10,114,0.28657427430152893
3463,10,115,0.19544900953769684
3464,10,116,0.27457261085510254
3465,10,117,0.2895936071872711
3466,10,118,0.25111109018325806
3467,10,119,0.1905478537082672
3468,10,120,0.24897336959838867
3469,10,121,0.21689455211162567
3470,10,122,0.21799711883068085
3471,10,123,0.27938753366470337
3472,10,124,0.2598150670528412
3473,10,125,0.22670941054821014
3474,10,126,0.2167530059814453
3475,10,127,0.1960974484682083
3476,10,128,0.3197614252567291
3477,10,129,0.21319341659545898
3478,10,130,0.19709512591362
3479,10,131,0.19148215651512146
3480,10,132,0.2143426239490509
3481,10,133,0.21446022391319275
3482,10,134,0.1903344988822937
3483,10,135,0.25850099325180054
3484,10,136,0.25805917382240295
3485,10,137,0.2659434676170349
3486,10,138,0.20970050990581512
3487,10,139,0.28881508111953735
3488,10,140,0.23647136986255646
3489,10,141,0.2595168352127075
3490,10,142,0.25500404834747314
3491,10,143,0.25051143765449524
3492,10,144,0.19234046339988708
3493,10,145,0.2643997073173523
3494,10,146,0.26000502705574036
3495,10,147,0.24273261427879333
3496,10,148,0.2557433545589447
3497,10,149,0.22088897228240967
3498,10,150,0.22124040126800537
3499,10,151,0.24447481334209442
3500,10,152,0.22549667954444885
3501,10,153,0.20777228474617004
3502,10,154,0.2118946760892868
3503,10,155,0.19713039696216583
3504,10,156,0.24085967242717743
3505,10,157,0.26681846380233765
3506,10,158,0.21917931735515594
3507,10,159,0.21757157146930695
3508,10,160,0.2080528736114502
3509,10,161,0.24057824909687042
3510,10,162,0.20909258723258972
3511,10,163,0.2312900722026825
3512,10,164,0.2310761958360672
3513,10,165,0.2929362952709198
3514,10,166,0.1900366246700287
3515,10,167,0.25330862402915955
3516,10,168,0.3015219569206238
3517,10,169,0.29207390546798706
3518,10,170,0.2652413249015808
3519,10,171,0.21812143921852112
3520,10,172,0.2074325829744339
3521,10,173,0.34053465723991394
3522,10,174,0.19740720093250275
3523,10,175,0.3170219361782074
3524,10,176,0.24781794846057892
3525,10,177,0.2946000099182129
3526,10,178,0.2591400742530823
3527,10,179,0.29296988248825073
3528,10,180,0.19734230637550354
3529,10,181,0.25566163659095764
3530,10,182,0.24153921008110046
3531,10,183,0.25963646173477173
3532,10,184,0.23653510212898254
3533,10,185,0.2180790901184082
3534,10,186,0.22380654513835907
3535,10,187,0.20923104882240295
3536,10,188,0.27067089080810547
3537,10,189,0.2715314030647278
3538,10,190,0.19548478722572327
3539,10,191,0.26850268244743347
3540,10,192,0.337542325258255
3541,10,193,0.24752812087535858
3542,10,194,0.21353641152381897
3543,10,195,0.26214468479156494
3544,10,196,0.23864920437335968
3545,10,197,0.19183304905891418
3546,10,198,0.23557288944721222
3547,10,199,0.23485717177391052
3548,10,200,0.5179142951965332
3549,10,201,0.18397682905197144
3550,10,202,0.24932034313678741
3551,10,203,0.26869478821754456
3552,10,204,0.4497155547142029
3553,10,205,0.26431816816329956
3554,10,206,0.1941249668598175
3555,10,207,0.22126419842243195
3556,10,208,0.2602800726890564
3557,10,209,0.3309909403324127
3558,10,210,0.2521352171897888
3559,10,211,0.24955637753009796
3560,10,212,0.2646580934524536
3561,10,213,0.29186657071113586
3562,10,214,0.2427578866481781
3563,10,215,0.23552477359771729
3564,10,216,0.3239510655403137
3565,10,217,0.30762553215026855
3566,10,218,0.2436743527650833
3567,10,219,0.2398041933774948
3568,10,220,0.22115758061408997
3569,10,221,0.2297729253768921
3570,10,222,0.26938101649284363
3571,10,223,0.26881974935531616
3572,10,224,0.2354782074689865
3573,10,225,0.21564574539661407
3574,10,226,0.28143391013145447
3575,10,227,0.21692964434623718
3576,10,228,0.2736330032348633
3577,10,229,0.1907842457294464
3578,10,230,0.23506209254264832
3579,10,231,0.21250352263450623
3580,10,232,0.22827056050300598
3581,10,233,0.2587459087371826
3582,10,234,0.1928429901599884
3583,10,235,0.1874256581068039
3584,10,236,0.4884603023529053
3585,10,237,0.19027087092399597
3586,10,238,0.235709547996521
3587,10,239,0.2560827434062958
3588,10,240,0.3874915540218353
3589,10,241,0.21929773688316345
3590,10,242,0.2414858639240265
3591,10,243,0.19575545191764832
3592,10,244,0.24923837184906006
3593,10,245,0.19564449787139893
3594,10,246,0.2187473326921463
3595,10,247,0.25496405363082886
3596,10,248,0.19137981534004211
3597,10,249,0.24694164097309113
3598,10,250,0.22536759078502655
3599,10,251,0.20926403999328613
3600,10,252,0.268134206533432
3601,10,253,0.23213021457195282
3602,10,254,0.195797398686409
3603,10,255,0.32429954409599304
3604,10,256,0.4206298887729645
3605,10,257,0.23711128532886505
3606,10,258,0.23794905841350555
3607,10,259,0.2546558380126953
3608,10,260,0.26029884815216064
3609,10,261,0.20077896118164062
3610,10,262,0.1943737119436264
3611,10,263,0.26094767451286316
3612,10,264,0.5074746012687683
3613,10,265,0.22220070660114288
3614,10,266,0.1847999542951584
3615,10,267,0.25808185338974
3616,10,268,0.23741762340068817
3617,10,269,0.2592748999595642
3618,10,270,0.2122446596622467
3619,10,271,0.21170198917388916
3620,10,272,0.20460471510887146
3621,10,273,0.3042002022266388
3622,10,274,0.26705580949783325
3623,10,275,0.2104739397764206
3624,10,276,0.246311217546463
3625,10,277,0.2695647180080414
3626,10,278,0.1782529503107071
3627,10,279,0.2673807442188263
3628,10,280,0.2873263359069824
3629,10,281,0.20669308304786682
3630,10,282,0.23843741416931152
3631,10,283,0.284929096698761
3632,10,284,0.18743349611759186
3633,10,285,0.2661917805671692
3634,10,286,0.2535336911678314
3635,10,287,0.25142329931259155
3636,10,288,0.2400113046169281
3637,10,289,0.22971291840076447
3638,10,290,0.1918412446975708
3639,10,291,0.20903043448925018
3640,10,292,0.2955859899520874
3641,10,293,0.26084667444229126
3642,10,294,0.23426517844200134
3643,10,295,0.2670961618423462
3644,10,296,0.25732964277267456
3645,10,297,0.2180883139371872
3646,10,298,0.32360634207725525
3647,10,299,0.200587198138237
3648,10,300,0.22873437404632568
3649,10,301,0.27252358198165894
3650,10,302,0.20246751606464386
3651,10,303,0.30222684144973755
3652,10,304,0.2275274246931076
3653,10,305,0.23982670903205872
3654,10,306,0.23325367271900177
3655,10,307,0.2311074435710907
3656,10,308,0.21463854610919952
3657,10,309,0.22509434819221497
3658,10,310,0.285294771194458
3659,10,311,0.2392820417881012
3660,10,312,0.26830029487609863
3661,10,313,0.2399359941482544
3662,10,314,0.22713986039161682
3663,10,315,0.190568208694458
3664,10,316,0.24547991156578064
3665,10,317,0.265815794467926
3666,10,318,0.25618380308151245
3667,10,319,0.21356399357318878
3668,10,320,0.23850509524345398
3669,10,321,0.26615163683891296
3670,10,322,0.23207052052021027
3671,10,323,0.22972121834754944
3672,10,324,0.1606425940990448
3673,10,325,0.19602163136005402
3674,10,326,0.21786215901374817
3675,10,327,0.6004285216331482
3676,10,328,0.26671457290649414
3677,10,329,0.235066220164299
3678,10,330,0.19755205512046814
3679,10,331,0.24561922252178192
3680,10,332,0.19155648350715637
3681,10,333,0.296908438205719
3682,10,334,0.20695705711841583
3683,10,335,0.22525689005851746
3684,10,336,0.19591307640075684
3685,10,337,0.2213103026151657
3686,10,338,0.23208443820476532
3687,10,339,0.3391125202178955
3688,10,340,0.24317193031311035
3689,10,341,0.44703444838523865
3690,10,342,0.28757601976394653
3691,10,343,0.211001917719841
3692,10,344,0.19075307250022888
3693,10,345,0.2350035160779953
3694,10,346,0.2342877835035324
3695,10,347,0.20351576805114746
3696,10,348,0.251859575510025
3697,10,349,0.23220455646514893
3698,10,350,0.24578626453876495
3699,10,351,0.18826523423194885
3700,10,352,0.232435941696167
3701,10,353,0.20897337794303894
3702,10,354,0.20870938897132874
3703,10,355,0.23804721236228943
3704,10,356,0.22842779755592346
3705,10,357,0.20363900065422058
3706,10,358,0.3872678279876709
3707,10,359,0.21588873863220215
3708,10,360,0.22617647051811218
3709,10,361,0.22871620953083038
3710,10,362,0.29875460267066956
3711,10,363,0.23907670378684998
3712,10,364,0.4985455572605133
3713,10,365,0.20690569281578064
3714,10,366,0.2132122814655304
3715,10,367,0.23371843993663788
3716,10,368,0.2432459145784378
3717,10,369,0.5191282033920288
3718,10,370,0.34198999404907227
3719,10,371,0.18092776834964752
3720,10,372,0.23344022035598755
