global_step,epoch,batch,train_loss
1,1,1,3.255326747894287
2,1,2,3.0792529582977295
3,1,3,2.967040538787842
4,1,4,2.92423677444458
5,1,5,2.7666189670562744
6,1,6,2.701169490814209
7,1,7,2.584984064102173
8,1,8,2.5091562271118164
9,1,9,2.4461748600006104
10,1,10,2.376603603363037
11,1,11,2.283842086791992
12,1,12,2.2632529735565186
13,1,13,2.1731209754943848
14,1,14,2.1973869800567627
15,1,15,2.1090569496154785
16,1,16,1.9974868297576904
17,1,17,1.9429467916488647
18,1,18,1.8928849697113037
19,1,19,1.7996444702148438
20,1,20,1.7929433584213257
21,1,21,1.6522197723388672
22,1,22,1.6215040683746338
23,1,23,1.6411688327789307
24,1,24,1.5166161060333252
25,1,25,1.6683374643325806
26,1,26,1.6114580631256104
27,1,27,1.5040371417999268
28,1,28,1.5009307861328125
29,1,29,1.373957872390747
30,1,30,1.5636193752288818
31,1,31,1.452101707458496
32,1,32,1.4954942464828491
33,1,33,1.4414879083633423
34,1,34,1.3497966527938843
35,1,35,1.3873443603515625
36,1,36,1.316749930381775
37,1,37,1.2398426532745361
38,1,38,1.2751847505569458
39,1,39,1.2715237140655518
40,1,40,1.3168919086456299
41,1,41,1.2792482376098633
42,1,42,1.2340137958526611
43,1,43,1.193689227104187
44,1,44,1.008391261100769
45,1,45,1.1575322151184082
46,1,46,1.0608543157577515
47,1,47,1.1004903316497803
48,1,48,1.0849719047546387
49,1,49,1.1175742149353027
50,1,50,1.084315538406372
51,1,51,1.0551187992095947
52,1,52,0.9800949096679688
53,1,53,1.1324639320373535
54,1,54,1.0123951435089111
55,1,55,0.9977092742919922
56,1,56,1.219233512878418
57,1,57,0.8710511922836304
58,1,58,0.9526817202568054
59,1,59,1.0959441661834717
60,1,60,1.2893776893615723
61,1,61,1.0220253467559814
62,1,62,0.8946245908737183
63,1,63,1.021691083908081
64,1,64,0.9278926849365234
65,1,65,0.9587726593017578
66,1,66,0.8851043581962585
67,1,67,0.9651539921760559
68,1,68,1.0119260549545288
69,1,69,0.8826435804367065
70,1,70,0.781509280204773
71,1,71,0.840592086315155
72,1,72,0.945523738861084
73,1,73,0.8768698573112488
74,1,74,0.790558934211731
75,1,75,1.025376319885254
76,1,76,0.8089464902877808
77,1,77,0.7354787588119507
78,1,78,0.7510925531387329
79,1,79,0.7246948480606079
80,1,80,0.7124811410903931
81,1,81,0.7328057289123535
82,1,82,0.7860314846038818
83,1,83,0.8566758036613464
84,1,84,0.7136640548706055
85,1,85,0.9048253297805786
86,1,86,0.7336817383766174
87,1,87,0.7666459083557129
88,1,88,0.7819051742553711
89,1,89,0.7264273762702942
90,1,90,0.7975949048995972
91,1,91,0.762383759021759
92,1,92,0.7291079163551331
93,1,93,0.7907098531723022
94,1,94,0.6342605352401733
95,1,95,0.735174298286438
96,1,96,0.708871066570282
97,1,97,0.7397845983505249
98,1,98,0.8189888000488281
99,1,99,0.7500180006027222
100,1,100,0.8187707662582397
101,1,101,0.7105346918106079
102,1,102,0.6895228624343872
103,1,103,0.7797642946243286
104,1,104,0.6628601551055908
105,1,105,0.5942856073379517
106,1,106,0.9088457822799683
107,1,107,0.6424458622932434
108,1,108,0.7055171728134155
109,1,109,0.6511049866676331
110,1,110,0.6069266200065613
111,1,111,0.706190288066864
112,1,112,0.57740318775177
113,1,113,0.6221970319747925
114,1,114,0.7577733993530273
115,1,115,0.5585455298423767
116,1,116,0.6649485230445862
117,1,117,0.6712712049484253
118,1,118,0.6257817149162292
119,1,119,0.6423757076263428
120,1,120,0.6228215098381042
121,1,121,0.6534878015518188
122,1,122,0.6155760884284973
123,1,123,0.7275837063789368
124,1,124,0.7444047927856445
125,1,125,0.6190087199211121
126,1,126,0.5145444273948669
127,1,127,0.6712760925292969
128,1,128,0.6601958274841309
129,1,129,0.5716879367828369
130,1,130,0.6620482206344604
131,1,131,0.6199121475219727
132,1,132,0.657916784286499
133,1,133,0.6341748237609863
134,1,134,0.7303795218467712
135,1,135,0.576083779335022
136,1,136,0.5941533446311951
137,1,137,0.5737242698669434
138,1,138,0.5650573372840881
139,1,139,0.5945485830307007
140,1,140,0.6068045496940613
141,1,141,0.6692479848861694
142,1,142,0.6396545171737671
143,1,143,0.6267901659011841
144,1,144,0.601020872592926
145,1,145,0.729411244392395
146,1,146,0.5628877282142639
147,1,147,0.5544973611831665
148,1,148,0.6491298079490662
149,1,149,0.7256747484207153
150,1,150,0.6581448316574097
151,1,151,0.5696399807929993
152,1,152,0.7466975450515747
153,1,153,0.6100532412528992
154,1,154,0.6011391878128052
155,1,155,0.6498463153839111
156,1,156,0.594708263874054
157,1,157,0.5858910083770752
158,1,158,0.6573408842086792
159,1,159,0.9933136701583862
160,1,160,0.5940226316452026
161,1,161,0.5797243118286133
162,1,162,0.5435275435447693
163,1,163,0.5818551778793335
164,1,164,0.6615086793899536
165,1,165,0.624740719795227
166,1,166,0.7082317471504211
167,1,167,0.5890582203865051
168,1,168,0.8146191835403442
169,1,169,0.5991275906562805
170,1,170,0.574982762336731
171,1,171,0.5749807357788086
172,1,172,0.4981319010257721
173,1,173,0.5328328013420105
174,1,174,0.5053628087043762
175,1,175,0.6770160794258118
176,1,176,0.479109525680542
177,1,177,0.5700888633728027
178,1,178,0.4507790207862854
179,1,179,0.5234836339950562
180,1,180,0.47944170236587524
181,1,181,0.5575316548347473
182,1,182,0.43479466438293457
183,1,183,0.5603889226913452
184,1,184,0.5358409285545349
185,1,185,0.5362820625305176
186,1,186,0.5263353586196899
187,1,187,0.4481797218322754
188,1,188,0.4773089289665222
189,1,189,0.6153478026390076
190,1,190,0.5584695339202881
191,1,191,0.44829732179641724
192,1,192,0.47977057099342346
193,1,193,0.49619850516319275
194,1,194,0.49998506903648376
195,1,195,0.5530961155891418
196,1,196,0.4923810064792633
197,1,197,0.6290956735610962
198,1,198,0.5629400014877319
199,1,199,0.7558672428131104
200,1,200,0.47689494490623474
201,1,201,0.40750646591186523
202,1,202,0.5266340970993042
203,1,203,0.562681257724762
204,1,204,0.5280193090438843
205,1,205,0.5334477424621582
206,1,206,0.5171816945075989
207,1,207,0.57627934217453
208,1,208,0.47362929582595825
209,1,209,0.42789822816848755
210,1,210,0.5305129289627075
211,1,211,0.8760606050491333
212,1,212,0.5559057593345642
213,1,213,0.45741239190101624
214,1,214,0.5700148344039917
215,1,215,0.5106104612350464
216,1,216,0.5081892013549805
217,1,217,0.5347809791564941
218,1,218,0.5522270202636719
219,1,219,0.46975794434547424
220,1,220,0.43141865730285645
221,1,221,0.4546297490596771
222,1,222,0.5275468230247498
223,1,223,0.46712517738342285
224,1,224,0.4863906800746918
225,1,225,0.6021653413772583
226,1,226,0.4880649447441101
227,1,227,0.4933009743690491
228,1,228,0.4960261285305023
229,1,229,0.46834197640419006
230,1,230,0.6589221954345703
231,1,231,0.4864349365234375
232,1,232,0.45941632986068726
233,1,233,0.5680261850357056
234,1,234,0.47371235489845276
235,1,235,0.4529941976070404
236,1,236,0.4350827634334564
237,1,237,0.3837895691394806
238,1,238,0.5045263171195984
239,1,239,0.4612162709236145
240,1,240,0.46890148520469666
241,1,241,0.43143099546432495
242,1,242,0.5531541109085083
243,1,243,0.4377284049987793
244,1,244,0.4370088577270508
245,1,245,0.41458773612976074
246,1,246,0.46273738145828247
247,1,247,0.39926213026046753
248,1,248,0.4086202085018158
249,1,249,0.42226797342300415
250,1,250,0.4965704083442688
251,1,251,0.5564343333244324
252,1,252,0.4205683171749115
253,1,253,0.44322484731674194
254,1,254,0.5404496192932129
255,1,255,0.5169801712036133
256,1,256,0.3883931338787079
257,1,257,0.4476604461669922
258,1,258,0.6649788618087769
259,1,259,0.5532743334770203
260,1,260,0.5744181871414185
261,1,261,0.5096415281295776
262,1,262,0.4340885579586029
263,1,263,0.4861849248409271
264,1,264,0.4921683669090271
265,1,265,0.36822304129600525
266,1,266,0.4324236810207367
267,1,267,0.533957839012146
268,1,268,0.45336636900901794
269,1,269,0.3774638772010803
270,1,270,0.44213151931762695
271,1,271,0.5079249143600464
272,1,272,0.46976056694984436
273,1,273,0.475527286529541
274,1,274,0.37941354513168335
275,1,275,0.5199916958808899
276,1,276,0.36532318592071533
277,1,277,0.459195077419281
278,1,278,0.32092005014419556
279,1,279,0.3816893994808197
280,1,280,0.42778411507606506
281,1,281,0.42681771516799927
282,1,282,0.5187363624572754
283,1,283,0.3369389474391937
284,1,284,0.5551759004592896
285,1,285,0.4065561890602112
286,1,286,0.3785472810268402
287,1,287,0.42481207847595215
288,1,288,0.4868471622467041
289,1,289,0.45382827520370483
290,1,290,0.3880051076412201
291,1,291,0.3777236342430115
292,1,292,0.48678484559059143
293,1,293,0.370646595954895
294,1,294,0.3955082893371582
295,1,295,0.36847108602523804
296,1,296,0.4238356053829193
297,1,297,0.38859450817108154
298,1,298,0.5210329294204712
299,1,299,0.5677604675292969
300,1,300,0.3657185435295105
301,1,301,0.440316379070282
302,1,302,0.44326338171958923
303,1,303,0.820966899394989
304,1,304,0.3277072310447693
305,1,305,0.460564523935318
306,1,306,0.3642076253890991
307,1,307,0.34596729278564453
308,1,308,0.3703949749469757
309,1,309,0.3357485234737396
310,1,310,0.3530890643596649
311,1,311,0.4524415135383606
312,1,312,0.4131088852882385
313,1,313,0.3857920169830322
314,1,314,0.4048830568790436
315,1,315,0.40009641647338867
316,1,316,0.6367460489273071
317,1,317,0.46592283248901367
318,1,318,0.5097664594650269
319,1,319,0.5387505292892456
320,1,320,0.36421310901641846
321,1,321,0.5492497086524963
322,1,322,0.4399070739746094
323,1,323,0.399638831615448
324,1,324,0.3611135184764862
325,1,325,0.45360463857650757
326,1,326,0.3967403471469879
327,1,327,0.37955135107040405
328,1,328,0.40418362617492676
329,1,329,0.49509257078170776
330,1,330,0.3443109095096588
331,1,331,0.3852795660495758
332,1,332,0.38031989336013794
333,1,333,0.40472936630249023
334,1,334,0.3724885582923889
335,1,335,0.439567506313324
336,1,336,0.5470167398452759
337,1,337,0.3664863705635071
338,1,338,0.38728609681129456
339,1,339,0.5664646029472351
340,1,340,0.32714053988456726
341,1,341,0.4406745433807373
342,1,342,0.41215428709983826
343,1,343,0.3928878903388977
344,1,344,0.41054821014404297
345,1,345,0.38074779510498047
346,1,346,0.418877512216568
347,1,347,0.36971601843833923
348,1,348,0.45860862731933594
349,1,349,0.38806015253067017
350,1,350,0.3492203950881958
351,1,351,0.344826340675354
352,1,352,0.3412274718284607
353,1,353,0.35267481207847595
354,1,354,0.35748475790023804
355,1,355,0.34781378507614136
356,1,356,0.37468406558036804
357,1,357,0.5256325006484985
358,1,358,0.38370245695114136
359,1,359,0.4190653860569
360,1,360,0.35338008403778076
361,1,361,0.35128527879714966
362,1,362,0.4618041515350342
363,1,363,0.4068019390106201
364,1,364,0.5109826326370239
365,1,365,0.4149342477321625
366,1,366,0.39157432317733765
367,1,367,0.36450710892677307
368,1,368,0.34075111150741577
369,1,369,0.3654751479625702
370,1,370,0.35401394963264465
371,1,371,0.3679742217063904
372,1,372,0.37163498997688293
373,2,1,0.35098856687545776
374,2,2,0.4939873218536377
375,2,3,0.3557295799255371
376,2,4,0.3758949637413025
377,2,5,0.3427148461341858
378,2,6,0.3907879590988159
379,2,7,0.3119691014289856
380,2,8,0.28980153799057007
381,2,9,0.3626098036766052
382,2,10,0.39447662234306335
383,2,11,0.3652009665966034
384,2,12,0.3026588559150696
385,2,13,0.30855172872543335
386,2,14,0.38673582673072815
387,2,15,0.3445371389389038
388,2,16,0.35276517271995544
389,2,17,0.40234050154685974
390,2,18,0.38391682505607605
391,2,19,0.3589826226234436
392,2,20,0.3770880401134491
393,2,21,0.3268197178840637
394,2,22,0.3764227628707886
395,2,23,0.6694289445877075
396,2,24,0.4138253629207611
397,2,25,0.3186953663825989
398,2,26,0.382931649684906
399,2,27,0.4713684022426605
400,2,28,0.2998144030570984
401,2,29,0.35572654008865356
402,2,30,0.3997339606285095
403,2,31,0.34154096245765686
404,2,32,0.43405717611312866
405,2,33,0.6921380758285522
406,2,34,0.3865140974521637
407,2,35,0.36315327882766724
408,2,36,0.3644413650035858
409,2,37,0.276344895362854
410,2,38,0.37969133257865906
411,2,39,0.8415339589118958
412,2,40,0.3642570972442627
413,2,41,0.3465907871723175
414,2,42,0.3808567523956299
415,2,43,0.43093594908714294
416,2,44,0.3370892405509949
417,2,45,0.33928734064102173
418,2,46,0.3472672998905182
419,2,47,0.7643027901649475
420,2,48,0.49141353368759155
421,2,49,0.3238820433616638
422,2,50,0.31394335627555847
423,2,51,0.33048027753829956
424,2,52,0.3401486575603485
425,2,53,0.41255807876586914
426,2,54,0.36156579852104187
427,2,55,0.3383820056915283
428,2,56,0.2844414710998535
429,2,57,0.27008432149887085
430,2,58,0.3666897416114807
431,2,59,0.3859584331512451
432,2,60,0.5173826217651367
433,2,61,0.3994905948638916
434,2,62,0.32521381974220276
435,2,63,0.3522776961326599
436,2,64,0.3944541811943054
437,2,65,0.30356258153915405
438,2,66,0.3214093744754791
439,2,67,0.2869512438774109
440,2,68,0.3262369632720947
441,2,69,0.29104918241500854
442,2,70,0.44554147124290466
443,2,71,0.37098246812820435
444,2,72,0.3996889293193817
445,2,73,0.30465108156204224
446,2,74,0.29126664996147156
447,2,75,0.42335861921310425
448,2,76,0.3766464293003082
449,2,77,0.3977213501930237
450,2,78,0.3420397639274597
451,2,79,0.26976650953292847
452,2,80,0.3555876612663269
453,2,81,0.32493487000465393
454,2,82,0.3168146014213562
455,2,83,0.39058569073677063
456,2,84,0.31262916326522827
457,2,85,0.3105679154396057
458,2,86,0.34849223494529724
459,2,87,0.3523538410663605
460,2,88,0.33516165614128113
461,2,89,0.3659140169620514
462,2,90,0.4566236436367035
463,2,91,0.3147187829017639
464,2,92,0.33277377486228943
465,2,93,0.3114202618598938
466,2,94,0.2967490255832672
467,2,95,0.298564612865448
468,2,96,0.30715280771255493
469,2,97,0.30859023332595825
470,2,98,0.34930187463760376
471,2,99,0.3326215147972107
472,2,100,0.30277833342552185
473,2,101,0.34062081575393677
474,2,102,0.2900905907154083
475,2,103,0.2763461768627167
476,2,104,0.40377911925315857
477,2,105,0.3154226541519165
478,2,106,0.3287757933139801
479,2,107,0.36214274168014526
480,2,108,0.3032112121582031
481,2,109,0.4289514422416687
482,2,110,0.27929431200027466
483,2,111,0.6893811821937561
484,2,112,0.41076117753982544
485,2,113,0.2789945900440216
486,2,114,0.35642486810684204
487,2,115,0.3667793571949005
488,2,116,0.292166531085968
489,2,117,0.34658727049827576
490,2,118,0.42395544052124023
491,2,119,0.30357569456100464
492,2,120,0.2739924490451813
493,2,121,0.3441489040851593
494,2,122,0.3044480085372925
495,2,123,0.3471108376979828
496,2,124,0.41177311539649963
497,2,125,0.3201366662979126
498,2,126,0.3724411427974701
499,2,127,0.32305917143821716
500,2,128,0.2712790369987488
501,2,129,0.2765299677848816
502,2,130,0.2848036289215088
503,2,131,0.34740322828292847
504,2,132,0.31214696168899536
505,2,133,0.4046129584312439
506,2,134,0.27040567994117737
507,2,135,0.29979759454727173
508,2,136,0.3259586691856384
509,2,137,0.34120044112205505
510,2,138,0.3011406362056732
511,2,139,0.32258400321006775
512,2,140,0.3897830843925476
513,2,141,0.3687531650066376
514,2,142,0.36248666048049927
515,2,143,0.29243403673171997
516,2,144,0.32144367694854736
517,2,145,0.3204931914806366
518,2,146,0.3152835965156555
519,2,147,0.32209864258766174
520,2,148,0.7194066643714905
521,2,149,0.35877060890197754
522,2,150,0.3109026849269867
523,2,151,0.340204119682312
524,2,152,0.3403553068637848
525,2,153,0.5117024183273315
526,2,154,0.3672230839729309
527,2,155,0.31683477759361267
528,2,156,0.30045026540756226
529,2,157,0.3105751872062683
530,2,158,0.265131413936615
531,2,159,0.31960487365722656
532,2,160,0.26331841945648193
533,2,161,0.37463003396987915
534,2,162,0.3295459747314453
535,2,163,0.34969741106033325
536,2,164,0.32627254724502563
537,2,165,0.4343862533569336
538,2,166,0.314037561416626
539,2,167,0.31980031728744507
540,2,168,0.39748650789260864
541,2,169,0.38199636340141296
542,2,170,0.2980552017688751
543,2,171,0.29344233870506287
544,2,172,0.3050366938114166
545,2,173,0.29628872871398926
546,2,174,0.2796918451786041
547,2,175,0.28040811419487
548,2,176,0.3374939560890198
549,2,177,0.32322999835014343
550,2,178,0.3136220872402191
551,2,179,0.3838530480861664
552,2,180,0.35849428176879883
553,2,181,0.3397701382637024
554,2,182,0.5100005269050598
555,2,183,0.33561089634895325
556,2,184,0.437366783618927
557,2,185,0.4348595142364502
558,2,186,0.30351510643959045
559,2,187,0.29662394523620605
560,2,188,0.27343958616256714
561,2,189,0.3236633837223053
562,2,190,0.2585752606391907
563,2,191,0.35035213828086853
564,2,192,0.30602535605430603
565,2,193,0.2671799659729004
566,2,194,0.31457680463790894
567,2,195,0.3713207244873047
568,2,196,0.3421245515346527
569,2,197,0.32198652625083923
570,2,198,0.31212788820266724
571,2,199,0.2834920883178711
572,2,200,0.2631266117095947
573,2,201,0.38892707228660583
574,2,202,0.6410840749740601
575,2,203,0.6239283084869385
576,2,204,0.26672524213790894
577,2,205,0.30006417632102966
578,2,206,0.29574713110923767
579,2,207,0.3605722188949585
580,2,208,0.3277058005332947
581,2,209,0.2867369055747986
582,2,210,0.3142114281654358
583,2,211,0.3425966501235962
584,2,212,0.283730685710907
585,2,213,0.3337731957435608
586,2,214,0.323563814163208
587,2,215,0.34695130586624146
588,2,216,0.2744032144546509
589,2,217,0.3431253135204315
590,2,218,0.31267374753952026
591,2,219,0.41613349318504333
592,2,220,0.28627318143844604
593,2,221,0.3236290216445923
594,2,222,0.2838948369026184
595,2,223,0.28946155309677124
596,2,224,0.26521414518356323
597,2,225,0.2888476848602295
598,2,226,0.5127910375595093
599,2,227,0.37798184156417847
600,2,228,0.5839728116989136
601,2,229,0.32733452320098877
602,2,230,0.27478498220443726
603,2,231,0.3092811703681946
604,2,232,0.31044572591781616
605,2,233,0.28990882635116577
606,2,234,0.3443714678287506
607,2,235,0.2875520586967468
608,2,236,0.2714020013809204
609,2,237,0.35516470670700073
610,2,238,0.2808898091316223
611,2,239,0.28245240449905396
612,2,240,0.32452934980392456
613,2,241,0.30882784724235535
614,2,242,0.38733282685279846
615,2,243,0.25168943405151367
616,2,244,0.2934042811393738
617,2,245,0.2969764471054077
618,2,246,0.2532445192337036
619,2,247,0.3246327340602875
620,2,248,0.336666077375412
621,2,249,0.2621340751647949
622,2,250,0.3041655421257019
623,2,251,0.26046258211135864
624,2,252,0.3267739713191986
625,2,253,0.3043893873691559
626,2,254,0.3137405216693878
627,2,255,0.25053641200065613
628,2,256,0.2675866484642029
629,2,257,0.3059549927711487
630,2,258,0.31097355484962463
631,2,259,0.4009407162666321
632,2,260,0.24382802844047546
633,2,261,0.2597716748714447
634,2,262,0.27334994077682495
635,2,263,0.2726050317287445
636,2,264,0.2895086109638214
637,2,265,0.2694287896156311
638,2,266,0.34519293904304504
639,2,267,0.22778785228729248
640,2,268,0.3843345046043396
641,2,269,0.2800813317298889
642,2,270,0.29675084352493286
643,2,271,0.34767812490463257
644,2,272,0.2998456060886383
645,2,273,0.29504480957984924
646,2,274,0.285148561000824
647,2,275,0.2948264181613922
648,2,276,0.2685704231262207
649,2,277,0.3227934241294861
650,2,278,0.37802428007125854
651,2,279,0.2951718866825104
652,2,280,0.30837520956993103
653,2,281,0.2712174952030182
654,2,282,0.2767763137817383
655,2,283,0.28917551040649414
656,2,284,0.315990149974823
657,2,285,0.32591426372528076
658,2,286,0.2699567675590515
659,2,287,0.3228603005409241
660,2,288,0.2983676791191101
661,2,289,0.2732943892478943
662,2,290,0.322920560836792
663,2,291,0.3031489849090576
664,2,292,0.2865518033504486
665,2,293,0.26936662197113037
666,2,294,0.24687018990516663
667,2,295,0.36126768589019775
668,2,296,0.3419741690158844
669,2,297,0.31645578145980835
670,2,298,0.2694826126098633
671,2,299,0.2699512541294098
672,2,300,0.44988274574279785
673,2,301,0.29982393980026245
674,2,302,0.2606263756752014
675,2,303,0.291652649641037
676,2,304,0.2534935772418976
677,2,305,0.24332377314567566
678,2,306,0.2762220501899719
679,2,307,0.31227996945381165
680,2,308,0.19496557116508484
681,2,309,0.28517022728919983
682,2,310,0.27490487694740295
683,2,311,0.2760252058506012
684,2,312,0.3815259337425232
685,2,313,0.28667718172073364
686,2,314,0.35752302408218384
687,2,315,0.27635836601257324
688,2,316,0.24071104824543
689,2,317,0.34985285997390747
690,2,318,0.31505072116851807
691,2,319,0.23564569652080536
692,2,320,0.25314992666244507
693,2,321,0.39108341932296753
694,2,322,0.3593265414237976
695,2,323,0.3534781336784363
696,2,324,0.6476818323135376
697,2,325,0.25982674956321716
698,2,326,0.2624191641807556
699,2,327,0.3077853322029114
700,2,328,0.4309535622596741
701,2,329,0.31293949484825134
702,2,330,0.3139669597148895
703,2,331,0.2271157205104828
704,2,332,0.24662479758262634
705,2,333,0.46455392241477966
706,2,334,0.29525941610336304
707,2,335,0.29795974493026733
708,2,336,0.2526058852672577
709,2,337,0.3208445906639099
710,2,338,0.3204984664916992
711,2,339,0.21338912844657898
712,2,340,0.2959483563899994
713,2,341,0.3018275797367096
714,2,342,0.24460013210773468
715,2,343,0.4204096794128418
716,2,344,0.26577097177505493
717,2,345,0.29516899585723877
718,2,346,0.2912139892578125
719,2,347,0.3617439866065979
720,2,348,0.25882402062416077
721,2,349,0.3378627598285675
722,2,350,0.32921871542930603
723,2,351,0.3035033345222473
724,2,352,0.2594445049762726
725,2,353,0.2310897558927536
726,2,354,0.29735052585601807
727,2,355,0.3192925453186035
728,2,356,0.3344758450984955
729,2,357,0.2735653519630432
730,2,358,0.2895147502422333
731,2,359,0.28170403838157654
732,2,360,0.2606533169746399
733,2,361,0.28591734170913696
734,2,362,0.29891514778137207
735,2,363,0.3148113787174225
736,2,364,0.2503882050514221
737,2,365,0.28543075919151306
738,2,366,0.7067994475364685
739,2,367,0.31333786249160767
740,2,368,0.34459272027015686
741,2,369,0.25792402029037476
742,2,370,0.3211439847946167
743,2,371,0.31074780225753784
744,2,372,0.3331950604915619
745,3,1,0.28028255701065063
746,3,2,0.21576865017414093
747,3,3,0.23161885142326355
748,3,4,0.3385520577430725
749,3,5,0.2767481505870819
750,3,6,0.1935502141714096
751,3,7,0.3116565942764282
752,3,8,0.2627524137496948
753,3,9,0.28875043988227844
754,3,10,0.28781256079673767
755,3,11,0.28051525354385376
756,3,12,0.24790731072425842
757,3,13,0.24595148861408234
758,3,14,0.25664979219436646
759,3,15,0.19919851422309875
760,3,16,0.5745905637741089
761,3,17,0.2901100516319275
762,3,18,0.28241249918937683
763,3,19,0.2566390931606293
764,3,20,0.3464500308036804
765,3,21,0.31399303674697876
766,3,22,0.21130430698394775
767,3,23,0.3821639120578766
768,3,24,0.26064565777778625
769,3,25,0.2645653486251831
770,3,26,0.3262616693973541
771,3,27,0.3161522150039673
772,3,28,0.2592909336090088
773,3,29,0.37938734889030457
774,3,30,0.20128412544727325
775,3,31,0.25377458333969116
776,3,32,0.29973840713500977
777,3,33,0.2921590209007263
778,3,34,0.26987093687057495
779,3,35,0.28142762184143066
780,3,36,0.2520124316215515
781,3,37,0.2526041865348816
782,3,38,0.32319724559783936
783,3,39,0.3044606149196625
784,3,40,0.2471674680709839
785,3,41,0.3077567219734192
786,3,42,0.2821497917175293
787,3,43,0.25327491760253906
788,3,44,0.3131590783596039
789,3,45,0.27494674921035767
790,3,46,0.3237067461013794
791,3,47,0.2726960778236389
792,3,48,0.2583915591239929
793,3,49,0.2511805593967438
794,3,50,0.27806541323661804
795,3,51,0.24897298216819763
796,3,52,0.26425570249557495
797,3,53,0.24309441447257996
798,3,54,0.27943915128707886
799,3,55,0.25220248103141785
800,3,56,0.260391503572464
801,3,57,0.6420289278030396
802,3,58,0.3011927306652069
803,3,59,0.22518351674079895
804,3,60,0.2370086908340454
805,3,61,0.23738591372966766
806,3,62,0.26454827189445496
807,3,63,0.2165038287639618
808,3,64,0.3000876307487488
809,3,65,0.187437042593956
810,3,66,0.253034383058548
811,3,67,0.24905049800872803
812,3,68,0.2513306736946106
813,3,69,0.2484356164932251
814,3,70,0.2839810848236084
815,3,71,0.24864038825035095
816,3,72,0.2399258315563202
817,3,73,0.44244131445884705
818,3,74,0.28725072741508484
819,3,75,0.25844112038612366
820,3,76,0.2039884775876999
821,3,77,0.2863154113292694
822,3,78,0.28578540682792664
823,3,79,0.19132700562477112
824,3,80,0.23590242862701416
825,3,81,0.2605207562446594
826,3,82,0.2783166170120239
827,3,83,0.34255871176719666
828,3,84,0.2992272973060608
829,3,85,0.22318682074546814
830,3,86,0.2244168072938919
831,3,87,0.2784706950187683
832,3,88,0.25227537751197815
833,3,89,0.2568865716457367
834,3,90,0.33290162682533264
835,3,91,0.3248850703239441
836,3,92,0.22907371819019318
837,3,93,0.3360273241996765
838,3,94,0.2297656238079071
839,3,95,0.30613550543785095
840,3,96,0.5909045338630676
841,3,97,0.23592782020568848
842,3,98,0.2542983889579773
843,3,99,0.24535807967185974
844,3,100,0.24863335490226746
845,3,101,0.33652740716934204
846,3,102,0.2484298050403595
847,3,103,0.2515243887901306
848,3,104,0.2515436112880707
849,3,105,0.24442525207996368
850,3,106,0.30787912011146545
851,3,107,0.24300380051136017
852,3,108,0.2612956166267395
853,3,109,0.24568335711956024
854,3,110,0.3043116629123688
855,3,111,0.21579018235206604
856,3,112,0.20550954341888428
857,3,113,0.2815242409706116
858,3,114,0.25098004937171936
859,3,115,0.27831849455833435
860,3,116,0.2720409631729126
861,3,117,0.24315866827964783
862,3,118,0.21851983666419983
863,3,119,0.4417625069618225
864,3,120,0.24919036030769348
865,3,121,0.40352192521095276
866,3,122,0.25102823972702026
867,3,123,0.24131950736045837
868,3,124,0.26182422041893005
869,3,125,0.2858576476573944
870,3,126,0.24107861518859863
871,3,127,0.30265119671821594
872,3,128,0.2591272294521332
873,3,129,0.22383245825767517
874,3,130,0.20074543356895447
875,3,131,0.2715952396392822
876,3,132,0.3011302947998047
877,3,133,0.2432439625263214
878,3,134,0.2910619378089905
879,3,135,0.2936705946922302
880,3,136,0.2502167820930481
881,3,137,0.24144503474235535
882,3,138,0.2335727959871292
883,3,139,0.23874366283416748
884,3,140,0.6275492906570435
885,3,141,0.2857111692428589
886,3,142,0.2781173884868622
887,3,143,0.2306661158800125
888,3,144,0.228282168507576
889,3,145,0.24083241820335388
890,3,146,0.2872641682624817
891,3,147,0.2984696924686432
892,3,148,0.25951915979385376
893,3,149,0.20262634754180908
894,3,150,0.26752880215644836
895,3,151,0.27253928780555725
896,3,152,0.282530277967453
897,3,153,0.2382243573665619
898,3,154,0.3149271607398987
899,3,155,0.2113712579011917
900,3,156,0.24233758449554443
901,3,157,0.29591020941734314
902,3,158,0.19732053577899933
903,3,159,0.26147007942199707
904,3,160,0.2639528512954712
905,3,161,0.2628515064716339
906,3,162,0.2619563639163971
907,3,163,0.2911103069782257
908,3,164,0.23496732115745544
909,3,165,0.37584322690963745
910,3,166,0.27258914709091187
911,3,167,0.22585973143577576
912,3,168,0.20748594403266907
913,3,169,0.23368744552135468
914,3,170,0.2332206517457962
915,3,171,0.23034076392650604
916,3,172,0.31274062395095825
917,3,173,0.27568235993385315
918,3,174,0.28322917222976685
919,3,175,0.3795546591281891
920,3,176,0.337727814912796
921,3,177,0.24947711825370789
922,3,178,0.39174729585647583
923,3,179,0.26880940794944763
924,3,180,0.2470865249633789
925,3,181,0.23309437930583954
926,3,182,0.2592378854751587
927,3,183,0.25899359583854675
928,3,184,0.2364463359117508
929,3,185,0.22983519732952118
930,3,186,0.25498443841934204
931,3,187,0.27153462171554565
932,3,188,0.21954675018787384
933,3,189,0.21913015842437744
934,3,190,0.2373085767030716
935,3,191,0.2395351380109787
936,3,192,0.35419073700904846
937,3,193,0.33679670095443726
938,3,194,0.2993525564670563
939,3,195,0.3018597960472107
940,3,196,0.21271595358848572
941,3,197,0.22422544658184052
942,3,198,0.21159878373146057
943,3,199,0.35406678915023804
944,3,200,0.30562248826026917
945,3,201,0.23440603911876678
946,3,202,0.25319138169288635
947,3,203,0.2641345262527466
948,3,204,0.2379058599472046
949,3,205,0.25118356943130493
950,3,206,0.3747774362564087
951,3,207,0.2540450990200043
952,3,208,0.2807946801185608
953,3,209,0.2810486853122711
954,3,210,0.2528603672981262
955,3,211,0.23791131377220154
956,3,212,0.18696947395801544
957,3,213,0.23987913131713867
958,3,214,0.21859166026115417
959,3,215,0.21838906407356262
960,3,216,0.2250007688999176
961,3,217,0.2823871672153473
962,3,218,0.29308661818504333
963,3,219,0.2085895836353302
964,3,220,0.19007977843284607
965,3,221,0.33351510763168335
966,3,222,0.19402585923671722
967,3,223,0.28251391649246216
968,3,224,0.2694529592990875
969,3,225,0.24281302094459534
970,3,226,0.7308189272880554
971,3,227,0.28022101521492004
972,3,228,0.3777922987937927
973,3,229,0.2231377810239792
974,3,230,0.24929098784923553
975,3,231,0.2760060131549835
976,3,232,0.2739716172218323
977,3,233,0.23079034686088562
978,3,234,0.2813512980937958
979,3,235,0.20682883262634277
980,3,236,0.25222378969192505
981,3,237,0.2456471025943756
982,3,238,0.27725887298583984
983,3,239,0.33356934785842896
984,3,240,0.28324535489082336
985,3,241,0.23650994896888733
986,3,242,0.1998167335987091
987,3,243,0.2375405728816986
988,3,244,0.21712680160999298
989,3,245,0.23454555869102478
990,3,246,0.6491423845291138
991,3,247,0.290213406085968
992,3,248,0.3152090907096863
993,3,249,0.2291041612625122
994,3,250,0.20980791747570038
995,3,251,0.2560175061225891
996,3,252,0.288452684879303
997,3,253,0.27354615926742554
998,3,254,0.2438487708568573
999,3,255,0.2781810164451599
1000,3,256,0.2540820240974426
1001,3,257,0.23086151480674744
1002,3,258,0.21881163120269775
1003,3,259,0.27547138929367065
1004,3,260,0.23669686913490295
1005,3,261,0.2815001606941223
1006,3,262,0.2653018832206726
1007,3,263,0.28443291783332825
1008,3,264,0.26260513067245483
1009,3,265,0.2680559754371643
1010,3,266,0.34467583894729614
1011,3,267,0.30750980973243713
1012,3,268,0.26584580540657043
1013,3,269,0.2764856219291687
1014,3,270,0.2843598425388336
1015,3,271,0.19616349041461945
1016,3,272,0.283046156167984
1017,3,273,0.27896153926849365
1018,3,274,0.26898688077926636
1019,3,275,0.23381400108337402
1020,3,276,0.2820861339569092
1021,3,277,0.2790908217430115
1022,3,278,0.3133537173271179
1023,3,279,0.2885007858276367
1024,3,280,0.24203161895275116
1025,3,281,0.25363150238990784
1026,3,282,0.24636025726795197
1027,3,283,0.23866760730743408
1028,3,284,0.3100793957710266
1029,3,285,0.2922719717025757
1030,3,286,0.3348643183708191
1031,3,287,0.29354870319366455
1032,3,288,0.5980614423751831
1033,3,289,0.19275623559951782
1034,3,290,0.2339906245470047
1035,3,291,0.19933588802814484
1036,3,292,0.20866799354553223
1037,3,293,0.25680404901504517
1038,3,294,0.26758068799972534
1039,3,295,0.20565752685070038
1040,3,296,0.26467540860176086
1041,3,297,0.189107745885849
1042,3,298,0.629806637763977
1043,3,299,0.29776543378829956
1044,3,300,0.2665243148803711
1045,3,301,0.2721375823020935
1046,3,302,0.2482583075761795
1047,3,303,0.3164181709289551
1048,3,304,0.2366749793291092
1049,3,305,0.31061357259750366
1050,3,306,0.18955324590206146
1051,3,307,0.2921159267425537
1052,3,308,0.4258069396018982
1053,3,309,0.25536277890205383
1054,3,310,0.1933871954679489
1055,3,311,0.24754314124584198
1056,3,312,0.22121484577655792
1057,3,313,0.2429630309343338
1058,3,314,0.24934300780296326
1059,3,315,0.3685074746608734
1060,3,316,0.24359264969825745
1061,3,317,0.2798849940299988
1062,3,318,0.2145790159702301
1063,3,319,0.3047698140144348
1064,3,320,0.22740241885185242
1065,3,321,0.2700241804122925
1066,3,322,0.5955965518951416
1067,3,323,0.5659458041191101
1068,3,324,0.23635593056678772
1069,3,325,0.23508727550506592
1070,3,326,0.27552706003189087
1071,3,327,0.2224571257829666
1072,3,328,0.244301438331604
1073,3,329,0.21470901370048523
1074,3,330,0.276191771030426
1075,3,331,0.2430729866027832
1076,3,332,0.3318329453468323
1077,3,333,0.22921308875083923
1078,3,334,0.23786111176013947
1079,3,335,0.2343960553407669
1080,3,336,0.2816844880580902
1081,3,337,0.305978000164032
1082,3,338,0.2708044946193695
1083,3,339,0.24258378148078918
1084,3,340,0.27185046672821045
1085,3,341,0.25954800844192505
1086,3,342,0.2795881927013397
1087,3,343,0.2214888036251068
1088,3,344,0.231366366147995
1089,3,345,0.25332725048065186
1090,3,346,0.21919803321361542
1091,3,347,0.20737354457378387
1092,3,348,0.2335933893918991
1093,3,349,0.2700985074043274
1094,3,350,0.22571401298046112
1095,3,351,0.2924644351005554
1096,3,352,0.307913213968277
1097,3,353,0.2541932463645935
1098,3,354,0.31374627351760864
1099,3,355,0.33358028531074524
1100,3,356,0.24398517608642578
1101,3,357,0.20911672711372375
1102,3,358,0.2704746425151825
1103,3,359,0.28734204173088074
1104,3,360,0.24116544425487518
1105,3,361,0.21293365955352783
1106,3,362,0.2797761857509613
1107,3,363,0.28281742334365845
1108,3,364,0.23145094513893127
1109,3,365,0.233934685587883
1110,3,366,0.245266392827034
1111,3,367,0.33794596791267395
1112,3,368,0.20656649768352509
1113,3,369,0.5698682069778442
1114,3,370,0.2538573145866394
1115,3,371,0.2529999017715454
1116,3,372,0.23406681418418884
1117,4,1,0.2139245569705963
1118,4,2,0.21270442008972168
1119,4,3,0.2900818884372711
1120,4,4,0.20971865952014923
1121,4,5,0.2249002754688263
1122,4,6,0.2521703541278839
1123,4,7,0.24378152191638947
1124,4,8,0.24064140021800995
1125,4,9,0.20290176570415497
1126,4,10,0.23416118323802948
1127,4,11,0.3162125051021576
1128,4,12,0.19508105516433716
1129,4,13,0.20393598079681396
1130,4,14,0.24996857345104218
1131,4,15,0.20961499214172363
1132,4,16,0.24700656533241272
1133,4,17,0.19294510781764984
1134,4,18,0.23374950885772705
1135,4,19,0.24289700388908386
1136,4,20,0.23638316988945007
1137,4,21,0.23037376999855042
1138,4,22,0.25486665964126587
1139,4,23,0.21070119738578796
1140,4,24,0.19293299317359924
1141,4,25,0.20526555180549622
1142,4,26,0.20564790070056915
1143,4,27,0.20484647154808044
1144,4,28,0.22614558041095734
1145,4,29,0.23359417915344238
1146,4,30,0.686435341835022
1147,4,31,0.2285032570362091
1148,4,32,0.22252008318901062
1149,4,33,0.21737737953662872
1150,4,34,0.22212442755699158
1151,4,35,0.3029159903526306
1152,4,36,0.2504380941390991
1153,4,37,0.2790752649307251
1154,4,38,0.4622555375099182
1155,4,39,0.2682099938392639
1156,4,40,0.19403953850269318
1157,4,41,0.21547412872314453
1158,4,42,0.2049144059419632
1159,4,43,0.26699429750442505
1160,4,44,0.24082382023334503
1161,4,45,0.20174264907836914
1162,4,46,0.20046105980873108
1163,4,47,0.2531411349773407
1164,4,48,0.2235681563615799
1165,4,49,0.259615421295166
1166,4,50,0.1912330836057663
1167,4,51,0.1986958533525467
1168,4,52,0.28775864839553833
1169,4,53,0.2142486870288849
1170,4,54,0.2148021161556244
1171,4,55,0.2295721024274826
1172,4,56,0.23115554451942444
1173,4,57,0.24757476150989532
1174,4,58,0.20764175057411194
1175,4,59,0.2224738895893097
1176,4,60,0.25750476121902466
1177,4,61,0.41971462965011597
1178,4,62,0.22609475255012512
1179,4,63,0.20751360058784485
1180,4,64,0.17314475774765015
1181,4,65,0.22025148570537567
1182,4,66,0.2980581223964691
1183,4,67,0.22630055248737335
1184,4,68,0.22528791427612305
1185,4,69,0.31832951307296753
1186,4,70,0.2739393413066864
1187,4,71,0.2800281047821045
1188,4,72,0.24289008975028992
1189,4,73,0.29591479897499084
1190,4,74,0.2079082727432251
1191,4,75,0.22881367802619934
1192,4,76,0.23002591729164124
1193,4,77,0.2667856812477112
1194,4,78,0.1976352483034134
1195,4,79,0.49427706003189087
1196,4,80,0.32244542241096497
1197,4,81,0.27175968885421753
1198,4,82,0.2526814341545105
1199,4,83,0.2652743458747864
1200,4,84,0.22109191119670868
1201,4,85,0.1941523402929306
1202,4,86,0.2545758783817291
1203,4,87,0.21159407496452332
1204,4,88,0.2410365790128708
1205,4,89,0.23042431473731995
1206,4,90,0.21558800339698792
1207,4,91,0.21554091572761536
1208,4,92,0.23104915022850037
1209,4,93,0.2485874444246292
1210,4,94,0.23422560095787048
1211,4,95,0.188563272356987
1212,4,96,0.2331937551498413
1213,4,97,0.20462846755981445
1214,4,98,0.23558399081230164
1215,4,99,0.2448621541261673
1216,4,100,0.22780072689056396
1217,4,101,0.1882999688386917
1218,4,102,0.2140238732099533
1219,4,103,0.20733992755413055
1220,4,104,0.19557450711727142
1221,4,105,0.2551608681678772
1222,4,106,0.21915976703166962
1223,4,107,0.23987431824207306
1224,4,108,0.222288578748703
1225,4,109,0.2517925798892975
1226,4,110,0.23390519618988037
1227,4,111,0.23420433700084686
1228,4,112,0.21035659313201904
1229,4,113,0.20987972617149353
1230,4,114,0.29342132806777954
1231,4,115,0.2662815451622009
1232,4,116,0.5281364321708679
1233,4,117,0.2045709639787674
1234,4,118,0.4704442024230957
1235,4,119,0.20184016227722168
1236,4,120,0.26726076006889343
1237,4,121,0.20044127106666565
1238,4,122,0.252246230840683
1239,4,123,0.21122899651527405
1240,4,124,0.20577974617481232
1241,4,125,0.24487945437431335
1242,4,126,0.27164673805236816
1243,4,127,0.222126767039299
1244,4,128,0.24951617419719696
1245,4,129,0.30642467737197876
1246,4,130,0.20795640349388123
1247,4,131,0.29182273149490356
1248,4,132,0.3316664397716522
1249,4,133,0.17582212388515472
1250,4,134,0.30008652806282043
1251,4,135,0.24767479300498962
1252,4,136,0.23089487850666046
1253,4,137,0.23361417651176453
1254,4,138,0.22422441840171814
1255,4,139,0.2716083824634552
1256,4,140,0.25756680965423584
1257,4,141,0.22432951629161835
1258,4,142,0.21871550381183624
1259,4,143,0.27782830595970154
1260,4,144,0.2194494903087616
1261,4,145,0.25983861088752747
1262,4,146,0.2640078663825989
1263,4,147,0.19533094763755798
1264,4,148,0.233002707362175
1265,4,149,0.21953582763671875
1266,4,150,0.23013465106487274
1267,4,151,0.22606024146080017
1268,4,152,0.18425793945789337
1269,4,153,0.2123783528804779
1270,4,154,0.2913680672645569
1271,4,155,0.2629356384277344
1272,4,156,0.2784748673439026
1273,4,157,0.21951982378959656
1274,4,158,0.2203291952610016
1275,4,159,0.2263941764831543
1276,4,160,0.26444050669670105
1277,4,161,0.5532046556472778
1278,4,162,0.21963286399841309
1279,4,163,0.2161823958158493
1280,4,164,0.18985804915428162
1281,4,165,0.2547653317451477
1282,4,166,0.23568210005760193
1283,4,167,0.20841443538665771
1284,4,168,0.2185591757297516
1285,4,169,0.2076076716184616
1286,4,170,0.18650582432746887
1287,4,171,0.2192101776599884
1288,4,172,0.19918294250965118
1289,4,173,0.20166893303394318
1290,4,174,0.17291776835918427
1291,4,175,0.19145973026752472
1292,4,176,0.20282652974128723
1293,4,177,0.208453968167305
1294,4,178,0.22019228339195251
1295,4,179,0.191640704870224
1296,4,180,0.2799721360206604
1297,4,181,0.22891557216644287
1298,4,182,0.2744143605232239
1299,4,183,0.19799600541591644
1300,4,184,0.23217801749706268
1301,4,185,0.20997683703899384
1302,4,186,0.248159259557724
1303,4,187,0.1973833590745926
1304,4,188,0.5214918851852417
1305,4,189,0.20848438143730164
1306,4,190,0.1984865367412567
1307,4,191,0.24466924369335175
1308,4,192,0.22211885452270508
1309,4,193,0.22855444252490997
1310,4,194,0.19605180621147156
1311,4,195,0.20525586605072021
1312,4,196,0.23694422841072083
1313,4,197,0.29624542593955994
1314,4,198,0.239731103181839
1315,4,199,0.25020819902420044
1316,4,200,0.2646961212158203
1317,4,201,0.24914796650409698
1318,4,202,0.22357439994812012
1319,4,203,0.2657117247581482
1320,4,204,0.18723538517951965
1321,4,205,0.17738106846809387
1322,4,206,0.2631710469722748
1323,4,207,0.2372017800807953
1324,4,208,0.252776563167572
1325,4,209,0.22109846770763397
1326,4,210,0.2745593190193176
1327,4,211,0.1824757605791092
1328,4,212,0.26253169775009155
1329,4,213,0.2147977650165558
1330,4,214,0.29034075140953064
1331,4,215,0.2450793981552124
1332,4,216,0.22487881779670715
1333,4,217,0.23026034235954285
1334,4,218,0.21622371673583984
1335,4,219,0.23995956778526306
1336,4,220,0.17544634640216827
1337,4,221,0.23286719620227814
1338,4,222,0.2295805662870407
1339,4,223,0.2598956227302551
1340,4,224,0.24163441359996796
1341,4,225,0.25970393419265747
1342,4,226,0.23195800185203552
1343,4,227,0.25458794832229614
1344,4,228,0.2743698060512543
1345,4,229,0.2631864547729492
1346,4,230,0.3750697076320648
1347,4,231,0.2274472415447235
1348,4,232,0.21680064499378204
1349,4,233,0.20288625359535217
1350,4,234,0.2340715378522873
1351,4,235,0.2507995367050171
1352,4,236,0.19462935626506805
1353,4,237,0.22142073512077332
1354,4,238,0.20698706805706024
1355,4,239,0.23074233531951904
1356,4,240,0.16503772139549255
1357,4,241,0.5643565654754639
1358,4,242,0.5580563545227051
1359,4,243,0.22946672141551971
1360,4,244,0.22158589959144592
1361,4,245,0.2160150706768036
1362,4,246,0.21738965809345245
1363,4,247,0.19469264149665833
1364,4,248,0.25031036138534546
1365,4,249,0.25038740038871765
1366,4,250,0.22591933608055115
1367,4,251,0.1946888417005539
1368,4,252,0.21770086884498596
1369,4,253,0.20696492493152618
1370,4,254,0.22270822525024414
1371,4,255,0.23364491760730743
1372,4,256,0.243315190076828
1373,4,257,0.2436802089214325
1374,4,258,0.24194490909576416
1375,4,259,0.224899023771286
1376,4,260,0.2392755001783371
1377,4,261,0.17552843689918518
1378,4,262,0.21072950959205627
1379,4,263,0.183235302567482
1380,4,264,0.22649578750133514
1381,4,265,0.24035117030143738
1382,4,266,0.26862281560897827
1383,4,267,0.21149465441703796
1384,4,268,0.19500359892845154
1385,4,269,0.21131375432014465
1386,4,270,0.2553792893886566
1387,4,271,0.22378334403038025
1388,4,272,0.2337828427553177
1389,4,273,0.19846026599407196
1390,4,274,0.2482568323612213
1391,4,275,0.28607580065727234
1392,4,276,0.21661058068275452
1393,4,277,0.18019947409629822
1394,4,278,0.17163336277008057
1395,4,279,0.21548573672771454
1396,4,280,0.17738761007785797
1397,4,281,0.19779454171657562
1398,4,282,0.1580801159143448
1399,4,283,0.18898311257362366
1400,4,284,0.25034359097480774
1401,4,285,0.2372349500656128
1402,4,286,0.2199041098356247
1403,4,287,0.25131160020828247
1404,4,288,0.18863755464553833
1405,4,289,0.20982809364795685
1406,4,290,0.21196675300598145
1407,4,291,0.24085482954978943
1408,4,292,0.21632587909698486
1409,4,293,0.5154512524604797
1410,4,294,0.23237864673137665
1411,4,295,0.21258029341697693
1412,4,296,0.22041276097297668
1413,4,297,0.22738869488239288
1414,4,298,0.1972566545009613
1415,4,299,0.2223896086215973
1416,4,300,0.20964737236499786
1417,4,301,0.21266746520996094
1418,4,302,0.20287592709064484
1419,4,303,0.2514720559120178
1420,4,304,0.24325630068778992
1421,4,305,0.2331738919019699
1422,4,306,0.18953290581703186
1423,4,307,0.30718231201171875
1424,4,308,0.24277114868164062
1425,4,309,0.22355398535728455
1426,4,310,0.2810797393321991
1427,4,311,0.22384777665138245
1428,4,312,0.27461475133895874
1429,4,313,0.24489612877368927
1430,4,314,0.29916104674339294
1431,4,315,0.6012558341026306
1432,4,316,0.22022664546966553
1433,4,317,0.2860232889652252
1434,4,318,0.1828971803188324
1435,4,319,0.2565377652645111
1436,4,320,0.16891200840473175
1437,4,321,0.25505125522613525
1438,4,322,0.20475521683692932
1439,4,323,0.2299346923828125
1440,4,324,0.20989525318145752
1441,4,325,0.22072970867156982
1442,4,326,0.199031263589859
1443,4,327,0.22114519774913788
1444,4,328,0.20666329562664032
1445,4,329,0.2071693390607834
1446,4,330,0.19744642078876495
1447,4,331,0.19268332421779633
1448,4,332,0.20580212771892548
1449,4,333,0.22312533855438232
1450,4,334,0.20575007796287537
1451,4,335,0.3551798164844513
1452,4,336,0.19101151823997498
1453,4,337,0.2257688343524933
1454,4,338,0.24453222751617432
1455,4,339,0.2464715987443924
1456,4,340,0.2870181202888489
1457,4,341,0.21559381484985352
1458,4,342,0.1872490495443344
1459,4,343,0.3775051236152649
1460,4,344,0.21800360083580017
1461,4,345,0.2331564724445343
1462,4,346,0.2596324384212494
1463,4,347,0.24980401992797852
1464,4,348,0.20009033381938934
1465,4,349,0.24008718132972717
1466,4,350,0.21696290373802185
1467,4,351,0.25529760122299194
1468,4,352,0.2171897441148758
1469,4,353,0.19528135657310486
1470,4,354,0.21373076736927032
1471,4,355,0.23163512349128723
1472,4,356,0.22919738292694092
1473,4,357,0.17816931009292603
1474,4,358,0.2478220909833908
1475,4,359,0.2192118912935257
1476,4,360,0.3228936195373535
1477,4,361,0.176707923412323
1478,4,362,0.25916892290115356
1479,4,363,0.20413455367088318
1480,4,364,0.3575969636440277
1481,4,365,0.24590639770030975
1482,4,366,0.20217542350292206
1483,4,367,0.21828770637512207
1484,4,368,0.2209855616092682
1485,4,369,0.2660590410232544
1486,4,370,0.33236637711524963
1487,4,371,0.22164833545684814
1488,4,372,0.22716277837753296
1489,5,1,0.19704435765743256
1490,5,2,0.20429567992687225
1491,5,3,0.23800671100616455
1492,5,4,0.23847010731697083
1493,5,5,0.2129286825656891
1494,5,6,0.22239503264427185
1495,5,7,0.2131260335445404
1496,5,8,0.24584650993347168
1497,5,9,0.1757759004831314
1498,5,10,0.20452837646007538
1499,5,11,0.1865636706352234
1500,5,12,0.2196950614452362
1501,5,13,0.2715000510215759
1502,5,14,0.3217044472694397
1503,5,15,0.21971777081489563
1504,5,16,0.19548937678337097
1505,5,17,0.21676087379455566
1506,5,18,0.18677803874015808
1507,5,19,0.2554972171783447
1508,5,20,0.20890113711357117
1509,5,21,0.20000989735126495
1510,5,22,0.38057130575180054
1511,5,23,0.2358122318983078
1512,5,24,0.2729343771934509
1513,5,25,0.21181435883045197
1514,5,26,0.21844696998596191
1515,5,27,0.22138866782188416
1516,5,28,0.1819775253534317
1517,5,29,0.27883121371269226
1518,5,30,0.24881932139396667
1519,5,31,0.25630897283554077
1520,5,32,0.228180930018425
1521,5,33,0.21308985352516174
1522,5,34,0.1753857284784317
1523,5,35,0.1921418011188507
1524,5,36,0.19730916619300842
1525,5,37,0.2408093512058258
1526,5,38,0.20851051807403564
1527,5,39,0.20804715156555176
1528,5,40,0.17941763997077942
1529,5,41,0.24641123414039612
1530,5,42,0.24922680854797363
1531,5,43,0.22564657032489777
1532,5,44,0.18668916821479797
1533,5,45,0.17374403774738312
1534,5,46,0.2813519835472107
1535,5,47,0.17220939695835114
1536,5,48,0.16159306466579437
1537,5,49,0.19282059371471405
1538,5,50,0.18312963843345642
1539,5,51,0.20458576083183289
1540,5,52,0.23587961494922638
1541,5,53,0.21479299664497375
1542,5,54,0.1589394062757492
1543,5,55,0.277131050825119
1544,5,56,0.17498710751533508
1545,5,57,0.17766588926315308
1546,5,58,0.1841227412223816
1547,5,59,0.5515097975730896
1548,5,60,0.2443925142288208
1549,5,61,0.19259300827980042
1550,5,62,0.2329840362071991
1551,5,63,0.2124313861131668
1552,5,64,0.19239790737628937
1553,5,65,0.23408325016498566
1554,5,66,0.1864682137966156
1555,5,67,0.18367788195610046
1556,5,68,0.2294902503490448
1557,5,69,0.19749431312084198
1558,5,70,0.18853412568569183
1559,5,71,0.1973543018102646
1560,5,72,0.24001601338386536
1561,5,73,0.21980981528759003
1562,5,74,0.19574156403541565
1563,5,75,0.1780911237001419
1564,5,76,0.22644300758838654
1565,5,77,0.23940308392047882
1566,5,78,0.18199679255485535
1567,5,79,0.25857752561569214
1568,5,80,0.20439186692237854
1569,5,81,0.17441514134407043
1570,5,82,0.1822037547826767
1571,5,83,0.15761102735996246
1572,5,84,0.19515134394168854
1573,5,85,0.17859677970409393
1574,5,86,0.23765043914318085
1575,5,87,0.19604966044425964
1576,5,88,0.23495681583881378
1577,5,89,0.18328633904457092
1578,5,90,0.21953904628753662
1579,5,91,0.28470849990844727
1580,5,92,0.20904132723808289
1581,5,93,0.23116497695446014
1582,5,94,0.18657180666923523
1583,5,95,0.19182921946048737
1584,5,96,0.18075333535671234
1585,5,97,0.2197587490081787
1586,5,98,0.20462875068187714
1587,5,99,0.18029353022575378
1588,5,100,0.1934613734483719
1589,5,101,0.1878938227891922
1590,5,102,0.20513398945331573
1591,5,103,0.23919431865215302
1592,5,104,0.21519021689891815
1593,5,105,0.24510112404823303
1594,5,106,0.20747587084770203
1595,5,107,0.25190454721450806
1596,5,108,0.21279072761535645
1597,5,109,0.27122142910957336
1598,5,110,0.22803589701652527
1599,5,111,0.18997594714164734
1600,5,112,0.20423245429992676
1601,5,113,0.17502230405807495
1602,5,114,0.16258199512958527
1603,5,115,0.19251713156700134
1604,5,116,0.18064838647842407
1605,5,117,0.20070533454418182
1606,5,118,0.19355329871177673
1607,5,119,0.1937188357114792
1608,5,120,0.5937603116035461
1609,5,121,0.2290157824754715
1610,5,122,0.21885254979133606
1611,5,123,0.2045009881258011
1612,5,124,0.20270895957946777
1613,5,125,0.16162320971488953
1614,5,126,0.234462708234787
1615,5,127,0.22108633816242218
1616,5,128,0.20968453586101532
1617,5,129,0.44661831855773926
1618,5,130,0.25585997104644775
1619,5,131,0.16983847320079803
1620,5,132,0.16334611177444458
1621,5,133,0.25995028018951416
1622,5,134,0.21305689215660095
1623,5,135,0.33764347434043884
1624,5,136,0.17586451768875122
1625,5,137,0.19398745894432068
1626,5,138,0.2249269187450409
1627,5,139,0.2171771228313446
1628,5,140,0.2000184804201126
1629,5,141,0.19832530617713928
1630,5,142,0.20421698689460754
1631,5,143,0.1834416389465332
1632,5,144,0.14808513224124908
1633,5,145,0.20278994739055634
1634,5,146,0.2190525084733963
1635,5,147,0.19083857536315918
1636,5,148,0.20080745220184326
1637,5,149,0.2162097692489624
1638,5,150,0.38188034296035767
1639,5,151,0.20882602035999298
1640,5,152,0.2179277390241623
1641,5,153,0.20037028193473816
1642,5,154,0.20327767729759216
1643,5,155,0.21893051266670227
1644,5,156,0.2358258217573166
1645,5,157,0.20072050392627716
1646,5,158,0.21149277687072754
1647,5,159,0.15880458056926727
1648,5,160,0.23723265528678894
1649,5,161,0.33338600397109985
1650,5,162,0.2443561851978302
1651,5,163,0.23039165139198303
1652,5,164,0.18810990452766418
1653,5,165,0.2130364179611206
1654,5,166,0.180599182844162
1655,5,167,0.18537135422229767
1656,5,168,0.21222010254859924
1657,5,169,0.18033406138420105
1658,5,170,0.1886470913887024
1659,5,171,0.1821543276309967
1660,5,172,0.1630670428276062
1661,5,173,0.21148589253425598
1662,5,174,0.21967467665672302
1663,5,175,0.2027880847454071
1664,5,176,0.3494234085083008
1665,5,177,0.22954218089580536
1666,5,178,0.2148033082485199
1667,5,179,0.19532053172588348
1668,5,180,0.157704696059227
1669,5,181,0.19765090942382812
1670,5,182,0.1952771246433258
1671,5,183,0.2235681712627411
1672,5,184,0.2283204048871994
1673,5,185,0.26980501413345337
1674,5,186,0.19397108256816864
1675,5,187,0.21878528594970703
1676,5,188,0.23943352699279785
1677,5,189,0.265546977519989
1678,5,190,0.2562439739704132
1679,5,191,0.21802520751953125
1680,5,192,0.23190054297447205
1681,5,193,0.15302124619483948
1682,5,194,0.2498534619808197
1683,5,195,0.22448985278606415
1684,5,196,0.18616856634616852
1685,5,197,0.19428572058677673
1686,5,198,0.2898177206516266
1687,5,199,0.19295640289783478
1688,5,200,0.24507494270801544
1689,5,201,0.1732383668422699
1690,5,202,0.20432725548744202
1691,5,203,0.15827782452106476
1692,5,204,0.2181611955165863
1693,5,205,0.19178162515163422
1694,5,206,0.1764240562915802
1695,5,207,0.20278489589691162
1696,5,208,0.1979832798242569
1697,5,209,0.1565764993429184
1698,5,210,0.18178899586200714
1699,5,211,0.2591434121131897
1700,5,212,0.1796680986881256
1701,5,213,0.39252978563308716
1702,5,214,0.24318435788154602
1703,5,215,0.1999334990978241
1704,5,216,0.21909090876579285
1705,5,217,0.24470248818397522
1706,5,218,0.1920647919178009
1707,5,219,0.24549785256385803
1708,5,220,0.19917398691177368
1709,5,221,0.18688589334487915
1710,5,222,0.201492577791214
1711,5,223,0.21312782168388367
1712,5,224,0.23661057651042938
1713,5,225,0.5374791622161865
1714,5,226,0.24054351449012756
1715,5,227,0.22339987754821777
1716,5,228,0.4177855849266052
1717,5,229,0.19235841929912567
1718,5,230,0.2011198252439499
1719,5,231,0.1885976493358612
1720,5,232,0.1730986386537552
1721,5,233,0.1882244050502777
1722,5,234,0.2446964532136917
1723,5,235,0.2337583303451538
1724,5,236,0.21204586327075958
1725,5,237,0.202108696103096
1726,5,238,0.2061794251203537
1727,5,239,0.18990746140480042
1728,5,240,0.21217754483222961
1729,5,241,0.37290722131729126
1730,5,242,0.20969252288341522
1731,5,243,0.21153700351715088
1732,5,244,0.19929690659046173
1733,5,245,0.29500091075897217
1734,5,246,0.18717557191848755
1735,5,247,0.2060166299343109
1736,5,248,0.21087417006492615
1737,5,249,0.36374565958976746
1738,5,250,0.23040887713432312
1739,5,251,0.22938856482505798
1740,5,252,0.2963804602622986
1741,5,253,0.22185814380645752
1742,5,254,0.190224289894104
1743,5,255,0.21113011240959167
1744,5,256,0.17497150599956512
1745,5,257,0.2117997705936432
1746,5,258,0.17172186076641083
1747,5,259,0.24829892814159393
1748,5,260,0.41816282272338867
1749,5,261,0.20782411098480225
1750,5,262,0.19606295228004456
1751,5,263,0.2201911211013794
1752,5,264,0.22118839621543884
1753,5,265,0.23969916999340057
1754,5,266,0.1859361231327057
1755,5,267,0.17747274041175842
1756,5,268,0.19789530336856842
1757,5,269,0.1796201765537262
1758,5,270,0.2588265538215637
1759,5,271,0.15314126014709473
1760,5,272,0.18601658940315247
1761,5,273,0.20720604062080383
1762,5,274,0.18524900078773499
1763,5,275,0.23853997886180878
1764,5,276,0.24763211607933044
1765,5,277,0.21210864186286926
1766,5,278,0.30135685205459595
1767,5,279,0.23539654910564423
1768,5,280,0.28894394636154175
1769,5,281,0.1838001310825348
1770,5,282,0.21625885367393494
1771,5,283,0.22706690430641174
1772,5,284,0.2104845494031906
1773,5,285,0.21764667332172394
1774,5,286,0.20842590928077698
1775,5,287,0.21561019122600555
1776,5,288,0.18454423546791077
1777,5,289,0.2149091511964798
1778,5,290,0.23738980293273926
1779,5,291,0.24590244889259338
1780,5,292,0.16369149088859558
1781,5,293,0.39052826166152954
1782,5,294,0.2590702772140503
1783,5,295,0.20993080735206604
1784,5,296,0.21597108244895935
1785,5,297,0.21308808028697968
1786,5,298,0.3156610429286957
1787,5,299,0.20170477032661438
1788,5,300,0.2635016441345215
1789,5,301,0.17088904976844788
1790,5,302,0.1954309493303299
1791,5,303,0.20466077327728271
1792,5,304,0.20233328640460968
1793,5,305,0.1801709532737732
1794,5,306,0.19265639781951904
1795,5,307,0.2289704829454422
1796,5,308,0.21241244673728943
1797,5,309,0.20820684731006622
1798,5,310,0.17789581418037415
1799,5,311,0.19988518953323364
1800,5,312,0.22653844952583313
1801,5,313,0.27618297934532166
1802,5,314,0.19776766002178192
1803,5,315,0.20670969784259796
1804,5,316,0.18373067677021027
1805,5,317,0.1774785965681076
1806,5,318,0.19848303496837616
1807,5,319,0.22884908318519592
1808,5,320,0.1877564638853073
1809,5,321,0.19698253273963928
1810,5,322,0.19178955256938934
1811,5,323,0.24129995703697205
1812,5,324,0.2074439823627472
1813,5,325,0.3043673634529114
1814,5,326,0.18838131427764893
1815,5,327,0.17561335861682892
1816,5,328,0.24480023980140686
1817,5,329,0.20885320007801056
1818,5,330,0.16813170909881592
1819,5,331,0.21447011828422546
1820,5,332,0.24889269471168518
1821,5,333,0.24367117881774902
1822,5,334,0.17252597212791443
1823,5,335,0.22575624287128448
1824,5,336,0.15718351304531097
1825,5,337,0.17735131084918976
1826,5,338,0.18379469215869904
1827,5,339,0.1942473202943802
1828,5,340,0.2555239498615265
1829,5,341,0.23135927319526672
1830,5,342,0.19495633244514465
1831,5,343,0.24242158234119415
1832,5,344,0.19299396872520447
1833,5,345,0.22493812441825867
1834,5,346,0.16861441731452942
1835,5,347,0.23982301354408264
1836,5,348,0.17000021040439606
1837,5,349,0.25479716062545776
1838,5,350,0.16414935886859894
1839,5,351,0.18964487314224243
1840,5,352,0.22369222342967987
1841,5,353,0.1926022469997406
1842,5,354,0.19957037270069122
1843,5,355,0.17664878070354462
1844,5,356,0.19789442420005798
1845,5,357,0.17590104043483734
1846,5,358,0.2896503508090973
1847,5,359,0.20498478412628174
1848,5,360,0.236364483833313
1849,5,361,0.20598089694976807
1850,5,362,0.1714484989643097
1851,5,363,0.1947210729122162
1852,5,364,0.1923685073852539
1853,5,365,0.3396090567111969
1854,5,366,0.2058819830417633
1855,5,367,0.21615973114967346
1856,5,368,0.19346687197685242
1857,5,369,0.21514873206615448
1858,5,370,0.22196975350379944
1859,5,371,0.2275223433971405
1860,5,372,0.2562662959098816
1861,6,1,0.3345094323158264
1862,6,2,0.1938350945711136
1863,6,3,0.23419880867004395
1864,6,4,0.20863452553749084
1865,6,5,0.24274428188800812
1866,6,6,0.20962651073932648
1867,6,7,0.19253575801849365
1868,6,8,0.18813998997211456
1869,6,9,0.38861697912216187
1870,6,10,0.17039832472801208
1871,6,11,0.22920174896717072
1872,6,12,0.19269295036792755
1873,6,13,0.17627789080142975
1874,6,14,0.1707964539527893
1875,6,15,0.18666841089725494
1876,6,16,0.19477519392967224
1877,6,17,0.20429067313671112
1878,6,18,0.20282740890979767
1879,6,19,0.1596926748752594
1880,6,20,0.19490660727024078
1881,6,21,0.19000132381916046
1882,6,22,0.2160170078277588
1883,6,23,0.22147440910339355
1884,6,24,0.1707913875579834
1885,6,25,0.18955469131469727
1886,6,26,0.20389845967292786
1887,6,27,0.2225969284772873
1888,6,28,0.2463357150554657
1889,6,29,0.1956281214952469
1890,6,30,0.21550631523132324
1891,6,31,0.1863853633403778
1892,6,32,0.16452465951442719
1893,6,33,0.19796742498874664
1894,6,34,0.22935184836387634
1895,6,35,0.2021399438381195
1896,6,36,0.19240431487560272
1897,6,37,0.20540902018547058
1898,6,38,0.22292160987854004
1899,6,39,0.29989898204803467
1900,6,40,0.1928023397922516
1901,6,41,0.20273800194263458
1902,6,42,0.18672871589660645
1903,6,43,0.21676206588745117
1904,6,44,0.18210728466510773
1905,6,45,0.19568315148353577
1906,6,46,0.2046193778514862
1907,6,47,0.1882559359073639
1908,6,48,0.22659675776958466
1909,6,49,0.1860806941986084
1910,6,50,0.22335302829742432
1911,6,51,0.20212869346141815
1912,6,52,0.1923573613166809
1913,6,53,0.21388140320777893
1914,6,54,0.15359489619731903
1915,6,55,0.18087971210479736
1916,6,56,0.169843390583992
1917,6,57,0.1697463095188141
1918,6,58,0.19113007187843323
1919,6,59,0.18084099888801575
1920,6,60,0.1823170781135559
1921,6,61,0.1802310049533844
1922,6,62,0.2393358200788498
1923,6,63,0.16761568188667297
1924,6,64,0.1794237196445465
1925,6,65,0.27810993790626526
1926,6,66,0.21419069170951843
1927,6,67,0.18646441400051117
1928,6,68,0.20964917540550232
1929,6,69,0.18749667704105377
1930,6,70,0.18710382282733917
1931,6,71,0.18545271456241608
1932,6,72,0.18973082304000854
1933,6,73,0.2265942543745041
1934,6,74,0.2397083044052124
1935,6,75,0.21915388107299805
1936,6,76,0.20877131819725037
1937,6,77,0.1750701367855072
1938,6,78,0.19578425586223602
1939,6,79,0.1671614646911621
1940,6,80,0.1846558004617691
1941,6,81,0.17695823311805725
1942,6,82,0.15875592827796936
1943,6,83,0.18520405888557434
1944,6,84,0.16142971813678741
1945,6,85,0.1790338158607483
1946,6,86,0.17198464274406433
1947,6,87,0.19058935344219208
1948,6,88,0.20248618721961975
1949,6,89,0.1837589591741562
1950,6,90,0.19441838562488556
1951,6,91,0.18519066274166107
1952,6,92,0.1976061761379242
1953,6,93,0.17593589425086975
1954,6,94,0.16902047395706177
1955,6,95,0.19699713587760925
1956,6,96,0.17547054588794708
1957,6,97,0.19819889962673187
1958,6,98,0.18635818362236023
1959,6,99,0.16222620010375977
1960,6,100,0.20786423981189728
1961,6,101,0.17425666749477386
1962,6,102,0.19109900295734406
1963,6,103,0.25648748874664307
1964,6,104,0.34404298663139343
1965,6,105,0.1833154708147049
1966,6,106,0.3659985661506653
1967,6,107,0.22975024580955505
1968,6,108,0.18707336485385895
1969,6,109,0.23120562732219696
1970,6,110,0.24641680717468262
1971,6,111,0.16102853417396545
1972,6,112,0.18842412531375885
1973,6,113,0.24247339367866516
1974,6,114,0.3938641846179962
1975,6,115,0.25050798058509827
1976,6,116,0.18023037910461426
1977,6,117,0.1826663762331009
1978,6,118,0.25855565071105957
1979,6,119,0.14541085064411163
1980,6,120,0.1727345585823059
1981,6,121,0.19972576200962067
1982,6,122,0.20416215062141418
1983,6,123,0.20608286559581757
1984,6,124,0.49526309967041016
1985,6,125,0.18776600062847137
1986,6,126,0.15746642649173737
1987,6,127,0.27435803413391113
1988,6,128,0.2159358561038971
1989,6,129,0.22631308436393738
1990,6,130,0.18294858932495117
1991,6,131,0.1502254605293274
1992,6,132,0.18893665075302124
1993,6,133,0.19440868496894836
1994,6,134,0.19402770698070526
1995,6,135,0.23874661326408386
1996,6,136,0.1782354861497879
1997,6,137,0.21190646290779114
1998,6,138,0.22623541951179504
1999,6,139,0.21343126893043518
2000,6,140,0.20041611790657043
2001,6,141,0.22909533977508545
2002,6,142,0.2168799638748169
2003,6,143,0.1587066352367401
2004,6,144,0.2206617146730423
2005,6,145,0.18442758917808533
2006,6,146,0.22146518528461456
2007,6,147,0.17124831676483154
2008,6,148,0.15472236275672913
2009,6,149,0.20753951370716095
2010,6,150,0.19661562144756317
2011,6,151,0.21727505326271057
2012,6,152,0.2026457041501999
2013,6,153,0.1916751116514206
2014,6,154,0.17903999984264374
2015,6,155,0.18804776668548584
2016,6,156,0.19650313258171082
2017,6,157,0.18468539416790009
2018,6,158,0.2178376019001007
2019,6,159,0.23464682698249817
2020,6,160,0.23273663222789764
2021,6,161,0.17992240190505981
2022,6,162,0.2004946768283844
2023,6,163,0.24364061653614044
2024,6,164,0.18760047852993011
2025,6,165,0.18293091654777527
2026,6,166,0.1916516125202179
2027,6,167,0.1748463362455368
2028,6,168,0.18490464985370636
2029,6,169,0.1933029592037201
2030,6,170,0.18916872143745422
2031,6,171,0.19997261464595795
2032,6,172,0.18533113598823547
2033,6,173,0.16717517375946045
2034,6,174,0.21777388453483582
2035,6,175,0.21603091061115265
2036,6,176,0.21573428809642792
2037,6,177,0.17684319615364075
2038,6,178,0.18463867902755737
2039,6,179,0.16754290461540222
2040,6,180,0.17825545370578766
2041,6,181,0.23628881573677063
2042,6,182,0.1604410707950592
2043,6,183,0.1710803359746933
2044,6,184,0.2084861546754837
2045,6,185,0.18468602001667023
2046,6,186,0.21396541595458984
2047,6,187,0.19832412898540497
2048,6,188,0.25779959559440613
2049,6,189,0.23938176035881042
2050,6,190,0.19926868379116058
2051,6,191,0.22091415524482727
2052,6,192,0.15003013610839844
2053,6,193,0.1695011556148529
2054,6,194,0.19824567437171936
2055,6,195,0.20955558121204376
2056,6,196,0.18538415431976318
2057,6,197,0.17326904833316803
2058,6,198,0.1774737536907196
2059,6,199,0.17647574841976166
2060,6,200,0.21866795420646667
2061,6,201,0.21698060631752014
2062,6,202,0.1921200454235077
2063,6,203,0.2149447500705719
2064,6,204,0.19431784749031067
2065,6,205,0.207464337348938
2066,6,206,0.18275567889213562
2067,6,207,0.20603099465370178
2068,6,208,0.21832270920276642
2069,6,209,0.14820726215839386
2070,6,210,0.1906299889087677
2071,6,211,0.14326705038547516
2072,6,212,0.21900272369384766
2073,6,213,0.2649654746055603
2074,6,214,0.1764921247959137
2075,6,215,0.20897981524467468
2076,6,216,0.18003776669502258
2077,6,217,0.18080942332744598
2078,6,218,0.17744062840938568
2079,6,219,0.18668438494205475
2080,6,220,0.22355279326438904
2081,6,221,0.1864842176437378
2082,6,222,0.17490382492542267
2083,6,223,0.21073921024799347
2084,6,224,0.18753847479820251
2085,6,225,0.2033095806837082
2086,6,226,0.18466028571128845
2087,6,227,0.16528336703777313
2088,6,228,0.19409491121768951
2089,6,229,0.16877903044223785
2090,6,230,0.16263076663017273
2091,6,231,0.23373714089393616
2092,6,232,0.16928085684776306
2093,6,233,0.1618329882621765
2094,6,234,0.1831861287355423
2095,6,235,0.18049576878547668
2096,6,236,0.20570361614227295
2097,6,237,0.1679384410381317
2098,6,238,0.29638731479644775
2099,6,239,0.16402286291122437
2100,6,240,0.21394304931163788
2101,6,241,0.18993176519870758
2102,6,242,0.2031506597995758
2103,6,243,0.17892113327980042
2104,6,244,0.17294424772262573
2105,6,245,0.16107285022735596
2106,6,246,0.14217957854270935
2107,6,247,0.17948076128959656
2108,6,248,0.2370510995388031
2109,6,249,0.16897276043891907
2110,6,250,0.4002590775489807
2111,6,251,0.17697854340076447
2112,6,252,0.17110738158226013
2113,6,253,0.1917278915643692
2114,6,254,0.22636845707893372
2115,6,255,0.21500614285469055
2116,6,256,0.19095343351364136
2117,6,257,0.21063844859600067
2118,6,258,0.19142243266105652
2119,6,259,0.14465570449829102
2120,6,260,0.21564002335071564
2121,6,261,0.19583746790885925
2122,6,262,0.25095972418785095
2123,6,263,0.2496086061000824
2124,6,264,0.1803799420595169
2125,6,265,0.1859518587589264
2126,6,266,0.23758867383003235
2127,6,267,0.21217326819896698
2128,6,268,0.2763180136680603
2129,6,269,0.1842488795518875
2130,6,270,0.19229252636432648
2131,6,271,0.1865372508764267
2132,6,272,0.17992419004440308
2133,6,273,0.2520154118537903
2134,6,274,0.1768420785665512
2135,6,275,0.20081694424152374
2136,6,276,0.18513169884681702
2137,6,277,0.15625
2138,6,278,0.1762704849243164
2139,6,279,0.22298356890678406
2140,6,280,0.1955261379480362
2141,6,281,0.2169807255268097
2142,6,282,0.18877701461315155
2143,6,283,0.21989548206329346
2144,6,284,0.17383155226707458
2145,6,285,0.17365148663520813
2146,6,286,0.1749688982963562
2147,6,287,0.1800413578748703
2148,6,288,0.2269337922334671
2149,6,289,0.18603119254112244
2150,6,290,0.22971220314502716
2151,6,291,0.1746559739112854
2152,6,292,0.19195042550563812
2153,6,293,0.22117558121681213
2154,6,294,0.16400852799415588
2155,6,295,0.2379796952009201
2156,6,296,0.28563013672828674
2157,6,297,0.15349142253398895
2158,6,298,0.17246966063976288
2159,6,299,0.1894865185022354
2160,6,300,0.19849178194999695
2161,6,301,0.19307607412338257
2162,6,302,0.191759392619133
2163,6,303,0.21743670105934143
2164,6,304,0.26073625683784485
2165,6,305,0.21043384075164795
2166,6,306,0.1540510207414627
2167,6,307,0.26985999941825867
2168,6,308,0.1948428452014923
2169,6,309,0.1628812551498413
2170,6,310,0.21530325710773468
2171,6,311,0.19673705101013184
2172,6,312,0.18530915677547455
2173,6,313,0.19256964325904846
2174,6,314,0.1957639455795288
2175,6,315,0.2130221575498581
2176,6,316,0.24457815289497375
2177,6,317,0.3966074585914612
2178,6,318,0.33379584550857544
2179,6,319,0.18528184294700623
2180,6,320,0.1753614991903305
2181,6,321,0.19979870319366455
2182,6,322,0.16784486174583435
2183,6,323,0.17242959141731262
2184,6,324,0.19402840733528137
2185,6,325,0.17437198758125305
2186,6,326,0.18697872757911682
2187,6,327,0.1776932179927826
2188,6,328,0.2023860216140747
2189,6,329,0.24377045035362244
2190,6,330,0.1882067620754242
2191,6,331,0.15562285482883453
2192,6,332,0.2092788964509964
2193,6,333,0.18307964503765106
2194,6,334,0.1840510070323944
2195,6,335,0.1714375913143158
2196,6,336,0.22995293140411377
2197,6,337,0.22366352379322052
2198,6,338,0.1577419936656952
2199,6,339,0.2129073590040207
2200,6,340,0.17117471992969513
2201,6,341,0.2114977389574051
2202,6,342,0.319997638463974
2203,6,343,0.15449894964694977
2204,6,344,0.17094969749450684
2205,6,345,0.26818978786468506
2206,6,346,0.2934020161628723
2207,6,347,0.18108610808849335
2208,6,348,0.18382419645786285
2209,6,349,0.19251716136932373
2210,6,350,0.18139132857322693
2211,6,351,0.19407668709754944
2212,6,352,0.2502118647098541
2213,6,353,0.18719907104969025
2214,6,354,0.22830060124397278
2215,6,355,0.268774151802063
2216,6,356,0.19173184037208557
2217,6,357,0.25961536169052124
2218,6,358,0.23841848969459534
2219,6,359,0.20229318737983704
2220,6,360,0.2203245908021927
2221,6,361,0.23438122868537903
2222,6,362,0.19442644715309143
2223,6,363,0.1880272626876831
2224,6,364,0.18373289704322815
2225,6,365,0.20732104778289795
2226,6,366,0.26858365535736084
2227,6,367,0.2233450710773468
2228,6,368,0.23708626627922058
2229,6,369,0.19314557313919067
2230,6,370,0.1848846822977066
2231,6,371,0.2804037928581238
2232,6,372,0.2690486013889313
2233,7,1,0.1527005136013031
2234,7,2,0.18872448801994324
2235,7,3,0.1578734815120697
2236,7,4,0.15083347260951996
2237,7,5,0.22736582159996033
2238,7,6,0.18882273137569427
2239,7,7,0.1923389732837677
2240,7,8,0.19874678552150726
2241,7,9,0.19691020250320435
2242,7,10,0.17936715483665466
2243,7,11,0.18588624894618988
2244,7,12,0.22368213534355164
2245,7,13,0.20756621658802032
2246,7,14,0.21304690837860107
2247,7,15,0.17105069756507874
2248,7,16,0.20579826831817627
2249,7,17,0.14298902451992035
2250,7,18,0.2197912186384201
2251,7,19,0.17446006834506989
2252,7,20,0.18148913979530334
2253,7,21,0.2493925392627716
2254,7,22,0.16152290999889374
2255,7,23,0.18548181653022766
2256,7,24,0.1795424073934555
2257,7,25,0.1770702302455902
2258,7,26,0.19101867079734802
2259,7,27,0.18710845708847046
2260,7,28,0.1626407653093338
2261,7,29,0.20384898781776428
2262,7,30,0.19010916352272034
2263,7,31,0.14345160126686096
2264,7,32,0.2145119607448578
2265,7,33,0.21617045998573303
2266,7,34,0.19924235343933105
2267,7,35,0.18227112293243408
2268,7,36,0.17621585726737976
2269,7,37,0.1687118113040924
2270,7,38,0.18885719776153564
2271,7,39,0.18043188750743866
2272,7,40,0.1758432686328888
2273,7,41,0.1617373675107956
2274,7,42,0.18761441111564636
2275,7,43,0.16843926906585693
2276,7,44,0.1691238135099411
2277,7,45,0.15065284073352814
2278,7,46,0.17263129353523254
2279,7,47,0.1939021497964859
2280,7,48,0.1597638875246048
2281,7,49,0.16271747648715973
2282,7,50,0.1708070933818817
2283,7,51,0.17771069705486298
2284,7,52,0.16460809111595154
2285,7,53,0.1737459897994995
2286,7,54,0.15508712828159332
2287,7,55,0.1705092340707779
2288,7,56,0.22470815479755402
2289,7,57,0.19112835824489594
2290,7,58,0.19944027066230774
2291,7,59,0.1976420134305954
2292,7,60,0.18753783404827118
2293,7,61,0.14784206449985504
2294,7,62,0.16755053400993347
2295,7,63,0.15079793334007263
2296,7,64,0.18635597825050354
2297,7,65,0.1838550567626953
2298,7,66,0.15990501642227173
2299,7,67,0.16212551295757294
2300,7,68,0.19301769137382507
2301,7,69,0.1844952404499054
2302,7,70,0.17137759923934937
2303,7,71,0.2064048945903778
2304,7,72,0.17538507282733917
2305,7,73,0.16889844834804535
2306,7,74,0.16693590581417084
2307,7,75,0.17560888826847076
2308,7,76,0.17447605729103088
2309,7,77,0.17156001925468445
2310,7,78,0.16151316463947296
2311,7,79,0.15413901209831238
2312,7,80,0.22632698714733124
2313,7,81,0.1417056769132614
2314,7,82,0.1778358817100525
2315,7,83,0.16448290646076202
2316,7,84,0.2052273452281952
2317,7,85,0.24115458130836487
2318,7,86,0.17756929993629456
2319,7,87,0.1834619790315628
2320,7,88,0.1751576066017151
2321,7,89,0.1913415640592575
2322,7,90,0.18031045794487
2323,7,91,0.27019622921943665
2324,7,92,0.20362555980682373
2325,7,93,0.17149131000041962
2326,7,94,0.14886510372161865
2327,7,95,0.19643905758857727
2328,7,96,0.16967546939849854
2329,7,97,0.23696604371070862
2330,7,98,0.16304051876068115
2331,7,99,0.1972898691892624
2332,7,100,0.21007616817951202
2333,7,101,0.206368088722229
2334,7,102,0.22330236434936523
2335,7,103,0.15745781362056732
2336,7,104,0.19948390126228333
2337,7,105,0.1687074601650238
2338,7,106,0.17092487215995789
2339,7,107,0.20306217670440674
2340,7,108,0.13916698098182678
2341,7,109,0.1570764183998108
2342,7,110,0.17351718246936798
2343,7,111,0.16438499093055725
2344,7,112,0.14868572354316711
2345,7,113,0.21875831484794617
2346,7,114,0.19238026440143585
2347,7,115,0.203311488032341
2348,7,116,0.1779060959815979
2349,7,117,0.1723432093858719
2350,7,118,0.2872920334339142
2351,7,119,0.1492547243833542
2352,7,120,0.2248397171497345
2353,7,121,0.19535991549491882
2354,7,122,0.1544901430606842
2355,7,123,0.18639521300792694
2356,7,124,0.17029829323291779
2357,7,125,0.255901038646698
2358,7,126,0.15235570073127747
2359,7,127,0.17329996824264526
2360,7,128,0.20863589644432068
2361,7,129,0.20076365768909454
2362,7,130,0.16130170226097107
2363,7,131,0.16792935132980347
2364,7,132,0.18675830960273743
2365,7,133,0.2182944267988205
2366,7,134,0.2097470462322235
2367,7,135,0.18883411586284637
2368,7,136,0.19637377560138702
2369,7,137,0.16294515132904053
2370,7,138,0.2235526293516159
2371,7,139,0.19297190010547638
2372,7,140,0.24184808135032654
2373,7,141,0.22539524734020233
2374,7,142,0.16722747683525085
2375,7,143,0.20680490136146545
2376,7,144,0.14654500782489777
2377,7,145,0.379008412361145
2378,7,146,0.1845690906047821
2379,7,147,0.1543557047843933
2380,7,148,0.19299039244651794
2381,7,149,0.1617790162563324
2382,7,150,0.18435664474964142
2383,7,151,0.18531681597232819
2384,7,152,0.18600572645664215
2385,7,153,0.1513759046792984
2386,7,154,0.1570826917886734
2387,7,155,0.17856411635875702
2388,7,156,0.20579716563224792
2389,7,157,0.1860804706811905
2390,7,158,0.1623440533876419
2391,7,159,0.1569449007511139
2392,7,160,0.1564292311668396
2393,7,161,0.167951300740242
2394,7,162,0.16408200562000275
2395,7,163,0.1341300755739212
2396,7,164,0.13458485901355743
2397,7,165,0.16608428955078125
2398,7,166,0.16138409078121185
2399,7,167,0.16836199164390564
2400,7,168,0.1907612681388855
2401,7,169,0.16536656022071838
2402,7,170,0.18359000980854034
2403,7,171,0.17390640079975128
2404,7,172,0.12784819304943085
2405,7,173,0.1696464568376541
2406,7,174,0.17316389083862305
2407,7,175,0.16982951760292053
2408,7,176,0.2027469128370285
2409,7,177,0.23093175888061523
2410,7,178,0.17992852628231049
2411,7,179,0.1704104244709015
2412,7,180,0.18561558425426483
2413,7,181,0.1834350824356079
2414,7,182,0.20049719512462616
2415,7,183,0.18375438451766968
2416,7,184,0.1694815456867218
2417,7,185,0.16363373398780823
2418,7,186,0.18251542747020721
2419,7,187,0.15437129139900208
2420,7,188,0.1740652173757553
2421,7,189,0.1527007669210434
2422,7,190,0.2046341896057129
2423,7,191,0.1534680873155594
2424,7,192,0.189125195145607
2425,7,193,0.20321328938007355
2426,7,194,0.1821240931749344
2427,7,195,0.19739827513694763
2428,7,196,0.16343456506729126
2429,7,197,0.17238959670066833
2430,7,198,0.1709238588809967
2431,7,199,0.18376240134239197
2432,7,200,0.15893997251987457
2433,7,201,0.19374744594097137
2434,7,202,0.18904806673526764
2435,7,203,0.24269048869609833
2436,7,204,0.18394479155540466
2437,7,205,0.3197699189186096
2438,7,206,0.1431381106376648
2439,7,207,0.13603267073631287
2440,7,208,0.15452469885349274
2441,7,209,0.17794498801231384
2442,7,210,0.1588132381439209
2443,7,211,0.15855194628238678
2444,7,212,0.1604526937007904
2445,7,213,0.16524189710617065
2446,7,214,0.1849726289510727
2447,7,215,0.1667972058057785
2448,7,216,0.18120945990085602
2449,7,217,0.19098468124866486
2450,7,218,0.18557801842689514
2451,7,219,0.17440643906593323
2452,7,220,0.21470484137535095
2453,7,221,0.15972445905208588
2454,7,222,0.1530599147081375
2455,7,223,0.16723433136940002
2456,7,224,0.20820653438568115
2457,7,225,0.5197868943214417
2458,7,226,0.17707344889640808
2459,7,227,0.20165450870990753
2460,7,228,0.2160944640636444
2461,7,229,0.2021523267030716
2462,7,230,0.1683177351951599
2463,7,231,0.15714916586875916
2464,7,232,0.1555667519569397
2465,7,233,0.15986396372318268
2466,7,234,0.201198011636734
2467,7,235,0.16404755413532257
2468,7,236,0.1902426779270172
2469,7,237,0.17518241703510284
2470,7,238,0.1434488445520401
2471,7,239,0.1589418351650238
2472,7,240,0.1607198864221573
2473,7,241,0.1675979346036911
2474,7,242,0.16908475756645203
2475,7,243,0.15077009797096252
2476,7,244,0.20326945185661316
2477,7,245,0.1481434404850006
2478,7,246,0.12281284481287003
2479,7,247,0.1686706691980362
2480,7,248,0.1892259120941162
2481,7,249,0.18672405183315277
2482,7,250,0.2583847641944885
2483,7,251,0.21722359955310822
2484,7,252,0.19746133685112
2485,7,253,0.19093504548072815
2486,7,254,0.1778424233198166
2487,7,255,0.16331343352794647
2488,7,256,0.19410637021064758
2489,7,257,0.16676077246665955
2490,7,258,0.15100473165512085
2491,7,259,0.148494690656662
2492,7,260,0.19413040578365326
2493,7,261,0.16793489456176758
2494,7,262,0.17869329452514648
2495,7,263,0.2653902769088745
2496,7,264,0.16489504277706146
2497,7,265,0.20448485016822815
2498,7,266,0.21312201023101807
2499,7,267,0.18389324843883514
2500,7,268,0.22966036200523376
2501,7,269,0.16579626500606537
2502,7,270,0.18133269250392914
2503,7,271,0.17005181312561035
2504,7,272,0.17617619037628174
2505,7,273,0.18096046149730682
2506,7,274,0.14492909610271454
2507,7,275,0.19865445792675018
2508,7,276,0.1783076524734497
2509,7,277,0.2265584021806717
2510,7,278,0.15004879236221313
2511,7,279,0.2260095775127411
2512,7,280,0.17829228937625885
2513,7,281,0.1870751678943634
2514,7,282,0.3102383613586426
2515,7,283,0.2051326334476471
2516,7,284,0.19002847373485565
2517,7,285,0.2512357532978058
2518,7,286,0.20131778717041016
2519,7,287,0.1730344593524933
2520,7,288,0.18385601043701172
2521,7,289,0.23297488689422607
2522,7,290,0.1500277817249298
2523,7,291,0.20436790585517883
2524,7,292,0.2159689962863922
2525,7,293,0.16303421556949615
2526,7,294,0.17007006704807281
2527,7,295,0.29276901483535767
2528,7,296,0.1621396541595459
2529,7,297,0.21258597075939178
2530,7,298,0.15748126804828644
2531,7,299,0.18310251832008362
2532,7,300,0.17491558194160461
2533,7,301,0.1795642226934433
2534,7,302,0.19152173399925232
2535,7,303,0.17124202847480774
2536,7,304,0.16487792134284973
2537,7,305,0.22343678772449493
2538,7,306,0.18725092709064484
2539,7,307,0.2533727288246155
2540,7,308,0.1672065407037735
2541,7,309,0.23666581511497498
2542,7,310,0.17441588640213013
2543,7,311,0.1577829271554947
2544,7,312,0.21005257964134216
2545,7,313,0.20289500057697296
2546,7,314,0.1835125833749771
2547,7,315,0.15441091358661652
2548,7,316,0.18467023968696594
2549,7,317,0.17293734848499298
2550,7,318,0.1584242880344391
2551,7,319,0.18979564309120178
2552,7,320,0.16633842885494232
2553,7,321,0.19389167428016663
2554,7,322,0.21614310145378113
2555,7,323,0.19471102952957153
2556,7,324,0.19235363602638245
2557,7,325,0.19784997403621674
2558,7,326,0.18649432063102722
2559,7,327,0.17143653333187103
2560,7,328,0.14888019859790802
2561,7,329,0.19555515050888062
2562,7,330,0.18277643620967865
2563,7,331,0.167207270860672
2564,7,332,0.20025916397571564
2565,7,333,0.21399915218353271
2566,7,334,0.18371886014938354
2567,7,335,0.17292872071266174
2568,7,336,0.17176280915737152
2569,7,337,0.16807159781455994
2570,7,338,0.16029426455497742
2571,7,339,0.18323346972465515
2572,7,340,0.2096424400806427
2573,7,341,0.17732223868370056
2574,7,342,0.19792720675468445
2575,7,343,0.16068987548351288
2576,7,344,0.2168634682893753
2577,7,345,0.19407154619693756
2578,7,346,0.1604156196117401
2579,7,347,0.19342508912086487
2580,7,348,0.1799183189868927
2581,7,349,0.1791551411151886
2582,7,350,0.2498048096895218
2583,7,351,0.20697471499443054
2584,7,352,0.18792901933193207
2585,7,353,0.13376250863075256
2586,7,354,0.19159719347953796
2587,7,355,0.19728823006153107
2588,7,356,0.18419091403484344
2589,7,357,0.21282947063446045
2590,7,358,0.1553412228822708
2591,7,359,0.14334803819656372
2592,7,360,0.21092721819877625
2593,7,361,0.21010620892047882
2594,7,362,0.18817046284675598
2595,7,363,0.20457608997821808
2596,7,364,0.23252570629119873
2597,7,365,0.14687903225421906
2598,7,366,0.1836274415254593
2599,7,367,0.22246842086315155
2600,7,368,0.18506023287773132
2601,7,369,0.1814064383506775
2602,7,370,0.17954644560813904
2603,7,371,0.19816629588603973
2604,7,372,0.13765646517276764
2605,8,1,0.19232162833213806
2606,8,2,0.18699496984481812
2607,8,3,0.1420685201883316
2608,8,4,0.17623768746852875
2609,8,5,0.1593271642923355
2610,8,6,0.17435519397258759
2611,8,7,0.18326079845428467
2612,8,8,0.15708379447460175
2613,8,9,0.17159052193164825
2614,8,10,0.1837870478630066
2615,8,11,0.1806405931711197
2616,8,12,0.16429772973060608
2617,8,13,0.25696608424186707
2618,8,14,0.14609062671661377
2619,8,15,0.1715056449174881
2620,8,16,0.15838006138801575
2621,8,17,0.19072948396205902
2622,8,18,0.18165305256843567
2623,8,19,0.1825033724308014
2624,8,20,0.17896640300750732
2625,8,21,0.17391391098499298
2626,8,22,0.16209447383880615
2627,8,23,0.17448891699314117
2628,8,24,0.14044472575187683
2629,8,25,0.14731767773628235
2630,8,26,0.13579295575618744
2631,8,27,0.15968041121959686
2632,8,28,0.14894959330558777
2633,8,29,0.1578637808561325
2634,8,30,0.18850237131118774
2635,8,31,0.1590195596218109
2636,8,32,0.15071779489517212
2637,8,33,0.2712032198905945
2638,8,34,0.15956993401050568
2639,8,35,0.17025890946388245
2640,8,36,0.15181311964988708
2641,8,37,0.16699180006980896
2642,8,38,0.1443903148174286
2643,8,39,0.18162254989147186
2644,8,40,0.15729445219039917
2645,8,41,0.1497979611158371
2646,8,42,0.18902383744716644
2647,8,43,0.1695898324251175
2648,8,44,0.1802242547273636
2649,8,45,0.14101973176002502
2650,8,46,0.15999619662761688
2651,8,47,0.1557520180940628
2652,8,48,0.1589011400938034
2653,8,49,0.15966029465198517
2654,8,50,0.14346276223659515
2655,8,51,0.18336133658885956
2656,8,52,0.18023313581943512
2657,8,53,0.22613418102264404
2658,8,54,0.17428214848041534
2659,8,55,0.141680508852005
2660,8,56,0.14724242687225342
2661,8,57,0.14103439450263977
2662,8,58,0.15273621678352356
2663,8,59,0.170806884765625
2664,8,60,0.18090181052684784
2665,8,61,0.19243094325065613
2666,8,62,0.16032737493515015
2667,8,63,0.14588500559329987
2668,8,64,0.12961407005786896
2669,8,65,0.18362084031105042
2670,8,66,0.14291587471961975
2671,8,67,0.17299675941467285
2672,8,68,0.2218741625547409
2673,8,69,0.17308244109153748
2674,8,70,0.15222597122192383
2675,8,71,0.1414588987827301
2676,8,72,0.1922987997531891
2677,8,73,0.15026041865348816
2678,8,74,0.13201792538166046
2679,8,75,0.15267473459243774
2680,8,76,0.22148802876472473
2681,8,77,0.17242607474327087
2682,8,78,0.17015722393989563
2683,8,79,0.1922232061624527
2684,8,80,0.18025466799736023
2685,8,81,0.1920955926179886
2686,8,82,0.1868032068014145
2687,8,83,0.16472843289375305
2688,8,84,0.19156217575073242
2689,8,85,0.1590593308210373
2690,8,86,0.1357547640800476
2691,8,87,0.1357850283384323
2692,8,88,0.16034649312496185
2693,8,89,0.1782764494419098
2694,8,90,0.14671888947486877
2695,8,91,0.1595877856016159
2696,8,92,0.14244452118873596
2697,8,93,0.16509424149990082
2698,8,94,0.173870250582695
2699,8,95,0.1576802134513855
2700,8,96,0.1507216840982437
2701,8,97,0.15055249631404877
2702,8,98,0.1535581797361374
2703,8,99,0.14749586582183838
2704,8,100,0.1801016628742218
2705,8,101,0.1498599350452423
2706,8,102,0.16472938656806946
2707,8,103,0.14815431833267212
2708,8,104,0.16800229251384735
2709,8,105,0.16093812882900238
2710,8,106,0.1524105817079544
2711,8,107,0.13571199774742126
2712,8,108,0.22761955857276917
2713,8,109,0.1397157609462738
2714,8,110,0.1821899265050888
2715,8,111,0.16130869090557098
2716,8,112,0.15965446829795837
2717,8,113,0.1913568526506424
2718,8,114,0.17186497151851654
2719,8,115,0.16381072998046875
2720,8,116,0.15866002440452576
2721,8,117,0.1709887832403183
2722,8,118,0.15041892230510712
2723,8,119,0.14312079548835754
2724,8,120,0.13142386078834534
2725,8,121,0.18003249168395996
2726,8,122,0.16060633957386017
2727,8,123,0.19193056225776672
2728,8,124,0.15352723002433777
2729,8,125,0.21005335450172424
2730,8,126,0.13347719609737396
2731,8,127,0.1951359212398529
2732,8,128,0.5070172548294067
2733,8,129,0.1994265764951706
2734,8,130,0.1712331920862198
2735,8,131,0.17665450274944305
2736,8,132,0.14552292227745056
2737,8,133,0.1609126627445221
2738,8,134,0.1376214623451233
2739,8,135,0.18591178953647614
2740,8,136,0.19919398427009583
2741,8,137,0.16304072737693787
2742,8,138,0.190606951713562
2743,8,139,0.2072150707244873
2744,8,140,0.14221712946891785
2745,8,141,0.20507881045341492
2746,8,142,0.1501808911561966
2747,8,143,0.20307067036628723
2748,8,144,0.20578284561634064
2749,8,145,0.15134498476982117
2750,8,146,0.17122367024421692
2751,8,147,0.1579108089208603
2752,8,148,0.14495116472244263
2753,8,149,0.14609548449516296
2754,8,150,0.18459589779376984
2755,8,151,0.1755298227071762
2756,8,152,0.1772012710571289
2757,8,153,0.1778661161661148
2758,8,154,0.17131675779819489
2759,8,155,0.14024978876113892
2760,8,156,0.15445394814014435
2761,8,157,0.16663813591003418
2762,8,158,0.17237666249275208
2763,8,159,0.15627546608448029
2764,8,160,0.1259768009185791
2765,8,161,0.16103863716125488
2766,8,162,0.15058287978172302
2767,8,163,0.16937370598316193
2768,8,164,0.1416712999343872
2769,8,165,0.16263428330421448
2770,8,166,0.16713304817676544
2771,8,167,0.16496112942695618
2772,8,168,0.3435207009315491
2773,8,169,0.15388330817222595
2774,8,170,0.14475871622562408
2775,8,171,0.1613941490650177
2776,8,172,0.16300198435783386
2777,8,173,0.15745295584201813
2778,8,174,0.1797364056110382
2779,8,175,0.14587099850177765
2780,8,176,0.27653688192367554
2781,8,177,0.15529470145702362
2782,8,178,0.17822305858135223
2783,8,179,0.20444419980049133
2784,8,180,0.16434641182422638
2785,8,181,0.19011186063289642
2786,8,182,0.17439676821231842
2787,8,183,0.15634015202522278
2788,8,184,0.1375683844089508
2789,8,185,0.16225601732730865
2790,8,186,0.15045544505119324
2791,8,187,0.16993597149848938
2792,8,188,0.1776415854692459
2793,8,189,0.19328263401985168
2794,8,190,0.18478906154632568
2795,8,191,0.17221727967262268
2796,8,192,0.15630978345870972
2797,8,193,0.16511432826519012
2798,8,194,0.14340071380138397
2799,8,195,0.16118469834327698
2800,8,196,0.15837235748767853
2801,8,197,0.12037158012390137
2802,8,198,0.19300973415374756
2803,8,199,0.1688075214624405
2804,8,200,0.16298013925552368
2805,8,201,0.1520242691040039
2806,8,202,0.16785994172096252
2807,8,203,0.20311470329761505
2808,8,204,0.1392683982849121
2809,8,205,0.183403879404068
2810,8,206,0.15459981560707092
2811,8,207,0.178412064909935
2812,8,208,0.1404782384634018
2813,8,209,0.17879457771778107
2814,8,210,0.16803133487701416
2815,8,211,0.15919503569602966
2816,8,212,0.17372038960456848
2817,8,213,0.16397616267204285
2818,8,214,0.20001287758350372
2819,8,215,0.18624576926231384
2820,8,216,0.16618242859840393
2821,8,217,0.1642691195011139
2822,8,218,0.17495106160640717
2823,8,219,0.20036247372627258
2824,8,220,0.16374382376670837
2825,8,221,0.12938758730888367
2826,8,222,0.15397800505161285
2827,8,223,0.18170788884162903
2828,8,224,0.15184693038463593
2829,8,225,0.19748124480247498
2830,8,226,0.14892180263996124
2831,8,227,0.15960080921649933
2832,8,228,0.17938579618930817
2833,8,229,0.1782282292842865
2834,8,230,0.1918027400970459
2835,8,231,0.18100173771381378
2836,8,232,0.4678862988948822
2837,8,233,0.16466745734214783
2838,8,234,0.17425523698329926
2839,8,235,0.17237727344036102
2840,8,236,0.16384883224964142
2841,8,237,0.17963705956935883
2842,8,238,0.15690796077251434
2843,8,239,0.16686883568763733
2844,8,240,0.17340341210365295
2845,8,241,0.19408941268920898
2846,8,242,0.178034245967865
2847,8,243,0.16663780808448792
2848,8,244,0.22625629603862762
2849,8,245,0.16094882786273956
2850,8,246,0.1537896692752838
2851,8,247,0.15618208050727844
2852,8,248,0.15579186379909515
2853,8,249,0.15270373225212097
2854,8,250,0.17216292023658752
2855,8,251,0.1688738763332367
2856,8,252,0.19660185277462006
2857,8,253,0.15471124649047852
2858,8,254,0.14953914284706116
2859,8,255,0.1946113109588623
2860,8,256,0.16885551810264587
2861,8,257,0.14323244988918304
2862,8,258,0.17150132358074188
2863,8,259,0.19309373199939728
2864,8,260,0.19311578571796417
2865,8,261,0.15783964097499847
2866,8,262,0.15949568152427673
2867,8,263,0.1576905995607376
2868,8,264,0.17696337401866913
2869,8,265,0.15705108642578125
2870,8,266,0.2042684257030487
2871,8,267,0.1671614944934845
2872,8,268,0.18551349639892578
2873,8,269,0.19366595149040222
2874,8,270,0.1964583843946457
2875,8,271,0.14576661586761475
2876,8,272,0.18736205995082855
2877,8,273,0.17359016835689545
2878,8,274,0.15860368311405182
2879,8,275,0.1720050424337387
2880,8,276,0.16966740787029266
2881,8,277,0.14780522882938385
2882,8,278,0.21084225177764893
2883,8,279,0.16267310082912445
2884,8,280,0.1452508270740509
2885,8,281,0.17021116614341736
2886,8,282,0.20987839996814728
2887,8,283,0.17607052624225616
2888,8,284,0.16728775203227997
2889,8,285,0.15731428563594818
2890,8,286,0.17557720839977264
2891,8,287,0.18863488733768463
2892,8,288,0.2035887986421585
2893,8,289,0.16006240248680115
2894,8,290,0.3682137131690979
2895,8,291,0.1372426450252533
2896,8,292,0.18147864937782288
2897,8,293,0.13766661286354065
2898,8,294,0.15158353745937347
2899,8,295,0.17914648354053497
2900,8,296,0.15618230402469635
2901,8,297,0.17884789407253265
2902,8,298,0.15802320837974548
2903,8,299,0.14324995875358582
2904,8,300,0.14824703335762024
2905,8,301,0.20115633308887482
2906,8,302,0.18014618754386902
2907,8,303,0.19346308708190918
2908,8,304,0.1750609278678894
2909,8,305,0.153008833527565
2910,8,306,0.1937212198972702
2911,8,307,0.16528481245040894
2912,8,308,0.1607160121202469
2913,8,309,0.1475512683391571
2914,8,310,0.13593190908432007
2915,8,311,0.1635156124830246
2916,8,312,0.1770702600479126
2917,8,313,0.19607466459274292
2918,8,314,0.16269458830356598
2919,8,315,0.19834621250629425
2920,8,316,0.1689692586660385
2921,8,317,0.2094794064760208
2922,8,318,0.18043962121009827
2923,8,319,0.17285224795341492
2924,8,320,0.18610693514347076
2925,8,321,0.15362946689128876
2926,8,322,0.17342177033424377
2927,8,323,0.17014998197555542
2928,8,324,0.22376449406147003
2929,8,325,0.1461288183927536
2930,8,326,0.16409043967723846
2931,8,327,0.14342695474624634
2932,8,328,0.14939631521701813
2933,8,329,0.1810268759727478
2934,8,330,0.1999574601650238
2935,8,331,0.14914348721504211
2936,8,332,0.19131509959697723
2937,8,333,0.18104799091815948
2938,8,334,0.1542583853006363
2939,8,335,0.1788339912891388
2940,8,336,0.17259575426578522
2941,8,337,0.174779012799263
2942,8,338,0.15903720259666443
2943,8,339,0.1749264895915985
2944,8,340,0.17036959528923035
2945,8,341,0.17308486998081207
2946,8,342,0.1559189260005951
2947,8,343,0.15220202505588531
2948,8,344,0.20730307698249817
2949,8,345,0.16529902815818787
2950,8,346,0.17906001210212708
2951,8,347,0.1624523103237152
2952,8,348,0.17438416182994843
2953,8,349,0.1773221790790558
2954,8,350,0.1721511334180832
2955,8,351,0.16040831804275513
2956,8,352,0.1389290988445282
2957,8,353,0.19942325353622437
2958,8,354,0.15566612780094147
2959,8,355,0.18416592478752136
2960,8,356,0.1764276921749115
2961,8,357,0.1886114776134491
2962,8,358,0.13689228892326355
2963,8,359,0.16701698303222656
2964,8,360,0.20128591358661652
2965,8,361,0.23890748620033264
2966,8,362,0.16883881390094757
2967,8,363,0.19549012184143066
2968,8,364,0.15986225008964539
2969,8,365,0.1515355259180069
2970,8,366,0.15277375280857086
2971,8,367,0.15695689618587494
2972,8,368,0.15823617577552795
2973,8,369,0.17854027450084686
2974,8,370,0.1801985204219818
2975,8,371,0.15118537843227386
2976,8,372,0.14895479381084442
2977,9,1,0.17773178219795227
2978,9,2,0.17434002459049225
2979,9,3,0.18656465411186218
2980,9,4,0.1823473870754242
2981,9,5,0.13946318626403809
2982,9,6,0.17234711349010468
2983,9,7,0.12197260558605194
2984,9,8,0.12949231266975403
2985,9,9,0.16433072090148926
2986,9,10,0.15703363716602325
2987,9,11,0.16789773106575012
2988,9,12,0.1463465839624405
2989,9,13,0.20827512443065643
2990,9,14,0.13313469290733337
2991,9,15,0.1652451455593109
2992,9,16,0.14818260073661804
2993,9,17,0.19147804379463196
2994,9,18,0.14105886220932007
2995,9,19,0.1425313502550125
2996,9,20,0.13237038254737854
2997,9,21,0.16917221248149872
2998,9,22,0.21495573222637177
2999,9,23,0.1509593427181244
3000,9,24,0.1575372964143753
3001,9,25,0.1469285637140274
3002,9,26,0.1917828768491745
3003,9,27,0.1387694776058197
3004,9,28,0.15269669890403748
3005,9,29,0.1858159750699997
3006,9,30,0.14892397820949554
3007,9,31,0.1558954417705536
3008,9,32,0.1898650825023651
3009,9,33,0.1658521592617035
3010,9,34,0.16734199225902557
3011,9,35,0.12475365400314331
3012,9,36,0.15706104040145874
3013,9,37,0.1543993353843689
3014,9,38,0.1568542867898941
3015,9,39,0.15337400138378143
3016,9,40,0.1414351612329483
3017,9,41,0.18060627579689026
3018,9,42,0.1408679485321045
3019,9,43,0.17797616124153137
3020,9,44,0.2767800986766815
3021,9,45,0.133792906999588
3022,9,46,0.16291655600070953
3023,9,47,0.14255104959011078
3024,9,48,0.12889090180397034
3025,9,49,0.1572888046503067
3026,9,50,0.17101727426052094
3027,9,51,0.1561400145292282
3028,9,52,0.1645507514476776
3029,9,53,0.16441413760185242
3030,9,54,0.1713012158870697
3031,9,55,0.16388754546642303
3032,9,56,0.1669328808784485
3033,9,57,0.2087351381778717
3034,9,58,0.1926855742931366
3035,9,59,0.15167315304279327
3036,9,60,0.15496863424777985
3037,9,61,0.14754286408424377
3038,9,62,0.1658318042755127
3039,9,63,0.11309288442134857
3040,9,64,0.14954784512519836
3041,9,65,0.14115367829799652
3042,9,66,0.12135368585586548
3043,9,67,0.14431394636631012
3044,9,68,0.1374163031578064
3045,9,69,0.1560700684785843
3046,9,70,0.1620943695306778
3047,9,71,0.14514346420764923
3048,9,72,0.15517330169677734
3049,9,73,0.14094474911689758
3050,9,74,0.17802445590496063
3051,9,75,0.17339619994163513
3052,9,76,0.15093253552913666
3053,9,77,0.13289478421211243
3054,9,78,0.1583283692598343
3055,9,79,0.1652231514453888
3056,9,80,0.17210324108600616
3057,9,81,0.15778779983520508
3058,9,82,0.15698574483394623
3059,9,83,0.15492653846740723
3060,9,84,0.12475629895925522
3061,9,85,0.14683926105499268
3062,9,86,0.1642027646303177
3063,9,87,0.1828686147928238
3064,9,88,0.1436106115579605
3065,9,89,0.1440519094467163
3066,9,90,0.17227599024772644
3067,9,91,0.15134918689727783
3068,9,92,0.16585952043533325
3069,9,93,0.17813631892204285
3070,9,94,0.16097219288349152
3071,9,95,0.13932625949382782
3072,9,96,0.16226473450660706
3073,9,97,0.1427508145570755
3074,9,98,0.1394287645816803
3075,9,99,0.13660359382629395
3076,9,100,0.16051766276359558
3077,9,101,0.1498734951019287
3078,9,102,0.16631461679935455
3079,9,103,0.18095631897449493
3080,9,104,0.1527838408946991
3081,9,105,0.15784375369548798
3082,9,106,0.1847432404756546
3083,9,107,0.14590521156787872
3084,9,108,0.1689845770597458
3085,9,109,0.13847103714942932
3086,9,110,0.16582147777080536
3087,9,111,0.16095906496047974
3088,9,112,0.17109385132789612
3089,9,113,0.15853506326675415
3090,9,114,0.12360724061727524
3091,9,115,0.12620922923088074
3092,9,116,0.13603222370147705
3093,9,117,0.17119358479976654
3094,9,118,0.2043599784374237
3095,9,119,0.11979911476373672
3096,9,120,0.15051284432411194
3097,9,121,0.2161441296339035
3098,9,122,0.1302461177110672
3099,9,123,0.1403062641620636
3100,9,124,0.14531470835208893
3101,9,125,0.18564651906490326
3102,9,126,0.15522721409797668
3103,9,127,0.1681511253118515
3104,9,128,0.16830597817897797
3105,9,129,0.15356102585792542
3106,9,130,0.2535035014152527
3107,9,131,0.1357140988111496
3108,9,132,0.1100580245256424
3109,9,133,0.1352171003818512
3110,9,134,0.15636636316776276
3111,9,135,0.14537540078163147
3112,9,136,0.15406112372875214
3113,9,137,0.13431929051876068
3114,9,138,0.16717277467250824
3115,9,139,0.1524783819913864
3116,9,140,0.15353792905807495
3117,9,141,0.1521368771791458
3118,9,142,0.14555057883262634
3119,9,143,0.1855558454990387
3120,9,144,0.14449605345726013
3121,9,145,0.16151967644691467
3122,9,146,0.12659195065498352
3123,9,147,0.15112073719501495
3124,9,148,0.1615820974111557
3125,9,149,0.14950817823410034
3126,9,150,0.1555214822292328
3127,9,151,0.1443612277507782
3128,9,152,0.15459762513637543
3129,9,153,0.15397126972675323
3130,9,154,0.1488325297832489
3131,9,155,0.15301209688186646
3132,9,156,0.1550772488117218
3133,9,157,0.15962424874305725
3134,9,158,0.14045152068138123
3135,9,159,0.1326475441455841
3136,9,160,0.1495760679244995
3137,9,161,0.181401327252388
3138,9,162,0.1461658775806427
3139,9,163,0.16922008991241455
3140,9,164,0.14919915795326233
3141,9,165,0.15601661801338196
3142,9,166,0.15751376748085022
3143,9,167,0.15566153824329376
3144,9,168,0.14503733813762665
3145,9,169,0.13713380694389343
3146,9,170,0.15129855275154114
3147,9,171,0.1853526085615158
3148,9,172,0.16063560545444489
3149,9,173,0.1641942411661148
3150,9,174,0.13367319107055664
3151,9,175,0.20245704054832458
3152,9,176,0.14824721217155457
3153,9,177,0.12983986735343933
3154,9,178,0.1312047392129898
3155,9,179,0.14295046031475067
3156,9,180,0.14587830007076263
3157,9,181,0.17942427098751068
3158,9,182,0.15769803524017334
3159,9,183,0.1436118185520172
3160,9,184,0.16360701620578766
3161,9,185,0.1370195895433426
3162,9,186,0.1483672559261322
3163,9,187,0.1502097249031067
3164,9,188,0.12867262959480286
3165,9,189,0.15148334205150604
3166,9,190,0.1388123333454132
3167,9,191,0.16961964964866638
3168,9,192,0.17423734068870544
3169,9,193,0.1721443086862564
3170,9,194,0.15935368835926056
3171,9,195,0.14651092886924744
3172,9,196,0.13890358805656433
3173,9,197,0.16658221185207367
3174,9,198,0.17765386402606964
3175,9,199,0.16338561475276947
3176,9,200,0.18940219283103943
3177,9,201,0.19367899000644684
3178,9,202,0.13739971816539764
3179,9,203,0.16622820496559143
3180,9,204,0.1534210741519928
3181,9,205,0.16089604794979095
3182,9,206,0.1563960462808609
3183,9,207,0.16066785156726837
3184,9,208,0.12410640716552734
3185,9,209,0.14565378427505493
3186,9,210,0.1375734806060791
3187,9,211,0.14050258696079254
3188,9,212,0.13248518109321594
3189,9,213,0.15020018815994263
3190,9,214,0.15936732292175293
3191,9,215,0.13283368945121765
3192,9,216,0.1413169503211975
3193,9,217,0.13938748836517334
3194,9,218,0.14334525167942047
3195,9,219,0.1741771399974823
3196,9,220,0.12699520587921143
3197,9,221,0.14869216084480286
3198,9,222,0.12787553668022156
3199,9,223,0.15298573672771454
3200,9,224,0.15308068692684174
3201,9,225,0.1400631219148636
3202,9,226,0.143039271235466
3203,9,227,0.15772530436515808
3204,9,228,0.16628074645996094
3205,9,229,0.16600777208805084
3206,9,230,0.11824871599674225
3207,9,231,0.139385387301445
3208,9,232,0.15821361541748047
3209,9,233,0.12213001400232315
3210,9,234,0.20107147097587585
3211,9,235,0.14317460358142853
3212,9,236,0.18742573261260986
3213,9,237,0.13696324825286865
3214,9,238,0.16909565031528473
3215,9,239,0.1316964030265808
3216,9,240,0.147653728723526
3217,9,241,0.13812923431396484
3218,9,242,0.16455839574337006
3219,9,243,0.13091912865638733
3220,9,244,0.15825757384300232
3221,9,245,0.14034505188465118
3222,9,246,0.13482066988945007
3223,9,247,0.1548173725605011
3224,9,248,0.136092409491539
3225,9,249,0.17800083756446838
3226,9,250,0.17371517419815063
3227,9,251,0.17810823023319244
3228,9,252,0.1592775285243988
3229,9,253,0.13646674156188965
3230,9,254,0.15943680703639984
3231,9,255,0.17299386858940125
3232,9,256,0.14681130647659302
3233,9,257,0.16463778913021088
3234,9,258,0.1516323685646057
3235,9,259,0.1612706184387207
3236,9,260,0.14035364985466003
3237,9,261,0.1259174793958664
3238,9,262,0.13583523035049438
3239,9,263,0.13802021741867065
3240,9,264,0.1593097448348999
3241,9,265,0.20035460591316223
3242,9,266,0.16601184010505676
3243,9,267,0.1732514202594757
3244,9,268,0.1606786996126175
3245,9,269,0.1538275182247162
3246,9,270,0.1477310210466385
3247,9,271,0.14457543194293976
3248,9,272,0.1466742604970932
3249,9,273,0.1491599977016449
3250,9,274,0.18160180747509003
3251,9,275,0.15779931843280792
3252,9,276,0.14059185981750488
3253,9,277,0.14856740832328796
3254,9,278,0.12252558767795563
3255,9,279,0.17076978087425232
3256,9,280,0.14021891355514526
3257,9,281,0.1794479638338089
3258,9,282,0.14380863308906555
3259,9,283,0.15229514241218567
3260,9,284,0.1379793882369995
3261,9,285,0.15826483070850372
3262,9,286,0.1610604226589203
3263,9,287,0.14621880650520325
3264,9,288,0.14457744359970093
3265,9,289,0.15915508568286896
3266,9,290,0.14479860663414001
3267,9,291,0.22721457481384277
3268,9,292,0.22189156711101532
3269,9,293,0.14192458987236023
3270,9,294,0.15554936230182648
3271,9,295,0.12612421810626984
3272,9,296,0.15081694722175598
3273,9,297,0.14039593935012817
3274,9,298,0.16267052292823792
3275,9,299,0.13947372138500214
3276,9,300,0.15310125052928925
3277,9,301,0.1488913893699646
3278,9,302,0.17791830003261566
3279,9,303,0.2063654661178589
3280,9,304,0.14766806364059448
3281,9,305,0.15480273962020874
3282,9,306,0.1805320829153061
3283,9,307,0.1706468164920807
3284,9,308,0.15895114839076996
3285,9,309,0.12328996509313583
3286,9,310,0.14147862792015076
3287,9,311,0.15393532812595367
3288,9,312,0.13671359419822693
3289,9,313,0.1354638636112213
3290,9,314,0.14096295833587646
3291,9,315,0.1349908411502838
3292,9,316,0.1499718427658081
3293,9,317,0.12916162610054016
3294,9,318,0.13319751620292664
3295,9,319,0.1334267556667328
3296,9,320,0.14937999844551086
3297,9,321,0.15147431194782257
3298,9,322,0.15420368313789368
3299,9,323,0.1603371649980545
3300,9,324,0.1772519052028656
3301,9,325,0.14827735722064972
3302,9,326,0.14434245228767395
3303,9,327,0.15763148665428162
3304,9,328,0.1723192185163498
3305,9,329,0.14243540167808533
3306,9,330,0.14395242929458618
3307,9,331,0.15221157670021057
3308,9,332,0.1596391499042511
3309,9,333,0.1436598151922226
3310,9,334,0.14716102182865143
3311,9,335,0.1531742811203003
3312,9,336,0.16020455956459045
3313,9,337,0.1274106353521347
3314,9,338,0.13274656236171722
3315,9,339,0.16002801060676575
3316,9,340,0.13992051780223846
3317,9,341,0.15980693697929382
3318,9,342,0.14483331143856049
3319,9,343,0.1691642701625824
3320,9,344,0.17752692103385925
3321,9,345,0.15191492438316345
3322,9,346,0.12964120507240295
3323,9,347,0.13284823298454285
3324,9,348,0.16521190106868744
3325,9,349,0.1520402431488037
3326,9,350,0.17855191230773926
3327,9,351,0.1700279861688614
3328,9,352,0.15488925576210022
3329,9,353,0.19014517962932587
3330,9,354,0.18088169395923615
3331,9,355,0.1471671760082245
3332,9,356,0.18804362416267395
3333,9,357,0.13155783712863922
3334,9,358,0.1633819043636322
3335,9,359,0.12777462601661682
3336,9,360,0.15154443681240082
3337,9,361,0.1420900970697403
3338,9,362,0.1586199253797531
3339,9,363,0.16675548255443573
3340,9,364,0.13913530111312866
3341,9,365,0.12899330258369446
3342,9,366,0.1450089067220688
3343,9,367,0.1885526478290558
3344,9,368,0.20053306221961975
3345,9,369,0.15076670050621033
3346,9,370,0.1358889639377594
3347,9,371,0.13662074506282806
3348,9,372,0.1311277598142624
3349,10,1,0.13162659108638763
3350,10,2,0.13825544714927673
3351,10,3,0.14035093784332275
3352,10,4,0.1563771665096283
3353,10,5,0.15122553706169128
3354,10,6,0.13551780581474304
3355,10,7,0.1524060070514679
3356,10,8,0.1576952040195465
3357,10,9,0.18423135578632355
3358,10,10,0.16748417913913727
3359,10,11,0.14078935980796814
3360,10,12,0.12157269567251205
3361,10,13,0.1871810406446457
3362,10,14,0.13144773244857788
3363,10,15,0.17177733778953552
3364,10,16,0.15449020266532898
3365,10,17,0.12974920868873596
3366,10,18,0.17015039920806885
3367,10,19,0.15382589399814606
3368,10,20,0.19338874518871307
3369,10,21,0.1479044407606125
3370,10,22,0.13848534226417542
3371,10,23,0.13543570041656494
3372,10,24,0.12408498674631119
3373,10,25,0.13351298868656158
3374,10,26,0.13811156153678894
3375,10,27,0.13755357265472412
3376,10,28,0.14951454102993011
3377,10,29,0.11531201750040054
3378,10,30,0.1266341209411621
3379,10,31,0.15452054142951965
3380,10,32,0.12602102756500244
3381,10,33,0.1521545946598053
3382,10,34,0.18046431243419647
3383,10,35,0.17778454720973969
3384,10,36,0.14059825241565704
3385,10,37,0.1370382159948349
3386,10,38,0.13390064239501953
3387,10,39,0.1337006688117981
3388,10,40,0.1435483694076538
3389,10,41,0.14284683763980865
3390,10,42,0.11926287412643433
3391,10,43,0.13533493876457214
3392,10,44,0.14868462085723877
3393,10,45,0.15728048980236053
3394,10,46,0.1451357901096344
3395,10,47,0.13087198138237
3396,10,48,0.12821325659751892
3397,10,49,0.1415296196937561
3398,10,50,0.13240277767181396
3399,10,51,0.1681058704853058
3400,10,52,0.1444382220506668
3401,10,53,0.16294348239898682
3402,10,54,0.17308223247528076
3403,10,55,0.15868178009986877
3404,10,56,0.15836958587169647
3405,10,57,0.13257810473442078
3406,10,58,0.15347334742546082
3407,10,59,0.1513347625732422
3408,10,60,0.12283866107463837
3409,10,61,0.14502938091754913
3410,10,62,0.15825282037258148
3411,10,63,0.1607525646686554
3412,10,64,0.15680809319019318
3413,10,65,0.2075132578611374
3414,10,66,0.17623871564865112
3415,10,67,0.15054836869239807
3416,10,68,0.15447112917900085
3417,10,69,0.18473681807518005
3418,10,70,0.15639238059520721
3419,10,71,0.11490675061941147
3420,10,72,0.14249083399772644
3421,10,73,0.1347358077764511
3422,10,74,0.11373188346624374
3423,10,75,0.13627611100673676
3424,10,76,0.12209896743297577
3425,10,77,0.146852046251297
3426,10,78,0.12645259499549866
3427,10,79,0.1320270597934723
3428,10,80,0.13994447886943817
3429,10,81,0.12150009721517563
3430,10,82,0.14218151569366455
3431,10,83,0.16257396340370178
3432,10,84,0.12625372409820557
3433,10,85,0.177521750330925
3434,10,86,0.1253376007080078
3435,10,87,0.13338960707187653
3436,10,88,0.11621799319982529
3437,10,89,0.12564000487327576
3438,10,90,0.12646901607513428
3439,10,91,0.12393397092819214
3440,10,92,0.16727638244628906
3441,10,93,0.14874131977558136
3442,10,94,0.13923028111457825
3443,10,95,0.15149059891700745
3444,10,96,0.1361360251903534
3445,10,97,0.14864429831504822
3446,10,98,0.13646170496940613
3447,10,99,0.1485089361667633
3448,10,100,0.1420861929655075
3449,10,101,0.16934140026569366
3450,10,102,0.14067377150058746
3451,10,103,0.15338824689388275
3452,10,104,0.16579940915107727
3453,10,105,0.17517498135566711
3454,10,106,0.189612478017807
3455,10,107,0.14994415640830994
3456,10,108,0.11705940961837769
3457,10,109,0.1433170735836029
3458,10,110,0.15254390239715576
3459,10,111,0.15369944274425507
3460,10,112,0.14224259555339813
3461,10,113,0.11886803805828094
3462,10,114,0.14810296893119812
3463,10,115,0.19089660048484802
3464,10,116,0.13641037046909332
3465,10,117,0.15010860562324524
3466,10,118,0.13490843772888184
3467,10,119,0.14226959645748138
3468,10,120,0.12835094332695007
3469,10,121,0.14204172790050507
3470,10,122,0.1437065154314041
3471,10,123,0.13647383451461792
3472,10,124,0.15471848845481873
3473,10,125,0.15375830233097076
3474,10,126,0.15247952938079834
3475,10,127,0.16383479535579681
3476,10,128,0.15141260623931885
3477,10,129,0.1731947809457779
3478,10,130,0.13499031960964203
3479,10,131,0.12956789135932922
3480,10,132,0.18089137971401215
3481,10,133,0.11877419799566269
3482,10,134,0.13329723477363586
3483,10,135,0.17634688317775726
3484,10,136,0.15400320291519165
3485,10,137,0.15130046010017395
3486,10,138,0.12659934163093567
3487,10,139,0.1591622680425644
3488,10,140,0.16529540717601776
3489,10,141,0.1598755419254303
3490,10,142,0.13839949667453766
3491,10,143,0.16794155538082123
3492,10,144,0.13881944119930267
3493,10,145,0.1289673000574112
3494,10,146,0.15329509973526
3495,10,147,0.12174476683139801
3496,10,148,0.13884498178958893
3497,10,149,0.13216938078403473
3498,10,150,0.1482907235622406
3499,10,151,0.1658446490764618
3500,10,152,0.15645918250083923
3501,10,153,0.16567407548427582
3502,10,154,0.13639739155769348
3503,10,155,0.14586444199085236
3504,10,156,0.11728145182132721
3505,10,157,0.10708780586719513
3506,10,158,0.17108368873596191
3507,10,159,0.150332510471344
3508,10,160,0.12705452740192413
3509,10,161,0.13662667572498322
3510,10,162,0.12108111381530762
3511,10,163,0.12977126240730286
3512,10,164,0.13446135818958282
3513,10,165,0.17134125530719757
3514,10,166,0.1313703954219818
3515,10,167,0.13626331090927124
3516,10,168,0.13819542527198792
3517,10,169,0.14365226030349731
3518,10,170,0.16624715924263
3519,10,171,0.1665605753660202
3520,10,172,0.163894921541214
3521,10,173,0.1613328605890274
3522,10,174,0.1907579004764557
3523,10,175,0.13353757560253143
3524,10,176,0.12152838706970215
3525,10,177,0.1823774129152298
3526,10,178,0.14449337124824524
3527,10,179,0.11710591614246368
3528,10,180,0.16788987815380096
3529,10,181,0.13669076561927795
3530,10,182,0.12502044439315796
3531,10,183,0.1696682721376419
3532,10,184,0.1314062774181366
3533,10,185,0.1515309065580368
3534,10,186,0.15316936373710632
3535,10,187,0.14672067761421204
3536,10,188,0.16508932411670685
3537,10,189,0.1008186936378479
3538,10,190,0.13584889471530914
3539,10,191,0.14133527874946594
3540,10,192,0.15345700085163116
3541,10,193,0.15825171768665314
3542,10,194,0.12554767727851868
3543,10,195,0.14092306792736053
3544,10,196,0.12318216264247894
3545,10,197,0.17414012551307678
3546,10,198,0.1591055691242218
3547,10,199,0.1117287278175354
3548,10,200,0.11840857565402985
3549,10,201,0.12992236018180847
3550,10,202,0.16182538866996765
3551,10,203,0.16579481959342957
3552,10,204,0.14820116758346558
3553,10,205,0.13328395783901215
3554,10,206,0.11866544187068939
3555,10,207,0.14359447360038757
3556,10,208,0.1430688351392746
3557,10,209,0.14119428396224976
3558,10,210,0.12977857887744904
3559,10,211,0.13601252436637878
3560,10,212,0.13969041407108307
3561,10,213,0.15835437178611755
3562,10,214,0.14956435561180115
3563,10,215,0.17368604242801666
3564,10,216,0.16843566298484802
3565,10,217,0.16326332092285156
3566,10,218,0.16318710148334503
3567,10,219,0.15692678093910217
3568,10,220,0.1426641047000885
3569,10,221,0.14419013261795044
3570,10,222,0.16913436353206635
3571,10,223,0.13369204103946686
3572,10,224,0.1433987319469452
3573,10,225,0.13584096729755402
3574,10,226,0.14309202134609222
3575,10,227,0.13861195743083954
3576,10,228,0.14357881247997284
3577,10,229,0.1226876974105835
3578,10,230,0.1335960477590561
3579,10,231,0.1272757351398468
3580,10,232,0.18508747220039368
3581,10,233,0.14145122468471527
3582,10,234,0.1673264056444168
3583,10,235,0.11688467115163803
3584,10,236,0.1445871740579605
3585,10,237,0.14214476943016052
3586,10,238,0.13616082072257996
3587,10,239,0.15423008799552917
3588,10,240,0.13817214965820312
3589,10,241,0.1449367254972458
3590,10,242,0.1333240419626236
3591,10,243,0.17198054492473602
3592,10,244,0.16275939345359802
3593,10,245,0.12581473588943481
3594,10,246,0.14773668348789215
3595,10,247,0.15438325703144073
3596,10,248,0.12763381004333496
3597,10,249,0.16074272990226746
3598,10,250,0.1407046765089035
3599,10,251,0.15217438340187073
3600,10,252,0.15796160697937012
3601,10,253,0.2561231553554535
3602,10,254,0.12581764161586761
3603,10,255,0.15325669944286346
3604,10,256,0.21159029006958008
3605,10,257,0.14965298771858215
3606,10,258,0.16577503085136414
3607,10,259,0.14591100811958313
3608,10,260,0.16702410578727722
3609,10,261,0.15707142651081085
3610,10,262,0.1394966095685959
3611,10,263,0.13381126523017883
3612,10,264,0.1581844985485077
3613,10,265,0.15930351614952087
3614,10,266,0.13283632695674896
3615,10,267,0.16473190486431122
3616,10,268,0.14052316546440125
3617,10,269,0.16816918551921844
3618,10,270,0.18655703961849213
3619,10,271,0.16867443919181824
3620,10,272,0.1836935430765152
3621,10,273,0.10941159725189209
3622,10,274,0.1594606339931488
3623,10,275,0.13172686100006104
3624,10,276,0.16743502020835876
3625,10,277,0.14969030022621155
3626,10,278,0.14763256907463074
3627,10,279,0.15577268600463867
3628,10,280,0.14178723096847534
3629,10,281,0.13654860854148865
3630,10,282,0.14291802048683167
3631,10,283,0.15419775247573853
3632,10,284,0.11038907617330551
3633,10,285,0.1679328978061676
3634,10,286,0.16340437531471252
3635,10,287,0.1303304135799408
3636,10,288,0.1381077915430069
3637,10,289,0.17839758098125458
3638,10,290,0.12236372381448746
3639,10,291,0.1656062752008438
3640,10,292,0.13064292073249817
3641,10,293,0.14203914999961853
3642,10,294,0.16898424923419952
3643,10,295,0.17510956525802612
3644,10,296,0.14778834581375122
3645,10,297,0.1292533576488495
3646,10,298,0.16625919938087463
3647,10,299,0.16004692018032074
3648,10,300,0.1366816759109497
3649,10,301,0.13682296872138977
3650,10,302,0.18141546845436096
3651,10,303,0.14697109162807465
3652,10,304,0.1441308706998825
3653,10,305,0.14383623003959656
3654,10,306,0.1271861493587494
3655,10,307,0.16393963992595673
3656,10,308,0.12583868205547333
3657,10,309,0.13787434995174408
3658,10,310,0.1419934332370758
3659,10,311,0.16605506837368011
3660,10,312,0.12283122539520264
3661,10,313,0.13779717683792114
3662,10,314,0.1543811410665512
3663,10,315,0.15382809937000275
3664,10,316,0.2064022719860077
3665,10,317,0.13421224057674408
3666,10,318,0.14430053532123566
3667,10,319,0.16788390278816223
3668,10,320,0.13789308071136475
3669,10,321,0.14843980967998505
3670,10,322,0.13750839233398438
3671,10,323,0.14480902254581451
3672,10,324,0.13624903559684753
3673,10,325,0.14690090715885162
3674,10,326,0.1581653654575348
3675,10,327,0.1247006431221962
3676,10,328,0.19533802568912506
3677,10,329,0.15865443646907806
3678,10,330,0.12748977541923523
3679,10,331,0.124427929520607
3680,10,332,0.1637181043624878
3681,10,333,0.17693832516670227
3682,10,334,0.14083252847194672
3683,10,335,0.12034161388874054
3684,10,336,0.16541950404644012
3685,10,337,0.1429503709077835
3686,10,338,0.12552745640277863
3687,10,339,0.1568642109632492
3688,10,340,0.11634773015975952
3689,10,341,0.1683921366930008
3690,10,342,0.16563454270362854
3691,10,343,0.14849700033664703
3692,10,344,0.13114938139915466
3693,10,345,0.12439844757318497
3694,10,346,0.1435217708349228
3695,10,347,0.1383819729089737
3696,10,348,0.13813748955726624
3697,10,349,0.16168522834777832
3698,10,350,0.13102084398269653
3699,10,351,0.14170613884925842
3700,10,352,0.14379024505615234
3701,10,353,0.12566469609737396
3702,10,354,0.19440647959709167
3703,10,355,0.1396137923002243
3704,10,356,0.1471928060054779
3705,10,357,0.11615796387195587
3706,10,358,0.1173853725194931
3707,10,359,0.1312677264213562
3708,10,360,0.1356661021709442
3709,10,361,0.1250072568655014
3710,10,362,0.15331676602363586
3711,10,363,0.1575692743062973
3712,10,364,0.1187443733215332
3713,10,365,0.1648293435573578
3714,10,366,0.14732666313648224
3715,10,367,0.15049201250076294
3716,10,368,0.16056737303733826
3717,10,369,0.1606977880001068
3718,10,370,0.13647940754890442
3719,10,371,0.17849397659301758
3720,10,372,0.11863534897565842
