global_step,epoch,batch,train_loss
1,1,1,3.4750027656555176
2,1,2,3.4495739936828613
3,1,3,3.51293683052063
4,1,4,3.333085298538208
5,1,5,3.255114793777466
6,1,6,3.3324482440948486
7,1,7,3.2520148754119873
8,1,8,3.249269962310791
9,1,9,3.1623291969299316
10,1,10,3.025341033935547
11,1,11,3.0706422328948975
12,1,12,3.1225826740264893
13,1,13,3.0111589431762695
14,1,14,3.01609206199646
15,1,15,2.898685932159424
16,1,16,2.8730790615081787
17,1,17,2.8802578449249268
18,1,18,2.821672201156616
19,1,19,2.808129072189331
20,1,20,2.701305866241455
21,1,21,2.833970546722412
22,1,22,2.6541242599487305
23,1,23,2.760725259780884
24,1,24,2.7244646549224854
25,1,25,2.6490631103515625
26,1,26,2.6236815452575684
27,1,27,2.4884634017944336
28,1,28,2.4631752967834473
29,1,29,2.5062270164489746
30,1,30,2.4003968238830566
31,1,31,2.236304759979248
32,1,32,2.5395216941833496
33,1,33,2.431678295135498
34,1,34,2.6352927684783936
35,1,35,2.518280267715454
36,1,36,2.3875341415405273
37,1,37,2.372260570526123
38,1,38,2.09598708152771
39,1,39,2.1204299926757812
40,1,40,2.0647408962249756
41,1,41,2.229867458343506
42,1,42,2.1781015396118164
43,1,43,2.194450855255127
44,1,44,1.9972445964813232
45,1,45,2.180314540863037
46,1,46,2.3985061645507812
47,1,47,2.125373363494873
48,1,48,1.7761850357055664
49,1,49,1.7381353378295898
50,1,50,1.8773187398910522
51,1,51,1.9336268901824951
52,1,52,1.9784104824066162
53,1,53,1.9636274576187134
54,1,54,1.8077970743179321
55,1,55,1.8378187417984009
56,1,56,1.8688313961029053
57,1,57,1.9389514923095703
58,1,58,1.9014629125595093
59,1,59,1.7480621337890625
60,1,60,1.547134518623352
61,1,61,1.7139732837677002
62,1,62,1.6429367065429688
63,1,63,1.7278556823730469
64,1,64,2.0145890712738037
65,1,65,1.5661932229995728
66,1,66,1.665053367614746
67,1,67,1.498642086982727
68,1,68,1.7023977041244507
69,1,69,1.461329698562622
70,1,70,1.7107160091400146
71,1,71,1.9556825160980225
72,1,72,1.5837693214416504
73,1,73,1.6181697845458984
74,1,74,1.325264573097229
75,1,75,1.4159806966781616
76,1,76,1.4977707862854004
77,1,77,1.342842936515808
78,1,78,1.6018764972686768
79,1,79,1.4585392475128174
80,1,80,1.455816626548767
81,1,81,1.3346410989761353
82,1,82,1.4365239143371582
83,1,83,1.6933234930038452
84,1,84,1.5138357877731323
85,1,85,1.296259880065918
86,1,86,1.4015271663665771
87,1,87,1.468088984489441
88,1,88,1.3408534526824951
89,1,89,1.3456604480743408
90,1,90,1.3326029777526855
91,1,91,1.1984379291534424
92,1,92,1.4903186559677124
93,1,93,1.2659753561019897
94,1,94,1.2498568296432495
95,1,95,1.401907205581665
96,1,96,1.4229912757873535
97,1,97,1.2018182277679443
98,1,98,1.4565600156784058
99,1,99,1.3201817274093628
100,1,100,1.2086827754974365
101,1,101,1.3865703344345093
102,1,102,1.3410899639129639
103,1,103,1.1445181369781494
104,1,104,1.1806666851043701
105,1,105,1.286622405052185
106,1,106,1.4070370197296143
107,1,107,1.0309525728225708
108,1,108,1.3470911979675293
109,1,109,1.3615220785140991
110,1,110,1.2513349056243896
111,1,111,1.1415821313858032
112,1,112,0.9275891184806824
113,1,113,1.1016029119491577
114,1,114,1.3557976484298706
115,1,115,1.3523303270339966
116,1,116,1.1123045682907104
117,1,117,1.0928915739059448
118,1,118,1.3111077547073364
119,1,119,1.237198829650879
120,1,120,1.1924245357513428
121,1,121,1.1335711479187012
122,1,122,1.0289720296859741
123,1,123,1.07218337059021
124,1,124,1.1765333414077759
125,1,125,1.2224632501602173
126,1,126,1.274341344833374
127,1,127,1.0824711322784424
128,1,128,1.0538471937179565
129,1,129,1.2082146406173706
130,1,130,0.9979978799819946
131,1,131,0.9835600852966309
132,1,132,1.1539636850357056
133,1,133,1.1016095876693726
134,1,134,0.9283682703971863
135,1,135,0.9371296167373657
136,1,136,1.0762933492660522
137,1,137,1.1914658546447754
138,1,138,1.0116322040557861
139,1,139,1.2183712720870972
140,1,140,1.0802321434020996
141,1,141,1.1949207782745361
142,1,142,1.0398204326629639
143,1,143,1.0323212146759033
144,1,144,0.9047357439994812
145,1,145,1.3040541410446167
146,1,146,1.0700807571411133
147,1,147,1.0093324184417725
148,1,148,1.286211609840393
149,1,149,1.0448119640350342
150,1,150,1.0762436389923096
151,1,151,1.2550443410873413
152,1,152,0.9551365971565247
153,1,153,0.7798007726669312
154,1,154,1.1185476779937744
155,1,155,0.9500670433044434
156,1,156,0.9981867074966431
157,1,157,1.0046333074569702
158,1,158,1.1271504163742065
159,1,159,1.0908498764038086
160,1,160,1.2127892971038818
161,1,161,1.0385639667510986
162,1,162,1.110183596611023
163,1,163,0.7448083162307739
164,1,164,0.8547055125236511
165,1,165,1.1225844621658325
166,1,166,0.9747931361198425
167,1,167,1.30044424533844
168,1,168,0.955264687538147
169,1,169,1.0082881450653076
170,1,170,0.9607118368148804
171,1,171,1.0986676216125488
172,1,172,0.9178800582885742
173,1,173,1.3961349725723267
174,1,174,0.9912660717964172
175,1,175,0.9225799441337585
176,1,176,0.896246075630188
177,1,177,0.8449212908744812
178,1,178,0.962792694568634
179,1,179,1.0308771133422852
180,1,180,0.8333927989006042
181,1,181,0.8420594930648804
182,1,182,0.9026217460632324
183,1,183,0.8516337275505066
184,1,184,1.0745735168457031
185,1,185,0.905580997467041
186,1,186,1.1526607275009155
187,1,187,0.9437655210494995
188,1,188,1.1988812685012817
189,1,189,1.1305928230285645
190,1,190,1.3473855257034302
191,1,191,0.9271466135978699
192,1,192,1.216954231262207
193,1,193,0.9613879323005676
194,1,194,0.8652780652046204
195,1,195,1.0695890188217163
196,1,196,1.2482997179031372
197,1,197,0.9883950352668762
198,1,198,0.948905348777771
199,1,199,0.9273601770401001
200,1,200,0.9417498707771301
201,1,201,0.9597408175468445
202,1,202,0.9319261312484741
203,1,203,0.875622570514679
204,1,204,1.2320246696472168
205,1,205,0.7915796041488647
206,1,206,0.807318389415741
207,1,207,0.862293541431427
208,1,208,0.9425461888313293
209,1,209,0.7731956243515015
210,1,210,0.9018118977546692
211,1,211,1.0498274564743042
212,1,212,1.0421969890594482
213,1,213,0.8713655471801758
214,1,214,0.8163854479789734
215,1,215,0.8137186169624329
216,1,216,0.8954867124557495
217,1,217,0.8339301347732544
218,1,218,1.055903673171997
219,1,219,0.6396625638008118
220,1,220,0.9321883320808411
221,1,221,0.6727004051208496
222,1,222,0.8222348093986511
223,1,223,0.953818678855896
224,1,224,0.7943718433380127
225,1,225,0.7685651779174805
226,1,226,0.9189314842224121
227,1,227,0.9270164370536804
228,1,228,0.9944921731948853
229,1,229,0.7561241984367371
230,1,230,0.9471572637557983
231,1,231,0.8386080861091614
232,1,232,0.804373562335968
233,1,233,1.0463767051696777
234,1,234,0.7639570832252502
235,1,235,0.8301205635070801
236,1,236,0.9084020853042603
237,1,237,0.7865166664123535
238,1,238,0.8939225077629089
239,1,239,0.8190714716911316
240,1,240,1.0720759630203247
241,1,241,0.748864471912384
242,1,242,1.1743743419647217
243,1,243,0.9702987670898438
244,1,244,0.9953094720840454
245,1,245,0.9114915728569031
246,1,246,1.0649042129516602
247,1,247,0.8642535209655762
248,1,248,0.8836544752120972
249,1,249,0.781781792640686
250,1,250,0.7358713150024414
251,1,251,0.7845427393913269
252,1,252,0.8355900645256042
253,1,253,0.7038057446479797
254,1,254,0.8946362733840942
255,1,255,0.6207391023635864
256,1,256,0.7859379649162292
257,1,257,0.9180963635444641
258,1,258,0.9327807426452637
259,1,259,0.8925867080688477
260,1,260,0.6835756897926331
261,1,261,0.5861305594444275
262,1,262,0.8198191523551941
263,1,263,0.756355881690979
264,1,264,0.9993802905082703
265,1,265,0.7125062942504883
266,1,266,0.8529719114303589
267,1,267,0.8193567395210266
268,1,268,0.825450599193573
269,1,269,0.7493899464607239
270,1,270,0.8685727119445801
271,1,271,0.7090004682540894
272,1,272,0.6812048554420471
273,1,273,0.7794733643531799
274,1,274,0.9238308668136597
275,1,275,0.9447298049926758
276,1,276,0.8335062861442566
277,1,277,0.8138679265975952
278,1,278,0.8204517364501953
279,1,279,0.6870685815811157
280,1,280,0.6810852289199829
281,1,281,0.8580688238143921
282,1,282,0.6062391996383667
283,1,283,0.829644501209259
284,1,284,0.8301721811294556
285,1,285,0.7571638226509094
286,1,286,0.6543711423873901
287,1,287,1.1492321491241455
288,1,288,1.097069501876831
289,1,289,0.6507828831672668
290,1,290,0.9271253347396851
291,1,291,0.8706439137458801
292,1,292,0.6831368207931519
293,1,293,0.7758063673973083
294,1,294,0.7382280230522156
295,1,295,0.5682468414306641
296,1,296,0.7484995722770691
297,1,297,0.9533708691596985
298,1,298,0.7342015504837036
299,1,299,0.7033745646476746
300,1,300,0.6881023049354553
301,1,301,0.6292799115180969
302,1,302,0.7524375319480896
303,1,303,0.7802184820175171
304,1,304,0.7638086080551147
305,1,305,0.9464346170425415
306,1,306,0.7876591682434082
307,1,307,0.740404486656189
308,1,308,0.6968461275100708
309,1,309,0.6925049424171448
310,1,310,0.9558857083320618
311,1,311,0.5646455883979797
312,1,312,0.7548545002937317
313,1,313,0.778584361076355
314,1,314,0.7471967935562134
315,1,315,0.705857515335083
316,1,316,0.7234874963760376
317,1,317,0.7024306654930115
318,1,318,0.5999605655670166
319,1,319,0.6819697618484497
320,1,320,0.6754583120346069
321,1,321,0.590711772441864
322,1,322,0.636967122554779
323,1,323,0.7920700311660767
324,1,324,0.5888657569885254
325,1,325,0.7199045419692993
326,1,326,0.7751451730728149
327,1,327,0.734805166721344
328,1,328,0.6942742466926575
329,1,329,0.6405627131462097
330,1,330,0.6840403079986572
331,1,331,0.7667133808135986
332,1,332,0.7406647801399231
333,1,333,0.7581759691238403
334,1,334,0.6593567132949829
335,1,335,0.8284538388252258
336,1,336,0.8005709648132324
337,1,337,0.7602955102920532
338,1,338,0.7346966862678528
339,1,339,0.7030763626098633
340,1,340,0.7284757494926453
341,1,341,0.7317625284194946
342,1,342,0.7257794141769409
343,1,343,0.7954020500183105
344,1,344,0.878433883190155
345,1,345,0.7421375513076782
346,1,346,0.7240625619888306
347,1,347,0.8502662777900696
348,1,348,0.5873674154281616
349,1,349,0.6335879564285278
350,1,350,0.7279084324836731
351,1,351,0.7643256783485413
352,1,352,0.6770994663238525
353,1,353,0.7942293882369995
354,1,354,0.7732089757919312
355,1,355,0.9158811569213867
356,1,356,1.012373447418213
357,1,357,0.7802122235298157
358,1,358,0.7632511258125305
359,1,359,0.6168797612190247
360,1,360,0.734026312828064
361,1,361,0.6722686886787415
362,1,362,0.7077552676200867
363,1,363,0.7856782078742981
364,1,364,0.570816159248352
365,1,365,0.7461096048355103
366,1,366,0.590843677520752
367,1,367,0.8173518180847168
368,1,368,0.8536487817764282
369,1,369,0.7890504598617554
370,1,370,0.7376726269721985
371,1,371,0.6435055136680603
372,1,372,0.8612490892410278
373,2,1,0.626117467880249
374,2,2,0.7441919445991516
375,2,3,1.0192874670028687
376,2,4,0.6320984363555908
377,2,5,0.5982396602630615
378,2,6,0.66468346118927
379,2,7,0.5273382067680359
380,2,8,0.6825137734413147
381,2,9,0.6542326211929321
382,2,10,0.6122877597808838
383,2,11,0.5100364089012146
384,2,12,0.7508373260498047
385,2,13,0.562400758266449
386,2,14,0.7983587980270386
387,2,15,0.6886390447616577
388,2,16,0.7824711203575134
389,2,17,0.6054743528366089
390,2,18,0.6673218011856079
391,2,19,0.7379549741744995
392,2,20,0.6479788422584534
393,2,21,0.7187911868095398
394,2,22,0.5697278380393982
395,2,23,0.6352953314781189
396,2,24,0.6582025289535522
397,2,25,0.6046163439750671
398,2,26,0.5307639837265015
399,2,27,0.6374832987785339
400,2,28,0.9563261270523071
401,2,29,0.6977306604385376
402,2,30,0.6654963493347168
403,2,31,0.6429643630981445
404,2,32,0.7018535733222961
405,2,33,0.6274583339691162
406,2,34,0.599208414554596
407,2,35,0.7389567494392395
408,2,36,0.8165218234062195
409,2,37,0.6242150068283081
410,2,38,0.6178680658340454
411,2,39,0.5703660249710083
412,2,40,0.515293538570404
413,2,41,0.6994175314903259
414,2,42,0.660401463508606
415,2,43,0.5748469829559326
416,2,44,0.6081713438034058
417,2,45,0.8020216226577759
418,2,46,0.67822265625
419,2,47,0.6323320865631104
420,2,48,0.6799240708351135
421,2,49,0.6357547640800476
422,2,50,0.6937024593353271
423,2,51,0.5831146240234375
424,2,52,0.727756142616272
425,2,53,0.5503221750259399
426,2,54,0.7953779101371765
427,2,55,0.6094363331794739
428,2,56,0.5595874786376953
429,2,57,0.7763505578041077
430,2,58,0.7546154260635376
431,2,59,0.7247499823570251
432,2,60,0.6766697764396667
433,2,61,0.6538037061691284
434,2,62,0.7936232089996338
435,2,63,0.6513509750366211
436,2,64,0.7468633651733398
437,2,65,0.8093842267990112
438,2,66,0.6367439031600952
439,2,67,0.6270850896835327
440,2,68,0.6638832092285156
441,2,69,1.0389783382415771
442,2,70,0.6593478918075562
443,2,71,0.6130601167678833
444,2,72,0.6143867373466492
445,2,73,0.6069463491439819
446,2,74,0.7622328996658325
447,2,75,0.7927490472793579
448,2,76,0.5959290266036987
449,2,77,0.6242011189460754
450,2,78,0.6073846817016602
451,2,79,0.6327621340751648
452,2,80,0.6473760604858398
453,2,81,0.5694059133529663
454,2,82,0.6021934747695923
455,2,83,0.6174832582473755
456,2,84,0.4826449751853943
457,2,85,0.7362154722213745
458,2,86,0.5791856050491333
459,2,87,0.7649408578872681
460,2,88,0.8239820599555969
461,2,89,0.7627687454223633
462,2,90,0.6173408031463623
463,2,91,0.9952937960624695
464,2,92,0.6109127402305603
465,2,93,0.6694104075431824
466,2,94,0.571802020072937
467,2,95,0.6339179277420044
468,2,96,0.656464159488678
469,2,97,0.5530010461807251
470,2,98,0.48771724104881287
471,2,99,0.6382619738578796
472,2,100,0.6698119044303894
473,2,101,0.6601063013076782
474,2,102,0.6718268394470215
475,2,103,0.586513876914978
476,2,104,0.6229775547981262
477,2,105,0.6028955578804016
478,2,106,0.5552315711975098
479,2,107,0.6628791093826294
480,2,108,0.5685891509056091
481,2,109,0.7980954647064209
482,2,110,0.5437610149383545
483,2,111,0.5687012672424316
484,2,112,0.541915774345398
485,2,113,0.4744510054588318
486,2,114,0.6649330854415894
487,2,115,0.482612282037735
488,2,116,0.5704073905944824
489,2,117,0.7011829614639282
490,2,118,0.6457440257072449
491,2,119,0.6624860167503357
492,2,120,0.536689281463623
493,2,121,0.6310349702835083
494,2,122,0.6892625093460083
495,2,123,0.5463646650314331
496,2,124,0.488496869802475
497,2,125,0.7673182487487793
498,2,126,0.6848493814468384
499,2,127,0.686450719833374
500,2,128,0.6297675371170044
501,2,129,0.5550409555435181
502,2,130,0.7265259027481079
503,2,131,0.5081050992012024
504,2,132,0.7838677167892456
505,2,133,0.575661301612854
506,2,134,0.5804613828659058
507,2,135,0.6920424699783325
508,2,136,0.8566099405288696
509,2,137,0.7096167206764221
510,2,138,0.668679416179657
511,2,139,1.0483911037445068
512,2,140,0.6255335807800293
513,2,141,0.46904507279396057
514,2,142,0.7534424066543579
515,2,143,0.6201554536819458
516,2,144,0.626446008682251
517,2,145,0.6661839485168457
518,2,146,0.6676297783851624
519,2,147,0.6378298401832581
520,2,148,0.5633112788200378
521,2,149,0.670134425163269
522,2,150,0.6067755222320557
523,2,151,0.6385523676872253
524,2,152,0.9024056196212769
525,2,153,0.7747194766998291
526,2,154,0.656023383140564
527,2,155,0.721177875995636
528,2,156,0.6587024331092834
529,2,157,0.5999331474304199
530,2,158,0.5021172761917114
531,2,159,1.028733253479004
532,2,160,0.6044535040855408
533,2,161,0.5376954674720764
534,2,162,0.5860661268234253
535,2,163,0.6525754928588867
536,2,164,0.839704155921936
537,2,165,0.6404820680618286
538,2,166,0.6056525111198425
539,2,167,0.6967476606369019
540,2,168,0.6738877296447754
541,2,169,0.5266443490982056
542,2,170,0.6047506928443909
543,2,171,0.6434201002120972
544,2,172,0.6405203342437744
545,2,173,0.5778975486755371
546,2,174,0.6956850290298462
547,2,175,0.5075250864028931
548,2,176,0.622069776058197
549,2,177,0.621498703956604
550,2,178,0.6606602072715759
551,2,179,0.5130850076675415
552,2,180,0.5299842953681946
553,2,181,0.6221973299980164
554,2,182,0.9923144578933716
555,2,183,0.5418885946273804
556,2,184,0.5520074367523193
557,2,185,0.5976548194885254
558,2,186,0.5700997114181519
559,2,187,0.45631203055381775
560,2,188,0.621667742729187
561,2,189,0.6293518543243408
562,2,190,0.56556236743927
563,2,191,0.5922688841819763
564,2,192,0.5306298136711121
565,2,193,0.568320631980896
566,2,194,0.5333473086357117
567,2,195,0.5537838339805603
568,2,196,0.47485023736953735
569,2,197,0.630937933921814
570,2,198,0.5286756753921509
571,2,199,0.5538333058357239
572,2,200,0.5779696702957153
573,2,201,0.482036292552948
574,2,202,0.5045486092567444
575,2,203,0.6053856015205383
576,2,204,0.5611438751220703
577,2,205,0.6924964189529419
578,2,206,0.6630141735076904
579,2,207,0.48410195112228394
580,2,208,0.5391767024993896
581,2,209,0.5230110883712769
582,2,210,0.5912519097328186
583,2,211,0.5795029401779175
584,2,212,0.5270583629608154
585,2,213,0.5290672779083252
586,2,214,0.7410706281661987
587,2,215,0.4604146480560303
588,2,216,0.6827278733253479
589,2,217,0.5348497629165649
590,2,218,0.6611081957817078
591,2,219,0.4216553270816803
592,2,220,0.6045668125152588
593,2,221,0.5216716527938843
594,2,222,0.8146592974662781
595,2,223,0.5201483368873596
596,2,224,0.46940287947654724
597,2,225,0.6506752967834473
598,2,226,0.5245283246040344
599,2,227,0.5337944030761719
600,2,228,0.7296220064163208
601,2,229,0.5286845564842224
602,2,230,0.5315883755683899
603,2,231,0.46159377694129944
604,2,232,0.6320685744285583
605,2,233,0.5321217179298401
606,2,234,0.48850560188293457
607,2,235,0.8809608221054077
608,2,236,0.5133509635925293
609,2,237,0.6273634433746338
610,2,238,0.7301715612411499
611,2,239,0.6926436424255371
612,2,240,0.5624794960021973
613,2,241,0.567907989025116
614,2,242,0.4934213161468506
615,2,243,0.587579071521759
616,2,244,0.6539179086685181
617,2,245,0.7178537249565125
618,2,246,0.5033115148544312
619,2,247,0.771476149559021
620,2,248,0.5299009680747986
621,2,249,0.6866110563278198
622,2,250,0.5238634943962097
623,2,251,0.5350751876831055
624,2,252,0.5931943655014038
625,2,253,0.488036572933197
626,2,254,0.6179873943328857
627,2,255,0.4883618950843811
628,2,256,0.607467532157898
629,2,257,0.7601624727249146
630,2,258,0.5240110754966736
631,2,259,0.4681147634983063
632,2,260,0.4860649108886719
633,2,261,0.6084513664245605
634,2,262,0.4828506410121918
635,2,263,0.5643132328987122
636,2,264,0.5662353038787842
637,2,265,0.5568784475326538
638,2,266,0.5130208134651184
639,2,267,0.4998604655265808
640,2,268,0.6744346022605896
641,2,269,0.5799316167831421
642,2,270,0.5446707010269165
643,2,271,0.5513372421264648
644,2,272,0.5264615416526794
645,2,273,0.5383100509643555
646,2,274,0.7805125117301941
647,2,275,0.7001892328262329
648,2,276,0.6503720283508301
649,2,277,0.5451208353042603
650,2,278,0.6598288416862488
651,2,279,0.5738757848739624
652,2,280,0.5589324831962585
653,2,281,0.5908529162406921
654,2,282,0.5978723764419556
655,2,283,1.1108763217926025
656,2,284,0.5230239033699036
657,2,285,0.5740082859992981
658,2,286,0.49656954407691956
659,2,287,0.5132560133934021
660,2,288,0.9496909976005554
661,2,289,0.5155816674232483
662,2,290,0.5314189195632935
663,2,291,0.5510483980178833
664,2,292,0.4600781798362732
665,2,293,0.4677339494228363
666,2,294,0.5320969223976135
667,2,295,0.5730975866317749
668,2,296,0.5715805888175964
669,2,297,0.5429472923278809
670,2,298,0.6465692520141602
671,2,299,0.5187830328941345
672,2,300,0.43316102027893066
673,2,301,0.5427955389022827
674,2,302,0.5615522265434265
675,2,303,0.5704342722892761
676,2,304,0.642803430557251
677,2,305,0.5660669207572937
678,2,306,0.475715696811676
679,2,307,0.4573434293270111
680,2,308,1.0441697835922241
681,2,309,0.5926895141601562
682,2,310,0.48916760087013245
683,2,311,0.6181446313858032
684,2,312,0.4925253391265869
685,2,313,0.49746590852737427
686,2,314,0.5346391201019287
687,2,315,0.4441162049770355
688,2,316,0.5588081479072571
689,2,317,0.4895171523094177
690,2,318,0.5437691807746887
691,2,319,0.7267168760299683
692,2,320,0.5881956219673157
693,2,321,0.6337194442749023
694,2,322,0.5177791714668274
695,2,323,0.47631511092185974
696,2,324,0.46134471893310547
697,2,325,0.5573808550834656
698,2,326,0.6038689017295837
699,2,327,0.4773876667022705
700,2,328,0.6369592547416687
701,2,329,0.563355565071106
702,2,330,0.5959092378616333
703,2,331,0.5280780792236328
704,2,332,0.8236754536628723
705,2,333,0.4793475568294525
706,2,334,0.5400307774543762
707,2,335,0.5558980703353882
708,2,336,0.5371871590614319
709,2,337,0.49929147958755493
710,2,338,0.6661680340766907
711,2,339,0.4982844293117523
712,2,340,0.5321390628814697
713,2,341,0.4730556905269623
714,2,342,0.5847800970077515
715,2,343,0.5938875079154968
716,2,344,0.4963439106941223
717,2,345,0.6035473942756653
718,2,346,0.5318713188171387
719,2,347,0.495002806186676
720,2,348,0.5138874053955078
721,2,349,0.5519665479660034
722,2,350,0.42688122391700745
723,2,351,0.6083859205245972
724,2,352,0.5401071310043335
725,2,353,0.4927743971347809
726,2,354,0.6564762592315674
727,2,355,0.6771426200866699
728,2,356,0.5538512468338013
729,2,357,0.49078941345214844
730,2,358,0.4711906313896179
731,2,359,0.47186392545700073
732,2,360,0.6502470970153809
733,2,361,0.5593518018722534
734,2,362,0.5959849953651428
735,2,363,0.5052093267440796
736,2,364,0.4720326364040375
737,2,365,0.5306859612464905
738,2,366,0.47470197081565857
739,2,367,0.47160929441452026
740,2,368,0.5084001421928406
741,2,369,0.5702771544456482
742,2,370,0.5773823857307434
743,2,371,0.4555022120475769
744,2,372,0.44115450978279114
745,3,1,0.4245891571044922
746,3,2,0.49357956647872925
747,3,3,0.47736746072769165
748,3,4,0.5314996838569641
749,3,5,0.46260833740234375
750,3,6,0.5186750292778015
751,3,7,0.4982067942619324
752,3,8,0.509017825126648
753,3,9,0.47721272706985474
754,3,10,0.4614603519439697
755,3,11,0.47535476088523865
756,3,12,0.5274373888969421
757,3,13,0.44083935022354126
758,3,14,0.4445652365684509
759,3,15,0.5100375413894653
760,3,16,0.6271225810050964
761,3,17,0.4581654667854309
762,3,18,0.5516575574874878
763,3,19,0.5375638604164124
764,3,20,0.5156360864639282
765,3,21,0.9671653509140015
766,3,22,0.480952650308609
767,3,23,0.523874819278717
768,3,24,0.4418330788612366
769,3,25,0.6206348538398743
770,3,26,0.5587063431739807
771,3,27,0.5123034119606018
772,3,28,0.4853295385837555
773,3,29,0.4634914994239807
774,3,30,0.5191314220428467
775,3,31,0.47400927543640137
776,3,32,0.5567376017570496
777,3,33,0.5133297443389893
778,3,34,0.5798039436340332
779,3,35,0.5179020762443542
780,3,36,0.5488834977149963
781,3,37,0.49309030175209045
782,3,38,0.5362623333930969
783,3,39,0.484997034072876
784,3,40,0.5509015321731567
785,3,41,0.4453786313533783
786,3,42,0.4411002993583679
787,3,43,0.611278235912323
788,3,44,0.5713201761245728
789,3,45,0.437643438577652
790,3,46,0.5015522837638855
791,3,47,0.4496053159236908
792,3,48,0.5009996294975281
793,3,49,0.48231011629104614
794,3,50,0.6805161237716675
795,3,51,0.8626328706741333
796,3,52,0.48568373918533325
797,3,53,0.4526626467704773
798,3,54,0.4247919023036957
799,3,55,0.507580578327179
800,3,56,0.5521333813667297
801,3,57,0.4753815233707428
802,3,58,0.42229023575782776
803,3,59,0.8414992094039917
804,3,60,0.4589226245880127
805,3,61,0.5289403200149536
806,3,62,0.4411074221134186
807,3,63,0.6201711297035217
808,3,64,0.4576542377471924
809,3,65,0.43870869278907776
810,3,66,0.4670802056789398
811,3,67,0.4443371295928955
812,3,68,0.5686928033828735
813,3,69,0.48282918334007263
814,3,70,0.5734294056892395
815,3,71,0.4906996190547943
816,3,72,0.42026272416114807
817,3,73,0.4658026695251465
818,3,74,0.4769585132598877
819,3,75,0.40776926279067993
820,3,76,0.5270068049430847
821,3,77,0.5742819905281067
822,3,78,0.5363723039627075
823,3,79,0.549847424030304
824,3,80,0.3904975354671478
825,3,81,0.7965885996818542
826,3,82,0.5571656227111816
827,3,83,0.5051864385604858
828,3,84,0.5125200748443604
829,3,85,0.4563799798488617
830,3,86,0.5309627056121826
831,3,87,0.5918084979057312
832,3,88,0.4263351857662201
833,3,89,0.47109872102737427
834,3,90,0.4616078734397888
835,3,91,0.420644611120224
836,3,92,0.4437068998813629
837,3,93,0.5392699837684631
838,3,94,0.41856759786605835
839,3,95,0.48549413681030273
840,3,96,0.5795644521713257
841,3,97,0.5942733883857727
842,3,98,0.48548954725265503
843,3,99,0.5183046460151672
844,3,100,0.5154781341552734
845,3,101,0.6680238246917725
846,3,102,0.5525966882705688
847,3,103,0.49725794792175293
848,3,104,0.42238321900367737
849,3,105,0.5160230398178101
850,3,106,0.4313656687736511
851,3,107,0.5808085203170776
852,3,108,0.44949156045913696
853,3,109,0.4270959496498108
854,3,110,0.3785620331764221
855,3,111,0.6938323974609375
856,3,112,0.4288034439086914
857,3,113,0.4539545476436615
858,3,114,0.4659856855869293
859,3,115,0.548358678817749
860,3,116,0.5034810304641724
861,3,117,0.4366798400878906
862,3,118,0.43292635679244995
863,3,119,0.4460529685020447
864,3,120,0.4481523036956787
865,3,121,0.5684469938278198
866,3,122,0.46677231788635254
867,3,123,0.44861334562301636
868,3,124,0.4598323404788971
869,3,125,0.5153215527534485
870,3,126,0.5143843293190002
871,3,127,0.47502845525741577
872,3,128,0.6661046743392944
873,3,129,0.42345523834228516
874,3,130,0.564162015914917
875,3,131,0.5152122974395752
876,3,132,0.7210685014724731
877,3,133,0.4072381556034088
878,3,134,0.5309914350509644
879,3,135,0.5192216634750366
880,3,136,0.4803335666656494
881,3,137,0.7088010907173157
882,3,138,0.4465876519680023
883,3,139,0.8163970112800598
884,3,140,0.491057813167572
885,3,141,0.4640626311302185
886,3,142,0.5174578428268433
887,3,143,0.46511268615722656
888,3,144,0.4855480194091797
889,3,145,0.4605863690376282
890,3,146,0.4625021815299988
891,3,147,0.4897984564304352
892,3,148,0.5510343313217163
893,3,149,0.4938170313835144
894,3,150,0.5571036338806152
895,3,151,0.49573391675949097
896,3,152,0.3992839455604553
897,3,153,0.4322814345359802
898,3,154,0.39321520924568176
899,3,155,0.41648465394973755
900,3,156,0.451903760433197
901,3,157,0.5174976587295532
902,3,158,0.4635714888572693
903,3,159,0.5486863851547241
904,3,160,0.5961219072341919
905,3,161,0.45196694135665894
906,3,162,0.5503360629081726
907,3,163,0.4310678541660309
908,3,164,0.4822939932346344
909,3,165,0.5402283072471619
910,3,166,0.41404908895492554
911,3,167,0.43316760659217834
912,3,168,0.6110909581184387
913,3,169,0.5167942047119141
914,3,170,0.5421169996261597
915,3,171,0.5156043767929077
916,3,172,0.6450104713439941
917,3,173,0.3997538387775421
918,3,174,0.5037534236907959
919,3,175,0.4901611804962158
920,3,176,0.47487831115722656
921,3,177,0.4179588854312897
922,3,178,0.4073990285396576
923,3,179,0.547669529914856
924,3,180,0.4793572425842285
925,3,181,0.4443970322608948
926,3,182,0.4977286458015442
927,3,183,0.6835144758224487
928,3,184,0.39471784234046936
929,3,185,0.4561954140663147
930,3,186,0.6029072999954224
931,3,187,0.4317064881324768
932,3,188,0.3884095847606659
933,3,189,0.48425835371017456
934,3,190,0.9228872060775757
935,3,191,0.4671907424926758
936,3,192,0.49293607473373413
937,3,193,0.42743366956710815
938,3,194,0.6105791330337524
939,3,195,0.5362858772277832
940,3,196,0.9503515362739563
941,3,197,0.5310229659080505
942,3,198,0.4342508912086487
943,3,199,0.4461629390716553
944,3,200,0.5326340794563293
945,3,201,0.48961392045021057
946,3,202,0.5592551827430725
947,3,203,0.541960597038269
948,3,204,0.3275434076786041
949,3,205,0.4603036940097809
950,3,206,0.5867079496383667
951,3,207,0.3910273611545563
952,3,208,0.4627777636051178
953,3,209,0.42505282163619995
954,3,210,0.5963617563247681
955,3,211,0.4418472349643707
956,3,212,0.5470651388168335
957,3,213,0.5677053928375244
958,3,214,0.41199660301208496
959,3,215,0.595622718334198
960,3,216,0.49859175086021423
961,3,217,0.4504096508026123
962,3,218,0.4786929190158844
963,3,219,0.462505578994751
964,3,220,0.3828997313976288
965,3,221,0.49296632409095764
966,3,222,0.4553077816963196
967,3,223,0.4635039269924164
968,3,224,0.37583523988723755
969,3,225,0.47169438004493713
970,3,226,0.5881047248840332
971,3,227,0.4771024286746979
972,3,228,0.4227076470851898
973,3,229,0.42972517013549805
974,3,230,0.4816741943359375
975,3,231,0.3606595993041992
976,3,232,0.6014021635055542
977,3,233,0.4884428083896637
978,3,234,0.4585629403591156
979,3,235,0.4300215244293213
980,3,236,0.796562671661377
981,3,237,0.5125829577445984
982,3,238,0.4336634576320648
983,3,239,0.4713638424873352
984,3,240,0.5163521766662598
985,3,241,0.42346733808517456
986,3,242,0.4429512917995453
987,3,243,0.511245846748352
988,3,244,0.5059621334075928
989,3,245,0.39294782280921936
990,3,246,0.4743725657463074
991,3,247,0.5495069026947021
992,3,248,0.515291690826416
993,3,249,0.447620153427124
994,3,250,0.4541720747947693
995,3,251,0.4870796203613281
996,3,252,0.5044124126434326
997,3,253,1.0304385423660278
998,3,254,0.47560176253318787
999,3,255,0.5272198915481567
1000,3,256,0.47792190313339233
1001,3,257,0.5940269231796265
1002,3,258,0.5387052893638611
1003,3,259,0.40992507338523865
1004,3,260,0.5098174214363098
1005,3,261,0.4327540993690491
1006,3,262,0.4686405062675476
1007,3,263,0.503465473651886
1008,3,264,0.5473129749298096
1009,3,265,0.41147273778915405
1010,3,266,0.8988502621650696
1011,3,267,0.5015310645103455
1012,3,268,0.4768299162387848
1013,3,269,0.48439961671829224
1014,3,270,0.49880534410476685
1015,3,271,0.4385834336280823
1016,3,272,0.4163147807121277
1017,3,273,0.404466450214386
1018,3,274,0.41567420959472656
1019,3,275,0.4757557511329651
1020,3,276,0.44071149826049805
1021,3,277,0.470212459564209
1022,3,278,0.4942513108253479
1023,3,279,0.5222501158714294
1024,3,280,0.45135658979415894
1025,3,281,0.4850035607814789
1026,3,282,0.46593719720840454
1027,3,283,0.4273603856563568
1028,3,284,0.5747418403625488
1029,3,285,0.4087944030761719
1030,3,286,0.4376872479915619
1031,3,287,0.4801925718784332
1032,3,288,0.9261342883110046
1033,3,289,0.35612982511520386
1034,3,290,0.6058598756790161
1035,3,291,0.3895494341850281
1036,3,292,0.45935359597206116
1037,3,293,0.4086846709251404
1038,3,294,0.459622323513031
1039,3,295,0.5519984364509583
1040,3,296,0.33003872632980347
1041,3,297,0.45417624711990356
1042,3,298,0.484483003616333
1043,3,299,0.4670286178588867
1044,3,300,0.4419713020324707
1045,3,301,0.5565329790115356
1046,3,302,0.6335217356681824
1047,3,303,0.37446117401123047
1048,3,304,0.6007992029190063
1049,3,305,0.47895678877830505
1050,3,306,0.43340712785720825
1051,3,307,0.5003229379653931
1052,3,308,0.40563568472862244
1053,3,309,0.42974215745925903
1054,3,310,0.4607110619544983
1055,3,311,0.3401433825492859
1056,3,312,0.4299298822879791
1057,3,313,0.4647454619407654
1058,3,314,0.4333871006965637
1059,3,315,0.5515884757041931
1060,3,316,0.450208842754364
1061,3,317,0.3969760537147522
1062,3,318,0.4192776679992676
1063,3,319,0.474048912525177
1064,3,320,0.4909757077693939
1065,3,321,0.48328661918640137
1066,3,322,0.4635963439941406
1067,3,323,0.3822290003299713
1068,3,324,0.44429200887680054
1069,3,325,0.4772053360939026
1070,3,326,0.445620596408844
1071,3,327,0.4459132254123688
1072,3,328,0.51835697889328
1073,3,329,0.4381815791130066
1074,3,330,0.38818123936653137
1075,3,331,0.4363586902618408
1076,3,332,0.4776669144630432
1077,3,333,0.5621562004089355
1078,3,334,0.4396205544471741
1079,3,335,0.35580289363861084
1080,3,336,0.44324707984924316
1081,3,337,0.4126519560813904
1082,3,338,0.5399871468544006
1083,3,339,0.5269941091537476
1084,3,340,0.40753284096717834
1085,3,341,0.379966139793396
1086,3,342,0.5978162288665771
1087,3,343,0.522591233253479
1088,3,344,0.5477176904678345
1089,3,345,0.5780398845672607
1090,3,346,0.4031292498111725
1091,3,347,0.4794844686985016
1092,3,348,0.3970364034175873
1093,3,349,0.5016433000564575
1094,3,350,0.5019402503967285
1095,3,351,0.47791534662246704
1096,3,352,0.39702150225639343
1097,3,353,0.42511624097824097
1098,3,354,0.5815998911857605
1099,3,355,0.38244229555130005
1100,3,356,0.5118478536605835
1101,3,357,0.41736096143722534
1102,3,358,0.4589008688926697
1103,3,359,0.5541471242904663
1104,3,360,0.44950205087661743
1105,3,361,0.4831433892250061
1106,3,362,0.43489837646484375
1107,3,363,0.49696430563926697
1108,3,364,0.3993208706378937
1109,3,365,0.6219884157180786
1110,3,366,0.4644871652126312
1111,3,367,0.44818219542503357
1112,3,368,0.5024126768112183
1113,3,369,0.4127081334590912
1114,3,370,0.4206441044807434
1115,3,371,0.46209263801574707
1116,3,372,0.516314685344696
1117,4,1,0.525473952293396
1118,4,2,0.6383764147758484
1119,4,3,0.41431695222854614
1120,4,4,0.43796834349632263
1121,4,5,0.5355692505836487
1122,4,6,0.47021013498306274
1123,4,7,0.5033300518989563
1124,4,8,0.5271024107933044
1125,4,9,0.49772945046424866
1126,4,10,0.4285253584384918
1127,4,11,0.46966081857681274
1128,4,12,0.4345962405204773
1129,4,13,0.4822119176387787
1130,4,14,0.41416507959365845
1131,4,15,0.46915143728256226
1132,4,16,0.5138932466506958
1133,4,17,0.5751171112060547
1134,4,18,0.38204723596572876
1135,4,19,0.47711318731307983
1136,4,20,0.4180593490600586
1137,4,21,0.3521077036857605
1138,4,22,0.39186185598373413
1139,4,23,0.41827768087387085
1140,4,24,0.4408647119998932
1141,4,25,0.34853988885879517
1142,4,26,0.4605088233947754
1143,4,27,0.525231122970581
1144,4,28,0.43882933259010315
1145,4,29,0.4315153658390045
1146,4,30,0.3846154808998108
1147,4,31,0.7936180233955383
1148,4,32,0.40338143706321716
1149,4,33,0.3750273585319519
1150,4,34,0.3461592197418213
1151,4,35,0.5686153173446655
1152,4,36,0.4878702759742737
1153,4,37,0.3924873471260071
1154,4,38,0.37904149293899536
1155,4,39,0.5483700037002563
1156,4,40,0.5026708841323853
1157,4,41,0.3841404616832733
1158,4,42,0.34639501571655273
1159,4,43,0.3910937011241913
1160,4,44,0.4851934313774109
1161,4,45,0.5345519185066223
1162,4,46,0.3782295882701874
1163,4,47,0.46500658988952637
1164,4,48,0.39567068219184875
1165,4,49,0.4795614182949066
1166,4,50,0.803120493888855
1167,4,51,0.43086057901382446
1168,4,52,0.41094011068344116
1169,4,53,0.3907391428947449
1170,4,54,0.5850709676742554
1171,4,55,0.40395981073379517
1172,4,56,0.2826867699623108
1173,4,57,0.5465742349624634
1174,4,58,0.4138193726539612
1175,4,59,0.7835066914558411
1176,4,60,0.5212674140930176
1177,4,61,0.4233352243900299
1178,4,62,0.44324660301208496
1179,4,63,0.4723127484321594
1180,4,64,0.39664119482040405
1181,4,65,0.38057631254196167
1182,4,66,0.4158291220664978
1183,4,67,0.4181423783302307
1184,4,68,0.37497398257255554
1185,4,69,0.42855554819107056
1186,4,70,0.37283116579055786
1187,4,71,0.39099401235580444
1188,4,72,0.556976854801178
1189,4,73,0.48433470726013184
1190,4,74,0.39696234464645386
1191,4,75,0.48480644822120667
1192,4,76,0.43212994933128357
1193,4,77,0.41579002141952515
1194,4,78,0.3748454451560974
1195,4,79,0.41294270753860474
1196,4,80,0.4590083062648773
1197,4,81,0.3807244896888733
1198,4,82,0.3576652705669403
1199,4,83,0.4430283010005951
1200,4,84,0.42222562432289124
1201,4,85,0.5356333255767822
1202,4,86,0.48271241784095764
1203,4,87,0.36072081327438354
1204,4,88,0.4023473858833313
1205,4,89,0.4846644997596741
1206,4,90,0.4973980486392975
1207,4,91,0.43052345514297485
1208,4,92,0.44076958298683167
1209,4,93,0.48659563064575195
1210,4,94,0.7190918922424316
1211,4,95,0.42334651947021484
1212,4,96,0.5033742785453796
1213,4,97,0.3786472678184509
1214,4,98,0.42638763785362244
1215,4,99,0.4577161371707916
1216,4,100,0.486074835062027
1217,4,101,0.46128201484680176
1218,4,102,0.39373141527175903
1219,4,103,0.42170634865760803
1220,4,104,0.4131716787815094
1221,4,105,0.334347665309906
1222,4,106,0.4844864308834076
1223,4,107,0.4303041100502014
1224,4,108,0.48275765776634216
1225,4,109,0.443582147359848
1226,4,110,0.3791184723377228
1227,4,111,0.37897518277168274
1228,4,112,0.34284520149230957
1229,4,113,0.37812525033950806
1230,4,114,0.37949877977371216
1231,4,115,0.5184424519538879
1232,4,116,0.423905611038208
1233,4,117,0.3077535331249237
1234,4,118,0.35769543051719666
1235,4,119,0.5269200205802917
1236,4,120,0.42248988151550293
1237,4,121,0.47682061791419983
1238,4,122,0.7670702338218689
1239,4,123,0.33713477849960327
1240,4,124,0.3993779718875885
1241,4,125,0.36070871353149414
1242,4,126,0.4204530119895935
1243,4,127,0.43175917863845825
1244,4,128,0.4894600808620453
1245,4,129,0.46378231048583984
1246,4,130,0.4124031066894531
1247,4,131,0.7706120610237122
1248,4,132,0.3724563419818878
1249,4,133,0.4631109833717346
1250,4,134,0.3985590636730194
1251,4,135,0.5476711988449097
1252,4,136,0.4811927378177643
1253,4,137,0.41339391469955444
1254,4,138,0.4605758786201477
1255,4,139,0.5965687036514282
1256,4,140,0.3870202600955963
1257,4,141,0.7827876210212708
1258,4,142,0.469683974981308
1259,4,143,0.3353802263736725
1260,4,144,0.4443841576576233
1261,4,145,0.4477929174900055
1262,4,146,0.4390578269958496
1263,4,147,0.4424854815006256
1264,4,148,0.36743155121803284
1265,4,149,0.42865005135536194
1266,4,150,0.4744107127189636
1267,4,151,0.40490132570266724
1268,4,152,0.4134044647216797
1269,4,153,0.42146557569503784
1270,4,154,0.3968636691570282
1271,4,155,0.46864867210388184
1272,4,156,0.4692748188972473
1273,4,157,0.4425879120826721
1274,4,158,0.5441235303878784
1275,4,159,0.4266948699951172
1276,4,160,0.4477805197238922
1277,4,161,0.3995620608329773
1278,4,162,0.37376317381858826
1279,4,163,0.4774528443813324
1280,4,164,0.5731050372123718
1281,4,165,0.43574053049087524
1282,4,166,0.5337060689926147
1283,4,167,0.50628662109375
1284,4,168,0.5170865058898926
1285,4,169,0.4484754204750061
1286,4,170,0.379765123128891
1287,4,171,0.3667222261428833
1288,4,172,0.38701435923576355
1289,4,173,0.38967305421829224
1290,4,174,0.43851199746131897
1291,4,175,0.4509020745754242
1292,4,176,0.4842144548892975
1293,4,177,0.42041292786598206
1294,4,178,0.35863834619522095
1295,4,179,0.4266884922981262
1296,4,180,0.37648338079452515
1297,4,181,0.560248613357544
1298,4,182,0.39068877696990967
1299,4,183,0.40996402502059937
1300,4,184,0.3965156078338623
1301,4,185,0.3910463750362396
1302,4,186,0.37576979398727417
1303,4,187,0.3911767899990082
1304,4,188,0.43097248673439026
1305,4,189,0.4003525674343109
1306,4,190,0.46191057562828064
1307,4,191,0.3507922887802124
1308,4,192,0.5189650058746338
1309,4,193,0.3593912124633789
1310,4,194,0.47407835721969604
1311,4,195,0.38058409094810486
1312,4,196,0.46053487062454224
1313,4,197,0.41117897629737854
1314,4,198,0.4131617546081543
1315,4,199,0.3744235634803772
1316,4,200,0.4256126880645752
1317,4,201,0.4376011788845062
1318,4,202,0.5393551588058472
1319,4,203,0.4254121780395508
1320,4,204,0.7632715702056885
1321,4,205,0.43107834458351135
1322,4,206,0.4451918601989746
1323,4,207,0.46914806962013245
1324,4,208,0.5009080171585083
1325,4,209,0.39101260900497437
1326,4,210,0.44362640380859375
1327,4,211,0.7173358201980591
1328,4,212,0.3783271908760071
1329,4,213,0.48840469121932983
1330,4,214,0.3812488913536072
1331,4,215,0.3607247471809387
1332,4,216,0.37224864959716797
1333,4,217,0.39964914321899414
1334,4,218,0.495930016040802
1335,4,219,0.3062072992324829
1336,4,220,0.397006094455719
1337,4,221,0.4395368993282318
1338,4,222,0.3948182463645935
1339,4,223,0.4184184968471527
1340,4,224,0.4383760988712311
1341,4,225,0.41554540395736694
1342,4,226,0.4444941580295563
1343,4,227,0.4247007966041565
1344,4,228,0.438890278339386
1345,4,229,0.5125070214271545
1346,4,230,0.338721364736557
1347,4,231,0.37724846601486206
1348,4,232,0.4000045359134674
1349,4,233,0.44797882437705994
1350,4,234,0.39717739820480347
1351,4,235,0.48804888129234314
1352,4,236,0.4575043320655823
1353,4,237,0.41262897849082947
1354,4,238,0.5325369834899902
1355,4,239,0.3598257601261139
1356,4,240,0.32101425528526306
1357,4,241,0.3777822256088257
1358,4,242,0.42409762740135193
1359,4,243,0.3748866319656372
1360,4,244,0.3517243266105652
1361,4,245,0.4497526288032532
1362,4,246,0.3685532808303833
1363,4,247,0.47383928298950195
1364,4,248,0.4077363908290863
1365,4,249,0.444857120513916
1366,4,250,0.39138075709342957
1367,4,251,0.46828117966651917
1368,4,252,0.47879132628440857
1369,4,253,0.40149059891700745
1370,4,254,0.3000442385673523
1371,4,255,0.3850057125091553
1372,4,256,0.34302768111228943
1373,4,257,0.3734454810619354
1374,4,258,0.42882975935935974
1375,4,259,0.4092457890510559
1376,4,260,0.3575134575366974
1377,4,261,0.4481750428676605
1378,4,262,0.4031182825565338
1379,4,263,0.5578199625015259
1380,4,264,0.488429456949234
1381,4,265,0.39590534567832947
1382,4,266,0.45668452978134155
1383,4,267,0.38025131821632385
1384,4,268,0.4209347367286682
1385,4,269,0.393799364566803
1386,4,270,0.7962920069694519
1387,4,271,0.3484951853752136
1388,4,272,0.44043007493019104
1389,4,273,0.3940557837486267
1390,4,274,0.42973941564559937
1391,4,275,0.5638143420219421
1392,4,276,0.41229525208473206
1393,4,277,0.3849918246269226
1394,4,278,0.4616958498954773
1395,4,279,0.46804729104042053
1396,4,280,0.36587920784950256
1397,4,281,0.3769001066684723
1398,4,282,0.5388196110725403
1399,4,283,0.44639331102371216
1400,4,284,0.4908479154109955
1401,4,285,0.35784026980400085
1402,4,286,0.36813923716545105
1403,4,287,0.45118197798728943
1404,4,288,0.37321537733078003
1405,4,289,0.4120279848575592
1406,4,290,0.4447617530822754
1407,4,291,0.30844080448150635
1408,4,292,0.4029461443424225
1409,4,293,0.32808247208595276
1410,4,294,0.34973758459091187
1411,4,295,0.46246838569641113
1412,4,296,0.4569992125034332
1413,4,297,0.44279083609580994
1414,4,298,0.49509352445602417
1415,4,299,0.30656516551971436
1416,4,300,0.3936147093772888
1417,4,301,0.4016574025154114
1418,4,302,0.3825061619281769
1419,4,303,0.43740472197532654
1420,4,304,0.43213409185409546
1421,4,305,0.41479820013046265
1422,4,306,0.4356110095977783
1423,4,307,0.44949930906295776
1424,4,308,0.5054866075515747
1425,4,309,0.46777206659317017
1426,4,310,0.8510435223579407
1427,4,311,0.4415889382362366
1428,4,312,0.4786885380744934
1429,4,313,0.49905604124069214
1430,4,314,0.38257184624671936
1431,4,315,0.41844624280929565
1432,4,316,0.304420530796051
1433,4,317,0.4553462862968445
1434,4,318,0.35269099473953247
1435,4,319,0.4048927426338196
1436,4,320,0.3435320258140564
1437,4,321,0.513155460357666
1438,4,322,0.46793872117996216
1439,4,323,0.41561800241470337
1440,4,324,0.39656203985214233
1441,4,325,0.592636227607727
1442,4,326,0.37509259581565857
1443,4,327,0.3581319749355316
1444,4,328,0.3948201835155487
1445,4,329,0.45687490701675415
1446,4,330,0.43405598402023315
1447,4,331,0.37173083424568176
1448,4,332,0.40702518820762634
1449,4,333,0.3781105577945709
1450,4,334,0.3888862729072571
1451,4,335,0.375662624835968
1452,4,336,0.3816058039665222
1453,4,337,0.4775405824184418
1454,4,338,0.40575313568115234
1455,4,339,0.4537723958492279
1456,4,340,0.43545055389404297
1457,4,341,0.4400237500667572
1458,4,342,0.3714877963066101
1459,4,343,0.42368006706237793
1460,4,344,0.38652268052101135
1461,4,345,0.4558719992637634
1462,4,346,0.39195138216018677
1463,4,347,0.38850298523902893
1464,4,348,0.3360637426376343
1465,4,349,0.4845099449157715
1466,4,350,0.42313098907470703
1467,4,351,0.2549680769443512
1468,4,352,0.4263787269592285
1469,4,353,0.3693377375602722
1470,4,354,0.40353503823280334
1471,4,355,0.39314159750938416
1472,4,356,0.4372766613960266
1473,4,357,0.28278452157974243
1474,4,358,0.42647624015808105
1475,4,359,0.39792731404304504
1476,4,360,0.35413306951522827
1477,4,361,0.39061322808265686
1478,4,362,0.3768118619918823
1479,4,363,0.4392092823982239
1480,4,364,0.2998693585395813
1481,4,365,0.703356146812439
1482,4,366,0.3354306221008301
1483,4,367,0.422057569026947
1484,4,368,0.42123883962631226
1485,4,369,0.3983813524246216
1486,4,370,0.46221762895584106
1487,4,371,0.4795565605163574
1488,4,372,0.34613531827926636
1489,5,1,0.35478582978248596
1490,5,2,0.32689332962036133
1491,5,3,0.4112732410430908
1492,5,4,0.3954439163208008
1493,5,5,0.3641696572303772
1494,5,6,0.40960216522216797
1495,5,7,0.3918166756629944
1496,5,8,0.3709624111652374
1497,5,9,0.4040042757987976
1498,5,10,0.4782007336616516
1499,5,11,0.4045206904411316
1500,5,12,0.812700092792511
1501,5,13,0.46070176362991333
1502,5,14,0.41370710730552673
1503,5,15,0.9249685406684875
1504,5,16,0.39498668909072876
1505,5,17,0.40336713194847107
1506,5,18,0.40912842750549316
1507,5,19,0.3913525938987732
1508,5,20,0.3476850986480713
1509,5,21,0.4320245385169983
1510,5,22,0.45778149366378784
1511,5,23,0.34564054012298584
1512,5,24,0.3592897951602936
1513,5,25,0.4303460717201233
1514,5,26,0.4281559884548187
1515,5,27,0.41958919167518616
1516,5,28,0.44105249643325806
1517,5,29,0.2924140393733978
1518,5,30,0.4416799545288086
1519,5,31,0.3951030373573303
1520,5,32,0.36698809266090393
1521,5,33,0.5487403273582458
1522,5,34,0.3760630488395691
1523,5,35,0.5566568374633789
1524,5,36,0.3887218236923218
1525,5,37,0.37066513299942017
1526,5,38,0.3485841751098633
1527,5,39,0.4389022886753082
1528,5,40,0.3163611888885498
1529,5,41,0.31957584619522095
1530,5,42,0.3444649577140808
1531,5,43,0.3333685100078583
1532,5,44,0.3923577666282654
1533,5,45,0.43631353974342346
1534,5,46,0.35247886180877686
1535,5,47,0.43350750207901
1536,5,48,0.3332705795764923
1537,5,49,0.35059913992881775
1538,5,50,0.548894464969635
1539,5,51,0.4676473140716553
1540,5,52,0.3823050856590271
1541,5,53,0.3430195748806
1542,5,54,0.3516572415828705
1543,5,55,0.38643911480903625
1544,5,56,0.8524157404899597
1545,5,57,0.327838271856308
1546,5,58,0.4161412715911865
1547,5,59,0.44006913900375366
1548,5,60,0.3767927885055542
1549,5,61,0.4686043858528137
1550,5,62,0.3931366503238678
1551,5,63,0.3576919138431549
1552,5,64,0.35066989064216614
1553,5,65,0.539463222026825
1554,5,66,0.3227250576019287
1555,5,67,0.35522523522377014
1556,5,68,0.360318660736084
1557,5,69,0.42983874678611755
1558,5,70,0.41846761107444763
1559,5,71,0.38690540194511414
1560,5,72,0.31289467215538025
1561,5,73,0.4242277145385742
1562,5,74,0.4426252841949463
1563,5,75,0.4126492142677307
1564,5,76,0.45909491181373596
1565,5,77,0.3258010745048523
1566,5,78,0.40749192237854004
1567,5,79,0.35130423307418823
1568,5,80,0.39794614911079407
1569,5,81,0.47077980637550354
1570,5,82,0.39579126238822937
1571,5,83,0.345842182636261
1572,5,84,0.521531879901886
1573,5,85,0.43920087814331055
1574,5,86,0.35858672857284546
1575,5,87,0.42365631461143494
1576,5,88,0.4161306321620941
1577,5,89,0.3380832076072693
1578,5,90,0.2875673174858093
1579,5,91,0.3804846405982971
1580,5,92,0.3680168688297272
1581,5,93,0.4172038435935974
1582,5,94,0.41303521394729614
1583,5,95,0.3990998864173889
1584,5,96,0.34553810954093933
1585,5,97,0.4628637433052063
1586,5,98,0.35129380226135254
1587,5,99,0.8402119874954224
1588,5,100,0.39431118965148926
1589,5,101,0.4253667891025543
1590,5,102,0.3577843904495239
1591,5,103,0.33371931314468384
1592,5,104,0.47673216462135315
1593,5,105,0.3470333218574524
1594,5,106,0.3397091329097748
1595,5,107,0.4953240752220154
1596,5,108,0.45613041520118713
1597,5,109,0.4240592420101166
1598,5,110,0.4259421229362488
1599,5,111,0.383258581161499
1600,5,112,0.5469112396240234
1601,5,113,0.37341874837875366
1602,5,114,0.36097007989883423
1603,5,115,0.37588873505592346
1604,5,116,0.4567558765411377
1605,5,117,0.3740695118904114
1606,5,118,0.3481758236885071
1607,5,119,0.3933025300502777
1608,5,120,0.6049098968505859
1609,5,121,0.3897605836391449
1610,5,122,0.3984600305557251
1611,5,123,0.4198838174343109
1612,5,124,0.33223462104797363
1613,5,125,0.5055192708969116
1614,5,126,0.4338887333869934
1615,5,127,0.4273063540458679
1616,5,128,0.5055049657821655
1617,5,129,0.40197572112083435
1618,5,130,0.3611064553260803
1619,5,131,0.3979337513446808
1620,5,132,0.4453497529029846
1621,5,133,0.3301456570625305
1622,5,134,0.33376505970954895
1623,5,135,0.42372995615005493
1624,5,136,0.40420812368392944
1625,5,137,0.3312799334526062
1626,5,138,0.5266238451004028
1627,5,139,0.3866978585720062
1628,5,140,0.4031091630458832
1629,5,141,0.35225075483322144
1630,5,142,0.3952244818210602
1631,5,143,0.374642938375473
1632,5,144,0.4004684090614319
1633,5,145,0.6150044202804565
1634,5,146,0.424536794424057
1635,5,147,0.44751477241516113
1636,5,148,0.35415834188461304
1637,5,149,0.39012205600738525
1638,5,150,0.43822869658470154
1639,5,151,0.3618728816509247
1640,5,152,0.37698835134506226
1641,5,153,0.41769543290138245
1642,5,154,0.3243226408958435
1643,5,155,0.4605409502983093
1644,5,156,0.4173823893070221
1645,5,157,0.38925957679748535
1646,5,158,0.3648489713668823
1647,5,159,0.44142064452171326
1648,5,160,0.3853018581867218
1649,5,161,0.4041284918785095
1650,5,162,0.3220437169075012
1651,5,163,0.36947378516197205
1652,5,164,0.29515722393989563
1653,5,165,0.372200608253479
1654,5,166,0.43338632583618164
1655,5,167,0.3510446548461914
1656,5,168,0.30233755707740784
1657,5,169,0.42306727170944214
1658,5,170,0.4074343740940094
1659,5,171,0.4400237500667572
1660,5,172,0.41178351640701294
1661,5,173,0.3367554247379303
1662,5,174,0.36452701687812805
1663,5,175,0.4115026593208313
1664,5,176,0.416292667388916
1665,5,177,0.3440837264060974
1666,5,178,0.39559274911880493
1667,5,179,0.3629450798034668
1668,5,180,0.4405137896537781
1669,5,181,0.4141949713230133
1670,5,182,0.5145182013511658
1671,5,183,0.3432435393333435
1672,5,184,0.5229132175445557
1673,5,185,0.41108670830726624
1674,5,186,0.3774765133857727
1675,5,187,0.2708835005760193
1676,5,188,0.4024168848991394
1677,5,189,0.34777262806892395
1678,5,190,0.38893094658851624
1679,5,191,0.33006229996681213
1680,5,192,0.42752403020858765
1681,5,193,0.3735479414463043
1682,5,194,0.45986199378967285
1683,5,195,0.3217473030090332
1684,5,196,0.3240332007408142
1685,5,197,0.3332999050617218
1686,5,198,0.3679646849632263
1687,5,199,0.4228373169898987
1688,5,200,0.33381110429763794
1689,5,201,0.48173731565475464
1690,5,202,0.3037719130516052
1691,5,203,0.7582661509513855
1692,5,204,0.39866119623184204
1693,5,205,0.3932355046272278
1694,5,206,0.4307785928249359
1695,5,207,0.44691309332847595
1696,5,208,0.4111379086971283
1697,5,209,0.3859730660915375
1698,5,210,0.33955615758895874
1699,5,211,0.5255433320999146
1700,5,212,0.3673613667488098
1701,5,213,0.37222716212272644
1702,5,214,0.49114876985549927
1703,5,215,0.45379066467285156
1704,5,216,0.292098730802536
1705,5,217,0.4636279046535492
1706,5,218,0.41270381212234497
1707,5,219,0.27286776900291443
1708,5,220,0.3751879930496216
1709,5,221,0.332535058259964
1710,5,222,0.3791569769382477
1711,5,223,0.41975489258766174
1712,5,224,0.51409912109375
1713,5,225,0.346767783164978
1714,5,226,0.42198315262794495
1715,5,227,0.3977464437484741
1716,5,228,0.39851894974708557
1717,5,229,0.3480598032474518
1718,5,230,0.39981308579444885
1719,5,231,0.39840880036354065
1720,5,232,0.8456398844718933
1721,5,233,0.306513249874115
1722,5,234,0.7623738050460815
1723,5,235,0.3504070043563843
1724,5,236,0.35087090730667114
1725,5,237,0.42772284150123596
1726,5,238,0.3437868654727936
1727,5,239,0.33162158727645874
1728,5,240,0.4422166347503662
1729,5,241,0.4873036742210388
1730,5,242,0.47420626878738403
1731,5,243,0.37642309069633484
1732,5,244,0.2749495804309845
1733,5,245,0.37126728892326355
1734,5,246,0.6041232347488403
1735,5,247,0.35420599579811096
1736,5,248,0.3379933834075928
1737,5,249,0.49104422330856323
1738,5,250,0.45478519797325134
1739,5,251,0.2823635935783386
1740,5,252,0.34799399971961975
1741,5,253,0.34399598836898804
1742,5,254,0.392150342464447
1743,5,255,0.3486447036266327
1744,5,256,0.40504732728004456
1745,5,257,0.3358181118965149
1746,5,258,0.4194180965423584
1747,5,259,0.40933889150619507
1748,5,260,0.4701172411441803
1749,5,261,0.2933763861656189
1750,5,262,0.328502893447876
1751,5,263,0.40282735228538513
1752,5,264,0.4513704180717468
1753,5,265,0.3164660930633545
1754,5,266,0.3869069814682007
1755,5,267,0.409634530544281
1756,5,268,0.3731846809387207
1757,5,269,0.719338059425354
1758,5,270,0.5119243264198303
1759,5,271,0.39085108041763306
1760,5,272,0.3569912016391754
1761,5,273,0.3398038446903229
1762,5,274,0.38361960649490356
1763,5,275,0.37288519740104675
1764,5,276,0.3846719264984131
1765,5,277,0.3511700928211212
1766,5,278,0.3977047801017761
1767,5,279,0.39621999859809875
1768,5,280,0.3571224510669708
1769,5,281,0.3481896221637726
1770,5,282,0.4145781099796295
1771,5,283,0.3097459673881531
1772,5,284,0.31640157103538513
1773,5,285,0.354544997215271
1774,5,286,0.4312565326690674
1775,5,287,0.35957056283950806
1776,5,288,0.4220004975795746
1777,5,289,0.4197487235069275
1778,5,290,0.3974929451942444
1779,5,291,0.40580734610557556
1780,5,292,0.4077109694480896
1781,5,293,0.473348468542099
1782,5,294,0.4056200385093689
1783,5,295,0.5392773151397705
1784,5,296,0.4351482391357422
1785,5,297,0.34698286652565
1786,5,298,0.4230427145957947
1787,5,299,0.42297905683517456
1788,5,300,0.45884793996810913
1789,5,301,0.4321134090423584
1790,5,302,0.33864474296569824
1791,5,303,0.32774272561073303
1792,5,304,0.347350537776947
1793,5,305,0.6811946630477905
1794,5,306,0.35605186223983765
1795,5,307,0.46498218178749084
1796,5,308,0.40006694197654724
1797,5,309,0.45091232657432556
1798,5,310,0.4994850158691406
1799,5,311,0.3955079913139343
1800,5,312,0.3751004636287689
1801,5,313,0.4340108036994934
1802,5,314,0.33167606592178345
1803,5,315,0.34620606899261475
1804,5,316,0.3951411247253418
1805,5,317,0.30853271484375
1806,5,318,0.39492401480674744
1807,5,319,0.3527035415172577
1808,5,320,0.3526666760444641
1809,5,321,0.3804502487182617
1810,5,322,0.41114386916160583
1811,5,323,0.4572288990020752
1812,5,324,0.4501798748970032
1813,5,325,0.33422619104385376
1814,5,326,0.36172476410865784
1815,5,327,0.4149366319179535
1816,5,328,0.34468382596969604
1817,5,329,0.3474806249141693
1818,5,330,0.2863937318325043
1819,5,331,0.34940558671951294
1820,5,332,0.38937142491340637
1821,5,333,0.34059521555900574
1822,5,334,0.32379016280174255
1823,5,335,0.3260861039161682
1824,5,336,0.45958399772644043
1825,5,337,0.29268935322761536
1826,5,338,0.3407934308052063
1827,5,339,0.4109921455383301
1828,5,340,0.4269171357154846
1829,5,341,0.2908519506454468
1830,5,342,0.4781193137168884
1831,5,343,0.29348498582839966
1832,5,344,0.3909302353858948
1833,5,345,0.43157070875167847
1834,5,346,0.38194870948791504
1835,5,347,0.3035399317741394
1836,5,348,0.31099778413772583
1837,5,349,0.36082249879837036
1838,5,350,0.30864712595939636
1839,5,351,0.31022536754608154
1840,5,352,0.34968477487564087
1841,5,353,0.43079543113708496
1842,5,354,0.3777087330818176
1843,5,355,0.34545379877090454
1844,5,356,0.35417884588241577
1845,5,357,0.9049921035766602
1846,5,358,0.43634286522865295
1847,5,359,0.4579063057899475
1848,5,360,0.27444082498550415
1849,5,361,0.42875680327415466
1850,5,362,0.35573074221611023
1851,5,363,0.3388487994670868
1852,5,364,0.35192012786865234
1853,5,365,0.33290624618530273
1854,5,366,0.34065479040145874
1855,5,367,0.3635144829750061
1856,5,368,0.3524535894393921
1857,5,369,0.4026343822479248
1858,5,370,0.3627608120441437
1859,5,371,0.3954174220561981
1860,5,372,0.38945531845092773
1861,6,1,0.3577579855918884
1862,6,2,0.3969016373157501
1863,6,3,0.39115625619888306
1864,6,4,0.40187758207321167
1865,6,5,0.302543580532074
1866,6,6,0.40196341276168823
1867,6,7,0.3905031383037567
1868,6,8,0.41905856132507324
1869,6,9,0.3704948425292969
1870,6,10,0.3937756419181824
1871,6,11,0.3672066032886505
1872,6,12,0.3815045654773712
1873,6,13,0.3804037272930145
1874,6,14,0.4107755720615387
1875,6,15,0.28348809480667114
1876,6,16,0.3245565593242645
1877,6,17,0.435556560754776
1878,6,18,0.3759074807167053
1879,6,19,0.39979344606399536
1880,6,20,0.38105088472366333
1881,6,21,0.45541563630104065
1882,6,22,0.3390004634857178
1883,6,23,0.33768072724342346
1884,6,24,0.4534592032432556
1885,6,25,0.3361733853816986
1886,6,26,0.35310250520706177
1887,6,27,0.3130795955657959
1888,6,28,0.34113141894340515
1889,6,29,0.3285515606403351
1890,6,30,0.3593311607837677
1891,6,31,0.45456433296203613
1892,6,32,0.3647884726524353
1893,6,33,0.3025915324687958
1894,6,34,0.3423351049423218
1895,6,35,0.5982546210289001
1896,6,36,0.2548914849758148
1897,6,37,0.6097476482391357
1898,6,38,0.34773534536361694
1899,6,39,0.2922270894050598
1900,6,40,0.38051339983940125
1901,6,41,0.30955860018730164
1902,6,42,0.28422069549560547
1903,6,43,0.33205312490463257
1904,6,44,0.43780821561813354
1905,6,45,0.3534144163131714
1906,6,46,0.3933057487010956
1907,6,47,0.37475746870040894
1908,6,48,0.36739984154701233
1909,6,49,0.340835303068161
1910,6,50,0.4195345938205719
1911,6,51,0.38905081152915955
1912,6,52,0.33644136786460876
1913,6,53,0.3396618366241455
1914,6,54,0.3982846736907959
1915,6,55,0.39775994420051575
1916,6,56,0.31736040115356445
1917,6,57,0.42352786660194397
1918,6,58,0.3973925709724426
1919,6,59,0.44411784410476685
1920,6,60,0.28550034761428833
1921,6,61,0.3895871043205261
1922,6,62,0.31994080543518066
1923,6,63,0.30821526050567627
1924,6,64,0.718786358833313
1925,6,65,0.4527275562286377
1926,6,66,0.41219496726989746
1927,6,67,0.40224194526672363
1928,6,68,0.3337622284889221
1929,6,69,0.3569355010986328
1930,6,70,0.4214911460876465
1931,6,71,0.3412846624851227
1932,6,72,0.4037140905857086
1933,6,73,0.5020338296890259
1934,6,74,0.28264543414115906
1935,6,75,0.3959537744522095
1936,6,76,0.291972815990448
1937,6,77,0.3262254595756531
1938,6,78,0.41439852118492126
1939,6,79,0.8264452219009399
1940,6,80,0.3864428699016571
1941,6,81,0.4442880153656006
1942,6,82,0.32876336574554443
1943,6,83,0.34664052724838257
1944,6,84,0.40292149782180786
1945,6,85,0.3842507004737854
1946,6,86,0.3262441158294678
1947,6,87,0.27847081422805786
1948,6,88,0.35831165313720703
1949,6,89,0.46011286973953247
1950,6,90,0.36698901653289795
1951,6,91,0.41959795355796814
1952,6,92,0.3309555649757385
1953,6,93,0.3688824474811554
1954,6,94,0.40514546632766724
1955,6,95,0.40711426734924316
1956,6,96,0.3408314883708954
1957,6,97,0.36379843950271606
1958,6,98,0.39110228419303894
1959,6,99,0.30999550223350525
1960,6,100,0.3485422432422638
1961,6,101,0.37664514780044556
1962,6,102,0.3300052583217621
1963,6,103,0.9094049334526062
1964,6,104,0.28927791118621826
1965,6,105,0.3412541151046753
1966,6,106,0.3011001944541931
1967,6,107,0.3111441433429718
1968,6,108,0.3377596139907837
1969,6,109,0.4063921868801117
1970,6,110,0.28437989950180054
1971,6,111,0.34909021854400635
1972,6,112,0.4011693596839905
1973,6,113,0.33131760358810425
1974,6,114,0.653261661529541
1975,6,115,0.40834125876426697
1976,6,116,0.3069917857646942
1977,6,117,0.3496093451976776
1978,6,118,0.361774206161499
1979,6,119,0.28490179777145386
1980,6,120,0.3352645933628082
1981,6,121,0.3469470739364624
1982,6,122,0.2982918620109558
1983,6,123,0.4335000514984131
1984,6,124,0.3841981887817383
1985,6,125,0.2706652879714966
1986,6,126,0.3063426911830902
1987,6,127,0.33101004362106323
1988,6,128,0.30931034684181213
1989,6,129,0.2924625277519226
1990,6,130,0.33158591389656067
1991,6,131,0.3376747965812683
1992,6,132,0.424560010433197
1993,6,133,0.3706050515174866
1994,6,134,0.37305086851119995
1995,6,135,0.3306722044944763
1996,6,136,0.33422499895095825
1997,6,137,0.31990429759025574
1998,6,138,0.3955201208591461
1999,6,139,0.4059308171272278
2000,6,140,0.3422982096672058
2001,6,141,0.5924116373062134
2002,6,142,0.39375412464141846
2003,6,143,0.3018377423286438
2004,6,144,0.3251594603061676
2005,6,145,0.2882893681526184
2006,6,146,0.433847576379776
2007,6,147,0.44270890951156616
2008,6,148,0.3056851029396057
2009,6,149,0.42743587493896484
2010,6,150,0.3298312723636627
2011,6,151,0.32873469591140747
2012,6,152,0.6251386404037476
2013,6,153,0.3527776300907135
2014,6,154,0.37772780656814575
2015,6,155,0.5277715921401978
2016,6,156,0.3701426386833191
2017,6,157,0.47180384397506714
2018,6,158,0.3492529094219208
2019,6,159,0.3034394085407257
2020,6,160,0.45405763387680054
2021,6,161,0.3622702956199646
2022,6,162,0.48057085275650024
2023,6,163,0.4308861196041107
2024,6,164,0.3871247172355652
2025,6,165,0.3865048289299011
2026,6,166,0.2781946659088135
2027,6,167,0.4086924195289612
2028,6,168,0.2787212133407593
2029,6,169,0.3753214478492737
2030,6,170,0.4400002062320709
2031,6,171,0.3799872100353241
2032,6,172,0.4639682173728943
2033,6,173,0.3110732436180115
2034,6,174,0.3448171019554138
2035,6,175,0.355080783367157
2036,6,176,0.31721705198287964
2037,6,177,0.35359910130500793
2038,6,178,0.37358158826828003
2039,6,179,0.32383063435554504
2040,6,180,0.3656517267227173
2041,6,181,0.3187141418457031
2042,6,182,0.3198484182357788
2043,6,183,0.3851996064186096
2044,6,184,0.3684670627117157
2045,6,185,0.3299100995063782
2046,6,186,0.32932788133621216
2047,6,187,0.3437146544456482
2048,6,188,0.7190974354743958
2049,6,189,0.3338588774204254
2050,6,190,0.37291544675827026
2051,6,191,0.3606458604335785
2052,6,192,0.4438645839691162
2053,6,193,0.3644567131996155
2054,6,194,0.4159887433052063
2055,6,195,0.3114953637123108
2056,6,196,0.3128519654273987
2057,6,197,0.3016703426837921
2058,6,198,0.36502236127853394
2059,6,199,0.3212171792984009
2060,6,200,0.38465017080307007
2061,6,201,0.2912406325340271
2062,6,202,0.3523525595664978
2063,6,203,0.3728742003440857
2064,6,204,0.2990928590297699
2065,6,205,0.4275363087654114
2066,6,206,0.3725639581680298
2067,6,207,0.34022256731987
2068,6,208,0.4176620543003082
2069,6,209,0.35651907324790955
2070,6,210,0.3265460133552551
2071,6,211,0.36432814598083496
2072,6,212,0.34289056062698364
2073,6,213,0.3150506317615509
2074,6,214,0.42355117201805115
2075,6,215,0.7321646213531494
2076,6,216,0.27845826745033264
2077,6,217,0.35440799593925476
2078,6,218,0.31865429878234863
2079,6,219,0.4173405170440674
2080,6,220,0.3831890821456909
2081,6,221,0.22528734803199768
2082,6,222,0.4229598939418793
2083,6,223,0.30292367935180664
2084,6,224,0.32728761434555054
2085,6,225,0.2885579764842987
2086,6,226,0.3288120627403259
2087,6,227,0.3699035048484802
2088,6,228,0.4332205653190613
2089,6,229,0.2572816014289856
2090,6,230,0.34902095794677734
2091,6,231,0.28349295258522034
2092,6,232,0.36361315846443176
2093,6,233,0.32218748331069946
2094,6,234,0.27466055750846863
2095,6,235,0.3420982360839844
2096,6,236,0.31975191831588745
2097,6,237,0.42014533281326294
2098,6,238,0.3318312168121338
2099,6,239,0.3254276514053345
2100,6,240,0.42505884170532227
2101,6,241,0.3482484519481659
2102,6,242,0.445861279964447
2103,6,243,0.3539084792137146
2104,6,244,0.37153372168540955
2105,6,245,0.40073221921920776
2106,6,246,0.32843074202537537
2107,6,247,0.37412625551223755
2108,6,248,0.2805344760417938
2109,6,249,0.3023732900619507
2110,6,250,0.5880556702613831
2111,6,251,0.558074951171875
2112,6,252,0.4444442689418793
2113,6,253,0.3977004587650299
2114,6,254,0.36645954847335815
2115,6,255,0.4380946755409241
2116,6,256,0.37015074491500854
2117,6,257,0.38623344898223877
2118,6,258,0.386330783367157
2119,6,259,0.3202694058418274
2120,6,260,0.31457164883613586
2121,6,261,0.3467920422554016
2122,6,262,0.3393673002719879
2123,6,263,0.38801079988479614
2124,6,264,0.3682534098625183
2125,6,265,0.3732888102531433
2126,6,266,0.32081496715545654
2127,6,267,0.4858948588371277
2128,6,268,0.6990782022476196
2129,6,269,0.4128848910331726
2130,6,270,0.32567349076271057
2131,6,271,0.5235894322395325
2132,6,272,0.36750370264053345
2133,6,273,0.38977181911468506
2134,6,274,0.3592528700828552
2135,6,275,0.4136006236076355
2136,6,276,0.33833640813827515
2137,6,277,0.35309988260269165
2138,6,278,0.33726418018341064
2139,6,279,0.2722727656364441
2140,6,280,0.3614283800125122
2141,6,281,0.4092234671115875
2142,6,282,0.30948328971862793
2143,6,283,0.28602170944213867
2144,6,284,0.3520035147666931
2145,6,285,0.2823752462863922
2146,6,286,0.506017804145813
2147,6,287,0.3566334843635559
2148,6,288,0.33773666620254517
2149,6,289,0.4201892912387848
2150,6,290,0.3050311207771301
2151,6,291,0.3236449360847473
2152,6,292,0.38957610726356506
2153,6,293,0.36336007714271545
2154,6,294,0.3080447316169739
2155,6,295,0.385459840297699
2156,6,296,0.4149952828884125
2157,6,297,0.3315364122390747
2158,6,298,1.1684765815734863
2159,6,299,0.30243876576423645
2160,6,300,0.4136354923248291
2161,6,301,0.31671708822250366
2162,6,302,0.2534598708152771
2163,6,303,0.30930835008621216
2164,6,304,0.3490476906299591
2165,6,305,0.6957376003265381
2166,6,306,0.415922075510025
2167,6,307,0.39793139696121216
2168,6,308,0.4058776795864105
2169,6,309,0.358858585357666
2170,6,310,0.3658389449119568
2171,6,311,0.33359795808792114
2172,6,312,0.3716993033885956
2173,6,313,0.385614812374115
2174,6,314,0.3108750879764557
2175,6,315,0.3216680884361267
2176,6,316,0.311355859041214
2177,6,317,0.40945854783058167
2178,6,318,0.3247032165527344
2179,6,319,0.4145262837409973
2180,6,320,0.4422477185726166
2181,6,321,0.4575634002685547
2182,6,322,0.32910531759262085
2183,6,323,0.3412618935108185
2184,6,324,0.44951480627059937
2185,6,325,0.3818213641643524
2186,6,326,0.4458708167076111
2187,6,327,0.37453562021255493
2188,6,328,0.2958618104457855
2189,6,329,0.26636677980422974
2190,6,330,0.35511577129364014
2191,6,331,0.36446958780288696
2192,6,332,0.3344394266605377
2193,6,333,0.3144228756427765
2194,6,334,0.3883170187473297
2195,6,335,0.33572396636009216
2196,6,336,0.40533512830734253
2197,6,337,0.26347461342811584
2198,6,338,0.3524494767189026
2199,6,339,0.38997215032577515
2200,6,340,0.41258201003074646
2201,6,341,0.4008340835571289
2202,6,342,0.33677151799201965
2203,6,343,0.5111991167068481
2204,6,344,0.2975429594516754
2205,6,345,0.36764490604400635
2206,6,346,0.4258310794830322
2207,6,347,0.3796900808811188
2208,6,348,0.4052391052246094
2209,6,349,0.35983556509017944
2210,6,350,0.3537530303001404
2211,6,351,0.4780309796333313
2212,6,352,0.32493847608566284
2213,6,353,0.3743738830089569
2214,6,354,0.34533941745758057
2215,6,355,0.33987289667129517
2216,6,356,0.31927451491355896
2217,6,357,0.47522634267807007
2218,6,358,0.2742743492126465
2219,6,359,0.44616618752479553
2220,6,360,0.38470259308815
2221,6,361,0.39947909116744995
2222,6,362,0.281444251537323
2223,6,363,0.30230891704559326
2224,6,364,0.3171619176864624
2225,6,365,0.341561883687973
2226,6,366,0.4014336168766022
2227,6,367,0.44959014654159546
2228,6,368,0.3916131258010864
2229,6,369,0.3609922528266907
2230,6,370,0.32557007670402527
2231,6,371,0.3077715039253235
2232,6,372,0.3050776422023773
2233,7,1,0.3249867856502533
2234,7,2,0.3551204204559326
2235,7,3,0.7276715040206909
2236,7,4,0.38406240940093994
2237,7,5,0.3336122930049896
2238,7,6,0.34707897901535034
2239,7,7,0.3850337564945221
2240,7,8,0.36452656984329224
2241,7,9,0.3856911361217499
2242,7,10,0.323835551738739
2243,7,11,0.30112916231155396
2244,7,12,0.3005952835083008
2245,7,13,0.32967570424079895
2246,7,14,0.29759690165519714
2247,7,15,0.3533691167831421
2248,7,16,0.3542535901069641
2249,7,17,0.31803351640701294
2250,7,18,0.2955189049243927
2251,7,19,0.3034190535545349
2252,7,20,0.34250736236572266
2253,7,21,0.3216007649898529
2254,7,22,0.3119910955429077
2255,7,23,0.22050480544567108
2256,7,24,0.5039330720901489
2257,7,25,0.31014400720596313
2258,7,26,0.3202512860298157
2259,7,27,0.3397556245326996
2260,7,28,0.33465343713760376
2261,7,29,0.3789522051811218
2262,7,30,0.2855057120323181
2263,7,31,0.35748034715652466
2264,7,32,0.37180155515670776
2265,7,33,0.3209906220436096
2266,7,34,0.38626599311828613
2267,7,35,0.27065885066986084
2268,7,36,0.26321327686309814
2269,7,37,0.3374338746070862
2270,7,38,0.31067201495170593
2271,7,39,0.33619651198387146
2272,7,40,0.29135584831237793
2273,7,41,0.2709862291812897
2274,7,42,0.36557120084762573
2275,7,43,0.36121463775634766
2276,7,44,0.3778883218765259
2277,7,45,0.282297283411026
2278,7,46,0.271494060754776
2279,7,47,0.3859270215034485
2280,7,48,0.2722880244255066
2281,7,49,0.38009220361709595
2282,7,50,0.3803086578845978
2283,7,51,0.3403342664241791
2284,7,52,0.37644651532173157
2285,7,53,0.27335089445114136
2286,7,54,0.29455047845840454
2287,7,55,0.4178387522697449
2288,7,56,0.37125691771507263
2289,7,57,0.338629812002182
2290,7,58,0.4544958472251892
2291,7,59,0.30103302001953125
2292,7,60,0.3267337381839752
2293,7,61,0.32724013924598694
2294,7,62,0.4015268385410309
2295,7,63,0.2657633423805237
2296,7,64,0.43782058358192444
2297,7,65,0.37930062413215637
2298,7,66,0.3266334533691406
2299,7,67,0.44063878059387207
2300,7,68,0.34707656502723694
2301,7,69,0.4192642569541931
2302,7,70,0.34309154748916626
2303,7,71,1.2207369804382324
2304,7,72,0.43786540627479553
2305,7,73,0.4096291959285736
2306,7,74,0.253750205039978
2307,7,75,0.3270866274833679
2308,7,76,0.36438605189323425
2309,7,77,0.4047967791557312
2310,7,78,0.30337777733802795
2311,7,79,0.3001176118850708
2312,7,80,0.3686743378639221
2313,7,81,0.40138110518455505
2314,7,82,0.2858414053916931
2315,7,83,0.3934372663497925
2316,7,84,0.39374545216560364
2317,7,85,0.3528206944465637
2318,7,86,0.29833921790122986
2319,7,87,0.32524317502975464
2320,7,88,0.3203057646751404
2321,7,89,0.39071300625801086
2322,7,90,0.7595282793045044
2323,7,91,0.29623621702194214
2324,7,92,0.37166398763656616
2325,7,93,0.3755794167518616
2326,7,94,0.29953140020370483
2327,7,95,0.2828701138496399
2328,7,96,0.31415000557899475
2329,7,97,0.31767693161964417
2330,7,98,0.3397369384765625
2331,7,99,0.3597863018512726
2332,7,100,0.35097837448120117
2333,7,101,0.4320787489414215
2334,7,102,0.3561256229877472
2335,7,103,0.36165013909339905
2336,7,104,0.3607778251171112
2337,7,105,0.3540123701095581
2338,7,106,0.5158681273460388
2339,7,107,0.30647730827331543
2340,7,108,0.35689863562583923
2341,7,109,0.35150614380836487
2342,7,110,0.30482688546180725
2343,7,111,0.3554566204547882
2344,7,112,0.35847538709640503
2345,7,113,0.2788130044937134
2346,7,114,0.3765546679496765
2347,7,115,0.3698926568031311
2348,7,116,0.3834201395511627
2349,7,117,0.3407609462738037
2350,7,118,0.36748161911964417
2351,7,119,0.32980531454086304
2352,7,120,0.7294433116912842
2353,7,121,0.3185736835002899
2354,7,122,0.31001025438308716
2355,7,123,0.3441358208656311
2356,7,124,0.3327033519744873
2357,7,125,0.3328462243080139
2358,7,126,0.2832583785057068
2359,7,127,0.42252832651138306
2360,7,128,0.29375702142715454
2361,7,129,0.2895214259624481
2362,7,130,0.45743483304977417
2363,7,131,0.2793828547000885
2364,7,132,0.335945188999176
2365,7,133,0.3535696864128113
2366,7,134,0.3361327052116394
2367,7,135,0.3440266251564026
2368,7,136,0.36543482542037964
2369,7,137,0.2828391194343567
2370,7,138,0.4042230546474457
2371,7,139,1.100604772567749
2372,7,140,0.36327236890792847
2373,7,141,0.29273608326911926
2374,7,142,0.29656538367271423
2375,7,143,0.3737946152687073
2376,7,144,0.3645346462726593
2377,7,145,0.37686628103256226
2378,7,146,0.3453046679496765
2379,7,147,0.3359941840171814
2380,7,148,0.32999205589294434
2381,7,149,0.23724225163459778
2382,7,150,0.4504360258579254
2383,7,151,0.2879374921321869
2384,7,152,0.35468873381614685
2385,7,153,0.34682631492614746
2386,7,154,0.37220901250839233
2387,7,155,0.32656046748161316
2388,7,156,0.4062126576900482
2389,7,157,0.41196751594543457
2390,7,158,0.4283047616481781
2391,7,159,0.25135311484336853
2392,7,160,0.35910746455192566
2393,7,161,0.29628831148147583
2394,7,162,0.2932799160480499
2395,7,163,0.29212895035743713
2396,7,164,0.34492021799087524
2397,7,165,0.25437337160110474
2398,7,166,0.625641405582428
2399,7,167,0.3341745436191559
2400,7,168,0.24544844031333923
2401,7,169,0.3714347183704376
2402,7,170,0.45833462476730347
2403,7,171,0.2507094740867615
2404,7,172,0.4086642861366272
2405,7,173,0.350112646818161
2406,7,174,0.3209301233291626
2407,7,175,0.3689152002334595
2408,7,176,0.3190782070159912
2409,7,177,0.394111692905426
2410,7,178,0.38176465034484863
2411,7,179,0.32856422662734985
2412,7,180,0.36937984824180603
2413,7,181,0.4303884506225586
2414,7,182,0.4069676995277405
2415,7,183,0.33447936177253723
2416,7,184,0.789732038974762
2417,7,185,0.3605976998806
2418,7,186,0.31908050179481506
2419,7,187,0.32054758071899414
2420,7,188,0.2614651918411255
2421,7,189,0.29855042695999146
2422,7,190,0.3411629796028137
2423,7,191,0.38004884123802185
2424,7,192,0.41335242986679077
2425,7,193,0.3008033037185669
2426,7,194,0.42652636766433716
2427,7,195,0.384166419506073
2428,7,196,0.3954848647117615
2429,7,197,0.3294926583766937
2430,7,198,0.3159619867801666
2431,7,199,0.23664197325706482
2432,7,200,0.3737110495567322
2433,7,201,0.36820441484451294
2434,7,202,0.3687402904033661
2435,7,203,0.28442808985710144
2436,7,204,0.31198471784591675
2437,7,205,0.3372623324394226
2438,7,206,0.3747369945049286
2439,7,207,0.45925173163414
2440,7,208,0.3699835538864136
2441,7,209,0.34528040885925293
2442,7,210,0.3351527452468872
2443,7,211,0.3674983084201813
2444,7,212,0.46272414922714233
2445,7,213,0.27685362100601196
2446,7,214,0.30548298358917236
2447,7,215,0.36554351449012756
2448,7,216,0.3239820599555969
2449,7,217,0.8008095622062683
2450,7,218,0.26503419876098633
2451,7,219,0.30653467774391174
2452,7,220,0.41928473114967346
2453,7,221,0.3564710021018982
2454,7,222,0.3445669710636139
2455,7,223,0.3167009651660919
2456,7,224,0.21783605217933655
2457,7,225,0.3148466944694519
2458,7,226,0.33401453495025635
2459,7,227,0.4174872934818268
2460,7,228,0.29367971420288086
2461,7,229,0.33863815665245056
2462,7,230,0.38461244106292725
2463,7,231,0.40527042746543884
2464,7,232,0.3126407861709595
2465,7,233,0.3777318000793457
2466,7,234,0.2656688094139099
2467,7,235,0.41399773955345154
2468,7,236,0.6673681139945984
2469,7,237,0.3219815790653229
2470,7,238,0.31713956594467163
2471,7,239,0.23939180374145508
2472,7,240,0.37305331230163574
2473,7,241,0.30436670780181885
2474,7,242,0.5154565572738647
2475,7,243,0.3533106744289398
2476,7,244,0.28747889399528503
2477,7,245,0.2744932174682617
2478,7,246,0.4191042482852936
2479,7,247,0.4517480731010437
2480,7,248,0.4084194600582123
2481,7,249,0.2993621826171875
2482,7,250,0.2702121138572693
2483,7,251,0.3024027943611145
2484,7,252,0.33034825325012207
2485,7,253,0.3008459508419037
2486,7,254,0.29279693961143494
2487,7,255,0.3329966962337494
2488,7,256,0.2881838381290436
2489,7,257,0.4382752776145935
2490,7,258,0.31836646795272827
2491,7,259,0.29586368799209595
2492,7,260,0.3470608592033386
2493,7,261,0.31474852561950684
2494,7,262,0.3161354959011078
2495,7,263,0.3249054551124573
2496,7,264,0.29774171113967896
2497,7,265,0.29278212785720825
2498,7,266,0.35113757848739624
2499,7,267,0.38536807894706726
2500,7,268,0.2873556315898895
2501,7,269,0.3600956201553345
2502,7,270,0.3448365330696106
2503,7,271,0.24888646602630615
2504,7,272,0.35578492283821106
2505,7,273,0.30654221773147583
2506,7,274,0.3288908004760742
2507,7,275,0.40607571601867676
2508,7,276,0.30204683542251587
2509,7,277,0.34051385521888733
2510,7,278,0.36705973744392395
2511,7,279,0.31206387281417847
2512,7,280,0.2505894601345062
2513,7,281,0.43103283643722534
2514,7,282,0.3724542260169983
2515,7,283,0.32140207290649414
2516,7,284,0.3943406343460083
2517,7,285,0.2981030344963074
2518,7,286,0.31276872754096985
2519,7,287,0.3119250535964966
2520,7,288,0.3857347369194031
2521,7,289,0.34155234694480896
2522,7,290,0.36961084604263306
2523,7,291,0.29878947138786316
2524,7,292,0.2908865809440613
2525,7,293,0.36047857999801636
2526,7,294,0.44441160559654236
2527,7,295,0.3809409737586975
2528,7,296,0.40740275382995605
2529,7,297,0.2954148054122925
2530,7,298,0.4232162833213806
2531,7,299,0.333929181098938
2532,7,300,0.2854558229446411
2533,7,301,0.3656606376171112
2534,7,302,0.3409166932106018
2535,7,303,0.4095296859741211
2536,7,304,0.3655460476875305
2537,7,305,0.36145275831222534
2538,7,306,0.37706106901168823
2539,7,307,0.3098156452178955
2540,7,308,0.34707579016685486
2541,7,309,0.3062363266944885
2542,7,310,0.2497439682483673
2543,7,311,0.3218371272087097
2544,7,312,0.36551061272621155
2545,7,313,0.3411681056022644
2546,7,314,0.3446996510028839
2547,7,315,0.37282928824424744
2548,7,316,0.3584643602371216
2549,7,317,0.3327871263027191
2550,7,318,0.2814614176750183
2551,7,319,0.39775189757347107
2552,7,320,0.32253924012184143
2553,7,321,0.36732369661331177
2554,7,322,0.5219190716743469
2555,7,323,0.2931143641471863
2556,7,324,0.30489620566368103
2557,7,325,0.313788503408432
2558,7,326,0.35538339614868164
2559,7,327,0.42174333333969116
2560,7,328,0.2930757403373718
2561,7,329,0.2614297866821289
2562,7,330,0.31225693225860596
2563,7,331,0.3435554802417755
2564,7,332,0.295973002910614
2565,7,333,0.24960866570472717
2566,7,334,0.44777360558509827
2567,7,335,0.32059746980667114
2568,7,336,0.2672463059425354
2569,7,337,0.3447079658508301
2570,7,338,0.28708457946777344
2571,7,339,0.5902390480041504
2572,7,340,0.3704657554626465
2573,7,341,0.33330124616622925
2574,7,342,0.35108646750450134
2575,7,343,0.34629732370376587
2576,7,344,0.29471877217292786
2577,7,345,0.3052881360054016
2578,7,346,0.34355705976486206
2579,7,347,0.309481680393219
2580,7,348,0.34630846977233887
2581,7,349,0.47275418043136597
2582,7,350,0.3053244650363922
2583,7,351,0.34439539909362793
2584,7,352,0.34697413444519043
2585,7,353,0.3343674838542938
2586,7,354,0.34020721912384033
2587,7,355,0.2704198956489563
2588,7,356,0.35910531878471375
2589,7,357,0.3873538374900818
2590,7,358,0.36132681369781494
2591,7,359,0.5370737910270691
2592,7,360,0.29705876111984253
2593,7,361,0.35302990674972534
2594,7,362,0.37981200218200684
2595,7,363,0.3505297303199768
2596,7,364,0.37307482957839966
2597,7,365,0.36916136741638184
2598,7,366,0.2976486384868622
2599,7,367,0.352172315120697
2600,7,368,0.328401118516922
2601,7,369,0.5248495936393738
2602,7,370,0.30154624581336975
2603,7,371,0.3970842659473419
2604,7,372,0.3515333831310272
2605,8,1,0.3247496485710144
2606,8,2,0.4330231547355652
2607,8,3,0.2749684751033783
2608,8,4,0.3066853880882263
2609,8,5,0.7314856052398682
2610,8,6,0.4113524556159973
2611,8,7,0.36866968870162964
2612,8,8,0.3762337267398834
2613,8,9,0.37298113107681274
2614,8,10,0.3002515435218811
2615,8,11,0.41107457876205444
2616,8,12,0.3104393482208252
2617,8,13,0.2820824682712555
2618,8,14,0.3710933029651642
2619,8,15,0.4291171431541443
2620,8,16,0.38129180669784546
2621,8,17,0.37093061208724976
2622,8,18,0.30399054288864136
2623,8,19,0.6003454327583313
2624,8,20,0.39251720905303955
2625,8,21,0.32320427894592285
2626,8,22,0.28025031089782715
2627,8,23,0.33163854479789734
2628,8,24,0.48092618584632874
2629,8,25,0.33802175521850586
2630,8,26,0.369985967874527
2631,8,27,0.2812798023223877
2632,8,28,0.2591078579425812
2633,8,29,0.3002263903617859
2634,8,30,0.3447948098182678
2635,8,31,0.3417355418205261
2636,8,32,0.29584652185440063
2637,8,33,0.3025170564651489
2638,8,34,0.32710665464401245
2639,8,35,0.2858256995677948
2640,8,36,0.4084382951259613
2641,8,37,0.38843029737472534
2642,8,38,0.3248739242553711
2643,8,39,0.33774957060813904
2644,8,40,0.2701647877693176
2645,8,41,0.2717387080192566
2646,8,42,0.3214631974697113
2647,8,43,0.2329658567905426
2648,8,44,0.3412213921546936
2649,8,45,0.34964635968208313
2650,8,46,0.27700114250183105
2651,8,47,0.4452788829803467
2652,8,48,0.32254543900489807
2653,8,49,0.3361579477787018
2654,8,50,0.30152735114097595
2655,8,51,0.32023653388023376
2656,8,52,0.28904998302459717
2657,8,53,0.30419713258743286
2658,8,54,0.3419686257839203
2659,8,55,0.2889452874660492
2660,8,56,0.31713753938674927
2661,8,57,0.23531493544578552
2662,8,58,0.28672534227371216
2663,8,59,0.26821717619895935
2664,8,60,0.40091386437416077
2665,8,61,0.357795387506485
2666,8,62,0.480886846780777
2667,8,63,0.30927541851997375
2668,8,64,0.40638837218284607
2669,8,65,0.26849550008773804
2670,8,66,0.35156455636024475
2671,8,67,0.3680042326450348
2672,8,68,0.32835689187049866
2673,8,69,0.2939911484718323
2674,8,70,0.29412299394607544
2675,8,71,0.33278292417526245
2676,8,72,0.3603099584579468
2677,8,73,0.3304522633552551
2678,8,74,0.3752378523349762
2679,8,75,0.2765790522098541
2680,8,76,0.30267855525016785
2681,8,77,0.38852718472480774
2682,8,78,0.26366326212882996
2683,8,79,0.2752450406551361
2684,8,80,0.299839049577713
2685,8,81,0.28220272064208984
2686,8,82,0.48765698075294495
2687,8,83,0.320015013217926
2688,8,84,0.37294381856918335
2689,8,85,0.3804643750190735
2690,8,86,0.30552271008491516
2691,8,87,0.43866610527038574
2692,8,88,0.3208378255367279
2693,8,89,0.312349408864975
2694,8,90,0.267911821603775
2695,8,91,0.30442380905151367
2696,8,92,0.4446335434913635
2697,8,93,0.3206119239330292
2698,8,94,0.32547953724861145
2699,8,95,0.4214268624782562
2700,8,96,0.3668103814125061
2701,8,97,0.3013959527015686
2702,8,98,0.38774076104164124
2703,8,99,0.28891628980636597
2704,8,100,0.32956796884536743
2705,8,101,0.3692309558391571
2706,8,102,0.33455783128738403
2707,8,103,0.353841632604599
2708,8,104,0.693153440952301
2709,8,105,0.3409566283226013
2710,8,106,0.3635512590408325
2711,8,107,0.3747279644012451
2712,8,108,0.2764405906200409
2713,8,109,0.37240472435951233
2714,8,110,0.30249443650245667
2715,8,111,0.34295162558555603
2716,8,112,0.29942724108695984
2717,8,113,0.3697749078273773
2718,8,114,0.3779822587966919
2719,8,115,0.2779827117919922
2720,8,116,0.31729650497436523
2721,8,117,0.3227962255477905
2722,8,118,0.30168867111206055
2723,8,119,0.34623435139656067
2724,8,120,0.3177333176136017
2725,8,121,0.22720928490161896
2726,8,122,0.3840450644493103
2727,8,123,0.30301082134246826
2728,8,124,0.33888012170791626
2729,8,125,0.2730267345905304
2730,8,126,0.39910486340522766
2731,8,127,0.33009904623031616
2732,8,128,0.34443408250808716
2733,8,129,0.3715969920158386
2734,8,130,0.3431472182273865
2735,8,131,0.3376154899597168
2736,8,132,0.40588560700416565
2737,8,133,0.3773356080055237
2738,8,134,0.3536849021911621
2739,8,135,0.3021310269832611
2740,8,136,0.282015860080719
2741,8,137,0.7128698825836182
2742,8,138,0.2952879071235657
2743,8,139,0.383534699678421
2744,8,140,0.3602084219455719
2745,8,141,0.30800896883010864
2746,8,142,0.34078967571258545
2747,8,143,0.33393287658691406
2748,8,144,0.3367787003517151
2749,8,145,0.3498058319091797
2750,8,146,0.32339444756507874
2751,8,147,0.310715913772583
2752,8,148,0.2884314954280853
2753,8,149,0.29817280173301697
2754,8,150,0.3042748272418976
2755,8,151,0.2935754656791687
2756,8,152,0.2949795722961426
2757,8,153,0.2688564360141754
2758,8,154,0.2704698443412781
2759,8,155,0.3593950569629669
2760,8,156,0.352886438369751
2761,8,157,0.35740411281585693
2762,8,158,0.29681330919265747
2763,8,159,0.32675889134407043
2764,8,160,0.2775546610355377
2765,8,161,0.2730688452720642
2766,8,162,0.30555063486099243
2767,8,163,0.3861306309700012
2768,8,164,0.3431827127933502
2769,8,165,0.3322104513645172
2770,8,166,0.33746951818466187
2771,8,167,0.2848502993583679
2772,8,168,0.3177523910999298
2773,8,169,0.33998918533325195
2774,8,170,0.24258163571357727
2775,8,171,0.3513801097869873
2776,8,172,0.474304735660553
2777,8,173,0.35021570324897766
2778,8,174,0.3036450743675232
2779,8,175,0.27924033999443054
2780,8,176,0.3000698685646057
2781,8,177,0.33726099133491516
2782,8,178,0.3500283360481262
2783,8,179,0.3957684636116028
2784,8,180,0.36365261673927307
2785,8,181,0.3888642191886902
2786,8,182,0.36315926909446716
2787,8,183,0.3229053318500519
2788,8,184,0.26693302392959595
2789,8,185,0.33399835228919983
2790,8,186,0.2929766774177551
2791,8,187,0.33216723799705505
2792,8,188,0.30995064973831177
2793,8,189,0.31543898582458496
2794,8,190,0.2541918158531189
2795,8,191,0.3377322554588318
2796,8,192,0.37683799862861633
2797,8,193,0.37978148460388184
2798,8,194,0.3469666838645935
2799,8,195,0.3007183372974396
2800,8,196,0.2948067784309387
2801,8,197,0.32258832454681396
2802,8,198,0.2870935797691345
2803,8,199,0.28027960658073425
2804,8,200,0.23141081631183624
2805,8,201,0.3356843590736389
2806,8,202,0.31329408288002014
2807,8,203,0.3503039479255676
2808,8,204,0.3066380023956299
2809,8,205,0.43480855226516724
2810,8,206,0.3901277184486389
2811,8,207,0.28222066164016724
2812,8,208,0.37166425585746765
2813,8,209,0.30991318821907043
2814,8,210,0.32945579290390015
2815,8,211,0.45040640234947205
2816,8,212,0.37879762053489685
2817,8,213,0.33830657601356506
2818,8,214,0.325990229845047
2819,8,215,0.2595052719116211
2820,8,216,0.26662901043891907
2821,8,217,0.2714022994041443
2822,8,218,0.3592608571052551
2823,8,219,0.33215922117233276
2824,8,220,0.35253477096557617
2825,8,221,0.26541030406951904
2826,8,222,0.28271156549453735
2827,8,223,0.3538486957550049
2828,8,224,0.43228793144226074
2829,8,225,0.32284295558929443
2830,8,226,0.33688992261886597
2831,8,227,0.29713255167007446
2832,8,228,0.35411161184310913
2833,8,229,0.3487669825553894
2834,8,230,0.2984679043292999
2835,8,231,0.3303198218345642
2836,8,232,0.3281039893627167
2837,8,233,0.295059472322464
2838,8,234,0.26174449920654297
2839,8,235,0.38819363713264465
2840,8,236,0.3355565667152405
2841,8,237,0.2926838994026184
2842,8,238,0.2893202304840088
2843,8,239,0.2922596335411072
2844,8,240,0.40351852774620056
2845,8,241,0.3617514967918396
2846,8,242,0.28360530734062195
2847,8,243,0.4900648593902588
2848,8,244,0.2504245638847351
2849,8,245,0.32093140482902527
2850,8,246,0.30765098333358765
2851,8,247,0.31802210211753845
2852,8,248,0.4077981412410736
2853,8,249,0.3227582275867462
2854,8,250,0.29099687933921814
2855,8,251,0.3386552631855011
2856,8,252,0.2984289526939392
2857,8,253,0.3280729651451111
2858,8,254,0.2657966911792755
2859,8,255,0.2869439721107483
2860,8,256,0.32070392370224
2861,8,257,0.4588828682899475
2862,8,258,0.2911922037601471
2863,8,259,0.34072715044021606
2864,8,260,0.2932479977607727
2865,8,261,0.27291932702064514
2866,8,262,0.3363965153694153
2867,8,263,0.4378088414669037
2868,8,264,0.32003962993621826
2869,8,265,0.3067236840724945
2870,8,266,0.3860061764717102
2871,8,267,0.41515207290649414
2872,8,268,0.3797537088394165
2873,8,269,0.8085654973983765
2874,8,270,0.3823433816432953
2875,8,271,0.28954559564590454
2876,8,272,0.35432955622673035
2877,8,273,0.33375224471092224
2878,8,274,0.27870625257492065
2879,8,275,0.29606908559799194
2880,8,276,0.3685622811317444
2881,8,277,0.39320430159568787
2882,8,278,0.28270652890205383
2883,8,279,0.2197151929140091
2884,8,280,0.2891165018081665
2885,8,281,0.29526638984680176
2886,8,282,0.4159166216850281
2887,8,283,0.28267261385917664
2888,8,284,0.38721418380737305
2889,8,285,0.2484901398420334
2890,8,286,0.3071846663951874
2891,8,287,0.3124907612800598
2892,8,288,0.2950117886066437
2893,8,289,0.3483958840370178
2894,8,290,0.2874818742275238
2895,8,291,0.37733811140060425
2896,8,292,0.34215065836906433
2897,8,293,0.38929519057273865
2898,8,294,0.3454272747039795
2899,8,295,0.2965269386768341
2900,8,296,0.2524213492870331
2901,8,297,0.2942794859409332
2902,8,298,0.35425689816474915
2903,8,299,0.34433862566947937
2904,8,300,0.3106995224952698
2905,8,301,0.3418967127799988
2906,8,302,0.3316189646720886
2907,8,303,0.34946388006210327
2908,8,304,0.32752496004104614
2909,8,305,0.28919845819473267
2910,8,306,0.29387420415878296
2911,8,307,0.31085625290870667
2912,8,308,0.3039461672306061
2913,8,309,0.2673560678958893
2914,8,310,0.29185277223587036
2915,8,311,0.2980453372001648
2916,8,312,0.31994229555130005
2917,8,313,0.4132351875305176
2918,8,314,0.31380695104599
2919,8,315,0.6958816051483154
2920,8,316,0.4981028437614441
2921,8,317,0.2831461429595947
2922,8,318,0.33261939883232117
2923,8,319,0.286994069814682
2924,8,320,0.3908984065055847
2925,8,321,0.29045891761779785
2926,8,322,0.2986781895160675
2927,8,323,0.35535675287246704
2928,8,324,0.31409430503845215
2929,8,325,0.38284045457839966
2930,8,326,0.25127315521240234
2931,8,327,0.43244537711143494
2932,8,328,0.28347745537757874
2933,8,329,0.3677452802658081
2934,8,330,0.27827101945877075
2935,8,331,0.2902134954929352
2936,8,332,0.2601965069770813
2937,8,333,0.2727639377117157
2938,8,334,0.2738531827926636
2939,8,335,0.2755661606788635
2940,8,336,0.3346956968307495
2941,8,337,0.24803388118743896
2942,8,338,0.3384767770767212
2943,8,339,0.2671743631362915
2944,8,340,0.2710958421230316
2945,8,341,0.7994222640991211
2946,8,342,0.3015916049480438
2947,8,343,0.369976669549942
2948,8,344,0.3122261166572571
2949,8,345,0.741561770439148
2950,8,346,0.7636479139328003
2951,8,347,0.28487318754196167
2952,8,348,0.33914583921432495
2953,8,349,0.34269005060195923
2954,8,350,0.261462539434433
2955,8,351,0.3357718586921692
2956,8,352,0.6828607320785522
2957,8,353,0.34467506408691406
2958,8,354,0.3101188540458679
2959,8,355,0.29341503977775574
2960,8,356,0.34538429975509644
2961,8,357,0.2606353461742401
2962,8,358,0.393697053194046
2963,8,359,0.34795284271240234
2964,8,360,0.2999531626701355
2965,8,361,0.29111966490745544
2966,8,362,0.4440669119358063
2967,8,363,0.3492986559867859
2968,8,364,0.4036129117012024
2969,8,365,0.26731204986572266
2970,8,366,0.5572995543479919
2971,8,367,0.2712513506412506
2972,8,368,0.3198867738246918
2973,8,369,0.28077906370162964
2974,8,370,0.3080315887928009
2975,8,371,0.2726127803325653
2976,8,372,0.3277111053466797
2977,9,1,0.2783852815628052
2978,9,2,0.331569105386734
2979,9,3,0.2683274447917938
2980,9,4,0.342781126499176
2981,9,5,0.41882404685020447
2982,9,6,0.31154975295066833
2983,9,7,0.26149433851242065
2984,9,8,0.3266313076019287
2985,9,9,0.29066768288612366
2986,9,10,0.29216283559799194
2987,9,11,0.260328471660614
2988,9,12,0.7224451303482056
2989,9,13,0.295017808675766
2990,9,14,0.30369144678115845
2991,9,15,0.34522348642349243
2992,9,16,0.30701595544815063
2993,9,17,0.42845791578292847
2994,9,18,0.29039838910102844
2995,9,19,0.28354209661483765
2996,9,20,0.28283482789993286
2997,9,21,0.3113081157207489
2998,9,22,0.3042451739311218
2999,9,23,0.33666813373565674
3000,9,24,0.31860819458961487
3001,9,25,0.3449637293815613
3002,9,26,0.38111239671707153
3003,9,27,0.26743948459625244
3004,9,28,0.2702430188655853
3005,9,29,0.30859869718551636
3006,9,30,0.24022498726844788
3007,9,31,0.28650230169296265
3008,9,32,0.2860850691795349
3009,9,33,0.2844471335411072
3010,9,34,0.3573611378669739
3011,9,35,0.2927188575267792
3012,9,36,0.6082931756973267
3013,9,37,0.381504625082016
3014,9,38,0.36666375398635864
3015,9,39,0.25491100549697876
3016,9,40,0.3458939790725708
3017,9,41,0.3289741277694702
3018,9,42,0.31719082593917847
3019,9,43,0.3643271327018738
3020,9,44,0.32462719082832336
3021,9,45,0.24492064118385315
3022,9,46,0.3255075216293335
3023,9,47,0.3908193111419678
3024,9,48,0.30670738220214844
3025,9,49,0.28434833884239197
3026,9,50,0.2804480493068695
3027,9,51,0.31787121295928955
3028,9,52,0.34568071365356445
3029,9,53,0.3178817331790924
3030,9,54,0.3437201678752899
3031,9,55,0.2841399610042572
3032,9,56,0.48867708444595337
3033,9,57,0.30557626485824585
3034,9,58,0.3461530804634094
3035,9,59,0.27686771750450134
3036,9,60,0.3102121353149414
3037,9,61,0.32025980949401855
3038,9,62,0.35154634714126587
3039,9,63,0.36134102940559387
3040,9,64,0.3619186282157898
3041,9,65,0.29150134325027466
3042,9,66,0.39281344413757324
3043,9,67,0.34940895438194275
3044,9,68,0.28332650661468506
3045,9,69,0.38625526428222656
3046,9,70,0.3065533936023712
3047,9,71,0.2996450960636139
3048,9,72,0.3345542848110199
3049,9,73,0.3254963159561157
3050,9,74,0.3212171494960785
3051,9,75,0.3183974623680115
3052,9,76,0.3052760362625122
3053,9,77,0.30434685945510864
3054,9,78,0.3097323775291443
3055,9,79,0.2601843476295471
3056,9,80,0.3076481223106384
3057,9,81,0.2865736782550812
3058,9,82,0.3361799120903015
3059,9,83,0.29447758197784424
3060,9,84,0.26042988896369934
3061,9,85,0.32110467553138733
3062,9,86,0.3330015242099762
3063,9,87,0.2726578414440155
3064,9,88,0.2543201446533203
3065,9,89,0.28865545988082886
3066,9,90,0.2912907302379608
3067,9,91,0.270594984292984
3068,9,92,0.30635344982147217
3069,9,93,0.31799620389938354
3070,9,94,0.29493284225463867
3071,9,95,0.3713437616825104
3072,9,96,0.31948232650756836
3073,9,97,0.3348488211631775
3074,9,98,0.30921846628189087
3075,9,99,0.44888773560523987
3076,9,100,0.28705430030822754
3077,9,101,0.3237597644329071
3078,9,102,0.27556732296943665
3079,9,103,0.27435821294784546
3080,9,104,0.2878112196922302
3081,9,105,0.23851433396339417
3082,9,106,0.27078211307525635
3083,9,107,0.2977251708507538
3084,9,108,0.22379915416240692
3085,9,109,0.3156091272830963
3086,9,110,0.3278411328792572
3087,9,111,0.33728837966918945
3088,9,112,0.33382272720336914
3089,9,113,0.3210168778896332
3090,9,114,0.3084108829498291
3091,9,115,0.3444366455078125
3092,9,116,0.38785797357559204
3093,9,117,0.3609042763710022
3094,9,118,0.3385865092277527
3095,9,119,0.2769406735897064
3096,9,120,0.34142276644706726
3097,9,121,0.35020747780799866
3098,9,122,0.31404566764831543
3099,9,123,0.2830623984336853
3100,9,124,0.2973523736000061
3101,9,125,0.2801387310028076
3102,9,126,0.34560567140579224
3103,9,127,0.24470524489879608
3104,9,128,0.29707831144332886
3105,9,129,0.2768130302429199
3106,9,130,0.364289253950119
3107,9,131,0.29142117500305176
3108,9,132,0.27805930376052856
3109,9,133,0.2779580354690552
3110,9,134,0.2376018464565277
3111,9,135,0.34041929244995117
3112,9,136,0.3269752562046051
3113,9,137,0.28861358761787415
3114,9,138,0.34293001890182495
3115,9,139,0.29023608565330505
3116,9,140,0.32484835386276245
3117,9,141,0.3077353239059448
3118,9,142,0.23868925869464874
3119,9,143,0.27674657106399536
3120,9,144,0.3748944103717804
3121,9,145,0.30577221512794495
3122,9,146,0.31913816928863525
3123,9,147,0.3261403441429138
3124,9,148,0.3210301101207733
3125,9,149,0.367145836353302
3126,9,150,0.2916695475578308
3127,9,151,0.2770238518714905
3128,9,152,0.26592397689819336
3129,9,153,0.6625425219535828
3130,9,154,0.7632156014442444
3131,9,155,0.4365878701210022
3132,9,156,0.26074549555778503
3133,9,157,0.8004229664802551
3134,9,158,0.21776536107063293
3135,9,159,0.3303118050098419
3136,9,160,0.27644413709640503
3137,9,161,0.2796515226364136
3138,9,162,0.2726280093193054
3139,9,163,0.3402397632598877
3140,9,164,0.33293116092681885
3141,9,165,0.30428653955459595
3142,9,166,0.7655744552612305
3143,9,167,0.2604943811893463
3144,9,168,0.4996030926704407
3145,9,169,0.35385456681251526
3146,9,170,0.24987193942070007
3147,9,171,0.6733150482177734
3148,9,172,0.2858538031578064
3149,9,173,0.39852243661880493
3150,9,174,0.30914565920829773
3151,9,175,0.3133084774017334
3152,9,176,0.3569038510322571
3153,9,177,0.2933472692966461
3154,9,178,0.260395348072052
3155,9,179,0.29265761375427246
3156,9,180,0.2569754123687744
3157,9,181,0.37450525164604187
3158,9,182,0.25042763352394104
3159,9,183,0.27112025022506714
3160,9,184,0.42227473855018616
3161,9,185,0.29479342699050903
3162,9,186,0.6873239874839783
3163,9,187,0.3286920189857483
3164,9,188,0.2831563949584961
3165,9,189,0.3339947760105133
3166,9,190,0.30520105361938477
3167,9,191,0.3429427444934845
3168,9,192,0.2933550775051117
3169,9,193,0.3909343481063843
3170,9,194,0.34113407135009766
3171,9,195,0.32188788056373596
3172,9,196,0.3326781392097473
3173,9,197,0.38760805130004883
3174,9,198,0.3006129264831543
3175,9,199,0.29353150725364685
3176,9,200,0.44476908445358276
3177,9,201,0.30818772315979004
3178,9,202,0.2914711833000183
3179,9,203,0.344927579164505
3180,9,204,0.31563785672187805
3181,9,205,0.31663256883621216
3182,9,206,0.33008164167404175
3183,9,207,0.3726884126663208
3184,9,208,0.281436026096344
3185,9,209,0.34788450598716736
3186,9,210,0.2644548714160919
3187,9,211,0.29367518424987793
3188,9,212,0.36613866686820984
3189,9,213,0.3093964457511902
3190,9,214,0.3186504542827606
3191,9,215,0.3237365484237671
3192,9,216,0.29936787486076355
3193,9,217,0.3548571765422821
3194,9,218,0.3107617199420929
3195,9,219,0.2661668062210083
3196,9,220,0.2115212231874466
3197,9,221,0.26425689458847046
3198,9,222,0.2928420901298523
3199,9,223,0.31581711769104004
3200,9,224,0.29435306787490845
3201,9,225,0.3028262257575989
3202,9,226,0.25532811880111694
3203,9,227,0.5576410889625549
3204,9,228,0.2346663475036621
3205,9,229,0.31490659713745117
3206,9,230,0.30077147483825684
3207,9,231,0.26809826493263245
3208,9,232,0.336498886346817
3209,9,233,0.3364425003528595
3210,9,234,0.4034864902496338
3211,9,235,0.3084670901298523
3212,9,236,0.29654592275619507
3213,9,237,0.31966719031333923
3214,9,238,0.37402981519699097
3215,9,239,0.3202265501022339
3216,9,240,0.29296210408210754
3217,9,241,0.3589567244052887
3218,9,242,0.28357285261154175
3219,9,243,0.2736895680427551
3220,9,244,0.3223375380039215
3221,9,245,0.2813442349433899
3222,9,246,0.32267728447914124
3223,9,247,0.32658830285072327
3224,9,248,0.2854016423225403
3225,9,249,0.37750443816185
3226,9,250,0.3743795156478882
3227,9,251,0.3005028963088989
3228,9,252,0.30192598700523376
3229,9,253,0.25432661175727844
3230,9,254,0.3859795928001404
3231,9,255,0.25765854120254517
3232,9,256,0.33766689896583557
3233,9,257,0.30208736658096313
3234,9,258,0.29134851694107056
3235,9,259,0.3090619742870331
3236,9,260,0.309831440448761
3237,9,261,0.26914674043655396
3238,9,262,0.3276413679122925
3239,9,263,0.3570670783519745
3240,9,264,0.3488005995750427
3241,9,265,0.27077823877334595
3242,9,266,0.3059343099594116
3243,9,267,0.286704957485199
3244,9,268,0.24095389246940613
3245,9,269,0.3471624553203583
3246,9,270,0.3173011541366577
3247,9,271,0.3650645613670349
3248,9,272,0.29855459928512573
3249,9,273,0.30400505661964417
3250,9,274,0.305118203163147
3251,9,275,0.26233330368995667
3252,9,276,0.44440707564353943
3253,9,277,0.30452650785446167
3254,9,278,0.30394506454467773
3255,9,279,0.3126853108406067
3256,9,280,0.45935267210006714
3257,9,281,0.42040809988975525
3258,9,282,0.26921552419662476
3259,9,283,0.3410731554031372
3260,9,284,0.30808696150779724
3261,9,285,0.3312373161315918
3262,9,286,0.3509880602359772
3263,9,287,0.3025636076927185
3264,9,288,0.2648901641368866
3265,9,289,0.3574005961418152
3266,9,290,0.28670522570610046
3267,9,291,0.35000717639923096
3268,9,292,0.29577651619911194
3269,9,293,0.33878737688064575
3270,9,294,0.27829858660697937
3271,9,295,0.30969756841659546
3272,9,296,0.27820369601249695
3273,9,297,0.3267764449119568
3274,9,298,0.24879984557628632
3275,9,299,0.33509504795074463
3276,9,300,0.32608121633529663
3277,9,301,0.4476490616798401
3278,9,302,0.413926899433136
3279,9,303,0.29522162675857544
3280,9,304,0.2829761803150177
3281,9,305,0.30588898062705994
3282,9,306,0.2763301730155945
3283,9,307,0.24470341205596924
3284,9,308,0.2828771770000458
3285,9,309,0.26368996500968933
3286,9,310,0.3344140648841858
3287,9,311,0.26131027936935425
3288,9,312,0.3187049329280853
3289,9,313,0.2914670705795288
3290,9,314,0.281423956155777
3291,9,315,0.3788280487060547
3292,9,316,0.2945507764816284
3293,9,317,0.34084397554397583
3294,9,318,0.2685222327709198
3295,9,319,0.29731252789497375
3296,9,320,0.2948090136051178
3297,9,321,0.27346211671829224
3298,9,322,0.23896369338035583
3299,9,323,0.3294154107570648
3300,9,324,0.30794697999954224
3301,9,325,0.31794828176498413
3302,9,326,0.3176737427711487
3303,9,327,0.3286730945110321
3304,9,328,0.3049526810646057
3305,9,329,0.27865853905677795
3306,9,330,0.3237851560115814
3307,9,331,0.3334038257598877
3308,9,332,0.28784292936325073
3309,9,333,0.25945770740509033
3310,9,334,0.3195364773273468
3311,9,335,0.33872950077056885
3312,9,336,0.268776535987854
3313,9,337,0.3508564829826355
3314,9,338,0.3303489089012146
3315,9,339,0.26665106415748596
3316,9,340,0.28642624616622925
3317,9,341,0.2835102379322052
3318,9,342,0.3401395380496979
3319,9,343,0.3089176416397095
3320,9,344,0.2284437119960785
3321,9,345,0.6102701425552368
3322,9,346,0.310691773891449
3323,9,347,0.34532102942466736
3324,9,348,0.2889525890350342
3325,9,349,0.2667587697505951
3326,9,350,0.29355043172836304
3327,9,351,0.4577968716621399
3328,9,352,0.41648024320602417
3329,9,353,0.3150104880332947
3330,9,354,0.33034151792526245
3331,9,355,0.2955000400543213
3332,9,356,0.31403014063835144
3333,9,357,0.5300716161727905
3334,9,358,0.3025195300579071
3335,9,359,0.27055859565734863
3336,9,360,0.2929108738899231
3337,9,361,0.5216795206069946
3338,9,362,0.3276517987251282
3339,9,363,0.28601694107055664
3340,9,364,0.31022828817367554
3341,9,365,0.28833329677581787
3342,9,366,0.3270653486251831
3343,9,367,0.36425936222076416
3344,9,368,0.41215962171554565
3345,9,369,0.3086094856262207
3346,9,370,0.7543800473213196
3347,9,371,0.2600861191749573
3348,9,372,0.2625176012516022
3349,10,1,0.3604744076728821
3350,10,2,0.30026930570602417
3351,10,3,0.20984995365142822
3352,10,4,0.25072306394577026
3353,10,5,0.3262539207935333
3354,10,6,0.3088618218898773
3355,10,7,0.29626309871673584
3356,10,8,0.3443479835987091
3357,10,9,0.25126558542251587
3358,10,10,0.2868219017982483
3359,10,11,0.30553221702575684
3360,10,12,0.37434718012809753
3361,10,13,0.26298150420188904
3362,10,14,0.3171977698802948
3363,10,15,0.31591126322746277
3364,10,16,0.7000564336776733
3365,10,17,0.22149114310741425
3366,10,18,0.3078075349330902
3367,10,19,0.3973671495914459
3368,10,20,0.43691587448120117
3369,10,21,0.3275216221809387
3370,10,22,0.2856835722923279
3371,10,23,0.4154664874076843
3372,10,24,0.3185887932777405
3373,10,25,0.31489139795303345
3374,10,26,0.27444350719451904
3375,10,27,0.478720486164093
3376,10,28,0.22635003924369812
3377,10,29,0.3577021360397339
3378,10,30,0.29215699434280396
3379,10,31,0.33719003200531006
3380,10,32,0.2804073691368103
3381,10,33,0.308255136013031
3382,10,34,0.41654300689697266
3383,10,35,0.31804364919662476
3384,10,36,0.3169465661048889
3385,10,37,0.2814737856388092
3386,10,38,0.3299504220485687
3387,10,39,0.2561156153678894
3388,10,40,0.3033360242843628
3389,10,41,0.2943516969680786
3390,10,42,0.78498774766922
3391,10,43,0.3583717942237854
3392,10,44,0.2799503207206726
3393,10,45,0.3731972277164459
3394,10,46,0.2749934792518616
3395,10,47,0.2714400291442871
3396,10,48,0.2942972183227539
3397,10,49,0.31625163555145264
3398,10,50,0.3203393518924713
3399,10,51,0.30952781438827515
3400,10,52,0.2307593822479248
3401,10,53,0.2882895767688751
3402,10,54,0.27806082367897034
3403,10,55,0.26321089267730713
3404,10,56,0.9350523948669434
3405,10,57,0.33833131194114685
3406,10,58,0.26695024967193604
3407,10,59,0.3391856551170349
3408,10,60,0.8739367723464966
3409,10,61,0.28041064739227295
3410,10,62,0.3335854709148407
3411,10,63,0.25847914814949036
3412,10,64,0.2761123478412628
3413,10,65,0.2691875100135803
3414,10,66,0.27880242466926575
3415,10,67,0.3335267901420593
3416,10,68,0.3758634030818939
3417,10,69,0.35442379117012024
3418,10,70,0.24940092861652374
3419,10,71,0.3136920928955078
3420,10,72,0.23906639218330383
3421,10,73,0.27495715022087097
3422,10,74,0.2954440712928772
3423,10,75,0.2567572295665741
3424,10,76,0.2858251631259918
3425,10,77,0.33649513125419617
3426,10,78,0.3147179186344147
3427,10,79,0.2669716775417328
3428,10,80,0.3108755648136139
3429,10,81,0.3246135711669922
3430,10,82,0.283805787563324
3431,10,83,0.297691285610199
3432,10,84,0.25249266624450684
3433,10,85,0.29331570863723755
3434,10,86,0.30208057165145874
3435,10,87,0.31141483783721924
3436,10,88,0.27553921937942505
3437,10,89,0.2940797209739685
3438,10,90,0.3227068781852722
3439,10,91,0.33340513706207275
3440,10,92,0.3327358365058899
3441,10,93,0.26256781816482544
3442,10,94,0.2608805298805237
3443,10,95,0.29951849579811096
3444,10,96,0.4349135458469391
3445,10,97,0.2660074830055237
3446,10,98,0.2929219603538513
3447,10,99,0.3367016315460205
3448,10,100,0.32771044969558716
3449,10,101,0.38256028294563293
3450,10,102,0.27323055267333984
3451,10,103,0.2957606017589569
3452,10,104,0.2601519227027893
3453,10,105,0.32481297850608826
3454,10,106,0.29526105523109436
3455,10,107,0.2822020649909973
3456,10,108,0.3040030300617218
3457,10,109,0.2588410973548889
3458,10,110,0.21900728344917297
3459,10,111,0.2603479027748108
3460,10,112,0.3213389813899994
3461,10,113,0.4269535541534424
3462,10,114,0.35418540239334106
3463,10,115,0.2772950828075409
3464,10,116,0.3042553663253784
3465,10,117,0.37017765641212463
3466,10,118,0.33424657583236694
3467,10,119,0.2908049523830414
3468,10,120,0.23625639081001282
3469,10,121,0.3831035792827606
3470,10,122,0.3222462832927704
3471,10,123,0.3209712505340576
3472,10,124,0.305726557970047
3473,10,125,0.379405677318573
3474,10,126,0.2584657371044159
3475,10,127,0.6611973643302917
3476,10,128,0.2511105537414551
3477,10,129,0.3538980185985565
3478,10,130,0.28019988536834717
3479,10,131,0.31042060256004333
3480,10,132,0.2745436728000641
3481,10,133,0.27049389481544495
3482,10,134,0.24811574816703796
3483,10,135,0.2572909891605377
3484,10,136,0.2538796365261078
3485,10,137,0.3570351004600525
3486,10,138,0.7197036743164062
3487,10,139,0.30407795310020447
3488,10,140,0.2597578465938568
3489,10,141,0.306363970041275
3490,10,142,0.5392142534255981
3491,10,143,0.2819332182407379
3492,10,144,0.23183730244636536
3493,10,145,0.2996276021003723
3494,10,146,0.25822576880455017
3495,10,147,0.34747201204299927
3496,10,148,0.3206205368041992
3497,10,149,0.2546236217021942
3498,10,150,0.2962537705898285
3499,10,151,0.3284291923046112
3500,10,152,0.2799704670906067
3501,10,153,0.2826421856880188
3502,10,154,0.3054271340370178
3503,10,155,0.2677740156650543
3504,10,156,0.2965923845767975
3505,10,157,0.3336832523345947
3506,10,158,0.2826717793941498
3507,10,159,0.24075369536876678
3508,10,160,0.2986460328102112
3509,10,161,0.2697503864765167
3510,10,162,0.2972237765789032
3511,10,163,0.40964025259017944
3512,10,164,0.2907503545284271
3513,10,165,0.30705055594444275
3514,10,166,0.2839491367340088
3515,10,167,0.2293141782283783
3516,10,168,0.2630500793457031
3517,10,169,0.3568190932273865
3518,10,170,0.3123176395893097
3519,10,171,0.29690077900886536
3520,10,172,0.30579036474227905
3521,10,173,0.26761317253112793
3522,10,174,0.2980636954307556
3523,10,175,0.22399894893169403
3524,10,176,0.3855678141117096
3525,10,177,0.3126441538333893
3526,10,178,0.6829321384429932
3527,10,179,0.26997247338294983
3528,10,180,0.24453608691692352
3529,10,181,0.27725669741630554
3530,10,182,0.27073124051094055
3531,10,183,0.3034730553627014
3532,10,184,0.5218518972396851
3533,10,185,0.36653509736061096
3534,10,186,0.45610561966896057
3535,10,187,0.29381847381591797
3536,10,188,0.31315284967422485
3537,10,189,0.3090548515319824
3538,10,190,0.2935335040092468
3539,10,191,0.3157854378223419
3540,10,192,0.3676142692565918
3541,10,193,0.3312927484512329
3542,10,194,0.29014354944229126
3543,10,195,0.30651840567588806
3544,10,196,0.44637981057167053
3545,10,197,0.27701300382614136
3546,10,198,0.4166642725467682
3547,10,199,0.3406922519207001
3548,10,200,0.3187399208545685
3549,10,201,0.3614441752433777
3550,10,202,0.36931562423706055
3551,10,203,0.2812912166118622
3552,10,204,0.2839598059654236
3553,10,205,0.31295526027679443
3554,10,206,0.2705445885658264
3555,10,207,0.23551364243030548
3556,10,208,0.29878661036491394
3557,10,209,0.2927776873111725
3558,10,210,0.33045631647109985
3559,10,211,0.6281818151473999
3560,10,212,0.30096015334129333
3561,10,213,0.3193913996219635
3562,10,214,0.3173622190952301
3563,10,215,0.2871628701686859
3564,10,216,0.8495782017707825
3565,10,217,0.3301631808280945
3566,10,218,0.31420159339904785
3567,10,219,0.30897942185401917
3568,10,220,0.28728532791137695
3569,10,221,0.2811020016670227
3570,10,222,0.5042301416397095
3571,10,223,0.3170521855354309
3572,10,224,0.29279226064682007
3573,10,225,0.39602869749069214
3574,10,226,0.34491977095603943
3575,10,227,0.30714601278305054
3576,10,228,0.44984713196754456
3577,10,229,0.2945643663406372
3578,10,230,0.2937977612018585
3579,10,231,0.3027304410934448
3580,10,232,0.3260424733161926
3581,10,233,0.29162120819091797
3582,10,234,0.33567434549331665
3583,10,235,0.3188934326171875
3584,10,236,0.29431015253067017
3585,10,237,0.23344437777996063
3586,10,238,0.33910784125328064
3587,10,239,0.3064981698989868
3588,10,240,0.22996732592582703
3589,10,241,0.2682942748069763
3590,10,242,0.3089502453804016
3591,10,243,0.37938418984413147
3592,10,244,0.33979058265686035
3593,10,245,0.4467911124229431
3594,10,246,0.2329644411802292
3595,10,247,0.3016655445098877
3596,10,248,0.24701543152332306
3597,10,249,0.31064730882644653
3598,10,250,0.3585157096385956
3599,10,251,0.2839173376560211
3600,10,252,0.392613023519516
3601,10,253,0.3284073770046234
3602,10,254,0.2645116448402405
3603,10,255,0.3081445097923279
3604,10,256,0.29830947518348694
3605,10,257,0.3388442099094391
3606,10,258,0.29781574010849
3607,10,259,0.3575672507286072
3608,10,260,0.24693115055561066
3609,10,261,0.2676258385181427
3610,10,262,0.2680305540561676
3611,10,263,0.3124484717845917
3612,10,264,0.3173409104347229
3613,10,265,0.29991546273231506
3614,10,266,0.3680782914161682
3615,10,267,0.33071625232696533
3616,10,268,0.454598605632782
3617,10,269,0.2876420319080353
3618,10,270,0.27587592601776123
3619,10,271,0.31427785754203796
3620,10,272,0.3009226620197296
3621,10,273,0.2902165353298187
3622,10,274,0.3064483106136322
3623,10,275,0.3214052617549896
3624,10,276,0.3237568438053131
3625,10,277,0.2456984519958496
3626,10,278,0.2830086648464203
3627,10,279,0.2596258521080017
3628,10,280,0.3083820641040802
3629,10,281,0.24534639716148376
3630,10,282,0.3701286315917969
3631,10,283,0.3269318640232086
3632,10,284,0.2602589726448059
3633,10,285,0.26022687554359436
3634,10,286,0.30826112627983093
3635,10,287,0.2623826861381531
3636,10,288,0.29525047540664673
3637,10,289,0.2782065272331238
3638,10,290,0.28098976612091064
3639,10,291,0.22238202393054962
3640,10,292,0.40143656730651855
3641,10,293,0.40166178345680237
3642,10,294,0.2597070634365082
3643,10,295,0.31637296080589294
3644,10,296,0.30461862683296204
3645,10,297,0.2991756796836853
3646,10,298,0.25825661420822144
3647,10,299,0.2404862344264984
3648,10,300,0.28380924463272095
3649,10,301,0.3208627998828888
3650,10,302,0.344775915145874
3651,10,303,0.24032258987426758
3652,10,304,0.32862138748168945
3653,10,305,0.33073288202285767
3654,10,306,0.32835814356803894
3655,10,307,0.2705099284648895
3656,10,308,0.3035247325897217
3657,10,309,0.3380239009857178
3658,10,310,0.2825627028942108
3659,10,311,0.311006635427475
3660,10,312,0.2991179823875427
3661,10,313,0.3473615050315857
3662,10,314,0.31593990325927734
3663,10,315,0.2953171133995056
3664,10,316,0.2576058506965637
3665,10,317,0.3139607012271881
3666,10,318,0.3103894591331482
3667,10,319,0.2953060269355774
3668,10,320,0.3601149022579193
3669,10,321,0.31567782163619995
3670,10,322,0.2684464454650879
3671,10,323,0.26960307359695435
3672,10,324,0.26229923963546753
3673,10,325,0.2486519068479538
3674,10,326,0.246151402592659
3675,10,327,0.30207839608192444
3676,10,328,0.24852681159973145
3677,10,329,0.2999243140220642
3678,10,330,0.3070226013660431
3679,10,331,0.24891075491905212
3680,10,332,0.2792671322822571
3681,10,333,0.2925315201282501
3682,10,334,0.3737851679325104
3683,10,335,0.2343028485774994
3684,10,336,0.2983415722846985
3685,10,337,0.25574561953544617
3686,10,338,0.29036206007003784
3687,10,339,0.28092139959335327
3688,10,340,0.3130059838294983
3689,10,341,0.3050824701786041
3690,10,342,0.20688387751579285
3691,10,343,0.28586068749427795
3692,10,344,0.2539688050746918
3693,10,345,0.2552761435508728
3694,10,346,0.24592241644859314
3695,10,347,0.3137527108192444
3696,10,348,0.38070669770240784
3697,10,349,0.27123093605041504
3698,10,350,0.27817633748054504
3699,10,351,0.28060171008110046
3700,10,352,0.29063478112220764
3701,10,353,0.25229668617248535
3702,10,354,0.28168654441833496
3703,10,355,0.2991400957107544
3704,10,356,0.33669453859329224
3705,10,357,0.28387632966041565
3706,10,358,0.27756673097610474
3707,10,359,0.2527579665184021
3708,10,360,0.328336238861084
3709,10,361,0.29458221793174744
3710,10,362,0.32465559244155884
3711,10,363,0.3399485945701599
3712,10,364,0.26992273330688477
3713,10,365,0.3004758059978485
3714,10,366,0.3251170217990875
3715,10,367,0.31830400228500366
3716,10,368,0.24135661125183105
3717,10,369,0.3297520577907562
3718,10,370,0.364882230758667
3719,10,371,0.26986557245254517
3720,10,372,0.3232695162296295
