global_step,epoch,batch,train_loss
1,1,1,3.4750022888183594
2,1,2,3.1261301040649414
3,1,3,2.913783550262451
4,1,4,2.6709413528442383
5,1,5,2.3307719230651855
6,1,6,2.2226743698120117
7,1,7,1.981447458267212
8,1,8,1.7105209827423096
9,1,9,1.6167280673980713
10,1,10,1.4651200771331787
11,1,11,1.3321396112442017
12,1,12,1.288996934890747
13,1,13,1.1254488229751587
14,1,14,1.2617249488830566
15,1,15,0.9688307046890259
16,1,16,0.9674521684646606
17,1,17,1.0024118423461914
18,1,18,1.027817964553833
19,1,19,0.8414081335067749
20,1,20,0.9211117625236511
21,1,21,1.10335373878479
22,1,22,0.9529832005500793
23,1,23,1.0853822231292725
24,1,24,1.0216432809829712
25,1,25,0.9536523818969727
26,1,26,0.7922226190567017
27,1,27,0.976859450340271
28,1,28,0.6966410875320435
29,1,29,0.8982074856758118
30,1,30,0.6749396920204163
31,1,31,0.7399970293045044
32,1,32,0.8464242815971375
33,1,33,0.916511058807373
34,1,34,0.8906370401382446
35,1,35,1.1921566724777222
36,1,36,0.8345088958740234
37,1,37,0.8096010088920593
38,1,38,0.6362038850784302
39,1,39,0.7499387860298157
40,1,40,0.5820220112800598
41,1,41,0.7390564680099487
42,1,42,0.7917366623878479
43,1,43,0.6806379556655884
44,1,44,0.6456279158592224
45,1,45,0.6939487457275391
46,1,46,0.8393413424491882
47,1,47,0.7712258100509644
48,1,48,0.5601412057876587
49,1,49,0.5495880842208862
50,1,50,0.5780900716781616
51,1,51,0.6862897872924805
52,1,52,0.818509578704834
53,1,53,0.5876657962799072
54,1,54,0.5849924683570862
55,1,55,0.7457507848739624
56,1,56,0.5491308569908142
57,1,57,0.800438404083252
58,1,58,0.6540586948394775
59,1,59,0.6412063837051392
60,1,60,0.45140042901039124
61,1,61,0.590218186378479
62,1,62,0.6027441620826721
63,1,63,0.7040775418281555
64,1,64,0.8490511178970337
65,1,65,0.4818848669528961
66,1,66,0.5892183184623718
67,1,67,0.4877055287361145
68,1,68,0.6767886877059937
69,1,69,0.5095223188400269
70,1,70,0.9051559567451477
71,1,71,0.9722121953964233
72,1,72,0.6078287363052368
73,1,73,0.5912590622901917
74,1,74,0.4950385093688965
75,1,75,0.46435245871543884
76,1,76,0.5333510637283325
77,1,77,0.6342306137084961
78,1,78,0.5668991804122925
79,1,79,0.5309330224990845
80,1,80,0.5402761101722717
81,1,81,0.5385213494300842
82,1,82,0.5386630296707153
83,1,83,0.6329614520072937
84,1,84,0.6136687397956848
85,1,85,0.5220586061477661
86,1,86,0.5179646611213684
87,1,87,0.5199583172798157
88,1,88,0.4700998365879059
89,1,89,0.8701262474060059
90,1,90,0.4402131140232086
91,1,91,0.5708054304122925
92,1,92,0.6740771532058716
93,1,93,0.4614485800266266
94,1,94,0.46969670057296753
95,1,95,0.5587403178215027
96,1,96,0.5111982226371765
97,1,97,0.520851731300354
98,1,98,0.5917543172836304
99,1,99,0.5438724756240845
100,1,100,0.5245248079299927
101,1,101,0.542005181312561
102,1,102,0.5928695797920227
103,1,103,0.4350770115852356
104,1,104,0.5619374513626099
105,1,105,0.5237911343574524
106,1,106,0.5318190455436707
107,1,107,0.4490489959716797
108,1,108,0.5790461301803589
109,1,109,0.5732973217964172
110,1,110,0.4921797811985016
111,1,111,0.4184753894805908
112,1,112,0.45832571387290955
113,1,113,0.4487512707710266
114,1,114,0.5024276971817017
115,1,115,0.5904639363288879
116,1,116,0.4837532639503479
117,1,117,0.4232451915740967
118,1,118,0.5048304796218872
119,1,119,0.45919665694236755
120,1,120,0.5250190496444702
121,1,121,0.4254830479621887
122,1,122,0.35249385237693787
123,1,123,0.5930007696151733
124,1,124,0.46694859862327576
125,1,125,0.513827919960022
126,1,126,0.5517975091934204
127,1,127,0.42050790786743164
128,1,128,0.4683755040168762
129,1,129,0.4010072350502014
130,1,130,0.4507022798061371
131,1,131,0.4039449691772461
132,1,132,0.4594879150390625
133,1,133,0.5008364915847778
134,1,134,0.40538138151168823
135,1,135,0.3298731744289398
136,1,136,0.5009934306144714
137,1,137,0.44431185722351074
138,1,138,0.453225702047348
139,1,139,0.4627153277397156
140,1,140,0.4713783264160156
141,1,141,0.4582412838935852
142,1,142,0.4615817964076996
143,1,143,0.41544145345687866
144,1,144,0.37783294916152954
145,1,145,0.5108557939529419
146,1,146,0.46146661043167114
147,1,147,0.44719862937927246
148,1,148,0.5848178863525391
149,1,149,0.4131518304347992
150,1,150,0.47405171394348145
151,1,151,0.5351946949958801
152,1,152,0.4707912504673004
153,1,153,0.3620065152645111
154,1,154,0.5499018430709839
155,1,155,0.43597882986068726
156,1,156,0.4566078186035156
157,1,157,0.4444933533668518
158,1,158,0.4340116083621979
159,1,159,0.3910304307937622
160,1,160,0.5843735933303833
161,1,161,0.41550856828689575
162,1,162,0.5120658874511719
163,1,163,0.32316210865974426
164,1,164,0.3698832392692566
165,1,165,0.543984055519104
166,1,166,0.37532883882522583
167,1,167,0.8250306844711304
168,1,168,0.4306659698486328
169,1,169,0.4068870544433594
170,1,170,0.3406178653240204
171,1,171,0.49831509590148926
172,1,172,0.41146183013916016
173,1,173,0.5276473164558411
174,1,174,0.5459145307540894
175,1,175,0.32877200841903687
176,1,176,0.3553417921066284
177,1,177,0.4878844618797302
178,1,178,0.3950037658214569
179,1,179,0.49108409881591797
180,1,180,0.3725486397743225
181,1,181,0.385805606842041
182,1,182,0.4203243851661682
183,1,183,0.44117864966392517
184,1,184,0.5489292740821838
185,1,185,0.3938804566860199
186,1,186,0.49685126543045044
187,1,187,0.41554221510887146
188,1,188,0.5016035437583923
189,1,189,0.4291048049926758
190,1,190,0.784372866153717
191,1,191,0.3933195471763611
192,1,192,0.7835054397583008
193,1,193,0.3856145739555359
194,1,194,0.38712435960769653
195,1,195,0.6218641400337219
196,1,196,0.5668326616287231
197,1,197,0.4106903076171875
198,1,198,0.35185906291007996
199,1,199,0.427852064371109
200,1,200,0.3515596389770508
201,1,201,0.35728877782821655
202,1,202,0.435220867395401
203,1,203,0.36522501707077026
204,1,204,0.7527743577957153
205,1,205,0.34918251633644104
206,1,206,0.43679070472717285
207,1,207,0.3554864525794983
208,1,208,0.37446099519729614
209,1,209,0.3493173122406006
210,1,210,0.3716248869895935
211,1,211,0.4703054428100586
212,1,212,0.4004906117916107
213,1,213,0.47935932874679565
214,1,214,0.33831697702407837
215,1,215,0.4295833110809326
216,1,216,0.42517104744911194
217,1,217,0.3904643654823303
218,1,218,0.5260413289070129
219,1,219,0.3484821915626526
220,1,220,0.37594467401504517
221,1,221,0.2621029317378998
222,1,222,0.3639998137950897
223,1,223,0.409355103969574
224,1,224,0.3550260365009308
225,1,225,0.4008120894432068
226,1,226,0.35722488164901733
227,1,227,0.3588655889034271
228,1,228,0.48855653405189514
229,1,229,0.3441346287727356
230,1,230,0.38917428255081177
231,1,231,0.4085233807563782
232,1,232,0.40030282735824585
233,1,233,0.6446434259414673
234,1,234,0.32565003633499146
235,1,235,0.3759743571281433
236,1,236,0.41792964935302734
237,1,237,0.36080706119537354
238,1,238,0.3538617491722107
239,1,239,0.4454478323459625
240,1,240,0.548661470413208
241,1,241,0.3756904900074005
242,1,242,0.7787123918533325
243,1,243,0.40009403228759766
244,1,244,0.6815488934516907
245,1,245,0.448721319437027
246,1,246,0.616740345954895
247,1,247,0.3393704295158386
248,1,248,0.37693995237350464
249,1,249,0.38784125447273254
250,1,250,0.3629862368106842
251,1,251,0.4557143747806549
252,1,252,0.38045161962509155
253,1,253,0.33994483947753906
254,1,254,0.407895565032959
255,1,255,0.32528311014175415
256,1,256,0.3438224196434021
257,1,257,0.3761034905910492
258,1,258,0.40611758828163147
259,1,259,0.4122005105018616
260,1,260,0.3422335088253021
261,1,261,0.28792932629585266
262,1,262,0.40378618240356445
263,1,263,0.37954622507095337
264,1,264,0.49172908067703247
265,1,265,0.2927677035331726
266,1,266,0.3775540590286255
267,1,267,0.36257651448249817
268,1,268,0.4023844301700592
269,1,269,0.3425289988517761
270,1,270,0.37661513686180115
271,1,271,0.375713050365448
272,1,272,0.2990019917488098
273,1,273,0.34903115034103394
274,1,274,0.390532910823822
275,1,275,0.4874895513057709
276,1,276,0.3827493488788605
277,1,277,0.33996087312698364
278,1,278,0.40261951088905334
279,1,279,0.3288800120353699
280,1,280,0.29462143778800964
281,1,281,0.34959712624549866
282,1,282,0.2840474545955658
283,1,283,0.3719865083694458
284,1,284,0.3583090901374817
285,1,285,0.35389360785484314
286,1,286,0.32628995180130005
287,1,287,0.7451617121696472
288,1,288,0.6020908355712891
289,1,289,0.3241882920265198
290,1,290,0.39601248502731323
291,1,291,0.3676658570766449
292,1,292,0.3278837203979492
293,1,293,0.3565371632575989
294,1,294,0.34102755784988403
295,1,295,0.24998414516448975
296,1,296,0.40741318464279175
297,1,297,0.3845679461956024
298,1,298,0.33914709091186523
299,1,299,0.32679426670074463
300,1,300,0.30414557456970215
301,1,301,0.2912040948867798
302,1,302,0.35566577315330505
303,1,303,0.4042680263519287
304,1,304,0.3210605978965759
305,1,305,0.5714297294616699
306,1,306,0.3272049129009247
307,1,307,0.35022464394569397
308,1,308,0.3302604556083679
309,1,309,0.3715897500514984
310,1,310,0.5918608903884888
311,1,311,0.2936202883720398
312,1,312,0.3895798325538635
313,1,313,0.3506467938423157
314,1,314,0.4244089126586914
315,1,315,0.3884529173374176
316,1,316,0.369118869304657
317,1,317,0.3785262107849121
318,1,318,0.28967171907424927
319,1,319,0.41624921560287476
320,1,320,0.3140409588813782
321,1,321,0.3044452965259552
322,1,322,0.31055504083633423
323,1,323,0.3728006184101105
324,1,324,0.2838393747806549
325,1,325,0.33674854040145874
326,1,326,0.4709245264530182
327,1,327,0.2992037832736969
328,1,328,0.4221018850803375
329,1,329,0.312907338142395
330,1,330,0.32450708746910095
331,1,331,0.3048552870750427
332,1,332,0.3140011429786682
333,1,333,0.3639456331729889
334,1,334,0.2937968969345093
335,1,335,0.4123849868774414
336,1,336,0.4211447238922119
337,1,337,0.32813891768455505
338,1,338,0.3717929720878601
339,1,339,0.320847749710083
340,1,340,0.3632164001464844
341,1,341,0.3568011522293091
342,1,342,0.3185959756374359
343,1,343,0.3953610062599182
344,1,344,0.3935078978538513
345,1,345,0.37060973048210144
346,1,346,0.38276952505111694
347,1,347,0.4527934491634369
348,1,348,0.2674441933631897
349,1,349,0.3187718689441681
350,1,350,0.3462463319301605
351,1,351,0.3533320426940918
352,1,352,0.3778288960456848
353,1,353,0.5032520890235901
354,1,354,0.4432113766670227
355,1,355,0.4525606036186218
356,1,356,0.7815536856651306
357,1,357,0.39923492074012756
358,1,358,0.43286338448524475
359,1,359,0.31174203753471375
360,1,360,0.3559306561946869
361,1,361,0.32925328612327576
362,1,362,0.3572506308555603
363,1,363,0.3450726270675659
364,1,364,0.2503967583179474
365,1,365,0.3722120225429535
366,1,366,0.319097638130188
367,1,367,0.3818061351776123
368,1,368,0.4243220388889313
369,1,369,0.36091354489326477
370,1,370,0.3744179606437683
371,1,371,0.2924770712852478
372,1,372,0.49473074078559875
373,2,1,0.30289286375045776
374,2,2,0.3564952313899994
375,2,3,0.6967074871063232
376,2,4,0.2877667546272278
377,2,5,0.2625136971473694
378,2,6,0.3517078459262848
379,2,7,0.2812930941581726
380,2,8,0.33413639664649963
381,2,9,0.31706395745277405
382,2,10,0.2776589095592499
383,2,11,0.2770617604255676
384,2,12,0.3859257698059082
385,2,13,0.2734717130661011
386,2,14,0.36569979786872864
387,2,15,0.29292938113212585
388,2,16,0.3647092282772064
389,2,17,0.29839378595352173
390,2,18,0.27090829610824585
391,2,19,0.3371976912021637
392,2,20,0.2980927526950836
393,2,21,0.34172025322914124
394,2,22,0.2681896984577179
395,2,23,0.2999908924102783
396,2,24,0.3038596212863922
397,2,25,0.29438546299934387
398,2,26,0.2740360498428345
399,2,27,0.34982287883758545
400,2,28,0.3711138665676117
401,2,29,0.30184102058410645
402,2,30,0.28701215982437134
403,2,31,0.35766640305519104
404,2,32,0.3209175765514374
405,2,33,0.32966935634613037
406,2,34,0.27998510003089905
407,2,35,0.37971699237823486
408,2,36,0.4633835256099701
409,2,37,0.28541433811187744
410,2,38,0.2721737027168274
411,2,39,0.28396138548851013
412,2,40,0.25045913457870483
413,2,41,0.3024001121520996
414,2,42,0.28905054926872253
415,2,43,0.2662312984466553
416,2,44,0.2812497913837433
417,2,45,0.3385235667228699
418,2,46,0.3074468970298767
419,2,47,0.36202818155288696
420,2,48,0.31093308329582214
421,2,49,0.31319162249565125
422,2,50,0.3533008098602295
423,2,51,0.23828446865081787
424,2,52,0.35054007172584534
425,2,53,0.32517585158348083
426,2,54,0.40312138199806213
427,2,55,0.300917387008667
428,2,56,0.28838253021240234
429,2,57,0.37387141585350037
430,2,58,0.3703712522983551
431,2,59,0.33619195222854614
432,2,60,0.35624605417251587
433,2,61,0.3449137210845947
434,2,62,0.4157557487487793
435,2,63,0.3053102195262909
436,2,64,0.40936723351478577
437,2,65,0.3086478114128113
438,2,66,0.3348267674446106
439,2,67,0.28149208426475525
440,2,68,0.3344072699546814
441,2,69,0.7517408728599548
442,2,70,0.2500726282596588
443,2,71,0.2832924723625183
444,2,72,0.3620033264160156
445,2,73,0.27045172452926636
446,2,74,0.3277679681777954
447,2,75,0.3671617805957794
448,2,76,0.25699371099472046
449,2,77,0.3256205916404724
450,2,78,0.3150216341018677
451,2,79,0.28621041774749756
452,2,80,0.30636322498321533
453,2,81,0.28177717328071594
454,2,82,0.35342758893966675
455,2,83,0.2926962971687317
456,2,84,0.24253883957862854
457,2,85,0.3807421326637268
458,2,86,0.2958529591560364
459,2,87,0.3988705277442932
460,2,88,0.43010836839675903
461,2,89,0.3461790084838867
462,2,90,0.31927987933158875
463,2,91,0.7901911735534668
464,2,92,0.3215131163597107
465,2,93,0.31923478841781616
466,2,94,0.30154773592948914
467,2,95,0.3300083577632904
468,2,96,0.3591979146003723
469,2,97,0.27201440930366516
470,2,98,0.2479718029499054
471,2,99,0.3154127597808838
472,2,100,0.37686043977737427
473,2,101,0.336810439825058
474,2,102,0.31424129009246826
475,2,103,0.3328830897808075
476,2,104,0.29859405755996704
477,2,105,0.27561691403388977
478,2,106,0.25805193185806274
479,2,107,0.3422359824180603
480,2,108,0.28330084681510925
481,2,109,0.3986760079860687
482,2,110,0.2691981792449951
483,2,111,0.3230412006378174
484,2,112,0.28129228949546814
485,2,113,0.2442830502986908
486,2,114,0.3020557463169098
487,2,115,0.26744765043258667
488,2,116,0.3010382354259491
489,2,117,0.292237251996994
490,2,118,0.35359111428260803
491,2,119,0.2744000256061554
492,2,120,0.2575165331363678
493,2,121,0.31967878341674805
494,2,122,0.37985149025917053
495,2,123,0.2705599367618561
496,2,124,0.2853657007217407
497,2,125,0.28459304571151733
498,2,126,0.32205212116241455
499,2,127,0.28335291147232056
500,2,128,0.2921997904777527
501,2,129,0.23470571637153625
502,2,130,0.4407956004142761
503,2,131,0.29246240854263306
504,2,132,0.3115907907485962
505,2,133,0.27540192008018494
506,2,134,0.29940205812454224
507,2,135,0.31341487169265747
508,2,136,0.37080052495002747
509,2,137,0.40736421942710876
510,2,138,0.40992680191993713
511,2,139,0.6665509343147278
512,2,140,0.300214558839798
513,2,141,0.26167479157447815
514,2,142,0.4124433398246765
515,2,143,0.33867526054382324
516,2,144,0.318779319524765
517,2,145,0.2878296375274658
518,2,146,0.4069274067878723
519,2,147,0.33633434772491455
520,2,148,0.2882947325706482
521,2,149,0.32946377992630005
522,2,150,0.3163236379623413
523,2,151,0.3966969847679138
524,2,152,0.537097156047821
525,2,153,0.49341416358947754
526,2,154,0.31650692224502563
527,2,155,0.342873752117157
528,2,156,0.32192328572273254
529,2,157,0.32485443353652954
530,2,158,0.3103557229042053
531,2,159,0.6148031949996948
532,2,160,0.32698318362236023
533,2,161,0.2616961598396301
534,2,162,0.27696481347084045
535,2,163,0.31851255893707275
536,2,164,0.5135199427604675
537,2,165,0.33210375905036926
538,2,166,0.34129777550697327
539,2,167,0.3437838852405548
540,2,168,0.3234565854072571
541,2,169,0.25123724341392517
542,2,170,0.23165354132652283
543,2,171,0.31813955307006836
544,2,172,0.34011852741241455
545,2,173,0.26371994614601135
546,2,174,0.31409579515457153
547,2,175,0.28867989778518677
548,2,176,0.3074426054954529
549,2,177,0.3230106234550476
550,2,178,0.3210533857345581
551,2,179,0.2540993094444275
552,2,180,0.2604925036430359
553,2,181,0.332364559173584
554,2,182,0.6572896242141724
555,2,183,0.2401544153690338
556,2,184,0.245989590883255
557,2,185,0.3030761778354645
558,2,186,0.2760776877403259
559,2,187,0.2487177550792694
560,2,188,0.31596237421035767
561,2,189,0.2781224846839905
562,2,190,0.2637196183204651
563,2,191,0.2572677731513977
564,2,192,0.2682262659072876
565,2,193,0.3159114718437195
566,2,194,0.26653996109962463
567,2,195,0.27312570810317993
568,2,196,0.24380464851856232
569,2,197,0.3048507273197174
570,2,198,0.2817513942718506
571,2,199,0.30943116545677185
572,2,200,0.31222474575042725
573,2,201,0.23863108456134796
574,2,202,0.22373323142528534
575,2,203,0.36696404218673706
576,2,204,0.27885791659355164
577,2,205,0.47358226776123047
578,2,206,0.31191882491111755
579,2,207,0.22713597118854523
580,2,208,0.2708081007003784
581,2,209,0.246415376663208
582,2,210,0.2633689045906067
583,2,211,0.28961440920829773
584,2,212,0.24719107151031494
585,2,213,0.3048572540283203
586,2,214,0.37960371375083923
587,2,215,0.2559294104576111
588,2,216,0.32810142636299133
589,2,217,0.2572208046913147
590,2,218,0.33392637968063354
591,2,219,0.24360902607440948
592,2,220,0.25857290625572205
593,2,221,0.2604444921016693
594,2,222,0.524786114692688
595,2,223,0.257712185382843
596,2,224,0.23757848143577576
597,2,225,0.33990228176116943
598,2,226,0.28143006563186646
599,2,227,0.23210760951042175
600,2,228,0.42599743604660034
601,2,229,0.27752169966697693
602,2,230,0.24895238876342773
603,2,231,0.24558348953723907
604,2,232,0.32124343514442444
605,2,233,0.2810141146183014
606,2,234,0.2696538269519806
607,2,235,0.7035239934921265
608,2,236,0.2962116599082947
609,2,237,0.3476397693157196
610,2,238,0.372649222612381
611,2,239,0.3631036579608917
612,2,240,0.3516121506690979
613,2,241,0.3063424825668335
614,2,242,0.26572385430336
615,2,243,0.26903021335601807
616,2,244,0.31150802969932556
617,2,245,0.3192247748374939
618,2,246,0.25018879771232605
619,2,247,0.4273136258125305
620,2,248,0.3532753586769104
621,2,249,0.32851436734199524
622,2,250,0.23305125534534454
623,2,251,0.3482154905796051
624,2,252,0.30136945843696594
625,2,253,0.2406446635723114
626,2,254,0.3262771666049957
627,2,255,0.24362535774707794
628,2,256,0.291323721408844
629,2,257,0.3695303797721863
630,2,258,0.2703244090080261
631,2,259,0.2560022473335266
632,2,260,0.23270335793495178
633,2,261,0.2878153920173645
634,2,262,0.2456730157136917
635,2,263,0.29758960008621216
636,2,264,0.26412808895111084
637,2,265,0.3327120840549469
638,2,266,0.26770395040512085
639,2,267,0.291500985622406
640,2,268,0.3082616627216339
641,2,269,0.3007708489894867
642,2,270,0.3135165572166443
643,2,271,0.2527792155742645
644,2,272,0.26212674379348755
645,2,273,0.23326914012432098
646,2,274,0.41803011298179626
647,2,275,0.3528665006160736
648,2,276,0.3660812973976135
649,2,277,0.2702557146549225
650,2,278,0.3532196879386902
651,2,279,0.29380375146865845
652,2,280,0.28939348459243774
653,2,281,0.3625407814979553
654,2,282,0.42727404832839966
655,2,283,0.7993957996368408
656,2,284,0.3003763258457184
657,2,285,0.3340417742729187
658,2,286,0.317596971988678
659,2,287,0.3164142072200775
660,2,288,0.6612926721572876
661,2,289,0.27687060832977295
662,2,290,0.27236220240592957
663,2,291,0.2984876036643982
664,2,292,0.2156146764755249
665,2,293,0.22750797867774963
666,2,294,0.271907776594162
667,2,295,0.2590317726135254
668,2,296,0.289917528629303
669,2,297,0.27362877130508423
670,2,298,0.3446256220340729
671,2,299,0.259939968585968
672,2,300,0.25695011019706726
673,2,301,0.22999811172485352
674,2,302,0.26239630579948425
675,2,303,0.3193938434123993
676,2,304,0.3331694006919861
677,2,305,0.2793545424938202
678,2,306,0.23046758770942688
679,2,307,0.2283402383327484
680,2,308,0.6821652054786682
681,2,309,0.3337450921535492
682,2,310,0.23955047130584717
683,2,311,0.28998634219169617
684,2,312,0.23585693538188934
685,2,313,0.2780334949493408
686,2,314,0.2549212574958801
687,2,315,0.2394227683544159
688,2,316,0.33986860513687134
689,2,317,0.2469007670879364
690,2,318,0.31357380747795105
691,2,319,0.43303146958351135
692,2,320,0.3841420114040375
693,2,321,0.3203122913837433
694,2,322,0.28044959902763367
695,2,323,0.25445985794067383
696,2,324,0.239005446434021
697,2,325,0.2766095995903015
698,2,326,0.33146899938583374
699,2,327,0.30438145995140076
700,2,328,0.30697980523109436
701,2,329,0.27027732133865356
702,2,330,0.2593471109867096
703,2,331,0.28013092279434204
704,2,332,0.6532963514328003
705,2,333,0.2772960364818573
706,2,334,0.2904520332813263
707,2,335,0.3133644461631775
708,2,336,0.32842615246772766
709,2,337,0.2781039774417877
710,2,338,0.4079865515232086
711,2,339,0.28051894903182983
712,2,340,0.2942805886268616
713,2,341,0.2669028043746948
714,2,342,0.341911256313324
715,2,343,0.29680588841438293
716,2,344,0.28263595700263977
717,2,345,0.3564980626106262
718,2,346,0.2928465008735657
719,2,347,0.2472495585680008
720,2,348,0.27485963702201843
721,2,349,0.3171488344669342
722,2,350,0.24088379740715027
723,2,351,0.32995283603668213
724,2,352,0.3020027279853821
725,2,353,0.2572476863861084
726,2,354,0.3953227996826172
727,2,355,0.33685144782066345
728,2,356,0.2938395142555237
729,2,357,0.22773957252502441
730,2,358,0.27087005972862244
731,2,359,0.20910683274269104
732,2,360,0.3469215929508209
733,2,361,0.34645482897758484
734,2,362,0.30958694219589233
735,2,363,0.24387836456298828
736,2,364,0.21951791644096375
737,2,365,0.30409345030784607
738,2,366,0.2596861720085144
739,2,367,0.23231077194213867
740,2,368,0.2381128966808319
741,2,369,0.27145177125930786
742,2,370,0.3006129264831543
743,2,371,0.2392643243074417
744,2,372,0.2544609010219574
745,3,1,0.20170223712921143
746,3,2,0.25187626481056213
747,3,3,0.21629378199577332
748,3,4,0.28900232911109924
749,3,5,0.21978667378425598
750,3,6,0.3372740149497986
751,3,7,0.2646793723106384
752,3,8,0.2762456238269806
753,3,9,0.25108885765075684
754,3,10,0.23905691504478455
755,3,11,0.23677125573158264
756,3,12,0.31250154972076416
757,3,13,0.22756683826446533
758,3,14,0.2558344006538391
759,3,15,0.22557029128074646
760,3,16,0.3082045912742615
761,3,17,0.26224249601364136
762,3,18,0.2936409115791321
763,3,19,0.24644288420677185
764,3,20,0.259061336517334
765,3,21,0.561124861240387
766,3,22,0.22100944817066193
767,3,23,0.26469293236732483
768,3,24,0.19865284860134125
769,3,25,0.3358113169670105
770,3,26,0.2740021049976349
771,3,27,0.28166887164115906
772,3,28,0.23529358208179474
773,3,29,0.23666012287139893
774,3,30,0.2579992711544037
775,3,31,0.27605339884757996
776,3,32,0.2763758897781372
777,3,33,0.27271419763565063
778,3,34,0.28812310099601746
779,3,35,0.29971548914909363
780,3,36,0.29083481431007385
781,3,37,0.2912437915802002
782,3,38,0.28551599383354187
783,3,39,0.25161272287368774
784,3,40,0.25098878145217896
785,3,41,0.21882908046245575
786,3,42,0.26584139466285706
787,3,43,0.3639131188392639
788,3,44,0.26097571849823
789,3,45,0.22168810665607452
790,3,46,0.25111496448516846
791,3,47,0.22383704781532288
792,3,48,0.26185935735702515
793,3,49,0.27315837144851685
794,3,50,0.31334906816482544
795,3,51,0.6108444333076477
796,3,52,0.281680166721344
797,3,53,0.21328642964363098
798,3,54,0.24058428406715393
799,3,55,0.316985160112381
800,3,56,0.29027819633483887
801,3,57,0.241054967045784
802,3,58,0.21525616943836212
803,3,59,0.5200908184051514
804,3,60,0.2779950797557831
805,3,61,0.34872540831565857
806,3,62,0.24021585285663605
807,3,63,0.3284226059913635
808,3,64,0.27804034948349
809,3,65,0.2751982808113098
810,3,66,0.21777784824371338
811,3,67,0.24631711840629578
812,3,68,0.33159542083740234
813,3,69,0.24487777054309845
814,3,70,0.30377882719039917
815,3,71,0.24608585238456726
816,3,72,0.21157674491405487
817,3,73,0.2483559548854828
818,3,74,0.24372856318950653
819,3,75,0.23289386928081512
820,3,76,0.29178500175476074
821,3,77,0.2891119122505188
822,3,78,0.21430042386054993
823,3,79,0.27486452460289
824,3,80,0.19133201241493225
825,3,81,0.512163519859314
826,3,82,0.29867789149284363
827,3,83,0.35856062173843384
828,3,84,0.2551744282245636
829,3,85,0.2203696221113205
830,3,86,0.33252641558647156
831,3,87,0.3261337876319885
832,3,88,0.26809319853782654
833,3,89,0.2652021050453186
834,3,90,0.23420068621635437
835,3,91,0.22798192501068115
836,3,92,0.2702118754386902
837,3,93,0.30269455909729004
838,3,94,0.2308764010667801
839,3,95,0.2273884117603302
840,3,96,0.28900784254074097
841,3,97,0.2857746481895447
842,3,98,0.2583022117614746
843,3,99,0.2844715714454651
844,3,100,0.31056565046310425
845,3,101,0.41300052404403687
846,3,102,0.32918864488601685
847,3,103,0.24406561255455017
848,3,104,0.23282966017723083
849,3,105,0.24831721186637878
850,3,106,0.25100913643836975
851,3,107,0.28828006982803345
852,3,108,0.24315960705280304
853,3,109,0.23815901577472687
854,3,110,0.22582730650901794
855,3,111,0.4305853843688965
856,3,112,0.2071349173784256
857,3,113,0.21716316044330597
858,3,114,0.25785332918167114
859,3,115,0.26563340425491333
860,3,116,0.2641776502132416
861,3,117,0.24447965621948242
862,3,118,0.23176388442516327
863,3,119,0.2472289502620697
864,3,120,0.2819104790687561
865,3,121,0.28312578797340393
866,3,122,0.2694982886314392
867,3,123,0.2820136249065399
868,3,124,0.21627411246299744
869,3,125,0.30880972743034363
870,3,126,0.2865944504737854
871,3,127,0.26970499753952026
872,3,128,0.3929728865623474
873,3,129,0.22405901551246643
874,3,130,0.2800770699977875
875,3,131,0.26208943128585815
876,3,132,0.3792639374732971
877,3,133,0.22361326217651367
878,3,134,0.34529808163642883
879,3,135,0.26742032170295715
880,3,136,0.2841455638408661
881,3,137,0.4233967363834381
882,3,138,0.2598928213119507
883,3,139,0.5466532707214355
884,3,140,0.2817918062210083
885,3,141,0.2549278140068054
886,3,142,0.32062622904777527
887,3,143,0.24730487167835236
888,3,144,0.27314263582229614
889,3,145,0.2610643804073334
890,3,146,0.259444922208786
891,3,147,0.26108258962631226
892,3,148,0.3514963686466217
893,3,149,0.2749384045600891
894,3,150,0.39097779989242554
895,3,151,0.29184770584106445
896,3,152,0.2221459150314331
897,3,153,0.26067179441452026
898,3,154,0.21421484649181366
899,3,155,0.2262842208147049
900,3,156,0.245469331741333
901,3,157,0.3303554058074951
902,3,158,0.23867857456207275
903,3,159,0.2771993577480316
904,3,160,0.3069780468940735
905,3,161,0.24302449822425842
906,3,162,0.3030657172203064
907,3,163,0.275168240070343
908,3,164,0.24617663025856018
909,3,165,0.3092915713787079
910,3,166,0.2304166853427887
911,3,167,0.21166929602622986
912,3,168,0.4266042113304138
913,3,169,0.24581508338451385
914,3,170,0.27602988481521606
915,3,171,0.3183891773223877
916,3,172,0.29146426916122437
917,3,173,0.21771152317523956
918,3,174,0.2473152130842209
919,3,175,0.27495962381362915
920,3,176,0.270426481962204
921,3,177,0.23733997344970703
922,3,178,0.211055725812912
923,3,179,0.2788783013820648
924,3,180,0.21063590049743652
925,3,181,0.2372235804796219
926,3,182,0.24927394092082977
927,3,183,0.46281901001930237
928,3,184,0.2426162213087082
929,3,185,0.2516118586063385
930,3,186,0.3521546423435211
931,3,187,0.3170417845249176
932,3,188,0.25205016136169434
933,3,189,0.2719924747943878
934,3,190,0.6723921895027161
935,3,191,0.2778770327568054
936,3,192,0.238597109913826
937,3,193,0.2319001406431198
938,3,194,0.3510534167289734
939,3,195,0.2882083058357239
940,3,196,0.7485889196395874
941,3,197,0.3098517060279846
942,3,198,0.26336678862571716
943,3,199,0.2610781192779541
944,3,200,0.26529496908187866
945,3,201,0.32741957902908325
946,3,202,0.30441465973854065
947,3,203,0.42138975858688354
948,3,204,0.1741703748703003
949,3,205,0.24637222290039062
950,3,206,0.39855286478996277
951,3,207,0.20992951095104218
952,3,208,0.31650489568710327
953,3,209,0.25042232871055603
954,3,210,0.3084333837032318
955,3,211,0.25840896368026733
956,3,212,0.29967325925827026
957,3,213,0.3742811977863312
958,3,214,0.1999707967042923
959,3,215,0.30396273732185364
960,3,216,0.3009951710700989
961,3,217,0.23977020382881165
962,3,218,0.27715831995010376
963,3,219,0.25855007767677307
964,3,220,0.24325016140937805
965,3,221,0.264498770236969
966,3,222,0.27338868379592896
967,3,223,0.29995447397232056
968,3,224,0.2195785939693451
969,3,225,0.25081056356430054
970,3,226,0.3371780812740326
971,3,227,0.23860697448253632
972,3,228,0.2549600303173065
973,3,229,0.2393040657043457
974,3,230,0.287733793258667
975,3,231,0.20685353875160217
976,3,232,0.399355411529541
977,3,233,0.2900446951389313
978,3,234,0.24552111327648163
979,3,235,0.22565989196300507
980,3,236,0.5809692144393921
981,3,237,0.26312747597694397
982,3,238,0.24252188205718994
983,3,239,0.2691962718963623
984,3,240,0.2563410997390747
985,3,241,0.23018057644367218
986,3,242,0.24599242210388184
987,3,243,0.2334081381559372
988,3,244,0.30695927143096924
989,3,245,0.21183903515338898
990,3,246,0.2673296630382538
991,3,247,0.30682453513145447
992,3,248,0.2594166100025177
993,3,249,0.2602580189704895
994,3,250,0.2721898555755615
995,3,251,0.24869564175605774
996,3,252,0.24052700400352478
997,3,253,0.5811179280281067
998,3,254,0.253020316362381
999,3,255,0.3324384093284607
1000,3,256,0.2601628005504608
1001,3,257,0.2687585949897766
1002,3,258,0.2825932204723358
1003,3,259,0.2424767017364502
1004,3,260,0.24502059817314148
1005,3,261,0.28690534830093384
1006,3,262,0.27602487802505493
1007,3,263,0.23889896273612976
1008,3,264,0.327144980430603
1009,3,265,0.19355401396751404
1010,3,266,0.6829332113265991
1011,3,267,0.33154574036598206
1012,3,268,0.2396802008152008
1013,3,269,0.24510660767555237
1014,3,270,0.28012681007385254
1015,3,271,0.2636650502681732
1016,3,272,0.22986647486686707
1017,3,273,0.21071691811084747
1018,3,274,0.28028619289398193
1019,3,275,0.27822786569595337
1020,3,276,0.22684001922607422
1021,3,277,0.2658882439136505
1022,3,278,0.24905094504356384
1023,3,279,0.29817429184913635
1024,3,280,0.26430994272232056
1025,3,281,0.28888875246047974
1026,3,282,0.2569817304611206
1027,3,283,0.289745956659317
1028,3,284,0.3038899302482605
1029,3,285,0.25184154510498047
1030,3,286,0.20908573269844055
1031,3,287,0.30153828859329224
1032,3,288,0.6568915247917175
1033,3,289,0.20703056454658508
1034,3,290,0.36909669637680054
1035,3,291,0.2247454673051834
1036,3,292,0.28382357954978943
1037,3,293,0.21327826380729675
1038,3,294,0.2742651104927063
1039,3,295,0.275291383266449
1040,3,296,0.19138731062412262
1041,3,297,0.25115424394607544
1042,3,298,0.25294142961502075
1043,3,299,0.22818827629089355
1044,3,300,0.23555238544940948
1045,3,301,0.32290205359458923
1046,3,302,0.41140055656433105
1047,3,303,0.24441532790660858
1048,3,304,0.3166475296020508
1049,3,305,0.3071494698524475
1050,3,306,0.2469700127840042
1051,3,307,0.3073137700557709
1052,3,308,0.23132558166980743
1053,3,309,0.2276945859193802
1054,3,310,0.24586859345436096
1055,3,311,0.19019874930381775
1056,3,312,0.23205432295799255
1057,3,313,0.2227758914232254
1058,3,314,0.25460514426231384
1059,3,315,0.37039709091186523
1060,3,316,0.27363017201423645
1061,3,317,0.21906375885009766
1062,3,318,0.24383191764354706
1063,3,319,0.3107646107673645
1064,3,320,0.3075657784938812
1065,3,321,0.3027900457382202
1066,3,322,0.27818310260772705
1067,3,323,0.21391260623931885
1068,3,324,0.2753991186618805
1069,3,325,0.2651106119155884
1070,3,326,0.27155107259750366
1071,3,327,0.22778189182281494
1072,3,328,0.2508898377418518
1073,3,329,0.24540705978870392
1074,3,330,0.2685915529727936
1075,3,331,0.21556124091148376
1076,3,332,0.29013586044311523
1077,3,333,0.3667178452014923
1078,3,334,0.274461030960083
1079,3,335,0.22267524898052216
1080,3,336,0.23158445954322815
1081,3,337,0.21768514811992645
1082,3,338,0.28122010827064514
1083,3,339,0.3072422444820404
1084,3,340,0.22418518364429474
1085,3,341,0.25450441241264343
1086,3,342,0.37352338433265686
1087,3,343,0.23780342936515808
1088,3,344,0.30476853251457214
1089,3,345,0.28337815403938293
1090,3,346,0.2440403252840042
1091,3,347,0.2906797230243683
1092,3,348,0.20812258124351501
1093,3,349,0.27482640743255615
1094,3,350,0.2822682857513428
1095,3,351,0.2668520510196686
1096,3,352,0.22499950230121613
1097,3,353,0.19341060519218445
1098,3,354,0.28270605206489563
1099,3,355,0.20087727904319763
1100,3,356,0.2891814410686493
1101,3,357,0.23252153396606445
1102,3,358,0.2583684027194977
1103,3,359,0.27260544896125793
1104,3,360,0.25393691658973694
1105,3,361,0.26826906204223633
1106,3,362,0.24351918697357178
1107,3,363,0.28837740421295166
1108,3,364,0.232599139213562
1109,3,365,0.34970855712890625
1110,3,366,0.25644415616989136
1111,3,367,0.29760342836380005
1112,3,368,0.32610416412353516
1113,3,369,0.24360299110412598
1114,3,370,0.24932627379894257
1115,3,371,0.28330209851264954
1116,3,372,0.2768617868423462
1117,4,1,0.2980444133281708
1118,4,2,0.37491005659103394
1119,4,3,0.20889489352703094
1120,4,4,0.2399790734052658
1121,4,5,0.323174387216568
1122,4,6,0.28575873374938965
1123,4,7,0.2368977963924408
1124,4,8,0.33011749386787415
1125,4,9,0.25651437044143677
1126,4,10,0.22177700698375702
1127,4,11,0.21948519349098206
1128,4,12,0.26389080286026
1129,4,13,0.23476354777812958
1130,4,14,0.2518879175186157
1131,4,15,0.23907366394996643
1132,4,16,0.24547991156578064
1133,4,17,0.27490484714508057
1134,4,18,0.216515451669693
1135,4,19,0.27101147174835205
1136,4,20,0.2529706060886383
1137,4,21,0.1941140592098236
1138,4,22,0.22971968352794647
1139,4,23,0.232074573636055
1140,4,24,0.2772180140018463
1141,4,25,0.2008042335510254
1142,4,26,0.2489771842956543
1143,4,27,0.24324147403240204
1144,4,28,0.21979597210884094
1145,4,29,0.2632223665714264
1146,4,30,0.24460986256599426
1147,4,31,0.5575607419013977
1148,4,32,0.2598787248134613
1149,4,33,0.20777678489685059
1150,4,34,0.21491077542304993
1151,4,35,0.33086156845092773
1152,4,36,0.24608536064624786
1153,4,37,0.22084729373455048
1154,4,38,0.2372227907180786
1155,4,39,0.3044913411140442
1156,4,40,0.3364737629890442
1157,4,41,0.2110399752855301
1158,4,42,0.20619039237499237
1159,4,43,0.2407066375017166
1160,4,44,0.23758471012115479
1161,4,45,0.29966235160827637
1162,4,46,0.253577321767807
1163,4,47,0.24172814190387726
1164,4,48,0.22972068190574646
1165,4,49,0.2561766505241394
1166,4,50,0.47083163261413574
1167,4,51,0.3059214949607849
1168,4,52,0.24375593662261963
1169,4,53,0.24350115656852722
1170,4,54,0.3530515134334564
1171,4,55,0.2100657969713211
1172,4,56,0.16925805807113647
1173,4,57,0.2997153103351593
1174,4,58,0.21302512288093567
1175,4,59,0.5215144753456116
1176,4,60,0.31117182970046997
1177,4,61,0.22037892043590546
1178,4,62,0.22420187294483185
1179,4,63,0.29010695219039917
1180,4,64,0.20519673824310303
1181,4,65,0.23894913494586945
1182,4,66,0.23824205994606018
1183,4,67,0.2327205389738083
1184,4,68,0.23688161373138428
1185,4,69,0.2631691098213196
1186,4,70,0.21700003743171692
1187,4,71,0.2071242332458496
1188,4,72,0.3113477826118469
1189,4,73,0.2614685893058777
1190,4,74,0.25830698013305664
1191,4,75,0.2706901431083679
1192,4,76,0.22057943046092987
1193,4,77,0.2672428488731384
1194,4,78,0.18779592216014862
1195,4,79,0.1979668140411377
1196,4,80,0.22045063972473145
1197,4,81,0.1800786852836609
1198,4,82,0.19551929831504822
1199,4,83,0.2526363134384155
1200,4,84,0.280682235956192
1201,4,85,0.3280293643474579
1202,4,86,0.2805858552455902
1203,4,87,0.19298508763313293
1204,4,88,0.2075943499803543
1205,4,89,0.2715693712234497
1206,4,90,0.24043512344360352
1207,4,91,0.28136345744132996
1208,4,92,0.23745708167552948
1209,4,93,0.26814383268356323
1210,4,94,0.4766579568386078
1211,4,95,0.22128085792064667
1212,4,96,0.3060452938079834
1213,4,97,0.22494959831237793
1214,4,98,0.23714664578437805
1215,4,99,0.29629069566726685
1216,4,100,0.2930031418800354
1217,4,101,0.30910640954971313
1218,4,102,0.25137361884117126
1219,4,103,0.27252668142318726
1220,4,104,0.23051774501800537
1221,4,105,0.1897609680891037
1222,4,106,0.3106449246406555
1223,4,107,0.2792416512966156
1224,4,108,0.3302457928657532
1225,4,109,0.27830109000205994
1226,4,110,0.22071287035942078
1227,4,111,0.1924244910478592
1228,4,112,0.22195777297019958
1229,4,113,0.23967492580413818
1230,4,114,0.2580198347568512
1231,4,115,0.24825814366340637
1232,4,116,0.2543408274650574
1233,4,117,0.18181149661540985
1234,4,118,0.1942806839942932
1235,4,119,0.24993467330932617
1236,4,120,0.22783200442790985
1237,4,121,0.2628631293773651
1238,4,122,0.6122361421585083
1239,4,123,0.18312613666057587
1240,4,124,0.24543437361717224
1241,4,125,0.21744057536125183
1242,4,126,0.23236875236034393
1243,4,127,0.2606647312641144
1244,4,128,0.24113719165325165
1245,4,129,0.25842323899269104
1246,4,130,0.23791177570819855
1247,4,131,0.48391586542129517
1248,4,132,0.23822800815105438
1249,4,133,0.27969855070114136
1250,4,134,0.2209361046552658
1251,4,135,0.3442578613758087
1252,4,136,0.2344428300857544
1253,4,137,0.23645444214344025
1254,4,138,0.23489060997962952
1255,4,139,0.3426024913787842
1256,4,140,0.2504276633262634
1257,4,141,0.48945456743240356
1258,4,142,0.25727716088294983
1259,4,143,0.19393853843212128
1260,4,144,0.2436789721250534
1261,4,145,0.29343488812446594
1262,4,146,0.2895044982433319
1263,4,147,0.2890166938304901
1264,4,148,0.21193864941596985
1265,4,149,0.2688024640083313
1266,4,150,0.32617872953414917
1267,4,151,0.22729380428791046
1268,4,152,0.26276668906211853
1269,4,153,0.28678077459335327
1270,4,154,0.24744005501270294
1271,4,155,0.3212459683418274
1272,4,156,0.24505992233753204
1273,4,157,0.29439979791641235
1274,4,158,0.2790301442146301
1275,4,159,0.2692013382911682
1276,4,160,0.25274893641471863
1277,4,161,0.2318355143070221
1278,4,162,0.24379441142082214
1279,4,163,0.23957164585590363
1280,4,164,0.3010653555393219
1281,4,165,0.28430426120758057
1282,4,166,0.27116450667381287
1283,4,167,0.26939043402671814
1284,4,168,0.3532088100910187
1285,4,169,0.257975310087204
1286,4,170,0.23088650405406952
1287,4,171,0.24051332473754883
1288,4,172,0.22436180710792542
1289,4,173,0.22061029076576233
1290,4,174,0.31795763969421387
1291,4,175,0.329572856426239
1292,4,176,0.2924940884113312
1293,4,177,0.246133953332901
1294,4,178,0.1993466317653656
1295,4,179,0.25737279653549194
1296,4,180,0.2215232402086258
1297,4,181,0.28831642866134644
1298,4,182,0.1829298585653305
1299,4,183,0.2551969885826111
1300,4,184,0.23854728043079376
1301,4,185,0.23947229981422424
1302,4,186,0.25459760427474976
1303,4,187,0.2512702941894531
1304,4,188,0.2557036876678467
1305,4,189,0.21428999304771423
1306,4,190,0.28894877433776855
1307,4,191,0.20417793095111847
1308,4,192,0.28865569829940796
1309,4,193,0.19908729195594788
1310,4,194,0.2447344958782196
1311,4,195,0.2181893289089203
1312,4,196,0.29579561948776245
1313,4,197,0.2489776909351349
1314,4,198,0.2321608066558838
1315,4,199,0.1983955353498459
1316,4,200,0.24422070384025574
1317,4,201,0.2527136206626892
1318,4,202,0.2950021028518677
1319,4,203,0.24189896881580353
1320,4,204,0.5376221537590027
1321,4,205,0.2684585154056549
1322,4,206,0.2455756664276123
1323,4,207,0.22788886725902557
1324,4,208,0.28256821632385254
1325,4,209,0.21706363558769226
1326,4,210,0.2715221643447876
1327,4,211,0.43823808431625366
1328,4,212,0.2480628788471222
1329,4,213,0.31700512766838074
1330,4,214,0.20991146564483643
1331,4,215,0.2325698584318161
1332,4,216,0.22799141705036163
1333,4,217,0.28922027349472046
1334,4,218,0.264035701751709
1335,4,219,0.18011906743049622
1336,4,220,0.23853394389152527
1337,4,221,0.2487460821866989
1338,4,222,0.2367773801088333
1339,4,223,0.23690573871135712
1340,4,224,0.28180578351020813
1341,4,225,0.22705285251140594
1342,4,226,0.2673308551311493
1343,4,227,0.23424604535102844
1344,4,228,0.27495458722114563
1345,4,229,0.37329643964767456
1346,4,230,0.18278121948242188
1347,4,231,0.23495395481586456
1348,4,232,0.1919844001531601
1349,4,233,0.26678577065467834
1350,4,234,0.24088457226753235
1351,4,235,0.26517435908317566
1352,4,236,0.2743622660636902
1353,4,237,0.2549469470977783
1354,4,238,0.2989148795604706
1355,4,239,0.2141343057155609
1356,4,240,0.20352184772491455
1357,4,241,0.23269601166248322
1358,4,242,0.21310560405254364
1359,4,243,0.208042711019516
1360,4,244,0.19759158790111542
1361,4,245,0.2331392765045166
1362,4,246,0.22208580374717712
1363,4,247,0.29202067852020264
1364,4,248,0.21632020175457
1365,4,249,0.2540051341056824
1366,4,250,0.21568739414215088
1367,4,251,0.3126335144042969
1368,4,252,0.2549460828304291
1369,4,253,0.24404053390026093
1370,4,254,0.1911877542734146
1371,4,255,0.19569195806980133
1372,4,256,0.17590036988258362
1373,4,257,0.23006311058998108
1374,4,258,0.2567348778247833
1375,4,259,0.24974319338798523
1376,4,260,0.2321919947862625
1377,4,261,0.339297890663147
1378,4,262,0.24706225097179413
1379,4,263,0.3902597725391388
1380,4,264,0.25855499505996704
1381,4,265,0.25459885597229004
1382,4,266,0.27896586060523987
1383,4,267,0.22231793403625488
1384,4,268,0.24137338995933533
1385,4,269,0.2257843017578125
1386,4,270,0.48525190353393555
1387,4,271,0.20602333545684814
1388,4,272,0.2764192521572113
1389,4,273,0.24547383189201355
1390,4,274,0.23640580475330353
1391,4,275,0.3183000683784485
1392,4,276,0.25212937593460083
1393,4,277,0.222903773188591
1394,4,278,0.3314330577850342
1395,4,279,0.2199004888534546
1396,4,280,0.21842582523822784
1397,4,281,0.236917182803154
1398,4,282,0.29484182596206665
1399,4,283,0.2644409239292145
1400,4,284,0.2618899941444397
1401,4,285,0.20504364371299744
1402,4,286,0.22269758582115173
1403,4,287,0.28683000802993774
1404,4,288,0.23054364323616028
1405,4,289,0.2546446919441223
1406,4,290,0.2872677743434906
1407,4,291,0.1637761890888214
1408,4,292,0.27390262484550476
1409,4,293,0.20751988887786865
1410,4,294,0.20660118758678436
1411,4,295,0.27130693197250366
1412,4,296,0.29133141040802
1413,4,297,0.26531627774238586
1414,4,298,0.24850337207317352
1415,4,299,0.19018994271755219
1416,4,300,0.2554780840873718
1417,4,301,0.22212925553321838
1418,4,302,0.24527306854724884
1419,4,303,0.2284334897994995
1420,4,304,0.2956807017326355
1421,4,305,0.25012829899787903
1422,4,306,0.25950339436531067
1423,4,307,0.24115073680877686
1424,4,308,0.30628055334091187
1425,4,309,0.24469968676567078
1426,4,310,0.6103357076644897
1427,4,311,0.2850310206413269
1428,4,312,0.2959734797477722
1429,4,313,0.2794992923736572
1430,4,314,0.2404462993144989
1431,4,315,0.286568820476532
1432,4,316,0.1890227198600769
1433,4,317,0.19510598480701447
1434,4,318,0.21004526317119598
1435,4,319,0.24445310235023499
1436,4,320,0.23271603882312775
1437,4,321,0.2488713562488556
1438,4,322,0.24594290554523468
1439,4,323,0.2512642443180084
1440,4,324,0.2437889575958252
1441,4,325,0.3778834939002991
1442,4,326,0.21702274680137634
1443,4,327,0.22166860103607178
1444,4,328,0.23951177299022675
1445,4,329,0.26578962802886963
1446,4,330,0.23809461295604706
1447,4,331,0.20834150910377502
1448,4,332,0.2502240240573883
1449,4,333,0.24498872458934784
1450,4,334,0.23889124393463135
1451,4,335,0.1547044813632965
1452,4,336,0.2598409056663513
1453,4,337,0.25513941049575806
1454,4,338,0.24785788357257843
1455,4,339,0.2775210440158844
1456,4,340,0.26416832208633423
1457,4,341,0.31527942419052124
1458,4,342,0.2191966325044632
1459,4,343,0.24692396819591522
1460,4,344,0.22858257591724396
1461,4,345,0.2867244780063629
1462,4,346,0.22137467563152313
1463,4,347,0.2536609470844269
1464,4,348,0.16708436608314514
1465,4,349,0.2758641839027405
1466,4,350,0.22239665687084198
1467,4,351,0.1794406622648239
1468,4,352,0.2531380355358124
1469,4,353,0.20231202244758606
1470,4,354,0.2326037436723709
1471,4,355,0.22070541977882385
1472,4,356,0.24244551360607147
1473,4,357,0.19674000144004822
1474,4,358,0.2671966254711151
1475,4,359,0.23375844955444336
1476,4,360,0.19189400970935822
1477,4,361,0.2132759839296341
1478,4,362,0.2097690999507904
1479,4,363,0.25262272357940674
1480,4,364,0.1534009426832199
1481,4,365,0.5900656580924988
1482,4,366,0.2254868745803833
1483,4,367,0.2750440239906311
1484,4,368,0.2923358976840973
1485,4,369,0.2402925193309784
1486,4,370,0.2515179514884949
1487,4,371,0.3272404670715332
1488,4,372,0.2177957147359848
1489,5,1,0.20481336116790771
1490,5,2,0.20183949172496796
1491,5,3,0.24942335486412048
1492,5,4,0.21279874444007874
1493,5,5,0.21068859100341797
1494,5,6,0.21026530861854553
1495,5,7,0.24674716591835022
1496,5,8,0.2293061763048172
1497,5,9,0.23777790367603302
1498,5,10,0.24664676189422607
1499,5,11,0.21186856925487518
1500,5,12,0.5350608825683594
1501,5,13,0.2791743278503418
1502,5,14,0.21239694952964783
1503,5,15,0.6006514430046082
1504,5,16,0.2288145124912262
1505,5,17,0.27849164605140686
1506,5,18,0.29987218976020813
1507,5,19,0.2551868259906769
1508,5,20,0.18650305271148682
1509,5,21,0.22281356155872345
1510,5,22,0.31639593839645386
1511,5,23,0.1816924512386322
1512,5,24,0.2320796251296997
1513,5,25,0.2544251084327698
1514,5,26,0.2848775088787079
1515,5,27,0.24465203285217285
1516,5,28,0.26014286279678345
1517,5,29,0.17541185021400452
1518,5,30,0.27568525075912476
1519,5,31,0.24975618720054626
1520,5,32,0.21394816040992737
1521,5,33,0.3857387900352478
1522,5,34,0.23351411521434784
1523,5,35,0.28083306550979614
1524,5,36,0.19280269742012024
1525,5,37,0.19027996063232422
1526,5,38,0.20972061157226562
1527,5,39,0.29105719923973083
1528,5,40,0.1939079463481903
1529,5,41,0.17616625130176544
1530,5,42,0.2327643632888794
1531,5,43,0.1972607672214508
1532,5,44,0.2488856017589569
1533,5,45,0.2529827356338501
1534,5,46,0.20211724936962128
1535,5,47,0.23011371493339539
1536,5,48,0.22126337885856628
1537,5,49,0.2050674855709076
1538,5,50,0.3077777326107025
1539,5,51,0.24171242117881775
1540,5,52,0.22470243275165558
1541,5,53,0.2178409844636917
1542,5,54,0.24626758694648743
1543,5,55,0.24241769313812256
1544,5,56,0.4990532398223877
1545,5,57,0.192988783121109
1546,5,58,0.2131694108247757
1547,5,59,0.22041812539100647
1548,5,60,0.20550112426280975
1549,5,61,0.25722458958625793
1550,5,62,0.23215937614440918
1551,5,63,0.20429930090904236
1552,5,64,0.22855374217033386
1553,5,65,0.30451756715774536
1554,5,66,0.18882527947425842
1555,5,67,0.24537058174610138
1556,5,68,0.20808997750282288
1557,5,69,0.27066245675086975
1558,5,70,0.25233688950538635
1559,5,71,0.26021939516067505
1560,5,72,0.19060097634792328
1561,5,73,0.2575206160545349
1562,5,74,0.29239240288734436
1563,5,75,0.21127495169639587
1564,5,76,0.2783545255661011
1565,5,77,0.17489035427570343
1566,5,78,0.24350062012672424
1567,5,79,0.1865251064300537
1568,5,80,0.21237322688102722
1569,5,81,0.2651641070842743
1570,5,82,0.29546815156936646
1571,5,83,0.21677060425281525
1572,5,84,0.30516213178634644
1573,5,85,0.2488754689693451
1574,5,86,0.21923065185546875
1575,5,87,0.2869863510131836
1576,5,88,0.2512494623661041
1577,5,89,0.18654119968414307
1578,5,90,0.19775867462158203
1579,5,91,0.25487926602363586
1580,5,92,0.22500982880592346
1581,5,93,0.23330676555633545
1582,5,94,0.21188774704933167
1583,5,95,0.24043793976306915
1584,5,96,0.21898944675922394
1585,5,97,0.25915199518203735
1586,5,98,0.21015354990959167
1587,5,99,0.6020699739456177
1588,5,100,0.2529810965061188
1589,5,101,0.2762553095817566
1590,5,102,0.2013673484325409
1591,5,103,0.17821720242500305
1592,5,104,0.2644578218460083
1593,5,105,0.19610801339149475
1594,5,106,0.20444968342781067
1595,5,107,0.3012937009334564
1596,5,108,0.194825679063797
1597,5,109,0.22706922888755798
1598,5,110,0.20598360896110535
1599,5,111,0.20210929214954376
1600,5,112,0.3442508578300476
1601,5,113,0.20515982806682587
1602,5,114,0.22931206226348877
1603,5,115,0.2143082171678543
1604,5,116,0.2537482678890228
1605,5,117,0.20438607037067413
1606,5,118,0.2046843022108078
1607,5,119,0.2670699656009674
1608,5,120,0.389724463224411
1609,5,121,0.2365231215953827
1610,5,122,0.22965380549430847
1611,5,123,0.23237982392311096
1612,5,124,0.19707255065441132
1613,5,125,0.2619441747665405
1614,5,126,0.254629522562027
1615,5,127,0.2587464153766632
1616,5,128,0.29193809628486633
1617,5,129,0.2309095412492752
1618,5,130,0.2205973118543625
1619,5,131,0.2396966516971588
1620,5,132,0.24160799384117126
1621,5,133,0.19803449511528015
1622,5,134,0.21921546757221222
1623,5,135,0.22512416541576385
1624,5,136,0.216762974858284
1625,5,137,0.21554359793663025
1626,5,138,0.41151857376098633
1627,5,139,0.2250978946685791
1628,5,140,0.23662598431110382
1629,5,141,0.2267104834318161
1630,5,142,0.24666905403137207
1631,5,143,0.20637091994285583
1632,5,144,0.26518794894218445
1633,5,145,0.3845723271369934
1634,5,146,0.25168198347091675
1635,5,147,0.30019158124923706
1636,5,148,0.20904414355754852
1637,5,149,0.2654968202114105
1638,5,150,0.24659042060375214
1639,5,151,0.22124509513378143
1640,5,152,0.2077796459197998
1641,5,153,0.26162728667259216
1642,5,154,0.2084248960018158
1643,5,155,0.25886332988739014
1644,5,156,0.2550957500934601
1645,5,157,0.20496642589569092
1646,5,158,0.20665614306926727
1647,5,159,0.2633292078971863
1648,5,160,0.2783892750740051
1649,5,161,0.26433897018432617
1650,5,162,0.19481557607650757
1651,5,163,0.18395279347896576
1652,5,164,0.18813373148441315
1653,5,165,0.22742876410484314
1654,5,166,0.2650483250617981
1655,5,167,0.21036319434642792
1656,5,168,0.19502338767051697
1657,5,169,0.26395517587661743
1658,5,170,0.24311193823814392
1659,5,171,0.2544108033180237
1660,5,172,0.2177889049053192
1661,5,173,0.22496406733989716
1662,5,174,0.2086724042892456
1663,5,175,0.24086818099021912
1664,5,176,0.22809767723083496
1665,5,177,0.21235916018486023
1666,5,178,0.22326770424842834
1667,5,179,0.22304324805736542
1668,5,180,0.27360567450523376
1669,5,181,0.24771526455879211
1670,5,182,0.2785837948322296
1671,5,183,0.20407409965991974
1672,5,184,0.3010783791542053
1673,5,185,0.2327452450990677
1674,5,186,0.23590508103370667
1675,5,187,0.16344141960144043
1676,5,188,0.24767789244651794
1677,5,189,0.23761975765228271
1678,5,190,0.2365301549434662
1679,5,191,0.20041878521442413
1680,5,192,0.26736724376678467
1681,5,193,0.19711729884147644
1682,5,194,0.24160830676555634
1683,5,195,0.1949395388364792
1684,5,196,0.20967654883861542
1685,5,197,0.19960276782512665
1686,5,198,0.22126328945159912
1687,5,199,0.29772090911865234
1688,5,200,0.20398502051830292
1689,5,201,0.31257325410842896
1690,5,202,0.18300354480743408
1691,5,203,0.5684329271316528
1692,5,204,0.21683624386787415
1693,5,205,0.2557131350040436
1694,5,206,0.2629130482673645
1695,5,207,0.2785845696926117
1696,5,208,0.25282102823257446
1697,5,209,0.2253485918045044
1698,5,210,0.2058287113904953
1699,5,211,0.2673567831516266
1700,5,212,0.2420474737882614
1701,5,213,0.23298463225364685
1702,5,214,0.263859361410141
1703,5,215,0.28006434440612793
1704,5,216,0.19211921095848083
1705,5,217,0.34619542956352234
1706,5,218,0.19051972031593323
1707,5,219,0.18072259426116943
1708,5,220,0.21489842236042023
1709,5,221,0.2141626626253128
1710,5,222,0.2556654214859009
1711,5,223,0.2393583059310913
1712,5,224,0.27007973194122314
1713,5,225,0.22079253196716309
1714,5,226,0.22917664051055908
1715,5,227,0.26738816499710083
1716,5,228,0.2492130547761917
1717,5,229,0.19173666834831238
1718,5,230,0.24061410129070282
1719,5,231,0.2075275480747223
1720,5,232,0.5528820157051086
1721,5,233,0.1623312383890152
1722,5,234,0.5550472140312195
1723,5,235,0.19995726644992828
1724,5,236,0.2339475452899933
1725,5,237,0.26929375529289246
1726,5,238,0.2602143883705139
1727,5,239,0.2330518215894699
1728,5,240,0.32000356912612915
1729,5,241,0.26973167061805725
1730,5,242,0.2952619791030884
1731,5,243,0.23412005603313446
1732,5,244,0.18241846561431885
1733,5,245,0.22946758568286896
1734,5,246,0.4627665579319
1735,5,247,0.23826701939105988
1736,5,248,0.22162893414497375
1737,5,249,0.3602146506309509
1738,5,250,0.259233295917511
1739,5,251,0.18759724497795105
1740,5,252,0.2047879993915558
1741,5,253,0.19659815728664398
1742,5,254,0.23710627853870392
1743,5,255,0.22333116829395294
1744,5,256,0.2546364963054657
1745,5,257,0.20059113204479218
1746,5,258,0.24248738586902618
1747,5,259,0.26204702258110046
1748,5,260,0.2626989483833313
1749,5,261,0.19981208443641663
1750,5,262,0.20143263041973114
1751,5,263,0.262376606464386
1752,5,264,0.2121630609035492
1753,5,265,0.18242734670639038
1754,5,266,0.21271367371082306
1755,5,267,0.24112443625926971
1756,5,268,0.19841918349266052
1757,5,269,0.4670810103416443
1758,5,270,0.2509133219718933
1759,5,271,0.24404366314411163
1760,5,272,0.17722859978675842
1761,5,273,0.21636202931404114
1762,5,274,0.2790486216545105
1763,5,275,0.23028135299682617
1764,5,276,0.2426503598690033
1765,5,277,0.22876083850860596
1766,5,278,0.2510947585105896
1767,5,279,0.2317119836807251
1768,5,280,0.24466180801391602
1769,5,281,0.20748773217201233
1770,5,282,0.23777227103710175
1771,5,283,0.20513591170310974
1772,5,284,0.21274876594543457
1773,5,285,0.23814749717712402
1774,5,286,0.25945019721984863
1775,5,287,0.22734355926513672
1776,5,288,0.2782582938671112
1777,5,289,0.25353845953941345
1778,5,290,0.2482909858226776
1779,5,291,0.23729820549488068
1780,5,292,0.24689707159996033
1781,5,293,0.26719796657562256
1782,5,294,0.2683977484703064
1783,5,295,0.42308419942855835
1784,5,296,0.2552562654018402
1785,5,297,0.21746082603931427
1786,5,298,0.24601635336875916
1787,5,299,0.2729238271713257
1788,5,300,0.25992244482040405
1789,5,301,0.25050973892211914
1790,5,302,0.20958666503429413
1791,5,303,0.2037213295698166
1792,5,304,0.2297317087650299
1793,5,305,0.4790009558200836
1794,5,306,0.2155008614063263
1795,5,307,0.2664230763912201
1796,5,308,0.2976926863193512
1797,5,309,0.24383839964866638
1798,5,310,0.29271402955055237
1799,5,311,0.24842068552970886
1800,5,312,0.22340473532676697
1801,5,313,0.30024152994155884
1802,5,314,0.21768823266029358
1803,5,315,0.215427964925766
1804,5,316,0.218723326921463
1805,5,317,0.21147684752941132
1806,5,318,0.24636487662792206
1807,5,319,0.24549730122089386
1808,5,320,0.2171388864517212
1809,5,321,0.22622144222259521
1810,5,322,0.2541184723377228
1811,5,323,0.26190903782844543
1812,5,324,0.26812320947647095
1813,5,325,0.18234862387180328
1814,5,326,0.24094314873218536
1815,5,327,0.192267507314682
1816,5,328,0.21309427917003632
1817,5,329,0.2297934740781784
1818,5,330,0.18031415343284607
1819,5,331,0.21889308094978333
1820,5,332,0.24054482579231262
1821,5,333,0.2319968193769455
1822,5,334,0.18493153154850006
1823,5,335,0.20064637064933777
1824,5,336,0.24820785224437714
1825,5,337,0.19923391938209534
1826,5,338,0.230841726064682
1827,5,339,0.2584996521472931
1828,5,340,0.2736281454563141
1829,5,341,0.18577887117862701
1830,5,342,0.3543342053890228
1831,5,343,0.18869273364543915
1832,5,344,0.2640644907951355
1833,5,345,0.22748181223869324
1834,5,346,0.23067593574523926
1835,5,347,0.20785169303417206
1836,5,348,0.18137259781360626
1837,5,349,0.23057594895362854
1838,5,350,0.1752917319536209
1839,5,351,0.21711447834968567
1840,5,352,0.20217399299144745
1841,5,353,0.2627158761024475
1842,5,354,0.24225080013275146
1843,5,355,0.19938892126083374
1844,5,356,0.25870150327682495
1845,5,357,0.6669735908508301
1846,5,358,0.29281628131866455
1847,5,359,0.27432459592819214
1848,5,360,0.18224765360355377
1849,5,361,0.29195696115493774
1850,5,362,0.22567760944366455
1851,5,363,0.21826878190040588
1852,5,364,0.230342835187912
1853,5,365,0.23249459266662598
1854,5,366,0.21774820983409882
1855,5,367,0.2172459363937378
1856,5,368,0.21961669623851776
1857,5,369,0.2435321807861328
1858,5,370,0.22385235130786896
1859,5,371,0.23603782057762146
1860,5,372,0.27373206615448
1861,6,1,0.2246156483888626
1862,6,2,0.22665829956531525
1863,6,3,0.2381967008113861
1864,6,4,0.244846910238266
1865,6,5,0.19352677464485168
1866,6,6,0.21674874424934387
1867,6,7,0.23446550965309143
1868,6,8,0.2815132737159729
1869,6,9,0.22857332229614258
1870,6,10,0.26597869396209717
1871,6,11,0.2133646011352539
1872,6,12,0.19575436413288116
1873,6,13,0.2255203276872635
1874,6,14,0.2143896520137787
1875,6,15,0.15646855533123016
1876,6,16,0.20243504643440247
1877,6,17,0.25467967987060547
1878,6,18,0.21307186782360077
1879,6,19,0.2606848478317261
1880,6,20,0.2579450011253357
1881,6,21,0.24710583686828613
1882,6,22,0.18888895213603973
1883,6,23,0.20104078948497772
1884,6,24,0.3511774241924286
1885,6,25,0.1908496916294098
1886,6,26,0.21643733978271484
1887,6,27,0.18268421292304993
1888,6,28,0.1917509138584137
1889,6,29,0.21675512194633484
1890,6,30,0.21225550770759583
1891,6,31,0.25976312160491943
1892,6,32,0.19010475277900696
1893,6,33,0.19841507077217102
1894,6,34,0.19856694340705872
1895,6,35,0.3150975704193115
1896,6,36,0.16183540225028992
1897,6,37,0.41372355818748474
1898,6,38,0.20485246181488037
1899,6,39,0.20494043827056885
1900,6,40,0.19874736666679382
1901,6,41,0.19053658843040466
1902,6,42,0.20221631228923798
1903,6,43,0.2306332141160965
1904,6,44,0.2634538412094116
1905,6,45,0.20908045768737793
1906,6,46,0.2311858832836151
1907,6,47,0.21165816485881805
1908,6,48,0.2340208739042282
1909,6,49,0.241369366645813
1910,6,50,0.24168047308921814
1911,6,51,0.22012798488140106
1912,6,52,0.1976192742586136
1913,6,53,0.21494057774543762
1914,6,54,0.2661718726158142
1915,6,55,0.24797995388507843
1916,6,56,0.21173091232776642
1917,6,57,0.22743579745292664
1918,6,58,0.26096561551094055
1919,6,59,0.2923250198364258
1920,6,60,0.18870709836483002
1921,6,61,0.2467232495546341
1922,6,62,0.1813753843307495
1923,6,63,0.19991841912269592
1924,6,64,0.44518956542015076
1925,6,65,0.24233193695545197
1926,6,66,0.28690823912620544
1927,6,67,0.2421177327632904
1928,6,68,0.2052909880876541
1929,6,69,0.22181880474090576
1930,6,70,0.21215195953845978
1931,6,71,0.20586922764778137
1932,6,72,0.24393931031227112
1933,6,73,0.27393287420272827
1934,6,74,0.15285585820674896
1935,6,75,0.23684120178222656
1936,6,76,0.18446949124336243
1937,6,77,0.19057442247867584
1938,6,78,0.21072426438331604
1939,6,79,0.46060484647750854
1940,6,80,0.21737027168273926
1941,6,81,0.22628431022167206
1942,6,82,0.21683168411254883
1943,6,83,0.19464007019996643
1944,6,84,0.2739718556404114
1945,6,85,0.25193217396736145
1946,6,86,0.18522092700004578
1947,6,87,0.19247235357761383
1948,6,88,0.2133292406797409
1949,6,89,0.24903598427772522
1950,6,90,0.20728015899658203
1951,6,91,0.2728293836116791
1952,6,92,0.1770292967557907
1953,6,93,0.2550787329673767
1954,6,94,0.22680208086967468
1955,6,95,0.2289922684431076
1956,6,96,0.19404084980487823
1957,6,97,0.2154710292816162
1958,6,98,0.25337979197502136
1959,6,99,0.1789829134941101
1960,6,100,0.26057976484298706
1961,6,101,0.22024448215961456
1962,6,102,0.1913100779056549
1963,6,103,0.6501666307449341
1964,6,104,0.17916753888130188
1965,6,105,0.1968354880809784
1966,6,106,0.19312815368175507
1967,6,107,0.1823500096797943
1968,6,108,0.20392616093158722
1969,6,109,0.3068923354148865
1970,6,110,0.18337953090667725
1971,6,111,0.20885193347930908
1972,6,112,0.2240714281797409
1973,6,113,0.21397748589515686
1974,6,114,0.37273791432380676
1975,6,115,0.24744339287281036
1976,6,116,0.1738591343164444
1977,6,117,0.207759827375412
1978,6,118,0.2048003375530243
1979,6,119,0.1812777817249298
1980,6,120,0.20903746783733368
1981,6,121,0.19841192662715912
1982,6,122,0.19083189964294434
1983,6,123,0.2258032113313675
1984,6,124,0.21148493885993958
1985,6,125,0.18734978139400482
1986,6,126,0.19109533727169037
1987,6,127,0.21071624755859375
1988,6,128,0.18617892265319824
1989,6,129,0.18348124623298645
1990,6,130,0.1954887956380844
1991,6,131,0.21417060494422913
1992,6,132,0.29350408911705017
1993,6,133,0.22712168097496033
1994,6,134,0.240291565656662
1995,6,135,0.2159367799758911
1996,6,136,0.22442182898521423
1997,6,137,0.19337376952171326
1998,6,138,0.26153260469436646
1999,6,139,0.23655292391777039
2000,6,140,0.2141217291355133
2001,6,141,0.3267703652381897
2002,6,142,0.26620644330978394
2003,6,143,0.18675553798675537
2004,6,144,0.18860286474227905
2005,6,145,0.1811152696609497
2006,6,146,0.2683059573173523
2007,6,147,0.2981695532798767
2008,6,148,0.1894390732049942
2009,6,149,0.20969708263874054
2010,6,150,0.19697991013526917
2011,6,151,0.21115005016326904
2012,6,152,0.37604016065597534
2013,6,153,0.2152458131313324
2014,6,154,0.23571869730949402
2015,6,155,0.35262104868888855
2016,6,156,0.21378588676452637
2017,6,157,0.2177058756351471
2018,6,158,0.21881350874900818
2019,6,159,0.19582876563072205
2020,6,160,0.26080209016799927
2021,6,161,0.24635513126850128
2022,6,162,0.3053808808326721
2023,6,163,0.23555895686149597
2024,6,164,0.23029062151908875
2025,6,165,0.23928794264793396
2026,6,166,0.17118953168392181
2027,6,167,0.25092533230781555
2028,6,168,0.19865593314170837
2029,6,169,0.2331523895263672
2030,6,170,0.27671918272972107
2031,6,171,0.22523868083953857
2032,6,172,0.29925069212913513
2033,6,173,0.19465596973896027
2034,6,174,0.2091417759656906
2035,6,175,0.21730318665504456
2036,6,176,0.22212830185890198
2037,6,177,0.24386915564537048
2038,6,178,0.23317638039588928
2039,6,179,0.23228296637535095
2040,6,180,0.2520137429237366
2041,6,181,0.19338728487491608
2042,6,182,0.20170004665851593
2043,6,183,0.23576423525810242
2044,6,184,0.22016923129558563
2045,6,185,0.21102452278137207
2046,6,186,0.20480820536613464
2047,6,187,0.22743681073188782
2048,6,188,0.4706652760505676
2049,6,189,0.19565792381763458
2050,6,190,0.23260478675365448
2051,6,191,0.21749046444892883
2052,6,192,0.2521122992038727
2053,6,193,0.24207302927970886
2054,6,194,0.24267511069774628
2055,6,195,0.18672414124011993
2056,6,196,0.20919978618621826
2057,6,197,0.21068036556243896
2058,6,198,0.21573638916015625
2059,6,199,0.20748081803321838
2060,6,200,0.2663910984992981
2061,6,201,0.18314075469970703
2062,6,202,0.1933036893606186
2063,6,203,0.23368370532989502
2064,6,204,0.17632019519805908
2065,6,205,0.2680836021900177
2066,6,206,0.2141868621110916
2067,6,207,0.21946075558662415
2068,6,208,0.2346549779176712
2069,6,209,0.21209844946861267
2070,6,210,0.20337525010108948
2071,6,211,0.23375077545642853
2072,6,212,0.21871420741081238
2073,6,213,0.19260118901729584
2074,6,214,0.30504417419433594
2075,6,215,0.4674313962459564
2076,6,216,0.17102229595184326
2077,6,217,0.22197170555591583
2078,6,218,0.18614128232002258
2079,6,219,0.23789770901203156
2080,6,220,0.2530330717563629
2081,6,221,0.13569793105125427
2082,6,222,0.28652435541152954
2083,6,223,0.1788051426410675
2084,6,224,0.23554985225200653
2085,6,225,0.21454080939292908
2086,6,226,0.22919079661369324
2087,6,227,0.22367563843727112
2088,6,228,0.27182579040527344
2089,6,229,0.15917392075061798
2090,6,230,0.22682619094848633
2091,6,231,0.18710707128047943
2092,6,232,0.24631018936634064
2093,6,233,0.19003325700759888
2094,6,234,0.16145044565200806
2095,6,235,0.21893998980522156
2096,6,236,0.19386617839336395
2097,6,237,0.2295825183391571
2098,6,238,0.191018208861351
2099,6,239,0.18645748496055603
2100,6,240,0.27801093459129333
2101,6,241,0.2228543758392334
2102,6,242,0.3124333322048187
2103,6,243,0.23608803749084473
2104,6,244,0.16882656514644623
2105,6,245,0.22587616741657257
2106,6,246,0.2265499085187912
2107,6,247,0.18138374388217926
2108,6,248,0.16176797449588776
2109,6,249,0.19428405165672302
2110,6,250,0.37347859144210815
2111,6,251,0.35741469264030457
2112,6,252,0.26280349493026733
2113,6,253,0.246799498796463
2114,6,254,0.2173020839691162
2115,6,255,0.3550666272640228
2116,6,256,0.2517017722129822
2117,6,257,0.28116998076438904
2118,6,258,0.2426445186138153
2119,6,259,0.19076097011566162
2120,6,260,0.22741854190826416
2121,6,261,0.2270750254392624
2122,6,262,0.23630361258983612
2123,6,263,0.26023632287979126
2124,6,264,0.22352373600006104
2125,6,265,0.22388529777526855
2126,6,266,0.22232107818126678
2127,6,267,0.2764735817909241
2128,6,268,0.33916354179382324
2129,6,269,0.28504300117492676
2130,6,270,0.227150559425354
2131,6,271,0.3080905079841614
2132,6,272,0.24411717057228088
2133,6,273,0.27376797795295715
2134,6,274,0.22047272324562073
2135,6,275,0.264530211687088
2136,6,276,0.20719650387763977
2137,6,277,0.24669499695301056
2138,6,278,0.2433977872133255
2139,6,279,0.16761496663093567
2140,6,280,0.24207694828510284
2141,6,281,0.21061590313911438
2142,6,282,0.2096002846956253
2143,6,283,0.17983829975128174
2144,6,284,0.23948097229003906
2145,6,285,0.18469829857349396
2146,6,286,0.24462497234344482
2147,6,287,0.229801207780838
2148,6,288,0.21706430613994598
2149,6,289,0.2858749032020569
2150,6,290,0.18406158685684204
2151,6,291,0.1932036131620407
2152,6,292,0.22713163495063782
2153,6,293,0.22480642795562744
2154,6,294,0.19745680689811707
2155,6,295,0.22078382968902588
2156,6,296,0.23356416821479797
2157,6,297,0.18564552068710327
2158,6,298,0.8854387998580933
2159,6,299,0.21250224113464355
2160,6,300,0.24544453620910645
2161,6,301,0.20257723331451416
2162,6,302,0.1717563271522522
2163,6,303,0.2124250829219818
2164,6,304,0.22680744528770447
2165,6,305,0.41374310851097107
2166,6,306,0.25166019797325134
2167,6,307,0.2235555648803711
2168,6,308,0.22736164927482605
2169,6,309,0.2501354515552521
2170,6,310,0.2655564248561859
2171,6,311,0.21864637732505798
2172,6,312,0.23539364337921143
2173,6,313,0.21020576357841492
2174,6,314,0.20886656641960144
2175,6,315,0.2327706515789032
2176,6,316,0.1857880800962448
2177,6,317,0.29485589265823364
2178,6,318,0.21725741028785706
2179,6,319,0.2735271453857422
2180,6,320,0.2866738736629486
2181,6,321,0.21444959938526154
2182,6,322,0.20275239646434784
2183,6,323,0.2385583221912384
2184,6,324,0.25436869263648987
2185,6,325,0.23259446024894714
2186,6,326,0.2227969616651535
2187,6,327,0.25950247049331665
2188,6,328,0.20348624885082245
2189,6,329,0.181417316198349
2190,6,330,0.24838781356811523
2191,6,331,0.24087801575660706
2192,6,332,0.2273816615343094
2193,6,333,0.22025926411151886
2194,6,334,0.22458334267139435
2195,6,335,0.2146388590335846
2196,6,336,0.21303923428058624
2197,6,337,0.18440790474414825
2198,6,338,0.23277156054973602
2199,6,339,0.2527686655521393
2200,6,340,0.24317285418510437
2201,6,341,0.22669096291065216
2202,6,342,0.22247858345508575
2203,6,343,0.34133419394493103
2204,6,344,0.23344869911670685
2205,6,345,0.21667388081550598
2206,6,346,0.29511645436286926
2207,6,347,0.2474280297756195
2208,6,348,0.21909566223621368
2209,6,349,0.23203881084918976
2210,6,350,0.2403542697429657
2211,6,351,0.2527700364589691
2212,6,352,0.2063818871974945
2213,6,353,0.23058250546455383
2214,6,354,0.25143197178840637
2215,6,355,0.2033768892288208
2216,6,356,0.21248480677604675
2217,6,357,0.23822526633739471
2218,6,358,0.17983976006507874
2219,6,359,0.26718902587890625
2220,6,360,0.25807446241378784
2221,6,361,0.3113813102245331
2222,6,362,0.17705662548542023
2223,6,363,0.19840529561042786
2224,6,364,0.2182544767856598
2225,6,365,0.19571968913078308
2226,6,366,0.2607828676700592
2227,6,367,0.32559043169021606
2228,6,368,0.2724896967411041
2229,6,369,0.2060556411743164
2230,6,370,0.18484263122081757
2231,6,371,0.20866569876670837
2232,6,372,0.21291908621788025
2233,7,1,0.1947605311870575
2234,7,2,0.2032393217086792
2235,7,3,0.45889848470687866
2236,7,4,0.2640761733055115
2237,7,5,0.1972784698009491
2238,7,6,0.21453623473644257
2239,7,7,0.22311416268348694
2240,7,8,0.21484282612800598
2241,7,9,0.2272234708070755
2242,7,10,0.19853079319000244
2243,7,11,0.18529024720191956
2244,7,12,0.1978561282157898
2245,7,13,0.21550360321998596
2246,7,14,0.18325789272785187
2247,7,15,0.21289651095867157
2248,7,16,0.2259012907743454
2249,7,17,0.18719033896923065
2250,7,18,0.20215654373168945
2251,7,19,0.1854335218667984
2252,7,20,0.21301798522472382
2253,7,21,0.17177662253379822
2254,7,22,0.20356793701648712
2255,7,23,0.14752453565597534
2256,7,24,0.38023844361305237
2257,7,25,0.17756691575050354
2258,7,26,0.19882196187973022
2259,7,27,0.20527935028076172
2260,7,28,0.21424615383148193
2261,7,29,0.2812305688858032
2262,7,30,0.19014570116996765
2263,7,31,0.23002544045448303
2264,7,32,0.2319006472826004
2265,7,33,0.20121009647846222
2266,7,34,0.25045737624168396
2267,7,35,0.1988767385482788
2268,7,36,0.14683832228183746
2269,7,37,0.17994841933250427
2270,7,38,0.19198259711265564
2271,7,39,0.20797178149223328
2272,7,40,0.16930042207241058
2273,7,41,0.1578349620103836
2274,7,42,0.22129805386066437
2275,7,43,0.20132417976856232
2276,7,44,0.23892691731452942
2277,7,45,0.19306564331054688
2278,7,46,0.19477301836013794
2279,7,47,0.20564715564250946
2280,7,48,0.1930244415998459
2281,7,49,0.2560177445411682
2282,7,50,0.2287323921918869
2283,7,51,0.20992763340473175
2284,7,52,0.22237172722816467
2285,7,53,0.16552028059959412
2286,7,54,0.17472703754901886
2287,7,55,0.2642134130001068
2288,7,56,0.2444414645433426
2289,7,57,0.20603659749031067
2290,7,58,0.27261847257614136
2291,7,59,0.19321462512016296
2292,7,60,0.17250753939151764
2293,7,61,0.18969592452049255
2294,7,62,0.23638799786567688
2295,7,63,0.15421530604362488
2296,7,64,0.2614758312702179
2297,7,65,0.2135685384273529
2298,7,66,0.17704208195209503
2299,7,67,0.29455986618995667
2300,7,68,0.2147713154554367
2301,7,69,0.2739636301994324
2302,7,70,0.2189052850008011
2303,7,71,0.7287918925285339
2304,7,72,0.24945907294750214
2305,7,73,0.28332653641700745
2306,7,74,0.17124289274215698
2307,7,75,0.2334299385547638
2308,7,76,0.2414347231388092
2309,7,77,0.27573078870773315
2310,7,78,0.19786691665649414
2311,7,79,0.16608533263206482
2312,7,80,0.23992910981178284
2313,7,81,0.22587406635284424
2314,7,82,0.20571105182170868
2315,7,83,0.2513720393180847
2316,7,84,0.2767636775970459
2317,7,85,0.2342614233493805
2318,7,86,0.17085058987140656
2319,7,87,0.21430981159210205
2320,7,88,0.18787409365177155
2321,7,89,0.24477848410606384
2322,7,90,0.4886443018913269
2323,7,91,0.17914605140686035
2324,7,92,0.23952102661132812
2325,7,93,0.25008487701416016
2326,7,94,0.1737024486064911
2327,7,95,0.20049646496772766
2328,7,96,0.19645364582538605
2329,7,97,0.19731959700584412
2330,7,98,0.18931058049201965
2331,7,99,0.21170742809772491
2332,7,100,0.2442290037870407
2333,7,101,0.33162447810173035
2334,7,102,0.24822232127189636
2335,7,103,0.21885612607002258
2336,7,104,0.21248874068260193
2337,7,105,0.23034599423408508
2338,7,106,0.2331821471452713
2339,7,107,0.2070331871509552
2340,7,108,0.2358475923538208
2341,7,109,0.2271595001220703
2342,7,110,0.19692030549049377
2343,7,111,0.2178668975830078
2344,7,112,0.22098693251609802
2345,7,113,0.19405055046081543
2346,7,114,0.24534884095191956
2347,7,115,0.24353571236133575
2348,7,116,0.22746789455413818
2349,7,117,0.21985796093940735
2350,7,118,0.23994632065296173
2351,7,119,0.1971704065799713
2352,7,120,0.40071678161621094
2353,7,121,0.18018659949302673
2354,7,122,0.2046051025390625
2355,7,123,0.2234855592250824
2356,7,124,0.22209009528160095
2357,7,125,0.19367766380310059
2358,7,126,0.17547760903835297
2359,7,127,0.22538475692272186
2360,7,128,0.2143450677394867
2361,7,129,0.16385802626609802
2362,7,130,0.2540445923805237
2363,7,131,0.16698870062828064
2364,7,132,0.21182498335838318
2365,7,133,0.20234712958335876
2366,7,134,0.20683066546916962
2367,7,135,0.2127515822649002
2368,7,136,0.2031383067369461
2369,7,137,0.1826883852481842
2370,7,138,0.2633516192436218
2371,7,139,0.6261053085327148
2372,7,140,0.20331445336341858
2373,7,141,0.20459255576133728
2374,7,142,0.197921484708786
2375,7,143,0.2115771323442459
2376,7,144,0.26177307963371277
2377,7,145,0.2424231469631195
2378,7,146,0.22050824761390686
2379,7,147,0.20405463874340057
2380,7,148,0.2405206263065338
2381,7,149,0.1738070696592331
2382,7,150,0.28750935196876526
2383,7,151,0.1790754795074463
2384,7,152,0.21373578906059265
2385,7,153,0.2178448736667633
2386,7,154,0.19532254338264465
2387,7,155,0.21488936245441437
2388,7,156,0.2349136620759964
2389,7,157,0.22579558193683624
2390,7,158,0.29526031017303467
2391,7,159,0.1701962798833847
2392,7,160,0.22658100724220276
2393,7,161,0.20202772319316864
2394,7,162,0.17681393027305603
2395,7,163,0.19225165247917175
2396,7,164,0.2120206654071808
2397,7,165,0.1567969024181366
2398,7,166,0.3711995482444763
2399,7,167,0.20088303089141846
2400,7,168,0.166525200009346
2401,7,169,0.2724176049232483
2402,7,170,0.2205090969800949
2403,7,171,0.15265336632728577
2404,7,172,0.2083018571138382
2405,7,173,0.25007373094558716
2406,7,174,0.19269879162311554
2407,7,175,0.1843024343252182
2408,7,176,0.1894446313381195
2409,7,177,0.2547663748264313
2410,7,178,0.2198406159877777
2411,7,179,0.2125774323940277
2412,7,180,0.21845369040966034
2413,7,181,0.2501121163368225
2414,7,182,0.24714402854442596
2415,7,183,0.20334915816783905
2416,7,184,0.47649407386779785
2417,7,185,0.21338525414466858
2418,7,186,0.20061972737312317
2419,7,187,0.19294831156730652
2420,7,188,0.17414303123950958
2421,7,189,0.18850089609622955
2422,7,190,0.22122928500175476
2423,7,191,0.22085268795490265
2424,7,192,0.22182898223400116
2425,7,193,0.18761715292930603
2426,7,194,0.23902945220470428
2427,7,195,0.23299720883369446
2428,7,196,0.25405824184417725
2429,7,197,0.2341463267803192
2430,7,198,0.196549192070961
2431,7,199,0.14654381573200226
2432,7,200,0.2198077142238617
2433,7,201,0.23942387104034424
2434,7,202,0.2619163691997528
2435,7,203,0.1881343275308609
2436,7,204,0.19610556960105896
2437,7,205,0.2077198028564453
2438,7,206,0.22296233475208282
2439,7,207,0.2581435739994049
2440,7,208,0.21913504600524902
2441,7,209,0.24232521653175354
2442,7,210,0.21274209022521973
2443,7,211,0.25036054849624634
2444,7,212,0.2513454556465149
2445,7,213,0.17735059559345245
2446,7,214,0.19821761548519135
2447,7,215,0.23374482989311218
2448,7,216,0.23641832172870636
2449,7,217,0.5531396269798279
2450,7,218,0.18962986767292023
2451,7,219,0.1950492113828659
2452,7,220,0.3034893274307251
2453,7,221,0.23371832072734833
2454,7,222,0.2117319107055664
2455,7,223,0.19445469975471497
2456,7,224,0.13740608096122742
2457,7,225,0.2043040543794632
2458,7,226,0.20761366188526154
2459,7,227,0.25835174322128296
2460,7,228,0.19069841504096985
2461,7,229,0.22235004603862762
2462,7,230,0.2176893949508667
2463,7,231,0.27381378412246704
2464,7,232,0.2119285762310028
2465,7,233,0.24422010779380798
2466,7,234,0.20368941128253937
2467,7,235,0.2520744800567627
2468,7,236,0.327067494392395
2469,7,237,0.18269291520118713
2470,7,238,0.1957397609949112
2471,7,239,0.13893619179725647
2472,7,240,0.20712757110595703
2473,7,241,0.19626788794994354
2474,7,242,0.3660832345485687
2475,7,243,0.23690275847911835
2476,7,244,0.1826060712337494
2477,7,245,0.17592734098434448
2478,7,246,0.2639138698577881
2479,7,247,0.29105237126350403
2480,7,248,0.19946150481700897
2481,7,249,0.19349204003810883
2482,7,250,0.17229560017585754
2483,7,251,0.20632167160511017
2484,7,252,0.23142656683921814
2485,7,253,0.21482738852500916
2486,7,254,0.2105354368686676
2487,7,255,0.20704451203346252
2488,7,256,0.16786661744117737
2489,7,257,0.26219072937965393
2490,7,258,0.21063804626464844
2491,7,259,0.20458516478538513
2492,7,260,0.22229215502738953
2493,7,261,0.209407240152359
2494,7,262,0.18158872425556183
2495,7,263,0.20868542790412903
2496,7,264,0.17439886927604675
2497,7,265,0.17482763528823853
2498,7,266,0.22593286633491516
2499,7,267,0.2301592081785202
2500,7,268,0.1695590317249298
2501,7,269,0.22129866480827332
2502,7,270,0.2016182392835617
2503,7,271,0.18953850865364075
2504,7,272,0.20761874318122864
2505,7,273,0.18471363186836243
2506,7,274,0.1819121241569519
2507,7,275,0.2319575995206833
2508,7,276,0.1833721250295639
2509,7,277,0.23955562710762024
2510,7,278,0.23259416222572327
2511,7,279,0.19858427345752716
2512,7,280,0.17130108177661896
2513,7,281,0.2550722062587738
2514,7,282,0.24496698379516602
2515,7,283,0.201166033744812
2516,7,284,0.22814349830150604
2517,7,285,0.20093341171741486
2518,7,286,0.2020176202058792
2519,7,287,0.21702048182487488
2520,7,288,0.18428125977516174
2521,7,289,0.27265986800193787
2522,7,290,0.23740465939044952
2523,7,291,0.16900399327278137
2524,7,292,0.21600642800331116
2525,7,293,0.24912157654762268
2526,7,294,0.2351774275302887
2527,7,295,0.28870758414268494
2528,7,296,0.223536878824234
2529,7,297,0.19156590104103088
2530,7,298,0.31172558665275574
2531,7,299,0.2213425189256668
2532,7,300,0.1688823401927948
2533,7,301,0.23822128772735596
2534,7,302,0.20398855209350586
2535,7,303,0.2343936413526535
2536,7,304,0.23769405484199524
2537,7,305,0.25803810358047485
2538,7,306,0.2682374119758606
2539,7,307,0.18581721186637878
2540,7,308,0.2023577243089676
2541,7,309,0.21881726384162903
2542,7,310,0.17637518048286438
2543,7,311,0.21397626399993896
2544,7,312,0.2249031513929367
2545,7,313,0.23950347304344177
2546,7,314,0.24171797931194305
2547,7,315,0.24929673969745636
2548,7,316,0.22316423058509827
2549,7,317,0.2209397852420807
2550,7,318,0.18620188534259796
2551,7,319,0.23783962428569794
2552,7,320,0.19159583747386932
2553,7,321,0.22981438040733337
2554,7,322,0.2643309235572815
2555,7,323,0.21695831418037415
2556,7,324,0.18279337882995605
2557,7,325,0.19795460999011993
2558,7,326,0.2254808247089386
2559,7,327,0.2628365457057953
2560,7,328,0.18554507195949554
2561,7,329,0.18026258051395416
2562,7,330,0.18536332249641418
2563,7,331,0.20775508880615234
2564,7,332,0.1714574247598648
2565,7,333,0.17547614872455597
2566,7,334,0.37874898314476013
2567,7,335,0.21538245677947998
2568,7,336,0.1621960699558258
2569,7,337,0.20401839911937714
2570,7,338,0.2035481482744217
2571,7,339,0.3417837917804718
2572,7,340,0.22543767094612122
2573,7,341,0.22694146633148193
2574,7,342,0.19749708473682404
2575,7,343,0.20470651984214783
2576,7,344,0.19759441912174225
2577,7,345,0.19775117933750153
2578,7,346,0.2330210655927658
2579,7,347,0.192766934633255
2580,7,348,0.20751789212226868
2581,7,349,0.22808995842933655
2582,7,350,0.19213715195655823
2583,7,351,0.2527114450931549
2584,7,352,0.2090788334608078
2585,7,353,0.19562795758247375
2586,7,354,0.21867117285728455
2587,7,355,0.1583365499973297
2588,7,356,0.2805705666542053
2589,7,357,0.22748348116874695
2590,7,358,0.21160757541656494
2591,7,359,0.34430131316185
2592,7,360,0.18907380104064941
2593,7,361,0.2188892662525177
2594,7,362,0.24747362732887268
2595,7,363,0.22191381454467773
2596,7,364,0.24947257339954376
2597,7,365,0.2167280912399292
2598,7,366,0.20471031963825226
2599,7,367,0.20954763889312744
2600,7,368,0.20783428847789764
2601,7,369,0.3606841564178467
2602,7,370,0.1545526087284088
2603,7,371,0.2618117928504944
2604,7,372,0.24139703810214996
2605,8,1,0.18998849391937256
2606,8,2,0.23081228137016296
2607,8,3,0.1773749738931656
2608,8,4,0.18553076684474945
2609,8,5,0.43730878829956055
2610,8,6,0.19876793026924133
2611,8,7,0.21290826797485352
2612,8,8,0.2602189779281616
2613,8,9,0.2212521731853485
2614,8,10,0.1998407244682312
2615,8,11,0.2671695351600647
2616,8,12,0.2036638706922531
2617,8,13,0.18506988883018494
2618,8,14,0.23113591969013214
2619,8,15,0.2798614501953125
2620,8,16,0.21546892821788788
2621,8,17,0.22862286865711212
2622,8,18,0.20640137791633606
2623,8,19,0.33028125762939453
2624,8,20,0.26989009976387024
2625,8,21,0.18687422573566437
2626,8,22,0.17897537350654602
2627,8,23,0.21078744530677795
2628,8,24,0.31308069825172424
2629,8,25,0.20406150817871094
2630,8,26,0.21634916961193085
2631,8,27,0.18590524792671204
2632,8,28,0.1649356633424759
2633,8,29,0.16050192713737488
2634,8,30,0.20799756050109863
2635,8,31,0.2149006426334381
2636,8,32,0.16901306807994843
2637,8,33,0.21853625774383545
2638,8,34,0.19474077224731445
2639,8,35,0.1808168590068817
2640,8,36,0.2453063279390335
2641,8,37,0.24324743449687958
2642,8,38,0.20179963111877441
2643,8,39,0.19907242059707642
2644,8,40,0.18396568298339844
2645,8,41,0.1568000465631485
2646,8,42,0.17738041281700134
2647,8,43,0.16218316555023193
2648,8,44,0.19057980179786682
2649,8,45,0.19687359035015106
2650,8,46,0.1770642101764679
2651,8,47,0.2438887655735016
2652,8,48,0.19705860316753387
2653,8,49,0.22233352065086365
2654,8,50,0.1970796287059784
2655,8,51,0.21538205444812775
2656,8,52,0.16515950858592987
2657,8,53,0.18629451096057892
2658,8,54,0.19569174945354462
2659,8,55,0.16478119790554047
2660,8,56,0.17659172415733337
2661,8,57,0.14959226548671722
2662,8,58,0.18140800297260284
2663,8,59,0.16745492815971375
2664,8,60,0.2278977632522583
2665,8,61,0.23124679923057556
2666,8,62,0.33042851090431213
2667,8,63,0.20475375652313232
2668,8,64,0.22831034660339355
2669,8,65,0.16415561735630035
2670,8,66,0.19987031817436218
2671,8,67,0.2302614152431488
2672,8,68,0.20998921990394592
2673,8,69,0.18711549043655396
2674,8,70,0.16807672381401062
2675,8,71,0.21676690876483917
2676,8,72,0.2189822494983673
2677,8,73,0.20802287757396698
2678,8,74,0.22058646380901337
2679,8,75,0.16649281978607178
2680,8,76,0.17276856303215027
2681,8,77,0.24552306532859802
2682,8,78,0.16757473349571228
2683,8,79,0.18688003718852997
2684,8,80,0.17679528892040253
2685,8,81,0.1821909248828888
2686,8,82,0.2622111737728119
2687,8,83,0.1957610547542572
2688,8,84,0.19938001036643982
2689,8,85,0.2315511405467987
2690,8,86,0.18739040195941925
2691,8,87,0.23902782797813416
2692,8,88,0.22359713912010193
2693,8,89,0.18437233567237854
2694,8,90,0.16536879539489746
2695,8,91,0.20637819170951843
2696,8,92,0.21717581152915955
2697,8,93,0.1835974156856537
2698,8,94,0.19612357020378113
2699,8,95,0.25024962425231934
2700,8,96,0.2282683402299881
2701,8,97,0.19358155131340027
2702,8,98,0.22989392280578613
2703,8,99,0.18325993418693542
2704,8,100,0.1957479864358902
2705,8,101,0.2116709053516388
2706,8,102,0.19699037075042725
2707,8,103,0.21351170539855957
2708,8,104,0.38425391912460327
2709,8,105,0.24150177836418152
2710,8,106,0.20185187458992004
2711,8,107,0.21687006950378418
2712,8,108,0.19009949266910553
2713,8,109,0.2246774137020111
2714,8,110,0.2049206793308258
2715,8,111,0.2400481253862381
2716,8,112,0.194221630692482
2717,8,113,0.2600240707397461
2718,8,114,0.23114538192749023
2719,8,115,0.1872185915708542
2720,8,116,0.19244058430194855
2721,8,117,0.2210584580898285
2722,8,118,0.18184971809387207
2723,8,119,0.23091423511505127
2724,8,120,0.17435738444328308
2725,8,121,0.1468610316514969
2726,8,122,0.23890180885791779
2727,8,123,0.19794806838035583
2728,8,124,0.20859761536121368
2729,8,125,0.1824060082435608
2730,8,126,0.2531173825263977
2731,8,127,0.1793372929096222
2732,8,128,0.1850198209285736
2733,8,129,0.22748443484306335
2734,8,130,0.1851350963115692
2735,8,131,0.2106201946735382
2736,8,132,0.2557850778102875
2737,8,133,0.2004016935825348
2738,8,134,0.20445191860198975
2739,8,135,0.1836891919374466
2740,8,136,0.17856469750404358
2741,8,137,0.38203686475753784
2742,8,138,0.17026957869529724
2743,8,139,0.27460482716560364
2744,8,140,0.22284451127052307
2745,8,141,0.2051960527896881
2746,8,142,0.2604702413082123
2747,8,143,0.2595371603965759
2748,8,144,0.20578809082508087
2749,8,145,0.2296004593372345
2750,8,146,0.18609091639518738
2751,8,147,0.18912167847156525
2752,8,148,0.17011712491512299
2753,8,149,0.20527346432209015
2754,8,150,0.23274517059326172
2755,8,151,0.22445306181907654
2756,8,152,0.19531364738941193
2757,8,153,0.17428456246852875
2758,8,154,0.18818767368793488
2759,8,155,0.23943869769573212
2760,8,156,0.21388640999794006
2761,8,157,0.208598330616951
2762,8,158,0.2092784345149994
2763,8,159,0.18051698803901672
2764,8,160,0.19740770757198334
2765,8,161,0.1808215081691742
2766,8,162,0.1941748410463333
2767,8,163,0.2475464642047882
2768,8,164,0.21352417767047882
2769,8,165,0.23359327018260956
2770,8,166,0.2002614438533783
2771,8,167,0.1736704260110855
2772,8,168,0.2204466611146927
2773,8,169,0.2341289222240448
2774,8,170,0.16909849643707275
2775,8,171,0.1955154538154602
2776,8,172,0.2409827709197998
2777,8,173,0.2387913018465042
2778,8,174,0.17333152890205383
2779,8,175,0.18879647552967072
2780,8,176,0.20551709830760956
2781,8,177,0.20465712249279022
2782,8,178,0.22784647345542908
2783,8,179,0.22440095245838165
2784,8,180,0.22163799405097961
2785,8,181,0.23859632015228271
2786,8,182,0.22061721980571747
2787,8,183,0.1956966668367386
2788,8,184,0.185731902718544
2789,8,185,0.25346264243125916
2790,8,186,0.20077860355377197
2791,8,187,0.21259550750255585
2792,8,188,0.20558695495128632
2793,8,189,0.1908254623413086
2794,8,190,0.18331971764564514
2795,8,191,0.20637087523937225
2796,8,192,0.23030872642993927
2797,8,193,0.275995671749115
2798,8,194,0.24989846348762512
2799,8,195,0.20509716868400574
2800,8,196,0.18811659514904022
2801,8,197,0.2232646644115448
2802,8,198,0.20866723358631134
2803,8,199,0.18303066492080688
2804,8,200,0.16433987021446228
2805,8,201,0.26661038398742676
2806,8,202,0.16506467759609222
2807,8,203,0.2332429438829422
2808,8,204,0.20211279392242432
2809,8,205,0.28226059675216675
2810,8,206,0.23542682826519012
2811,8,207,0.1926930844783783
2812,8,208,0.2184198796749115
2813,8,209,0.21549972891807556
2814,8,210,0.2413758486509323
2815,8,211,0.2507050931453705
2816,8,212,0.2680860161781311
2817,8,213,0.2363336831331253
2818,8,214,0.221302792429924
2819,8,215,0.17962205410003662
2820,8,216,0.18930651247501373
2821,8,217,0.16723540425300598
2822,8,218,0.22130565345287323
2823,8,219,0.22255566716194153
2824,8,220,0.21697929501533508
2825,8,221,0.1855066418647766
2826,8,222,0.1631375104188919
2827,8,223,0.23315748572349548
2828,8,224,0.22612138092517853
2829,8,225,0.20850808918476105
2830,8,226,0.20007386803627014
2831,8,227,0.2080577164888382
2832,8,228,0.23315341770648956
2833,8,229,0.1889648288488388
2834,8,230,0.20580700039863586
2835,8,231,0.19742533564567566
2836,8,232,0.20830535888671875
2837,8,233,0.2003171443939209
2838,8,234,0.17290306091308594
2839,8,235,0.2772037088871002
2840,8,236,0.21139124035835266
2841,8,237,0.17437656223773956
2842,8,238,0.20694203674793243
2843,8,239,0.2018190324306488
2844,8,240,0.22543494403362274
2845,8,241,0.2103009968996048
2846,8,242,0.18331177532672882
2847,8,243,0.2815115451812744
2848,8,244,0.16343066096305847
2849,8,245,0.21187420189380646
2850,8,246,0.19286325573921204
2851,8,247,0.21603350341320038
2852,8,248,0.22662003338336945
2853,8,249,0.23575592041015625
2854,8,250,0.1988910585641861
2855,8,251,0.228594109416008
2856,8,252,0.17101845145225525
2857,8,253,0.18997718393802643
2858,8,254,0.18465809524059296
2859,8,255,0.19423973560333252
2860,8,256,0.22980356216430664
2861,8,257,0.31942814588546753
2862,8,258,0.18673355877399445
2863,8,259,0.23806925117969513
2864,8,260,0.19383712112903595
2865,8,261,0.18390972912311554
2866,8,262,0.2144172489643097
2867,8,263,0.24866023659706116
2868,8,264,0.19980020821094513
2869,8,265,0.2021709382534027
2870,8,266,0.24560408294200897
2871,8,267,0.2497611790895462
2872,8,268,0.19989648461341858
2873,8,269,0.4986453056335449
2874,8,270,0.20697708427906036
2875,8,271,0.19866058230400085
2876,8,272,0.23598718643188477
2877,8,273,0.2169608175754547
2878,8,274,0.1795329451560974
2879,8,275,0.18298839032649994
2880,8,276,0.20751972496509552
2881,8,277,0.22064903378486633
2882,8,278,0.18534374237060547
2883,8,279,0.1491279900074005
2884,8,280,0.20034757256507874
2885,8,281,0.17332768440246582
2886,8,282,0.22790393233299255
2887,8,283,0.18495282530784607
2888,8,284,0.2857588529586792
2889,8,285,0.17401227355003357
2890,8,286,0.2069689780473709
2891,8,287,0.2044353187084198
2892,8,288,0.17373141646385193
2893,8,289,0.2011944055557251
2894,8,290,0.1921507865190506
2895,8,291,0.19481953978538513
2896,8,292,0.2112387865781784
2897,8,293,0.2392490804195404
2898,8,294,0.23581138253211975
2899,8,295,0.1942034214735031
2900,8,296,0.15634411573410034
2901,8,297,0.18439798057079315
2902,8,298,0.2164364606142044
2903,8,299,0.2046527862548828
2904,8,300,0.2109101265668869
2905,8,301,0.2120511531829834
2906,8,302,0.20778615772724152
2907,8,303,0.22411534190177917
2908,8,304,0.2299119532108307
2909,8,305,0.18960091471672058
2910,8,306,0.20197728276252747
2911,8,307,0.1837683618068695
2912,8,308,0.1869230568408966
2913,8,309,0.16977474093437195
2914,8,310,0.19927367568016052
2915,8,311,0.19679424166679382
2916,8,312,0.221200630068779
2917,8,313,0.2648012638092041
2918,8,314,0.2287074327468872
2919,8,315,0.4970692992210388
2920,8,316,0.35116568207740784
2921,8,317,0.19670507311820984
2922,8,318,0.19050157070159912
2923,8,319,0.2096956968307495
2924,8,320,0.2332298308610916
2925,8,321,0.17079517245292664
2926,8,322,0.18323521316051483
2927,8,323,0.2483915090560913
2928,8,324,0.1725749671459198
2929,8,325,0.18451930582523346
2930,8,326,0.17254655063152313
2931,8,327,0.25635212659835815
2932,8,328,0.19331982731819153
2933,8,329,0.22157588601112366
2934,8,330,0.1916227489709854
2935,8,331,0.17669863998889923
2936,8,332,0.15778936445713043
2937,8,333,0.17151480913162231
2938,8,334,0.1812480390071869
2939,8,335,0.1687091886997223
2940,8,336,0.2414059191942215
2941,8,337,0.16561156511306763
2942,8,338,0.2275703400373459
2943,8,339,0.18086811900138855
2944,8,340,0.1759149581193924
2945,8,341,0.4077600836753845
2946,8,342,0.18275699019432068
2947,8,343,0.26204103231430054
2948,8,344,0.1989411860704422
2949,8,345,0.3717147707939148
2950,8,346,0.37460869550704956
2951,8,347,0.17992430925369263
2952,8,348,0.2207959145307541
2953,8,349,0.23589150607585907
2954,8,350,0.18382635712623596
2955,8,351,0.24496474862098694
2956,8,352,0.28308361768722534
2957,8,353,0.2605960965156555
2958,8,354,0.20698177814483643
2959,8,355,0.22828252613544464
2960,8,356,0.22529053688049316
2961,8,357,0.2016243040561676
2962,8,358,0.2667527496814728
2963,8,359,0.26583558320999146
2964,8,360,0.21398687362670898
2965,8,361,0.20113365352153778
2966,8,362,0.3391711115837097
2967,8,363,0.2285761535167694
2968,8,364,0.19913950562477112
2969,8,365,0.18566027283668518
2970,8,366,0.3215217590332031
2971,8,367,0.16461281478405
2972,8,368,0.20520976185798645
2973,8,369,0.15728649497032166
2974,8,370,0.2035377472639084
2975,8,371,0.1776399314403534
2976,8,372,0.2230055332183838
2977,9,1,0.17680847644805908
2978,9,2,0.23334726691246033
2979,9,3,0.1721775084733963
2980,9,4,0.20959258079528809
2981,9,5,0.26702019572257996
2982,9,6,0.21904928982257843
2983,9,7,0.18099288642406464
2984,9,8,0.18141964077949524
2985,9,9,0.19175617396831512
2986,9,10,0.18913044035434723
2987,9,11,0.19089995324611664
2988,9,12,0.6290339231491089
2989,9,13,0.1719888299703598
2990,9,14,0.21637269854545593
2991,9,15,0.2457459419965744
2992,9,16,0.21246910095214844
2993,9,17,0.23790137469768524
2994,9,18,0.1983395367860794
2995,9,19,0.18290255963802338
2996,9,20,0.19178500771522522
2997,9,21,0.18839691579341888
2998,9,22,0.208732008934021
2999,9,23,0.20680424571037292
3000,9,24,0.22260668873786926
3001,9,25,0.2097291648387909
3002,9,26,0.21543976664543152
3003,9,27,0.17611677944660187
3004,9,28,0.18333348631858826
3005,9,29,0.19302061200141907
3006,9,30,0.19560745358467102
3007,9,31,0.19329188764095306
3008,9,32,0.19040772318840027
3009,9,33,0.18813484907150269
3010,9,34,0.18852272629737854
3011,9,35,0.1921590119600296
3012,9,36,0.26558274030685425
3013,9,37,0.2399076223373413
3014,9,38,0.2084883749485016
3015,9,39,0.18552061915397644
3016,9,40,0.1974821388721466
3017,9,41,0.20739760994911194
3018,9,42,0.20851926505565643
3019,9,43,0.20225457847118378
3020,9,44,0.16928048431873322
3021,9,45,0.15196341276168823
3022,9,46,0.21154585480690002
3023,9,47,0.26811057329177856
3024,9,48,0.1939847767353058
3025,9,49,0.16975794732570648
3026,9,50,0.1770017445087433
3027,9,51,0.20633821189403534
3028,9,52,0.20544955134391785
3029,9,53,0.1702803373336792
3030,9,54,0.2343669831752777
3031,9,55,0.1807316243648529
3032,9,56,0.23253636062145233
3033,9,57,0.19346778094768524
3034,9,58,0.20680299401283264
3035,9,59,0.17856767773628235
3036,9,60,0.19900092482566833
3037,9,61,0.17696784436702728
3038,9,62,0.22294235229492188
3039,9,63,0.2535025477409363
3040,9,64,0.22093327343463898
3041,9,65,0.17925994098186493
3042,9,66,0.1991637647151947
3043,9,67,0.19106504321098328
3044,9,68,0.1804424524307251
3045,9,69,0.2415810376405716
3046,9,70,0.18848735094070435
3047,9,71,0.20682987570762634
3048,9,72,0.20230574905872345
3049,9,73,0.21421194076538086
3050,9,74,0.18658116459846497
3051,9,75,0.19857177138328552
3052,9,76,0.19297775626182556
3053,9,77,0.19134248793125153
3054,9,78,0.1826026737689972
3055,9,79,0.1505245864391327
3056,9,80,0.23233187198638916
3057,9,81,0.18391019105911255
3058,9,82,0.22894366085529327
3059,9,83,0.17627215385437012
3060,9,84,0.1604921519756317
3061,9,85,0.2096908539533615
3062,9,86,0.17504191398620605
3063,9,87,0.17572662234306335
3064,9,88,0.14747478067874908
3065,9,89,0.16149207949638367
3066,9,90,0.18388324975967407
3067,9,91,0.16190268099308014
3068,9,92,0.1999836266040802
3069,9,93,0.19737516343593597
3070,9,94,0.19013510644435883
3071,9,95,0.25495579838752747
3072,9,96,0.1850021779537201
3073,9,97,0.22078852355480194
3074,9,98,0.22996799647808075
3075,9,99,0.2575007975101471
3076,9,100,0.2135421335697174
3077,9,101,0.2024790346622467
3078,9,102,0.17718204855918884
3079,9,103,0.19806517660617828
3080,9,104,0.17395858466625214
3081,9,105,0.1434299647808075
3082,9,106,0.1792479306459427
3083,9,107,0.15931661427021027
3084,9,108,0.17281915247440338
3085,9,109,0.16204902529716492
3086,9,110,0.16524823009967804
3087,9,111,0.18872156739234924
3088,9,112,0.1840072125196457
3089,9,113,0.22579579055309296
3090,9,114,0.1989307850599289
3091,9,115,0.19289550185203552
3092,9,116,0.2175178825855255
3093,9,117,0.2108253687620163
3094,9,118,0.22354166209697723
3095,9,119,0.18425819277763367
3096,9,120,0.2382211685180664
3097,9,121,0.21956685185432434
3098,9,122,0.19526953995227814
3099,9,123,0.1932229846715927
3100,9,124,0.1964511126279831
3101,9,125,0.15784671902656555
3102,9,126,0.21040549874305725
3103,9,127,0.16734501719474792
3104,9,128,0.20504078269004822
3105,9,129,0.209052175283432
3106,9,130,0.24364742636680603
3107,9,131,0.19296064972877502
3108,9,132,0.19495905935764313
3109,9,133,0.16525901854038239
3110,9,134,0.15149903297424316
3111,9,135,0.21203120052814484
3112,9,136,0.17267730832099915
3113,9,137,0.1887151300907135
3114,9,138,0.20014409720897675
3115,9,139,0.16310404241085052
3116,9,140,0.21468201279640198
3117,9,141,0.18706420063972473
3118,9,142,0.16985180974006653
3119,9,143,0.19323042035102844
3120,9,144,0.2244519740343094
3121,9,145,0.1959625482559204
3122,9,146,0.21464493870735168
3123,9,147,0.24067842960357666
3124,9,148,0.20522570610046387
3125,9,149,0.2238888293504715
3126,9,150,0.20144696533679962
3127,9,151,0.19014719128608704
3128,9,152,0.17086589336395264
3129,9,153,0.3170720338821411
3130,9,154,0.42680326104164124
3131,9,155,0.2563931345939636
3132,9,156,0.16637036204338074
3133,9,157,0.2705051302909851
3134,9,158,0.12927371263504028
3135,9,159,0.23208662867546082
3136,9,160,0.18554309010505676
3137,9,161,0.20595590770244598
3138,9,162,0.18625372648239136
3139,9,163,0.3049299120903015
3140,9,164,0.2334798276424408
3141,9,165,0.2016320526599884
3142,9,166,0.3391250967979431
3143,9,167,0.16765828430652618
3144,9,168,0.27033302187919617
3145,9,169,0.1956925392150879
3146,9,170,0.17110024392604828
3147,9,171,0.3272287845611572
3148,9,172,0.19091317057609558
3149,9,173,0.22560834884643555
3150,9,174,0.20767271518707275
3151,9,175,0.19323326647281647
3152,9,176,0.19495856761932373
3153,9,177,0.18089784681797028
3154,9,178,0.1651294082403183
3155,9,179,0.2042762041091919
3156,9,180,0.2007032185792923
3157,9,181,0.19800753891468048
3158,9,182,0.18684831261634827
3159,9,183,0.16513055562973022
3160,9,184,0.24866977334022522
3161,9,185,0.20491795241832733
3162,9,186,0.27554696798324585
3163,9,187,0.2329828292131424
3164,9,188,0.1899079978466034
3165,9,189,0.22458672523498535
3166,9,190,0.21133223176002502
3167,9,191,0.20649786293506622
3168,9,192,0.19618403911590576
3169,9,193,0.23406252264976501
3170,9,194,0.21530675888061523
3171,9,195,0.3086506128311157
3172,9,196,0.23304462432861328
3173,9,197,0.20450639724731445
3174,9,198,0.17567284405231476
3175,9,199,0.1867915838956833
3176,9,200,0.22819796204566956
3177,9,201,0.2275451123714447
3178,9,202,0.2114531546831131
3179,9,203,0.23460988700389862
3180,9,204,0.22017256915569305
3181,9,205,0.19972969591617584
3182,9,206,0.2230507880449295
3183,9,207,0.2191741019487381
3184,9,208,0.19599303603172302
3185,9,209,0.24622707068920135
3186,9,210,0.18548959493637085
3187,9,211,0.17474240064620972
3188,9,212,0.2041502743959427
3189,9,213,0.2176344096660614
3190,9,214,0.2219868153333664
3191,9,215,0.20162411034107208
3192,9,216,0.19374430179595947
3193,9,217,0.2163664549589157
3194,9,218,0.18742945790290833
3195,9,219,0.1760370135307312
3196,9,220,0.1509748101234436
3197,9,221,0.1704811155796051
3198,9,222,0.18111208081245422
3199,9,223,0.25540781021118164
3200,9,224,0.20984633266925812
3201,9,225,0.18323273956775665
3202,9,226,0.1701999306678772
3203,9,227,0.32765698432922363
3204,9,228,0.15332189202308655
3205,9,229,0.19483192265033722
3206,9,230,0.18012404441833496
3207,9,231,0.1781451404094696
3208,9,232,0.19605818390846252
3209,9,233,0.24612712860107422
3210,9,234,0.22966821491718292
3211,9,235,0.21135267615318298
3212,9,236,0.21146750450134277
3213,9,237,0.19194023311138153
3214,9,238,0.2624646723270416
3215,9,239,0.21886232495307922
3216,9,240,0.18378815054893494
3217,9,241,0.24026429653167725
3218,9,242,0.19694843888282776
3219,9,243,0.1771632879972458
3220,9,244,0.19877906143665314
3221,9,245,0.19370779395103455
3222,9,246,0.16272015869617462
3223,9,247,0.22345587611198425
3224,9,248,0.19026637077331543
3225,9,249,0.22396250069141388
3226,9,250,0.22939887642860413
3227,9,251,0.232501819729805
3228,9,252,0.2110196053981781
3229,9,253,0.15773282945156097
3230,9,254,0.24979111552238464
3231,9,255,0.1758701056241989
3232,9,256,0.2647387385368347
3233,9,257,0.18716900050640106
3234,9,258,0.1944526582956314
3235,9,259,0.2632952332496643
3236,9,260,0.20871968567371368
3237,9,261,0.15396611392498016
3238,9,262,0.20182642340660095
3239,9,263,0.24762067198753357
3240,9,264,0.2225140631198883
3241,9,265,0.1652960330247879
3242,9,266,0.20381048321723938
3243,9,267,0.16573652625083923
3244,9,268,0.19104209542274475
3245,9,269,0.21755655109882355
3246,9,270,0.2327084094285965
3247,9,271,0.26954126358032227
3248,9,272,0.20693175494670868
3249,9,273,0.20336773991584778
3250,9,274,0.21936924755573273
3251,9,275,0.16501596570014954
3252,9,276,0.3305126130580902
3253,9,277,0.21224650740623474
3254,9,278,0.1891445815563202
3255,9,279,0.18161141872406006
3256,9,280,0.320590078830719
3257,9,281,0.23356349766254425
3258,9,282,0.17875203490257263
3259,9,283,0.22038081288337708
3260,9,284,0.19415108859539032
3261,9,285,0.18173319101333618
3262,9,286,0.24107488989830017
3263,9,287,0.22047583758831024
3264,9,288,0.16844093799591064
3265,9,289,0.21554860472679138
3266,9,290,0.16407321393489838
3267,9,291,0.22317543625831604
3268,9,292,0.20531459152698517
3269,9,293,0.21218915283679962
3270,9,294,0.17166253924369812
3271,9,295,0.17915481328964233
3272,9,296,0.15599505603313446
3273,9,297,0.1931731402873993
3274,9,298,0.1598319262266159
3275,9,299,0.2160179615020752
3276,9,300,0.19617125391960144
3277,9,301,0.24285781383514404
3278,9,302,0.2577914595603943
3279,9,303,0.17871668934822083
3280,9,304,0.19383983314037323
3281,9,305,0.19819743931293488
3282,9,306,0.19041432440280914
3283,9,307,0.1806952953338623
3284,9,308,0.16385944187641144
3285,9,309,0.17584210634231567
3286,9,310,0.19881263375282288
3287,9,311,0.16974136233329773
3288,9,312,0.19168877601623535
3289,9,313,0.19621536135673523
3290,9,314,0.16901656985282898
3291,9,315,0.25814831256866455
3292,9,316,0.19544512033462524
3293,9,317,0.21589045226573944
3294,9,318,0.18934807181358337
3295,9,319,0.19066298007965088
3296,9,320,0.1720176637172699
3297,9,321,0.18240509927272797
3298,9,322,0.1625407636165619
3299,9,323,0.19372549653053284
3300,9,324,0.20148082077503204
3301,9,325,0.180995374917984
3302,9,326,0.20057034492492676
3303,9,327,0.24846795201301575
3304,9,328,0.20325379073619843
3305,9,329,0.1796991378068924
3306,9,330,0.2073402851819992
3307,9,331,0.18924814462661743
3308,9,332,0.20361527800559998
3309,9,333,0.17624180018901825
3310,9,334,0.21211501955986023
3311,9,335,0.22066979110240936
3312,9,336,0.1895943582057953
3313,9,337,0.22165045142173767
3314,9,338,0.23346956074237823
3315,9,339,0.18365350365638733
3316,9,340,0.1794281303882599
3317,9,341,0.18982453644275665
3318,9,342,0.21965301036834717
3319,9,343,0.21215462684631348
3320,9,344,0.15339237451553345
3321,9,345,0.2571868300437927
3322,9,346,0.20750439167022705
3323,9,347,0.23721739649772644
3324,9,348,0.1903362274169922
3325,9,349,0.17875587940216064
3326,9,350,0.1860491931438446
3327,9,351,0.30867406725883484
3328,9,352,0.2340974360704422
3329,9,353,0.22318175435066223
3330,9,354,0.18989059329032898
3331,9,355,0.22376525402069092
3332,9,356,0.20925286412239075
3333,9,357,0.3547810912132263
3334,9,358,0.21433818340301514
3335,9,359,0.21124295890331268
3336,9,360,0.18464221060276031
3337,9,361,0.25370627641677856
3338,9,362,0.19246867299079895
3339,9,363,0.21764855086803436
3340,9,364,0.23199431598186493
3341,9,365,0.18762168288230896
3342,9,366,0.19641175866127014
3343,9,367,0.19627197086811066
3344,9,368,0.2301005870103836
3345,9,369,0.2225862443447113
3346,9,370,0.35915738344192505
3347,9,371,0.1817772090435028
3348,9,372,0.1456221640110016
3349,10,1,0.1815541684627533
3350,10,2,0.2058047354221344
3351,10,3,0.1379522979259491
3352,10,4,0.14951303601264954
3353,10,5,0.19852060079574585
3354,10,6,0.1864004135131836
3355,10,7,0.19117866456508636
3356,10,8,0.23098249733448029
3357,10,9,0.17844298481941223
3358,10,10,0.15345674753189087
3359,10,11,0.18883761763572693
3360,10,12,0.20834705233573914
3361,10,13,0.18987032771110535
3362,10,14,0.18068525195121765
3363,10,15,0.1678558886051178
3364,10,16,0.2965174913406372
3365,10,17,0.14815330505371094
3366,10,18,0.18010498583316803
3367,10,19,0.2191060483455658
3368,10,20,0.23272660374641418
3369,10,21,0.1844978779554367
3370,10,22,0.18561576306819916
3371,10,23,0.24406664073467255
3372,10,24,0.17893502116203308
3373,10,25,0.2092895805835724
3374,10,26,0.171591117978096
3375,10,27,0.22204391658306122
3376,10,28,0.1592012345790863
3377,10,29,0.22903692722320557
3378,10,30,0.17500236630439758
3379,10,31,0.1886068880558014
3380,10,32,0.201128751039505
3381,10,33,0.20186257362365723
3382,10,34,0.20966634154319763
3383,10,35,0.19762130081653595
3384,10,36,0.19283023476600647
3385,10,37,0.1840316355228424
3386,10,38,0.20317955315113068
3387,10,39,0.17497996985912323
3388,10,40,0.23149390518665314
3389,10,41,0.16351836919784546
3390,10,42,0.4105171263217926
3391,10,43,0.2044275999069214
3392,10,44,0.19152115285396576
3393,10,45,0.21913239359855652
3394,10,46,0.1778976172208786
3395,10,47,0.16948698461055756
3396,10,48,0.1961117684841156
3397,10,49,0.20363304018974304
3398,10,50,0.21932236850261688
3399,10,51,0.19682243466377258
3400,10,52,0.16162452101707458
3401,10,53,0.1818651705980301
3402,10,54,0.17194212973117828
3403,10,55,0.1703399419784546
3404,10,56,0.3220517039299011
3405,10,57,0.24896904826164246
3406,10,58,0.2617364823818207
3407,10,59,0.19925421476364136
3408,10,60,0.3437090516090393
3409,10,61,0.1924630105495453
3410,10,62,0.17942407727241516
3411,10,63,0.17767474055290222
3412,10,64,0.2134999930858612
3413,10,65,0.1730697751045227
3414,10,66,0.1867740899324417
3415,10,67,0.23807911574840546
3416,10,68,0.19832491874694824
3417,10,69,0.21722039580345154
3418,10,70,0.18144448101520538
3419,10,71,0.1786971241235733
3420,10,72,0.1873287856578827
3421,10,73,0.1796795129776001
3422,10,74,0.1976061761379242
3423,10,75,0.1874970942735672
3424,10,76,0.18286505341529846
3425,10,77,0.21521463990211487
3426,10,78,0.1874140352010727
3427,10,79,0.18305571377277374
3428,10,80,0.20048606395721436
3429,10,81,0.22926494479179382
3430,10,82,0.17979927361011505
3431,10,83,0.16487330198287964
3432,10,84,0.15926578640937805
3433,10,85,0.18564072251319885
3434,10,86,0.18777690827846527
3435,10,87,0.19410070776939392
3436,10,88,0.1635909527540207
3437,10,89,0.2126934826374054
3438,10,90,0.18817268311977386
3439,10,91,0.19629816710948944
3440,10,92,0.20943212509155273
3441,10,93,0.1816863864660263
3442,10,94,0.16992799937725067
3443,10,95,0.17363741993904114
3444,10,96,0.2419208586215973
3445,10,97,0.1760486662387848
3446,10,98,0.16386191546916962
3447,10,99,0.18749934434890747
3448,10,100,0.23559331893920898
3449,10,101,0.22965756058692932
3450,10,102,0.18400713801383972
3451,10,103,0.19658060371875763
3452,10,104,0.1749296933412552
3453,10,105,0.18193858861923218
3454,10,106,0.19256898760795593
3455,10,107,0.1932820975780487
3456,10,108,0.18299174308776855
3457,10,109,0.16483576595783234
3458,10,110,0.1498940885066986
3459,10,111,0.19484874606132507
3460,10,112,0.19915653765201569
3461,10,113,0.2249775230884552
3462,10,114,0.20462878048419952
3463,10,115,0.1962900459766388
3464,10,116,0.18133236467838287
3465,10,117,0.2207440882921219
3466,10,118,0.19719472527503967
3467,10,119,0.1966901421546936
3468,10,120,0.160249263048172
3469,10,121,0.23940210044384003
3470,10,122,0.1896205097436905
3471,10,123,0.2047896385192871
3472,10,124,0.20434454083442688
3473,10,125,0.2486644983291626
3474,10,126,0.15392950177192688
3475,10,127,0.29617220163345337
3476,10,128,0.16531504690647125
3477,10,129,0.2097247838973999
3478,10,130,0.1937154233455658
3479,10,131,0.21352967619895935
3480,10,132,0.17437002062797546
3481,10,133,0.18937648832798004
3482,10,134,0.1794966757297516
3483,10,135,0.18697531521320343
3484,10,136,0.1724938154220581
3485,10,137,0.21611520648002625
3486,10,138,0.35831722617149353
3487,10,139,0.18354341387748718
3488,10,140,0.1545264720916748
3489,10,141,0.18316702544689178
3490,10,142,0.23849031329154968
3491,10,143,0.1689867526292801
3492,10,144,0.16378989815711975
3493,10,145,0.1969265639781952
3494,10,146,0.17488765716552734
3495,10,147,0.20524194836616516
3496,10,148,0.20182199776172638
3497,10,149,0.16578103601932526
3498,10,150,0.18186746537685394
3499,10,151,0.2040601670742035
3500,10,152,0.17231395840644836
3501,10,153,0.16622096300125122
3502,10,154,0.1948845088481903
3503,10,155,0.18469296395778656
3504,10,156,0.22453363239765167
3505,10,157,0.20407839119434357
3506,10,158,0.20790544152259827
3507,10,159,0.1762177050113678
3508,10,160,0.20147399604320526
3509,10,161,0.18674972653388977
3510,10,162,0.19299852848052979
3511,10,163,0.2693560719490051
3512,10,164,0.17817679047584534
3513,10,165,0.20979860424995422
3514,10,166,0.18769560754299164
3515,10,167,0.1510169506072998
3516,10,168,0.18641778826713562
3517,10,169,0.23505592346191406
3518,10,170,0.2125454843044281
3519,10,171,0.2055349349975586
3520,10,172,0.18388250470161438
3521,10,173,0.15829560160636902
3522,10,174,0.20570342242717743
3523,10,175,0.16354699432849884
3524,10,176,0.21690471470355988
3525,10,177,0.21649006009101868
3526,10,178,0.25533610582351685
3527,10,179,0.16088934242725372
3528,10,180,0.1656397432088852
3529,10,181,0.17486059665679932
3530,10,182,0.19105413556098938
3531,10,183,0.21811413764953613
3532,10,184,0.2609485387802124
3533,10,185,0.2304469794034958
3534,10,186,0.32605087757110596
3535,10,187,0.18015417456626892
3536,10,188,0.23474852740764618
3537,10,189,0.2058945596218109
3538,10,190,0.17185720801353455
3539,10,191,0.1943987011909485
3540,10,192,0.2063416987657547
3541,10,193,0.211757630109787
3542,10,194,0.19761686027050018
3543,10,195,0.1994287222623825
3544,10,196,0.2469007521867752
3545,10,197,0.19692233204841614
3546,10,198,0.316143274307251
3547,10,199,0.19601836800575256
3548,10,200,0.22313208878040314
3549,10,201,0.20953300595283508
3550,10,202,0.21619120240211487
3551,10,203,0.20308272540569305
3552,10,204,0.2129567414522171
3553,10,205,0.19707050919532776
3554,10,206,0.16349239647388458
3555,10,207,0.1516970992088318
3556,10,208,0.2262302190065384
3557,10,209,0.19396433234214783
3558,10,210,0.2126055210828781
3559,10,211,0.22674140334129333
3560,10,212,0.1766679286956787
3561,10,213,0.20638084411621094
3562,10,214,0.1884261518716812
3563,10,215,0.17922578752040863
3564,10,216,0.28092318773269653
3565,10,217,0.20305418968200684
3566,10,218,0.22471356391906738
3567,10,219,0.20157603919506073
3568,10,220,0.17370593547821045
3569,10,221,0.1809999793767929
3570,10,222,0.27012449502944946
3571,10,223,0.2331264466047287
3572,10,224,0.1931856870651245
3573,10,225,0.259823203086853
3574,10,226,0.2238841950893402
3575,10,227,0.18582503497600555
3576,10,228,0.225596621632576
3577,10,229,0.18537673354148865
3578,10,230,0.19432559609413147
3579,10,231,0.19071123003959656
3580,10,232,0.19347898662090302
3581,10,233,0.19106397032737732
3582,10,234,0.19969940185546875
3583,10,235,0.19522473216056824
3584,10,236,0.20053867995738983
3585,10,237,0.15006175637245178
3586,10,238,0.2143031656742096
3587,10,239,0.1973290741443634
3588,10,240,0.1693548709154129
3589,10,241,0.15522867441177368
3590,10,242,0.2058904469013214
3591,10,243,0.22645802795886993
3592,10,244,0.17173469066619873
3593,10,245,0.20662415027618408
3594,10,246,0.14485369622707367
3595,10,247,0.17058803141117096
3596,10,248,0.15716546773910522
3597,10,249,0.1887073814868927
3598,10,250,0.23038959503173828
3599,10,251,0.19806984066963196
3600,10,252,0.21608957648277283
3601,10,253,0.23202946782112122
3602,10,254,0.15684042870998383
3603,10,255,0.21012528240680695
3604,10,256,0.1884896457195282
3605,10,257,0.2256254255771637
3606,10,258,0.1802276223897934
3607,10,259,0.22714002430438995
3608,10,260,0.15556052327156067
3609,10,261,0.18359488248825073
3610,10,262,0.15284165740013123
3611,10,263,0.1685708612203598
3612,10,264,0.19524243474006653
3613,10,265,0.1961461752653122
3614,10,266,0.2313973605632782
3615,10,267,0.18931135535240173
3616,10,268,0.289379358291626
3617,10,269,0.17699924111366272
3618,10,270,0.17759013175964355
3619,10,271,0.22038452327251434
3620,10,272,0.18288803100585938
3621,10,273,0.18710960447788239
3622,10,274,0.17150208353996277
3623,10,275,0.19652718305587769
3624,10,276,0.19645754992961884
3625,10,277,0.16598497331142426
3626,10,278,0.16692596673965454
3627,10,279,0.16287028789520264
3628,10,280,0.19958655536174774
3629,10,281,0.14621509611606598
3630,10,282,0.24572396278381348
3631,10,283,0.21126873791217804
3632,10,284,0.16969461739063263
3633,10,285,0.15611885488033295
3634,10,286,0.20444893836975098
3635,10,287,0.18161454796791077
3636,10,288,0.1808183193206787
3637,10,289,0.19217398762702942
3638,10,290,0.16041037440299988
3639,10,291,0.13901515305042267
3640,10,292,0.22893968224525452
3641,10,293,0.24208395183086395
3642,10,294,0.1774776726961136
3643,10,295,0.18446119129657745
3644,10,296,0.19529008865356445
3645,10,297,0.20906555652618408
3646,10,298,0.17160452902317047
3647,10,299,0.15081195533275604
3648,10,300,0.17802387475967407
3649,10,301,0.1902068853378296
3650,10,302,0.21131162345409393
3651,10,303,0.14057821035385132
3652,10,304,0.21231815218925476
3653,10,305,0.21335306763648987
3654,10,306,0.21056315302848816
3655,10,307,0.17460952699184418
3656,10,308,0.2114921361207962
3657,10,309,0.2247581034898758
3658,10,310,0.17159025371074677
3659,10,311,0.1765470802783966
3660,10,312,0.17842689156532288
3661,10,313,0.21310238540172577
3662,10,314,0.1857701987028122
3663,10,315,0.19318118691444397
3664,10,316,0.17619314789772034
3665,10,317,0.19725701212882996
3666,10,318,0.19303691387176514
3667,10,319,0.17603275179862976
3668,10,320,0.2271026074886322
3669,10,321,0.2559244632720947
3670,10,322,0.17828898131847382
3671,10,323,0.19559918344020844
3672,10,324,0.16255158185958862
3673,10,325,0.1623881608247757
3674,10,326,0.15027029812335968
3675,10,327,0.1765061318874359
3676,10,328,0.1739385724067688
3677,10,329,0.2111729383468628
3678,10,330,0.20020096004009247
3679,10,331,0.17085589468479156
3680,10,332,0.17100228369235992
3681,10,333,0.17693974077701569
3682,10,334,0.23087552189826965
3683,10,335,0.17076754570007324
3684,10,336,0.1888769119977951
3685,10,337,0.17174164950847626
3686,10,338,0.19326412677764893
3687,10,339,0.1969687044620514
3688,10,340,0.19059059023857117
3689,10,341,0.18172743916511536
3690,10,342,0.14039260149002075
3691,10,343,0.19230249524116516
3692,10,344,0.17184816300868988
3693,10,345,0.1623678207397461
3694,10,346,0.1449885070323944
3695,10,347,0.20427986979484558
3696,10,348,0.1974218487739563
3697,10,349,0.19295772910118103
3698,10,350,0.19146181643009186
3699,10,351,0.19410166144371033
3700,10,352,0.19391945004463196
3701,10,353,0.17541532218456268
3702,10,354,0.17312993109226227
3703,10,355,0.20435556769371033
3704,10,356,0.20974278450012207
3705,10,357,0.1800294816493988
3706,10,358,0.19288495182991028
3707,10,359,0.1740787923336029
3708,10,360,0.19378195703029633
3709,10,361,0.1944391429424286
3710,10,362,0.1722264289855957
3711,10,363,0.20434896647930145
3712,10,364,0.16942420601844788
3713,10,365,0.19364815950393677
3714,10,366,0.20265018939971924
3715,10,367,0.20301339030265808
3716,10,368,0.15436777472496033
3717,10,369,0.23039193451404572
3718,10,370,0.25364822149276733
3719,10,371,0.17403045296669006
3720,10,372,0.21437649428844452
3721,11,1,0.1554459035396576
3722,11,2,0.18486909568309784
3723,11,3,0.1886063814163208
3724,11,4,0.2313368320465088
3725,11,5,0.20735935866832733
3726,11,6,0.17587366700172424
3727,11,7,0.18581679463386536
3728,11,8,0.1857006847858429
3729,11,9,0.2014487087726593
3730,11,10,0.15780048072338104
3731,11,11,0.1761205494403839
3732,11,12,0.23439936339855194
3733,11,13,0.2000117301940918
3734,11,14,0.22499704360961914
3735,11,15,0.17099131643772125
3736,11,16,0.19979292154312134
3737,11,17,0.19356732070446014
3738,11,18,0.21679262816905975
3739,11,19,0.17577259242534637
3740,11,20,0.1637616753578186
3741,11,21,0.20599007606506348
3742,11,22,0.15610891580581665
3743,11,23,0.18795886635780334
3744,11,24,0.1462133824825287
3745,11,25,0.18828803300857544
3746,11,26,0.20917467772960663
3747,11,27,0.18275240063667297
3748,11,28,0.17556044459342957
3749,11,29,0.20578575134277344
3750,11,30,0.14667180180549622
3751,11,31,0.2102433443069458
3752,11,32,0.1714438647031784
3753,11,33,0.16256475448608398
3754,11,34,0.19586411118507385
3755,11,35,0.18309953808784485
3756,11,36,0.16176120936870575
3757,11,37,0.17810386419296265
3758,11,38,0.14421318471431732
3759,11,39,0.17474988102912903
3760,11,40,0.205221027135849
3761,11,41,0.18441250920295715
3762,11,42,0.18789689242839813
3763,11,43,0.16676506400108337
3764,11,44,0.1768987774848938
3765,11,45,0.19140395522117615
3766,11,46,0.16231238842010498
3767,11,47,0.15352439880371094
3768,11,48,0.22918593883514404
3769,11,49,0.15346533060073853
3770,11,50,0.24759125709533691
3771,11,51,0.1922415941953659
3772,11,52,0.15904268622398376
3773,11,53,0.19081659615039825
3774,11,54,0.21181106567382812
3775,11,55,0.16758444905281067
3776,11,56,0.1912054419517517
3777,11,57,0.21998707950115204
3778,11,58,0.16649559140205383
3779,11,59,0.174229234457016
3780,11,60,0.21135243773460388
3781,11,61,0.20340439677238464
3782,11,62,0.18107587099075317
3783,11,63,0.15805859863758087
3784,11,64,0.16963650286197662
3785,11,65,0.20183098316192627
3786,11,66,0.17105285823345184
3787,11,67,0.1803305447101593
3788,11,68,0.15813615918159485
3789,11,69,0.2496744841337204
3790,11,70,0.20702257752418518
3791,11,71,0.16077570617198944
3792,11,72,0.20828895270824432
3793,11,73,0.14602817595005035
3794,11,74,0.17877429723739624
3795,11,75,0.1743679940700531
3796,11,76,0.1546153724193573
3797,11,77,0.19152843952178955
3798,11,78,0.19886432588100433
3799,11,79,0.23489561676979065
3800,11,80,0.18754100799560547
3801,11,81,0.22091317176818848
3802,11,82,0.2133273333311081
3803,11,83,0.20228886604309082
3804,11,84,0.21164007484912872
3805,11,85,0.19935153424739838
3806,11,86,0.1448160856962204
3807,11,87,0.20385678112506866
3808,11,88,0.2151840180158615
3809,11,89,0.15815886855125427
3810,11,90,0.16243693232536316
3811,11,91,0.175308495759964
3812,11,92,0.1559283435344696
3813,11,93,0.15943744778633118
3814,11,94,0.1923123449087143
3815,11,95,0.1652236431837082
3816,11,96,0.15214894711971283
3817,11,97,0.2014985978603363
3818,11,98,0.15359732508659363
3819,11,99,0.1909712851047516
3820,11,100,0.23826363682746887
3821,11,101,0.16363444924354553
3822,11,102,0.16201362013816833
3823,11,103,0.13333110511302948
3824,11,104,0.2232399433851242
3825,11,105,0.1834997683763504
3826,11,106,0.17593367397785187
3827,11,107,0.1784738004207611
3828,11,108,0.2169327735900879
3829,11,109,0.19050677120685577
3830,11,110,0.19075581431388855
3831,11,111,0.18311139941215515
3832,11,112,0.17146237194538116
3833,11,113,0.17993365228176117
3834,11,114,0.18778519332408905
3835,11,115,0.1822829246520996
3836,11,116,0.19302216172218323
3837,11,117,0.23182883858680725
3838,11,118,0.14307048916816711
3839,11,119,0.19468547403812408
3840,11,120,0.1904515027999878
3841,11,121,0.17998729646205902
3842,11,122,0.21306264400482178
3843,11,123,0.16293245553970337
3844,11,124,0.2502569258213043
3845,11,125,0.1810336410999298
3846,11,126,0.14594830572605133
3847,11,127,0.1637449711561203
3848,11,128,0.18618781864643097
3849,11,129,0.19228407740592957
3850,11,130,0.14030201733112335
3851,11,131,0.18331383168697357
3852,11,132,0.22523990273475647
3853,11,133,0.21901071071624756
3854,11,134,0.1829669177532196
3855,11,135,0.15391188859939575
3856,11,136,0.2022639513015747
3857,11,137,0.19137215614318848
3858,11,138,0.17490704357624054
3859,11,139,0.1741751879453659
3860,11,140,0.15856769680976868
3861,11,141,0.2124805897474289
3862,11,142,0.17799845337867737
3863,11,143,0.16928282380104065
3864,11,144,0.13553740084171295
3865,11,145,0.1759771853685379
3866,11,146,0.15065322816371918
3867,11,147,0.1942606419324875
3868,11,148,0.20848378539085388
3869,11,149,0.16507357358932495
3870,11,150,0.19868740439414978
3871,11,151,0.2019561231136322
3872,11,152,0.21938011050224304
3873,11,153,0.2160886526107788
3874,11,154,0.1775546669960022
3875,11,155,0.17031733691692352
3876,11,156,0.23751918971538544
3877,11,157,0.19497552514076233
3878,11,158,0.18147364258766174
3879,11,159,0.17128396034240723
3880,11,160,0.18967166543006897
3881,11,161,0.1752462089061737
3882,11,162,0.21392209827899933
3883,11,163,0.1822739541530609
3884,11,164,0.18485671281814575
3885,11,165,0.1766432672739029
3886,11,166,0.17224790155887604
3887,11,167,0.2119186669588089
3888,11,168,0.16616810858249664
3889,11,169,0.1924223005771637
3890,11,170,0.15975575149059296
3891,11,171,0.18073591589927673
3892,11,172,0.21922287344932556
3893,11,173,0.19098308682441711
3894,11,174,0.22237451374530792
3895,11,175,0.1854863315820694
3896,11,176,0.20099452137947083
3897,11,177,0.19258752465248108
3898,11,178,0.1632971465587616
3899,11,179,0.18177789449691772
3900,11,180,0.17231281101703644
3901,11,181,0.1813981533050537
3902,11,182,0.23711271584033966
3903,11,183,0.20184579491615295
3904,11,184,0.17915105819702148
3905,11,185,0.27231425046920776
3906,11,186,0.172977477312088
3907,11,187,0.1684224158525467
3908,11,188,0.15805913507938385
3909,11,189,0.1833309531211853
3910,11,190,0.19260136783123016
3911,11,191,0.21750187873840332
3912,11,192,0.2665846347808838
3913,11,193,0.198610320687294
3914,11,194,0.2729794383049011
3915,11,195,0.1847665011882782
3916,11,196,0.1636805534362793
3917,11,197,0.19185295701026917
3918,11,198,0.17095467448234558
3919,11,199,0.16121701896190643
3920,11,200,0.15519872307777405
3921,11,201,0.20924830436706543
3922,11,202,0.16252610087394714
3923,11,203,0.21662847697734833
3924,11,204,0.16402678191661835
3925,11,205,0.23741574585437775
3926,11,206,0.2580486834049225
3927,11,207,0.1631997972726822
3928,11,208,0.19577434659004211
3929,11,209,0.19388696551322937
3930,11,210,0.18842487037181854
3931,11,211,0.14314159750938416
3932,11,212,0.20487144589424133
3933,11,213,0.1522730439901352
3934,11,214,0.16503596305847168
3935,11,215,0.14455921947956085
3936,11,216,0.15391546487808228
3937,11,217,0.19212087988853455
3938,11,218,0.1954599916934967
3939,11,219,0.18060386180877686
3940,11,220,0.1940184086561203
3941,11,221,0.206938698887825
3942,11,222,0.17877855896949768
3943,11,223,0.19240184128284454
3944,11,224,0.20458075404167175
3945,11,225,0.19122949242591858
3946,11,226,0.18691608309745789
3947,11,227,0.2057543247938156
3948,11,228,0.17220467329025269
3949,11,229,0.17279934883117676
3950,11,230,0.19021569192409515
3951,11,231,0.14915484189987183
3952,11,232,0.19123190641403198
3953,11,233,0.177888885140419
3954,11,234,0.16795162856578827
3955,11,235,0.20588266849517822
3956,11,236,0.1901773065328598
3957,11,237,0.2410304993391037
3958,11,238,0.16641008853912354
3959,11,239,0.17765673995018005
3960,11,240,0.18970918655395508
3961,11,241,0.18450726568698883
3962,11,242,0.2069000005722046
3963,11,243,0.16175177693367004
3964,11,244,0.2709571421146393
3965,11,245,0.30494624376296997
3966,11,246,0.2123839110136032
3967,11,247,0.16782096028327942
3968,11,248,0.17260810732841492
3969,11,249,0.17147424817085266
3970,11,250,0.17024961113929749
3971,11,251,0.15289057791233063
3972,11,252,0.1948622465133667
3973,11,253,0.20214056968688965
3974,11,254,0.19842059910297394
3975,11,255,0.23321251571178436
3976,11,256,0.15333040058612823
3977,11,257,0.1547980010509491
3978,11,258,0.18675288558006287
3979,11,259,0.15643596649169922
3980,11,260,0.20155468583106995
3981,11,261,0.19193227589130402
3982,11,262,0.19170233607292175
3983,11,263,0.18134914338588715
3984,11,264,0.1853289157152176
3985,11,265,0.23076581954956055
3986,11,266,0.26918932795524597
3987,11,267,0.1390276700258255
3988,11,268,0.17826466262340546
3989,11,269,0.2469068467617035
3990,11,270,0.21610191464424133
3991,11,271,0.15193785727024078
3992,11,272,0.17282703518867493
3993,11,273,0.19588536024093628
3994,11,274,0.16815340518951416
3995,11,275,0.15249326825141907
3996,11,276,0.22052013874053955
3997,11,277,0.2351197451353073
3998,11,278,0.19147036969661713
3999,11,279,0.20945581793785095
4000,11,280,0.16204127669334412
4001,11,281,0.18005341291427612
4002,11,282,0.2023877650499344
4003,11,283,0.18764415383338928
4004,11,284,0.17181459069252014
4005,11,285,0.17523232102394104
4006,11,286,0.19462363421916962
4007,11,287,0.17370229959487915
4008,11,288,0.17293116450309753
4009,11,289,0.1917858123779297
4010,11,290,0.251709520816803
4011,11,291,0.17778907716274261
4012,11,292,0.21393799781799316
4013,11,293,0.19698414206504822
4014,11,294,0.20371370017528534
4015,11,295,0.1588895171880722
4016,11,296,0.21150723099708557
4017,11,297,0.1870788186788559
4018,11,298,0.16770514845848083
4019,11,299,0.2541585862636566
4020,11,300,0.20653918385505676
4021,11,301,0.18395382165908813
4022,11,302,0.164729505777359
4023,11,303,0.23504038155078888
4024,11,304,0.18362317979335785
4025,11,305,0.16129626333713531
4026,11,306,0.17148539423942566
4027,11,307,0.19893169403076172
4028,11,308,0.21291092038154602
4029,11,309,0.15332695841789246
4030,11,310,0.19875112175941467
4031,11,311,0.25545182824134827
4032,11,312,0.19587169587612152
4033,11,313,0.195313960313797
4034,11,314,0.15919354557991028
4035,11,315,0.21907594799995422
4036,11,316,0.21717298030853271
4037,11,317,0.17713388800621033
4038,11,318,0.24178612232208252
4039,11,319,0.19667789340019226
4040,11,320,0.19600676000118256
4041,11,321,0.22028692066669464
4042,11,322,0.15872487425804138
4043,11,323,0.1814330518245697
4044,11,324,0.1622384637594223
4045,11,325,0.20375899970531464
4046,11,326,0.19866041839122772
4047,11,327,0.1711450070142746
4048,11,328,0.2562699317932129
4049,11,329,0.1725476086139679
4050,11,330,0.3084610104560852
4051,11,331,0.19928446412086487
4052,11,332,0.199701189994812
4053,11,333,0.1791536957025528
4054,11,334,0.17702248692512512
4055,11,335,0.16946890950202942
4056,11,336,0.19437971711158752
4057,11,337,0.19034942984580994
4058,11,338,0.17525535821914673
4059,11,339,0.2437051236629486
4060,11,340,0.18183818459510803
4061,11,341,0.19398212432861328
4062,11,342,0.20089158415794373
4063,11,343,0.2123589813709259
4064,11,344,0.18026787042617798
4065,11,345,0.22262057662010193
4066,11,346,0.18029329180717468
4067,11,347,0.21361815929412842
4068,11,348,0.1783817559480667
4069,11,349,0.1696048378944397
4070,11,350,0.1365126073360443
4071,11,351,0.17926758527755737
4072,11,352,0.22105908393859863
4073,11,353,0.1793675422668457
4074,11,354,0.16929273307323456
4075,11,355,0.21310052275657654
4076,11,356,0.2212972640991211
4077,11,357,0.18245992064476013
4078,11,358,0.18905100226402283
4079,11,359,0.16585084795951843
4080,11,360,0.17633691430091858
4081,11,361,0.23107436299324036
4082,11,362,0.18934127688407898
4083,11,363,0.14337089657783508
4084,11,364,0.19007065892219543
4085,11,365,0.1713707149028778
4086,11,366,0.1890505850315094
4087,11,367,0.17174756526947021
4088,11,368,0.3113504648208618
4089,11,369,0.18192161619663239
4090,11,370,0.23416605591773987
4091,11,371,0.18060585856437683
4092,11,372,0.18795186281204224
4093,12,1,0.18991334736347198
4094,12,2,0.16607530415058136
4095,12,3,0.16342397034168243
4096,12,4,0.19319631159305573
4097,12,5,0.14563050866127014
4098,12,6,0.2076832354068756
4099,12,7,0.1888006031513214
4100,12,8,0.18856288492679596
4101,12,9,0.17519864439964294
4102,12,10,0.14804446697235107
4103,12,11,0.1568218469619751
4104,12,12,0.17155101895332336
4105,12,13,0.13425830006599426
4106,12,14,0.17383114993572235
4107,12,15,0.17884255945682526
4108,12,16,0.24090604484081268
4109,12,17,0.22635483741760254
4110,12,18,0.14760535955429077
4111,12,19,0.15609049797058105
4112,12,20,0.2035587728023529
4113,12,21,0.1916060596704483
4114,12,22,0.17142412066459656
4115,12,23,0.16078177094459534
4116,12,24,0.14194142818450928
4117,12,25,0.1281278282403946
4118,12,26,0.15828193724155426
4119,12,27,0.21357044577598572
4120,12,28,0.1592443585395813
4121,12,29,0.18576005101203918
4122,12,30,0.19175058603286743
4123,12,31,0.1783992499113083
4124,12,32,0.1389390230178833
4125,12,33,0.15176396071910858
4126,12,34,0.17223118245601654
4127,12,35,0.1645108014345169
4128,12,36,0.14940088987350464
4129,12,37,0.17595548927783966
4130,12,38,0.14385925233364105
4131,12,39,0.20076768100261688
4132,12,40,0.17902350425720215
4133,12,41,0.17300070822238922
4134,12,42,0.1763388067483902
4135,12,43,0.15452679991722107
4136,12,44,0.20566019415855408
4137,12,45,0.18702994287014008
4138,12,46,0.18648000061511993
4139,12,47,0.16257396340370178
4140,12,48,0.15943904221057892
4141,12,49,0.18529438972473145
4142,12,50,0.16608081758022308
4143,12,51,0.19467692077159882
4144,12,52,0.2608782649040222
4145,12,53,0.18444359302520752
4146,12,54,0.1663159281015396
4147,12,55,0.14120513200759888
4148,12,56,0.17908522486686707
4149,12,57,0.16925838589668274
4150,12,58,0.17446818947792053
4151,12,59,0.17455893754959106
4152,12,60,0.21855494379997253
4153,12,61,0.18699470162391663
4154,12,62,0.13663916289806366
4155,12,63,0.2097797393798828
4156,12,64,0.15281043946743011
4157,12,65,0.2005675584077835
4158,12,66,0.19534432888031006
4159,12,67,0.19654622673988342
4160,12,68,0.1653720885515213
4161,12,69,0.15933820605278015
4162,12,70,0.2225789576768875
4163,12,71,0.1630827784538269
4164,12,72,0.162710502743721
4165,12,73,0.18891537189483643
4166,12,74,0.17048951983451843
4167,12,75,0.3263207972049713
4168,12,76,0.21951544284820557
4169,12,77,0.1722145974636078
4170,12,78,0.1653144657611847
4171,12,79,0.1881151646375656
4172,12,80,0.19603034853935242
4173,12,81,0.18825562298297882
4174,12,82,0.1537802815437317
4175,12,83,0.17831048369407654
4176,12,84,0.15823663771152496
4177,12,85,0.20079267024993896
4178,12,86,0.2109672725200653
4179,12,87,0.17364318668842316
4180,12,88,0.20762641727924347
4181,12,89,0.1789817363023758
4182,12,90,0.17764228582382202
4183,12,91,0.1942148357629776
4184,12,92,0.15722408890724182
4185,12,93,0.17104361951351166
4186,12,94,0.16249245405197144
4187,12,95,0.16392958164215088
4188,12,96,0.19536149501800537
4189,12,97,0.17278163135051727
4190,12,98,0.1757895052433014
4191,12,99,0.1849413514137268
4192,12,100,0.17299135029315948
4193,12,101,0.17910131812095642
4194,12,102,0.16661466658115387
4195,12,103,0.1815412938594818
4196,12,104,0.2273440659046173
4197,12,105,0.21134278178215027
4198,12,106,0.13821320235729218
4199,12,107,0.24447135627269745
4200,12,108,0.15910494327545166
4201,12,109,0.1668868213891983
4202,12,110,0.19405780732631683
4203,12,111,0.2116638869047165
4204,12,112,0.1734965741634369
4205,12,113,0.1667080819606781
4206,12,114,0.1824570745229721
4207,12,115,0.20633336901664734
4208,12,116,0.17293491959571838
4209,12,117,0.15880173444747925
4210,12,118,0.23027303814888
4211,12,119,0.1613214910030365
4212,12,120,0.24266882240772247
4213,12,121,0.19116182625293732
4214,12,122,0.1491050273180008
4215,12,123,0.1780928671360016
4216,12,124,0.19954989850521088
4217,12,125,0.19443932175636292
4218,12,126,0.17724677920341492
4219,12,127,0.18623867630958557
4220,12,128,0.17812247574329376
4221,12,129,0.13181903958320618
4222,12,130,0.18794457614421844
4223,12,131,0.23773102462291718
4224,12,132,0.17800496518611908
4225,12,133,0.19628429412841797
4226,12,134,0.2102389633655548
4227,12,135,0.17828115820884705
4228,12,136,0.17691992223262787
4229,12,137,0.17480723559856415
4230,12,138,0.16758377850055695
4231,12,139,0.17188513278961182
4232,12,140,0.21788077056407928
4233,12,141,0.2016056776046753
4234,12,142,0.14856086671352386
4235,12,143,0.16659687459468842
4236,12,144,0.150491401553154
4237,12,145,0.18735693395137787
4238,12,146,0.26554349064826965
4239,12,147,0.20666559040546417
4240,12,148,0.20682354271411896
4241,12,149,0.1549549400806427
4242,12,150,0.1681494563817978
4243,12,151,0.18321828544139862
4244,12,152,0.2046676129102707
4245,12,153,0.17273317277431488
4246,12,154,0.20906320214271545
4247,12,155,0.19964663684368134
4248,12,156,0.16485919058322906
4249,12,157,0.1976632922887802
4250,12,158,0.16077563166618347
4251,12,159,0.18608048558235168
4252,12,160,0.13777124881744385
4253,12,161,0.2629798948764801
4254,12,162,0.16670644283294678
4255,12,163,0.1902131736278534
4256,12,164,0.1877952218055725
4257,12,165,0.17605797946453094
4258,12,166,0.18380023539066315
4259,12,167,0.1706545501947403
4260,12,168,0.16619834303855896
4261,12,169,0.19439555704593658
4262,12,170,0.16773417592048645
4263,12,171,0.19371983408927917
4264,12,172,0.1797289401292801
4265,12,173,0.15882010757923126
4266,12,174,0.20174351334571838
4267,12,175,0.17871803045272827
4268,12,176,0.1679772287607193
4269,12,177,0.21980741620063782
4270,12,178,0.16438040137290955
4271,12,179,0.22241032123565674
4272,12,180,0.1768290102481842
4273,12,181,0.18884095549583435
4274,12,182,0.16665704548358917
4275,12,183,0.19834265112876892
4276,12,184,0.19858449697494507
4277,12,185,0.17715772986412048
4278,12,186,0.16371893882751465
4279,12,187,0.18569809198379517
4280,12,188,0.14471718668937683
4281,12,189,0.20545008778572083
4282,12,190,0.18284651637077332
4283,12,191,0.181772843003273
4284,12,192,0.18303196132183075
4285,12,193,0.2178448885679245
4286,12,194,0.1755705326795578
4287,12,195,0.2124786078929901
4288,12,196,0.24428847432136536
4289,12,197,0.2125479280948639
4290,12,198,0.18963421881198883
4291,12,199,0.16795112192630768
4292,12,200,0.18379177153110504
4293,12,201,0.19275440275669098
4294,12,202,0.16355769336223602
4295,12,203,0.16345855593681335
4296,12,204,0.15996208786964417
4297,12,205,0.20232875645160675
4298,12,206,0.18111607432365417
4299,12,207,0.14863954484462738
4300,12,208,0.2037748396396637
4301,12,209,0.1656167060136795
4302,12,210,0.1752849519252777
4303,12,211,0.16252566874027252
4304,12,212,0.14752833545207977
4305,12,213,0.17316175997257233
4306,12,214,0.2171604186296463
4307,12,215,0.2131974995136261
4308,12,216,0.2165096253156662
4309,12,217,0.1762170046567917
4310,12,218,0.15370984375476837
4311,12,219,0.16900235414505005
4312,12,220,0.16561810672283173
4313,12,221,0.1756383180618286
4314,12,222,0.1907055824995041
4315,12,223,0.18682393431663513
4316,12,224,0.2190970629453659
4317,12,225,0.15137766301631927
4318,12,226,0.17442746460437775
4319,12,227,0.2380409985780716
4320,12,228,0.2200545370578766
4321,12,229,0.18034566938877106
4322,12,230,0.219498872756958
4323,12,231,0.19655701518058777
4324,12,232,0.16859427094459534
4325,12,233,0.17246794700622559
4326,12,234,0.1661095917224884
4327,12,235,0.22395291924476624
4328,12,236,0.17841780185699463
4329,12,237,0.18893618881702423
4330,12,238,0.1515449583530426
4331,12,239,0.2044014185667038
4332,12,240,0.18388313055038452
4333,12,241,0.2471635341644287
4334,12,242,0.1705952286720276
4335,12,243,0.1827649623155594
4336,12,244,0.17823004722595215
4337,12,245,0.1831074208021164
4338,12,246,0.20134463906288147
4339,12,247,0.1561618149280548
4340,12,248,0.13994619250297546
4341,12,249,0.20416191220283508
4342,12,250,0.1937340795993805
4343,12,251,0.17023806273937225
4344,12,252,0.16189198195934296
4345,12,253,0.2000240832567215
4346,12,254,0.16816817224025726
4347,12,255,0.18510687351226807
4348,12,256,0.17537471652030945
4349,12,257,0.2195766419172287
4350,12,258,0.15352173149585724
4351,12,259,0.17334958910942078
4352,12,260,0.1694176197052002
4353,12,261,0.16799461841583252
4354,12,262,0.1746242344379425
4355,12,263,0.2028929442167282
4356,12,264,0.196600079536438
4357,12,265,0.14459677040576935
4358,12,266,0.1691729575395584
4359,12,267,0.1623896360397339
4360,12,268,0.19244898855686188
4361,12,269,0.15414093434810638
4362,12,270,0.18363305926322937
4363,12,271,0.15419840812683105
4364,12,272,0.16701383888721466
4365,12,273,0.17476502060890198
4366,12,274,0.14796926081180573
4367,12,275,0.21619033813476562
4368,12,276,0.20603486895561218
4369,12,277,0.1948544681072235
4370,12,278,0.1404159963130951
4371,12,279,0.1764456331729889
4372,12,280,0.18858405947685242
4373,12,281,0.1889525204896927
4374,12,282,0.17377088963985443
4375,12,283,0.205359548330307
4376,12,284,0.1818617731332779
4377,12,285,0.18456819653511047
4378,12,286,0.15879634022712708
4379,12,287,0.16411420702934265
4380,12,288,0.1367187201976776
4381,12,289,0.1602792888879776
4382,12,290,0.17146560549736023
4383,12,291,0.15773949027061462
4384,12,292,0.16163316369056702
4385,12,293,0.15301255881786346
4386,12,294,0.18526330590248108
4387,12,295,0.17717280983924866
4388,12,296,0.19286568462848663
4389,12,297,0.1635648012161255
4390,12,298,0.196637362241745
4391,12,299,0.20187242329120636
4392,12,300,0.17803512513637543
4393,12,301,0.2151695042848587
4394,12,302,0.17251494526863098
4395,12,303,0.47276169061660767
4396,12,304,0.18278555572032928
4397,12,305,0.17038555443286896
4398,12,306,0.19759930670261383
4399,12,307,0.1598684936761856
4400,12,308,0.18678583204746246
4401,12,309,0.18878576159477234
4402,12,310,0.19756674766540527
4403,12,311,0.18418535590171814
4404,12,312,0.20488007366657257
4405,12,313,0.20501497387886047
4406,12,314,0.16284918785095215
4407,12,315,0.1761845052242279
4408,12,316,0.18567773699760437
4409,12,317,0.20983226597309113
4410,12,318,0.17847195267677307
4411,12,319,0.24305887520313263
4412,12,320,0.14782622456550598
4413,12,321,0.19209297001361847
4414,12,322,0.1660897433757782
4415,12,323,0.22613871097564697
4416,12,324,0.21388337016105652
4417,12,325,0.20403964817523956
4418,12,326,0.18986725807189941
4419,12,327,0.17859101295471191
4420,12,328,0.1870880424976349
4421,12,329,0.15372732281684875
4422,12,330,0.15913407504558563
4423,12,331,0.17352837324142456
4424,12,332,0.1770617663860321
4425,12,333,0.20325496792793274
4426,12,334,0.1705327332019806
4427,12,335,0.19135557115077972
4428,12,336,0.17292775213718414
4429,12,337,0.177239328622818
4430,12,338,0.23162682354450226
4431,12,339,0.2151060551404953
4432,12,340,0.21155159175395966
4433,12,341,0.21110375225543976
4434,12,342,0.168874129652977
4435,12,343,0.15758362412452698
4436,12,344,0.20373746752738953
4437,12,345,0.30406075716018677
4438,12,346,0.1958010047674179
4439,12,347,0.23543384671211243
4440,12,348,0.199763223528862
4441,12,349,0.20130343735218048
4442,12,350,0.1812254935503006
4443,12,351,0.23315724730491638
4444,12,352,0.22913618385791779
4445,12,353,0.2558363080024719
4446,12,354,0.19875667989253998
4447,12,355,0.22158154845237732
4448,12,356,0.2437908947467804
4449,12,357,0.21199247241020203
4450,12,358,0.25299885869026184
4451,12,359,0.1794314980506897
4452,12,360,0.1521606743335724
4453,12,361,0.18221411108970642
4454,12,362,0.23328277468681335
4455,12,363,0.2288452833890915
4456,12,364,0.16690459847450256
4457,12,365,0.1690540909767151
4458,12,366,0.1952911615371704
4459,12,367,0.24868550896644592
4460,12,368,0.19143620133399963
4461,12,369,0.1657450795173645
4462,12,370,0.18173126876354218
4463,12,371,0.17448024451732635
4464,12,372,0.19512182474136353
4465,13,1,0.14064189791679382
4466,13,2,0.15555474162101746
4467,13,3,0.17925646901130676
4468,13,4,0.20063574612140656
4469,13,5,0.22503986954689026
4470,13,6,0.18850114941596985
4471,13,7,0.19350913166999817
4472,13,8,0.18204769492149353
4473,13,9,0.2050503045320511
4474,13,10,0.17834892868995667
4475,13,11,0.1916888952255249
4476,13,12,0.15056699514389038
4477,13,13,0.18781539797782898
4478,13,14,0.19789323210716248
4479,13,15,0.19505396485328674
4480,13,16,0.20124880969524384
4481,13,17,0.14415107667446136
4482,13,18,0.19695180654525757
4483,13,19,0.18842241168022156
4484,13,20,0.1617753803730011
4485,13,21,0.1587008833885193
4486,13,22,0.1684463620185852
4487,13,23,0.1627759039402008
4488,13,24,0.17108295857906342
4489,13,25,0.17994557321071625
4490,13,26,0.1984958052635193
4491,13,27,0.19986890256404877
4492,13,28,0.19077728688716888
4493,13,29,0.17417125403881073
4494,13,30,0.23047903180122375
4495,13,31,0.17251579463481903
4496,13,32,0.1807909905910492
4497,13,33,0.1779678910970688
4498,13,34,0.2398005723953247
4499,13,35,0.1826295107603073
4500,13,36,0.17820778489112854
4501,13,37,0.3096894323825836
4502,13,38,0.1973441243171692
4503,13,39,0.1382010579109192
4504,13,40,0.15673524141311646
4505,13,41,0.15196946263313293
4506,13,42,0.20691215991973877
4507,13,43,0.18168887495994568
4508,13,44,0.18707773089408875
4509,13,45,0.18874436616897583
4510,13,46,0.22343504428863525
4511,13,47,0.15087954699993134
4512,13,48,0.19792450964450836
4513,13,49,0.20220038294792175
4514,13,50,0.1675083488225937
4515,13,51,0.19099433720111847
4516,13,52,0.19683238863945007
4517,13,53,0.17966072261333466
4518,13,54,0.16265498101711273
4519,13,55,0.16206461191177368
4520,13,56,0.18310952186584473
4521,13,57,0.20544295012950897
4522,13,58,0.16526202857494354
4523,13,59,0.2006751000881195
4524,13,60,0.1791277676820755
4525,13,61,0.14462782442569733
4526,13,62,0.21419186890125275
4527,13,63,0.1839643120765686
4528,13,64,0.1726287603378296
4529,13,65,0.2047944962978363
4530,13,66,0.14952333271503448
4531,13,67,0.24879369139671326
4532,13,68,0.18675735592842102
4533,13,69,0.19618111848831177
4534,13,70,0.21226894855499268
4535,13,71,0.18127983808517456
4536,13,72,0.18873050808906555
4537,13,73,0.12186956405639648
4538,13,74,0.17588986456394196
4539,13,75,0.16955383121967316
4540,13,76,0.1738930642604828
4541,13,77,0.15225708484649658
4542,13,78,0.16646243631839752
4543,13,79,0.19176888465881348
4544,13,80,0.16122815012931824
4545,13,81,0.16258153319358826
4546,13,82,0.17305783927440643
4547,13,83,0.16152745485305786
4548,13,84,0.2116233855485916
4549,13,85,0.16183024644851685
4550,13,86,0.17333361506462097
4551,13,87,0.1554100215435028
4552,13,88,0.17355291545391083
4553,13,89,0.15909931063652039
4554,13,90,0.16573086380958557
4555,13,91,0.18493923544883728
4556,13,92,0.18144574761390686
4557,13,93,0.18533657491207123
4558,13,94,0.1593298614025116
4559,13,95,0.14072121679782867
4560,13,96,0.1496472805738449
4561,13,97,0.1842520385980606
4562,13,98,0.22773811221122742
4563,13,99,0.16197821497917175
4564,13,100,0.16482210159301758
4565,13,101,0.15213900804519653
4566,13,102,0.18634165823459625
4567,13,103,0.2835557162761688
4568,13,104,0.1748887151479721
4569,13,105,0.14974455535411835
4570,13,106,0.14576537907123566
4571,13,107,0.23186182975769043
4572,13,108,0.18998907506465912
4573,13,109,0.159257173538208
4574,13,110,0.18004103004932404
4575,13,111,0.19422569870948792
4576,13,112,0.16210311651229858
4577,13,113,0.2192668616771698
4578,13,114,0.17576073110103607
4579,13,115,0.30680376291275024
4580,13,116,0.1972302496433258
4581,13,117,0.1423313319683075
4582,13,118,0.22053556144237518
4583,13,119,0.18469637632369995
4584,13,120,0.16933134198188782
4585,13,121,0.2319149225950241
4586,13,122,0.14511600136756897
4587,13,123,0.18665313720703125
4588,13,124,0.18878130614757538
4589,13,125,0.17867974936962128
4590,13,126,0.18923203647136688
4591,13,127,0.1803566813468933
4592,13,128,0.18032729625701904
4593,13,129,0.14913323521614075
4594,13,130,0.1986594796180725
4595,13,131,0.17836889624595642
4596,13,132,0.20352809131145477
4597,13,133,0.23349745571613312
4598,13,134,0.1817367523908615
4599,13,135,0.24033400416374207
4600,13,136,0.1886117160320282
4601,13,137,0.25030094385147095
4602,13,138,0.17540064454078674
4603,13,139,0.19301791489124298
4604,13,140,0.1469375193119049
4605,13,141,0.20281687378883362
4606,13,142,0.20683017373085022
4607,13,143,0.19158011674880981
4608,13,144,0.1891452521085739
4609,13,145,0.2924388349056244
4610,13,146,0.1774926334619522
4611,13,147,0.16860313713550568
4612,13,148,0.14908012747764587
4613,13,149,0.19097229838371277
4614,13,150,0.16291028261184692
4615,13,151,0.16419237852096558
4616,13,152,0.1693093180656433
4617,13,153,0.18326416611671448
4618,13,154,0.17035123705863953
4619,13,155,0.2077559232711792
4620,13,156,0.15666253864765167
4621,13,157,0.1619734913110733
4622,13,158,0.17571434378623962
4623,13,159,0.2045665681362152
4624,13,160,0.1608082354068756
4625,13,161,0.18635590374469757
4626,13,162,0.17715978622436523
4627,13,163,0.1530614197254181
4628,13,164,0.17023083567619324
4629,13,165,0.16170626878738403
4630,13,166,0.19689282774925232
4631,13,167,0.1685318499803543
4632,13,168,0.2365255057811737
4633,13,169,0.2121637761592865
4634,13,170,0.2061479389667511
4635,13,171,0.17802594602108002
4636,13,172,0.20352773368358612
4637,13,173,0.20076744258403778
4638,13,174,0.18157076835632324
4639,13,175,0.17127761244773865
4640,13,176,0.19876280426979065
4641,13,177,0.15529854595661163
4642,13,178,0.17558720707893372
4643,13,179,0.1784271001815796
4644,13,180,0.22251887619495392
4645,13,181,0.21718144416809082
4646,13,182,0.18106922507286072
4647,13,183,0.19444230198860168
4648,13,184,0.18547840416431427
4649,13,185,0.18683438003063202
4650,13,186,0.17113414406776428
4651,13,187,0.15722668170928955
4652,13,188,0.1679227501153946
4653,13,189,0.2201494723558426
4654,13,190,0.17919516563415527
4655,13,191,0.1186773031949997
4656,13,192,0.19003251194953918
4657,13,193,0.2206776887178421
4658,13,194,0.19763313233852386
4659,13,195,0.1596699357032776
4660,13,196,0.1864427924156189
4661,13,197,0.14463628828525543
4662,13,198,0.16791649162769318
4663,13,199,0.18775945901870728
4664,13,200,0.15318678319454193
4665,13,201,0.1980060189962387
4666,13,202,0.22824649512767792
4667,13,203,0.18116219341754913
4668,13,204,0.19731970131397247
4669,13,205,0.16869433224201202
4670,13,206,0.19737789034843445
4671,13,207,0.18235555291175842
4672,13,208,0.14739935100078583
4673,13,209,0.12784892320632935
4674,13,210,0.14340388774871826
4675,13,211,0.15293824672698975
4676,13,212,0.1620606631040573
4677,13,213,0.2073727399110794
4678,13,214,0.1655081957578659
4679,13,215,0.17010855674743652
4680,13,216,0.19165484607219696
4681,13,217,0.2028409242630005
4682,13,218,0.17324206233024597
4683,13,219,0.20133788883686066
4684,13,220,0.1855282336473465
4685,13,221,0.21976549923419952
4686,13,222,0.16439202427864075
4687,13,223,0.15032771229743958
4688,13,224,0.182280033826828
4689,13,225,0.1838785707950592
4690,13,226,0.21873430907726288
4691,13,227,0.15995268523693085
4692,13,228,0.15301048755645752
4693,13,229,0.18951556086540222
4694,13,230,0.18331965804100037
4695,13,231,0.17855188250541687
4696,13,232,0.1702791303396225
4697,13,233,0.20070067048072815
4698,13,234,0.21997442841529846
4699,13,235,0.15359731018543243
4700,13,236,0.17043349146842957
4701,13,237,0.1706664264202118
4702,13,238,0.15725435316562653
4703,13,239,0.18332618474960327
4704,13,240,0.19398729503154755
4705,13,241,0.17696380615234375
4706,13,242,0.20902597904205322
4707,13,243,0.2133517563343048
4708,13,244,0.19169221818447113
4709,13,245,0.19631940126419067
4710,13,246,0.19213122129440308
4711,13,247,0.16880615055561066
4712,13,248,0.15963256359100342
4713,13,249,0.18033546209335327
4714,13,250,0.138499453663826
4715,13,251,0.17594608664512634
4716,13,252,0.18204736709594727
4717,13,253,0.16304922103881836
4718,13,254,0.17995516955852509
4719,13,255,0.17763416469097137
4720,13,256,0.16716943681240082
4721,13,257,0.15595144033432007
4722,13,258,0.21504518389701843
4723,13,259,0.1979779303073883
4724,13,260,0.16626283526420593
4725,13,261,0.1829403191804886
4726,13,262,0.16030094027519226
4727,13,263,0.15880942344665527
4728,13,264,0.17055997252464294
4729,13,265,0.20753996074199677
4730,13,266,0.13834740221500397
4731,13,267,0.15464025735855103
4732,13,268,0.21109244227409363
4733,13,269,0.1785023808479309
4734,13,270,0.1586042195558548
4735,13,271,0.15590205788612366
4736,13,272,0.14600560069084167
4737,13,273,0.1677704155445099
4738,13,274,0.1997843235731125
4739,13,275,0.16374896466732025
4740,13,276,0.18133749067783356
4741,13,277,0.17508995532989502
4742,13,278,0.1448732316493988
4743,13,279,0.15929554402828217
4744,13,280,0.1605503112077713
4745,13,281,0.2036162167787552
4746,13,282,0.2005273997783661
4747,13,283,0.18992391228675842
4748,13,284,0.14574819803237915
4749,13,285,0.16767850518226624
4750,13,286,0.20282378792762756
4751,13,287,0.15051834285259247
4752,13,288,0.18370133638381958
4753,13,289,0.1934812366962433
4754,13,290,0.19891779124736786
4755,13,291,0.1508655995130539
4756,13,292,0.1619182825088501
4757,13,293,0.18667690455913544
4758,13,294,0.18335817754268646
4759,13,295,0.22736823558807373
4760,13,296,0.16494770348072052
4761,13,297,0.15841709077358246
4762,13,298,0.18858346343040466
4763,13,299,0.17844602465629578
4764,13,300,0.16790510714054108
4765,13,301,0.18203088641166687
4766,13,302,0.16969487071037292
4767,13,303,0.1924445778131485
4768,13,304,0.166289821267128
4769,13,305,0.15460741519927979
4770,13,306,0.16062676906585693
4771,13,307,0.16299816966056824
4772,13,308,0.18589720129966736
4773,13,309,0.15483330190181732
4774,13,310,0.16331206262111664
4775,13,311,0.1855897754430771
4776,13,312,0.18591706454753876
4777,13,313,0.20440201461315155
4778,13,314,0.1628258228302002
4779,13,315,0.20279736816883087
4780,13,316,0.16898946464061737
4781,13,317,0.1867312639951706
4782,13,318,0.15361762046813965
4783,13,319,0.1804458200931549
4784,13,320,0.18932554125785828
4785,13,321,0.17474420368671417
4786,13,322,0.16678906977176666
4787,13,323,0.19015081226825714
4788,13,324,0.18915753066539764
4789,13,325,0.19129355251789093
4790,13,326,0.18372562527656555
4791,13,327,0.1800830215215683
4792,13,328,0.1329437792301178
4793,13,329,0.21098342537879944
4794,13,330,0.15483686327934265
4795,13,331,0.14700046181678772
4796,13,332,0.18495938181877136
4797,13,333,0.17642924189567566
4798,13,334,0.20788753032684326
4799,13,335,0.19102056324481964
4800,13,336,0.22723498940467834
4801,13,337,0.16541965305805206
4802,13,338,0.16482676565647125
4803,13,339,0.16674622893333435
4804,13,340,0.16408908367156982
4805,13,341,0.15066160261631012
4806,13,342,0.19240246713161469
4807,13,343,0.16557052731513977
4808,13,344,0.18799543380737305
4809,13,345,0.20116524398326874
4810,13,346,0.22876659035682678
4811,13,347,0.179619699716568
4812,13,348,0.20040695369243622
4813,13,349,0.16497978568077087
4814,13,350,0.169295534491539
4815,13,351,0.1958341896533966
4816,13,352,0.14930662512779236
4817,13,353,0.17768749594688416
4818,13,354,0.19529502093791962
4819,13,355,0.19547152519226074
4820,13,356,0.19035623967647552
4821,13,357,0.19734345376491547
4822,13,358,0.1841876059770584
4823,13,359,0.21295711398124695
4824,13,360,0.15550260245800018
4825,13,361,0.1676826924085617
4826,13,362,0.1656443327665329
4827,13,363,0.19407254457473755
4828,13,364,0.1741165816783905
4829,13,365,0.1649313122034073
4830,13,366,0.1908375322818756
4831,13,367,0.1581614911556244
4832,13,368,0.17820952832698822
4833,13,369,0.17806307971477509
4834,13,370,0.2023957222700119
4835,13,371,0.2739461660385132
4836,13,372,0.21351678669452667
4837,14,1,0.15497727692127228
4838,14,2,0.17471466958522797
4839,14,3,0.182199627161026
4840,14,4,0.15384943783283234
4841,14,5,0.16921953856945038
4842,14,6,0.20363180339336395
4843,14,7,0.2003764659166336
4844,14,8,0.20268411934375763
4845,14,9,0.16037265956401825
4846,14,10,0.1626259833574295
4847,14,11,0.17199692130088806
4848,14,12,0.23617473244667053
4849,14,13,0.1454702913761139
4850,14,14,0.190952867269516
4851,14,15,0.16679659485816956
4852,14,16,0.1698218435049057
4853,14,17,0.2022377997636795
4854,14,18,0.13605739176273346
4855,14,19,0.14313077926635742
4856,14,20,0.17085878551006317
4857,14,21,0.1536599099636078
4858,14,22,0.1469978541135788
4859,14,23,0.17784175276756287
4860,14,24,0.1621350347995758
4861,14,25,0.1660955399274826
4862,14,26,0.14036810398101807
4863,14,27,0.18719010055065155
4864,14,28,0.15840226411819458
4865,14,29,0.1738777458667755
4866,14,30,0.1842871606349945
4867,14,31,0.15684400498867035
4868,14,32,0.1534000188112259
4869,14,33,0.16811510920524597
4870,14,34,0.17718622088432312
4871,14,35,0.18481402099132538
4872,14,36,0.16981086134910583
4873,14,37,0.16319459676742554
4874,14,38,0.17004063725471497
4875,14,39,0.18566152453422546
4876,14,40,0.15882608294487
4877,14,41,0.20897147059440613
4878,14,42,0.1809222400188446
4879,14,43,0.14889958500862122
4880,14,44,0.16478729248046875
4881,14,45,0.15950393676757812
4882,14,46,0.1541522890329361
4883,14,47,0.17039576172828674
4884,14,48,0.20377278327941895
4885,14,49,0.24289527535438538
4886,14,50,0.22691774368286133
4887,14,51,0.16471773386001587
4888,14,52,0.14361165463924408
4889,14,53,0.1917625516653061
4890,14,54,0.18764443695545197
4891,14,55,0.15086379647254944
4892,14,56,0.17288796603679657
4893,14,57,0.165064737200737
4894,14,58,0.1485470086336136
4895,14,59,0.17136244475841522
4896,14,60,0.1535758078098297
4897,14,61,0.19418779015541077
4898,14,62,0.1781855821609497
4899,14,63,0.18621285259723663
4900,14,64,0.16097788512706757
4901,14,65,0.17478010058403015
4902,14,66,0.17346978187561035
4903,14,67,0.1399601697921753
4904,14,68,0.17778971791267395
4905,14,69,0.14630377292633057
4906,14,70,0.1703263521194458
4907,14,71,0.14733374118804932
4908,14,72,0.218051478266716
4909,14,73,0.14607782661914825
4910,14,74,0.15581901371479034
4911,14,75,0.18664467334747314
4912,14,76,0.17650720477104187
4913,14,77,0.194443941116333
4914,14,78,0.15723124146461487
4915,14,79,0.19209645688533783
4916,14,80,0.1742842197418213
4917,14,81,0.15378938615322113
4918,14,82,0.13883037865161896
4919,14,83,0.15864798426628113
4920,14,84,0.1818723827600479
4921,14,85,0.1924276202917099
4922,14,86,0.1567869633436203
4923,14,87,0.19572624564170837
4924,14,88,0.16490831971168518
4925,14,89,0.14964216947555542
4926,14,90,0.18988032639026642
4927,14,91,0.16117417812347412
4928,14,92,0.23681862652301788
4929,14,93,0.17696155607700348
4930,14,94,0.16073565185070038
4931,14,95,0.134159654378891
4932,14,96,0.1923294961452484
4933,14,97,0.19829584658145905
4934,14,98,0.1949993520975113
4935,14,99,0.19193056225776672
4936,14,100,0.15448704361915588
4937,14,101,0.15773816406726837
4938,14,102,0.1855628490447998
4939,14,103,0.20571522414684296
4940,14,104,0.16687984764575958
4941,14,105,0.16809025406837463
4942,14,106,0.14571572840213776
4943,14,107,0.16474796831607819
4944,14,108,0.21678976714611053
4945,14,109,0.20132672786712646
4946,14,110,0.22481600940227509
4947,14,111,0.15952730178833008
4948,14,112,0.15284386277198792
4949,14,113,0.18493446707725525
4950,14,114,0.15191036462783813
4951,14,115,0.18030884861946106
4952,14,116,0.17857591807842255
4953,14,117,0.17866185307502747
4954,14,118,0.1427386850118637
4955,14,119,0.1825520098209381
4956,14,120,0.16657844185829163
4957,14,121,0.17670242488384247
4958,14,122,0.17108508944511414
4959,14,123,0.20086368918418884
4960,14,124,0.20529592037200928
4961,14,125,0.16760894656181335
4962,14,126,0.15461847186088562
4963,14,127,0.16713407635688782
4964,14,128,0.16104881465435028
4965,14,129,0.19522710144519806
4966,14,130,0.1293017417192459
4967,14,131,0.180254265666008
4968,14,132,0.21786589920520782
4969,14,133,0.1751851886510849
4970,14,134,0.16760846972465515
4971,14,135,0.18256841599941254
4972,14,136,0.1846238076686859
4973,14,137,0.16920267045497894
4974,14,138,0.16072632372379303
4975,14,139,0.1397857964038849
4976,14,140,0.15794813632965088
4977,14,141,0.16934120655059814
4978,14,142,0.1477167159318924
4979,14,143,0.16970175504684448
4980,14,144,0.18195806443691254
4981,14,145,0.14082980155944824
4982,14,146,0.14314021170139313
4983,14,147,0.1405208706855774
4984,14,148,0.18386828899383545
4985,14,149,0.15604130923748016
4986,14,150,0.1616450399160385
4987,14,151,0.14673925936222076
4988,14,152,0.13283348083496094
4989,14,153,0.21122220158576965
4990,14,154,0.168928861618042
4991,14,155,0.1968049854040146
4992,14,156,0.14737027883529663
4993,14,157,0.1928619146347046
4994,14,158,0.16257764399051666
4995,14,159,0.17523373663425446
4996,14,160,0.16141492128372192
4997,14,161,0.16749605536460876
4998,14,162,0.1499439924955368
4999,14,163,0.19976823031902313
5000,14,164,0.1639980524778366
5001,14,165,0.1462436020374298
5002,14,166,0.18917866051197052
5003,14,167,0.18448440730571747
5004,14,168,0.16862420737743378
5005,14,169,0.15603896975517273
5006,14,170,0.20199374854564667
5007,14,171,0.19450069963932037
5008,14,172,0.14696121215820312
5009,14,173,0.19195815920829773
5010,14,174,0.197005957365036
5011,14,175,0.12465409934520721
5012,14,176,0.1374329775571823
5013,14,177,0.16443219780921936
5014,14,178,0.16497108340263367
5015,14,179,0.158128023147583
5016,14,180,0.16582787036895752
5017,14,181,0.19362089037895203
5018,14,182,0.19151632487773895
5019,14,183,0.1630914807319641
5020,14,184,0.17869023978710175
5021,14,185,0.16182252764701843
5022,14,186,0.13758179545402527
5023,14,187,0.13337887823581696
5024,14,188,0.21289396286010742
5025,14,189,0.15273520350456238
5026,14,190,0.1840665340423584
5027,14,191,0.16375018656253815
5028,14,192,0.16741174459457397
5029,14,193,0.19110672175884247
5030,14,194,0.17872044444084167
5031,14,195,0.207169771194458
5032,14,196,0.15257450938224792
5033,14,197,0.24380843341350555
5034,14,198,0.18639446794986725
5035,14,199,0.14643090963363647
5036,14,200,0.18853481113910675
5037,14,201,0.18838508427143097
5038,14,202,0.15454478561878204
5039,14,203,0.14815473556518555
5040,14,204,0.21469171345233917
5041,14,205,0.19928599894046783
5042,14,206,0.16171576082706451
5043,14,207,0.17487236857414246
5044,14,208,0.16120649874210358
5045,14,209,0.17882175743579865
5046,14,210,0.146390900015831
5047,14,211,0.18818098306655884
5048,14,212,0.1411624252796173
5049,14,213,0.17797303199768066
5050,14,214,0.19232554733753204
5051,14,215,0.17697378993034363
5052,14,216,0.18636192381381989
5053,14,217,0.17850174009799957
5054,14,218,0.1493207812309265
5055,14,219,0.19415393471717834
5056,14,220,0.17038144171237946
5057,14,221,0.1516709178686142
5058,14,222,0.18721039593219757
5059,14,223,0.19470693171024323
5060,14,224,0.1882544755935669
5061,14,225,0.1696908175945282
5062,14,226,0.16317903995513916
5063,14,227,0.16048863530158997
5064,14,228,0.17934650182724
5065,14,229,0.14909468591213226
5066,14,230,0.17930825054645538
5067,14,231,0.16686658561229706
5068,14,232,0.1868479996919632
5069,14,233,0.17482659220695496
5070,14,234,0.18119899928569794
5071,14,235,0.19515804946422577
5072,14,236,0.17118766903877258
5073,14,237,0.1650579869747162
5074,14,238,0.16670769453048706
5075,14,239,0.15464290976524353
5076,14,240,0.193222776055336
5077,14,241,0.2028455287218094
5078,14,242,0.1665755659341812
5079,14,243,0.17535951733589172
5080,14,244,0.15128621459007263
5081,14,245,0.1802283227443695
5082,14,246,0.16759304702281952
5083,14,247,0.14963559806346893
5084,14,248,0.14531156420707703
5085,14,249,0.17191964387893677
5086,14,250,0.15971782803535461
5087,14,251,0.16557207703590393
5088,14,252,0.2180742770433426
5089,14,253,0.17284242808818817
5090,14,254,0.20294921100139618
5091,14,255,0.16487276554107666
5092,14,256,0.16807520389556885
5093,14,257,0.16292063891887665
5094,14,258,0.1889447569847107
5095,14,259,0.1675780564546585
5096,14,260,0.16936299204826355
5097,14,261,0.16704344749450684
5098,14,262,0.16580460965633392
5099,14,263,0.14975851774215698
5100,14,264,0.16830143332481384
5101,14,265,0.2325940579175949
5102,14,266,0.15815038979053497
5103,14,267,0.1656278669834137
5104,14,268,0.18138539791107178
5105,14,269,0.16658462584018707
5106,14,270,0.18960602581501007
5107,14,271,0.14055082201957703
5108,14,272,0.18889518082141876
5109,14,273,0.15631544589996338
5110,14,274,0.15974144637584686
5111,14,275,0.16969041526317596
5112,14,276,0.16223002970218658
5113,14,277,0.15889357030391693
5114,14,278,0.18563102185726166
5115,14,279,0.16683746874332428
5116,14,280,0.1677822470664978
5117,14,281,0.17638306319713593
5118,14,282,0.17534533143043518
5119,14,283,0.17295894026756287
5120,14,284,0.19335731863975525
5121,14,285,0.15815457701683044
5122,14,286,0.13693556189537048
5123,14,287,0.14670976996421814
5124,14,288,0.2047453671693802
5125,14,289,0.13994687795639038
5126,14,290,0.1638016551733017
5127,14,291,0.1892966479063034
5128,14,292,0.17038594186306
5129,14,293,0.19338592886924744
5130,14,294,0.1708492934703827
5131,14,295,0.1642446666955948
5132,14,296,0.20535750687122345
5133,14,297,0.1804824322462082
5134,14,298,0.14360050857067108
5135,14,299,0.17698511481285095
5136,14,300,0.21022853255271912
5137,14,301,0.1932823807001114
5138,14,302,0.21009185910224915
5139,14,303,0.17149411141872406
5140,14,304,0.16798458993434906
5141,14,305,0.18158841133117676
5142,14,306,0.25995320081710815
5143,14,307,0.17960640788078308
5144,14,308,0.17781546711921692
5145,14,309,0.16058647632598877
5146,14,310,0.18292418122291565
5147,14,311,0.18023081123828888
5148,14,312,0.18151041865348816
5149,14,313,0.19332990050315857
5150,14,314,0.16557691991329193
5151,14,315,0.14543986320495605
5152,14,316,0.15675991773605347
5153,14,317,0.1717955619096756
5154,14,318,0.1817713975906372
5155,14,319,0.184787780046463
5156,14,320,0.13949623703956604
5157,14,321,0.19368472695350647
5158,14,322,0.1579332947731018
5159,14,323,0.1711980104446411
5160,14,324,0.18591353297233582
5161,14,325,0.20221760869026184
5162,14,326,0.18522699177265167
5163,14,327,0.1971709132194519
5164,14,328,0.16673555970191956
5165,14,329,0.17777854204177856
5166,14,330,0.16105636954307556
5167,14,331,0.1434151530265808
5168,14,332,0.1627783328294754
5169,14,333,0.17196008563041687
5170,14,334,0.1375884711742401
5171,14,335,0.16281616687774658
5172,14,336,0.18577376008033752
5173,14,337,0.17824488878250122
5174,14,338,0.1754254549741745
5175,14,339,0.16643449664115906
5176,14,340,0.1695445030927658
5177,14,341,0.15609972178936005
5178,14,342,0.23368656635284424
5179,14,343,0.1679048240184784
5180,14,344,0.16108962893486023
5181,14,345,0.18347232043743134
5182,14,346,0.15902867913246155
5183,14,347,0.2331639528274536
5184,14,348,0.17528972029685974
5185,14,349,0.18667970597743988
5186,14,350,0.16995421051979065
5187,14,351,0.15678146481513977
5188,14,352,0.1573997139930725
5189,14,353,0.1702445149421692
5190,14,354,0.2838277816772461
5191,14,355,0.1553192436695099
5192,14,356,0.20015506446361542
5193,14,357,0.18950127065181732
5194,14,358,0.1884496510028839
5195,14,359,0.15902310609817505
5196,14,360,0.16654017567634583
5197,14,361,0.19716930389404297
5198,14,362,0.16516517102718353
5199,14,363,0.15994194149971008
5200,14,364,0.16318580508232117
5201,14,365,0.14906185865402222
5202,14,366,0.19943660497665405
5203,14,367,0.22140295803546906
5204,14,368,0.2022978961467743
5205,14,369,0.147267147898674
5206,14,370,0.25528308749198914
5207,14,371,0.17753539979457855
5208,14,372,0.2099601924419403
5209,15,1,0.20094311237335205
5210,15,2,0.19581599533557892
5211,15,3,0.19830642640590668
5212,15,4,0.1757635772228241
5213,15,5,0.15195214748382568
5214,15,6,0.21951451897621155
5215,15,7,0.18834592401981354
5216,15,8,0.19978885352611542
5217,15,9,0.19869935512542725
5218,15,10,0.1909213811159134
5219,15,11,0.17591682076454163
5220,15,12,0.16015927493572235
5221,15,13,0.2232394516468048
5222,15,14,0.162148579955101
5223,15,15,0.19175204634666443
5224,15,16,0.16224299371242523
5225,15,17,0.1653931587934494
5226,15,18,0.17935457825660706
5227,15,19,0.2045040875673294
5228,15,20,0.17969608306884766
5229,15,21,0.17581428587436676
5230,15,22,0.18269221484661102
5231,15,23,0.17951634526252747
5232,15,24,0.1576673984527588
5233,15,25,0.1578565537929535
5234,15,26,0.17651760578155518
5235,15,27,0.1778944432735443
5236,15,28,0.1713368147611618
5237,15,29,0.16284210979938507
5238,15,30,0.16341868042945862
5239,15,31,0.16137605905532837
5240,15,32,0.1491200029850006
5241,15,33,0.17840227484703064
5242,15,34,0.1481286734342575
5243,15,35,0.1851407289505005
5244,15,36,0.15145757794380188
5245,15,37,0.1929369866847992
5246,15,38,0.19130824506282806
5247,15,39,0.15632379055023193
5248,15,40,0.14638939499855042
5249,15,41,0.1362641602754593
5250,15,42,0.1485927402973175
5251,15,43,0.17664378881454468
5252,15,44,0.17027969658374786
5253,15,45,0.2279350310564041
5254,15,46,0.14914686977863312
5255,15,47,0.15606191754341125
5256,15,48,0.1429699957370758
5257,15,49,0.18261666595935822
5258,15,50,0.1462414413690567
5259,15,51,0.15856586396694183
5260,15,52,0.15443174540996552
5261,15,53,0.1351332664489746
5262,15,54,0.15136991441249847
5263,15,55,0.17617793381214142
5264,15,56,0.16435107588768005
5265,15,57,0.16104091703891754
5266,15,58,0.1522688865661621
5267,15,59,0.13787908852100372
5268,15,60,0.15865471959114075
5269,15,61,0.18547868728637695
5270,15,62,0.15611271560192108
5271,15,63,0.16447344422340393
5272,15,64,0.1760561615228653
5273,15,65,0.13909155130386353
5274,15,66,0.1466827690601349
5275,15,67,0.19357390701770782
5276,15,68,0.18389737606048584
5277,15,69,0.1412527859210968
5278,15,70,0.13223466277122498
5279,15,71,0.18995489180088043
5280,15,72,0.14262503385543823
5281,15,73,0.14934825897216797
5282,15,74,0.1953180730342865
5283,15,75,0.14954356849193573
5284,15,76,0.14337094128131866
5285,15,77,0.1754087209701538
5286,15,78,0.13870364427566528
5287,15,79,0.17693237960338593
5288,15,80,0.15506844222545624
5289,15,81,0.18356351554393768
5290,15,82,0.15638670325279236
5291,15,83,0.1712144911289215
5292,15,84,0.1628464162349701
5293,15,85,0.17853832244873047
5294,15,86,0.16198453307151794
5295,15,87,0.16857394576072693
5296,15,88,0.2059568166732788
5297,15,89,0.13564984500408173
5298,15,90,0.15975140035152435
5299,15,91,0.1726280152797699
5300,15,92,0.18349973857402802
5301,15,93,0.12946416437625885
5302,15,94,0.1646302491426468
5303,15,95,0.1824817657470703
5304,15,96,0.19085811078548431
5305,15,97,0.2609148621559143
5306,15,98,0.23035986721515656
5307,15,99,0.18226708471775055
5308,15,100,0.16716121137142181
5309,15,101,0.1560720056295395
5310,15,102,0.17081241309642792
5311,15,103,0.18183210492134094
5312,15,104,0.1461624950170517
5313,15,105,0.1339608132839203
5314,15,106,0.15382324159145355
5315,15,107,0.17518754303455353
5316,15,108,0.1967858374118805
5317,15,109,0.21887865662574768
5318,15,110,0.19681504368782043
5319,15,111,0.15330056846141815
5320,15,112,0.15580721199512482
5321,15,113,0.19587679207324982
5322,15,114,0.18789421021938324
5323,15,115,0.16131633520126343
5324,15,116,0.18386293947696686
5325,15,117,0.15806792676448822
5326,15,118,0.12860107421875
5327,15,119,0.16802793741226196
5328,15,120,0.1434352993965149
5329,15,121,0.16367322206497192
5330,15,122,0.16843754053115845
5331,15,123,0.15088213980197906
5332,15,124,0.17036806046962738
5333,15,125,0.18440482020378113
5334,15,126,0.1779528111219406
5335,15,127,0.14053502678871155
5336,15,128,0.14458246529102325
5337,15,129,0.15435922145843506
5338,15,130,0.14166826009750366
5339,15,131,0.13274085521697998
5340,15,132,0.15831582248210907
5341,15,133,0.16654524207115173
5342,15,134,0.16510173678398132
5343,15,135,0.17143583297729492
5344,15,136,0.18584725260734558
5345,15,137,0.15805698931217194
5346,15,138,0.15716767311096191
5347,15,139,0.16413730382919312
5348,15,140,0.17740212380886078
5349,15,141,0.15897290408611298
5350,15,142,0.14831459522247314
5351,15,143,0.1708437204360962
5352,15,144,0.160027414560318
5353,15,145,0.17357692122459412
5354,15,146,0.17548030614852905
5355,15,147,0.14969250559806824
5356,15,148,0.18994057178497314
5357,15,149,0.1708400845527649
5358,15,150,0.22419102489948273
5359,15,151,0.15729716420173645
5360,15,152,0.21963000297546387
5361,15,153,0.16024518013000488
5362,15,154,0.19444812834262848
5363,15,155,0.40716543793678284
5364,15,156,0.19766414165496826
5365,15,157,0.22118711471557617
5366,15,158,0.17278702557086945
5367,15,159,0.15926313400268555
5368,15,160,0.16000448167324066
5369,15,161,0.1431174874305725
5370,15,162,0.1613883674144745
5371,15,163,0.2024649679660797
5372,15,164,0.16444435715675354
5373,15,165,0.21559855341911316
5374,15,166,0.15728101134300232
5375,15,167,0.1913103610277176
5376,15,168,0.1440877616405487
5377,15,169,0.17570413649082184
5378,15,170,0.1367463916540146
5379,15,171,0.16028428077697754
5380,15,172,0.18493661284446716
5381,15,173,0.18184249103069305
5382,15,174,0.17721456289291382
5383,15,175,0.2260667085647583
5384,15,176,0.20644302666187286
5385,15,177,0.1646178811788559
5386,15,178,0.223943829536438
5387,15,179,0.19815582036972046
5388,15,180,0.13885220885276794
5389,15,181,0.18818554282188416
5390,15,182,0.1740758717060089
5391,15,183,0.16311487555503845
5392,15,184,0.1824052631855011
5393,15,185,0.19593453407287598
5394,15,186,0.17215967178344727
5395,15,187,0.15871326625347137
5396,15,188,0.21073496341705322
5397,15,189,0.17169810831546783
5398,15,190,0.15084797143936157
5399,15,191,0.18935152888298035
5400,15,192,0.15156225860118866
5401,15,193,0.17685656249523163
5402,15,194,0.15041449666023254
5403,15,195,0.1415821760892868
5404,15,196,0.1442398577928543
5405,15,197,0.1524311751127243
5406,15,198,0.15164369344711304
5407,15,199,0.16802194714546204
5408,15,200,0.1658201515674591
5409,15,201,0.22356116771697998
5410,15,202,0.20670560002326965
5411,15,203,0.15701361000537872
5412,15,204,0.17752967774868011
5413,15,205,0.14002887904644012
5414,15,206,0.14152076840400696
5415,15,207,0.18513932824134827
5416,15,208,0.15359428524971008
5417,15,209,0.15603099763393402
5418,15,210,0.16719847917556763
5419,15,211,0.15867869555950165
5420,15,212,0.17100273072719574
5421,15,213,0.1365656703710556
5422,15,214,0.15350748598575592
5423,15,215,0.15210279822349548
5424,15,216,0.15963423252105713
5425,15,217,0.15409597754478455
5426,15,218,0.14828276634216309
5427,15,219,0.18836501240730286
5428,15,220,0.12124314159154892
5429,15,221,0.1556583195924759
5430,15,222,0.19781295955181122
5431,15,223,0.18158943951129913
5432,15,224,0.13665571808815002
5433,15,225,0.1551332324743271
5434,15,226,0.22424101829528809
5435,15,227,0.19226601719856262
5436,15,228,0.13456220924854279
5437,15,229,0.16964320838451385
5438,15,230,0.16267697513103485
5439,15,231,0.19946858286857605
5440,15,232,0.16406390070915222
5441,15,233,0.19399461150169373
5442,15,234,0.19376268982887268
5443,15,235,0.17476150393486023
5444,15,236,0.1414909064769745
5445,15,237,0.17916910350322723
5446,15,238,0.14640288054943085
5447,15,239,0.17761845886707306
5448,15,240,0.17400357127189636
5449,15,241,0.13588297367095947
5450,15,242,0.15777012705802917
5451,15,243,0.18804338574409485
5452,15,244,0.18746857345104218
5453,15,245,0.13980066776275635
5454,15,246,0.2001032531261444
5455,15,247,0.18724031746387482
5456,15,248,0.19434642791748047
5457,15,249,0.1498682051897049
5458,15,250,0.13704238831996918
5459,15,251,0.15780889987945557
5460,15,252,0.1543952226638794
5461,15,253,0.19619432091712952
5462,15,254,0.18216726183891296
5463,15,255,0.16409917175769806
5464,15,256,0.16932176053524017
5465,15,257,0.15864619612693787
5466,15,258,0.18328896164894104
5467,15,259,0.17956872284412384
5468,15,260,0.1999441683292389
5469,15,261,0.1903752237558365
5470,15,262,0.1590525507926941
5471,15,263,0.13684043288230896
5472,15,264,0.17073699831962585
5473,15,265,0.17943237721920013
5474,15,266,0.17741689085960388
5475,15,267,0.14726373553276062
5476,15,268,0.1791892945766449
5477,15,269,0.17914818227291107
5478,15,270,0.17161016166210175
5479,15,271,0.1695035994052887
5480,15,272,0.17162956297397614
5481,15,273,0.16956137120723724
5482,15,274,0.13923446834087372
5483,15,275,0.16569694876670837
5484,15,276,0.15456834435462952
5485,15,277,0.15914230048656464
5486,15,278,0.14655902981758118
5487,15,279,0.17771640419960022
5488,15,280,0.15069755911827087
5489,15,281,0.1297553926706314
5490,15,282,0.2514227032661438
5491,15,283,0.16985484957695007
5492,15,284,0.1581021398305893
5493,15,285,0.14383158087730408
5494,15,286,0.17351797223091125
5495,15,287,0.1636132001876831
5496,15,288,0.15368054807186127
5497,15,289,0.16249679028987885
5498,15,290,0.1543976068496704
5499,15,291,0.1345534324645996
5500,15,292,0.147649347782135
5501,15,293,0.17856796085834503
5502,15,294,0.15389898419380188
5503,15,295,0.15944518148899078
5504,15,296,0.262621134519577
5505,15,297,0.1845972090959549
5506,15,298,0.16743104159832
5507,15,299,0.17074015736579895
5508,15,300,0.16978225111961365
5509,15,301,0.1748976856470108
5510,15,302,0.13001644611358643
5511,15,303,0.12817810475826263
5512,15,304,0.15756353735923767
5513,15,305,0.15945319831371307
5514,15,306,0.16826936602592468
5515,15,307,0.19892339408397675
5516,15,308,0.133767232298851
5517,15,309,0.1792224794626236
5518,15,310,0.16167797148227692
5519,15,311,0.17089509963989258
5520,15,312,0.20372776687145233
5521,15,313,0.18757258355617523
5522,15,314,0.13231346011161804
5523,15,315,0.1545538753271103
5524,15,316,0.21236984431743622
5525,15,317,0.22785401344299316
5526,15,318,0.19311431050300598
5527,15,319,0.1673431247472763
5528,15,320,0.16834115982055664
5529,15,321,0.14895211160182953
5530,15,322,0.1897355616092682
5531,15,323,0.15619388222694397
5532,15,324,0.16275565326213837
5533,15,325,0.1773904263973236
5534,15,326,0.13209058344364166
5535,15,327,0.18237698078155518
5536,15,328,0.18540820479393005
5537,15,329,0.15014313161373138
5538,15,330,0.1532467156648636
5539,15,331,0.19672587513923645
5540,15,332,0.1479603797197342
5541,15,333,0.17615555226802826
5542,15,334,0.1546001136302948
5543,15,335,0.18166376650333405
5544,15,336,0.1798197627067566
5545,15,337,0.15968012809753418
5546,15,338,0.22061868011951447
5547,15,339,0.16373957693576813
5548,15,340,0.18128570914268494
5549,15,341,0.13928130269050598
5550,15,342,0.1714600771665573
5551,15,343,0.15951718389987946
5552,15,344,0.15596452355384827
5553,15,345,0.19109773635864258
5554,15,346,0.1642410308122635
5555,15,347,0.15928368270397186
5556,15,348,0.1814354658126831
5557,15,349,0.15681160986423492
5558,15,350,0.1775999516248703
5559,15,351,0.17695803940296173
5560,15,352,0.15548928081989288
5561,15,353,0.12138364464044571
5562,15,354,0.16266809403896332
5563,15,355,0.18653152883052826
5564,15,356,0.1865231841802597
5565,15,357,0.1706559956073761
5566,15,358,0.15712924301624298
5567,15,359,0.1545988768339157
5568,15,360,0.15211258828639984
5569,15,361,0.18105080723762512
5570,15,362,0.1783027946949005
5571,15,363,0.13669684529304504
5572,15,364,0.15475524961948395
5573,15,365,0.1797793060541153
5574,15,366,0.15849903225898743
5575,15,367,0.1616653949022293
5576,15,368,0.1750144511461258
5577,15,369,0.17008669674396515
5578,15,370,0.13626539707183838
5579,15,371,0.17537297308444977
5580,15,372,0.16678844392299652
5581,16,1,0.17459459602832794
5582,16,2,0.13765046000480652
5583,16,3,0.13663934171199799
5584,16,4,0.1610977053642273
5585,16,5,0.15752363204956055
5586,16,6,0.1555033028125763
5587,16,7,0.1763722002506256
5588,16,8,0.15482375025749207
5589,16,9,0.16253654658794403
5590,16,10,0.16058000922203064
5591,16,11,0.18197201192378998
5592,16,12,0.17137081921100616
5593,16,13,0.17176556587219238
5594,16,14,0.18548187613487244
5595,16,15,0.15175561606884003
5596,16,16,0.1536354273557663
5597,16,17,0.17302152514457703
5598,16,18,0.16942346096038818
5599,16,19,0.14962324500083923
5600,16,20,0.14209142327308655
5601,16,21,0.15751752257347107
5602,16,22,0.12911173701286316
5603,16,23,0.16165068745613098
5604,16,24,0.15422303974628448
5605,16,25,0.1568739116191864
5606,16,26,0.15406732261180878
5607,16,27,0.15095385909080505
5608,16,28,0.21643655002117157
5609,16,29,0.11692079156637192
5610,16,30,0.13509051501750946
5611,16,31,0.12320061028003693
5612,16,32,0.17235741019248962
5613,16,33,0.1483529657125473
5614,16,34,0.16885702311992645
5615,16,35,0.14702245593070984
5616,16,36,0.16549859941005707
5617,16,37,0.15461429953575134
5618,16,38,0.17311333119869232
5619,16,39,0.14988961815834045
5620,16,40,0.1301838606595993
5621,16,41,0.20526182651519775
5622,16,42,0.130523681640625
5623,16,43,0.13084226846694946
5624,16,44,0.1385681927204132
5625,16,45,0.18356400728225708
5626,16,46,0.16070835292339325
5627,16,47,0.14932626485824585
5628,16,48,0.12251383066177368
5629,16,49,0.14659720659255981
5630,16,50,0.14744429290294647
5631,16,51,0.14990201592445374
5632,16,52,0.14973774552345276
5633,16,53,0.16082605719566345
5634,16,54,0.1810658723115921
5635,16,55,0.2540932297706604
5636,16,56,0.16541263461112976
5637,16,57,0.1684930920600891
5638,16,58,0.16268160939216614
5639,16,59,0.17613914608955383
5640,16,60,0.18770745396614075
5641,16,61,0.15823894739151
5642,16,62,0.2088235318660736
5643,16,63,0.16341322660446167
5644,16,64,0.19828525185585022
5645,16,65,0.22730234265327454
5646,16,66,0.199088454246521
5647,16,67,0.17463505268096924
5648,16,68,0.1357145607471466
5649,16,69,0.14689171314239502
5650,16,70,0.14484518766403198
5651,16,71,0.13467830419540405
5652,16,72,0.14271068572998047
5653,16,73,0.1475958377122879
5654,16,74,0.1653805673122406
5655,16,75,0.15314045548439026
5656,16,76,0.1767919957637787
5657,16,77,0.15903358161449432
5658,16,78,0.17581894993782043
5659,16,79,0.16069476306438446
5660,16,80,0.14790084958076477
5661,16,81,0.1498609483242035
5662,16,82,0.2071763277053833
5663,16,83,0.1596577763557434
5664,16,84,0.1645193099975586
5665,16,85,0.17608216404914856
5666,16,86,0.17814819514751434
5667,16,87,0.1975678652524948
5668,16,88,0.1502102166414261
5669,16,89,0.17116579413414001
5670,16,90,0.21386349201202393
5671,16,91,0.1676633059978485
5672,16,92,0.15808477997779846
5673,16,93,0.17229941487312317
5674,16,94,0.1675342619419098
5675,16,95,0.1603464037179947
5676,16,96,0.12533286213874817
5677,16,97,0.15312202274799347
5678,16,98,0.14050452411174774
5679,16,99,0.15928348898887634
5680,16,100,0.18404066562652588
5681,16,101,0.1726723164319992
5682,16,102,0.16178962588310242
5683,16,103,0.162631556391716
5684,16,104,0.19620567560195923
5685,16,105,0.16442367434501648
5686,16,106,0.13584719598293304
5687,16,107,0.16157731413841248
5688,16,108,0.12443818897008896
5689,16,109,0.16302014887332916
5690,16,110,0.17251436412334442
5691,16,111,0.1448679268360138
5692,16,112,0.1479654163122177
5693,16,113,0.15523754060268402
5694,16,114,0.17240042984485626
5695,16,115,0.19007578492164612
5696,16,116,0.1275450736284256
5697,16,117,0.15830941498279572
5698,16,118,0.15741926431655884
5699,16,119,0.16761501133441925
5700,16,120,0.21914763748645782
5701,16,121,0.2032891809940338
5702,16,122,0.13890662789344788
5703,16,123,0.16678328812122345
5704,16,124,0.17569886147975922
5705,16,125,0.1691473126411438
5706,16,126,0.14499446749687195
5707,16,127,0.15907147526741028
5708,16,128,0.15446354448795319
5709,16,129,0.14923731982707977
5710,16,130,0.16154088079929352
5711,16,131,0.16103550791740417
5712,16,132,0.13127866387367249
5713,16,133,0.14726266264915466
5714,16,134,0.15978938341140747
5715,16,135,0.18829137086868286
5716,16,136,0.1936059594154358
5717,16,137,0.1582309454679489
5718,16,138,0.15591074526309967
5719,16,139,0.15109050273895264
5720,16,140,0.15181303024291992
5721,16,141,0.14294378459453583
5722,16,142,0.17637299001216888
5723,16,143,0.18925683200359344
5724,16,144,0.13397617638111115
5725,16,145,0.17007094621658325
5726,16,146,0.17615368962287903
5727,16,147,0.165675550699234
5728,16,148,0.16183175146579742
5729,16,149,0.20269885659217834
5730,16,150,0.1554410457611084
5731,16,151,0.15995749831199646
5732,16,152,0.16832858324050903
5733,16,153,0.13139456510543823
5734,16,154,0.12841089069843292
5735,16,155,0.17567364871501923
5736,16,156,0.18352243304252625
5737,16,157,0.16008445620536804
5738,16,158,0.15099243819713593
5739,16,159,0.16551676392555237
5740,16,160,0.15636731684207916
5741,16,161,0.15685059130191803
5742,16,162,0.29130619764328003
5743,16,163,0.13961264491081238
5744,16,164,0.20532317459583282
5745,16,165,0.1730242818593979
5746,16,166,0.19491511583328247
5747,16,167,0.18830423057079315
5748,16,168,0.28898516297340393
5749,16,169,0.20698973536491394
5750,16,170,0.1700555980205536
5751,16,171,0.16556455194950104
5752,16,172,0.18415389955043793
5753,16,173,0.15802441537380219
5754,16,174,0.19410011172294617
5755,16,175,0.18568912148475647
5756,16,176,0.19356109201908112
5757,16,177,0.18193316459655762
5758,16,178,0.18360421061515808
5759,16,179,0.14531533420085907
5760,16,180,0.21453480422496796
5761,16,181,0.15280380845069885
5762,16,182,0.17342308163642883
5763,16,183,0.17840684950351715
5764,16,184,0.17221605777740479
5765,16,185,0.17058950662612915
5766,16,186,0.18303151428699493
5767,16,187,0.17235822975635529
5768,16,188,0.13752533495426178
5769,16,189,0.1895584762096405
5770,16,190,0.1883390247821808
5771,16,191,0.16510021686553955
5772,16,192,0.16820880770683289
5773,16,193,0.17526313662528992
5774,16,194,0.14431749284267426
5775,16,195,0.17810213565826416
5776,16,196,0.16225683689117432
5777,16,197,0.1494656503200531
5778,16,198,0.17331989109516144
5779,16,199,0.15321627259254456
5780,16,200,0.17556123435497284
5781,16,201,0.1713400036096573
5782,16,202,0.18951107561588287
5783,16,203,0.16675949096679688
5784,16,204,0.1441471427679062
5785,16,205,0.16412359476089478
5786,16,206,0.1549571305513382
5787,16,207,0.15424507856369019
5788,16,208,0.1478748470544815
5789,16,209,0.20878806710243225
5790,16,210,0.20218825340270996
5791,16,211,0.17033027112483978
5792,16,212,0.1736699938774109
5793,16,213,0.16944631934165955
5794,16,214,0.16483375430107117
5795,16,215,0.15382656455039978
5796,16,216,0.16844715178012848
5797,16,217,0.14168468117713928
5798,16,218,0.2170344591140747
5799,16,219,0.1664353907108307
5800,16,220,0.1484925001859665
5801,16,221,0.14161337912082672
5802,16,222,0.12925544381141663
5803,16,223,0.2041771113872528
5804,16,224,0.1682427078485489
5805,16,225,0.19918036460876465
5806,16,226,0.1727781891822815
5807,16,227,0.22131852805614471
5808,16,228,0.1841786801815033
5809,16,229,0.15086105465888977
5810,16,230,0.1395915150642395
5811,16,231,0.15076008439064026
5812,16,232,0.17987343668937683
5813,16,233,0.16724684834480286
5814,16,234,0.1503898948431015
5815,16,235,0.18748953938484192
5816,16,236,0.1762978434562683
5817,16,237,0.14071376621723175
5818,16,238,0.1909739077091217
5819,16,239,0.1596350222826004
5820,16,240,0.14585720002651215
5821,16,241,0.16630211472511292
5822,16,242,0.13705965876579285
5823,16,243,0.16192689538002014
5824,16,244,0.14431793987751007
5825,16,245,0.17392456531524658
5826,16,246,0.13585209846496582
5827,16,247,0.18315169215202332
5828,16,248,0.17772440612316132
5829,16,249,0.16223661601543427
5830,16,250,0.16845078766345978
5831,16,251,0.1403881013393402
5832,16,252,0.16004669666290283
5833,16,253,0.15011978149414062
5834,16,254,0.14324407279491425
5835,16,255,0.16287770867347717
5836,16,256,0.15969862043857574
5837,16,257,0.1602039486169815
5838,16,258,0.15701530873775482
5839,16,259,0.1711750477552414
5840,16,260,0.15636935830116272
5841,16,261,0.15324684977531433
5842,16,262,0.17266254127025604
5843,16,263,0.19034557044506073
5844,16,264,0.1406513899564743
5845,16,265,0.17017218470573425
5846,16,266,0.1806357204914093
5847,16,267,0.17201587557792664
5848,16,268,0.19251620769500732
5849,16,269,0.17533403635025024
5850,16,270,0.15822502970695496
5851,16,271,0.1591869294643402
5852,16,272,0.16208814084529877
5853,16,273,0.16992229223251343
5854,16,274,0.1696978211402893
5855,16,275,0.18718190491199493
5856,16,276,0.16139638423919678
5857,16,277,0.1575351059436798
5858,16,278,0.19463573396205902
5859,16,279,0.17870202660560608
5860,16,280,0.14327573776245117
5861,16,281,0.18195447325706482
5862,16,282,0.19481538236141205
5863,16,283,0.15777865052223206
5864,16,284,0.18231885135173798
5865,16,285,0.17082320153713226
5866,16,286,0.1963774859905243
5867,16,287,0.17994169890880585
5868,16,288,0.17599354684352875
5869,16,289,0.17463234066963196
5870,16,290,0.18131764233112335
5871,16,291,0.13168799877166748
5872,16,292,0.16727328300476074
5873,16,293,0.15641869604587555
5874,16,294,0.17276722192764282
5875,16,295,0.22091348469257355
5876,16,296,0.18765376508235931
5877,16,297,0.19018906354904175
5878,16,298,0.150369793176651
5879,16,299,0.197160542011261
5880,16,300,0.1589806228876114
5881,16,301,0.17841264605522156
5882,16,302,0.19514600932598114
5883,16,303,0.20491795241832733
5884,16,304,0.17738483846187592
5885,16,305,0.22139227390289307
5886,16,306,0.16406232118606567
5887,16,307,0.16290311515331268
5888,16,308,0.19133026897907257
5889,16,309,0.20705373585224152
5890,16,310,0.1590518355369568
5891,16,311,0.14436395466327667
5892,16,312,0.20400328934192657
5893,16,313,0.17319977283477783
5894,16,314,0.16994240880012512
5895,16,315,0.17294985055923462
5896,16,316,0.1465570628643036
5897,16,317,0.14464929699897766
5898,16,318,0.17771150171756744
5899,16,319,0.16388846933841705
5900,16,320,0.18453267216682434
5901,16,321,0.1500220000743866
5902,16,322,0.19732871651649475
5903,16,323,0.16559281945228577
5904,16,324,0.16457562148571014
5905,16,325,0.17509500682353973
5906,16,326,0.17239949107170105
5907,16,327,0.16703735291957855
5908,16,328,0.19106122851371765
5909,16,329,0.160932257771492
5910,16,330,0.15417777001857758
5911,16,331,0.19355778396129608
5912,16,332,0.20225790143013
5913,16,333,0.16474321484565735
5914,16,334,0.13792642951011658
5915,16,335,0.160152405500412
5916,16,336,0.14565712213516235
5917,16,337,0.13065822422504425
5918,16,338,0.15713155269622803
5919,16,339,0.15164610743522644
5920,16,340,0.17747268080711365
5921,16,341,0.16830019652843475
5922,16,342,0.1557759791612625
5923,16,343,0.17261990904808044
5924,16,344,0.14643804728984833
5925,16,345,0.18206819891929626
5926,16,346,0.17235708236694336
5927,16,347,0.16376522183418274
5928,16,348,0.16012147068977356
5929,16,349,0.1376071274280548
5930,16,350,0.18847715854644775
5931,16,351,0.21685047447681427
5932,16,352,0.14946313202381134
5933,16,353,0.16149303317070007
5934,16,354,0.1534339189529419
5935,16,355,0.1548762023448944
5936,16,356,0.1706894487142563
5937,16,357,0.19192875921726227
5938,16,358,0.1603699028491974
5939,16,359,0.16876551508903503
5940,16,360,0.14690029621124268
5941,16,361,0.18015240132808685
5942,16,362,0.1421111673116684
5943,16,363,0.16720245778560638
5944,16,364,0.1358465850353241
5945,16,365,0.14661380648612976
5946,16,366,0.14701823890209198
5947,16,367,0.19791164994239807
5948,16,368,0.17175152897834778
5949,16,369,0.1653139889240265
5950,16,370,0.1823771446943283
5951,16,371,0.1880623698234558
5952,16,372,0.16204582154750824
5953,17,1,0.20394039154052734
5954,17,2,0.17263107001781464
5955,17,3,0.17726540565490723
5956,17,4,0.17881929874420166
5957,17,5,0.16024398803710938
5958,17,6,0.1812516301870346
5959,17,7,0.16402080655097961
5960,17,8,0.15879204869270325
5961,17,9,0.15700824558734894
5962,17,10,0.17333745956420898
5963,17,11,0.1479523479938507
5964,17,12,0.15759997069835663
5965,17,13,0.1626550257205963
5966,17,14,0.14713560044765472
5967,17,15,0.159121572971344
5968,17,16,0.16179853677749634
5969,17,17,0.1374768763780594
5970,17,18,0.15817174315452576
5971,17,19,0.1966640204191208
5972,17,20,0.1942138671875
5973,17,21,0.15796878933906555
5974,17,22,0.13111689686775208
5975,17,23,0.14493833482265472
5976,17,24,0.16236050426959991
5977,17,25,0.12964120507240295
5978,17,26,0.13877670466899872
5979,17,27,0.15761129558086395
5980,17,28,0.1458415389060974
5981,17,29,0.13953638076782227
5982,17,30,0.18130697309970856
5983,17,31,0.14303050935268402
5984,17,32,0.15660430490970612
5985,17,33,0.17362694442272186
5986,17,34,0.1964390128850937
5987,17,35,0.1596558541059494
5988,17,36,0.2059357911348343
5989,17,37,0.1573123335838318
5990,17,38,0.18464936316013336
5991,17,39,0.21276076138019562
5992,17,40,0.13797244429588318
5993,17,41,0.16750535368919373
5994,17,42,0.1615656316280365
5995,17,43,0.14744308590888977
5996,17,44,0.15166398882865906
5997,17,45,0.1597619503736496
5998,17,46,0.12609077990055084
5999,17,47,0.14508934319019318
6000,17,48,0.17005804181098938
6001,17,49,0.19825993478298187
6002,17,50,0.16553965210914612
6003,17,51,0.1481160819530487
6004,17,52,0.14038172364234924
6005,17,53,0.1517779529094696
6006,17,54,0.19216473400592804
6007,17,55,0.14414885640144348
6008,17,56,0.15454035997390747
6009,17,57,0.13404777646064758
6010,17,58,0.15874098241329193
6011,17,59,0.12368316948413849
6012,17,60,0.1656075119972229
6013,17,61,0.1766662895679474
6014,17,62,0.14048811793327332
6015,17,63,0.1733982115983963
6016,17,64,0.1864367425441742
6017,17,65,0.14687252044677734
6018,17,66,0.17597685754299164
6019,17,67,0.15254342555999756
6020,17,68,0.1823737919330597
6021,17,69,0.15440301597118378
6022,17,70,0.16627024114131927
6023,17,71,0.16806772351264954
6024,17,72,0.16864153742790222
6025,17,73,0.14514565467834473
6026,17,74,0.18614569306373596
6027,17,75,0.19559434056282043
6028,17,76,0.1532251536846161
6029,17,77,0.1723223179578781
6030,17,78,0.16069510579109192
6031,17,79,0.16316534578800201
6032,17,80,0.13329437375068665
6033,17,81,0.1473207175731659
6034,17,82,0.16083841025829315
6035,17,83,0.2108146697282791
6036,17,84,0.16464242339134216
6037,17,85,0.16285361349582672
6038,17,86,0.14769944548606873
6039,17,87,0.17920136451721191
6040,17,88,0.17383092641830444
6041,17,89,0.13386422395706177
6042,17,90,0.14999741315841675
6043,17,91,0.169452503323555
6044,17,92,0.14937634766101837
6045,17,93,0.15857884287834167
6046,17,94,0.12273897230625153
6047,17,95,0.14322128891944885
6048,17,96,0.10074305534362793
6049,17,97,0.1850484311580658
6050,17,98,0.11987559497356415
6051,17,99,0.1309027075767517
6052,17,100,0.11965115368366241
6053,17,101,0.15227273106575012
6054,17,102,0.17963311076164246
6055,17,103,0.17377349734306335
6056,17,104,0.15531004965305328
6057,17,105,0.15817949175834656
6058,17,106,0.13042378425598145
6059,17,107,0.15036827325820923
6060,17,108,0.16115382313728333
6061,17,109,0.1910642683506012
6062,17,110,0.16206565499305725
6063,17,111,0.19062741100788116
6064,17,112,0.1677294671535492
6065,17,113,0.15054741501808167
6066,17,114,0.16843609511852264
6067,17,115,0.1780804842710495
6068,17,116,0.14926016330718994
6069,17,117,0.1445009559392929
6070,17,118,0.16781429946422577
6071,17,119,0.15726324915885925
6072,17,120,0.15210144221782684
6073,17,121,0.173063263297081
6074,17,122,0.18632875382900238
6075,17,123,0.16256126761436462
6076,17,124,0.12487886846065521
6077,17,125,0.15227338671684265
6078,17,126,0.17102204263210297
6079,17,127,0.15204091370105743
6080,17,128,0.1483435332775116
6081,17,129,0.16041859984397888
6082,17,130,0.1408616006374359
6083,17,131,0.15110473334789276
6084,17,132,0.17766357958316803
6085,17,133,0.17350684106349945
6086,17,134,0.16528800129890442
6087,17,135,0.1613655984401703
6088,17,136,0.18147850036621094
6089,17,137,0.16156907379627228
6090,17,138,0.17115458846092224
6091,17,139,0.19633707404136658
6092,17,140,0.19600419700145721
6093,17,141,0.13986100256443024
6094,17,142,0.16339004039764404
6095,17,143,0.142896369099617
6096,17,144,0.16748660802841187
6097,17,145,0.16261811554431915
6098,17,146,0.12297648191452026
6099,17,147,0.15594066679477692
6100,17,148,0.19266340136528015
6101,17,149,0.16411957144737244
6102,17,150,0.17324236035346985
6103,17,151,0.13999268412590027
6104,17,152,0.14927516877651215
6105,17,153,0.15141189098358154
6106,17,154,0.20936432480812073
6107,17,155,0.17221958935260773
6108,17,156,0.18316034972667694
6109,17,157,0.16196443140506744
6110,17,158,0.16511893272399902
6111,17,159,0.14125871658325195
6112,17,160,0.1644928753376007
6113,17,161,0.1558111011981964
6114,17,162,0.18578040599822998
6115,17,163,0.1880979984998703
6116,17,164,0.160196453332901
6117,17,165,0.1571277379989624
6118,17,166,0.16274163126945496
6119,17,167,0.16457229852676392
6120,17,168,0.16158640384674072
6121,17,169,0.18097028136253357
6122,17,170,0.17203901708126068
6123,17,171,0.16894644498825073
6124,17,172,0.15443208813667297
6125,17,173,0.16193339228630066
6126,17,174,0.14795729517936707
6127,17,175,0.15998946130275726
6128,17,176,0.14771930873394012
6129,17,177,0.15780098736286163
6130,17,178,0.15418049693107605
6131,17,179,0.18014782667160034
6132,17,180,0.14288321137428284
6133,17,181,0.15909746289253235
6134,17,182,0.16337628662586212
6135,17,183,0.14612998068332672
6136,17,184,0.14318177103996277
6137,17,185,0.1659512221813202
6138,17,186,0.16536566615104675
6139,17,187,0.17988911271095276
6140,17,188,0.17841477692127228
6141,17,189,0.16787080466747284
6142,17,190,0.14426083862781525
6143,17,191,0.17230026423931122
6144,17,192,0.17356178164482117
6145,17,193,0.1458708941936493
6146,17,194,0.15900257229804993
6147,17,195,0.163697749376297
6148,17,196,0.13606663048267365
6149,17,197,0.16259178519248962
6150,17,198,0.1752149760723114
6151,17,199,0.13425356149673462
6152,17,200,0.14815065264701843
6153,17,201,0.1265793889760971
6154,17,202,0.17455661296844482
6155,17,203,0.16062530875205994
6156,17,204,0.18487951159477234
6157,17,205,0.18354454636573792
6158,17,206,0.164913147687912
6159,17,207,0.14127400517463684
6160,17,208,0.16430185735225677
6161,17,209,0.1646469682455063
6162,17,210,0.16589123010635376
6163,17,211,0.1440383642911911
6164,17,212,0.1786709427833557
6165,17,213,0.1770632565021515
6166,17,214,0.14162996411323547
6167,17,215,0.16381748020648956
6168,17,216,0.15266217291355133
6169,17,217,0.15208259224891663
6170,17,218,0.1762039214372635
6171,17,219,0.19349603354930878
6172,17,220,0.13026109337806702
6173,17,221,0.18471159040927887
6174,17,222,0.18933680653572083
6175,17,223,0.1582714021205902
6176,17,224,0.1676393449306488
6177,17,225,0.1361101120710373
6178,17,226,0.15932872891426086
6179,17,227,0.1724533587694168
6180,17,228,0.1426626741886139
6181,17,229,0.17751434445381165
6182,17,230,0.17899064719676971
6183,17,231,0.15389230847358704
6184,17,232,0.1578979641199112
6185,17,233,0.17495879530906677
6186,17,234,0.17368140816688538
6187,17,235,0.14395689964294434
6188,17,236,0.13263434171676636
6189,17,237,0.11150171607732773
6190,17,238,0.1631874293088913
6191,17,239,0.1504821628332138
6192,17,240,0.17256513237953186
6193,17,241,0.13054879009723663
6194,17,242,0.1402418613433838
6195,17,243,0.155997171998024
6196,17,244,0.14535415172576904
6197,17,245,0.18863032758235931
6198,17,246,0.16131389141082764
6199,17,247,0.12099659442901611
6200,17,248,0.14486579596996307
6201,17,249,0.15129292011260986
6202,17,250,0.15037882328033447
6203,17,251,0.13116101920604706
6204,17,252,0.1571948528289795
6205,17,253,0.16642917692661285
6206,17,254,0.1866510510444641
6207,17,255,0.13525018095970154
6208,17,256,0.17413018643856049
6209,17,257,0.13837209343910217
6210,17,258,0.15632227063179016
6211,17,259,0.157835453748703
6212,17,260,0.1536116898059845
6213,17,261,0.15702912211418152
6214,17,262,0.16271409392356873
6215,17,263,0.12478716671466827
6216,17,264,0.16608552634716034
6217,17,265,0.1390085071325302
6218,17,266,0.14520986378192902
6219,17,267,0.15067076683044434
6220,17,268,0.17376527190208435
6221,17,269,0.1694505661725998
6222,17,270,0.14100101590156555
6223,17,271,0.14858435094356537
6224,17,272,0.17316082119941711
6225,17,273,0.13854676485061646
6226,17,274,0.16802719235420227
6227,17,275,0.15690307319164276
6228,17,276,0.12904484570026398
6229,17,277,0.16094836592674255
6230,17,278,0.13885797560214996
6231,17,279,0.14189977943897247
6232,17,280,0.17348940670490265
6233,17,281,0.13129620254039764
6234,17,282,0.17320892214775085
6235,17,283,0.1522062122821808
6236,17,284,0.15123119950294495
6237,17,285,0.1527695208787918
6238,17,286,0.15885470807552338
6239,17,287,0.147420734167099
6240,17,288,0.12575353682041168
6241,17,289,0.19085612893104553
6242,17,290,0.13677014410495758
6243,17,291,0.1580146849155426
6244,17,292,0.17294850945472717
6245,17,293,0.20026123523712158
6246,17,294,0.12766516208648682
6247,17,295,0.1710391342639923
6248,17,296,0.17593610286712646
6249,17,297,0.12793675065040588
6250,17,298,0.1930719017982483
6251,17,299,0.17042484879493713
6252,17,300,0.18486973643302917
6253,17,301,0.14764486253261566
6254,17,302,0.22323372960090637
6255,17,303,0.1543671190738678
6256,17,304,0.16767320036888123
6257,17,305,0.17946574091911316
6258,17,306,0.14541175961494446
6259,17,307,0.18840554356575012
6260,17,308,0.15055254101753235
6261,17,309,0.23740294575691223
6262,17,310,0.18146201968193054
6263,17,311,0.15931549668312073
6264,17,312,0.2817020118236542
6265,17,313,0.1698702722787857
6266,17,314,0.15268082916736603
6267,17,315,0.1660539209842682
6268,17,316,0.16768574714660645
6269,17,317,0.21530809998512268
6270,17,318,0.17144007980823517
6271,17,319,0.13654176890850067
6272,17,320,0.20786571502685547
6273,17,321,0.13025638461112976
6274,17,322,0.14967285096645355
6275,17,323,0.19527600705623627
6276,17,324,0.1550534963607788
6277,17,325,0.17975008487701416
6278,17,326,0.17824305593967438
6279,17,327,0.14080682396888733
6280,17,328,0.1602330505847931
6281,17,329,0.13190865516662598
6282,17,330,0.1993751972913742
6283,17,331,0.18510571122169495
6284,17,332,0.17077243328094482
6285,17,333,0.11428797245025635
6286,17,334,0.17196384072303772
6287,17,335,0.19344809651374817
6288,17,336,0.15210191905498505
6289,17,337,0.1494351327419281
6290,17,338,0.15040746331214905
6291,17,339,0.14545127749443054
6292,17,340,0.18576933443546295
6293,17,341,0.15107139945030212
6294,17,342,0.1761244237422943
6295,17,343,0.16015207767486572
6296,17,344,0.19531108438968658
6297,17,345,0.14822931587696075
6298,17,346,0.16474135220050812
6299,17,347,0.16880211234092712
6300,17,348,0.158697247505188
6301,17,349,0.1438324898481369
6302,17,350,0.14439651370048523
6303,17,351,0.18753550946712494
6304,17,352,0.2138615846633911
6305,17,353,0.15593759715557098
6306,17,354,0.1692856103181839
6307,17,355,0.19503816962242126
6308,17,356,0.1583157479763031
6309,17,357,0.14549532532691956
6310,17,358,0.18135115504264832
6311,17,359,0.1516146957874298
6312,17,360,0.1700035184621811
6313,17,361,0.16083507239818573
6314,17,362,0.1545177847146988
6315,17,363,0.19879603385925293
6316,17,364,0.16982118785381317
6317,17,365,0.178274005651474
6318,17,366,0.1936284601688385
6319,17,367,0.15772201120853424
6320,17,368,0.15586458146572113
6321,17,369,0.17403824627399445
6322,17,370,0.17934460937976837
6323,17,371,0.16608378291130066
6324,17,372,0.1711023449897766
6325,18,1,0.14620018005371094
6326,18,2,0.16727985441684723
6327,18,3,0.13967356085777283
6328,18,4,0.15367156267166138
6329,18,5,0.1677398979663849
6330,18,6,0.14323684573173523
6331,18,7,0.17404040694236755
6332,18,8,0.1459612101316452
6333,18,9,0.13067415356636047
6334,18,10,0.17950648069381714
6335,18,11,0.15933765470981598
6336,18,12,0.15755632519721985
6337,18,13,0.133002370595932
6338,18,14,0.14104992151260376
6339,18,15,0.16559849679470062
6340,18,16,0.15377329289913177
6341,18,17,0.15743881464004517
6342,18,18,0.1547752320766449
6343,18,19,0.19362255930900574
6344,18,20,0.2187083661556244
6345,18,21,0.14212913811206818
6346,18,22,0.13408397138118744
6347,18,23,0.16277572512626648
6348,18,24,0.15786243975162506
6349,18,25,0.17416471242904663
6350,18,26,0.13591104745864868
6351,18,27,0.13444176316261292
6352,18,28,0.1713988184928894
6353,18,29,0.16441437602043152
6354,18,30,0.14530780911445618
6355,18,31,0.18571721017360687
6356,18,32,0.17438727617263794
6357,18,33,0.15121464431285858
6358,18,34,0.18408644199371338
6359,18,35,0.18562571704387665
6360,18,36,0.1752949357032776
6361,18,37,0.17256686091423035
6362,18,38,0.13257111608982086
6363,18,39,0.16087274253368378
6364,18,40,0.16192464530467987
6365,18,41,0.1606551706790924
6366,18,42,0.12807749211788177
6367,18,43,0.18787333369255066
6368,18,44,0.1601971834897995
6369,18,45,0.23096218705177307
6370,18,46,0.15783710777759552
6371,18,47,0.13888314366340637
6372,18,48,0.18696439266204834
6373,18,49,0.15654316544532776
6374,18,50,0.1466396152973175
6375,18,51,0.1445237249135971
6376,18,52,0.1594308316707611
6377,18,53,0.1324274241924286
6378,18,54,0.15088707208633423
6379,18,55,0.14740605652332306
6380,18,56,0.1499244123697281
6381,18,57,0.12507584691047668
6382,18,58,0.16772811114788055
6383,18,59,0.13176408410072327
6384,18,60,0.15665307641029358
6385,18,61,0.2045786827802658
6386,18,62,0.13057252764701843
6387,18,63,0.126649409532547
6388,18,64,0.1641591489315033
6389,18,65,0.15771456062793732
6390,18,66,0.15695376694202423
6391,18,67,0.183442622423172
6392,18,68,0.1363893449306488
6393,18,69,0.13937371969223022
6394,18,70,0.16225318610668182
6395,18,71,0.1670982390642166
6396,18,72,0.15894658863544464
6397,18,73,0.15039458870887756
6398,18,74,0.1773839145898819
6399,18,75,0.16453389823436737
6400,18,76,0.1329827457666397
6401,18,77,0.15041087567806244
6402,18,78,0.19332455098628998
6403,18,79,0.15741991996765137
6404,18,80,0.1736917793750763
6405,18,81,0.17386199533939362
6406,18,82,0.14585599303245544
6407,18,83,0.16570042073726654
6408,18,84,0.13003388047218323
6409,18,85,0.12030267715454102
6410,18,86,0.13539761304855347
6411,18,87,0.15585699677467346
6412,18,88,0.1676941215991974
6413,18,89,0.17720796167850494
6414,18,90,0.19855555891990662
6415,18,91,0.13327862322330475
6416,18,92,0.14730627834796906
6417,18,93,0.16407668590545654
6418,18,94,0.19475266337394714
6419,18,95,0.1640443652868271
6420,18,96,0.142257958650589
6421,18,97,0.1808345764875412
6422,18,98,0.1494455635547638
6423,18,99,0.1719091236591339
6424,18,100,0.19489404559135437
6425,18,101,0.1588139533996582
6426,18,102,0.16487731039524078
6427,18,103,0.14024510979652405
6428,18,104,0.1390448808670044
6429,18,105,0.19100114703178406
6430,18,106,0.19388744235038757
6431,18,107,0.1741226315498352
6432,18,108,0.16473476588726044
6433,18,109,0.18989220261573792
6434,18,110,0.16458934545516968
6435,18,111,0.13322199881076813
6436,18,112,0.15031011402606964
6437,18,113,0.13820253312587738
6438,18,114,0.13781949877738953
6439,18,115,0.1577538251876831
6440,18,116,0.2050141543149948
6441,18,117,0.203260138630867
6442,18,118,0.14594700932502747
6443,18,119,0.17195060849189758
6444,18,120,0.16176721453666687
6445,18,121,0.17591340839862823
6446,18,122,0.1414831280708313
6447,18,123,0.1426558941602707
6448,18,124,0.14756396412849426
6449,18,125,0.2174147069454193
6450,18,126,0.1867559403181076
6451,18,127,0.16572514176368713
6452,18,128,0.16309955716133118
6453,18,129,0.14291195571422577
6454,18,130,0.17056874930858612
6455,18,131,0.15959353744983673
6456,18,132,0.14988894760608673
6457,18,133,0.1645728051662445
6458,18,134,0.1635834276676178
6459,18,135,0.1727733016014099
6460,18,136,0.19044233858585358
6461,18,137,0.13307598233222961
6462,18,138,0.192726269364357
6463,18,139,0.14314855635166168
6464,18,140,0.15631639957427979
6465,18,141,0.139732226729393
6466,18,142,0.18975774943828583
6467,18,143,0.1311863660812378
6468,18,144,0.14502395689487457
6469,18,145,0.172465518116951
6470,18,146,0.14941248297691345
6471,18,147,0.17579461634159088
6472,18,148,0.16297847032546997
6473,18,149,0.1522776037454605
6474,18,150,0.19171476364135742
6475,18,151,0.14590494334697723
6476,18,152,0.18387241661548615
6477,18,153,0.1356043517589569
6478,18,154,0.16879478096961975
6479,18,155,0.1918451339006424
6480,18,156,0.13498879969120026
6481,18,157,0.14688001573085785
6482,18,158,0.16576407849788666
6483,18,159,0.1577841341495514
6484,18,160,0.14387857913970947
6485,18,161,0.2005229890346527
6486,18,162,0.13017068803310394
6487,18,163,0.17210730910301208
6488,18,164,0.17319241166114807
6489,18,165,0.1482812464237213
6490,18,166,0.17193756997585297
6491,18,167,0.14618077874183655
6492,18,168,0.17530162632465363
6493,18,169,0.17773476243019104
6494,18,170,0.18647725880146027
6495,18,171,0.13543391227722168
6496,18,172,0.16047318279743195
6497,18,173,0.1410088837146759
6498,18,174,0.14402168989181519
6499,18,175,0.17735052108764648
6500,18,176,0.1552307903766632
6501,18,177,0.16290242969989777
6502,18,178,0.16671451926231384
6503,18,179,0.17949464917182922
6504,18,180,0.16248591244220734
6505,18,181,0.16255933046340942
6506,18,182,0.13636896014213562
6507,18,183,0.16081954538822174
6508,18,184,0.16045042872428894
6509,18,185,0.13446390628814697
6510,18,186,0.14334002137184143
6511,18,187,0.15763522684574127
6512,18,188,0.15492773056030273
6513,18,189,0.14835283160209656
6514,18,190,0.14611634612083435
6515,18,191,0.19130784273147583
6516,18,192,0.17773422598838806
6517,18,193,0.14345671236515045
6518,18,194,0.16871973872184753
6519,18,195,0.16622188687324524
6520,18,196,0.15463979542255402
6521,18,197,0.16081778705120087
6522,18,198,0.13550031185150146
6523,18,199,0.14369246363639832
6524,18,200,0.13492412865161896
6525,18,201,0.17476381361484528
6526,18,202,0.14305530488491058
6527,18,203,0.1599956601858139
6528,18,204,0.15365241467952728
6529,18,205,0.1610448807477951
6530,18,206,0.16733543574810028
6531,18,207,0.15029504895210266
6532,18,208,0.15176941454410553
6533,18,209,0.16999155282974243
6534,18,210,0.16704782843589783
6535,18,211,0.11472286283969879
6536,18,212,0.15964031219482422
6537,18,213,0.1658586710691452
6538,18,214,0.18375471234321594
6539,18,215,0.17929022014141083
6540,18,216,0.16368456184864044
6541,18,217,0.16639301180839539
6542,18,218,0.1581001579761505
6543,18,219,0.160086527466774
6544,18,220,0.13908374309539795
6545,18,221,0.17034479975700378
6546,18,222,0.1961146891117096
6547,18,223,0.18125566840171814
6548,18,224,0.13820746541023254
6549,18,225,0.14298518002033234
6550,18,226,0.15470467507839203
6551,18,227,0.14284399151802063
6552,18,228,0.15869376063346863
6553,18,229,0.14381906390190125
6554,18,230,0.16889216005802155
6555,18,231,0.1776377111673355
6556,18,232,0.1470026671886444
6557,18,233,0.14506198465824127
6558,18,234,0.16690212488174438
6559,18,235,0.15960213541984558
6560,18,236,0.1445194035768509
6561,18,237,0.12576153874397278
6562,18,238,0.1399582326412201
6563,18,239,0.15206073224544525
6564,18,240,0.1535906344652176
6565,18,241,0.13813699781894684
6566,18,242,0.1940235197544098
6567,18,243,0.1553921401500702
6568,18,244,0.16149409115314484
6569,18,245,0.16993007063865662
6570,18,246,0.18138675391674042
6571,18,247,0.14693036675453186
6572,18,248,0.1563928723335266
6573,18,249,0.13957247138023376
6574,18,250,0.13244947791099548
6575,18,251,0.1346782147884369
6576,18,252,0.14860042929649353
6577,18,253,0.16246649622917175
6578,18,254,0.16677501797676086
6579,18,255,0.17557969689369202
6580,18,256,0.188181072473526
6581,18,257,0.16223332285881042
6582,18,258,0.16553066670894623
6583,18,259,0.1382867395877838
6584,18,260,0.1461741179227829
6585,18,261,0.13920702040195465
6586,18,262,0.18016143143177032
6587,18,263,0.15327107906341553
6588,18,264,0.17432323098182678
6589,18,265,0.15529419481754303
6590,18,266,0.14173321425914764
6591,18,267,0.16452588140964508
6592,18,268,0.13351991772651672
6593,18,269,0.1326448768377304
6594,18,270,0.14228758215904236
6595,18,271,0.17557625472545624
6596,18,272,0.1653611958026886
6597,18,273,0.1751246601343155
6598,18,274,0.151290625333786
6599,18,275,0.1606740802526474
6600,18,276,0.15561620891094208
6601,18,277,0.17168375849723816
6602,18,278,0.13680043816566467
6603,18,279,0.17431773245334625
6604,18,280,0.24387726187705994
6605,18,281,0.18088079988956451
6606,18,282,0.16139757633209229
6607,18,283,0.1681833118200302
6608,18,284,0.16996824741363525
6609,18,285,0.16786323487758636
6610,18,286,0.1751774698495865
6611,18,287,0.16123950481414795
6612,18,288,0.15620791912078857
6613,18,289,0.18585768342018127
6614,18,290,0.15201666951179504
6615,18,291,0.14605925977230072
6616,18,292,0.16891422867774963
6617,18,293,0.18541260063648224
6618,18,294,0.20581023395061493
6619,18,295,0.17143042385578156
6620,18,296,0.1293780505657196
6621,18,297,0.1411377489566803
6622,18,298,0.1700921654701233
6623,18,299,0.19518303871154785
6624,18,300,0.15640804171562195
6625,18,301,0.17766620218753815
6626,18,302,0.16457752883434296
6627,18,303,0.17182892560958862
6628,18,304,0.16011697053909302
6629,18,305,0.17100845277309418
6630,18,306,0.18050917983055115
6631,18,307,0.19422262907028198
6632,18,308,0.143116295337677
6633,18,309,0.1634761542081833
6634,18,310,0.1604337990283966
6635,18,311,0.15642328560352325
6636,18,312,0.15753351151943207
6637,18,313,0.1465243548154831
6638,18,314,0.13595055043697357
6639,18,315,0.1339794099330902
6640,18,316,0.16634464263916016
6641,18,317,0.14193835854530334
6642,18,318,0.1687871515750885
6643,18,319,0.13376371562480927
6644,18,320,0.14028167724609375
6645,18,321,0.164641335606575
6646,18,322,0.1505085527896881
6647,18,323,0.17731447517871857
6648,18,324,0.17921976745128632
6649,18,325,0.16239972412586212
6650,18,326,0.1671876609325409
6651,18,327,0.18000003695487976
6652,18,328,0.15868151187896729
6653,18,329,0.16020376980304718
6654,18,330,0.15563265979290009
6655,18,331,0.19117942452430725
6656,18,332,0.14198821783065796
6657,18,333,0.16927173733711243
6658,18,334,0.19240638613700867
6659,18,335,0.1553981453180313
6660,18,336,0.14639441668987274
6661,18,337,0.15525856614112854
6662,18,338,0.18477968871593475
6663,18,339,0.1366375982761383
6664,18,340,0.11605948209762573
6665,18,341,0.15025582909584045
6666,18,342,0.14656826853752136
6667,18,343,0.15894511342048645
6668,18,344,0.1827666461467743
6669,18,345,0.1511954367160797
6670,18,346,0.19843395054340363
6671,18,347,0.14677104353904724
6672,18,348,0.18769118189811707
6673,18,349,0.16128206253051758
6674,18,350,0.15638254582881927
6675,18,351,0.17026758193969727
6676,18,352,0.14887627959251404
6677,18,353,0.1611945778131485
6678,18,354,0.1543457806110382
6679,18,355,0.15958160161972046
6680,18,356,0.14531323313713074
6681,18,357,0.15791505575180054
6682,18,358,0.15531370043754578
6683,18,359,0.13496345281600952
6684,18,360,0.15088476240634918
6685,18,361,0.16255930066108704
6686,18,362,0.2080635130405426
6687,18,363,0.14097286760807037
6688,18,364,0.16324511170387268
6689,18,365,0.14954039454460144
6690,18,366,0.15251889824867249
6691,18,367,0.14760944247245789
6692,18,368,0.1409498006105423
6693,18,369,0.11616431176662445
6694,18,370,0.25481659173965454
6695,18,371,0.12071061134338379
6696,18,372,0.20341165363788605
6697,19,1,0.1487794816493988
6698,19,2,0.14018794894218445
6699,19,3,0.18167150020599365
6700,19,4,0.1451602727174759
6701,19,5,0.13433097302913666
6702,19,6,0.15005111694335938
6703,19,7,0.13645592331886292
6704,19,8,0.1696135699748993
6705,19,9,0.18314436078071594
6706,19,10,0.15716807544231415
6707,19,11,0.18177635967731476
6708,19,12,0.16943229734897614
6709,19,13,0.13364720344543457
6710,19,14,0.18167805671691895
6711,19,15,0.14830787479877472
6712,19,16,0.16332505643367767
6713,19,17,0.17245404422283173
6714,19,18,0.16754665970802307
6715,19,19,0.13311143219470978
6716,19,20,0.12881244719028473
6717,19,21,0.1674773097038269
6718,19,22,0.17591653764247894
6719,19,23,0.13315676152706146
6720,19,24,0.1251639425754547
6721,19,25,0.1489635407924652
6722,19,26,0.15192009508609772
6723,19,27,0.14208242297172546
6724,19,28,0.15368708968162537
6725,19,29,0.13407349586486816
6726,19,30,0.19281312823295593
6727,19,31,0.166840597987175
6728,19,32,0.16710737347602844
6729,19,33,0.16382157802581787
6730,19,34,0.13769099116325378
6731,19,35,0.13021816313266754
6732,19,36,0.1598229706287384
6733,19,37,0.12129616737365723
6734,19,38,0.1313781589269638
6735,19,39,0.12898433208465576
6736,19,40,0.14977167546749115
6737,19,41,0.15453551709651947
6738,19,42,0.17023268342018127
6739,19,43,0.14067590236663818
6740,19,44,0.18156130611896515
6741,19,45,0.16312575340270996
6742,19,46,0.1347447633743286
6743,19,47,0.169404536485672
6744,19,48,0.16058465838432312
6745,19,49,0.1612417995929718
6746,19,50,0.15328456461429596
6747,19,51,0.14463338255882263
6748,19,52,0.14508166909217834
6749,19,53,0.22511188685894012
6750,19,54,0.14198723435401917
6751,19,55,0.12764424085617065
6752,19,56,0.15517058968544006
6753,19,57,0.15926669538021088
6754,19,58,0.14129595458507538
6755,19,59,0.17911943793296814
6756,19,60,0.14232012629508972
6757,19,61,0.14515206217765808
6758,19,62,0.13328559696674347
6759,19,63,0.1923874169588089
6760,19,64,0.1534719616174698
6761,19,65,0.15380172431468964
6762,19,66,0.1405181586742401
6763,19,67,0.15055790543556213
6764,19,68,0.17019325494766235
6765,19,69,0.1569232940673828
6766,19,70,0.13254471123218536
6767,19,71,0.16174444556236267
6768,19,72,0.13122227787971497
6769,19,73,0.1931503564119339
6770,19,74,0.16529273986816406
6771,19,75,0.15505968034267426
6772,19,76,0.16065087914466858
6773,19,77,0.15586484968662262
6774,19,78,0.17888763546943665
6775,19,79,0.16602279245853424
6776,19,80,0.1593325436115265
6777,19,81,0.15920494496822357
6778,19,82,0.15689902007579803
6779,19,83,0.15086941421031952
6780,19,84,0.13600769639015198
6781,19,85,0.1630336493253708
6782,19,86,0.18971532583236694
6783,19,87,0.11031623184680939
6784,19,88,0.1514696180820465
6785,19,89,0.1455620527267456
6786,19,90,0.17815034091472626
6787,19,91,0.1693764179944992
6788,19,92,0.16175393760204315
6789,19,93,0.20009520649909973
6790,19,94,0.14778025448322296
6791,19,95,0.14356164634227753
6792,19,96,0.14796756207942963
6793,19,97,0.13737589120864868
6794,19,98,0.16176143288612366
6795,19,99,0.18455073237419128
6796,19,100,0.13642621040344238
6797,19,101,0.14423300325870514
6798,19,102,0.1263638436794281
6799,19,103,0.13595855236053467
6800,19,104,0.15889880061149597
6801,19,105,0.14812040328979492
6802,19,106,0.15024788677692413
6803,19,107,0.14780893921852112
6804,19,108,0.14896397292613983
6805,19,109,0.12598779797554016
6806,19,110,0.13965702056884766
6807,19,111,0.1598997861146927
6808,19,112,0.13831426203250885
6809,19,113,0.14283938705921173
6810,19,114,0.1588037759065628
6811,19,115,0.1490176022052765
6812,19,116,0.1594126671552658
6813,19,117,0.15163616836071014
6814,19,118,0.12763798236846924
6815,19,119,0.1570947766304016
6816,19,120,0.15173017978668213
6817,19,121,0.1476936936378479
6818,19,122,0.1502191722393036
6819,19,123,0.12661847472190857
6820,19,124,0.1410858929157257
6821,19,125,0.14088322222232819
6822,19,126,0.165410116314888
6823,19,127,0.16041290760040283
6824,19,128,0.1405794322490692
6825,19,129,0.17717115581035614
6826,19,130,0.14000773429870605
6827,19,131,0.13827519118785858
6828,19,132,0.12511739134788513
6829,19,133,0.1521874964237213
6830,19,134,0.15561559796333313
6831,19,135,0.1709468811750412
6832,19,136,0.2010609209537506
6833,19,137,0.12303419411182404
6834,19,138,0.16311903297901154
6835,19,139,0.20914466679096222
6836,19,140,0.15074220299720764
6837,19,141,0.15179391205310822
6838,19,142,0.1510504186153412
6839,19,143,0.14972324669361115
6840,19,144,0.13503603637218475
6841,19,145,0.13536784052848816
6842,19,146,0.14202019572257996
6843,19,147,0.1571711003780365
6844,19,148,0.18503087759017944
6845,19,149,0.12787094712257385
6846,19,150,0.1345917284488678
6847,19,151,0.1608571857213974
6848,19,152,0.1487436294555664
6849,19,153,0.13457733392715454
6850,19,154,0.17313344776630402
6851,19,155,0.18521597981452942
6852,19,156,0.14460024237632751
6853,19,157,0.16553016006946564
6854,19,158,0.1470959335565567
6855,19,159,0.1532876342535019
6856,19,160,0.16148591041564941
6857,19,161,0.14755594730377197
6858,19,162,0.16413819789886475
6859,19,163,0.1524951010942459
6860,19,164,0.12541255354881287
6861,19,165,0.14205195009708405
6862,19,166,0.16419482231140137
6863,19,167,0.13728879392147064
6864,19,168,0.1450338512659073
6865,19,169,0.14432862401008606
6866,19,170,0.12325525283813477
6867,19,171,0.14042732119560242
6868,19,172,0.17726299166679382
6869,19,173,0.145681694149971
6870,19,174,0.1734694242477417
6871,19,175,0.17099915444850922
6872,19,176,0.16748839616775513
6873,19,177,0.13721708953380585
6874,19,178,0.15278491377830505
6875,19,179,0.15096893906593323
6876,19,180,0.131057009100914
6877,19,181,0.14772632718086243
6878,19,182,0.13233652710914612
6879,19,183,0.15352903306484222
6880,19,184,0.15790747106075287
6881,19,185,0.16088660061359406
6882,19,186,0.16138006746768951
6883,19,187,0.1303720474243164
6884,19,188,0.1450873166322708
6885,19,189,0.15432411432266235
6886,19,190,0.1970747709274292
6887,19,191,0.18416285514831543
6888,19,192,0.1742858588695526
6889,19,193,0.1197773814201355
6890,19,194,0.13665863871574402
6891,19,195,0.1311488300561905
6892,19,196,0.17618873715400696
6893,19,197,0.17496035993099213
6894,19,198,0.15128175914287567
6895,19,199,0.12679269909858704
6896,19,200,0.15651407837867737
6897,19,201,0.16785810887813568
6898,19,202,0.16320091485977173
6899,19,203,0.17211559414863586
6900,19,204,0.16089564561843872
6901,19,205,0.1731749325990677
6902,19,206,0.14764483273029327
6903,19,207,0.13350795209407806
6904,19,208,0.1847880631685257
6905,19,209,0.13262984156608582
6906,19,210,0.13813026249408722
6907,19,211,0.15526828169822693
6908,19,212,0.13364718854427338
6909,19,213,0.13165755569934845
6910,19,214,0.13721033930778503
6911,19,215,0.14989258348941803
6912,19,216,0.17315658926963806
6913,19,217,0.1505286544561386
6914,19,218,0.13946594297885895
6915,19,219,0.1448483020067215
6916,19,220,0.16456082463264465
6917,19,221,0.16407302021980286
6918,19,222,0.14732159674167633
6919,19,223,0.1299838125705719
6920,19,224,0.15207333862781525
6921,19,225,0.16612018644809723
6922,19,226,0.12542375922203064
6923,19,227,0.1516757309436798
6924,19,228,0.14590708911418915
6925,19,229,0.14246726036071777
6926,19,230,0.1274162083864212
6927,19,231,0.1503465473651886
6928,19,232,0.16233082115650177
6929,19,233,0.15294812619686127
6930,19,234,0.15918397903442383
6931,19,235,0.15899211168289185
6932,19,236,0.15360110998153687
6933,19,237,0.14784717559814453
6934,19,238,0.12907253205776215
6935,19,239,0.16296547651290894
6936,19,240,0.28623780608177185
6937,19,241,0.19132821261882782
6938,19,242,0.14601169526576996
6939,19,243,0.20009998977184296
6940,19,244,0.1437569558620453
6941,19,245,0.14422652125358582
6942,19,246,0.2016339749097824
6943,19,247,0.15884582698345184
6944,19,248,0.16284246742725372
6945,19,249,0.12436318397521973
6946,19,250,0.16345621645450592
6947,19,251,0.18417233228683472
6948,19,252,0.1526702344417572
6949,19,253,0.18478110432624817
6950,19,254,0.1682860404253006
6951,19,255,0.16506965458393097
6952,19,256,0.2060156613588333
6953,19,257,0.15931513905525208
6954,19,258,0.1716306507587433
6955,19,259,0.1645834892988205
6956,19,260,0.1849566400051117
6957,19,261,0.18518023192882538
6958,19,262,0.1634313017129898
6959,19,263,0.13413433730602264
6960,19,264,0.16738183796405792
6961,19,265,0.14830198884010315
6962,19,266,0.14885684847831726
6963,19,267,0.13592439889907837
6964,19,268,0.1373833864927292
6965,19,269,0.16978731751441956
6966,19,270,0.13411755859851837
6967,19,271,0.14378899335861206
6968,19,272,0.16358229517936707
6969,19,273,0.15060505270957947
6970,19,274,0.24859003722667694
6971,19,275,0.1554608792066574
6972,19,276,0.14654847979545593
6973,19,277,0.16712528467178345
6974,19,278,0.1650688201189041
6975,19,279,0.16032113134860992
6976,19,280,0.1764596402645111
6977,19,281,0.1832660734653473
6978,19,282,0.15121279656887054
6979,19,283,0.13545501232147217
6980,19,284,0.12146265804767609
6981,19,285,0.17363227903842926
6982,19,286,0.14712215960025787
6983,19,287,0.12960001826286316
6984,19,288,0.18284755945205688
6985,19,289,0.1318385899066925
6986,19,290,0.15139374136924744
6987,19,291,0.14540371298789978
6988,19,292,0.1393784135580063
6989,19,293,0.13261939585208893
6990,19,294,0.1584271490573883
6991,19,295,0.14615538716316223
6992,19,296,0.15460650622844696
6993,19,297,0.18062740564346313
6994,19,298,0.16359366476535797
6995,19,299,0.16699059307575226
6996,19,300,0.15974488854408264
6997,19,301,0.13984942436218262
6998,19,302,0.17835119366645813
6999,19,303,0.16666337847709656
7000,19,304,0.15166990458965302
7001,19,305,0.12081967294216156
7002,19,306,0.18176382780075073
7003,19,307,0.1834944486618042
7004,19,308,0.16663821041584015
7005,19,309,0.18918251991271973
7006,19,310,0.1475551426410675
7007,19,311,0.1409820020198822
7008,19,312,0.14403820037841797
7009,19,313,0.1368185579776764
7010,19,314,0.1500861644744873
7011,19,315,0.16398294270038605
7012,19,316,0.14571800827980042
7013,19,317,0.15055438876152039
7014,19,318,0.17886944115161896
7015,19,319,0.13440944254398346
7016,19,320,0.20144760608673096
7017,19,321,0.16488243639469147
7018,19,322,0.17777547240257263
7019,19,323,0.13974866271018982
7020,19,324,0.13343118131160736
7021,19,325,0.14884540438652039
7022,19,326,0.15186016261577606
7023,19,327,0.16991828382015228
7024,19,328,0.15139244496822357
7025,19,329,0.16323192417621613
7026,19,330,0.13210619986057281
7027,19,331,0.14643090963363647
7028,19,332,0.15308736264705658
7029,19,333,0.16533608734607697
7030,19,334,0.1937600076198578
7031,19,335,0.16820016503334045
7032,19,336,0.15995663404464722
7033,19,337,0.13911272585391998
7034,19,338,0.14723899960517883
7035,19,339,0.19182462990283966
7036,19,340,0.18343451619148254
7037,19,341,0.15885958075523376
7038,19,342,0.17226958274841309
7039,19,343,0.16741213202476501
7040,19,344,0.1699790060520172
7041,19,345,0.1521495282649994
7042,19,346,0.1300000101327896
7043,19,347,0.1818484365940094
7044,19,348,0.1795361340045929
7045,19,349,0.17408718168735504
7046,19,350,0.14117592573165894
7047,19,351,0.15119582414627075
7048,19,352,0.1615607887506485
7049,19,353,0.1529591828584671
7050,19,354,0.18027187883853912
7051,19,355,0.15231303870677948
7052,19,356,0.14827992022037506
7053,19,357,0.16946427524089813
7054,19,358,0.15464703738689423
7055,19,359,0.14368222653865814
7056,19,360,0.19610345363616943
7057,19,361,0.1800312101840973
7058,19,362,0.20485904812812805
7059,19,363,0.17857316136360168
7060,19,364,0.15853659808635712
7061,19,365,0.15212371945381165
7062,19,366,0.15597401559352875
7063,19,367,0.1710984855890274
7064,19,368,0.14311572909355164
7065,19,369,0.17102161049842834
7066,19,370,0.14617305994033813
7067,19,371,0.17138507962226868
7068,19,372,0.23976005613803864
7069,20,1,0.17695747315883636
7070,20,2,0.1421208530664444
7071,20,3,0.19291141629219055
7072,20,4,0.15581318736076355
7073,20,5,0.13021790981292725
7074,20,6,0.13914337754249573
7075,20,7,0.12826845049858093
7076,20,8,0.13635677099227905
7077,20,9,0.12709596753120422
7078,20,10,0.17907282710075378
7079,20,11,0.18459250032901764
7080,20,12,0.14683426916599274
7081,20,13,0.1332406848669052
7082,20,14,0.14250285923480988
7083,20,15,0.16157349944114685
7084,20,16,0.1322007030248642
7085,20,17,0.1548038274049759
7086,20,18,0.11593671888113022
7087,20,19,0.1640782654285431
7088,20,20,0.15681150555610657
7089,20,21,0.12994663417339325
7090,20,22,0.1399274319410324
7091,20,23,0.1415776014328003
7092,20,24,0.1406974196434021
7093,20,25,0.14426812529563904
7094,20,26,0.13335645198822021
7095,20,27,0.13730457425117493
7096,20,28,0.1392899453639984
7097,20,29,0.15870751440525055
7098,20,30,0.1526927649974823
7099,20,31,0.13119907677173615
7100,20,32,0.14617282152175903
7101,20,33,0.1480187028646469
7102,20,34,0.20500728487968445
7103,20,35,0.1364808976650238
7104,20,36,0.15772122144699097
7105,20,37,0.15998215973377228
7106,20,38,0.15583115816116333
7107,20,39,0.17686118185520172
7108,20,40,0.1333508938550949
7109,20,41,0.13568173348903656
7110,20,42,0.1984739601612091
7111,20,43,0.14078982174396515
7112,20,44,0.13467440009117126
7113,20,45,0.14697346091270447
7114,20,46,0.16000403463840485
7115,20,47,0.15550056099891663
7116,20,48,0.1498057097196579
7117,20,49,0.1507938802242279
7118,20,50,0.11707378923892975
7119,20,51,0.1334599107503891
7120,20,52,0.14907023310661316
7121,20,53,0.16508562862873077
7122,20,54,0.15526588261127472
7123,20,55,0.16045066714286804
7124,20,56,0.1715133637189865
7125,20,57,0.14887699484825134
7126,20,58,0.15414884686470032
7127,20,59,0.15030518174171448
7128,20,60,0.16517074406147003
7129,20,61,0.1498860865831375
7130,20,62,0.16737818717956543
7131,20,63,0.1487702876329422
7132,20,64,0.14521875977516174
7133,20,65,0.14208361506462097
7134,20,66,0.13332831859588623
7135,20,67,0.15730351209640503
7136,20,68,0.1946956217288971
7137,20,69,0.1301434189081192
7138,20,70,0.14733216166496277
7139,20,71,0.15589706599712372
7140,20,72,0.23290173709392548
7141,20,73,0.12542380392551422
7142,20,74,0.18863637745380402
7143,20,75,0.173851877450943
7144,20,76,0.12800732254981995
7145,20,77,0.17854133248329163
7146,20,78,0.13677921891212463
7147,20,79,0.14253021776676178
7148,20,80,0.17962351441383362
7149,20,81,0.13864494860172272
7150,20,82,0.15797564387321472
7151,20,83,0.15792740881443024
7152,20,84,0.16278162598609924
7153,20,85,0.12734219431877136
7154,20,86,0.1584368795156479
7155,20,87,0.13633224368095398
7156,20,88,0.1275711953639984
7157,20,89,0.16629931330680847
7158,20,90,0.14330032467842102
7159,20,91,0.1628468930721283
7160,20,92,0.1416626274585724
7161,20,93,0.13285735249519348
7162,20,94,0.1522146314382553
7163,20,95,0.13816729187965393
7164,20,96,0.12784086167812347
7165,20,97,0.1781536042690277
7166,20,98,0.1449505090713501
7167,20,99,0.15180857479572296
7168,20,100,0.1893250048160553
7169,20,101,0.1642027348279953
7170,20,102,0.18466851115226746
7171,20,103,0.15160296857357025
7172,20,104,0.1861502230167389
7173,20,105,0.14491009712219238
7174,20,106,0.151877298951149
7175,20,107,0.14911119639873505
7176,20,108,0.14414119720458984
7177,20,109,0.12001323699951172
7178,20,110,0.15988345444202423
7179,20,111,0.12504878640174866
7180,20,112,0.1588282734155655
7181,20,113,0.1571519672870636
7182,20,114,0.13945996761322021
7183,20,115,0.12581364810466766
7184,20,116,0.15250647068023682
7185,20,117,0.14097091555595398
7186,20,118,0.1523120403289795
7187,20,119,0.1406346708536148
7188,20,120,0.16474807262420654
7189,20,121,0.14957961440086365
7190,20,122,0.1681669056415558
7191,20,123,0.16348692774772644
7192,20,124,0.15463116765022278
7193,20,125,0.1204543486237526
7194,20,126,0.14921453595161438
7195,20,127,0.17293033003807068
7196,20,128,0.14534783363342285
7197,20,129,0.15672865509986877
7198,20,130,0.18761341273784637
7199,20,131,0.16175663471221924
7200,20,132,0.1529049277305603
7201,20,133,0.1261768937110901
7202,20,134,0.14504572749137878
7203,20,135,0.12415967136621475
7204,20,136,0.17001914978027344
7205,20,137,0.12632206082344055
7206,20,138,0.1357201784849167
7207,20,139,0.1837245374917984
7208,20,140,0.12863656878471375
7209,20,141,0.1538878232240677
7210,20,142,0.1548614501953125
7211,20,143,0.1553839147090912
7212,20,144,0.14664608240127563
7213,20,145,0.1718800961971283
7214,20,146,0.16369201242923737
7215,20,147,0.15084542334079742
7216,20,148,0.16642561554908752
7217,20,149,0.1993764191865921
7218,20,150,0.17513518035411835
7219,20,151,0.15179277956485748
7220,20,152,0.16673889756202698
7221,20,153,0.1651218831539154
7222,20,154,0.12597787380218506
7223,20,155,0.13940605521202087
7224,20,156,0.1338542252779007
7225,20,157,0.13746118545532227
7226,20,158,0.17165936529636383
7227,20,159,0.17580261826515198
7228,20,160,0.16704776883125305
7229,20,161,0.14020633697509766
7230,20,162,0.1634591668844223
7231,20,163,0.14480635523796082
7232,20,164,0.1383228600025177
7233,20,165,0.16539724171161652
7234,20,166,0.132547527551651
7235,20,167,0.15370948612689972
7236,20,168,0.11443106085062027
7237,20,169,0.14530842006206512
7238,20,170,0.15194512903690338
7239,20,171,0.14746801555156708
7240,20,172,0.13461582362651825
7241,20,173,0.1353183388710022
7242,20,174,0.13262447714805603
7243,20,175,0.15436412394046783
7244,20,176,0.138901948928833
7245,20,177,0.14060737192630768
7246,20,178,0.15797583758831024
7247,20,179,0.17299886047840118
7248,20,180,0.15882723033428192
7249,20,181,0.14813044667243958
7250,20,182,0.1514085829257965
7251,20,183,0.1730515956878662
7252,20,184,0.15991157293319702
7253,20,185,0.1348661631345749
7254,20,186,0.18012085556983948
7255,20,187,0.14182206988334656
7256,20,188,0.13681548833847046
7257,20,189,0.5727996230125427
7258,20,190,0.1282750964164734
7259,20,191,0.17869767546653748
7260,20,192,0.198533296585083
7261,20,193,0.14075730741024017
7262,20,194,0.1515016257762909
7263,20,195,0.1873120665550232
7264,20,196,0.1476593315601349
7265,20,197,0.19662868976593018
7266,20,198,0.16370120644569397
7267,20,199,0.1705738604068756
7268,20,200,0.1624157726764679
7269,20,201,0.1561705321073532
7270,20,202,0.16032257676124573
7271,20,203,0.15021806955337524
7272,20,204,0.18202391266822815
7273,20,205,0.16330599784851074
7274,20,206,0.19010350108146667
7275,20,207,0.1395506113767624
7276,20,208,0.1362932324409485
7277,20,209,0.1861022710800171
7278,20,210,0.15726713836193085
7279,20,211,0.18694338202476501
7280,20,212,0.1726686954498291
7281,20,213,0.16652214527130127
7282,20,214,0.15890860557556152
7283,20,215,0.16975952684879303
7284,20,216,0.17516681551933289
7285,20,217,0.16878189146518707
7286,20,218,0.15046237409114838
7287,20,219,0.18588821589946747
7288,20,220,0.1345592588186264
7289,20,221,0.15385055541992188
7290,20,222,0.15107949078083038
7291,20,223,0.13628551363945007
7292,20,224,0.13131120800971985
7293,20,225,0.1733725517988205
7294,20,226,0.16739408671855927
7295,20,227,0.16434094309806824
7296,20,228,0.1714198887348175
7297,20,229,0.18531465530395508
7298,20,230,0.14774678647518158
7299,20,231,0.16325461864471436
7300,20,232,0.15377028286457062
7301,20,233,0.15319816768169403
7302,20,234,0.16319496929645538
7303,20,235,0.1985689103603363
7304,20,236,0.17696981132030487
7305,20,237,0.14956913888454437
7306,20,238,0.22373643517494202
7307,20,239,0.16963928937911987
7308,20,240,0.14361239969730377
7309,20,241,0.19545958936214447
7310,20,242,0.16302546858787537
7311,20,243,0.16833007335662842
7312,20,244,0.14477144181728363
7313,20,245,0.13764068484306335
7314,20,246,0.16893556714057922
7315,20,247,0.16580364108085632
7316,20,248,0.14644365012645721
7317,20,249,0.2004728764295578
7318,20,250,0.1257905513048172
7319,20,251,0.16198286414146423
7320,20,252,0.12154291570186615
7321,20,253,0.13705399632453918
7322,20,254,0.15250298380851746
7323,20,255,0.15510229766368866
7324,20,256,0.13378489017486572
7325,20,257,0.1332893818616867
7326,20,258,0.16258284449577332
7327,20,259,0.1799038201570511
7328,20,260,0.15518997609615326
7329,20,261,0.17507852613925934
7330,20,262,0.1404564082622528
7331,20,263,0.1732066571712494
7332,20,264,0.17524607479572296
7333,20,265,0.1545572578907013
7334,20,266,0.12365508079528809
7335,20,267,0.15820705890655518
7336,20,268,0.19000284373760223
7337,20,269,0.14774370193481445
7338,20,270,0.1558912694454193
7339,20,271,0.1547679305076599
7340,20,272,0.1546710580587387
7341,20,273,0.1653994768857956
7342,20,274,0.14610476791858673
7343,20,275,0.17656706273555756
7344,20,276,0.14763082563877106
7345,20,277,0.16740094125270844
7346,20,278,0.15366563200950623
7347,20,279,0.14883527159690857
7348,20,280,0.1285712867975235
7349,20,281,0.14919696748256683
7350,20,282,0.16012759506702423
7351,20,283,0.12445537000894547
7352,20,284,0.1351509839296341
7353,20,285,0.1437944918870926
7354,20,286,0.12008259445428848
7355,20,287,0.1422075480222702
7356,20,288,0.17035360634326935
7357,20,289,0.1546669751405716
7358,20,290,0.18794193863868713
7359,20,291,0.1436319649219513
7360,20,292,0.13249704241752625
7361,20,293,0.1614416390657425
7362,20,294,0.15932975709438324
7363,20,295,0.13656382262706757
7364,20,296,0.1396309733390808
7365,20,297,0.16015903651714325
7366,20,298,0.2241220772266388
7367,20,299,0.164153054356575
7368,20,300,0.16636940836906433
7369,20,301,0.17581449449062347
7370,20,302,0.1439787745475769
7371,20,303,0.15109682083129883
7372,20,304,0.1757631003856659
7373,20,305,0.1590905785560608
7374,20,306,0.1458757370710373
7375,20,307,0.1839289367198944
7376,20,308,0.14742980897426605
7377,20,309,0.13197052478790283
7378,20,310,0.18293079733848572
7379,20,311,0.1407918632030487
7380,20,312,0.18302638828754425
7381,20,313,0.152380108833313
7382,20,314,0.17864368855953217
7383,20,315,0.1380009651184082
7384,20,316,0.1624232977628708
7385,20,317,0.19078049063682556
7386,20,318,0.1568002700805664
7387,20,319,0.16343599557876587
7388,20,320,0.16812531650066376
7389,20,321,0.1640957146883011
7390,20,322,0.13250133395195007
7391,20,323,0.14838269352912903
7392,20,324,0.1371135711669922
7393,20,325,0.16903096437454224
7394,20,326,0.1888854205608368
7395,20,327,0.14344921708106995
7396,20,328,0.16323834657669067
7397,20,329,0.13973650336265564
7398,20,330,0.15494771301746368
7399,20,331,0.15937671065330505
7400,20,332,0.15347202122211456
7401,20,333,0.1572304666042328
7402,20,334,0.15581195056438446
7403,20,335,0.11411769688129425
7404,20,336,0.16716206073760986
7405,20,337,0.1875808984041214
7406,20,338,0.16573980450630188
7407,20,339,0.15878519415855408
7408,20,340,0.1536804586648941
7409,20,341,0.17089112102985382
7410,20,342,0.1820964366197586
7411,20,343,0.14509712159633636
7412,20,344,0.1891697347164154
7413,20,345,0.16867758333683014
7414,20,346,0.1430586278438568
7415,20,347,0.17286187410354614
7416,20,348,0.18987120687961578
7417,20,349,0.17451490461826324
7418,20,350,0.12140093743801117
7419,20,351,0.1534208357334137
7420,20,352,0.15471592545509338
7421,20,353,0.16201326251029968
7422,20,354,0.18209639191627502
7423,20,355,0.1541377753019333
7424,20,356,0.16350778937339783
7425,20,357,0.1592835783958435
7426,20,358,0.19591936469078064
7427,20,359,0.18385049700737
7428,20,360,0.1435578167438507
7429,20,361,0.1586916595697403
7430,20,362,0.12927378714084625
7431,20,363,0.13961119949817657
7432,20,364,0.21089227497577667
7433,20,365,0.13441495597362518
7434,20,366,0.14871665835380554
7435,20,367,0.11950977146625519
7436,20,368,0.14744098484516144
7437,20,369,0.16536858677864075
7438,20,370,0.1644962728023529
7439,20,371,0.13923655450344086
7440,20,372,0.16369204223155975
7441,21,1,0.15647737681865692
7442,21,2,0.15580669045448303
7443,21,3,0.13980260491371155
7444,21,4,0.13436183333396912
7445,21,5,0.13935382664203644
7446,21,6,0.1596992313861847
7447,21,7,0.14063826203346252
7448,21,8,0.13713154196739197
7449,21,9,0.1270262748003006
7450,21,10,0.12299118936061859
7451,21,11,0.1984017938375473
7452,21,12,0.14579205214977264
7453,21,13,0.15628314018249512
7454,21,14,0.17008265852928162
7455,21,15,0.15084943175315857
7456,21,16,0.16107019782066345
7457,21,17,0.1274041086435318
7458,21,18,0.16068166494369507
7459,21,19,0.18679992854595184
7460,21,20,0.1495225429534912
7461,21,21,0.12364498525857925
7462,21,22,0.13854935765266418
7463,21,23,0.21668300032615662
7464,21,24,0.15432918071746826
7465,21,25,0.22421304881572723
7466,21,26,0.18784666061401367
7467,21,27,0.17245395481586456
7468,21,28,0.15123340487480164
7469,21,29,0.16171057522296906
7470,21,30,0.1407935917377472
7471,21,31,0.1463925838470459
7472,21,32,0.16306166350841522
7473,21,33,0.171211376786232
7474,21,34,0.14144575595855713
7475,21,35,0.13336113095283508
7476,21,36,0.16693295538425446
7477,21,37,0.14885760843753815
7478,21,38,0.16838136315345764
7479,21,39,0.17980708181858063
7480,21,40,0.13338759541511536
7481,21,41,0.169675812125206
7482,21,42,0.14162971079349518
7483,21,43,0.1635051965713501
7484,21,44,0.14037850499153137
7485,21,45,0.19574511051177979
7486,21,46,0.1672666072845459
7487,21,47,0.17851881682872772
7488,21,48,0.14723847806453705
7489,21,49,0.1904282122850418
7490,21,50,0.13542458415031433
7491,21,51,0.15428240597248077
7492,21,52,0.17761549353599548
7493,21,53,0.16029943525791168
7494,21,54,0.1792665719985962
7495,21,55,0.12965473532676697
7496,21,56,0.15606652200222015
7497,21,57,0.17627885937690735
7498,21,58,0.16887037456035614
7499,21,59,0.1501568853855133
7500,21,60,0.13548892736434937
7501,21,61,0.15189453959465027
7502,21,62,0.14794602990150452
7503,21,63,0.16211584210395813
7504,21,64,0.12346148490905762
7505,21,65,0.12613582611083984
7506,21,66,0.1355188488960266
7507,21,67,0.17013764381408691
7508,21,68,0.1293409764766693
7509,21,69,0.13009876012802124
7510,21,70,0.1431845873594284
7511,21,71,0.1405201256275177
7512,21,72,0.12576910853385925
7513,21,73,0.1367267668247223
7514,21,74,0.12911315262317657
7515,21,75,0.13776299357414246
7516,21,76,0.1373477727174759
7517,21,77,0.1448446363210678
7518,21,78,0.156814843416214
7519,21,79,0.1260688155889511
7520,21,80,0.1842823326587677
7521,21,81,0.15001174807548523
7522,21,82,0.1556559056043625
7523,21,83,0.1386476457118988
7524,21,84,0.13673552870750427
7525,21,85,0.2207736223936081
7526,21,86,0.1373203694820404
7527,21,87,0.21986034512519836
7528,21,88,0.19495020806789398
7529,21,89,0.14430153369903564
7530,21,90,0.12099714577198029
7531,21,91,0.1680552065372467
7532,21,92,0.14327330887317657
7533,21,93,0.15913940966129303
7534,21,94,0.14861418306827545
7535,21,95,0.1406766176223755
7536,21,96,0.14769183099269867
7537,21,97,0.15488651394844055
7538,21,98,0.14540556073188782
7539,21,99,0.11181332916021347
7540,21,100,0.18629463016986847
7541,21,101,0.13542696833610535
7542,21,102,0.1485193520784378
7543,21,103,0.16180694103240967
7544,21,104,0.12092609703540802
7545,21,105,0.14476566016674042
7546,21,106,0.1477285474538803
7547,21,107,0.17574118077754974
7548,21,108,0.14993615448474884
7549,21,109,0.13897815346717834
7550,21,110,0.14561033248901367
7551,21,111,0.13128365576267242
7552,21,112,0.11893248558044434
7553,21,113,0.1584257036447525
7554,21,114,0.2035738229751587
7555,21,115,0.15806962549686432
7556,21,116,0.17964544892311096
7557,21,117,0.17526404559612274
7558,21,118,0.14060500264167786
7559,21,119,0.1460857093334198
7560,21,120,0.15847741067409515
7561,21,121,0.18192574381828308
7562,21,122,0.17280623316764832
7563,21,123,0.11791662126779556
7564,21,124,0.1534951776266098
7565,21,125,0.20148761570453644
7566,21,126,0.1330968141555786
7567,21,127,0.1437450498342514
7568,21,128,0.16737781465053558
7569,21,129,0.15548864006996155
7570,21,130,0.1683158576488495
7571,21,131,0.15655574202537537
7572,21,132,0.12928424775600433
7573,21,133,0.14534129202365875
7574,21,134,0.17974744737148285
7575,21,135,0.13685323297977448
7576,21,136,0.15241362154483795
7577,21,137,0.15752771496772766
7578,21,138,0.17418032884597778
7579,21,139,0.1650189459323883
7580,21,140,0.20219609141349792
7581,21,141,0.17216570675373077
7582,21,142,0.19102299213409424
7583,21,143,0.16025811433792114
7584,21,144,0.15249976515769958
7585,21,145,0.15027454495429993
7586,21,146,0.1444852352142334
7587,21,147,0.1466272920370102
7588,21,148,0.19301718473434448
7589,21,149,0.1785425841808319
7590,21,150,0.1400616616010666
7591,21,151,0.15512417256832123
7592,21,152,0.14320427179336548
7593,21,153,0.14551135897636414
7594,21,154,0.14622068405151367
7595,21,155,0.15172693133354187
7596,21,156,0.18143503367900848
7597,21,157,0.1777128130197525
7598,21,158,0.16109523177146912
7599,21,159,0.14528292417526245
7600,21,160,0.1293962001800537
7601,21,161,0.15069234371185303
7602,21,162,0.1421276181936264
7603,21,163,0.18002548813819885
7604,21,164,0.14169803261756897
7605,21,165,0.15081533789634705
7606,21,166,0.16748479008674622
7607,21,167,0.1733962744474411
7608,21,168,0.20788469910621643
7609,21,169,0.14920127391815186
7610,21,170,0.1639234721660614
7611,21,171,0.131020188331604
7612,21,172,0.17684538662433624
7613,21,173,0.1780698150396347
7614,21,174,0.12604446709156036
7615,21,175,0.12616686522960663
7616,21,176,0.14897821843624115
7617,21,177,0.13147494196891785
7618,21,178,0.14199689030647278
7619,21,179,0.19893212616443634
7620,21,180,0.1800302118062973
7621,21,181,0.15311332046985626
7622,21,182,0.15973836183547974
7623,21,183,0.1517883539199829
7624,21,184,0.13212351500988007
7625,21,185,0.15508855879306793
7626,21,186,0.14780470728874207
7627,21,187,0.21766087412834167
7628,21,188,0.16490086913108826
7629,21,189,0.12943361699581146
7630,21,190,0.1612503081560135
7631,21,191,0.15438926219940186
7632,21,192,0.15494194626808167
7633,21,193,0.1733977496623993
7634,21,194,0.15325604379177094
7635,21,195,0.16602112352848053
7636,21,196,0.15581834316253662
7637,21,197,0.16738107800483704
7638,21,198,0.17200599610805511
7639,21,199,0.1389586329460144
7640,21,200,0.17720767855644226
7641,21,201,0.16348297894001007
7642,21,202,0.1693374365568161
7643,21,203,0.16977724432945251
7644,21,204,0.13201919198036194
7645,21,205,0.15114407241344452
7646,21,206,0.1494630128145218
7647,21,207,0.14624159038066864
7648,21,208,0.11820993572473526
7649,21,209,0.16323134303092957
7650,21,210,0.1098540797829628
7651,21,211,0.15610696375370026
7652,21,212,0.15904676914215088
7653,21,213,0.1703464835882187
7654,21,214,0.14189110696315765
7655,21,215,0.18407441675662994
7656,21,216,0.14523546397686005
7657,21,217,0.13756795227527618
7658,21,218,0.1662418395280838
7659,21,219,0.1359235793352127
7660,21,220,0.15623658895492554
7661,21,221,0.14551058411598206
7662,21,222,0.1632089912891388
7663,21,223,0.16765427589416504
7664,21,224,0.14665882289409637
7665,21,225,0.15520362555980682
7666,21,226,0.1483037769794464
7667,21,227,0.15358419716358185
7668,21,228,0.13831326365470886
7669,21,229,0.14032652974128723
7670,21,230,0.14120988547801971
7671,21,231,0.16549846529960632
7672,21,232,0.1831355094909668
7673,21,233,0.12737292051315308
7674,21,234,0.13588233292102814
7675,21,235,0.14346130192279816
7676,21,236,0.18889914453029633
7677,21,237,0.20197105407714844
7678,21,238,0.1688544750213623
7679,21,239,0.1285649836063385
7680,21,240,0.13997025787830353
7681,21,241,0.18496474623680115
7682,21,242,0.15471288561820984
7683,21,243,0.13250388205051422
7684,21,244,0.14879414439201355
7685,21,245,0.13572442531585693
7686,21,246,0.14614906907081604
7687,21,247,0.18453572690486908
7688,21,248,0.13477684557437897
7689,21,249,0.1363588124513626
7690,21,250,0.1365305483341217
7691,21,251,0.18058931827545166
7692,21,252,0.18712320923805237
7693,21,253,0.16026908159255981
7694,21,254,0.15095630288124084
7695,21,255,0.1658967137336731
7696,21,256,0.14841891825199127
7697,21,257,0.1651258021593094
7698,21,258,0.1540885716676712
7699,21,259,0.13476040959358215
7700,21,260,0.14269192516803741
7701,21,261,0.16495175659656525
7702,21,262,0.1369437277317047
7703,21,263,0.146542489528656
7704,21,264,0.1466575562953949
7705,21,265,0.14121541380882263
7706,21,266,0.15151375532150269
7707,21,267,0.2331613302230835
7708,21,268,0.1835460066795349
7709,21,269,0.15985903143882751
7710,21,270,0.13311941921710968
7711,21,271,0.1323280781507492
7712,21,272,0.15686273574829102
7713,21,273,0.16957175731658936
7714,21,274,0.17800840735435486
7715,21,275,0.16293609142303467
7716,21,276,0.1438344120979309
7717,21,277,0.13075633347034454
7718,21,278,0.15941932797431946
7719,21,279,0.1459331214427948
7720,21,280,0.15395475924015045
7721,21,281,0.15571120381355286
7722,21,282,0.1497860550880432
7723,21,283,0.16501162946224213
7724,21,284,0.1649511158466339
7725,21,285,0.1274840533733368
7726,21,286,0.12343953549861908
7727,21,287,0.1394144594669342
7728,21,288,0.14997932314872742
7729,21,289,0.1095840111374855
7730,21,290,0.13045750558376312
7731,21,291,0.14444370567798615
7732,21,292,0.13651344180107117
7733,21,293,0.16431555151939392
7734,21,294,0.17484000325202942
7735,21,295,0.16941159963607788
7736,21,296,0.1859123706817627
7737,21,297,0.14465731382369995
7738,21,298,0.14304257929325104
7739,21,299,0.13111096620559692
7740,21,300,0.1585332751274109
7741,21,301,0.13579919934272766
7742,21,302,0.17373046278953552
7743,21,303,0.15636250376701355
7744,21,304,0.1391790807247162
7745,21,305,0.17708119750022888
7746,21,306,0.14562147855758667
7747,21,307,0.1475755274295807
7748,21,308,0.149590402841568
7749,21,309,0.1712801307439804
7750,21,310,0.20110741257667542
7751,21,311,0.17102476954460144
7752,21,312,0.15199875831604004
7753,21,313,0.14030571281909943
7754,21,314,0.14089971780776978
7755,21,315,0.14524558186531067
7756,21,316,0.152822345495224
7757,21,317,0.15700015425682068
7758,21,318,0.14228171110153198
7759,21,319,0.1391543596982956
7760,21,320,0.16452334821224213
7761,21,321,0.1588294804096222
7762,21,322,0.13232365250587463
7763,21,323,0.1468004733324051
7764,21,324,0.14508739113807678
7765,21,325,0.15215671062469482
7766,21,326,0.1503179669380188
7767,21,327,0.13988171517848969
7768,21,328,0.1534014642238617
7769,21,329,0.1643897294998169
7770,21,330,0.13824011385440826
7771,21,331,0.14860042929649353
7772,21,332,0.15955626964569092
7773,21,333,0.1462497115135193
7774,21,334,0.18049870431423187
7775,21,335,0.1412297487258911
7776,21,336,0.14175862073898315
7777,21,337,0.1852254420518875
7778,21,338,0.17048713564872742
7779,21,339,0.18081167340278625
7780,21,340,0.14913883805274963
7781,21,341,0.12754368782043457
7782,21,342,0.13945557177066803
7783,21,343,0.12720270454883575
7784,21,344,0.14851537346839905
7785,21,345,0.14868509769439697
7786,21,346,0.16215617954730988
7787,21,347,0.1459728181362152
7788,21,348,0.14566484093666077
7789,21,349,0.1323559582233429
7790,21,350,0.14076228439807892
7791,21,351,0.12797734141349792
7792,21,352,0.15013064444065094
7793,21,353,0.1889229118824005
7794,21,354,0.13451968133449554
7795,21,355,0.11370612680912018
7796,21,356,0.16037532687187195
7797,21,357,0.17181849479675293
7798,21,358,0.13421769440174103
7799,21,359,0.14890846610069275
7800,21,360,0.11655399948358536
7801,21,361,0.12170960754156113
7802,21,362,0.1371842324733734
7803,21,363,0.12364150583744049
7804,21,364,0.15820759534835815
7805,21,365,0.16428843140602112
7806,21,366,0.1277666836977005
7807,21,367,0.14627286791801453
7808,21,368,0.13222715258598328
7809,21,369,0.15156115591526031
7810,21,370,0.14362362027168274
7811,21,371,0.12436704337596893
7812,21,372,0.18546096980571747
7813,22,1,0.14820969104766846
7814,22,2,0.14446072280406952
7815,22,3,0.15878614783287048
7816,22,4,0.15430988371372223
7817,22,5,0.1332474946975708
7818,22,6,0.12940943241119385
7819,22,7,0.15811991691589355
7820,22,8,0.13604316115379333
7821,22,9,0.13251730799674988
7822,22,10,0.12137279659509659
7823,22,11,0.15482091903686523
7824,22,12,0.16676712036132812
7825,22,13,0.11956415325403214
7826,22,14,0.14946836233139038
7827,22,15,0.13507485389709473
7828,22,16,0.14445307850837708
7829,22,17,0.14749681949615479
7830,22,18,0.15423229336738586
7831,22,19,0.11409997940063477
7832,22,20,0.14043550193309784
7833,22,21,0.14747819304466248
7834,22,22,0.137803852558136
7835,22,23,0.1432824432849884
7836,22,24,0.14748628437519073
7837,22,25,0.1166369691491127
7838,22,26,0.1480998694896698
7839,22,27,0.1456163227558136
7840,22,28,0.13802623748779297
7841,22,29,0.12894658744335175
7842,22,30,0.14171457290649414
7843,22,31,0.16959641873836517
7844,22,32,0.12138666212558746
7845,22,33,0.15523555874824524
7846,22,34,0.14817073941230774
7847,22,35,0.13872167468070984
7848,22,36,0.13282552361488342
7849,22,37,0.14780505001544952
7850,22,38,0.16211621463298798
7851,22,39,0.1442936360836029
7852,22,40,0.11127487570047379
7853,22,41,0.14234034717082977
7854,22,42,0.15330271422863007
7855,22,43,0.15022464096546173
7856,22,44,0.14710009098052979
7857,22,45,0.11082006990909576
7858,22,46,0.12977920472621918
7859,22,47,0.1510629802942276
7860,22,48,0.1711549460887909
7861,22,49,0.11944451183080673
7862,22,50,0.13230809569358826
7863,22,51,0.13125929236412048
7864,22,52,0.16770604252815247
7865,22,53,0.14499162137508392
7866,22,54,0.1322011947631836
7867,22,55,0.13919195532798767
7868,22,56,0.15726138651371002
7869,22,57,0.14869967103004456
7870,22,58,0.17037931084632874
7871,22,59,0.14531895518302917
7872,22,60,0.13382616639137268
7873,22,61,0.1467067450284958
7874,22,62,0.14151105284690857
7875,22,63,0.17467276751995087
7876,22,64,0.17263151705265045
7877,22,65,0.16565552353858948
7878,22,66,0.17725180089473724
7879,22,67,0.14180248975753784
7880,22,68,0.14474722743034363
7881,22,69,0.13264130055904388
7882,22,70,0.14170314371585846
7883,22,71,0.13239923119544983
7884,22,72,0.1369420737028122
7885,22,73,0.19206936657428741
7886,22,74,0.161869078874588
7887,22,75,0.14852970838546753
7888,22,76,0.10608236491680145
7889,22,77,0.12953907251358032
7890,22,78,0.15472975373268127
7891,22,79,0.15883830189704895
7892,22,80,0.20870959758758545
7893,22,81,0.15029971301555634
7894,22,82,0.11439800262451172
7895,22,83,0.14648273587226868
7896,22,84,0.1273415982723236
7897,22,85,0.12682309746742249
7898,22,86,0.1498061716556549
7899,22,87,0.13362690806388855
7900,22,88,0.130017951130867
7901,22,89,0.1315373182296753
7902,22,90,0.138681098818779
7903,22,91,0.18853244185447693
7904,22,92,0.1430739462375641
7905,22,93,0.17926523089408875
7906,22,94,0.17049913108348846
7907,22,95,0.15940161049365997
7908,22,96,0.15160715579986572
7909,22,97,0.14108720421791077
7910,22,98,0.14760401844978333
7911,22,99,0.1540582776069641
7912,22,100,0.14338724315166473
7913,22,101,0.13281698524951935
7914,22,102,0.13108745217323303
7915,22,103,0.16792094707489014
7916,22,104,0.16420802474021912
7917,22,105,0.12770448625087738
7918,22,106,0.14256125688552856
7919,22,107,0.16507451236248016
7920,22,108,0.12931950390338898
7921,22,109,0.17709065973758698
7922,22,110,0.12126590311527252
7923,22,111,0.16507095098495483
7924,22,112,0.14928068220615387
7925,22,113,0.16816949844360352
7926,22,114,0.16481424868106842
7927,22,115,0.18683844804763794
7928,22,116,0.12357737869024277
7929,22,117,0.15786969661712646
7930,22,118,0.16862548887729645
7931,22,119,0.16484452784061432
7932,22,120,0.1422257125377655
7933,22,121,0.20654809474945068
7934,22,122,0.13470688462257385
7935,22,123,0.16081368923187256
7936,22,124,0.16297052800655365
7937,22,125,0.15573158860206604
7938,22,126,0.14745891094207764
7939,22,127,0.14263513684272766
7940,22,128,0.16421596705913544
7941,22,129,0.14848463237285614
7942,22,130,0.1419471949338913
7943,22,131,0.15785017609596252
7944,22,132,0.14862492680549622
7945,22,133,0.11976180225610733
7946,22,134,0.16749639809131622
7947,22,135,0.12352379411458969
7948,22,136,0.14607372879981995
7949,22,137,0.16275809705257416
7950,22,138,0.17474651336669922
7951,22,139,0.13481467962265015
7952,22,140,0.17442123591899872
7953,22,141,0.16223841905593872
7954,22,142,0.15570321679115295
7955,22,143,0.1235060915350914
7956,22,144,0.14418135583400726
7957,22,145,0.12355895340442657
7958,22,146,0.16233697533607483
7959,22,147,0.13415095210075378
7960,22,148,0.1472640484571457
7961,22,149,0.1532728374004364
7962,22,150,0.16552205383777618
7963,22,151,0.1255466639995575
7964,22,152,0.13840657472610474
7965,22,153,0.14532968401908875
7966,22,154,0.1384560912847519
7967,22,155,0.1285337209701538
7968,22,156,0.14674341678619385
7969,22,157,0.1319366991519928
7970,22,158,0.1620541512966156
7971,22,159,0.1541856825351715
7972,22,160,0.18969576060771942
7973,22,161,0.16090568900108337
7974,22,162,0.14203624427318573
7975,22,163,0.1508857011795044
7976,22,164,0.16073068976402283
7977,22,165,0.1564057320356369
7978,22,166,0.14362642168998718
7979,22,167,0.12094968557357788
7980,22,168,0.1392408162355423
7981,22,169,0.18442098796367645
7982,22,170,0.13996821641921997
7983,22,171,0.13561639189720154
7984,22,172,0.1400739848613739
7985,22,173,0.15319058299064636
7986,22,174,0.12603165209293365
7987,22,175,0.15963205695152283
7988,22,176,0.14308002591133118
7989,22,177,0.13897649943828583
7990,22,178,0.15663522481918335
7991,22,179,0.17205484211444855
7992,22,180,0.11379966884851456
7993,22,181,0.15636828541755676
7994,22,182,0.1524161696434021
7995,22,183,0.154230535030365
7996,22,184,0.11258774995803833
7997,22,185,0.12924474477767944
7998,22,186,0.16609126329421997
7999,22,187,0.12929554283618927
8000,22,188,0.1628900170326233
8001,22,189,0.17319640517234802
8002,22,190,0.13697651028633118
8003,22,191,0.1431531012058258
8004,22,192,0.14617542922496796
8005,22,193,0.17042985558509827
8006,22,194,0.1467113047838211
8007,22,195,0.1399165838956833
8008,22,196,0.15987147390842438
8009,22,197,0.14626070857048035
8010,22,198,0.15279248356819153
8011,22,199,0.16122488677501678
8012,22,200,0.14560046792030334
8013,22,201,0.1355777531862259
8014,22,202,0.12416721880435944
8015,22,203,0.15881137549877167
8016,22,204,0.13992902636528015
8017,22,205,0.13880211114883423
8018,22,206,0.16128909587860107
8019,22,207,0.14481745660305023
8020,22,208,0.12945899367332458
8021,22,209,0.1474730670452118
8022,22,210,0.14299222826957703
8023,22,211,0.13247224688529968
8024,22,212,0.1370612382888794
8025,22,213,0.1566169559955597
8026,22,214,0.1725614368915558
8027,22,215,0.14617441594600677
8028,22,216,0.12213815748691559
8029,22,217,0.1311507672071457
8030,22,218,0.1985747069120407
8031,22,219,0.169683039188385
8032,22,220,0.17594479024410248
8033,22,221,0.1350027322769165
8034,22,222,0.15183448791503906
8035,22,223,0.15881043672561646
8036,22,224,0.14440932869911194
8037,22,225,0.15938067436218262
8038,22,226,0.14490461349487305
8039,22,227,0.1383409947156906
8040,22,228,0.13922658562660217
8041,22,229,0.142124742269516
8042,22,230,0.1367333084344864
8043,22,231,0.1483234465122223
8044,22,232,0.15977710485458374
8045,22,233,0.1326826959848404
8046,22,234,0.1635264903306961
8047,22,235,0.12650711834430695
8048,22,236,0.15270701050758362
8049,22,237,0.1386973261833191
8050,22,238,0.16415250301361084
8051,22,239,0.16162335872650146
8052,22,240,0.13938960433006287
8053,22,241,0.163645938038826
8054,22,242,0.15275302529335022
8055,22,243,0.16067305207252502
8056,22,244,0.15443533658981323
8057,22,245,0.14980801939964294
8058,22,246,0.14755287766456604
8059,22,247,0.1428384780883789
8060,22,248,0.15240229666233063
8061,22,249,0.17646798491477966
8062,22,250,0.16877031326293945
8063,22,251,0.13946716487407684
8064,22,252,0.16346409916877747
8065,22,253,0.19280514121055603
8066,22,254,0.13636809587478638
8067,22,255,0.17068804800510406
8068,22,256,0.1382426619529724
8069,22,257,0.16770590841770172
8070,22,258,0.15183693170547485
8071,22,259,0.1593298763036728
8072,22,260,0.14140596985816956
8073,22,261,0.1479817032814026
8074,22,262,0.16209927201271057
8075,22,263,0.15584789216518402
8076,22,264,0.16394886374473572
8077,22,265,0.1534826159477234
8078,22,266,0.1580916792154312
8079,22,267,0.13532991707324982
8080,22,268,0.15539225935935974
8081,22,269,0.17717310786247253
8082,22,270,0.1523406058549881
8083,22,271,0.1602584272623062
8084,22,272,0.14706926047801971
8085,22,273,0.1378633975982666
8086,22,274,0.15216386318206787
8087,22,275,0.1467498540878296
8088,22,276,0.12077651917934418
8089,22,277,0.1622222661972046
8090,22,278,0.15976476669311523
8091,22,279,0.14128132164478302
8092,22,280,0.13678400218486786
8093,22,281,0.13428637385368347
8094,22,282,0.12507733702659607
8095,22,283,0.12797924876213074
8096,22,284,0.12596063315868378
8097,22,285,0.13753297924995422
8098,22,286,0.14171040058135986
8099,22,287,0.1383412778377533
8100,22,288,0.13971787691116333
8101,22,289,0.13531120121479034
8102,22,290,0.12887363135814667
8103,22,291,0.15711234509944916
8104,22,292,0.1482042670249939
8105,22,293,0.1707809865474701
8106,22,294,0.13746002316474915
8107,22,295,0.16069617867469788
8108,22,296,0.1536101996898651
8109,22,297,0.1544514298439026
8110,22,298,0.1525036245584488
8111,22,299,0.1707351803779602
8112,22,300,0.14183667302131653
8113,22,301,0.14051662385463715
8114,22,302,0.10989554226398468
8115,22,303,0.13383522629737854
8116,22,304,0.14051398634910583
8117,22,305,0.1501087248325348
8118,22,306,0.12143693119287491
8119,22,307,0.1337255835533142
8120,22,308,0.1267603039741516
8121,22,309,0.153012216091156
8122,22,310,0.15867897868156433
8123,22,311,0.15451213717460632
8124,22,312,0.13462071120738983
8125,22,313,0.14293953776359558
8126,22,314,0.10898274183273315
8127,22,315,0.15230529010295868
8128,22,316,0.15125210583209991
8129,22,317,0.17673476040363312
8130,22,318,0.14480023086071014
8131,22,319,0.1462886482477188
8132,22,320,0.16560660302639008
8133,22,321,0.15114998817443848
8134,22,322,0.1528768688440323
8135,22,323,0.12683451175689697
8136,22,324,0.16183628141880035
8137,22,325,0.125788152217865
8138,22,326,0.14742577075958252
8139,22,327,0.14446166157722473
8140,22,328,0.2003467082977295
8141,22,329,0.15313461422920227
8142,22,330,0.1372804492712021
8143,22,331,0.1408541053533554
8144,22,332,0.1570708453655243
8145,22,333,0.1391640603542328
8146,22,334,0.14863167703151703
8147,22,335,0.18140587210655212
8148,22,336,0.1584327518939972
8149,22,337,0.12592586874961853
8150,22,338,0.12868130207061768
8151,22,339,0.13278409838676453
8152,22,340,0.1741422712802887
8153,22,341,0.16250835359096527
8154,22,342,0.12045077979564667
8155,22,343,0.12976866960525513
8156,22,344,0.14859671890735626
8157,22,345,0.10929568111896515
8158,22,346,0.18177518248558044
8159,22,347,0.14102812111377716
8160,22,348,0.1352599412202835
8161,22,349,0.15496452152729034
8162,22,350,0.33178654313087463
8163,22,351,0.13645000755786896
8164,22,352,0.1317671537399292
8165,22,353,0.12526723742485046
8166,22,354,0.1640159636735916
8167,22,355,0.17071989178657532
8168,22,356,0.17299655079841614
8169,22,357,0.1740875542163849
8170,22,358,0.17632415890693665
8171,22,359,0.14022207260131836
8172,22,360,0.21483716368675232
8173,22,361,0.15601560473442078
8174,22,362,0.1478404551744461
8175,22,363,0.1371118128299713
8176,22,364,0.1531115025281906
8177,22,365,0.17732076346874237
8178,22,366,0.14590036869049072
8179,22,367,0.14560464024543762
8180,22,368,0.15097278356552124
8181,22,369,0.16084623336791992
8182,22,370,0.13487492501735687
8183,22,371,0.17838004231452942
8184,22,372,0.16228395700454712
8185,23,1,0.17704841494560242
8186,23,2,0.15125684440135956
8187,23,3,0.16165851056575775
8188,23,4,0.17888617515563965
8189,23,5,0.17174628376960754
8190,23,6,0.16793742775917053
8191,23,7,0.18573340773582458
8192,23,8,0.10255030542612076
8193,23,9,0.14090263843536377
8194,23,10,0.12275916337966919
8195,23,11,0.12640021741390228
8196,23,12,0.20064803957939148
8197,23,13,0.14637698233127594
8198,23,14,0.15050168335437775
8199,23,15,0.14555326104164124
8200,23,16,0.11944230645895004
8201,23,17,0.1660916954278946
8202,23,18,0.15124306082725525
8203,23,19,0.17043277621269226
8204,23,20,0.13224242627620697
8205,23,21,0.12492094188928604
8206,23,22,0.1375005692243576
8207,23,23,0.25931814312934875
8208,23,24,0.1514018326997757
8209,23,25,0.14359289407730103
8210,23,26,0.1607109010219574
8211,23,27,0.18902532756328583
8212,23,28,0.15696421265602112
8213,23,29,0.1972058117389679
8214,23,30,0.19925636053085327
8215,23,31,0.20799271762371063
8216,23,32,0.18476083874702454
8217,23,33,0.17618906497955322
8218,23,34,0.20733359456062317
8219,23,35,0.19378632307052612
8220,23,36,0.15997466444969177
8221,23,37,0.20921730995178223
8222,23,38,0.18102231621742249
8223,23,39,0.17444966733455658
8224,23,40,0.17388245463371277
8225,23,41,0.14664340019226074
8226,23,42,0.19153152406215668
8227,23,43,0.172662153840065
8228,23,44,0.15356582403182983
8229,23,45,0.12902875244617462
8230,23,46,0.176995649933815
8231,23,47,0.16567018628120422
8232,23,48,0.18385258316993713
8233,23,49,0.15849725902080536
8234,23,50,0.1826884001493454
8235,23,51,0.15449324250221252
8236,23,52,0.17039628326892853
8237,23,53,0.13775880634784698
8238,23,54,0.17491695284843445
8239,23,55,0.17955873906612396
8240,23,56,0.15900468826293945
8241,23,57,0.17214807868003845
8242,23,58,0.15222810208797455
8243,23,59,0.16869884729385376
8244,23,60,0.16108372807502747
8245,23,61,0.1384584754705429
8246,23,62,0.17856018245220184
8247,23,63,0.1681797206401825
8248,23,64,0.1455455720424652
8249,23,65,0.15540726482868195
8250,23,66,0.17730872333049774
8251,23,67,0.15427634119987488
8252,23,68,0.1541091650724411
8253,23,69,0.15366140007972717
8254,23,70,0.17000406980514526
8255,23,71,0.18418391048908234
8256,23,72,0.15889132022857666
8257,23,73,0.1611258089542389
8258,23,74,0.1355331689119339
8259,23,75,0.11913875490427017
8260,23,76,0.163762629032135
8261,23,77,0.13404619693756104
8262,23,78,0.14705871045589447
8263,23,79,0.15194591879844666
8264,23,80,0.15477564930915833
8265,23,81,0.14838042855262756
8266,23,82,0.1591937094926834
8267,23,83,0.17512831091880798
8268,23,84,0.1627962440252304
8269,23,85,0.15431997179985046
8270,23,86,0.14500510692596436
8271,23,87,0.12456605583429337
8272,23,88,0.15649428963661194
8273,23,89,0.15633133053779602
8274,23,90,0.12739133834838867
8275,23,91,0.13673605024814606
8276,23,92,0.14809753000736237
8277,23,93,0.12788426876068115
8278,23,94,0.12408538162708282
8279,23,95,0.13953523337841034
8280,23,96,0.17189879715442657
8281,23,97,0.16120292246341705
8282,23,98,0.16803908348083496
8283,23,99,0.1520284116268158
8284,23,100,0.1408502459526062
8285,23,101,0.135915607213974
8286,23,102,0.14813324809074402
8287,23,103,0.1690804660320282
8288,23,104,0.14520230889320374
8289,23,105,0.1884361207485199
8290,23,106,0.1517115831375122
8291,23,107,0.16990885138511658
8292,23,108,0.12667469680309296
8293,23,109,0.16734081506729126
8294,23,110,0.1668037623167038
8295,23,111,0.1565319299697876
8296,23,112,0.1547645628452301
8297,23,113,0.15863101184368134
8298,23,114,0.13311433792114258
8299,23,115,0.1324717253446579
8300,23,116,0.17157676815986633
8301,23,117,0.15656964480876923
8302,23,118,0.13512323796749115
8303,23,119,0.16874250769615173
8304,23,120,0.18126165866851807
8305,23,121,0.13834625482559204
8306,23,122,0.123240627348423
8307,23,123,0.14527709782123566
8308,23,124,0.192316934466362
8309,23,125,0.1568499505519867
8310,23,126,0.1255539357662201
8311,23,127,0.18157434463500977
8312,23,128,0.13328877091407776
8313,23,129,0.11293083429336548
8314,23,130,0.12429990619421005
8315,23,131,0.35750919580459595
8316,23,132,0.17222100496292114
8317,23,133,0.16964861750602722
8318,23,134,0.14770346879959106
8319,23,135,0.30296024680137634
8320,23,136,0.18744422495365143
8321,23,137,0.14387860894203186
8322,23,138,0.18161174654960632
8323,23,139,0.18309059739112854
8324,23,140,0.1616041362285614
8325,23,141,0.1767803579568863
8326,23,142,0.16625314950942993
8327,23,143,0.2104605883359909
8328,23,144,0.20677593350410461
8329,23,145,0.1920531988143921
8330,23,146,0.19779498875141144
8331,23,147,0.16862636804580688
8332,23,148,0.21822614967823029
8333,23,149,0.17011837661266327
8334,23,150,0.1931597888469696
8335,23,151,0.13643234968185425
8336,23,152,0.1772984117269516
8337,23,153,0.18160508573055267
8338,23,154,0.21468579769134521
8339,23,155,0.15255841612815857
8340,23,156,0.1783280074596405
8341,23,157,0.14132356643676758
8342,23,158,0.15481869876384735
8343,23,159,0.149122953414917
8344,23,160,0.15927720069885254
8345,23,161,0.14957404136657715
8346,23,162,0.16912077367305756
8347,23,163,0.13881954550743103
8348,23,164,0.1502251774072647
8349,23,165,0.16329355537891388
8350,23,166,0.1528557687997818
8351,23,167,0.14350757002830505
8352,23,168,0.17705252766609192
8353,23,169,0.1751185804605484
8354,23,170,0.1811710149049759
8355,23,171,0.17928509414196014
8356,23,172,0.3268679082393646
8357,23,173,0.1420641392469406
8358,23,174,0.2669083774089813
8359,23,175,0.14314383268356323
8360,23,176,0.15247201919555664
8361,23,177,0.27581366896629333
8362,23,178,0.2611113488674164
8363,23,179,0.22169902920722961
8364,23,180,0.1476983278989792
8365,23,181,0.3189573884010315
8366,23,182,0.1919744908809662
8367,23,183,0.1591496616601944
8368,23,184,0.16715674102306366
8369,23,185,0.19261150062084198
8370,23,186,0.1785176694393158
8371,23,187,0.21921643614768982
8372,23,188,0.1623370498418808
8373,23,189,0.1655595898628235
8374,23,190,0.2050914466381073
8375,23,191,0.19738823175430298
8376,23,192,0.1999625265598297
8377,23,193,0.20008043944835663
8378,23,194,0.18074262142181396
8379,23,195,0.18442402780056
8380,23,196,0.1666240394115448
8381,23,197,0.19517147541046143
8382,23,198,0.16926802694797516
8383,23,199,0.17440465092658997
8384,23,200,0.14960706233978271
8385,23,201,0.16139911115169525
8386,23,202,0.1598741114139557
8387,23,203,0.1648963987827301
8388,23,204,0.18918006122112274
8389,23,205,0.1728043258190155
8390,23,206,0.23104135692119598
8391,23,207,0.20020528137683868
8392,23,208,0.18630088865756989
8393,23,209,0.19936275482177734
8394,23,210,0.15502557158470154
8395,23,211,0.1319628357887268
8396,23,212,0.17472758889198303
8397,23,213,0.18134444952011108
8398,23,214,0.16896271705627441
8399,23,215,0.14958855509757996
8400,23,216,0.16190080344676971
8401,23,217,0.12741902470588684
8402,23,218,0.18623685836791992
8403,23,219,0.1435854583978653
8404,23,220,0.16080829501152039
8405,23,221,0.1402599960565567
8406,23,222,0.16474327445030212
8407,23,223,0.16299226880073547
8408,23,224,0.14461514353752136
8409,23,225,0.12327351421117783
8410,23,226,0.17181435227394104
8411,23,227,0.17230108380317688
8412,23,228,0.17206823825836182
8413,23,229,0.14269711077213287
8414,23,230,0.15260443091392517
8415,23,231,0.21767739951610565
8416,23,232,0.1749027520418167
8417,23,233,0.14214210212230682
8418,23,234,0.136002779006958
8419,23,235,0.1465161293745041
8420,23,236,0.1205320954322815
8421,23,237,0.15915051102638245
8422,23,238,0.15278145670890808
8423,23,239,0.1778760403394699
8424,23,240,0.14045779407024384
8425,23,241,0.14355158805847168
8426,23,242,0.16233491897583008
8427,23,243,0.14182309806346893
8428,23,244,0.1627974510192871
8429,23,245,0.1675347536802292
8430,23,246,0.14084014296531677
8431,23,247,0.17867983877658844
8432,23,248,0.1311315894126892
8433,23,249,0.15657880902290344
8434,23,250,0.13618527352809906
8435,23,251,0.16758331656455994
8436,23,252,0.17258769273757935
8437,23,253,0.1855795830488205
8438,23,254,0.14708295464515686
8439,23,255,0.20273542404174805
8440,23,256,0.13664519786834717
8441,23,257,0.1392804980278015
8442,23,258,0.1942989081144333
8443,23,259,0.13619275391101837
8444,23,260,0.11514757573604584
8445,23,261,0.18128691613674164
8446,23,262,0.15272504091262817
8447,23,263,0.13124437630176544
8448,23,264,0.15391632914543152
8449,23,265,0.168882817029953
8450,23,266,0.15322953462600708
8451,23,267,0.122353695333004
8452,23,268,0.12841877341270447
8453,23,269,0.15419746935367584
8454,23,270,0.13558124005794525
8455,23,271,0.15489473938941956
8456,23,272,0.11873845010995865
8457,23,273,0.1301341950893402
8458,23,274,0.14299635589122772
8459,23,275,0.1375897228717804
8460,23,276,0.15620988607406616
8461,23,277,0.16059768199920654
8462,23,278,0.13770020008087158
8463,23,279,0.14679905772209167
8464,23,280,0.14997467398643494
8465,23,281,0.16444721817970276
8466,23,282,0.15962627530097961
8467,23,283,0.15018098056316376
8468,23,284,0.14503824710845947
8469,23,285,0.12133230268955231
8470,23,286,0.17337225377559662
8471,23,287,0.16819114983081818
8472,23,288,0.15121789276599884
8473,23,289,0.1650543361902237
8474,23,290,0.16602185368537903
8475,23,291,0.12699535489082336
8476,23,292,0.1207740530371666
8477,23,293,0.13948769867420197
8478,23,294,0.17299142479896545
8479,23,295,0.149581640958786
8480,23,296,0.17189082503318787
8481,23,297,0.1361818015575409
8482,23,298,0.1399213969707489
8483,23,299,0.16548803448677063
8484,23,300,0.1873750239610672
8485,23,301,0.13879960775375366
8486,23,302,0.14798353612422943
8487,23,303,0.13058742880821228
8488,23,304,0.12241747230291367
8489,23,305,0.13553835451602936
8490,23,306,0.11778281629085541
8491,23,307,0.16786174476146698
8492,23,308,0.15391620993614197
8493,23,309,0.18437443673610687
8494,23,310,0.1472489833831787
8495,23,311,0.17501235008239746
8496,23,312,0.14221464097499847
8497,23,313,0.14519837498664856
8498,23,314,0.1519099324941635
8499,23,315,0.15901783108711243
8500,23,316,0.12304054200649261
8501,23,317,0.15604080259799957
8502,23,318,0.1548835188150406
8503,23,319,0.15549959242343903
8504,23,320,0.14460594952106476
8505,23,321,0.13223084807395935
8506,23,322,0.13619506359100342
8507,23,323,0.13189458847045898
8508,23,324,0.1457534283399582
8509,23,325,0.15379998087882996
8510,23,326,0.1373591125011444
8511,23,327,0.21054545044898987
8512,23,328,0.13132697343826294
8513,23,329,0.14742140471935272
8514,23,330,0.1583937108516693
8515,23,331,0.14919205009937286
8516,23,332,0.12420223653316498
8517,23,333,0.1292390674352646
8518,23,334,0.13374391198158264
8519,23,335,0.1375107765197754
8520,23,336,0.20388630032539368
8521,23,337,0.1198308914899826
8522,23,338,0.14838452637195587
8523,23,339,0.17042957246303558
8524,23,340,0.15746520459651947
8525,23,341,0.14793047308921814
8526,23,342,0.12024005502462387
8527,23,343,0.147347554564476
8528,23,344,0.17046935856342316
8529,23,345,0.15957608819007874
8530,23,346,0.1538783311843872
8531,23,347,0.15354928374290466
8532,23,348,0.12929120659828186
8533,23,349,0.17480644583702087
8534,23,350,0.13739940524101257
8535,23,351,0.15544947981834412
8536,23,352,0.1452113687992096
8537,23,353,0.15451881289482117
8538,23,354,0.1524800807237625
8539,23,355,0.17841240763664246
8540,23,356,0.15019509196281433
8541,23,357,0.12569481134414673
8542,23,358,0.15338841080665588
8543,23,359,0.14657741785049438
8544,23,360,0.14417530596256256
8545,23,361,0.13461267948150635
8546,23,362,0.1617918461561203
8547,23,363,0.23014986515045166
8548,23,364,0.1227903962135315
8549,23,365,0.15158042311668396
8550,23,366,0.1652234047651291
8551,23,367,0.12520036101341248
8552,23,368,0.13041506707668304
8553,23,369,0.1530003845691681
8554,23,370,0.11753416061401367
8555,23,371,0.1808491051197052
8556,23,372,0.13281592726707458
8557,24,1,0.17486059665679932
8558,24,2,0.1581116020679474
8559,24,3,0.11572551727294922
8560,24,4,0.19538670778274536
8561,24,5,0.16710861027240753
8562,24,6,0.189573734998703
8563,24,7,0.12427294254302979
8564,24,8,0.13518543541431427
8565,24,9,0.13659194111824036
8566,24,10,0.15103885531425476
8567,24,11,0.13973762094974518
8568,24,12,0.15317368507385254
8569,24,13,0.15769247710704803
8570,24,14,0.1556052267551422
8571,24,15,0.15739169716835022
8572,24,16,0.1326364427804947
8573,24,17,0.17447665333747864
8574,24,18,0.15416236221790314
8575,24,19,0.14422203600406647
8576,24,20,0.17410781979560852
8577,24,21,0.14041724801063538
8578,24,22,0.12495063245296478
8579,24,23,0.12594884634017944
8580,24,24,0.15113022923469543
8581,24,25,0.15741172432899475
8582,24,26,0.13243615627288818
8583,24,27,0.1654585599899292
8584,24,28,0.1505127102136612
8585,24,29,0.1285589039325714
8586,24,30,0.18627716600894928
8587,24,31,0.156242236495018
8588,24,32,0.15512950718402863
8589,24,33,0.16867463290691376
8590,24,34,0.13016720116138458
8591,24,35,0.14745859801769257
8592,24,36,0.1312364786863327
8593,24,37,0.12140005826950073
8594,24,38,0.1645589917898178
8595,24,39,0.15844033658504486
8596,24,40,0.1583094596862793
8597,24,41,0.15546990931034088
8598,24,42,0.1089053750038147
8599,24,43,0.1699955016374588
8600,24,44,0.13501298427581787
8601,24,45,0.1354994773864746
8602,24,46,0.1507410854101181
8603,24,47,0.13663138449192047
8604,24,48,0.1343860775232315
8605,24,49,0.14219681918621063
8606,24,50,0.14774872362613678
8607,24,51,0.115484319627285
8608,24,52,0.12735077738761902
8609,24,53,0.1334431767463684
8610,24,54,0.1625603437423706
8611,24,55,0.14045517146587372
8612,24,56,0.12098194658756256
8613,24,57,0.13901874423027039
8614,24,58,0.1724672019481659
8615,24,59,0.14031213521957397
8616,24,60,0.13658106327056885
8617,24,61,0.13814924657344818
8618,24,62,0.11521244049072266
8619,24,63,0.15776337683200836
8620,24,64,0.14470480382442474
8621,24,65,0.13047748804092407
8622,24,66,0.13864213228225708
8623,24,67,0.15971389412879944
8624,24,68,0.128646120429039
8625,24,69,0.18249772489070892
8626,24,70,0.16005754470825195
8627,24,71,0.1357240229845047
8628,24,72,0.14458154141902924
8629,24,73,0.18743304908275604
8630,24,74,0.12727859616279602
8631,24,75,0.19494855403900146
8632,24,76,0.1799539178609848
8633,24,77,0.15368592739105225
8634,24,78,0.15939374268054962
8635,24,79,0.14280381798744202
8636,24,80,0.1280953586101532
8637,24,81,0.15487930178642273
8638,24,82,0.16718465089797974
8639,24,83,0.12877514958381653
8640,24,84,0.1371295005083084
8641,24,85,0.15112708508968353
8642,24,86,0.1270512193441391
8643,24,87,0.14304034411907196
8644,24,88,0.14567440748214722
8645,24,89,0.14387694001197815
8646,24,90,0.137412890791893
8647,24,91,0.15352728962898254
8648,24,92,0.15002289414405823
8649,24,93,0.15067778527736664
8650,24,94,0.2267717868089676
8651,24,95,0.14407794177532196
8652,24,96,0.15580973029136658
8653,24,97,0.156428262591362
8654,24,98,0.13425299525260925
8655,24,99,0.1669643670320511
8656,24,100,0.11498437076807022
8657,24,101,0.19536998867988586
8658,24,102,0.15103861689567566
8659,24,103,0.1418725997209549
8660,24,104,0.17116707563400269
8661,24,105,0.16132226586341858
8662,24,106,0.15122313797473907
8663,24,107,0.13447093963623047
8664,24,108,0.14492107927799225
8665,24,109,0.1623266339302063
8666,24,110,0.14953531324863434
8667,24,111,0.16794785857200623
8668,24,112,0.15750189125537872
8669,24,113,0.1485850065946579
8670,24,114,0.1324600726366043
8671,24,115,0.15729904174804688
8672,24,116,0.14018863439559937
8673,24,117,0.13297392427921295
8674,24,118,0.18211938440799713
8675,24,119,0.13400276005268097
8676,24,120,0.1433217078447342
8677,24,121,0.15240968763828278
8678,24,122,0.12615258991718292
8679,24,123,0.15169885754585266
8680,24,124,0.11017018556594849
8681,24,125,0.1425360143184662
8682,24,126,0.12400410324335098
8683,24,127,0.17203852534294128
8684,24,128,0.13237264752388
8685,24,129,0.12995131313800812
8686,24,130,0.13916179537773132
8687,24,131,0.13498520851135254
8688,24,132,0.13630284368991852
8689,24,133,0.14537698030471802
8690,24,134,0.14231310784816742
8691,24,135,0.1283349096775055
8692,24,136,0.1446692794561386
8693,24,137,0.1334819793701172
8694,24,138,0.15345698595046997
8695,24,139,0.11573004722595215
8696,24,140,0.132150799036026
8697,24,141,0.1280302107334137
8698,24,142,0.14434632658958435
8699,24,143,0.1585809290409088
8700,24,144,0.14183051884174347
8701,24,145,0.19678065180778503
8702,24,146,0.14847031235694885
8703,24,147,0.13708530366420746
8704,24,148,0.13195961713790894
8705,24,149,0.27516916394233704
8706,24,150,0.13155384361743927
8707,24,151,0.12988005578517914
8708,24,152,0.1580425500869751
8709,24,153,0.15457279980182648
8710,24,154,0.1507876217365265
8711,24,155,0.15589873492717743
8712,24,156,0.1531672328710556
8713,24,157,0.12837481498718262
8714,24,158,0.15617680549621582
8715,24,159,0.15500444173812866
8716,24,160,0.15430568158626556
8717,24,161,0.15077969431877136
8718,24,162,0.1349826157093048
8719,24,163,0.22503647208213806
8720,24,164,0.1316373646259308
8721,24,165,0.12137331813573837
8722,24,166,0.14004412293434143
8723,24,167,0.11420942842960358
8724,24,168,0.1513403058052063
8725,24,169,0.1718355119228363
8726,24,170,0.1745729148387909
8727,24,171,0.137461856007576
8728,24,172,0.1235843077301979
8729,24,173,0.14810529351234436
8730,24,174,0.21105022728443146
8731,24,175,0.13269969820976257
8732,24,176,0.15114690363407135
8733,24,177,0.14400091767311096
8734,24,178,0.1935654729604721
8735,24,179,0.14066928625106812
8736,24,180,0.16872389614582062
8737,24,181,0.15437720715999603
8738,24,182,0.1583719551563263
8739,24,183,0.17250403761863708
8740,24,184,0.10835649818181992
8741,24,185,0.12781748175621033
8742,24,186,0.1704307347536087
8743,24,187,0.1533680558204651
8744,24,188,0.16002395749092102
8745,24,189,0.130334734916687
8746,24,190,0.14306297898292542
8747,24,191,0.13173416256904602
8748,24,192,0.15070690214633942
8749,24,193,0.1501764953136444
8750,24,194,0.13951125741004944
8751,24,195,0.1536446362733841
8752,24,196,0.1388910710811615
8753,24,197,0.1260724514722824
8754,24,198,0.1472778618335724
8755,24,199,0.11986589431762695
8756,24,200,0.15319019556045532
8757,24,201,0.17158100008964539
8758,24,202,0.15044690668582916
8759,24,203,0.12324945628643036
8760,24,204,0.17575395107269287
8761,24,205,0.13765759766101837
8762,24,206,0.1584773063659668
8763,24,207,0.15268996357917786
8764,24,208,0.1507972627878189
8765,24,209,0.13992804288864136
8766,24,210,0.16809135675430298
8767,24,211,0.1596173793077469
8768,24,212,0.14629369974136353
8769,24,213,0.12732329964637756
8770,24,214,0.11694645881652832
8771,24,215,0.16920322179794312
8772,24,216,0.13583600521087646
8773,24,217,0.1608550250530243
8774,24,218,0.11158828437328339
8775,24,219,0.12596608698368073
8776,24,220,0.14839550852775574
8777,24,221,0.12474434077739716
8778,24,222,0.15085184574127197
8779,24,223,0.13028636574745178
8780,24,224,0.13443972170352936
8781,24,225,0.1257111132144928
8782,24,226,0.1357632577419281
8783,24,227,0.14103928208351135
8784,24,228,0.1725388765335083
8785,24,229,0.15138542652130127
8786,24,230,0.13400714099407196
8787,24,231,0.1684078425168991
8788,24,232,0.14810384809970856
8789,24,233,0.1368488371372223
8790,24,234,0.12604191899299622
8791,24,235,0.15452061593532562
8792,24,236,0.11218909174203873
8793,24,237,0.1472989320755005
8794,24,238,0.12205131351947784
8795,24,239,0.16000978648662567
8796,24,240,0.11817879974842072
8797,24,241,0.15112657845020294
8798,24,242,0.12971580028533936
8799,24,243,0.16715463995933533
8800,24,244,0.12787878513336182
8801,24,245,0.1351597011089325
8802,24,246,0.10921178013086319
8803,24,247,0.1818700134754181
8804,24,248,0.14457714557647705
8805,24,249,0.15958434343338013
8806,24,250,0.14084893465042114
8807,24,251,0.154805526137352
8808,24,252,0.16126565635204315
8809,24,253,0.15599969029426575
8810,24,254,0.15682098269462585
8811,24,255,0.166375994682312
8812,24,256,0.13690222799777985
8813,24,257,0.12866899371147156
8814,24,258,0.1537034809589386
8815,24,259,0.17438571155071259
8816,24,260,0.15079036355018616
8817,24,261,0.13322439789772034
8818,24,262,0.14268331229686737
8819,24,263,0.16852550208568573
8820,24,264,0.12023298442363739
8821,24,265,0.1393023431301117
8822,24,266,0.16039703786373138
8823,24,267,0.1424436718225479
8824,24,268,0.1319456398487091
8825,24,269,0.1568927764892578
8826,24,270,0.14335712790489197
8827,24,271,0.14228802919387817
8828,24,272,0.1742803156375885
8829,24,273,0.11977197229862213
8830,24,274,0.1448427438735962
8831,24,275,0.12532296776771545
8832,24,276,0.13881757855415344
8833,24,277,0.1443900167942047
8834,24,278,0.1463768184185028
8835,24,279,0.14935830235481262
8836,24,280,0.16381590068340302
8837,24,281,0.1599038541316986
8838,24,282,0.14581327140331268
8839,24,283,0.1255774199962616
8840,24,284,0.13575837016105652
8841,24,285,0.1510595828294754
8842,24,286,0.16306570172309875
8843,24,287,0.16599245369434357
8844,24,288,0.13283061981201172
8845,24,289,0.13377341628074646
8846,24,290,0.1514098346233368
8847,24,291,0.16842135787010193
8848,24,292,0.1536409854888916
8849,24,293,0.1331453174352646
8850,24,294,0.11357028782367706
8851,24,295,0.10328762233257294
8852,24,296,0.13137662410736084
8853,24,297,0.1552833765745163
8854,24,298,0.12906542420387268
8855,24,299,0.16486936807632446
8856,24,300,0.144460529088974
8857,24,301,0.1391042023897171
8858,24,302,0.1351180076599121
8859,24,303,0.1526724398136139
8860,24,304,0.14439193904399872
8861,24,305,0.18759852647781372
8862,24,306,0.1460215300321579
8863,24,307,0.16635501384735107
8864,24,308,0.14772126078605652
8865,24,309,0.1297958791255951
8866,24,310,0.15258921682834625
8867,24,311,0.15919789671897888
8868,24,312,0.12804315984249115
8869,24,313,0.11657509952783585
8870,24,314,0.13479319214820862
8871,24,315,0.1616174280643463
8872,24,316,0.12345384061336517
8873,24,317,0.14386096596717834
8874,24,318,0.149519145488739
8875,24,319,0.13272486627101898
8876,24,320,0.1471235305070877
8877,24,321,0.15773636102676392
8878,24,322,0.11806140840053558
8879,24,323,0.14959216117858887
8880,24,324,0.1339050680398941
8881,24,325,0.1458895355463028
8882,24,326,0.24563853442668915
8883,24,327,0.14729507267475128
8884,24,328,0.17231039702892303
8885,24,329,0.1430916041135788
8886,24,330,0.16410957276821136
8887,24,331,0.14303778111934662
8888,24,332,0.14210674166679382
8889,24,333,0.1288498193025589
8890,24,334,0.14572805166244507
8891,24,335,0.14355140924453735
8892,24,336,0.13657818734645844
8893,24,337,0.1698145568370819
8894,24,338,0.13667374849319458
8895,24,339,0.157439187169075
8896,24,340,0.16358157992362976
8897,24,341,0.10930190235376358
8898,24,342,0.1785498410463333
8899,24,343,0.16585925221443176
8900,24,344,0.13875971734523773
8901,24,345,0.1604340374469757
8902,24,346,0.13645493984222412
8903,24,347,0.1724860519170761
8904,24,348,0.15117301046848297
8905,24,349,0.1609085649251938
8906,24,350,0.14270693063735962
8907,24,351,0.1083664670586586
8908,24,352,0.17125335335731506
8909,24,353,0.14361634850502014
8910,24,354,0.17592330276966095
8911,24,355,0.12650275230407715
8912,24,356,0.15342041850090027
8913,24,357,0.136026993393898
8914,24,358,0.17374520003795624
8915,24,359,0.13022993505001068
8916,24,360,0.15583428740501404
8917,24,361,0.17681469023227692
8918,24,362,0.16339458525180817
8919,24,363,0.19769689440727234
8920,24,364,0.1122075691819191
8921,24,365,0.1527552306652069
8922,24,366,0.12665078043937683
8923,24,367,0.1653175801038742
8924,24,368,0.14544495940208435
8925,24,369,0.11119542270898819
8926,24,370,0.13536208868026733
8927,24,371,0.1327117532491684
8928,24,372,0.1354978084564209
8929,25,1,0.13904337584972382
8930,25,2,0.1382026970386505
8931,25,3,0.13837817311286926
8932,25,4,0.1354772001504898
8933,25,5,0.13092175126075745
8934,25,6,0.1642090380191803
8935,25,7,0.15192794799804688
8936,25,8,0.15056248009204865
8937,25,9,0.12284533679485321
8938,25,10,0.14617149531841278
8939,25,11,0.1230730265378952
8940,25,12,0.13399013876914978
8941,25,13,0.1317135989665985
8942,25,14,0.14084747433662415
8943,25,15,0.13747136294841766
8944,25,16,0.15407469868659973
8945,25,17,0.1506270468235016
8946,25,18,0.14521723985671997
8947,25,19,0.1362830400466919
8948,25,20,0.14260514080524445
8949,25,21,0.12449614703655243
8950,25,22,0.13134436309337616
8951,25,23,0.16136546432971954
8952,25,24,0.13884040713310242
8953,25,25,0.12593987584114075
8954,25,26,0.12822797894477844
8955,25,27,0.14568983018398285
8956,25,28,0.1587410718202591
8957,25,29,0.13090959191322327
8958,25,30,0.11890505254268646
8959,25,31,0.19053928554058075
8960,25,32,0.12525825202465057
8961,25,33,0.14276377856731415
8962,25,34,0.12798713147640228
8963,25,35,0.15035854279994965
8964,25,36,0.18189148604869843
8965,25,37,0.14622525870800018
8966,25,38,0.14825889468193054
8967,25,39,0.13358382880687714
8968,25,40,0.1439245641231537
8969,25,41,0.10927899181842804
8970,25,42,0.15047939121723175
8971,25,43,0.15663620829582214
8972,25,44,0.1302533894777298
8973,25,45,0.15278559923171997
8974,25,46,0.165179044008255
8975,25,47,0.14817097783088684
8976,25,48,0.11631699651479721
8977,25,49,0.1630263477563858
8978,25,50,0.1267658919095993
8979,25,51,0.18169771134853363
8980,25,52,0.16612163186073303
8981,25,53,0.1356937289237976
8982,25,54,0.1444418728351593
8983,25,55,0.10959003120660782
8984,25,56,0.1402847170829773
8985,25,57,0.13277679681777954
8986,25,58,0.1475209891796112
8987,25,59,0.13374844193458557
8988,25,60,0.14604434370994568
8989,25,61,0.1526699662208557
8990,25,62,0.14933833479881287
8991,25,63,0.1696350872516632
8992,25,64,0.1306360810995102
8993,25,65,0.1573108732700348
8994,25,66,0.171469047665596
8995,25,67,0.14867764711380005
8996,25,68,0.14247483015060425
8997,25,69,0.1392398625612259
8998,25,70,0.14213302731513977
8999,25,71,0.13384969532489777
9000,25,72,0.11691592633724213
9001,25,73,0.1478320062160492
9002,25,74,0.17284442484378815
9003,25,75,0.14890915155410767
9004,25,76,0.15366776287555695
9005,25,77,0.16677692532539368
9006,25,78,0.12922200560569763
9007,25,79,0.13616839051246643
9008,25,80,0.13511967658996582
9009,25,81,0.13921865820884705
9010,25,82,0.1300700455904007
9011,25,83,0.1224212497472763
9012,25,84,0.1468963921070099
9013,25,85,0.14512702822685242
9014,25,86,0.14454121887683868
9015,25,87,0.15181800723075867
9016,25,88,0.1380208432674408
9017,25,89,0.15372613072395325
9018,25,90,0.13520079851150513
9019,25,91,0.11252250522375107
9020,25,92,0.12280014902353287
9021,25,93,0.16159632802009583
9022,25,94,0.17525458335876465
9023,25,95,0.14781740307807922
9024,25,96,0.1390625685453415
9025,25,97,0.12585721909999847
9026,25,98,0.15127716958522797
9027,25,99,0.15430966019630432
9028,25,100,0.14368802309036255
9029,25,101,0.1426190435886383
9030,25,102,0.1211617961525917
9031,25,103,0.11258386075496674
9032,25,104,0.1776004582643509
9033,25,105,0.14235317707061768
9034,25,106,0.1294962465763092
9035,25,107,0.13801699876785278
9036,25,108,0.1250300407409668
9037,25,109,0.12502385675907135
9038,25,110,0.14424237608909607
9039,25,111,0.1433877795934677
9040,25,112,0.1386154294013977
9041,25,113,0.14414064586162567
9042,25,114,0.12588541209697723
9043,25,115,0.37841153144836426
9044,25,116,0.12566089630126953
9045,25,117,0.15012256801128387
9046,25,118,0.11909620463848114
9047,25,119,0.14898549020290375
9048,25,120,0.1538190394639969
9049,25,121,0.16766129434108734
9050,25,122,0.11765402555465698
9051,25,123,0.16046710312366486
9052,25,124,0.1218370646238327
9053,25,125,0.13732753694057465
9054,25,126,0.17818871140480042
9055,25,127,0.14935092628002167
9056,25,128,0.1468263566493988
9057,25,129,0.17970170080661774
9058,25,130,0.14670059084892273
9059,25,131,0.1565612256526947
9060,25,132,0.11512492597103119
9061,25,133,0.15035922825336456
9062,25,134,0.15214061737060547
9063,25,135,0.15363037586212158
9064,25,136,0.1307804435491562
9065,25,137,0.14389276504516602
9066,25,138,0.13299492001533508
9067,25,139,0.13509680330753326
9068,25,140,0.16612577438354492
9069,25,141,0.16817417740821838
9070,25,142,0.12203428894281387
9071,25,143,0.1508667767047882
9072,25,144,0.14637918770313263
9073,25,145,0.11883611977100372
9074,25,146,0.14577730000019073
9075,25,147,0.1529674381017685
9076,25,148,0.1596876084804535
9077,25,149,0.12513801455497742
9078,25,150,0.17272479832172394
9079,25,151,0.1442326456308365
9080,25,152,0.13352100551128387
9081,25,153,0.15238210558891296
9082,25,154,0.1750122308731079
9083,25,155,0.1538173258304596
9084,25,156,0.13477963209152222
9085,25,157,0.1487518846988678
9086,25,158,0.14937373995780945
9087,25,159,0.13355998694896698
9088,25,160,0.13069868087768555
9089,25,161,0.16622087359428406
9090,25,162,0.1520782709121704
9091,25,163,0.13205817341804504
9092,25,164,0.15722444653511047
9093,25,165,0.1795024573802948
9094,25,166,0.1895398050546646
9095,25,167,0.1375686377286911
9096,25,168,0.14357426762580872
9097,25,169,0.14524467289447784
9098,25,170,0.1889381855726242
9099,25,171,0.1102881208062172
9100,25,172,0.12555015087127686
9101,25,173,0.13029733300209045
9102,25,174,0.13254089653491974
9103,25,175,0.13072817027568817
9104,25,176,0.13775072991847992
9105,25,177,0.13404086232185364
9106,25,178,0.0998268574476242
9107,25,179,0.13344742357730865
9108,25,180,0.1522870808839798
9109,25,181,0.12904202938079834
9110,25,182,0.1633295714855194
9111,25,183,0.13643500208854675
9112,25,184,0.15490618348121643
9113,25,185,0.14345236122608185
9114,25,186,0.15302732586860657
9115,25,187,0.13221831619739532
9116,25,188,0.1233857125043869
9117,25,189,0.13909372687339783
9118,25,190,0.1271086037158966
9119,25,191,0.17445175349712372
9120,25,192,0.11581923067569733
9121,25,193,0.12645985186100006
9122,25,194,0.13770364224910736
9123,25,195,0.16142114996910095
9124,25,196,0.1264290064573288
9125,25,197,0.10407029092311859
9126,25,198,0.18265607953071594
9127,25,199,0.13373085856437683
9128,25,200,0.1515813171863556
9129,25,201,0.13272646069526672
9130,25,202,0.14390739798545837
9131,25,203,0.12743762135505676
9132,25,204,0.11748403310775757
9133,25,205,0.14640015363693237
9134,25,206,0.17084810137748718
9135,25,207,0.15037232637405396
9136,25,208,0.12793678045272827
9137,25,209,0.1421293169260025
9138,25,210,0.14268697798252106
9139,25,211,0.1391901671886444
9140,25,212,0.11659413576126099
9141,25,213,0.15137335658073425
9142,25,214,0.13702689111232758
9143,25,215,0.17401519417762756
9144,25,216,0.1317942887544632
9145,25,217,0.13179747760295868
9146,25,218,0.14300814270973206
9147,25,219,0.14878949522972107
9148,25,220,0.1396927386522293
9149,25,221,0.1958906203508377
9150,25,222,0.11782898008823395
9151,25,223,0.1481483429670334
9152,25,224,0.10580591857433319
9153,25,225,0.1342991292476654
9154,25,226,0.14278794825077057
9155,25,227,0.12851132452487946
9156,25,228,0.15147173404693604
9157,25,229,0.12176332622766495
9158,25,230,0.14085863530635834
9159,25,231,0.14125311374664307
9160,25,232,0.14634010195732117
9161,25,233,0.15715208649635315
9162,25,234,0.13099713623523712
9163,25,235,0.15479370951652527
9164,25,236,0.1292625367641449
9165,25,237,0.1263982057571411
9166,25,238,0.1521247774362564
9167,25,239,0.12659239768981934
9168,25,240,0.13674922287464142
9169,25,241,0.15262532234191895
9170,25,242,0.1583835333585739
9171,25,243,0.1388896107673645
9172,25,244,0.119151271879673
9173,25,245,0.15038152039051056
9174,25,246,0.14822259545326233
9175,25,247,0.12740106880664825
9176,25,248,0.14861854910850525
9177,25,249,0.13576437532901764
9178,25,250,0.10937086492776871
9179,25,251,0.14684489369392395
9180,25,252,0.15492717921733856
9181,25,253,0.14077337086200714
9182,25,254,0.17968234419822693
9183,25,255,0.15900059044361115
9184,25,256,0.1453595608472824
9185,25,257,0.12678828835487366
9186,25,258,0.13222990930080414
9187,25,259,0.16984131932258606
9188,25,260,0.15921320021152496
9189,25,261,0.12688449025154114
9190,25,262,0.1325182169675827
9191,25,263,0.14475151896476746
9192,25,264,0.1104896292090416
9193,25,265,0.1448948085308075
9194,25,266,0.1477508693933487
9195,25,267,0.1693551242351532
9196,25,268,0.13543716073036194
9197,25,269,0.165047287940979
9198,25,270,0.14434024691581726
9199,25,271,0.15068106353282928
9200,25,272,0.1484595090150833
9201,25,273,0.15058384835720062
9202,25,274,0.10982543230056763
9203,25,275,0.1364864706993103
9204,25,276,0.13640493154525757
9205,25,277,0.12753252685070038
9206,25,278,0.14855875074863434
9207,25,279,0.13113857805728912
9208,25,280,0.14671440422534943
9209,25,281,0.1677638292312622
9210,25,282,0.1458873301744461
9211,25,283,0.13711652159690857
9212,25,284,0.12383737415075302
9213,25,285,0.14513464272022247
9214,25,286,0.1800256222486496
9215,25,287,0.13165026903152466
9216,25,288,0.1271897405385971
9217,25,289,0.1617315709590912
9218,25,290,0.11746469885110855
9219,25,291,0.15987424552440643
9220,25,292,0.15233871340751648
9221,25,293,0.25254026055336
9222,25,294,0.16167540848255157
9223,25,295,0.17322182655334473
9224,25,296,0.14155195653438568
9225,25,297,0.15509803593158722
9226,25,298,0.12695977091789246
9227,25,299,0.13052484393119812
9228,25,300,0.15199416875839233
9229,25,301,0.15542416274547577
9230,25,302,0.14119502902030945
9231,25,303,0.1524064540863037
9232,25,304,0.16675037145614624
9233,25,305,0.12126217037439346
9234,25,306,0.15321336686611176
9235,25,307,0.10327701270580292
9236,25,308,0.1503036618232727
9237,25,309,0.1567278653383255
9238,25,310,0.2057475596666336
9239,25,311,0.14826972782611847
9240,25,312,0.15718987584114075
9241,25,313,0.14034055173397064
9242,25,314,0.28024330735206604
9243,25,315,0.14561738073825836
9244,25,316,0.14803941547870636
9245,25,317,0.12063823640346527
9246,25,318,0.11441569030284882
9247,25,319,0.15168611705303192
9248,25,320,0.15346744656562805
9249,25,321,0.13759496808052063
9250,25,322,0.1290215253829956
9251,25,323,0.14428330957889557
9252,25,324,0.1428602933883667
9253,25,325,0.16846077144145966
9254,25,326,0.14920328557491302
9255,25,327,0.14686882495880127
9256,25,328,0.1557844877243042
9257,25,329,0.12575480341911316
9258,25,330,0.1651787906885147
9259,25,331,0.17194704711437225
9260,25,332,0.15845617651939392
9261,25,333,0.14875513315200806
9262,25,334,0.12507887184619904
9263,25,335,0.12368953227996826
9264,25,336,0.12888744473457336
9265,25,337,0.166836217045784
9266,25,338,0.14124807715415955
9267,25,339,0.15453271567821503
9268,25,340,0.1605384647846222
9269,25,341,0.1865825355052948
9270,25,342,0.1573159396648407
9271,25,343,0.12810514867305756
9272,25,344,0.15512517094612122
9273,25,345,0.14685837924480438
9274,25,346,0.1402161717414856
9275,25,347,0.14708146452903748
9276,25,348,0.16513170301914215
9277,25,349,0.13902486860752106
9278,25,350,0.14879252016544342
9279,25,351,0.1572926789522171
9280,25,352,0.13465915620326996
9281,25,353,0.17819300293922424
9282,25,354,0.13441017270088196
9283,25,355,0.13956323266029358
9284,25,356,0.12918177247047424
9285,25,357,0.1325697898864746
9286,25,358,0.15213672816753387
9287,25,359,0.15240693092346191
9288,25,360,0.14566591382026672
9289,25,361,0.13580992817878723
9290,25,362,0.13012811541557312
9291,25,363,0.13983577489852905
9292,25,364,0.11934685707092285
9293,25,365,0.15454760193824768
9294,25,366,0.12135224044322968
9295,25,367,0.1412615031003952
9296,25,368,0.15666143596172333
9297,25,369,0.20613904297351837
9298,25,370,0.13315823674201965
9299,25,371,0.12658748030662537
9300,25,372,0.15506908297538757
9301,26,1,0.12922833859920502
9302,26,2,0.1325758993625641
9303,26,3,0.15371543169021606
9304,26,4,0.12330278009176254
9305,26,5,0.13343754410743713
9306,26,6,0.15939238667488098
9307,26,7,0.11787636578083038
9308,26,8,0.1329062134027481
9309,26,9,0.13337241113185883
9310,26,10,0.14277221262454987
9311,26,11,0.12352226674556732
9312,26,12,0.1249779611825943
9313,26,13,0.18270526826381683
9314,26,14,0.12394467741250992
9315,26,15,0.11850311607122421
9316,26,16,0.13949650526046753
9317,26,17,0.12440516799688339
9318,26,18,0.18259172141551971
9319,26,19,0.1287994682788849
9320,26,20,0.1607414036989212
9321,26,21,0.1368648111820221
9322,26,22,0.13837602734565735
9323,26,23,0.1452624648809433
9324,26,24,0.20964281260967255
9325,26,25,0.13707676529884338
9326,26,26,0.12459484487771988
9327,26,27,0.1313755214214325
9328,26,28,0.16062340140342712
9329,26,29,0.11871035397052765
9330,26,30,0.14732152223587036
9331,26,31,0.1854332536458969
9332,26,32,0.14516767859458923
9333,26,33,0.14103645086288452
9334,26,34,0.14501406252384186
9335,26,35,0.13397523760795593
9336,26,36,0.12138845771551132
9337,26,37,0.14661985635757446
9338,26,38,0.1316707283258438
9339,26,39,0.1463678628206253
9340,26,40,0.14415030181407928
9341,26,41,0.1559790074825287
9342,26,42,0.1381627321243286
9343,26,43,0.13090455532073975
9344,26,44,0.1331392526626587
9345,26,45,0.11640860885381699
9346,26,46,0.14187420904636383
9347,26,47,0.16677355766296387
9348,26,48,0.13438399136066437
9349,26,49,0.1634749472141266
9350,26,50,0.13967996835708618
9351,26,51,0.13058128952980042
9352,26,52,0.12779399752616882
9353,26,53,0.13539843261241913
9354,26,54,0.10926371812820435
9355,26,55,0.1620158851146698
9356,26,56,0.12463865429162979
9357,26,57,0.11518995463848114
9358,26,58,0.11321492493152618
9359,26,59,0.1426779180765152
9360,26,60,0.12236380577087402
9361,26,61,0.13999688625335693
9362,26,62,0.15178179740905762
9363,26,63,0.1492445170879364
9364,26,64,0.14765319228172302
9365,26,65,0.12634022533893585
9366,26,66,0.1335557997226715
9367,26,67,0.16438086330890656
9368,26,68,0.14235767722129822
9369,26,69,0.1250949203968048
9370,26,70,0.17359471321105957
9371,26,71,0.1291729360818863
9372,26,72,0.13117074966430664
9373,26,73,0.13070274889469147
9374,26,74,0.15576772391796112
9375,26,75,0.130160391330719
9376,26,76,0.14604631066322327
9377,26,77,0.11495035886764526
9378,26,78,0.14013449847698212
9379,26,79,0.16142770648002625
9380,26,80,0.14501869678497314
9381,26,81,0.12386433780193329
9382,26,82,0.12024281173944473
9383,26,83,0.1494467407464981
9384,26,84,0.12119398266077042
9385,26,85,0.12456133216619492
9386,26,86,0.13291677832603455
9387,26,87,0.1309584379196167
9388,26,88,0.10893350839614868
9389,26,89,0.11899392306804657
9390,26,90,0.15524594485759735
9391,26,91,0.17528554797172546
9392,26,92,0.154158815741539
9393,26,93,0.13772383332252502
9394,26,94,0.1278144270181656
9395,26,95,0.14823023974895477
9396,26,96,0.13223934173583984
9397,26,97,0.15365034341812134
9398,26,98,0.12301571667194366
9399,26,99,0.13630573451519012
9400,26,100,0.14670303463935852
9401,26,101,0.13885538280010223
9402,26,102,0.1436576545238495
9403,26,103,0.16398115456104279
9404,26,104,0.1249857097864151
9405,26,105,0.13890644907951355
9406,26,106,0.14240328967571259
9407,26,107,0.13530001044273376
9408,26,108,0.13466483354568481
9409,26,109,0.12894074618816376
9410,26,110,0.1471295803785324
9411,26,111,0.1547589898109436
9412,26,112,0.1681259572505951
9413,26,113,0.16298514604568481
9414,26,114,0.12840178608894348
9415,26,115,0.18351632356643677
9416,26,116,0.10586448013782501
9417,26,117,0.13227778673171997
9418,26,118,0.15990956127643585
9419,26,119,0.13704726099967957
9420,26,120,0.18688251078128815
9421,26,121,0.14587193727493286
9422,26,122,0.12124045193195343
9423,26,123,0.14822350442409515
9424,26,124,0.1713998168706894
9425,26,125,0.11535762250423431
9426,26,126,0.12100262939929962
9427,26,127,0.1363467127084732
9428,26,128,0.1377197802066803
9429,26,129,0.15098851919174194
9430,26,130,0.15144215524196625
9431,26,131,0.12877710163593292
9432,26,132,0.18092793226242065
9433,26,133,0.13433057069778442
9434,26,134,0.132120281457901
9435,26,135,0.12842333316802979
9436,26,136,0.13222385942935944
9437,26,137,0.1381319761276245
9438,26,138,0.12621784210205078
9439,26,139,0.16727623343467712
9440,26,140,0.13126006722450256
9441,26,141,0.1311749666929245
9442,26,142,0.13148996233940125
9443,26,143,0.13607534766197205
9444,26,144,0.17023436725139618
9445,26,145,0.15156278014183044
9446,26,146,0.11392359435558319
9447,26,147,0.12899287045001984
9448,26,148,0.13078491389751434
9449,26,149,0.230489581823349
9450,26,150,0.1301475614309311
9451,26,151,0.14160117506980896
9452,26,152,0.135243758559227
9453,26,153,0.1303132027387619
9454,26,154,0.14766162633895874
9455,26,155,0.20052893459796906
9456,26,156,0.128395676612854
9457,26,157,0.1438438594341278
9458,26,158,0.1635884791612625
9459,26,159,0.12946897745132446
9460,26,160,0.12986642122268677
9461,26,161,0.13881602883338928
9462,26,162,0.14240989089012146
9463,26,163,0.15079204738140106
9464,26,164,0.15946872532367706
9465,26,165,0.17742741107940674
9466,26,166,0.13415983319282532
9467,26,167,0.15716171264648438
9468,26,168,0.15372994542121887
9469,26,169,0.15774351358413696
9470,26,170,0.15638475120067596
9471,26,171,0.14416462182998657
9472,26,172,0.1390310376882553
9473,26,173,0.1333349645137787
9474,26,174,0.16446585953235626
9475,26,175,0.1280977427959442
9476,26,176,0.12528005242347717
9477,26,177,0.14700517058372498
9478,26,178,0.1521034687757492
9479,26,179,0.12871894240379333
9480,26,180,0.13887213170528412
9481,26,181,0.1326112598180771
9482,26,182,0.15140411257743835
9483,26,183,0.14271876215934753
9484,26,184,0.14438338577747345
9485,26,185,0.1714128702878952
9486,26,186,0.15944400429725647
9487,26,187,0.14902642369270325
9488,26,188,0.14823874831199646
9489,26,189,0.20938870310783386
9490,26,190,0.14931990206241608
9491,26,191,0.1619977056980133
9492,26,192,0.156287282705307
9493,26,193,0.16187049448490143
9494,26,194,0.18606874346733093
9495,26,195,0.1331053227186203
9496,26,196,0.1498475819826126
9497,26,197,0.17093554139137268
9498,26,198,0.16488024592399597
9499,26,199,0.13648323714733124
9500,26,200,0.13496403396129608
9501,26,201,0.12414373457431793
9502,26,202,0.13759979605674744
9503,26,203,0.1402546912431717
9504,26,204,0.12709225714206696
9505,26,205,0.15361404418945312
9506,26,206,0.16336767375469208
9507,26,207,0.11973158270120621
9508,26,208,0.14336156845092773
9509,26,209,0.1589439958333969
9510,26,210,0.10003302991390228
9511,26,211,0.15164151787757874
9512,26,212,0.16684821248054504
9513,26,213,0.14098916947841644
9514,26,214,0.13716909289360046
9515,26,215,0.10721157491207123
9516,26,216,0.11539174616336823
9517,26,217,0.13705141842365265
9518,26,218,0.15548934042453766
9519,26,219,0.1550915390253067
9520,26,220,0.1477329432964325
9521,26,221,0.1315760612487793
9522,26,222,0.10517042875289917
9523,26,223,0.13279438018798828
9524,26,224,0.13190387189388275
9525,26,225,0.14727941155433655
9526,26,226,0.1311931014060974
9527,26,227,0.15395495295524597
9528,26,228,0.14368869364261627
9529,26,229,0.1308937817811966
9530,26,230,0.12707968056201935
9531,26,231,0.1540122777223587
9532,26,232,0.14046171307563782
9533,26,233,0.14162695407867432
9534,26,234,0.1430492252111435
9535,26,235,0.13063278794288635
9536,26,236,0.13524340093135834
9537,26,237,0.17559941112995148
9538,26,238,0.1572815179824829
9539,26,239,0.14270758628845215
9540,26,240,0.1272689551115036
9541,26,241,0.16495881974697113
9542,26,242,0.16346150636672974
9543,26,243,0.1511852890253067
9544,26,244,0.14075638353824615
9545,26,245,0.12486562877893448
9546,26,246,0.13763034343719482
9547,26,247,0.13997656106948853
9548,26,248,0.17066486179828644
9549,26,249,0.14783766865730286
9550,26,250,0.15552392601966858
9551,26,251,0.13478082418441772
9552,26,252,0.16305403411388397
9553,26,253,0.17104193568229675
9554,26,254,0.12448809295892715
9555,26,255,0.1282467395067215
9556,26,256,0.14057235419750214
9557,26,257,0.15091103315353394
9558,26,258,0.16625557839870453
9559,26,259,0.12733738124370575
9560,26,260,0.16957086324691772
9561,26,261,0.12960143387317657
9562,26,262,0.1239875927567482
9563,26,263,0.17086748778820038
9564,26,264,0.19500306248664856
9565,26,265,0.15518826246261597
9566,26,266,0.1521337777376175
9567,26,267,0.12370804697275162
9568,26,268,0.15579605102539062
9569,26,269,0.13131259381771088
9570,26,270,0.14221259951591492
9571,26,271,0.13567128777503967
9572,26,272,0.15088072419166565
9573,26,273,0.12719306349754333
9574,26,274,0.15709373354911804
9575,26,275,0.1298452764749527
9576,26,276,0.1338212788105011
9577,26,277,0.12183473259210587
9578,26,278,0.1479484736919403
9579,26,279,0.11514971405267715
9580,26,280,0.13639575242996216
9581,26,281,0.12309511750936508
9582,26,282,0.15562336146831512
9583,26,283,0.17054425179958344
9584,26,284,0.12313620746135712
9585,26,285,0.1491597592830658
9586,26,286,0.150722473859787
9587,26,287,0.15184620022773743
9588,26,288,0.12320367991924286
9589,26,289,0.12497091293334961
9590,26,290,0.16160006821155548
9591,26,291,0.11902093887329102
9592,26,292,0.16165320575237274
9593,26,293,0.13398709893226624
9594,26,294,0.12222156673669815
9595,26,295,0.14262740314006805
9596,26,296,0.1199328675866127
9597,26,297,0.14923974871635437
9598,26,298,0.1479077786207199
9599,26,299,0.13411402702331543
9600,26,300,0.16293640434741974
9601,26,301,0.14780700206756592
9602,26,302,0.14574988186359406
9603,26,303,0.1282811164855957
9604,26,304,0.14132077991962433
9605,26,305,0.12266463041305542
9606,26,306,0.11236120760440826
9607,26,307,0.13206961750984192
9608,26,308,0.14730551838874817
9609,26,309,0.1323505938053131
9610,26,310,0.14367793500423431
9611,26,311,0.15718038380146027
9612,26,312,0.15001089870929718
9613,26,313,0.14130066335201263
9614,26,314,0.11642087996006012
9615,26,315,0.1363684982061386
9616,26,316,0.15876391530036926
9617,26,317,0.14222374558448792
9618,26,318,0.15123197436332703
9619,26,319,0.15826721489429474
9620,26,320,0.1442033350467682
9621,26,321,0.12209205329418182
9622,26,322,0.16647416353225708
9623,26,323,0.13297787308692932
9624,26,324,0.11872829496860504
9625,26,325,0.12516021728515625
9626,26,326,0.12445531785488129
9627,26,327,0.15276312828063965
9628,26,328,0.12319334596395493
9629,26,329,0.14489470422267914
9630,26,330,0.13183344900608063
9631,26,331,0.10876832902431488
9632,26,332,0.13661739230155945
9633,26,333,0.21847835183143616
9634,26,334,0.13528046011924744
9635,26,335,0.13988712430000305
9636,26,336,0.16291655600070953
9637,26,337,0.1421736776828766
9638,26,338,0.1253882795572281
9639,26,339,0.13564029335975647
9640,26,340,0.15532174706459045
9641,26,341,0.14305679500102997
9642,26,342,0.14322546124458313
9643,26,343,0.16904351115226746
9644,26,344,0.11191487312316895
9645,26,345,0.14447808265686035
9646,26,346,0.15950238704681396
9647,26,347,0.1430477499961853
9648,26,348,0.14215296506881714
9649,26,349,0.14990225434303284
9650,26,350,0.13260890543460846
9651,26,351,0.1079043298959732
9652,26,352,0.13075144588947296
9653,26,353,0.16624705493450165
9654,26,354,0.15049758553504944
9655,26,355,0.13506153225898743
9656,26,356,0.12642225623130798
9657,26,357,0.15712939202785492
9658,26,358,0.1474231779575348
9659,26,359,0.14717969298362732
9660,26,360,0.1303873360157013
9661,26,361,0.13574108481407166
9662,26,362,0.12273140251636505
9663,26,363,0.12726250290870667
9664,26,364,0.14576326310634613
9665,26,365,0.11670607328414917
9666,26,366,0.1405661702156067
9667,26,367,0.11707179248332977
9668,26,368,0.1392112672328949
9669,26,369,0.1522422432899475
9670,26,370,0.1515439748764038
9671,26,371,0.1484137326478958
9672,26,372,0.137118399143219
9673,27,1,0.1267068237066269
9674,27,2,0.1278843730688095
9675,27,3,0.11746416240930557
9676,27,4,0.13714207708835602
9677,27,5,0.12850907444953918
9678,27,6,0.13188230991363525
9679,27,7,0.14966091513633728
9680,27,8,0.09747374802827835
9681,27,9,0.13801339268684387
9682,27,10,0.15076026320457458
9683,27,11,0.13685591518878937
9684,27,12,0.13891452550888062
9685,27,13,0.13633590936660767
9686,27,14,0.1375589519739151
9687,27,15,0.12410547584295273
9688,27,16,0.12453154474496841
9689,27,17,0.12930598855018616
9690,27,18,0.16774050891399384
9691,27,19,0.12757261097431183
9692,27,20,0.10862262547016144
9693,27,21,0.12778687477111816
9694,27,22,0.14817002415657043
9695,27,23,0.20067867636680603
9696,27,24,0.12659692764282227
9697,27,25,0.1756305992603302
9698,27,26,0.12327553331851959
9699,27,27,0.1427522450685501
9700,27,28,0.16102474927902222
9701,27,29,0.11781983077526093
9702,27,30,0.11376763880252838
9703,27,31,0.12011220306158066
9704,27,32,0.17443984746932983
9705,27,33,0.11323869228363037
9706,27,34,0.13043132424354553
9707,27,35,0.1237211599946022
9708,27,36,0.11680976301431656
9709,27,37,0.1363246738910675
9710,27,38,0.1115000993013382
9711,27,39,0.13705149292945862
9712,27,40,0.14277246594429016
9713,27,41,0.13238878548145294
9714,27,42,0.16631580889225006
9715,27,43,0.13568063080310822
9716,27,44,0.13668441772460938
9717,27,45,0.12176477909088135
9718,27,46,0.16222940385341644
9719,27,47,0.13559465110301971
9720,27,48,0.13109275698661804
9721,27,49,0.1456233263015747
9722,27,50,0.12701381742954254
9723,27,51,0.1508859395980835
9724,27,52,0.12018947303295135
9725,27,53,0.12830625474452972
9726,27,54,0.13120311498641968
9727,27,55,0.10892678797245026
9728,27,56,0.13160279393196106
9729,27,57,0.13449665904045105
9730,27,58,0.15361082553863525
9731,27,59,0.1427931785583496
9732,27,60,0.15665756165981293
9733,27,61,0.14574041962623596
9734,27,62,0.13473492860794067
9735,27,63,0.14087896049022675
9736,27,64,0.12100565433502197
9737,27,65,0.13131874799728394
9738,27,66,0.1391582041978836
9739,27,67,0.11007797718048096
9740,27,68,0.1186036691069603
9741,27,69,0.1430736482143402
9742,27,70,0.11027596145868301
9743,27,71,0.16705048084259033
9744,27,72,0.20493316650390625
9745,27,73,0.15270951390266418
9746,27,74,0.1255539506673813
9747,27,75,0.16692470014095306
9748,27,76,0.13995850086212158
9749,27,77,0.12279369682073593
9750,27,78,0.12968710064888
9751,27,79,0.14650556445121765
9752,27,80,0.15061692893505096
9753,27,81,0.12764404714107513
9754,27,82,0.16391000151634216
9755,27,83,0.15786314010620117
9756,27,84,0.12956729531288147
9757,27,85,0.15619659423828125
9758,27,86,0.11282496154308319
9759,27,87,0.12068597227334976
9760,27,88,0.13935622572898865
9761,27,89,0.14495930075645447
9762,27,90,0.1295776069164276
9763,27,91,0.14003248512744904
9764,27,92,0.14196078479290009
9765,27,93,0.12481120973825455
9766,27,94,0.13700024783611298
9767,27,95,0.13517025113105774
9768,27,96,0.1117027997970581
9769,27,97,0.13070619106292725
9770,27,98,0.15274646878242493
9771,27,99,0.14441893994808197
9772,27,100,0.14445742964744568
9773,27,101,0.12686417996883392
9774,27,102,0.12744291126728058
9775,27,103,0.14900588989257812
9776,27,104,0.14853672683238983
9777,27,105,0.16039049625396729
9778,27,106,0.135617196559906
9779,27,107,0.13277438282966614
9780,27,108,0.1700991690158844
9781,27,109,0.13352011144161224
9782,27,110,0.1367001235485077
9783,27,111,0.14747777581214905
9784,27,112,0.1391591727733612
9785,27,113,0.14176250994205475
9786,27,114,0.14870135486125946
9787,27,115,0.14194276928901672
9788,27,116,0.16640229523181915
9789,27,117,0.13340575993061066
9790,27,118,0.11249212920665741
9791,27,119,0.15358099341392517
9792,27,120,0.1250986009836197
9793,27,121,0.13284794986248016
9794,27,122,0.13838724792003632
9795,27,123,0.14496329426765442
9796,27,124,0.16706126928329468
9797,27,125,0.12931254506111145
9798,27,126,0.11887013912200928
9799,27,127,0.11744318902492523
9800,27,128,0.13025912642478943
9801,27,129,0.1341436803340912
9802,27,130,0.13981863856315613
9803,27,131,0.1580280363559723
9804,27,132,0.14472945034503937
9805,27,133,0.1469026654958725
9806,27,134,0.1403736174106598
9807,27,135,0.1381685435771942
9808,27,136,0.12789888679981232
9809,27,137,0.14224916696548462
9810,27,138,0.12857669591903687
9811,27,139,0.12155456840991974
9812,27,140,0.14196670055389404
9813,27,141,0.12552417814731598
9814,27,142,0.12568779289722443
9815,27,143,0.1449362337589264
9816,27,144,0.14200524985790253
9817,27,145,0.12718099355697632
9818,27,146,0.14417938888072968
9819,27,147,0.11973549425601959
9820,27,148,0.1237204521894455
9821,27,149,0.11738179624080658
9822,27,150,0.14807167649269104
9823,27,151,0.1301136314868927
9824,27,152,0.1416262686252594
9825,27,153,0.11764098703861237
9826,27,154,0.14757105708122253
9827,27,155,0.12309084087610245
9828,27,156,0.1283130943775177
9829,27,157,0.10121683031320572
9830,27,158,0.125029057264328
9831,27,159,0.12159683555364609
9832,27,160,0.1594570428133011
9833,27,161,0.1277676373720169
9834,27,162,0.12741243839263916
9835,27,163,0.13978980481624603
9836,27,164,0.13692298531532288
9837,27,165,0.1668345034122467
9838,27,166,0.12675099074840546
9839,27,167,0.15223529934883118
9840,27,168,0.13868798315525055
9841,27,169,0.19955138862133026
9842,27,170,0.13027629256248474
9843,27,171,0.13207796216011047
9844,27,172,0.12827147543430328
9845,27,173,0.13175611197948456
9846,27,174,0.1431856006383896
9847,27,175,0.14495621621608734
9848,27,176,0.13226108253002167
9849,27,177,0.1501370221376419
9850,27,178,0.16132190823554993
9851,27,179,0.13310571014881134
9852,27,180,0.14289185404777527
9853,27,181,0.11286687850952148
9854,27,182,0.1345929205417633
9855,27,183,0.12476120889186859
9856,27,184,0.16358834505081177
9857,27,185,0.15298618376255035
9858,27,186,0.1656305491924286
9859,27,187,0.14126166701316833
9860,27,188,0.14291873574256897
9861,27,189,0.15394732356071472
9862,27,190,0.1573299765586853
9863,27,191,0.12743939459323883
9864,27,192,0.14261581003665924
9865,27,193,0.1322002112865448
9866,27,194,0.1600048542022705
9867,27,195,0.12595891952514648
9868,27,196,0.13557851314544678
9869,27,197,0.1458187997341156
9870,27,198,0.13379709422588348
9871,27,199,0.1379166692495346
9872,27,200,0.11422570049762726
9873,27,201,0.13268668949604034
9874,27,202,0.1545259803533554
9875,27,203,0.16742943227291107
9876,27,204,0.1384509950876236
9877,27,205,0.13690802454948425
9878,27,206,0.13953742384910583
9879,27,207,0.16434898972511292
9880,27,208,0.14571698009967804
9881,27,209,0.12359619140625
9882,27,210,0.14183297753334045
9883,27,211,0.1165287122130394
9884,27,212,0.16307836771011353
9885,27,213,0.1556982696056366
9886,27,214,0.12999890744686127
9887,27,215,0.13699403405189514
9888,27,216,0.13777638971805573
9889,27,217,0.15552076697349548
9890,27,218,0.15565907955169678
9891,27,219,0.13191017508506775
9892,27,220,0.14396998286247253
9893,27,221,0.13193240761756897
9894,27,222,0.15329711139202118
9895,27,223,0.13805127143859863
9896,27,224,0.10297966003417969
9897,27,225,0.15523099899291992
9898,27,226,0.11517561972141266
9899,27,227,0.1477610021829605
9900,27,228,0.13992778956890106
9901,27,229,0.13855257630348206
9902,27,230,0.15807051956653595
9903,27,231,0.13514702022075653
9904,27,232,0.1535274088382721
9905,27,233,0.14249923825263977
9906,27,234,0.14143197238445282
9907,27,235,0.12915737926959991
9908,27,236,0.1319682002067566
9909,27,237,0.1474544256925583
9910,27,238,0.1561598777770996
9911,27,239,0.16319820284843445
9912,27,240,0.2009962797164917
9913,27,241,0.13170114159584045
9914,27,242,0.1501297503709793
9915,27,243,0.1765574961900711
9916,27,244,0.1514456868171692
9917,27,245,0.14606866240501404
9918,27,246,0.11407525837421417
9919,27,247,0.1469246745109558
9920,27,248,0.14311359822750092
9921,27,249,0.13651108741760254
9922,27,250,0.14994394779205322
9923,27,251,0.1237168163061142
9924,27,252,0.12288446724414825
9925,27,253,0.14852924644947052
9926,27,254,0.1379137933254242
9927,27,255,0.14010080695152283
9928,27,256,0.13975602388381958
9929,27,257,0.13603287935256958
9930,27,258,0.14689435064792633
9931,27,259,0.1336120367050171
9932,27,260,0.1212681382894516
9933,27,261,0.12483380734920502
9934,27,262,0.12627479434013367
9935,27,263,0.12867815792560577
9936,27,264,0.13814488053321838
9937,27,265,0.13732728362083435
9938,27,266,0.12758396565914154
9939,27,267,0.16826999187469482
9940,27,268,0.12359035015106201
9941,27,269,0.14256784319877625
9942,27,270,0.1418832689523697
9943,27,271,0.11780152469873428
9944,27,272,0.1366841346025467
9945,27,273,0.12884220480918884
9946,27,274,0.11919120699167252
9947,27,275,0.14268699288368225
9948,27,276,0.14051389694213867
9949,27,277,0.14007985591888428
9950,27,278,0.1639377921819687
9951,27,279,0.13291038572788239
9952,27,280,0.1548478901386261
9953,27,281,0.14362451434135437
9954,27,282,0.14818112552165985
9955,27,283,0.1448129564523697
9956,27,284,0.13923799991607666
9957,27,285,0.15674999356269836
9958,27,286,0.13431520760059357
9959,27,287,0.14625027775764465
9960,27,288,0.16775569319725037
9961,27,289,0.11913112550973892
9962,27,290,0.1725064218044281
9963,27,291,0.16685575246810913
9964,27,292,0.15558326244354248
9965,27,293,0.12344584614038467
9966,27,294,0.1375504583120346
9967,27,295,0.15063323080539703
9968,27,296,0.16224627196788788
9969,27,297,0.14267507195472717
9970,27,298,0.1418590098619461
9971,27,299,0.11013035476207733
9972,27,300,0.15755651891231537
9973,27,301,0.13319365680217743
9974,27,302,0.11737002432346344
9975,27,303,0.14365091919898987
9976,27,304,0.14233431220054626
9977,27,305,0.13446256518363953
9978,27,306,0.1530466377735138
9979,27,307,0.16450932621955872
9980,27,308,0.12937648594379425
9981,27,309,0.1272686868906021
9982,27,310,0.1467185616493225
9983,27,311,0.16143743693828583
9984,27,312,0.15640470385551453
9985,27,313,0.1716221272945404
9986,27,314,0.1370006650686264
9987,27,315,0.14398467540740967
9988,27,316,0.13031980395317078
9989,27,317,0.13873587548732758
9990,27,318,0.13666179776191711
9991,27,319,0.13496337831020355
9992,27,320,0.14383311569690704
9993,27,321,0.1412537842988968
9994,27,322,0.16397061944007874
9995,27,323,0.1499774158000946
9996,27,324,0.12382682412862778
9997,27,325,0.15525415539741516
9998,27,326,0.15953293442726135
9999,27,327,0.13800828158855438
10000,27,328,0.12343813478946686
10001,27,329,0.15314604341983795
10002,27,330,0.11216136068105698
10003,27,331,0.11888740211725235
10004,27,332,0.16264939308166504
10005,27,333,0.1271807700395584
10006,27,334,0.1462787389755249
10007,27,335,0.14154070615768433
10008,27,336,0.1313084065914154
10009,27,337,0.1410888284444809
10010,27,338,0.13837465643882751
10011,27,339,0.1286003291606903
10012,27,340,0.14519374072551727
10013,27,341,0.16839270293712616
10014,27,342,0.13884809613227844
10015,27,343,0.14935043454170227
10016,27,344,0.22452017664909363
10017,27,345,0.150262251496315
10018,27,346,0.1614929884672165
10019,27,347,0.1808491051197052
10020,27,348,0.1361292153596878
10021,27,349,0.14644218981266022
10022,27,350,0.14926791191101074
10023,27,351,0.1482011377811432
10024,27,352,0.16001535952091217
10025,27,353,0.13333548605442047
10026,27,354,0.13458845019340515
10027,27,355,0.1717083752155304
10028,27,356,0.14168784022331238
10029,27,357,0.14779511094093323
10030,27,358,0.14504417777061462
10031,27,359,0.1500994712114334
10032,27,360,0.15803731977939606
10033,27,361,0.15750974416732788
10034,27,362,0.15246766805648804
10035,27,363,0.13721898198127747
10036,27,364,0.15641184151172638
10037,27,365,0.15987221896648407
10038,27,366,0.15020981431007385
10039,27,367,0.14511458575725555
10040,27,368,0.1476690024137497
10041,27,369,0.13732142746448517
10042,27,370,0.168290376663208
10043,27,371,0.10711038112640381
10044,27,372,0.13874851167201996
10045,28,1,0.14843960106372833
10046,28,2,0.12969441711902618
10047,28,3,0.1380569338798523
10048,28,4,0.09896479547023773
10049,28,5,0.13595452904701233
10050,28,6,0.13493217527866364
10051,28,7,0.14756083488464355
10052,28,8,0.12443426996469498
10053,28,9,0.12403605878353119
10054,28,10,0.12708398699760437
10055,28,11,0.14553570747375488
10056,28,12,0.12690742313861847
10057,28,13,0.1132771372795105
10058,28,14,0.13283643126487732
10059,28,15,0.12739571928977966
10060,28,16,0.15819576382637024
10061,28,17,0.14559797942638397
10062,28,18,0.14152176678180695
10063,28,19,0.16567616164684296
10064,28,20,0.15071339905261993
10065,28,21,0.13140630722045898
10066,28,22,0.11960157006978989
10067,28,23,0.12654252350330353
10068,28,24,0.10585889965295792
10069,28,25,0.14564040303230286
10070,28,26,0.13859166204929352
10071,28,27,0.1280992031097412
10072,28,28,0.12680968642234802
10073,28,29,0.12377379834651947
10074,28,30,0.11838147789239883
10075,28,31,0.13242188096046448
10076,28,32,0.16688530147075653
10077,28,33,0.12476756423711777
10078,28,34,0.13635411858558655
10079,28,35,0.14760509133338928
10080,28,36,0.11483892053365707
10081,28,37,0.1263139247894287
10082,28,38,0.1334730088710785
10083,28,39,0.15465225279331207
10084,28,40,0.12515464425086975
10085,28,41,0.15122710168361664
10086,28,42,0.14160633087158203
10087,28,43,0.1512584239244461
10088,28,44,0.22615809738636017
10089,28,45,0.1590653359889984
10090,28,46,0.13738307356834412
10091,28,47,0.14977380633354187
10092,28,48,0.14422118663787842
10093,28,49,0.13360929489135742
10094,28,50,0.1666993349790573
10095,28,51,0.11783496290445328
10096,28,52,0.14701488614082336
10097,28,53,0.14017604291439056
10098,28,54,0.14817659556865692
10099,28,55,0.1519780158996582
10100,28,56,0.14310580492019653
10101,28,57,0.1547854244709015
10102,28,58,0.1236218586564064
10103,28,59,0.1640981137752533
10104,28,60,0.17804807424545288
10105,28,61,0.17449554800987244
10106,28,62,0.168619304895401
10107,28,63,0.15268364548683167
10108,28,64,0.14511246979236603
10109,28,65,0.1542159616947174
10110,28,66,0.15489491820335388
10111,28,67,0.11959370225667953
10112,28,68,0.14576376974582672
10113,28,69,0.14882293343544006
10114,28,70,0.15985646843910217
10115,28,71,0.1479126662015915
10116,28,72,0.13150878250598907
10117,28,73,0.1537201702594757
10118,28,74,0.15384235978126526
10119,28,75,0.13662050664424896
10120,28,76,0.13420799374580383
10121,28,77,0.16670849919319153
10122,28,78,0.13699054718017578
10123,28,79,0.13801436126232147
10124,28,80,0.11866486072540283
10125,28,81,0.12955114245414734
10126,28,82,0.1318909376859665
10127,28,83,0.11987347900867462
10128,28,84,0.16288533806800842
10129,28,85,0.17933431267738342
10130,28,86,0.13818958401679993
10131,28,87,0.1813649833202362
10132,28,88,0.13825346529483795
10133,28,89,0.13027618825435638
10134,28,90,0.13929463922977448
10135,28,91,0.16264286637306213
10136,28,92,0.1287914365530014
10137,28,93,0.14338067173957825
10138,28,94,0.1507417857646942
10139,28,95,0.12819711863994598
10140,28,96,0.14924216270446777
10141,28,97,0.14116235077381134
10142,28,98,0.1238810271024704
10143,28,99,0.1455620974302292
10144,28,100,0.13381507992744446
10145,28,101,0.12281803041696548
10146,28,102,0.14382292330265045
10147,28,103,0.1532074213027954
10148,28,104,0.17198069393634796
10149,28,105,0.13286864757537842
10150,28,106,0.12974800169467926
10151,28,107,0.15105409920215607
10152,28,108,0.1545368731021881
10153,28,109,0.15945467352867126
10154,28,110,0.1482548862695694
10155,28,111,0.12782585620880127
10156,28,112,0.16520336270332336
10157,28,113,0.10592138767242432
10158,28,114,0.11991102993488312
10159,28,115,0.12661120295524597
10160,28,116,0.17460401356220245
10161,28,117,0.1389545351266861
10162,28,118,0.14697742462158203
10163,28,119,0.17809846997261047
10164,28,120,0.1593940556049347
10165,28,121,0.13781827688217163
10166,28,122,0.16560445725917816
10167,28,123,0.1494860053062439
10168,28,124,0.13230589032173157
10169,28,125,0.14511121809482574
10170,28,126,0.15057095885276794
10171,28,127,0.13736693561077118
10172,28,128,0.16246846318244934
10173,28,129,0.14821617305278778
10174,28,130,0.16229094564914703
10175,28,131,0.1327812224626541
10176,28,132,0.16862192749977112
10177,28,133,0.11361992359161377
10178,28,134,0.14296425879001617
10179,28,135,0.14366647601127625
10180,28,136,0.127764493227005
10181,28,137,0.14142009615898132
10182,28,138,0.1369474083185196
10183,28,139,0.13989831507205963
10184,28,140,0.13006123900413513
10185,28,141,0.13458192348480225
10186,28,142,0.11831226199865341
10187,28,143,0.13487689197063446
10188,28,144,0.1332365721464157
10189,28,145,0.13015249371528625
10190,28,146,0.1479359120130539
10191,28,147,0.16516397893428802
10192,28,148,0.1607905924320221
10193,28,149,0.16500619053840637
10194,28,150,0.17592182755470276
10195,28,151,0.16068686544895172
10196,28,152,0.1184791773557663
10197,28,153,0.12707825005054474
10198,28,154,0.12158726155757904
10199,28,155,0.12258954346179962
10200,28,156,0.17192810773849487
10201,28,157,0.1483648121356964
10202,28,158,0.13743801414966583
10203,28,159,0.13380983471870422
10204,28,160,0.11970959603786469
10205,28,161,0.1523001492023468
10206,28,162,0.1013428345322609
10207,28,163,0.1182793602347374
10208,28,164,0.13793331384658813
10209,28,165,0.12420155853033066
10210,28,166,0.14163103699684143
10211,28,167,0.15291643142700195
10212,28,168,0.13624970614910126
10213,28,169,0.14556214213371277
10214,28,170,0.1518569439649582
10215,28,171,0.13271024823188782
10216,28,172,0.13383476436138153
10217,28,173,0.12979380786418915
10218,28,174,0.12724082171916962
10219,28,175,0.15200449526309967
10220,28,176,0.12699145078659058
10221,28,177,0.12048174440860748
10222,28,178,0.13584506511688232
10223,28,179,0.22326044738292694
10224,28,180,0.1173824667930603
10225,28,181,0.141560897231102
10226,28,182,0.13726802170276642
10227,28,183,0.1386321485042572
10228,28,184,0.1356011927127838
10229,28,185,0.13961243629455566
10230,28,186,0.13902489840984344
10231,28,187,0.13925126194953918
10232,28,188,0.1553005874156952
10233,28,189,0.14454209804534912
10234,28,190,0.1631590873003006
10235,28,191,0.12548908591270447
10236,28,192,0.13100256025791168
10237,28,193,0.12764933705329895
10238,28,194,0.15468955039978027
10239,28,195,0.13593789935112
10240,28,196,0.11669794470071793
10241,28,197,0.15442197024822235
10242,28,198,0.14452984929084778
10243,28,199,0.12906011939048767
10244,28,200,0.17397049069404602
10245,28,201,0.1387723982334137
10246,28,202,0.1317007839679718
10247,28,203,0.1252330243587494
10248,28,204,0.14422956109046936
10249,28,205,0.12884001433849335
10250,28,206,0.1219446063041687
10251,28,207,0.1460956335067749
10252,28,208,0.14036202430725098
10253,28,209,0.14313609898090363
10254,28,210,0.14967766404151917
10255,28,211,0.09911490976810455
10256,28,212,0.15193670988082886
10257,28,213,0.13287092745304108
10258,28,214,0.14845800399780273
10259,28,215,0.16568835079669952
10260,28,216,0.1813175529241562
10261,28,217,0.17096956074237823
10262,28,218,0.15470391511917114
10263,28,219,0.13862048089504242
10264,28,220,0.1048126220703125
10265,28,221,0.1390666663646698
10266,28,222,0.1157468780875206
10267,28,223,0.1483536958694458
10268,28,224,0.13239574432373047
10269,28,225,0.18023893237113953
10270,28,226,0.14190460741519928
10271,28,227,0.11532378196716309
10272,28,228,0.12270314991474152
10273,28,229,0.13122957944869995
10274,28,230,0.1223941296339035
10275,28,231,0.14066293835639954
10276,28,232,0.14471019804477692
10277,28,233,0.13226929306983948
10278,28,234,0.13037416338920593
10279,28,235,0.15333306789398193
10280,28,236,0.14206457138061523
10281,28,237,0.12771281599998474
10282,28,238,0.14869078993797302
10283,28,239,0.1123138815164566
10284,28,240,0.1885116845369339
10285,28,241,0.13174743950366974
10286,28,242,0.11755609512329102
10287,28,243,0.1375429332256317
10288,28,244,0.16619203984737396
10289,28,245,0.1426941454410553
10290,28,246,0.1544995754957199
10291,28,247,0.09575386345386505
10292,28,248,0.1283825933933258
10293,28,249,0.14002855122089386
10294,28,250,0.13318419456481934
10295,28,251,0.11922196298837662
10296,28,252,0.1480032503604889
10297,28,253,0.13654562830924988
10298,28,254,0.13763773441314697
10299,28,255,0.15023601055145264
10300,28,256,0.12882207334041595
10301,28,257,0.11875603348016739
10302,28,258,0.12198202311992645
10303,28,259,0.13333244621753693
10304,28,260,0.12988486886024475
10305,28,261,0.1274004876613617
10306,28,262,0.1388997733592987
10307,28,263,0.13104520738124847
10308,28,264,0.14930392801761627
10309,28,265,0.14186690747737885
10310,28,266,0.15032905340194702
10311,28,267,0.12436676025390625
10312,28,268,0.1328946352005005
10313,28,269,0.1132216826081276
10314,28,270,0.13231439888477325
10315,28,271,0.12194452434778214
10316,28,272,0.17983216047286987
10317,28,273,0.12911902368068695
10318,28,274,0.14291296899318695
10319,28,275,0.10434061288833618
10320,28,276,0.130736842751503
10321,28,277,0.1361558735370636
10322,28,278,0.1266508400440216
10323,28,279,0.1649751365184784
10324,28,280,0.15318435430526733
10325,28,281,0.1570724993944168
10326,28,282,0.1390407383441925
10327,28,283,0.13491562008857727
10328,28,284,0.12246040999889374
10329,28,285,0.1510411500930786
10330,28,286,0.11412958055734634
10331,28,287,0.12777578830718994
10332,28,288,0.13488686084747314
10333,28,289,0.10769494622945786
10334,28,290,0.12609118223190308
10335,28,291,0.13391023874282837
10336,28,292,0.12311339378356934
10337,28,293,0.15356850624084473
10338,28,294,0.1596246063709259
10339,28,295,0.13358741998672485
10340,28,296,0.14772580564022064
10341,28,297,0.14159803092479706
10342,28,298,0.1669488251209259
10343,28,299,0.11423991620540619
10344,28,300,0.1552947461605072
10345,28,301,0.13516327738761902
10346,28,302,0.1384609341621399
10347,28,303,0.12317293882369995
10348,28,304,0.13137713074684143
10349,28,305,0.10103516280651093
10350,28,306,0.11476545035839081
10351,28,307,0.1100044697523117
10352,28,308,0.12724170088768005
10353,28,309,0.1178373470902443
10354,28,310,0.11243226379156113
10355,28,311,0.20346789062023163
10356,28,312,0.15094338357448578
10357,28,313,0.13517054915428162
10358,28,314,0.1371200978755951
10359,28,315,0.13150067627429962
10360,28,316,0.1292223185300827
10361,28,317,0.12269047647714615
10362,28,318,0.13471156358718872
10363,28,319,0.12805959582328796
10364,28,320,0.142500638961792
10365,28,321,0.14892959594726562
10366,28,322,0.1324547976255417
10367,28,323,0.11516089737415314
10368,28,324,0.1473304033279419
10369,28,325,0.1484294980764389
10370,28,326,0.14055988192558289
10371,28,327,0.1265907734632492
10372,28,328,0.11620035022497177
10373,28,329,0.1206996887922287
10374,28,330,0.1488918662071228
10375,28,331,0.11842332780361176
10376,28,332,0.14649145305156708
10377,28,333,0.13358205556869507
10378,28,334,0.14506547152996063
10379,28,335,0.14682064950466156
10380,28,336,0.1257839947938919
10381,28,337,0.13545170426368713
10382,28,338,0.15146367251873016
10383,28,339,0.13526536524295807
10384,28,340,0.121207594871521
10385,28,341,0.14589884877204895
10386,28,342,0.1250728815793991
10387,28,343,0.1636529266834259
10388,28,344,0.13622789084911346
10389,28,345,0.15262536704540253
10390,28,346,0.11603232473134995
10391,28,347,0.11114788055419922
10392,28,348,0.1584676206111908
10393,28,349,0.12331225723028183
10394,28,350,0.1260925829410553
10395,28,351,0.13014686107635498
10396,28,352,0.14637240767478943
10397,28,353,0.125547856092453
10398,28,354,0.10956181585788727
10399,28,355,0.14919130504131317
10400,28,356,0.10602045059204102
10401,28,357,0.12008789926767349
10402,28,358,0.14862701296806335
10403,28,359,0.14966978132724762
10404,28,360,0.12428505718708038
10405,28,361,0.12325580418109894
10406,28,362,0.1424347460269928
10407,28,363,0.13713544607162476
10408,28,364,0.10888136923313141
10409,28,365,0.145023912191391
10410,28,366,0.1222832202911377
10411,28,367,0.15946002304553986
10412,28,368,0.13079020380973816
10413,28,369,0.11944855749607086
10414,28,370,0.12992680072784424
10415,28,371,0.15664389729499817
10416,28,372,0.13618509471416473
10417,29,1,0.12461613118648529
10418,29,2,0.1297663152217865
10419,29,3,0.14886237680912018
10420,29,4,0.17007389664649963
10421,29,5,0.12282522767782211
10422,29,6,0.14482849836349487
10423,29,7,0.1315489560365677
10424,29,8,0.12882652878761292
10425,29,9,0.11695285886526108
10426,29,10,0.14457784593105316
10427,29,11,0.15368565917015076
10428,29,12,0.12851586937904358
10429,29,13,0.1497907042503357
10430,29,14,0.13259918987751007
10431,29,15,0.15630188584327698
10432,29,16,0.1109897643327713
10433,29,17,0.1336226761341095
10434,29,18,0.10111228376626968
10435,29,19,0.11481031030416489
10436,29,20,0.1375006139278412
10437,29,21,0.14487844705581665
10438,29,22,0.1462429314851761
10439,29,23,0.12585480511188507
10440,29,24,0.12226780503988266
10441,29,25,0.10812269151210785
10442,29,26,0.1310548186302185
10443,29,27,0.15746085345745087
10444,29,28,0.12075725942850113
10445,29,29,0.14164999127388
10446,29,30,0.14753380417823792
10447,29,31,0.14454153180122375
10448,29,32,0.14247649908065796
10449,29,33,0.12986908853054047
10450,29,34,0.14671647548675537
10451,29,35,0.11709193140268326
10452,29,36,0.12361814826726913
10453,29,37,0.11200694739818573
10454,29,38,0.13939671218395233
10455,29,39,0.1263524889945984
10456,29,40,0.1477927416563034
10457,29,41,0.11206438392400742
10458,29,42,0.11826731264591217
10459,29,43,0.15921883285045624
10460,29,44,0.12935537099838257
10461,29,45,0.1538058966398239
10462,29,46,0.12043313682079315
10463,29,47,0.12525242567062378
10464,29,48,0.13603490591049194
10465,29,49,0.1577511727809906
10466,29,50,0.15216314792633057
10467,29,51,0.1164524108171463
10468,29,52,0.14181499183177948
10469,29,53,0.12860383093357086
10470,29,54,0.14913111925125122
10471,29,55,0.12956245243549347
10472,29,56,0.1468219757080078
10473,29,57,0.13671822845935822
10474,29,58,0.13374364376068115
10475,29,59,0.14750610291957855
10476,29,60,0.11329593509435654
10477,29,61,0.14341218769550323
10478,29,62,0.1402290165424347
10479,29,63,0.14189496636390686
10480,29,64,0.14664268493652344
10481,29,65,0.13458052277565002
10482,29,66,0.1567939966917038
10483,29,67,0.12313397973775864
10484,29,68,0.16637061536312103
10485,29,69,0.16000504791736603
10486,29,70,0.13060371577739716
10487,29,71,0.14222845435142517
10488,29,72,0.1109984964132309
10489,29,73,0.1532164067029953
10490,29,74,0.11935769021511078
10491,29,75,0.10396979004144669
10492,29,76,0.12139785289764404
10493,29,77,0.14853087067604065
10494,29,78,0.13220568001270294
10495,29,79,0.14379671216011047
10496,29,80,0.10657608509063721
10497,29,81,0.1128903478384018
10498,29,82,0.15539367496967316
10499,29,83,0.10987899452447891
10500,29,84,0.12616877257823944
10501,29,85,0.12683813273906708
10502,29,86,0.14066195487976074
10503,29,87,0.14167487621307373
10504,29,88,0.12270289659500122
10505,29,89,0.12107095867395401
10506,29,90,0.13049228489398956
10507,29,91,0.12874408066272736
10508,29,92,0.1460692435503006
10509,29,93,0.13675490021705627
10510,29,94,0.14579543471336365
10511,29,95,0.16775847971439362
10512,29,96,0.12068573385477066
10513,29,97,0.12981730699539185
10514,29,98,0.13449400663375854
10515,29,99,0.12250807136297226
10516,29,100,0.14693312346935272
10517,29,101,0.13644425570964813
10518,29,102,0.14876708388328552
10519,29,103,0.12209087610244751
10520,29,104,0.14938442409038544
10521,29,105,0.13790848851203918
10522,29,106,0.1385837197303772
10523,29,107,0.13315929472446442
10524,29,108,0.12765184044837952
10525,29,109,0.12097008526325226
10526,29,110,0.13543762266635895
10527,29,111,0.1121310368180275
10528,29,112,0.12200009822845459
10529,29,113,0.16207355260849
10530,29,114,0.12918885052204132
10531,29,115,0.13229641318321228
10532,29,116,0.12733227014541626
10533,29,117,0.11834429204463959
10534,29,118,0.14529511332511902
10535,29,119,0.1313168853521347
10536,29,120,0.13842885196208954
10537,29,121,0.1357170045375824
10538,29,122,0.11370352655649185
10539,29,123,0.12683378159999847
10540,29,124,0.14184221625328064
10541,29,125,0.1318444013595581
10542,29,126,0.12562648952007294
10543,29,127,0.1456519067287445
10544,29,128,0.1375739872455597
10545,29,129,0.10883146524429321
10546,29,130,0.1382126808166504
10547,29,131,0.13531142473220825
10548,29,132,0.10132475942373276
10549,29,133,0.11736104637384415
10550,29,134,0.14265553653240204
10551,29,135,0.14849507808685303
10552,29,136,0.12845715880393982
10553,29,137,0.14355643093585968
10554,29,138,0.16010066866874695
10555,29,139,0.14848947525024414
10556,29,140,0.16263607144355774
10557,29,141,0.14135529100894928
10558,29,142,0.15620997548103333
10559,29,143,0.11357009410858154
10560,29,144,0.14468038082122803
10561,29,145,0.14845141768455505
10562,29,146,0.15393805503845215
10563,29,147,0.11421222984790802
10564,29,148,0.13241945207118988
10565,29,149,0.1360207200050354
10566,29,150,0.15390029549598694
10567,29,151,0.16862374544143677
10568,29,152,0.1404401659965515
10569,29,153,0.11667479574680328
10570,29,154,0.11770009994506836
10571,29,155,0.12103451788425446
10572,29,156,0.1329999417066574
10573,29,157,0.13214543461799622
10574,29,158,0.14215441048145294
10575,29,159,0.14357778429985046
10576,29,160,0.12488345056772232
10577,29,161,0.14700880646705627
10578,29,162,0.1343706101179123
10579,29,163,0.13232865929603577
10580,29,164,0.1394890993833542
10581,29,165,0.11643068492412567
10582,29,166,0.12895841896533966
10583,29,167,0.12292919307947159
10584,29,168,0.12193013727664948
10585,29,169,0.11350871622562408
10586,29,170,0.14962543547153473
10587,29,171,0.12886223196983337
10588,29,172,0.1533801108598709
10589,29,173,0.12082115560770035
10590,29,174,0.13031649589538574
10591,29,175,0.1092754602432251
10592,29,176,0.18388888239860535
10593,29,177,0.12499630451202393
10594,29,178,0.11970021575689316
10595,29,179,0.11374048888683319
10596,29,180,0.11635494232177734
10597,29,181,0.09448043256998062
10598,29,182,0.13408224284648895
10599,29,183,0.12926752865314484
10600,29,184,0.11481688171625137
10601,29,185,0.14100830256938934
10602,29,186,0.11345677077770233
10603,29,187,0.12685364484786987
10604,29,188,0.16099420189857483
10605,29,189,0.15472647547721863
10606,29,190,0.11606508493423462
10607,29,191,0.16178816556930542
10608,29,192,0.12112636864185333
10609,29,193,0.14566200971603394
10610,29,194,0.121867336332798
10611,29,195,0.1353837102651596
10612,29,196,0.14362816512584686
10613,29,197,0.12548086047172546
10614,29,198,0.1498136818408966
10615,29,199,0.12455034255981445
10616,29,200,0.1374284327030182
10617,29,201,0.11750145256519318
10618,29,202,0.1211797371506691
10619,29,203,0.11404690891504288
10620,29,204,0.14377425611019135
10621,29,205,0.15013787150382996
10622,29,206,0.1190706342458725
10623,29,207,0.1403999924659729
10624,29,208,0.13864484429359436
10625,29,209,0.14457258582115173
10626,29,210,0.1341560184955597
10627,29,211,0.1288599669933319
10628,29,212,0.11154147237539291
10629,29,213,0.11668727546930313
10630,29,214,0.13225682079792023
10631,29,215,0.12087911367416382
10632,29,216,0.12192627042531967
10633,29,217,0.16094644367694855
10634,29,218,0.11662247031927109
10635,29,219,0.14506587386131287
10636,29,220,0.1233517974615097
10637,29,221,0.1519901603460312
10638,29,222,0.13700196146965027
10639,29,223,0.13326826691627502
10640,29,224,0.13133779168128967
10641,29,225,0.12943729758262634
10642,29,226,0.14355087280273438
10643,29,227,0.13873806595802307
10644,29,228,0.11932150274515152
10645,29,229,0.11399608850479126
10646,29,230,0.13548684120178223
10647,29,231,0.14393216371536255
10648,29,232,0.1163712590932846
10649,29,233,0.12593355774879456
10650,29,234,0.14472465217113495
10651,29,235,0.1316978931427002
10652,29,236,0.12739530205726624
10653,29,237,0.14911708235740662
10654,29,238,0.1142425537109375
10655,29,239,0.1342112123966217
10656,29,240,0.1352815479040146
10657,29,241,0.1402442455291748
10658,29,242,0.1374942660331726
10659,29,243,0.12402735650539398
10660,29,244,0.16126033663749695
10661,29,245,0.14184972643852234
10662,29,246,0.11538103967905045
10663,29,247,0.13763271272182465
10664,29,248,0.15670187771320343
10665,29,249,0.11461260169744492
10666,29,250,0.14990046620368958
10667,29,251,0.15407660603523254
10668,29,252,0.12870138883590698
10669,29,253,0.13634708523750305
10670,29,254,0.14023832976818085
10671,29,255,0.14560720324516296
10672,29,256,0.14146021008491516
10673,29,257,0.11478032916784286
10674,29,258,0.16388633847236633
10675,29,259,0.11747471243143082
10676,29,260,0.1527804732322693
10677,29,261,0.12707911431789398
10678,29,262,0.12410584837198257
10679,29,263,0.13578912615776062
10680,29,264,0.11027127504348755
10681,29,265,0.13054271042346954
10682,29,266,0.1258671134710312
10683,29,267,0.11668559163808823
10684,29,268,0.10192587226629257
10685,29,269,0.13523560762405396
10686,29,270,0.09650713950395584
10687,29,271,0.13463354110717773
10688,29,272,0.14913254976272583
10689,29,273,0.124151311814785
10690,29,274,0.17508631944656372
10691,29,275,0.15056529641151428
10692,29,276,0.11478058993816376
10693,29,277,0.13548798859119415
10694,29,278,0.15138639509677887
10695,29,279,0.1404488980770111
10696,29,280,0.14225493371486664
10697,29,281,0.12590263783931732
10698,29,282,0.13856640458106995
10699,29,283,0.13226763904094696
10700,29,284,0.14886443316936493
10701,29,285,0.1507956087589264
10702,29,286,0.13885723054409027
10703,29,287,0.1536979377269745
10704,29,288,0.13152572512626648
10705,29,289,0.11521029472351074
10706,29,290,0.12065919488668442
10707,29,291,0.12674354016780853
10708,29,292,0.14839714765548706
10709,29,293,0.13907143473625183
10710,29,294,0.1200069785118103
10711,29,295,0.15127775073051453
10712,29,296,0.11746776103973389
10713,29,297,0.1344817578792572
10714,29,298,0.12340249866247177
10715,29,299,0.14372627437114716
10716,29,300,0.1764075756072998
10717,29,301,0.12140969932079315
10718,29,302,0.12627406418323517
10719,29,303,0.11499321460723877
10720,29,304,0.1424018293619156
10721,29,305,0.17008166015148163
10722,29,306,0.14095459878444672
10723,29,307,0.12810127437114716
10724,29,308,0.13160090148448944
10725,29,309,0.11388789117336273
10726,29,310,0.1489727795124054
10727,29,311,0.15699413418769836
10728,29,312,0.1263100653886795
10729,29,313,0.1120249480009079
10730,29,314,0.11171819269657135
10731,29,315,0.16643813252449036
10732,29,316,0.11520645767450333
10733,29,317,0.12743119895458221
10734,29,318,0.15703721344470978
10735,29,319,0.12334568798542023
10736,29,320,0.14082472026348114
10737,29,321,0.14548832178115845
10738,29,322,0.15880060195922852
10739,29,323,0.12857237458229065
10740,29,324,0.12891831994056702
10741,29,325,0.1933523267507553
10742,29,326,0.14583028852939606
10743,29,327,0.16577784717082977
10744,29,328,0.1489136964082718
10745,29,329,0.14412149786949158
10746,29,330,0.1296389400959015
10747,29,331,0.10538412630558014
10748,29,332,0.12593452632427216
10749,29,333,0.1302446871995926
10750,29,334,0.09605735540390015
10751,29,335,0.15838885307312012
10752,29,336,0.1194356232881546
10753,29,337,0.16958993673324585
10754,29,338,0.13803794980049133
10755,29,339,0.1472216546535492
10756,29,340,0.14342275261878967
10757,29,341,0.14094161987304688
10758,29,342,0.1507616490125656
10759,29,343,0.12002649158239365
10760,29,344,0.13379782438278198
10761,29,345,0.1238354817032814
10762,29,346,0.12345109134912491
10763,29,347,0.14719516038894653
10764,29,348,0.13409948348999023
10765,29,349,0.12144903838634491
10766,29,350,0.13715727627277374
10767,29,351,0.1631990224123001
10768,29,352,0.1225673109292984
10769,29,353,0.1422206610441208
10770,29,354,0.1761247217655182
10771,29,355,0.15110555291175842
10772,29,356,0.16188088059425354
10773,29,357,0.15139341354370117
10774,29,358,0.1606913059949875
10775,29,359,0.13457654416561127
10776,29,360,0.11842957884073257
10777,29,361,0.16416633129119873
10778,29,362,0.12790091335773468
10779,29,363,0.1694161593914032
10780,29,364,0.1309574991464615
10781,29,365,0.13442617654800415
10782,29,366,0.1480964720249176
10783,29,367,0.11932022869586945
10784,29,368,0.15306052565574646
10785,29,369,0.13797464966773987
10786,29,370,0.15936411917209625
10787,29,371,0.14424896240234375
10788,29,372,0.14513781666755676
10789,30,1,0.13799592852592468
10790,30,2,0.1412678062915802
10791,30,3,0.17708507180213928
10792,30,4,0.13834956288337708
10793,30,5,0.15556852519512177
10794,30,6,0.14745689928531647
10795,30,7,0.14147350192070007
10796,30,8,0.12834931910037994
10797,30,9,0.13373373448848724
10798,30,10,0.14790070056915283
10799,30,11,0.14265315234661102
10800,30,12,0.18077144026756287
10801,30,13,0.10636250674724579
10802,30,14,0.12837651371955872
10803,30,15,0.14401575922966003
10804,30,16,0.10488079488277435
10805,30,17,0.13292786478996277
10806,30,18,0.11648035049438477
10807,30,19,0.13573548197746277
10808,30,20,0.12539273500442505
10809,30,21,0.12526455521583557
10810,30,22,0.1434745192527771
10811,30,23,0.12101143598556519
10812,30,24,0.12590155005455017
10813,30,25,0.13883613049983978
10814,30,26,0.10677900165319443
10815,30,27,0.15241685509681702
10816,30,28,0.12899015843868256
10817,30,29,0.10904113948345184
10818,30,30,0.14356420934200287
10819,30,31,0.12745514512062073
10820,30,32,0.13027022778987885
10821,30,33,0.14335347712039948
10822,30,34,0.1325444132089615
10823,30,35,0.1373777985572815
10824,30,36,0.1603005826473236
10825,30,37,0.12049319595098495
10826,30,38,0.12628498673439026
10827,30,39,0.12748554348945618
10828,30,40,0.14321519434452057
10829,30,41,0.14027832448482513
10830,30,42,0.1492113322019577
10831,30,43,0.1054520383477211
10832,30,44,0.14004288613796234
10833,30,45,0.1303972750902176
10834,30,46,0.14847436547279358
10835,30,47,0.16537150740623474
10836,30,48,0.12617787718772888
10837,30,49,0.13329531252384186
10838,30,50,0.1612568348646164
10839,30,51,0.12707364559173584
10840,30,52,0.1309240162372589
10841,30,53,0.15079815685749054
10842,30,54,0.1445002555847168
10843,30,55,0.12593713402748108
10844,30,56,0.12495832145214081
10845,30,57,0.1365787833929062
10846,30,58,0.11918900907039642
10847,30,59,0.12422831356525421
10848,30,60,0.11877484619617462
10849,30,61,0.13362307846546173
10850,30,62,0.14304576814174652
10851,30,63,0.1142892837524414
10852,30,64,0.12224535644054413
10853,30,65,0.15978722274303436
10854,30,66,0.12683726847171783
10855,30,67,0.10909052938222885
10856,30,68,0.16759656369686127
10857,30,69,0.1612022966146469
10858,30,70,0.14976760745048523
10859,30,71,0.16870799660682678
10860,30,72,0.11030550301074982
10861,30,73,0.17455054819583893
10862,30,74,0.14227184653282166
10863,30,75,0.12668666243553162
10864,30,76,0.15419013798236847
10865,30,77,0.13175757229328156
10866,30,78,0.11549817025661469
10867,30,79,0.12461724132299423
10868,30,80,0.18562985956668854
10869,30,81,0.10302609205245972
10870,30,82,0.16051389276981354
10871,30,83,0.12205801159143448
10872,30,84,0.10621700435876846
10873,30,85,0.1296590268611908
10874,30,86,0.11600927263498306
10875,30,87,0.1358337551355362
10876,30,88,0.10265687853097916
10877,30,89,0.12439431995153427
10878,30,90,0.13420268893241882
10879,30,91,0.14155976474285126
10880,30,92,0.17085371911525726
10881,30,93,0.12632659077644348
10882,30,94,0.13375361263751984
10883,30,95,0.10133428871631622
10884,30,96,0.11656999588012695
10885,30,97,0.12705223262310028
10886,30,98,0.09828425198793411
10887,30,99,0.1154300719499588
10888,30,100,0.1224181279540062
10889,30,101,0.12746918201446533
10890,30,102,0.12963871657848358
10891,30,103,0.14453734457492828
10892,30,104,0.1582632213830948
10893,30,105,0.1375492960214615
10894,30,106,0.13814780116081238
10895,30,107,0.1443166434764862
10896,30,108,0.11775358021259308
10897,30,109,0.12302515655755997
10898,30,110,0.1305048167705536
10899,30,111,0.1251259297132492
10900,30,112,0.14003987610340118
10901,30,113,0.11304726451635361
10902,30,114,0.11139732599258423
10903,30,115,0.11860626935958862
10904,30,116,0.15029498934745789
10905,30,117,0.1253904402256012
10906,30,118,0.1125015839934349
10907,30,119,0.13010048866271973
10908,30,120,0.12079401314258575
10909,30,121,0.13209840655326843
10910,30,122,0.10868938267230988
10911,30,123,0.12883254885673523
10912,30,124,0.1408778876066208
10913,30,125,0.1420099437236786
10914,30,126,0.13908910751342773
10915,30,127,0.17213468253612518
10916,30,128,0.1465441733598709
10917,30,129,0.12806466221809387
10918,30,130,0.12881585955619812
10919,30,131,0.12786825001239777
10920,30,132,0.1469220221042633
10921,30,133,0.15268737077713013
10922,30,134,0.15143735706806183
10923,30,135,0.13252213597297668
10924,30,136,0.13007476925849915
10925,30,137,0.12593558430671692
10926,30,138,0.12616124749183655
10927,30,139,0.1315256655216217
10928,30,140,0.12445918470621109
10929,30,141,0.13109976053237915
10930,30,142,0.12738445401191711
10931,30,143,0.11887142807245255
10932,30,144,0.1287720501422882
10933,30,145,0.15353214740753174
10934,30,146,0.12008671462535858
10935,30,147,0.13699333369731903
10936,30,148,0.1494605392217636
10937,30,149,0.1350460648536682
10938,30,150,0.12269939482212067
10939,30,151,0.13622672855854034
10940,30,152,0.13838441669940948
10941,30,153,0.16002260148525238
10942,30,154,0.14655612409114838
10943,30,155,0.11362413316965103
10944,30,156,0.1485396921634674
10945,30,157,0.1363358050584793
10946,30,158,0.13657334446907043
10947,30,159,0.13460592925548553
10948,30,160,0.11981217563152313
10949,30,161,0.13144230842590332
10950,30,162,0.3618868589401245
10951,30,163,0.11771555244922638
10952,30,164,0.10490310192108154
10953,30,165,0.1435554027557373
10954,30,166,0.12409762293100357
10955,30,167,0.16523408889770508
10956,30,168,0.12426304817199707
10957,30,169,0.14381761848926544
10958,30,170,0.13229897618293762
10959,30,171,0.13856956362724304
10960,30,172,0.1259985715150833
10961,30,173,0.14816482365131378
10962,30,174,0.12787361443042755
10963,30,175,0.1602318286895752
10964,30,176,0.13659122586250305
10965,30,177,0.14052820205688477
10966,30,178,0.13067422807216644
10967,30,179,0.13869814574718475
10968,30,180,0.1389303356409073
10969,30,181,0.12172305583953857
10970,30,182,0.12445276975631714
10971,30,183,0.13267917931079865
10972,30,184,0.13384997844696045
10973,30,185,0.12302197515964508
10974,30,186,0.13513298332691193
10975,30,187,0.140119269490242
10976,30,188,0.1209179013967514
10977,30,189,0.1446148306131363
10978,30,190,0.14357300102710724
10979,30,191,0.14459557831287384
10980,30,192,0.13102516531944275
10981,30,193,0.1624344289302826
10982,30,194,0.12789078056812286
10983,30,195,0.11822694540023804
10984,30,196,0.1252974569797516
10985,30,197,0.14411517977714539
10986,30,198,0.11261622607707977
10987,30,199,0.135214164853096
10988,30,200,0.1331956386566162
10989,30,201,0.11078145354986191
10990,30,202,0.14829668402671814
10991,30,203,0.11454041302204132
10992,30,204,0.1433970332145691
10993,30,205,0.19001033902168274
10994,30,206,0.1354636698961258
10995,30,207,0.11978720128536224
10996,30,208,0.16528676450252533
10997,30,209,0.13077013194561005
10998,30,210,0.14177584648132324
10999,30,211,0.1519910991191864
11000,30,212,0.12129873037338257
11001,30,213,0.14034013450145721
11002,30,214,0.1323198825120926
11003,30,215,0.1168396919965744
11004,30,216,0.1366008222103119
11005,30,217,0.11549606174230576
11006,30,218,0.16979634761810303
11007,30,219,0.13075117766857147
11008,30,220,0.12499512732028961
11009,30,221,0.13559821248054504
11010,30,222,0.12876155972480774
11011,30,223,0.13711664080619812
11012,30,224,0.16227369010448456
11013,30,225,0.14295276999473572
11014,30,226,0.11627808958292007
11015,30,227,0.1298631876707077
11016,30,228,0.1387483775615692
11017,30,229,0.1350969523191452
11018,30,230,0.15728269517421722
11019,30,231,0.12811467051506042
11020,30,232,0.152999147772789
11021,30,233,0.14451080560684204
11022,30,234,0.12904547154903412
11023,30,235,0.16362491250038147
11024,30,236,0.1488293558359146
11025,30,237,0.1381283551454544
11026,30,238,0.2947905659675598
11027,30,239,0.12416531145572662
11028,30,240,0.14707455039024353
11029,30,241,0.12322463095188141
11030,30,242,0.1642410010099411
11031,30,243,0.13150623440742493
11032,30,244,0.11818184703588486
11033,30,245,0.13316790759563446
11034,30,246,0.15713106095790863
11035,30,247,0.15898767113685608
11036,30,248,0.1292489469051361
11037,30,249,0.13676512241363525
11038,30,250,0.141317218542099
11039,30,251,0.1480311155319214
11040,30,252,0.1292811930179596
11041,30,253,0.13852962851524353
11042,30,254,0.14033256471157074
11043,30,255,0.10734591633081436
11044,30,256,0.1186302900314331
11045,30,257,0.13135406374931335
11046,30,258,0.15792641043663025
11047,30,259,0.1376151740550995
11048,30,260,0.1517219841480255
11049,30,261,0.12364733219146729
11050,30,262,0.13845659792423248
11051,30,263,0.12986008822917938
11052,30,264,0.1520930826663971
11053,30,265,0.16224072873592377
11054,30,266,0.1416633278131485
11055,30,267,0.13701499998569489
11056,30,268,0.15948185324668884
11057,30,269,0.13220731914043427
11058,30,270,0.141274094581604
11059,30,271,0.14066852629184723
11060,30,272,0.11528666317462921
11061,30,273,0.14270728826522827
11062,30,274,0.14724785089492798
11063,30,275,0.1390393078327179
11064,30,276,0.12587420642375946
11065,30,277,0.13397406041622162
11066,30,278,0.15262223780155182
11067,30,279,0.14254620671272278
11068,30,280,0.13311977684497833
11069,30,281,0.15452638268470764
11070,30,282,0.11610661447048187
11071,30,283,0.14766466617584229
11072,30,284,0.11569970846176147
11073,30,285,0.1442233920097351
11074,30,286,0.12795619666576385
11075,30,287,0.135949045419693
11076,30,288,0.1524711549282074
11077,30,289,0.11751864850521088
11078,30,290,0.13436520099639893
11079,30,291,0.1389467865228653
11080,30,292,0.1507737636566162
11081,30,293,0.11867471039295197
11082,30,294,0.13991466164588928
11083,30,295,0.11811413615942001
11084,30,296,0.13048474490642548
11085,30,297,0.14070111513137817
11086,30,298,0.1338757574558258
11087,30,299,0.12498728185892105
11088,30,300,0.13315431773662567
11089,30,301,0.14967557787895203
11090,30,302,0.15152139961719513
11091,30,303,0.10805060714483261
11092,30,304,0.1366294026374817
11093,30,305,0.12740401923656464
11094,30,306,0.1440093070268631
11095,30,307,0.12879905104637146
11096,30,308,0.12501564621925354
11097,30,309,0.1440397948026657
11098,30,310,0.1439969390630722
11099,30,311,0.14955879747867584
11100,30,312,0.11373593658208847
11101,30,313,0.12508144974708557
11102,30,314,0.12528589367866516
11103,30,315,0.12237881124019623
11104,30,316,0.14541611075401306
11105,30,317,0.10460910946130753
11106,30,318,0.12787437438964844
11107,30,319,0.16704623401165009
11108,30,320,0.1499500572681427
11109,30,321,0.1293572038412094
11110,30,322,0.13433703780174255
11111,30,323,0.1362113058567047
11112,30,324,0.11213914304971695
11113,30,325,0.13837425410747528
11114,30,326,0.16947489976882935
11115,30,327,0.13357551395893097
11116,30,328,0.11483576148748398
11117,30,329,0.1202486976981163
11118,30,330,0.1524379402399063
11119,30,331,0.16702422499656677
11120,30,332,0.13679943978786469
11121,30,333,0.14817146956920624
11122,30,334,0.1284707486629486
11123,30,335,0.10831769555807114
11124,30,336,0.1670234650373459
11125,30,337,0.13718947768211365
11126,30,338,0.1374875009059906
11127,30,339,0.1669890582561493
11128,30,340,0.1280408352613449
11129,30,341,0.13353678584098816
11130,30,342,0.12503185868263245
11131,30,343,0.13499191403388977
11132,30,344,0.13155442476272583
11133,30,345,0.1390497237443924
11134,30,346,0.14715375006198883
11135,30,347,0.14727795124053955
11136,30,348,0.11654814332723618
11137,30,349,0.15975211560726166
11138,30,350,0.14125704765319824
11139,30,351,0.12444348633289337
11140,30,352,0.1313953846693039
11141,30,353,0.1315588355064392
11142,30,354,0.14388738572597504
11143,30,355,0.17056168615818024
11144,30,356,0.18073861300945282
11145,30,357,0.12215999513864517
11146,30,358,0.1453588902950287
11147,30,359,0.11984749138355255
11148,30,360,0.12610942125320435
11149,30,361,0.14251640439033508
11150,30,362,0.14271098375320435
11151,30,363,0.14383646845817566
11152,30,364,0.14197978377342224
11153,30,365,0.12614794075489044
11154,30,366,0.15444518625736237
11155,30,367,0.12839193642139435
11156,30,368,0.1655985713005066
11157,30,369,0.11291122436523438
11158,30,370,0.13230863213539124
11159,30,371,0.1423923224210739
11160,30,372,0.15820594131946564
