global_step,epoch,batch,train_loss
1,1,1,3.2486228942871094
2,1,2,3.071295976638794
3,1,3,3.1081979274749756
4,1,4,3.007110357284546
5,1,5,2.9703264236450195
6,1,6,3.060755491256714
7,1,7,2.898303508758545
8,1,8,2.814030885696411
9,1,9,2.8798983097076416
10,1,10,2.762044906616211
11,1,11,2.74408221244812
12,1,12,2.764740467071533
13,1,13,2.6044998168945312
14,1,14,2.6212620735168457
15,1,15,2.653690814971924
16,1,16,2.733137607574463
17,1,17,2.5711660385131836
18,1,18,2.5134031772613525
19,1,19,2.4737823009490967
20,1,20,2.468545436859131
21,1,21,2.6494333744049072
22,1,22,2.3851406574249268
23,1,23,2.4434401988983154
24,1,24,2.3265042304992676
25,1,25,2.5358340740203857
26,1,26,2.46354079246521
27,1,27,2.4260354042053223
28,1,28,2.3348026275634766
29,1,29,2.282485008239746
30,1,30,2.339186191558838
31,1,31,2.3168373107910156
32,1,32,2.3315589427948
33,1,33,2.3037374019622803
34,1,34,2.638662338256836
35,1,35,2.168306589126587
36,1,36,2.2853713035583496
37,1,37,2.239335536956787
38,1,38,2.3028388023376465
39,1,39,2.1993350982666016
40,1,40,2.323274612426758
41,1,41,2.4459149837493896
42,1,42,2.1062841415405273
43,1,43,2.2537076473236084
44,1,44,2.089179039001465
45,1,45,2.3921053409576416
46,1,46,2.0523836612701416
47,1,47,2.37375807762146
48,1,48,2.045112133026123
49,1,49,2.0662221908569336
50,1,50,2.112004518508911
51,1,51,2.1019904613494873
52,1,52,2.5029141902923584
53,1,53,2.4810004234313965
54,1,54,2.0077474117279053
55,1,55,2.1906182765960693
56,1,56,2.203622817993164
57,1,57,2.2356154918670654
58,1,58,2.224254608154297
59,1,59,2.278670310974121
60,1,60,2.1083579063415527
61,1,61,2.17166805267334
62,1,62,2.228403329849243
63,1,63,1.9755271673202515
64,1,64,2.2512667179107666
65,1,65,2.1357009410858154
66,1,66,1.9454500675201416
67,1,67,1.936047911643982
68,1,68,2.094007968902588
69,1,69,1.9766815900802612
70,1,70,2.045119285583496
71,1,71,2.031435012817383
72,1,72,2.011645555496216
73,1,73,2.1620609760284424
74,1,74,2.0922586917877197
75,1,75,1.7785276174545288
76,1,76,1.9304102659225464
77,1,77,1.8865362405776978
78,1,78,1.9335541725158691
79,1,79,2.0663013458251953
80,1,80,1.8874717950820923
81,1,81,1.8340904712677002
82,1,82,1.8997595310211182
83,1,83,1.9496113061904907
84,1,84,1.7585124969482422
85,1,85,1.9400335550308228
86,1,86,2.12322735786438
87,1,87,1.81984543800354
88,1,88,1.9688588380813599
89,1,89,2.164577007293701
90,1,90,1.9240258932113647
91,1,91,1.7837733030319214
92,1,92,1.98341703414917
93,1,93,1.8218584060668945
94,1,94,1.8335529565811157
95,1,95,2.0574960708618164
96,1,96,1.7780647277832031
97,1,97,2.2598414421081543
98,1,98,1.8897268772125244
99,1,99,1.7430938482284546
100,1,100,1.8480058908462524
101,1,101,1.9381402730941772
102,1,102,1.856506109237671
103,1,103,1.7647907733917236
104,1,104,1.927445650100708
105,1,105,1.8426635265350342
106,1,106,1.725643515586853
107,1,107,1.9148650169372559
108,1,108,1.8322103023529053
109,1,109,2.0352542400360107
110,1,110,1.8323026895523071
111,1,111,1.7612342834472656
112,1,112,2.1014528274536133
113,1,113,1.7389365434646606
114,1,114,1.965787649154663
115,1,115,1.7592898607254028
116,1,116,1.965684413909912
117,1,117,1.7758901119232178
118,1,118,2.07293701171875
119,1,119,1.8846182823181152
120,1,120,1.982513427734375
121,1,121,1.7408969402313232
122,1,122,1.6788326501846313
123,1,123,1.8940109014511108
124,1,124,1.6848167181015015
125,1,125,1.687420129776001
126,1,126,1.7535169124603271
127,1,127,1.785586953163147
128,1,128,1.6457796096801758
129,1,129,2.201913356781006
130,1,130,1.6884490251541138
131,1,131,1.9272822141647339
132,1,132,1.7825565338134766
133,1,133,1.9365016222000122
134,1,134,1.9222464561462402
135,1,135,1.8678869009017944
136,1,136,1.7897027730941772
137,1,137,1.8723211288452148
138,1,138,2.012648105621338
139,1,139,1.835923671722412
140,1,140,2.045058488845825
141,1,141,1.6939053535461426
142,1,142,1.769770622253418
143,1,143,1.7785354852676392
144,1,144,1.7769538164138794
145,1,145,1.8861581087112427
146,1,146,1.990788459777832
147,1,147,1.7831381559371948
148,1,148,1.8343353271484375
149,1,149,1.6559717655181885
150,1,150,1.7805147171020508
151,1,151,1.5905267000198364
152,1,152,1.638833999633789
153,1,153,1.8873224258422852
154,1,154,1.7964297533035278
155,1,155,1.8342443704605103
156,1,156,2.103842258453369
157,1,157,1.8969396352767944
158,1,158,1.7054420709609985
159,1,159,1.7784250974655151
160,1,160,2.0240561962127686
161,1,161,2.006460428237915
162,1,162,1.8022688627243042
163,1,163,1.7469959259033203
164,1,164,1.733336329460144
165,1,165,1.9587633609771729
166,1,166,1.801360845565796
167,1,167,1.6333847045898438
168,1,168,1.8525289297103882
169,1,169,1.6509971618652344
170,1,170,1.7205349206924438
171,1,171,2.008976459503174
172,1,172,1.8733404874801636
173,1,173,1.6897714138031006
174,1,174,1.578302025794983
175,1,175,1.7401208877563477
176,1,176,1.8545407056808472
177,1,177,1.5291435718536377
178,1,178,1.6323797702789307
179,1,179,1.8616585731506348
180,1,180,1.879022240638733
181,1,181,1.5499792098999023
182,1,182,1.6424988508224487
183,1,183,1.768109679222107
184,1,184,1.5929738283157349
185,1,185,1.578076958656311
186,1,186,1.5672372579574585
187,1,187,1.6828340291976929
188,1,188,1.6110596656799316
189,1,189,1.6742465496063232
190,1,190,1.7038137912750244
191,1,191,1.706261396408081
192,1,192,1.7082289457321167
193,1,193,1.8193563222885132
194,1,194,2.0743746757507324
195,1,195,1.8474607467651367
196,1,196,1.5813016891479492
197,1,197,1.6654858589172363
198,1,198,1.728797197341919
199,1,199,1.6716169118881226
200,1,200,1.7257393598556519
201,1,201,1.6080260276794434
202,1,202,1.894571304321289
203,1,203,1.8094652891159058
204,1,204,1.8487523794174194
205,1,205,1.7117314338684082
206,1,206,1.58578622341156
207,1,207,2.2351431846618652
208,1,208,1.7464817762374878
209,1,209,1.5907204151153564
210,1,210,1.4889655113220215
211,1,211,1.7072027921676636
212,1,212,1.6356897354125977
213,1,213,1.6183818578720093
214,1,214,1.5770586729049683
215,1,215,1.61629056930542
216,1,216,1.6290267705917358
217,1,217,1.5830142498016357
218,1,218,1.428809404373169
219,1,219,1.6762384176254272
220,1,220,1.738024353981018
221,1,221,1.8921740055084229
222,1,222,1.6020318269729614
223,1,223,1.5801019668579102
224,1,224,1.5498565435409546
225,1,225,2.050082206726074
226,1,226,1.506720781326294
227,1,227,1.7761589288711548
228,1,228,1.638343095779419
229,1,229,1.5416812896728516
230,1,230,1.7323247194290161
231,1,231,1.420297384262085
232,1,232,1.651544451713562
233,1,233,1.657408356666565
234,1,234,1.4178134202957153
235,1,235,1.6346361637115479
236,1,236,1.6263762712478638
237,1,237,1.5627576112747192
238,1,238,1.560331106185913
239,1,239,1.708479642868042
240,1,240,1.5038723945617676
241,1,241,1.7288154363632202
242,1,242,1.480053424835205
243,1,243,1.5643588304519653
244,1,244,1.601146936416626
245,1,245,1.5148794651031494
246,1,246,1.4130109548568726
247,1,247,1.5295815467834473
248,1,248,1.6241562366485596
249,1,249,1.4332877397537231
250,1,250,1.4668716192245483
251,1,251,1.4687212705612183
252,1,252,1.527456283569336
253,1,253,1.58695650100708
254,1,254,1.447272777557373
255,1,255,1.4927476644515991
256,1,256,1.6153045892715454
257,1,257,1.865780234336853
258,1,258,1.721818208694458
259,1,259,1.5267544984817505
260,1,260,1.4739197492599487
261,1,261,1.4565925598144531
262,1,262,1.6738872528076172
263,1,263,1.49774169921875
264,1,264,1.3802070617675781
265,1,265,1.5322093963623047
266,1,266,1.5566434860229492
267,1,267,1.4287447929382324
268,1,268,1.6638052463531494
269,1,269,1.4271258115768433
270,1,270,1.5031986236572266
271,1,271,1.42214035987854
272,1,272,1.7724356651306152
273,1,273,1.4080935716629028
274,1,274,1.6885722875595093
275,1,275,1.3260451555252075
276,1,276,1.4497545957565308
277,1,277,1.4206569194793701
278,1,278,1.406999945640564
279,1,279,1.8436986207962036
280,1,280,1.3194284439086914
281,1,281,1.6243616342544556
282,1,282,1.684064269065857
283,1,283,1.6739528179168701
284,1,284,1.6442711353302002
285,1,285,1.4283965826034546
286,1,286,1.5561015605926514
287,1,287,1.3964475393295288
288,1,288,1.805746078491211
289,1,289,1.5196192264556885
290,1,290,1.7448214292526245
291,1,291,1.4899966716766357
292,1,292,1.6927381753921509
293,1,293,1.3913097381591797
294,1,294,1.684362769126892
295,1,295,1.562492847442627
296,1,296,1.596114158630371
297,1,297,1.3850427865982056
298,1,298,1.4861962795257568
299,1,299,1.778759241104126
300,1,300,1.4658129215240479
301,1,301,1.2473630905151367
302,1,302,1.479924201965332
303,1,303,1.5405250787734985
304,1,304,1.4740056991577148
305,1,305,1.4203195571899414
306,1,306,1.4454379081726074
307,1,307,1.2671382427215576
308,1,308,1.5289736986160278
309,1,309,1.4569059610366821
310,1,310,1.5165926218032837
311,1,311,1.5081520080566406
312,1,312,1.524884819984436
313,1,313,1.4809517860412598
314,1,314,1.3215526342391968
315,1,315,1.465911626815796
316,1,316,1.4581784009933472
317,1,317,1.4630756378173828
318,1,318,1.4772677421569824
319,1,319,1.3725883960723877
320,1,320,1.2599246501922607
321,1,321,1.553708553314209
322,1,322,1.5901545286178589
323,1,323,1.5855910778045654
324,1,324,1.4788646697998047
325,1,325,1.4203811883926392
326,1,326,1.4835503101348877
327,1,327,1.466029167175293
328,1,328,2.060523271560669
329,1,329,1.414645791053772
330,1,330,1.625147819519043
331,1,331,1.4390336275100708
332,1,332,1.4497442245483398
333,1,333,1.553189992904663
334,1,334,1.4106335639953613
335,1,335,1.2092421054840088
336,1,336,1.3025152683258057
337,1,337,1.4025983810424805
338,1,338,1.492960810661316
339,1,339,1.78699791431427
340,1,340,1.3446048498153687
341,1,341,1.445634126663208
342,1,342,1.5394800901412964
343,1,343,1.5903407335281372
344,1,344,1.5245888233184814
345,1,345,1.4003958702087402
346,1,346,1.3942691087722778
347,1,347,1.6507031917572021
348,1,348,1.3054516315460205
349,1,349,1.3572418689727783
350,1,350,1.3909984827041626
351,1,351,1.2833455801010132
352,1,352,1.3483920097351074
353,1,353,1.5081175565719604
354,1,354,1.3551790714263916
355,1,355,1.742607831954956
356,1,356,1.3983161449432373
357,1,357,1.438157558441162
358,1,358,1.4282563924789429
359,1,359,1.2990068197250366
360,1,360,1.3716262578964233
361,1,361,1.3978471755981445
362,1,362,1.4402786493301392
363,1,363,1.4057650566101074
364,1,364,1.6327065229415894
365,1,365,1.3740588426589966
366,1,366,1.3245816230773926
367,1,367,1.4314188957214355
368,1,368,1.2586112022399902
369,1,369,1.396400809288025
370,1,370,1.4340271949768066
371,1,371,1.405635118484497
372,1,372,1.4164538383483887
373,2,1,1.4190964698791504
374,2,2,1.321473240852356
375,2,3,1.2986900806427002
376,2,4,1.3104774951934814
377,2,5,1.2957971096038818
378,2,6,1.2193050384521484
379,2,7,1.1900089979171753
380,2,8,1.447803258895874
381,2,9,1.2260302305221558
382,2,10,1.5215752124786377
383,2,11,1.442697286605835
384,2,12,1.2749097347259521
385,2,13,1.3805025815963745
386,2,14,1.3036357164382935
387,2,15,1.7492005825042725
388,2,16,1.3964923620224
389,2,17,1.3478565216064453
390,2,18,1.3416320085525513
391,2,19,1.2993147373199463
392,2,20,1.5856739282608032
393,2,21,1.2759268283843994
394,2,22,1.2490293979644775
395,2,23,1.418516755104065
396,2,24,1.73313307762146
397,2,25,1.3235191106796265
398,2,26,1.2901585102081299
399,2,27,1.2823941707611084
400,2,28,1.3279396295547485
401,2,29,1.2640472650527954
402,2,30,1.3319718837738037
403,2,31,1.4233752489089966
404,2,32,1.2616230249404907
405,2,33,1.2916096448898315
406,2,34,1.2991282939910889
407,2,35,1.3102426528930664
408,2,36,1.6075971126556396
409,2,37,1.2471601963043213
410,2,38,1.3729469776153564
411,2,39,1.2637083530426025
412,2,40,1.4022592306137085
413,2,41,1.4899446964263916
414,2,42,1.3143854141235352
415,2,43,1.3257158994674683
416,2,44,1.267610788345337
417,2,45,1.2838859558105469
418,2,46,1.231339931488037
419,2,47,1.2861124277114868
420,2,48,1.27126145362854
421,2,49,1.1424686908721924
422,2,50,1.1893175840377808
423,2,51,1.2215735912322998
424,2,52,1.245355248451233
425,2,53,1.2214244604110718
426,2,54,1.1881836652755737
427,2,55,1.196746587753296
428,2,56,1.2867810726165771
429,2,57,1.2863489389419556
430,2,58,1.243981957435608
431,2,59,1.3504084348678589
432,2,60,1.2066903114318848
433,2,61,1.4192559719085693
434,2,62,1.2835081815719604
435,2,63,1.3360482454299927
436,2,64,1.357191562652588
437,2,65,1.4277349710464478
438,2,66,1.5185010433197021
439,2,67,1.1712478399276733
440,2,68,1.4678963422775269
441,2,69,1.3435076475143433
442,2,70,1.2566379308700562
443,2,71,1.3540130853652954
444,2,72,1.2827870845794678
445,2,73,1.3373979330062866
446,2,74,1.2606980800628662
447,2,75,1.2177931070327759
448,2,76,1.10398268699646
449,2,77,1.3697913885116577
450,2,78,1.4549542665481567
451,2,79,1.204773187637329
452,2,80,1.2817796468734741
453,2,81,1.81466543674469
454,2,82,1.1505722999572754
455,2,83,1.1648228168487549
456,2,84,1.1959913969039917
457,2,85,1.2092729806900024
458,2,86,1.2761958837509155
459,2,87,1.0944660902023315
460,2,88,1.1216869354248047
461,2,89,1.2667144536972046
462,2,90,1.3617874383926392
463,2,91,1.221131682395935
464,2,92,1.26069974899292
465,2,93,1.1919928789138794
466,2,94,1.2241343259811401
467,2,95,1.2345010042190552
468,2,96,1.0762652158737183
469,2,97,1.1661555767059326
470,2,98,1.2211859226226807
471,2,99,1.3214271068572998
472,2,100,1.1435176134109497
473,2,101,1.2252888679504395
474,2,102,1.1537280082702637
475,2,103,1.0793431997299194
476,2,104,1.1742545366287231
477,2,105,1.6024307012557983
478,2,106,1.376890778541565
479,2,107,1.2304412126541138
480,2,108,1.2913458347320557
481,2,109,1.200169563293457
482,2,110,1.142322301864624
483,2,111,1.115964412689209
484,2,112,1.3255404233932495
485,2,113,1.1655974388122559
486,2,114,1.2890963554382324
487,2,115,1.1354371309280396
488,2,116,1.17595636844635
489,2,117,1.1601483821868896
490,2,118,1.2111263275146484
491,2,119,1.1238276958465576
492,2,120,1.2165348529815674
493,2,121,1.1520882844924927
494,2,122,1.299367904663086
495,2,123,1.1307964324951172
496,2,124,1.2403614521026611
497,2,125,1.2527843713760376
498,2,126,1.230175495147705
499,2,127,1.1406197547912598
500,2,128,1.1516958475112915
501,2,129,1.2831792831420898
502,2,130,1.1391406059265137
503,2,131,1.2333004474639893
504,2,132,1.4670443534851074
505,2,133,1.1713672876358032
506,2,134,1.8046106100082397
507,2,135,1.3531708717346191
508,2,136,1.2067673206329346
509,2,137,1.3141047954559326
510,2,138,1.1458059549331665
511,2,139,1.2726188898086548
512,2,140,1.0963956117630005
513,2,141,1.3423429727554321
514,2,142,1.246640920639038
515,2,143,1.1064525842666626
516,2,144,1.3693032264709473
517,2,145,1.122399926185608
518,2,146,1.1667964458465576
519,2,147,1.1426807641983032
520,2,148,1.2658189535140991
521,2,149,1.1223505735397339
522,2,150,1.1997135877609253
523,2,151,1.2286018133163452
524,2,152,1.1977238655090332
525,2,153,1.0678881406784058
526,2,154,1.4514079093933105
527,2,155,1.2977622747421265
528,2,156,1.3107080459594727
529,2,157,1.0815435647964478
530,2,158,1.109341025352478
531,2,159,1.2583792209625244
532,2,160,1.3451591730117798
533,2,161,1.3163954019546509
534,2,162,0.9478329420089722
535,2,163,1.002787709236145
536,2,164,1.2271020412445068
537,2,165,1.350688099861145
538,2,166,1.2179207801818848
539,2,167,1.2893749475479126
540,2,168,1.0563527345657349
541,2,169,1.0658491849899292
542,2,170,1.0606777667999268
543,2,171,1.2288070917129517
544,2,172,1.1667797565460205
545,2,173,1.0578476190567017
546,2,174,1.2201366424560547
547,2,175,1.1400961875915527
548,2,176,1.1554545164108276
549,2,177,1.1909507513046265
550,2,178,1.3339310884475708
551,2,179,1.1887160539627075
552,2,180,1.2264653444290161
553,2,181,1.6910127401351929
554,2,182,1.2131016254425049
555,2,183,1.2038426399230957
556,2,184,1.1652181148529053
557,2,185,1.2422995567321777
558,2,186,1.5711228847503662
559,2,187,1.152274489402771
560,2,188,1.1428817510604858
561,2,189,1.0779738426208496
562,2,190,1.27688467502594
563,2,191,1.2709342241287231
564,2,192,1.1599587202072144
565,2,193,1.1539762020111084
566,2,194,1.1603782176971436
567,2,195,1.1813349723815918
568,2,196,1.1994013786315918
569,2,197,1.6973179578781128
570,2,198,1.1793588399887085
571,2,199,1.0013655424118042
572,2,200,0.9877827763557434
573,2,201,1.2703522443771362
574,2,202,1.044075846672058
575,2,203,1.0826765298843384
576,2,204,1.0531933307647705
577,2,205,1.0679789781570435
578,2,206,1.2704375982284546
579,2,207,1.2064346075057983
580,2,208,1.18424391746521
581,2,209,1.113309383392334
582,2,210,1.1199015378952026
583,2,211,1.0575265884399414
584,2,212,1.021620512008667
585,2,213,1.0383331775665283
586,2,214,1.3079395294189453
587,2,215,1.107148289680481
588,2,216,1.0193746089935303
589,2,217,1.1090670824050903
590,2,218,1.286786437034607
591,2,219,1.1258445978164673
592,2,220,1.1244231462478638
593,2,221,1.0375492572784424
594,2,222,1.0554351806640625
595,2,223,1.0998704433441162
596,2,224,1.486457109451294
597,2,225,1.3394120931625366
598,2,226,1.1705735921859741
599,2,227,1.0933284759521484
600,2,228,1.1066008806228638
601,2,229,1.1005889177322388
602,2,230,1.1192907094955444
603,2,231,1.0684452056884766
604,2,232,1.0599310398101807
605,2,233,1.0515645742416382
606,2,234,1.3204662799835205
607,2,235,1.0998547077178955
608,2,236,1.1820932626724243
609,2,237,1.0630011558532715
610,2,238,0.9718459844589233
611,2,239,1.0175011157989502
612,2,240,1.2432100772857666
613,2,241,0.9878879189491272
614,2,242,1.0483404397964478
615,2,243,1.1227805614471436
616,2,244,1.0365383625030518
617,2,245,1.0662038326263428
618,2,246,1.09450364112854
619,2,247,1.0687187910079956
620,2,248,0.955427348613739
621,2,249,1.1797655820846558
622,2,250,1.0727061033248901
623,2,251,1.1534332036972046
624,2,252,1.0784894227981567
625,2,253,1.1999980211257935
626,2,254,1.129382848739624
627,2,255,1.0598583221435547
628,2,256,1.1676785945892334
629,2,257,1.0592097043991089
630,2,258,1.273078441619873
631,2,259,1.1652076244354248
632,2,260,1.6704648733139038
633,2,261,1.072268009185791
634,2,262,1.051650047302246
635,2,263,1.2271524667739868
636,2,264,1.1003634929656982
637,2,265,1.0215250253677368
638,2,266,1.1567692756652832
639,2,267,1.2333463430404663
640,2,268,1.1046109199523926
641,2,269,1.2280333042144775
642,2,270,1.7162339687347412
643,2,271,1.0750330686569214
644,2,272,1.3244802951812744
645,2,273,1.10170578956604
646,2,274,0.9552590847015381
647,2,275,1.1169004440307617
648,2,276,1.0963298082351685
649,2,277,1.1921007633209229
650,2,278,2.0479352474212646
651,2,279,1.1802444458007812
652,2,280,1.0977727174758911
653,2,281,1.1460493803024292
654,2,282,1.275577187538147
655,2,283,1.1688557863235474
656,2,284,1.0558372735977173
657,2,285,1.0077099800109863
658,2,286,1.074341893196106
659,2,287,1.0414081811904907
660,2,288,1.208322286605835
661,2,289,1.1804275512695312
662,2,290,1.0857019424438477
663,2,291,1.0711190700531006
664,2,292,1.025989055633545
665,2,293,1.0919663906097412
666,2,294,1.2969999313354492
667,2,295,1.2320047616958618
668,2,296,1.0760717391967773
669,2,297,0.9866222739219666
670,2,298,1.0084497928619385
671,2,299,1.0894336700439453
672,2,300,0.9108759164810181
673,2,301,1.208613395690918
674,2,302,1.104375958442688
675,2,303,1.0077425241470337
676,2,304,0.9576753377914429
677,2,305,1.3616323471069336
678,2,306,1.0759917497634888
679,2,307,1.1456892490386963
680,2,308,1.2539547681808472
681,2,309,1.2062573432922363
682,2,310,0.9126365780830383
683,2,311,1.1056371927261353
684,2,312,1.2116169929504395
685,2,313,1.322182059288025
686,2,314,0.9452304244041443
687,2,315,1.0787014961242676
688,2,316,1.1705800294876099
689,2,317,1.066880464553833
690,2,318,1.2327966690063477
691,2,319,0.9575955867767334
692,2,320,1.0320512056350708
693,2,321,1.4599149227142334
694,2,322,1.0948858261108398
695,2,323,1.303152322769165
696,2,324,1.155773639678955
697,2,325,0.9798946380615234
698,2,326,1.2032917737960815
699,2,327,0.9941020607948303
700,2,328,1.4626377820968628
701,2,329,1.228561520576477
702,2,330,1.301132082939148
703,2,331,1.0092264413833618
704,2,332,1.1535824537277222
705,2,333,1.2195597887039185
706,2,334,1.1207454204559326
707,2,335,1.056127905845642
708,2,336,1.0989227294921875
709,2,337,1.1353238821029663
710,2,338,1.4799904823303223
711,2,339,1.0475577116012573
712,2,340,1.1163618564605713
713,2,341,2.0928444862365723
714,2,342,0.9531973004341125
715,2,343,0.938169538974762
716,2,344,1.0392484664916992
717,2,345,1.1129708290100098
718,2,346,1.0395992994308472
719,2,347,1.0047612190246582
720,2,348,1.0064318180084229
721,2,349,1.2547796964645386
722,2,350,1.003165364265442
723,2,351,1.252938151359558
724,2,352,0.8248267769813538
725,2,353,1.0847580432891846
726,2,354,1.1138944625854492
727,2,355,1.1118642091751099
728,2,356,1.127936840057373
729,2,357,1.0674817562103271
730,2,358,1.0155537128448486
731,2,359,1.1820740699768066
732,2,360,0.9609684348106384
733,2,361,1.110587477684021
734,2,362,1.043164610862732
735,2,363,0.9491752982139587
736,2,364,1.5767244100570679
737,2,365,0.9984482526779175
738,2,366,1.5906434059143066
739,2,367,1.0024018287658691
740,2,368,1.1319081783294678
741,2,369,1.0369004011154175
742,2,370,0.8669425249099731
743,2,371,1.045877456665039
744,2,372,1.07470703125
745,3,1,0.9988449215888977
746,3,2,1.1232774257659912
747,3,3,1.0785486698150635
748,3,4,0.9022277593612671
749,3,5,1.1624218225479126
750,3,6,0.9425070285797119
751,3,7,1.053916335105896
752,3,8,1.0206925868988037
753,3,9,1.1575300693511963
754,3,10,1.0785272121429443
755,3,11,0.9890680313110352
756,3,12,1.5048608779907227
757,3,13,0.9635700583457947
758,3,14,1.139113187789917
759,3,15,1.0494346618652344
760,3,16,1.001724123954773
761,3,17,1.0263444185256958
762,3,18,0.8753209710121155
763,3,19,0.9688371419906616
764,3,20,0.8737473487854004
765,3,21,1.0127761363983154
766,3,22,1.0898240804672241
767,3,23,0.9721832275390625
768,3,24,0.9086880087852478
769,3,25,0.8587338924407959
770,3,26,1.0086067914962769
771,3,27,1.5094623565673828
772,3,28,1.1389323472976685
773,3,29,0.9660803079605103
774,3,30,0.9458277821540833
775,3,31,1.0653523206710815
776,3,32,0.8936826586723328
777,3,33,0.8765446543693542
778,3,34,1.112368106842041
779,3,35,0.9401678442955017
780,3,36,1.0768301486968994
781,3,37,0.8407183289527893
782,3,38,0.9623433947563171
783,3,39,0.843891978263855
784,3,40,1.7121477127075195
785,3,41,0.9850608706474304
786,3,42,0.9003523588180542
787,3,43,1.0877817869186401
788,3,44,0.9949275255203247
789,3,45,0.974878191947937
790,3,46,0.9334719181060791
791,3,47,1.0297061204910278
792,3,48,0.8617327213287354
793,3,49,0.983675479888916
794,3,50,0.9507501721382141
795,3,51,0.9014642238616943
796,3,52,1.004198670387268
797,3,53,1.0094316005706787
798,3,54,0.9552019238471985
799,3,55,1.2545316219329834
800,3,56,0.8275191187858582
801,3,57,0.8540105819702148
802,3,58,0.8356320858001709
803,3,59,0.9226418137550354
804,3,60,0.9938517212867737
805,3,61,0.9037895798683167
806,3,62,0.9569545984268188
807,3,63,0.9579793214797974
808,3,64,0.8896068334579468
809,3,65,1.8714818954467773
810,3,66,0.9501233696937561
811,3,67,1.097913146018982
812,3,68,0.9899486303329468
813,3,69,0.9276766777038574
814,3,70,0.8698834776878357
815,3,71,1.0659546852111816
816,3,72,0.9277905821800232
817,3,73,0.9717211127281189
818,3,74,0.9658078551292419
819,3,75,0.8747097253799438
820,3,76,0.8559479117393494
821,3,77,1.0312877893447876
822,3,78,0.7592219710350037
823,3,79,0.9273226857185364
824,3,80,0.8411313891410828
825,3,81,0.92038893699646
826,3,82,0.8105018138885498
827,3,83,1.015989065170288
828,3,84,0.8328851461410522
829,3,85,0.9281407594680786
830,3,86,0.9640068411827087
831,3,87,0.8276380896568298
832,3,88,0.9839034676551819
833,3,89,0.7945805191993713
834,3,90,0.9214655160903931
835,3,91,0.7871087193489075
836,3,92,0.893301248550415
837,3,93,1.0106725692749023
838,3,94,1.214613676071167
839,3,95,0.9695479273796082
840,3,96,0.9206333756446838
841,3,97,1.153093695640564
842,3,98,0.8325710892677307
843,3,99,0.8961893916130066
844,3,100,0.9072511196136475
845,3,101,0.8147566318511963
846,3,102,0.8453168869018555
847,3,103,0.8865941762924194
848,3,104,0.8643999695777893
849,3,105,0.8344127535820007
850,3,106,0.9008159041404724
851,3,107,0.8356290459632874
852,3,108,0.8094282746315002
853,3,109,0.8708536028862
854,3,110,0.9004900455474854
855,3,111,0.9908263087272644
856,3,112,0.9455890655517578
857,3,113,1.0118253231048584
858,3,114,0.7878618836402893
859,3,115,1.2141236066818237
860,3,116,0.8461428284645081
861,3,117,0.8443610072135925
862,3,118,0.8637257814407349
863,3,119,0.9389204978942871
864,3,120,0.8551039099693298
865,3,121,0.7743408679962158
866,3,122,0.8648313879966736
867,3,123,1.0201258659362793
868,3,124,0.8577901124954224
869,3,125,0.8570776581764221
870,3,126,1.0422875881195068
871,3,127,0.7873010039329529
872,3,128,1.0131340026855469
873,3,129,1.1348576545715332
874,3,130,0.8739879727363586
875,3,131,0.8805709481239319
876,3,132,0.8742287158966064
877,3,133,0.9013033509254456
878,3,134,0.9090622663497925
879,3,135,0.8595605492591858
880,3,136,0.8975299596786499
881,3,137,0.8543601036071777
882,3,138,0.9903097748756409
883,3,139,0.9074255228042603
884,3,140,1.3958420753479004
885,3,141,0.8605136871337891
886,3,142,0.817006528377533
887,3,143,1.3532006740570068
888,3,144,0.9574605226516724
889,3,145,0.817115843296051
890,3,146,0.8123575448989868
891,3,147,0.719081461429596
892,3,148,0.8148434162139893
893,3,149,0.8919456601142883
894,3,150,0.7396697998046875
895,3,151,1.0128118991851807
896,3,152,1.0016752481460571
897,3,153,0.8156582117080688
898,3,154,0.9111964106559753
899,3,155,0.7748174071311951
900,3,156,0.7661480903625488
901,3,157,1.31935715675354
902,3,158,0.8037424683570862
903,3,159,0.9544640183448792
904,3,160,0.8088167309761047
905,3,161,0.9126364588737488
906,3,162,0.7355106472969055
907,3,163,0.8423795104026794
908,3,164,0.8746508955955505
909,3,165,0.9276297688484192
910,3,166,0.8907195925712585
911,3,167,0.7340520620346069
912,3,168,0.8292307257652283
913,3,169,0.8033799529075623
914,3,170,1.0101826190948486
915,3,171,0.8818296790122986
916,3,172,0.8159584403038025
917,3,173,0.9315666556358337
918,3,174,0.8780020475387573
919,3,175,1.2270314693450928
920,3,176,0.8586195707321167
921,3,177,0.8893352746963501
922,3,178,0.8578832149505615
923,3,179,0.9465158581733704
924,3,180,0.9322612285614014
925,3,181,0.8717719912528992
926,3,182,0.8005238175392151
927,3,183,0.8799188733100891
928,3,184,0.7956140041351318
929,3,185,0.8853610754013062
930,3,186,0.7335598468780518
931,3,187,0.6887998580932617
932,3,188,1.1583389043807983
933,3,189,0.8906749486923218
934,3,190,0.7002666592597961
935,3,191,0.8150231242179871
936,3,192,0.969499409198761
937,3,193,0.8004661202430725
938,3,194,0.8551624417304993
939,3,195,0.8810051679611206
940,3,196,0.8622682094573975
941,3,197,0.7838854193687439
942,3,198,0.7244675159454346
943,3,199,0.9739779233932495
944,3,200,0.9835435152053833
945,3,201,0.7670890688896179
946,3,202,0.7762255668640137
947,3,203,0.783961832523346
948,3,204,0.7737092971801758
949,3,205,0.9057860970497131
950,3,206,0.7241178154945374
951,3,207,0.8271834850311279
952,3,208,0.9840977787971497
953,3,209,0.809864342212677
954,3,210,0.7655879259109497
955,3,211,1.471449851989746
956,3,212,0.8046071529388428
957,3,213,0.8425091505050659
958,3,214,0.856784462928772
959,3,215,0.8983063101768494
960,3,216,0.866702675819397
961,3,217,0.729753851890564
962,3,218,0.9400196671485901
963,3,219,0.8016644716262817
964,3,220,0.8635122776031494
965,3,221,1.1651417016983032
966,3,222,0.8594933152198792
967,3,223,0.7979524731636047
968,3,224,0.7434994578361511
969,3,225,0.7798266410827637
970,3,226,0.8245453834533691
971,3,227,0.8021634221076965
972,3,228,1.1807117462158203
973,3,229,0.8546345233917236
974,3,230,0.80775386095047
975,3,231,0.8588284254074097
976,3,232,0.8148216605186462
977,3,233,0.7037860155105591
978,3,234,0.9304786920547485
979,3,235,0.9495159983634949
980,3,236,0.7625545859336853
981,3,237,0.6986097693443298
982,3,238,0.6765637397766113
983,3,239,0.8557323217391968
984,3,240,0.7411664724349976
985,3,241,0.70624840259552
986,3,242,0.8271985054016113
987,3,243,0.926846444606781
988,3,244,0.8276278376579285
989,3,245,0.7450504899024963
990,3,246,0.8399688005447388
991,3,247,1.0335716009140015
992,3,248,0.8712706565856934
993,3,249,0.75804603099823
994,3,250,1.088274598121643
995,3,251,0.8661071062088013
996,3,252,0.7084556221961975
997,3,253,0.8238958716392517
998,3,254,0.7759743928909302
999,3,255,0.9342248439788818
1000,3,256,0.8541834950447083
1001,3,257,0.9850698113441467
1002,3,258,0.8269378542900085
1003,3,259,0.7747200727462769
1004,3,260,0.7280171513557434
1005,3,261,1.5679913759231567
1006,3,262,0.7138925790786743
1007,3,263,0.830296516418457
1008,3,264,0.8517911434173584
1009,3,265,0.8692725300788879
1010,3,266,0.9583950042724609
1011,3,267,0.9452697038650513
1012,3,268,0.7644131183624268
1013,3,269,0.8039093613624573
1014,3,270,0.8003361821174622
1015,3,271,0.8945695161819458
1016,3,272,0.7701294422149658
1017,3,273,0.7677180171012878
1018,3,274,0.702528178691864
1019,3,275,0.7571694254875183
1020,3,276,0.7697997093200684
1021,3,277,0.7720686197280884
1022,3,278,0.7474505305290222
1023,3,279,0.792510986328125
1024,3,280,0.7191977500915527
1025,3,281,0.8590900897979736
1026,3,282,0.8964564204216003
1027,3,283,1.2704863548278809
1028,3,284,0.7148235440254211
1029,3,285,0.7408604621887207
1030,3,286,0.7614504098892212
1031,3,287,0.8337536454200745
1032,3,288,0.8812953233718872
1033,3,289,1.2160385847091675
1034,3,290,0.8320474028587341
1035,3,291,0.8025641441345215
1036,3,292,0.6651685237884521
1037,3,293,1.0180715322494507
1038,3,294,0.7655745148658752
1039,3,295,0.7847863435745239
1040,3,296,0.7335031032562256
1041,3,297,0.7805642485618591
1042,3,298,0.770560622215271
1043,3,299,1.048448085784912
1044,3,300,0.943711519241333
1045,3,301,0.8687505722045898
1046,3,302,0.8186110258102417
1047,3,303,0.7554205060005188
1048,3,304,0.8768877983093262
1049,3,305,1.0972213745117188
1050,3,306,0.7685076594352722
1051,3,307,0.9223926663398743
1052,3,308,0.7869406342506409
1053,3,309,0.7236820459365845
1054,3,310,0.7088780403137207
1055,3,311,0.9295355677604675
1056,3,312,0.7159302830696106
1057,3,313,0.786894679069519
1058,3,314,0.7282862663269043
1059,3,315,0.8887372016906738
1060,3,316,0.7555606365203857
1061,3,317,1.581352949142456
1062,3,318,0.7530589699745178
1063,3,319,0.8852211833000183
1064,3,320,0.772483229637146
1065,3,321,0.9630587100982666
1066,3,322,0.9593210816383362
1067,3,323,0.6911873817443848
1068,3,324,0.7051344513893127
1069,3,325,0.791553795337677
1070,3,326,0.7264432311058044
1071,3,327,0.7166046500205994
1072,3,328,0.8024479746818542
1073,3,329,1.0464247465133667
1074,3,330,0.9197831749916077
1075,3,331,0.7699567675590515
1076,3,332,0.8690496683120728
1077,3,333,0.9116238951683044
1078,3,334,0.7233512997627258
1079,3,335,0.6799809336662292
1080,3,336,0.7374728322029114
1081,3,337,0.9379608035087585
1082,3,338,0.714047372341156
1083,3,339,0.7792452573776245
1084,3,340,0.8343087434768677
1085,3,341,0.6589612364768982
1086,3,342,0.762816846370697
1087,3,343,0.7987240552902222
1088,3,344,0.7690890431404114
1089,3,345,0.8642975091934204
1090,3,346,0.7631723284721375
1091,3,347,0.8264247179031372
1092,3,348,0.8324775099754333
1093,3,349,0.7409515976905823
1094,3,350,0.8764844536781311
1095,3,351,0.7128287553787231
1096,3,352,0.7199370861053467
1097,3,353,0.7228595614433289
1098,3,354,0.8214563131332397
1099,3,355,0.7562333941459656
1100,3,356,0.6798332333564758
1101,3,357,0.7375515103340149
1102,3,358,0.7096971869468689
1103,3,359,0.7541499137878418
1104,3,360,0.8862230181694031
1105,3,361,0.8649293184280396
1106,3,362,0.6989317536354065
1107,3,363,0.7394512295722961
1108,3,364,0.6657192707061768
1109,3,365,0.680193305015564
1110,3,366,0.7789642214775085
1111,3,367,0.7342913746833801
1112,3,368,0.6412113308906555
1113,3,369,0.8024100065231323
1114,3,370,0.9258250594139099
1115,3,371,0.779102623462677
1116,3,372,0.7388690710067749
1117,4,1,0.6970648169517517
1118,4,2,0.6527759432792664
1119,4,3,0.6763252019882202
1120,4,4,0.6972334980964661
1121,4,5,0.6976308822631836
1122,4,6,0.651838481426239
1123,4,7,0.7565100789070129
1124,4,8,0.6085498929023743
1125,4,9,0.989546537399292
1126,4,10,0.711901843547821
1127,4,11,0.696125864982605
1128,4,12,0.8622329235076904
1129,4,13,0.8032800555229187
1130,4,14,0.7059386968612671
1131,4,15,0.728442907333374
1132,4,16,0.6518152952194214
1133,4,17,1.2223939895629883
1134,4,18,0.6932036280632019
1135,4,19,0.6904135346412659
1136,4,20,1.0377354621887207
1137,4,21,0.6392577886581421
1138,4,22,0.666796863079071
1139,4,23,0.683534562587738
1140,4,24,0.6900844573974609
1141,4,25,0.6367635726928711
1142,4,26,1.1006782054901123
1143,4,27,0.6267613172531128
1144,4,28,0.681333065032959
1145,4,29,0.6727060079574585
1146,4,30,0.8184120059013367
1147,4,31,1.5646171569824219
1148,4,32,0.8960394859313965
1149,4,33,0.6979276537895203
1150,4,34,0.723691463470459
1151,4,35,0.6110122799873352
1152,4,36,0.7717063426971436
1153,4,37,0.6454830765724182
1154,4,38,0.7675339579582214
1155,4,39,0.6863216757774353
1156,4,40,0.6777836084365845
1157,4,41,0.6519184708595276
1158,4,42,0.6972728371620178
1159,4,43,0.7711716294288635
1160,4,44,0.7390236854553223
1161,4,45,0.6812658905982971
1162,4,46,0.6821237802505493
1163,4,47,0.7339177131652832
1164,4,48,0.7102406024932861
1165,4,49,0.6106494069099426
1166,4,50,0.7166215181350708
1167,4,51,0.7587296962738037
1168,4,52,0.7587726712226868
1169,4,53,0.6266933083534241
1170,4,54,0.6747596859931946
1171,4,55,0.7816187739372253
1172,4,56,0.5822250843048096
1173,4,57,0.7555612921714783
1174,4,58,0.680441677570343
1175,4,59,0.6628466844558716
1176,4,60,0.7062248587608337
1177,4,61,0.6229875683784485
1178,4,62,0.6807094812393188
1179,4,63,0.8114622831344604
1180,4,64,0.8405598998069763
1181,4,65,0.5902999639511108
1182,4,66,0.6987079381942749
1183,4,67,0.9722660183906555
1184,4,68,0.8000037670135498
1185,4,69,0.7012184858322144
1186,4,70,0.6505876183509827
1187,4,71,0.74333655834198
1188,4,72,0.698415219783783
1189,4,73,0.6714490652084351
1190,4,74,0.8009974360466003
1191,4,75,0.851081907749176
1192,4,76,0.752844512462616
1193,4,77,0.7543672919273376
1194,4,78,0.7335078120231628
1195,4,79,0.7139071226119995
1196,4,80,0.6921966075897217
1197,4,81,0.8465956449508667
1198,4,82,0.7000751495361328
1199,4,83,0.6160861253738403
1200,4,84,0.8434883952140808
1201,4,85,0.7573961615562439
1202,4,86,0.6560010313987732
1203,4,87,0.6925417184829712
1204,4,88,0.7500342726707458
1205,4,89,0.6295427680015564
1206,4,90,0.7639623880386353
1207,4,91,0.9925804138183594
1208,4,92,0.7204932570457458
1209,4,93,0.6359171867370605
1210,4,94,0.8536089062690735
1211,4,95,0.6809821724891663
1212,4,96,0.693437933921814
1213,4,97,0.7797723412513733
1214,4,98,0.6616549491882324
1215,4,99,0.7951830625534058
1216,4,100,0.6249895095825195
1217,4,101,0.730482280254364
1218,4,102,0.7818031311035156
1219,4,103,0.6297149062156677
1220,4,104,1.3265517950057983
1221,4,105,0.6849038004875183
1222,4,106,0.7182353734970093
1223,4,107,0.7090960741043091
1224,4,108,0.7317951917648315
1225,4,109,0.5923275947570801
1226,4,110,0.7223162651062012
1227,4,111,0.7489613890647888
1228,4,112,0.6820861101150513
1229,4,113,0.644219696521759
1230,4,114,0.693110466003418
1231,4,115,0.7372807860374451
1232,4,116,0.6753554344177246
1233,4,117,0.699013352394104
1234,4,118,0.6323599219322205
1235,4,119,0.6650986671447754
1236,4,120,0.731619119644165
1237,4,121,0.5926375389099121
1238,4,122,0.7173312902450562
1239,4,123,0.5966489911079407
1240,4,124,0.7645688652992249
1241,4,125,0.5860050320625305
1242,4,126,0.6688506603240967
1243,4,127,0.6774777173995972
1244,4,128,0.672244131565094
1245,4,129,0.8888624906539917
1246,4,130,0.737465500831604
1247,4,131,0.6566467881202698
1248,4,132,0.6627933382987976
1249,4,133,0.6308357119560242
1250,4,134,0.5972262620925903
1251,4,135,0.7246584892272949
1252,4,136,0.5894119143486023
1253,4,137,0.6601845026016235
1254,4,138,0.8041390776634216
1255,4,139,0.5745222568511963
1256,4,140,0.5755175948143005
1257,4,141,0.5752779841423035
1258,4,142,0.6655384302139282
1259,4,143,0.6613636612892151
1260,4,144,0.5976998805999756
1261,4,145,0.6937493681907654
1262,4,146,0.7132958173751831
1263,4,147,0.6093838810920715
1264,4,148,0.6775497794151306
1265,4,149,0.6513276696205139
1266,4,150,0.7091944813728333
1267,4,151,0.7216639518737793
1268,4,152,0.7499834895133972
1269,4,153,0.7275682687759399
1270,4,154,0.603188693523407
1271,4,155,0.704094409942627
1272,4,156,0.633749783039093
1273,4,157,0.6258819699287415
1274,4,158,0.5976707935333252
1275,4,159,0.6867913007736206
1276,4,160,0.8023273348808289
1277,4,161,0.5871660113334656
1278,4,162,0.5684502720832825
1279,4,163,0.7478643655776978
1280,4,164,0.7322776317596436
1281,4,165,0.559812068939209
1282,4,166,0.6687206029891968
1283,4,167,0.6360694766044617
1284,4,168,0.5632666945457458
1285,4,169,0.5584201216697693
1286,4,170,0.6578258275985718
1287,4,171,0.637431800365448
1288,4,172,0.5758004188537598
1289,4,173,0.5954082012176514
1290,4,174,1.7412933111190796
1291,4,175,0.6466338634490967
1292,4,176,0.7037664651870728
1293,4,177,1.2394541501998901
1294,4,178,0.8274476528167725
1295,4,179,0.8862531781196594
1296,4,180,0.5629934668540955
1297,4,181,0.6733098030090332
1298,4,182,0.5907735824584961
1299,4,183,0.6145917773246765
1300,4,184,0.6385458111763
1301,4,185,0.6228573322296143
1302,4,186,0.8706441521644592
1303,4,187,0.47612130641937256
1304,4,188,0.5873149633407593
1305,4,189,0.6095984578132629
1306,4,190,0.5908312797546387
1307,4,191,0.6086357831954956
1308,4,192,0.6194605827331543
1309,4,193,0.6422261595726013
1310,4,194,0.5458964109420776
1311,4,195,0.8622686266899109
1312,4,196,0.6903514862060547
1313,4,197,0.5981864929199219
1314,4,198,0.7149657011032104
1315,4,199,0.610092043876648
1316,4,200,0.6416769623756409
1317,4,201,0.6790470480918884
1318,4,202,0.5495343804359436
1319,4,203,0.6328498721122742
1320,4,204,0.5888585448265076
1321,4,205,0.6223207712173462
1322,4,206,0.5682732462882996
1323,4,207,0.6155439615249634
1324,4,208,0.6066026091575623
1325,4,209,0.6423854231834412
1326,4,210,1.187308430671692
1327,4,211,0.7451332211494446
1328,4,212,0.5723642110824585
1329,4,213,0.5692034959793091
1330,4,214,0.7019481062889099
1331,4,215,0.5768019556999207
1332,4,216,0.6518281102180481
1333,4,217,0.6489884257316589
1334,4,218,0.6582716107368469
1335,4,219,0.7007452249526978
1336,4,220,0.609163761138916
1337,4,221,0.6864761114120483
1338,4,222,0.7193028330802917
1339,4,223,1.4638011455535889
1340,4,224,0.7447047829627991
1341,4,225,0.6716885566711426
1342,4,226,0.6086969971656799
1343,4,227,0.5190141797065735
1344,4,228,0.6537508368492126
1345,4,229,0.546640157699585
1346,4,230,0.6954865455627441
1347,4,231,0.5721719861030579
1348,4,232,0.6599399447441101
1349,4,233,0.5680314302444458
1350,4,234,0.6181366443634033
1351,4,235,0.5734375715255737
1352,4,236,0.8818445801734924
1353,4,237,0.6534087657928467
1354,4,238,0.5407754182815552
1355,4,239,0.5876598954200745
1356,4,240,0.5831451416015625
1357,4,241,0.7160870432853699
1358,4,242,0.5764696002006531
1359,4,243,0.5860527753829956
1360,4,244,0.6299232840538025
1361,4,245,0.6265406608581543
1362,4,246,0.573562502861023
1363,4,247,0.6922785639762878
1364,4,248,0.7588869333267212
1365,4,249,0.594886302947998
1366,4,250,0.7407234907150269
1367,4,251,0.5426374673843384
1368,4,252,0.5840802788734436
1369,4,253,0.6024680733680725
1370,4,254,0.6272403001785278
1371,4,255,1.3465839624404907
1372,4,256,0.5512208938598633
1373,4,257,0.5639818906784058
1374,4,258,0.6356278657913208
1375,4,259,0.548253059387207
1376,4,260,0.6664186120033264
1377,4,261,0.6024575233459473
1378,4,262,0.5771202445030212
1379,4,263,0.7020032405853271
1380,4,264,0.5431332588195801
1381,4,265,0.7430201172828674
1382,4,266,0.8997392058372498
1383,4,267,0.6599425077438354
1384,4,268,0.5082187652587891
1385,4,269,0.5442595481872559
1386,4,270,0.5901769399642944
1387,4,271,0.7510623931884766
1388,4,272,0.6530453562736511
1389,4,273,0.7254313230514526
1390,4,274,0.718546986579895
1391,4,275,0.6786001324653625
1392,4,276,0.628416121006012
1393,4,277,0.6033955812454224
1394,4,278,0.5306382179260254
1395,4,279,0.8400527238845825
1396,4,280,0.5114472508430481
1397,4,281,0.6179448366165161
1398,4,282,0.5820192694664001
1399,4,283,0.6207769513130188
1400,4,284,0.565054714679718
1401,4,285,0.5258449912071228
1402,4,286,0.7816711068153381
1403,4,287,0.8056393265724182
1404,4,288,0.6437339782714844
1405,4,289,0.6841238737106323
1406,4,290,0.608586847782135
1407,4,291,0.5276256799697876
1408,4,292,0.7283092737197876
1409,4,293,0.5911063551902771
1410,4,294,0.5718314051628113
1411,4,295,0.536431074142456
1412,4,296,0.9148775339126587
1413,4,297,0.6359385848045349
1414,4,298,0.6140164136886597
1415,4,299,0.7299763560295105
1416,4,300,0.809207022190094
1417,4,301,0.5784017443656921
1418,4,302,0.5637494325637817
1419,4,303,0.6110953092575073
1420,4,304,1.1955623626708984
1421,4,305,0.6497392058372498
1422,4,306,0.6220635771751404
1423,4,307,0.5996977686882019
1424,4,308,0.5820001363754272
1425,4,309,0.5096752643585205
1426,4,310,0.6645243167877197
1427,4,311,0.6296602487564087
1428,4,312,0.5486868023872375
1429,4,313,0.5563807487487793
1430,4,314,0.5723088979721069
1431,4,315,0.5522662997245789
1432,4,316,0.6324121952056885
1433,4,317,0.5472708344459534
1434,4,318,0.6090449690818787
1435,4,319,0.6035541296005249
1436,4,320,0.5801608562469482
1437,4,321,0.6619676351547241
1438,4,322,0.564058244228363
1439,4,323,0.7451894283294678
1440,4,324,0.6025586128234863
1441,4,325,1.3879247903823853
1442,4,326,0.953311562538147
1443,4,327,0.5600079298019409
1444,4,328,1.8739371299743652
1445,4,329,0.659044086933136
1446,4,330,0.5918856263160706
1447,4,331,0.9827184081077576
1448,4,332,0.5929135680198669
1449,4,333,0.543445885181427
1450,4,334,0.5242161750793457
1451,4,335,0.7056350708007812
1452,4,336,0.6303787231445312
1453,4,337,0.7384036779403687
1454,4,338,0.6467284560203552
1455,4,339,0.6237792372703552
1456,4,340,0.5922632217407227
1457,4,341,0.625358521938324
1458,4,342,0.5887495279312134
1459,4,343,0.5635700225830078
1460,4,344,0.7026315331459045
1461,4,345,0.6363950967788696
1462,4,346,0.5204227566719055
1463,4,347,0.5250906944274902
1464,4,348,0.5457543730735779
1465,4,349,0.5135200023651123
1466,4,350,0.5578455328941345
1467,4,351,0.6659528613090515
1468,4,352,0.5897136330604553
1469,4,353,0.5652376413345337
1470,4,354,0.5644060969352722
1471,4,355,0.5675852298736572
1472,4,356,0.545167088508606
1473,4,357,0.6519993543624878
1474,4,358,0.6211972832679749
1475,4,359,0.6497637629508972
1476,4,360,0.8230682611465454
1477,4,361,0.7055694460868835
1478,4,362,0.561410129070282
1479,4,363,0.9665424227714539
1480,4,364,0.4784388542175293
1481,4,365,0.5253728032112122
1482,4,366,0.5505439043045044
1483,4,367,0.51121985912323
1484,4,368,0.5461159944534302
1485,4,369,0.5137979984283447
1486,4,370,0.5859705209732056
1487,4,371,0.6083234548568726
1488,4,372,0.6051037311553955
1489,5,1,0.4987494647502899
1490,5,2,0.5121002793312073
1491,5,3,0.5373398065567017
1492,5,4,0.4701319634914398
1493,5,5,0.5955518484115601
1494,5,6,0.5998331904411316
1495,5,7,0.4560464918613434
1496,5,8,0.6376921534538269
1497,5,9,0.5234791040420532
1498,5,10,0.5749232769012451
1499,5,11,0.504723846912384
1500,5,12,0.7524516582489014
1501,5,13,0.5568690896034241
1502,5,14,0.5395578145980835
1503,5,15,0.6004481911659241
1504,5,16,0.544340968132019
1505,5,17,0.6104394793510437
1506,5,18,0.4770958721637726
1507,5,19,0.5327647924423218
1508,5,20,0.6141268610954285
1509,5,21,0.5198951959609985
1510,5,22,0.5459680557250977
1511,5,23,0.4584372937679291
1512,5,24,0.7698390483856201
1513,5,25,0.6204681396484375
1514,5,26,0.49008604884147644
1515,5,27,0.7403548955917358
1516,5,28,0.6617987155914307
1517,5,29,0.5117166638374329
1518,5,30,0.5640345811843872
1519,5,31,0.5544636249542236
1520,5,32,0.5917986631393433
1521,5,33,1.7961698770523071
1522,5,34,0.5235219597816467
1523,5,35,0.5305711030960083
1524,5,36,0.5541519522666931
1525,5,37,0.5421035885810852
1526,5,38,0.5125311017036438
1527,5,39,0.5312982797622681
1528,5,40,0.5270781517028809
1529,5,41,0.5923511981964111
1530,5,42,0.6503331661224365
1531,5,43,0.5047109723091125
1532,5,44,0.5242078304290771
1533,5,45,0.44786345958709717
1534,5,46,0.5676889419555664
1535,5,47,0.7020718455314636
1536,5,48,0.5347736477851868
1537,5,49,0.5965319871902466
1538,5,50,0.6293970942497253
1539,5,51,0.7025694847106934
1540,5,52,0.5260125994682312
1541,5,53,0.5909382104873657
1542,5,54,0.5576769709587097
1543,5,55,0.4911326766014099
1544,5,56,0.4430219233036041
1545,5,57,0.8887076377868652
1546,5,58,0.4701603353023529
1547,5,59,1.34867525100708
1548,5,60,0.6106690764427185
1549,5,61,0.5143354535102844
1550,5,62,1.0580512285232544
1551,5,63,0.56999671459198
1552,5,64,0.6850342750549316
1553,5,65,0.6106377840042114
1554,5,66,0.6254035830497742
1555,5,67,0.41826027631759644
1556,5,68,0.5629615187644958
1557,5,69,0.6055150628089905
1558,5,70,0.5225765109062195
1559,5,71,0.5156493186950684
1560,5,72,0.4464486837387085
1561,5,73,0.5855473875999451
1562,5,74,0.49784544110298157
1563,5,75,0.5147636532783508
1564,5,76,0.5183804631233215
1565,5,77,0.5881754755973816
1566,5,78,0.5731254816055298
1567,5,79,0.4903205931186676
1568,5,80,0.4976648986339569
1569,5,81,1.188552737236023
1570,5,82,0.5273356437683105
1571,5,83,0.5411401987075806
1572,5,84,0.4953194856643677
1573,5,85,1.2693450450897217
1574,5,86,0.6885207891464233
1575,5,87,0.5719606876373291
1576,5,88,0.6903745532035828
1577,5,89,0.543712317943573
1578,5,90,0.5508666038513184
1579,5,91,0.4869310259819031
1580,5,92,1.355353832244873
1581,5,93,0.5440378189086914
1582,5,94,0.5620519518852234
1583,5,95,0.6205922961235046
1584,5,96,0.5341031551361084
1585,5,97,0.5514405965805054
1586,5,98,0.5248490571975708
1587,5,99,0.5144527554512024
1588,5,100,0.5955783128738403
1589,5,101,0.5294400453567505
1590,5,102,0.5217355489730835
1591,5,103,0.49086064100265503
1592,5,104,0.551027238368988
1593,5,105,0.47450074553489685
1594,5,106,0.5005822777748108
1595,5,107,0.5442992448806763
1596,5,108,0.5118855834007263
1597,5,109,0.5041759014129639
1598,5,110,0.47900527715682983
1599,5,111,0.5335435271263123
1600,5,112,0.5160782337188721
1601,5,113,0.5066524744033813
1602,5,114,0.5509567260742188
1603,5,115,0.4348802864551544
1604,5,116,0.6618889570236206
1605,5,117,0.5035377144813538
1606,5,118,0.6438665390014648
1607,5,119,0.44751548767089844
1608,5,120,0.45134660601615906
1609,5,121,0.5698432922363281
1610,5,122,0.44460293650627136
1611,5,123,0.4608153700828552
1612,5,124,0.6973026394844055
1613,5,125,0.5240034461021423
1614,5,126,0.5566726922988892
1615,5,127,0.6275286078453064
1616,5,128,0.48417192697525024
1617,5,129,0.47574183344841003
1618,5,130,0.5143041610717773
1619,5,131,0.5329751372337341
1620,5,132,0.41390934586524963
1621,5,133,0.4735070765018463
1622,5,134,0.4642277956008911
1623,5,135,0.5859726071357727
1624,5,136,0.5815680027008057
1625,5,137,0.5692240595817566
1626,5,138,0.45278874039649963
1627,5,139,0.40059345960617065
1628,5,140,0.6438160538673401
1629,5,141,0.4546710252761841
1630,5,142,0.5040273666381836
1631,5,143,0.5155205726623535
1632,5,144,0.6625569462776184
1633,5,145,0.505268931388855
1634,5,146,0.514138400554657
1635,5,147,0.48411792516708374
1636,5,148,0.5509214997291565
1637,5,149,0.5397565960884094
1638,5,150,0.48974093794822693
1639,5,151,0.4250026345252991
1640,5,152,0.4512600898742676
1641,5,153,0.5918247103691101
1642,5,154,0.49850884079933167
1643,5,155,0.8067276477813721
1644,5,156,0.7997673749923706
1645,5,157,0.4401509463787079
1646,5,158,0.5161809325218201
1647,5,159,0.7690111398696899
1648,5,160,0.5256792902946472
1649,5,161,0.44863972067832947
1650,5,162,0.5026705265045166
1651,5,163,0.46588361263275146
1652,5,164,0.6411208510398865
1653,5,165,0.4555935859680176
1654,5,166,0.49666041135787964
1655,5,167,0.47386986017227173
1656,5,168,0.42004406452178955
1657,5,169,0.5375075936317444
1658,5,170,1.3164786100387573
1659,5,171,0.4963264763355255
1660,5,172,0.4975002706050873
1661,5,173,0.6821780800819397
1662,5,174,0.4332606792449951
1663,5,175,0.45451489090919495
1664,5,176,0.6226005554199219
1665,5,177,0.5474070310592651
1666,5,178,0.47881564497947693
1667,5,179,0.44933897256851196
1668,5,180,0.5109701752662659
1669,5,181,0.5919011235237122
1670,5,182,0.47645676136016846
1671,5,183,0.629127025604248
1672,5,184,0.48361706733703613
1673,5,185,0.45191845297813416
1674,5,186,0.47001391649246216
1675,5,187,0.514745831489563
1676,5,188,0.6063271164894104
1677,5,189,0.4602435231208801
1678,5,190,0.44855841994285583
1679,5,191,0.45238882303237915
1680,5,192,0.4989217519760132
1681,5,193,0.486154705286026
1682,5,194,0.47083497047424316
1683,5,195,0.4160827696323395
1684,5,196,0.5089447498321533
1685,5,197,0.6456493139266968
1686,5,198,0.4212689697742462
1687,5,199,0.44542279839515686
1688,5,200,0.5268201231956482
1689,5,201,0.5468859076499939
1690,5,202,0.4815785884857178
1691,5,203,1.3472750186920166
1692,5,204,0.5934719443321228
1693,5,205,0.48568323254585266
1694,5,206,0.5097289681434631
1695,5,207,0.48314809799194336
1696,5,208,0.4891512989997864
1697,5,209,0.4620293378829956
1698,5,210,0.4099108874797821
1699,5,211,0.5424349308013916
1700,5,212,0.5962896347045898
1701,5,213,0.5097625255584717
1702,5,214,0.44244930148124695
1703,5,215,0.4437353312969208
1704,5,216,0.5222792625427246
1705,5,217,0.4679795205593109
1706,5,218,0.5741819143295288
1707,5,219,0.5209331512451172
1708,5,220,0.5712606310844421
1709,5,221,0.4819299876689911
1710,5,222,0.4791809916496277
1711,5,223,0.6222438216209412
1712,5,224,0.48675960302352905
1713,5,225,0.4060139060020447
1714,5,226,0.41995689272880554
1715,5,227,0.5140963196754456
1716,5,228,0.5372829437255859
1717,5,229,0.4487340450286865
1718,5,230,0.5516778826713562
1719,5,231,0.9888100624084473
1720,5,232,0.5532130002975464
1721,5,233,0.4609413146972656
1722,5,234,0.5837442874908447
1723,5,235,0.532562792301178
1724,5,236,0.45951804518699646
1725,5,237,0.6091755628585815
1726,5,238,0.5376797914505005
1727,5,239,0.5973322987556458
1728,5,240,0.5963659882545471
1729,5,241,0.4584146738052368
1730,5,242,0.5398470759391785
1731,5,243,0.48098859190940857
1732,5,244,0.453400582075119
1733,5,245,0.48936009407043457
1734,5,246,0.6627655029296875
1735,5,247,0.47070106863975525
1736,5,248,0.42405053973197937
1737,5,249,0.4788767993450165
1738,5,250,1.2393856048583984
1739,5,251,0.4820162355899811
1740,5,252,0.5991786122322083
1741,5,253,0.5516585111618042
1742,5,254,0.7327105402946472
1743,5,255,0.44605207443237305
1744,5,256,0.4593941867351532
1745,5,257,0.6556761264801025
1746,5,258,0.5749594569206238
1747,5,259,0.6166504621505737
1748,5,260,0.46170544624328613
1749,5,261,0.42428427934646606
1750,5,262,0.49504759907722473
1751,5,263,0.5640354156494141
1752,5,264,0.4636998176574707
1753,5,265,0.8256758451461792
1754,5,266,0.47030821442604065
1755,5,267,0.47738590836524963
1756,5,268,0.5453047156333923
1757,5,269,0.9558391571044922
1758,5,270,0.6265475153923035
1759,5,271,0.4852272868156433
1760,5,272,0.4637582004070282
1761,5,273,0.4855410158634186
1762,5,274,0.4968375563621521
1763,5,275,0.4272409677505493
1764,5,276,0.5970982909202576
1765,5,277,0.45893800258636475
1766,5,278,0.5781764984130859
1767,5,279,0.5569614171981812
1768,5,280,0.64573734998703
1769,5,281,0.44580763578414917
1770,5,282,0.5624370574951172
1771,5,283,0.4696263372898102
1772,5,284,0.5270024538040161
1773,5,285,0.6090943217277527
1774,5,286,0.693344235420227
1775,5,287,0.5348123908042908
1776,5,288,0.41993048787117004
1777,5,289,0.4953025281429291
1778,5,290,0.5519935488700867
1779,5,291,0.49954333901405334
1780,5,292,0.5205350518226624
1781,5,293,0.5031071901321411
1782,5,294,0.5438477993011475
1783,5,295,0.4734109938144684
1784,5,296,1.3209319114685059
1785,5,297,0.4622024595737457
1786,5,298,0.423843115568161
1787,5,299,0.4228653907775879
1788,5,300,0.49888893961906433
1789,5,301,0.6529828906059265
1790,5,302,0.49440672993659973
1791,5,303,0.45811569690704346
1792,5,304,0.49788665771484375
1793,5,305,0.4587610363960266
1794,5,306,0.4663917124271393
1795,5,307,0.6419609785079956
1796,5,308,0.427224725484848
1797,5,309,0.40032655000686646
1798,5,310,0.5731834769248962
1799,5,311,0.4184316098690033
1800,5,312,0.5498771667480469
1801,5,313,0.5066779255867004
1802,5,314,0.5167064070701599
1803,5,315,0.5979149341583252
1804,5,316,0.5123929977416992
1805,5,317,0.5562998056411743
1806,5,318,0.5311517715454102
1807,5,319,0.512824535369873
1808,5,320,0.65191650390625
1809,5,321,0.4430930018424988
1810,5,322,0.4446720480918884
1811,5,323,0.6402896642684937
1812,5,324,0.4830489754676819
1813,5,325,0.5642810463905334
1814,5,326,0.6041624546051025
1815,5,327,0.5082400441169739
1816,5,328,0.572806715965271
1817,5,329,0.46376678347587585
1818,5,330,0.5724371671676636
1819,5,331,0.47166916728019714
1820,5,332,0.60992032289505
1821,5,333,0.40926891565322876
1822,5,334,0.45622721314430237
1823,5,335,0.4516258239746094
1824,5,336,0.6109739542007446
1825,5,337,0.6357041597366333
1826,5,338,0.5987887978553772
1827,5,339,0.37806183099746704
1828,5,340,0.47624263167381287
1829,5,341,0.5061339139938354
1830,5,342,0.46052220463752747
1831,5,343,0.4071614742279053
1832,5,344,0.4807473123073578
1833,5,345,0.4155096113681793
1834,5,346,0.5436445474624634
1835,5,347,0.43996208906173706
1836,5,348,0.5447924137115479
1837,5,349,0.5624409317970276
1838,5,350,0.5411961078643799
1839,5,351,0.43060198426246643
1840,5,352,0.6587153077125549
1841,5,353,0.44173356890678406
1842,5,354,0.7012469172477722
1843,5,355,0.4733072817325592
1844,5,356,1.403568148612976
1845,5,357,0.5092830061912537
1846,5,358,0.5039170980453491
1847,5,359,0.3604304790496826
1848,5,360,0.566827654838562
1849,5,361,0.5865554213523865
1850,5,362,0.41845622658729553
1851,5,363,0.5182370543479919
1852,5,364,0.5609013438224792
1853,5,365,0.4361025094985962
1854,5,366,0.4786423444747925
1855,5,367,0.3960496485233307
1856,5,368,0.47256967425346375
1857,5,369,0.5041845440864563
1858,5,370,0.51768958568573
1859,5,371,0.5603739619255066
1860,5,372,0.42312178015708923
1861,6,1,0.44934210181236267
1862,6,2,0.47554734349250793
1863,6,3,0.37015101313591003
1864,6,4,1.0247310400009155
1865,6,5,0.4564804136753082
1866,6,6,0.5848293304443359
1867,6,7,0.45513349771499634
1868,6,8,0.49822890758514404
1869,6,9,0.5052651166915894
1870,6,10,0.532951295375824
1871,6,11,0.39417049288749695
1872,6,12,0.6362307071685791
1873,6,13,0.4014902412891388
1874,6,14,0.416189044713974
1875,6,15,0.40739190578460693
1876,6,16,0.5093632936477661
1877,6,17,0.51768559217453
1878,6,18,0.5286722183227539
1879,6,19,0.4453735053539276
1880,6,20,0.37655481696128845
1881,6,21,0.4566971957683563
1882,6,22,0.5385172963142395
1883,6,23,0.42802661657333374
1884,6,24,0.7255029082298279
1885,6,25,0.44734442234039307
1886,6,26,0.4587436318397522
1887,6,27,0.3928629457950592
1888,6,28,0.38779792189598083
1889,6,29,0.7489224076271057
1890,6,30,0.47815465927124023
1891,6,31,0.3521443009376526
1892,6,32,0.38122090697288513
1893,6,33,0.5761049389839172
1894,6,34,0.46886616945266724
1895,6,35,0.46023666858673096
1896,6,36,0.35390886664390564
1897,6,37,0.5359777212142944
1898,6,38,0.43247780203819275
1899,6,39,0.46619901061058044
1900,6,40,0.6285644173622131
1901,6,41,1.1981961727142334
1902,6,42,0.4467962980270386
1903,6,43,0.5137015581130981
1904,6,44,1.311257004737854
1905,6,45,0.5019806623458862
1906,6,46,0.4154779016971588
1907,6,47,0.49720844626426697
1908,6,48,0.4779368042945862
1909,6,49,0.5170953869819641
1910,6,50,0.47914212942123413
1911,6,51,0.4199357032775879
1912,6,52,0.39838874340057373
1913,6,53,0.5208145976066589
1914,6,54,0.5191715955734253
1915,6,55,0.4050976037979126
1916,6,56,0.49792373180389404
1917,6,57,0.37345224618911743
1918,6,58,0.41053372621536255
1919,6,59,0.9137099385261536
1920,6,60,0.4741755425930023
1921,6,61,0.6638421416282654
1922,6,62,0.49223870038986206
1923,6,63,0.4687463343143463
1924,6,64,0.47664493322372437
1925,6,65,0.4317404627799988
1926,6,66,0.4859793186187744
1927,6,67,0.6029525399208069
1928,6,68,0.5075731873512268
1929,6,69,0.446975976228714
1930,6,70,0.48615995049476624
1931,6,71,0.4950192868709564
1932,6,72,0.4685079753398895
1933,6,73,0.457772821187973
1934,6,74,0.4191378355026245
1935,6,75,0.47386592626571655
1936,6,76,0.44889917969703674
1937,6,77,0.4314729869365692
1938,6,78,0.49631354212760925
1939,6,79,0.4352496564388275
1940,6,80,0.3960852026939392
1941,6,81,0.4105689525604248
1942,6,82,0.44134485721588135
1943,6,83,0.4471520483493805
1944,6,84,0.4546894133090973
1945,6,85,0.5360122919082642
1946,6,86,0.510082483291626
1947,6,87,0.44418996572494507
1948,6,88,0.4547845721244812
1949,6,89,0.5220516324043274
1950,6,90,0.3533431589603424
1951,6,91,0.4996062219142914
1952,6,92,0.40428242087364197
1953,6,93,0.4163554906845093
1954,6,94,0.3669687509536743
1955,6,95,0.3925917446613312
1956,6,96,0.3838071823120117
1957,6,97,0.45206117630004883
1958,6,98,0.3367965519428253
1959,6,99,0.4209845960140228
1960,6,100,0.4461919665336609
1961,6,101,0.36805620789527893
1962,6,102,0.3606089949607849
1963,6,103,0.3986685574054718
1964,6,104,0.5075240731239319
1965,6,105,0.3514503538608551
1966,6,106,0.3670208156108856
1967,6,107,0.5197294354438782
1968,6,108,0.3812797963619232
1969,6,109,0.4321054220199585
1970,6,110,1.2824280261993408
1971,6,111,0.45725300908088684
1972,6,112,0.5255687236785889
1973,6,113,0.397466778755188
1974,6,114,0.39808645844459534
1975,6,115,0.46958813071250916
1976,6,116,0.40471339225769043
1977,6,117,0.3898424804210663
1978,6,118,0.434962660074234
1979,6,119,0.41003361344337463
1980,6,120,0.4477916657924652
1981,6,121,0.3589346408843994
1982,6,122,0.5376035571098328
1983,6,123,0.506382942199707
1984,6,124,0.394788533449173
1985,6,125,0.3962574899196625
1986,6,126,0.3315926194190979
1987,6,127,0.4030141830444336
1988,6,128,0.3207506537437439
1989,6,129,0.3736448884010315
1990,6,130,0.487974613904953
1991,6,131,0.4886508584022522
1992,6,132,0.6853830814361572
1993,6,133,0.391296923160553
1994,6,134,0.49010515213012695
1995,6,135,0.43174585700035095
1996,6,136,0.47043377161026
1997,6,137,0.4500463902950287
1998,6,138,0.5801015496253967
1999,6,139,0.4311688542366028
2000,6,140,0.39921852946281433
2001,6,141,0.5398399829864502
2002,6,142,0.6351501941680908
2003,6,143,0.3839209973812103
2004,6,144,0.4748817980289459
2005,6,145,0.47281739115715027
2006,6,146,0.3662317097187042
2007,6,147,0.5371019840240479
2008,6,148,0.7212479114532471
2009,6,149,0.5106398463249207
2010,6,150,0.39295104146003723
2011,6,151,0.4482983350753784
2012,6,152,0.37599459290504456
2013,6,153,0.4512171745300293
2014,6,154,0.3868159353733063
2015,6,155,0.4090733528137207
2016,6,156,0.41664761304855347
2017,6,157,0.6370511054992676
2018,6,158,0.44108447432518005
2019,6,159,0.44003772735595703
2020,6,160,0.5831924676895142
2021,6,161,0.40537601709365845
2022,6,162,0.38607439398765564
2023,6,163,0.40474003553390503
2024,6,164,0.4111245572566986
2025,6,165,0.4411329925060272
2026,6,166,0.49172404408454895
2027,6,167,0.47520795464515686
2028,6,168,0.6398001313209534
2029,6,169,0.37873029708862305
2030,6,170,0.5134238600730896
2031,6,171,0.6793385744094849
2032,6,172,0.38880109786987305
2033,6,173,0.36123359203338623
2034,6,174,0.445579469203949
2035,6,175,0.3871140480041504
2036,6,176,0.480120450258255
2037,6,177,0.49379512667655945
2038,6,178,0.39261582493782043
2039,6,179,0.5154361724853516
2040,6,180,0.4148034453392029
2041,6,181,0.46556976437568665
2042,6,182,0.4252682626247406
2043,6,183,0.3593955934047699
2044,6,184,0.36645492911338806
2045,6,185,0.6718018651008606
2046,6,186,0.6147714257240295
2047,6,187,0.49820423126220703
2048,6,188,0.451972633600235
2049,6,189,0.3288557529449463
2050,6,190,0.3900992274284363
2051,6,191,0.4027331471443176
2052,6,192,1.2786412239074707
2053,6,193,0.5392138361930847
2054,6,194,0.4221453368663788
2055,6,195,0.881729006767273
2056,6,196,0.35544759035110474
2057,6,197,0.3527023494243622
2058,6,198,0.5323498249053955
2059,6,199,0.3603591322898865
2060,6,200,0.4081898033618927
2061,6,201,0.37609025835990906
2062,6,202,0.37396034598350525
2063,6,203,1.287057638168335
2064,6,204,0.32606881856918335
2065,6,205,0.39408203959465027
2066,6,206,0.348105251789093
2067,6,207,0.34906005859375
2068,6,208,0.4300951659679413
2069,6,209,0.6668846607208252
2070,6,210,0.39320021867752075
2071,6,211,0.4958960711956024
2072,6,212,0.5605494976043701
2073,6,213,0.5140743851661682
2074,6,214,0.4776354432106018
2075,6,215,0.5016454458236694
2076,6,216,0.3722412884235382
2077,6,217,0.4978257119655609
2078,6,218,0.38636258244514465
2079,6,219,0.5363061428070068
2080,6,220,0.4475609064102173
2081,6,221,1.1679859161376953
2082,6,222,0.37012702226638794
2083,6,223,0.45603659749031067
2084,6,224,0.46333208680152893
2085,6,225,0.4099808633327484
2086,6,226,1.2003893852233887
2087,6,227,0.5243892669677734
2088,6,228,0.5057291984558105
2089,6,229,0.7333593964576721
2090,6,230,0.45915186405181885
2091,6,231,0.5176132917404175
2092,6,232,0.4125102758407593
2093,6,233,0.5530537962913513
2094,6,234,0.4551871120929718
2095,6,235,0.4876668453216553
2096,6,236,0.6594569087028503
2097,6,237,0.3310568630695343
2098,6,238,0.45223531126976013
2099,6,239,0.3884042203426361
2100,6,240,0.40150466561317444
2101,6,241,0.553500771522522
2102,6,242,0.5027866959571838
2103,6,243,0.43637076020240784
2104,6,244,0.9748391509056091
2105,6,245,0.3759765326976776
2106,6,246,0.4369295537471771
2107,6,247,0.43952029943466187
2108,6,248,0.43694934248924255
2109,6,249,0.5233153104782104
2110,6,250,1.1386725902557373
2111,6,251,0.47975611686706543
2112,6,252,0.4797857701778412
2113,6,253,0.4570179283618927
2114,6,254,0.43706992268562317
2115,6,255,0.7642341256141663
2116,6,256,0.5178446173667908
2117,6,257,0.4990790784358978
2118,6,258,0.4852478802204132
2119,6,259,0.421509712934494
2120,6,260,0.44260314106941223
2121,6,261,0.6609954833984375
2122,6,262,0.4421255588531494
2123,6,263,0.4032512903213501
2124,6,264,0.45000192523002625
2125,6,265,0.47525903582572937
2126,6,266,0.3626210391521454
2127,6,267,0.4489903450012207
2128,6,268,0.4125283658504486
2129,6,269,0.47482022643089294
2130,6,270,0.4603947103023529
2131,6,271,0.4801454246044159
2132,6,272,0.3829016387462616
2133,6,273,0.6530818343162537
2134,6,274,0.5849760174751282
2135,6,275,0.4935467839241028
2136,6,276,0.6577600240707397
2137,6,277,0.34693846106529236
2138,6,278,0.40706273913383484
2139,6,279,0.46973904967308044
2140,6,280,0.4628638029098511
2141,6,281,0.4431302845478058
2142,6,282,0.383616179227829
2143,6,283,0.4109678566455841
2144,6,284,0.4314703941345215
2145,6,285,0.4368196129798889
2146,6,286,0.4562002122402191
2147,6,287,0.3917340934276581
2148,6,288,0.41536903381347656
2149,6,289,0.48889365792274475
2150,6,290,0.34067198634147644
2151,6,291,0.39484143257141113
2152,6,292,0.384012371301651
2153,6,293,0.43376287817955017
2154,6,294,0.4623780846595764
2155,6,295,0.4583466053009033
2156,6,296,0.40752655267715454
2157,6,297,0.4451046884059906
2158,6,298,0.4923710525035858
2159,6,299,0.4319138526916504
2160,6,300,0.4399818480014801
2161,6,301,0.3685002624988556
2162,6,302,0.36221176385879517
2163,6,303,0.45583996176719666
2164,6,304,0.40293776988983154
2165,6,305,0.3917495608329773
2166,6,306,0.4079240560531616
2167,6,307,0.32253497838974
2168,6,308,0.4537501335144043
2169,6,309,0.41171789169311523
2170,6,310,0.38482722640037537
2171,6,311,0.5867934226989746
2172,6,312,0.4219057857990265
2173,6,313,0.3472827076911926
2174,6,314,0.39704763889312744
2175,6,315,0.37916094064712524
2176,6,316,0.3754037022590637
2177,6,317,0.47201254963874817
2178,6,318,0.34645476937294006
2179,6,319,0.43613940477371216
2180,6,320,0.3659648299217224
2181,6,321,0.37518224120140076
2182,6,322,0.34771764278411865
2183,6,323,0.40161558985710144
2184,6,324,0.3398629426956177
2185,6,325,0.5525970458984375
2186,6,326,0.46070805191993713
2187,6,327,0.3854637145996094
2188,6,328,0.6052104234695435
2189,6,329,0.4281366467475891
2190,6,330,0.5167242884635925
2191,6,331,0.4160022437572479
2192,6,332,0.515398383140564
2193,6,333,0.3766290545463562
2194,6,334,0.4865981936454773
2195,6,335,0.4014790952205658
2196,6,336,0.4126695394515991
2197,6,337,0.4637344181537628
2198,6,338,0.4944566786289215
2199,6,339,0.3538115322589874
2200,6,340,0.33608752489089966
2201,6,341,0.3719964027404785
2202,6,342,0.3656078577041626
2203,6,343,0.34914150834083557
2204,6,344,0.47070834040641785
2205,6,345,0.29759564995765686
2206,6,346,0.3879040479660034
2207,6,347,0.4521622657775879
2208,6,348,0.5078697800636292
2209,6,349,0.35737693309783936
2210,6,350,0.3715507388114929
2211,6,351,0.33630096912384033
2212,6,352,0.36633655428886414
2213,6,353,0.3938087224960327
2214,6,354,0.3362790644168854
2215,6,355,0.4377632141113281
2216,6,356,0.3754405081272125
2217,6,357,0.3778691589832306
2218,6,358,0.9472832083702087
2219,6,359,0.30202633142471313
2220,6,360,0.40092504024505615
2221,6,361,0.3998669683933258
2222,6,362,0.4133121073246002
2223,6,363,0.2982672452926636
2224,6,364,0.36883196234703064
2225,6,365,0.4235055446624756
2226,6,366,0.47640135884284973
2227,6,367,0.35914602875709534
2228,6,368,0.29255813360214233
2229,6,369,0.30596306920051575
2230,6,370,0.3476479649543762
2231,6,371,0.4504549205303192
2232,6,372,1.5982627868652344
2233,7,1,0.4865005612373352
2234,7,2,0.37349677085876465
2235,7,3,0.3337495028972626
2236,7,4,0.4289456009864807
2237,7,5,0.4195655882358551
2238,7,6,0.6640075445175171
2239,7,7,0.377657949924469
2240,7,8,0.3856944739818573
2241,7,9,0.39790239930152893
2242,7,10,0.4204693138599396
2243,7,11,0.45380255579948425
2244,7,12,0.43737226724624634
2245,7,13,0.3700249493122101
2246,7,14,0.42411330342292786
2247,7,15,0.526441216468811
2248,7,16,0.3442729711532593
2249,7,17,0.44207221269607544
2250,7,18,0.42891424894332886
2251,7,19,0.5223865509033203
2252,7,20,0.4454406499862671
2253,7,21,0.3297492265701294
2254,7,22,0.31463921070098877
2255,7,23,0.3791881501674652
2256,7,24,0.3546736538410187
2257,7,25,0.6669982671737671
2258,7,26,0.3559524714946747
2259,7,27,0.3807950019836426
2260,7,28,0.3408969044685364
2261,7,29,0.36740946769714355
2262,7,30,0.39516961574554443
2263,7,31,0.33960744738578796
2264,7,32,0.3811817765235901
2265,7,33,0.4114461839199066
2266,7,34,0.3521166443824768
2267,7,35,0.4676355719566345
2268,7,36,0.38063326478004456
2269,7,37,0.4466385245323181
2270,7,38,0.3916485905647278
2271,7,39,0.40382200479507446
2272,7,40,0.29712003469467163
2273,7,41,0.41949859261512756
2274,7,42,0.37524476647377014
2275,7,43,0.3869772255420685
2276,7,44,0.7312385439872742
2277,7,45,0.49063828587532043
2278,7,46,0.41698551177978516
2279,7,47,0.38490530848503113
2280,7,48,0.32390111684799194
2281,7,49,0.3102397620677948
2282,7,50,0.33316174149513245
2283,7,51,0.41405320167541504
2284,7,52,0.4104200303554535
2285,7,53,0.3329486846923828
2286,7,54,0.44790366291999817
2287,7,55,0.29093173146247864
2288,7,56,0.3850584030151367
2289,7,57,0.4196382761001587
2290,7,58,0.3769940435886383
2291,7,59,0.3609538972377777
2292,7,60,0.9347962737083435
2293,7,61,0.39910149574279785
2294,7,62,0.40338391065597534
2295,7,63,0.355984628200531
2296,7,64,0.326627254486084
2297,7,65,0.47332867980003357
2298,7,66,0.32021254301071167
2299,7,67,0.3359389901161194
2300,7,68,0.5066762566566467
2301,7,69,0.3898967504501343
2302,7,70,0.35768985748291016
2303,7,71,0.38392940163612366
2304,7,72,0.2975795567035675
2305,7,73,0.41169700026512146
2306,7,74,0.3439009189605713
2307,7,75,0.359844833612442
2308,7,76,0.3953772783279419
2309,7,77,0.38509196043014526
2310,7,78,0.31734684109687805
2311,7,79,0.35988301038742065
2312,7,80,0.351924329996109
2313,7,81,0.3262198567390442
2314,7,82,0.39819812774658203
2315,7,83,0.4352656304836273
2316,7,84,0.28386762738227844
2317,7,85,0.41278955340385437
2318,7,86,0.2999855875968933
2319,7,87,0.34457844495773315
2320,7,88,0.3132243752479553
2321,7,89,0.33023563027381897
2322,7,90,0.34869080781936646
2323,7,91,0.2991352081298828
2324,7,92,0.3689458966255188
2325,7,93,0.3534294664859772
2326,7,94,0.34223246574401855
2327,7,95,0.4042796492576599
2328,7,96,0.4262840449810028
2329,7,97,0.9804313778877258
2330,7,98,0.36548757553100586
2331,7,99,0.40037181973457336
2332,7,100,0.3075237572193146
2333,7,101,0.3262445032596588
2334,7,102,0.331171452999115
2335,7,103,0.354598730802536
2336,7,104,0.32156679034233093
2337,7,105,0.4240785241127014
2338,7,106,0.3784216344356537
2339,7,107,0.4566294550895691
2340,7,108,0.35752907395362854
2341,7,109,0.5326943397521973
2342,7,110,0.42319002747535706
2343,7,111,0.3830544948577881
2344,7,112,0.33977723121643066
2345,7,113,0.3822890818119049
2346,7,114,0.30481085181236267
2347,7,115,0.3355691432952881
2348,7,116,0.3790237605571747
2349,7,117,0.4279468059539795
2350,7,118,0.3839946985244751
2351,7,119,0.3282875716686249
2352,7,120,0.3381560444831848
2353,7,121,1.2847950458526611
2354,7,122,0.40655627846717834
2355,7,123,0.3342387080192566
2356,7,124,0.34613505005836487
2357,7,125,0.30372387170791626
2358,7,126,0.3257119953632355
2359,7,127,0.33592531085014343
2360,7,128,0.5046132802963257
2361,7,129,0.5169969797134399
2362,7,130,0.4003138840198517
2363,7,131,0.6030281782150269
2364,7,132,0.3506203591823578
2365,7,133,0.4375320374965668
2366,7,134,0.4367106854915619
2367,7,135,0.33952489495277405
2368,7,136,0.40330225229263306
2369,7,137,0.3171566128730774
2370,7,138,0.4521922767162323
2371,7,139,0.3180024325847626
2372,7,140,0.3570827543735504
2373,7,141,0.34463727474212646
2374,7,142,0.34899330139160156
2375,7,143,0.4307112395763397
2376,7,144,0.4198465049266815
2377,7,145,0.3977823257446289
2378,7,146,0.30795392394065857
2379,7,147,0.3230324983596802
2380,7,148,0.405569463968277
2381,7,149,0.35630449652671814
2382,7,150,0.3424069881439209
2383,7,151,0.34969866275787354
2384,7,152,0.3279719948768616
2385,7,153,0.3361309766769409
2386,7,154,0.5761802792549133
2387,7,155,0.3784514367580414
2388,7,156,0.44184410572052
2389,7,157,0.34962567687034607
2390,7,158,0.4077230393886566
2391,7,159,0.4062412679195404
2392,7,160,0.4537314176559448
2393,7,161,0.3675498068332672
2394,7,162,0.30447831749916077
2395,7,163,0.32465890049934387
2396,7,164,0.42562833428382874
2397,7,165,0.33543065190315247
2398,7,166,0.325908899307251
2399,7,167,0.31413593888282776
2400,7,168,0.4173753559589386
2401,7,169,0.3848579227924347
2402,7,170,0.3108828067779541
2403,7,171,0.36704298853874207
2404,7,172,0.3124779462814331
2405,7,173,0.34388864040374756
2406,7,174,0.448269248008728
2407,7,175,0.3664061725139618
2408,7,176,0.3940575420856476
2409,7,177,0.29676565527915955
2410,7,178,0.32999011874198914
2411,7,179,0.3494343161582947
2412,7,180,0.3789158761501312
2413,7,181,0.39560291171073914
2414,7,182,0.4553641080856323
2415,7,183,0.39057883620262146
2416,7,184,0.33614668250083923
2417,7,185,0.40081173181533813
2418,7,186,0.3155577480792999
2419,7,187,0.3922533690929413
2420,7,188,0.3646557033061981
2421,7,189,0.46623197197914124
2422,7,190,0.2999665439128876
2423,7,191,0.3788317143917084
2424,7,192,0.27300453186035156
2425,7,193,0.3171945810317993
2426,7,194,0.9989340901374817
2427,7,195,0.3290915787220001
2428,7,196,0.3681250214576721
2429,7,197,0.3025858998298645
2430,7,198,0.38819265365600586
2431,7,199,0.3630392253398895
2432,7,200,0.4991169571876526
2433,7,201,0.45330601930618286
2434,7,202,0.321939080953598
2435,7,203,0.40295448899269104
2436,7,204,0.3600141108036041
2437,7,205,0.36691227555274963
2438,7,206,0.6655031442642212
2439,7,207,0.26266953349113464
2440,7,208,0.5116366744041443
2441,7,209,0.6279781460762024
2442,7,210,0.451882541179657
2443,7,211,0.4051774740219116
2444,7,212,0.5544572472572327
2445,7,213,0.36261478066444397
2446,7,214,0.37551355361938477
2447,7,215,0.3772963881492615
2448,7,216,0.5380898714065552
2449,7,217,0.34538769721984863
2450,7,218,0.32712921500205994
2451,7,219,0.40873822569847107
2452,7,220,0.5939747095108032
2453,7,221,1.004652738571167
2454,7,222,0.6261530518531799
2455,7,223,0.8826836347579956
2456,7,224,0.4058113694190979
2457,7,225,0.4750952124595642
2458,7,226,0.4366040527820587
2459,7,227,0.8532590270042419
2460,7,228,0.5124748945236206
2461,7,229,0.42506325244903564
2462,7,230,0.5222664475440979
2463,7,231,0.39747729897499084
2464,7,232,1.196685552597046
2465,7,233,0.40957561135292053
2466,7,234,0.6102560758590698
2467,7,235,0.5862724184989929
2468,7,236,0.5068695545196533
2469,7,237,0.6624643206596375
2470,7,238,0.6649282574653625
2471,7,239,0.6111818552017212
2472,7,240,0.44644126296043396
2473,7,241,1.1874494552612305
2474,7,242,0.7517390847206116
2475,7,243,0.41012048721313477
2476,7,244,0.48494964838027954
2477,7,245,0.4484567642211914
2478,7,246,0.42472732067108154
2479,7,247,0.6030961275100708
2480,7,248,0.44980117678642273
2481,7,249,0.4106138348579407
2482,7,250,0.41301819682121277
2483,7,251,0.37902024388313293
2484,7,252,0.44388848543167114
2485,7,253,0.501570463180542
2486,7,254,0.36698630452156067
2487,7,255,0.44494742155075073
2488,7,256,0.36727288365364075
2489,7,257,0.47296658158302307
2490,7,258,0.3317796289920807
2491,7,259,0.4325331747531891
2492,7,260,0.5552565455436707
2493,7,261,0.5377424955368042
2494,7,262,0.4796810746192932
2495,7,263,0.4537016451358795
2496,7,264,0.6079422831535339
2497,7,265,0.3792082667350769
2498,7,266,0.35898399353027344
2499,7,267,0.6951636075973511
2500,7,268,0.7370336651802063
2501,7,269,0.509284257888794
2502,7,270,0.48302188515663147
2503,7,271,0.4078211784362793
2504,7,272,0.5519562363624573
2505,7,273,0.3314987123012543
2506,7,274,0.4864273965358734
2507,7,275,0.38309526443481445
2508,7,276,0.40111151337623596
2509,7,277,0.4529132544994354
2510,7,278,0.43114569783210754
2511,7,279,0.32747843861579895
2512,7,280,0.38097041845321655
2513,7,281,0.42402300238609314
2514,7,282,0.47166699171066284
2515,7,283,0.4013488292694092
2516,7,284,0.3783791661262512
2517,7,285,0.37527814507484436
2518,7,286,0.45701533555984497
2519,7,287,0.4116629958152771
2520,7,288,0.31473803520202637
2521,7,289,0.3745671510696411
2522,7,290,0.4562181532382965
2523,7,291,0.41601279377937317
2524,7,292,0.3888152539730072
2525,7,293,0.4714435338973999
2526,7,294,0.46134379506111145
2527,7,295,0.5761418342590332
2528,7,296,0.4081701338291168
2529,7,297,0.49106502532958984
2530,7,298,0.8791954517364502
2531,7,299,0.3769994378089905
2532,7,300,0.4079428017139435
2533,7,301,0.37884756922721863
2534,7,302,0.31037357449531555
2535,7,303,0.3584712743759155
2536,7,304,0.3519098460674286
2537,7,305,0.30101636052131653
2538,7,306,0.2911025583744049
2539,7,307,0.44676727056503296
2540,7,308,0.3927489221096039
2541,7,309,0.44852742552757263
2542,7,310,0.45449209213256836
2543,7,311,0.35604795813560486
2544,7,312,0.5505919456481934
2545,7,313,0.3710366189479828
2546,7,314,0.41762033104896545
2547,7,315,0.31765684485435486
2548,7,316,0.5378032922744751
2549,7,317,0.5384446978569031
2550,7,318,0.4278188943862915
2551,7,319,0.409368097782135
2552,7,320,0.33435967564582825
2553,7,321,0.3106372654438019
2554,7,322,0.4016917645931244
2555,7,323,0.38067781925201416
2556,7,324,0.38107937574386597
2557,7,325,0.3568027913570404
2558,7,326,0.5886341333389282
2559,7,327,0.3959710896015167
2560,7,328,0.4382091462612152
2561,7,329,0.36374378204345703
2562,7,330,0.3465321958065033
2563,7,331,0.38870489597320557
2564,7,332,1.072260856628418
2565,7,333,0.5793412327766418
2566,7,334,0.5500490069389343
2567,7,335,0.361235648393631
2568,7,336,0.4558437466621399
2569,7,337,0.41930878162384033
2570,7,338,0.3696059584617615
2571,7,339,0.3998110294342041
2572,7,340,0.34569647908210754
2573,7,341,0.29593220353126526
2574,7,342,0.5769999027252197
2575,7,343,0.616701602935791
2576,7,344,0.355427622795105
2577,7,345,0.49752599000930786
2578,7,346,0.34011974930763245
2579,7,347,0.7075891494750977
2580,7,348,0.3880367875099182
2581,7,349,0.38678187131881714
2582,7,350,0.45007383823394775
2583,7,351,0.41730818152427673
2584,7,352,0.4176316559314728
2585,7,353,0.44208091497421265
2586,7,354,0.35248738527297974
2587,7,355,0.5264841914176941
2588,7,356,0.40766093134880066
2589,7,357,0.39377906918525696
2590,7,358,1.2195501327514648
2591,7,359,0.3279319107532501
2592,7,360,1.4319084882736206
2593,7,361,0.4128401279449463
2594,7,362,0.4048585891723633
2595,7,363,0.34911981225013733
2596,7,364,0.37517303228378296
2597,7,365,0.36153534054756165
2598,7,366,0.3654178977012634
2599,7,367,0.6753615140914917
2600,7,368,0.42707493901252747
2601,7,369,0.3415258824825287
2602,7,370,0.3380773663520813
2603,7,371,0.4082995355129242
2604,7,372,1.3591827154159546
2605,8,1,0.3280317187309265
2606,8,2,0.37905749678611755
2607,8,3,0.39649641513824463
2608,8,4,0.4111839234828949
2609,8,5,0.30540165305137634
2610,8,6,0.3334651291370392
2611,8,7,0.28061673045158386
2612,8,8,0.5833449363708496
2613,8,9,0.3877478539943695
2614,8,10,0.582698404788971
2615,8,11,0.47600221633911133
2616,8,12,0.4998789131641388
2617,8,13,0.44591593742370605
2618,8,14,0.3075978457927704
2619,8,15,1.1280858516693115
2620,8,16,0.3957826793193817
2621,8,17,0.4911828637123108
2622,8,18,0.3520345389842987
2623,8,19,0.40075790882110596
2624,8,20,0.43302273750305176
2625,8,21,0.4232209026813507
2626,8,22,0.29172283411026
2627,8,23,0.39199045300483704
2628,8,24,0.35773351788520813
2629,8,25,0.3520536720752716
2630,8,26,0.5395036339759827
2631,8,27,0.31004995107650757
2632,8,28,0.29659155011177063
2633,8,29,0.3134535253047943
2634,8,30,0.3149206340312958
2635,8,31,0.6203507781028748
2636,8,32,0.49775230884552
2637,8,33,1.3561203479766846
2638,8,34,0.3114764988422394
2639,8,35,0.392969012260437
2640,8,36,0.6797474026679993
2641,8,37,0.7904400825500488
2642,8,38,0.4045092463493347
2643,8,39,0.4595034718513489
2644,8,40,0.3508364260196686
2645,8,41,0.3892764449119568
2646,8,42,0.6568554043769836
2647,8,43,0.59130859375
2648,8,44,0.4270099997520447
2649,8,45,0.27342963218688965
2650,8,46,0.6592854261398315
2651,8,47,0.4639330804347992
2652,8,48,0.3806193768978119
2653,8,49,0.4568631052970886
2654,8,50,0.6196773648262024
2655,8,51,0.47442758083343506
2656,8,52,0.43827036023139954
2657,8,53,0.5130525231361389
2658,8,54,0.47447383403778076
2659,8,55,0.3875025510787964
2660,8,56,0.3964930772781372
2661,8,57,0.36728182435035706
2662,8,58,0.41346317529678345
2663,8,59,0.4936247766017914
2664,8,60,0.45973536372184753
2665,8,61,0.41821879148483276
2666,8,62,0.39083564281463623
2667,8,63,0.4279690086841583
2668,8,64,0.5386376976966858
2669,8,65,0.4882103204727173
2670,8,66,0.42979755997657776
2671,8,67,0.42883017659187317
2672,8,68,0.40259531140327454
2673,8,69,0.39416444301605225
2674,8,70,0.41963857412338257
2675,8,71,0.36513394117355347
2676,8,72,0.38937193155288696
2677,8,73,0.33652859926223755
2678,8,74,0.311592698097229
2679,8,75,0.3342551290988922
2680,8,76,0.518584668636322
2681,8,77,0.3875844478607178
2682,8,78,0.3568234145641327
2683,8,79,0.9026368260383606
2684,8,80,0.43150126934051514
2685,8,81,0.3699481189250946
2686,8,82,0.39564213156700134
2687,8,83,0.5390382409095764
2688,8,84,0.3098621666431427
2689,8,85,0.7497515082359314
2690,8,86,0.29725566506385803
2691,8,87,0.309254914522171
2692,8,88,0.4749193489551544
2693,8,89,0.37150660157203674
2694,8,90,0.3928864598274231
2695,8,91,0.44075268507003784
2696,8,92,0.36471593379974365
2697,8,93,0.32214054465293884
2698,8,94,0.33314821124076843
2699,8,95,0.4152880311012268
2700,8,96,0.36294862627983093
2701,8,97,0.3269369304180145
2702,8,98,0.3129906952381134
2703,8,99,0.2886650860309601
2704,8,100,0.35829469561576843
2705,8,101,0.38846537470817566
2706,8,102,0.3364036977291107
2707,8,103,0.41058966517448425
2708,8,104,0.4023056924343109
2709,8,105,0.417163223028183
2710,8,106,0.3374040424823761
2711,8,107,0.41845861077308655
2712,8,108,0.4300282299518585
2713,8,109,0.3516613245010376
2714,8,110,0.3426704704761505
2715,8,111,0.44763562083244324
2716,8,112,0.2912304997444153
2717,8,113,0.41079971194267273
2718,8,114,0.3515959680080414
2719,8,115,0.4964750111103058
2720,8,116,1.0749868154525757
2721,8,117,0.38020527362823486
2722,8,118,0.3236995339393616
2723,8,119,0.36688193678855896
2724,8,120,0.3808410167694092
2725,8,121,0.31865420937538147
2726,8,122,0.4220063090324402
2727,8,123,0.3497760593891144
2728,8,124,0.35217416286468506
2729,8,125,0.34172892570495605
2730,8,126,0.36016613245010376
2731,8,127,0.35650014877319336
2732,8,128,0.3212570250034332
2733,8,129,0.40930822491645813
2734,8,130,0.377658873796463
2735,8,131,0.37207669019699097
2736,8,132,0.37707629799842834
2737,8,133,0.38709113001823425
2738,8,134,0.2696448564529419
2739,8,135,0.46570780873298645
2740,8,136,0.3746272027492523
2741,8,137,0.40928053855895996
2742,8,138,0.2725083827972412
2743,8,139,0.3032902479171753
2744,8,140,0.4088853597640991
2745,8,141,0.34709882736206055
2746,8,142,0.2694101929664612
2747,8,143,0.29522258043289185
2748,8,144,0.4220256507396698
2749,8,145,0.601901113986969
2750,8,146,0.3667985200881958
2751,8,147,0.4721086025238037
2752,8,148,0.39205417037010193
2753,8,149,0.34936094284057617
2754,8,150,0.3451119661331177
2755,8,151,0.37010669708251953
2756,8,152,0.3208959102630615
2757,8,153,0.438321590423584
2758,8,154,0.26302626729011536
2759,8,155,0.29054513573646545
2760,8,156,0.3049286901950836
2761,8,157,0.3379211127758026
2762,8,158,0.30189087986946106
2763,8,159,0.25575536489486694
2764,8,160,0.3769357204437256
2765,8,161,0.39108043909072876
2766,8,162,0.267385870218277
2767,8,163,0.3545389473438263
2768,8,164,0.368913471698761
2769,8,165,0.3257085382938385
2770,8,166,0.30595487356185913
2771,8,167,0.2704322636127472
2772,8,168,0.41652050614356995
2773,8,169,0.26998189091682434
2774,8,170,0.34682005643844604
2775,8,171,0.2699891924858093
2776,8,172,0.7162491083145142
2777,8,173,0.3536319434642792
2778,8,174,0.28883224725723267
2779,8,175,0.2942653298377991
2780,8,176,0.3891667127609253
2781,8,177,0.36683371663093567
2782,8,178,0.3043573796749115
2783,8,179,0.32836177945137024
2784,8,180,0.3898554742336273
2785,8,181,0.609113335609436
2786,8,182,0.38110241293907166
2787,8,183,0.23868496716022491
2788,8,184,0.2928217351436615
2789,8,185,0.3112547993659973
2790,8,186,0.3339811861515045
2791,8,187,0.31388169527053833
2792,8,188,1.407024621963501
2793,8,189,0.42836230993270874
2794,8,190,0.3131350576877594
2795,8,191,0.3529614210128784
2796,8,192,0.3712167739868164
2797,8,193,0.27853158116340637
2798,8,194,0.38085412979125977
2799,8,195,0.3657028079032898
2800,8,196,0.441362589597702
2801,8,197,0.3206225633621216
2802,8,198,0.3154911398887634
2803,8,199,0.44597676396369934
2804,8,200,0.41394931077957153
2805,8,201,0.35849401354789734
2806,8,202,0.32031893730163574
2807,8,203,0.4200022220611572
2808,8,204,0.6449009776115417
2809,8,205,0.33982813358306885
2810,8,206,0.38389432430267334
2811,8,207,1.1286016702651978
2812,8,208,0.4355212152004242
2813,8,209,0.398973286151886
2814,8,210,0.3176020383834839
2815,8,211,0.3291265070438385
2816,8,212,0.38166072964668274
2817,8,213,0.3752581775188446
2818,8,214,0.3499966561794281
2819,8,215,0.3990021049976349
2820,8,216,0.4379867911338806
2821,8,217,0.37466710805892944
2822,8,218,0.28712475299835205
2823,8,219,0.25797155499458313
2824,8,220,0.2685098648071289
2825,8,221,0.3527575433254242
2826,8,222,0.3004262149333954
2827,8,223,0.33409276604652405
2828,8,224,0.37543508410453796
2829,8,225,0.2951410710811615
2830,8,226,0.39677849411964417
2831,8,227,0.3464686870574951
2832,8,228,0.29775136709213257
2833,8,229,0.37682482600212097
2834,8,230,0.3032812774181366
2835,8,231,0.3610491156578064
2836,8,232,0.31548577547073364
2837,8,233,0.2942918837070465
2838,8,234,0.3412453234195709
2839,8,235,0.2952064275741577
2840,8,236,0.2505336403846741
2841,8,237,0.3341311812400818
2842,8,238,0.3459862470626831
2843,8,239,0.47783657908439636
2844,8,240,0.38741356134414673
2845,8,241,0.2944226861000061
2846,8,242,0.4292178452014923
2847,8,243,0.29544973373413086
2848,8,244,0.3447369933128357
2849,8,245,0.29282498359680176
2850,8,246,0.963128924369812
2851,8,247,0.3396265208721161
2852,8,248,0.2708931565284729
2853,8,249,0.3750143051147461
2854,8,250,0.39548414945602417
2855,8,251,0.4140477776527405
2856,8,252,0.39650076627731323
2857,8,253,0.41534802317619324
2858,8,254,0.30383747816085815
2859,8,255,0.311784029006958
2860,8,256,0.4251507818698883
2861,8,257,0.33639076352119446
2862,8,258,0.35186129808425903
2863,8,259,0.27890098094940186
2864,8,260,0.3686520457267761
2865,8,261,0.27816224098205566
2866,8,262,0.8986168503761292
2867,8,263,0.2896568179130554
2868,8,264,0.31607380509376526
2869,8,265,0.38403502106666565
2870,8,266,0.32132160663604736
2871,8,267,0.3084276616573334
2872,8,268,0.3907265365123749
2873,8,269,0.3660052418708801
2874,8,270,0.35022813081741333
2875,8,271,0.33356210589408875
2876,8,272,0.34493425488471985
2877,8,273,0.3575185239315033
2878,8,274,0.40819647908210754
2879,8,275,0.31255653500556946
2880,8,276,0.3996643126010895
2881,8,277,0.42971789836883545
2882,8,278,0.3768085539340973
2883,8,279,0.29267507791519165
2884,8,280,0.28956684470176697
2885,8,281,0.3261003792285919
2886,8,282,0.31668415665626526
2887,8,283,0.3919583559036255
2888,8,284,0.498615562915802
2889,8,285,0.35260656476020813
2890,8,286,0.34313106536865234
2891,8,287,0.30102062225341797
2892,8,288,0.3256429135799408
2893,8,289,0.3228541910648346
2894,8,290,0.28629663586616516
2895,8,291,0.2972472012042999
2896,8,292,0.43999987840652466
2897,8,293,0.31903672218322754
2898,8,294,0.3613462448120117
2899,8,295,0.30617040395736694
2900,8,296,0.4209167957305908
2901,8,297,0.43711915612220764
2902,8,298,0.30834174156188965
2903,8,299,0.35468438267707825
2904,8,300,0.33598044514656067
2905,8,301,0.3640725314617157
2906,8,302,0.33856093883514404
2907,8,303,0.3807782232761383
2908,8,304,0.3157646059989929
2909,8,305,0.2866753935813904
2910,8,306,0.30237165093421936
2911,8,307,0.39739853143692017
2912,8,308,0.5370702743530273
2913,8,309,0.5119075775146484
2914,8,310,0.3388512134552002
2915,8,311,0.32829856872558594
2916,8,312,0.28249749541282654
2917,8,313,0.2874528765678406
2918,8,314,0.39512526988983154
2919,8,315,0.33603230118751526
2920,8,316,0.24746562540531158
2921,8,317,0.32959604263305664
2922,8,318,0.39082083106040955
2923,8,319,0.3302251100540161
2924,8,320,0.3828258216381073
2925,8,321,0.30426129698753357
2926,8,322,0.3464552164077759
2927,8,323,0.5797393321990967
2928,8,324,0.3579954206943512
2929,8,325,0.2709525525569916
2930,8,326,0.31932708621025085
2931,8,327,0.2635888457298279
2932,8,328,0.2969435751438141
2933,8,329,0.45685145258903503
2934,8,330,0.440559059381485
2935,8,331,0.27791324257850647
2936,8,332,0.40849119424819946
2937,8,333,0.4803817570209503
2938,8,334,0.3094770312309265
2939,8,335,0.9960597157478333
2940,8,336,0.32840436697006226
2941,8,337,1.0090491771697998
2942,8,338,0.4952456057071686
2943,8,339,0.40921252965927124
2944,8,340,0.49633240699768066
2945,8,341,0.3640744984149933
2946,8,342,0.2962298095226288
2947,8,343,0.4710098206996918
2948,8,344,0.6844344139099121
2949,8,345,0.4638507664203644
2950,8,346,0.36827385425567627
2951,8,347,0.5834545493125916
2952,8,348,0.3646373748779297
2953,8,349,0.3779665529727936
2954,8,350,0.29001158475875854
2955,8,351,0.2717467248439789
2956,8,352,0.2855266034603119
2957,8,353,0.23104675114154816
2958,8,354,0.47947585582733154
2959,8,355,0.2545536756515503
2960,8,356,0.35297489166259766
2961,8,357,0.2975580394268036
2962,8,358,0.3421832025051117
2963,8,359,0.363818883895874
2964,8,360,0.3424226939678192
2965,8,361,0.31432241201400757
2966,8,362,0.34683701395988464
2967,8,363,0.34697601199150085
2968,8,364,0.4123682677745819
2969,8,365,0.37353894114494324
2970,8,366,0.3730272948741913
2971,8,367,0.26854920387268066
2972,8,368,0.3566568195819855
2973,8,369,0.3452293872833252
2974,8,370,0.25672078132629395
2975,8,371,0.6058803796768188
2976,8,372,0.2985862195491791
2977,9,1,0.26025328040122986
2978,9,2,0.30034923553466797
2979,9,3,0.3803892731666565
2980,9,4,0.3299398720264435
2981,9,5,0.36850637197494507
2982,9,6,0.2561323046684265
2983,9,7,0.3208385109901428
2984,9,8,0.28305917978286743
2985,9,9,0.3286922872066498
2986,9,10,0.3118014633655548
2987,9,11,0.43605247139930725
2988,9,12,0.4510447084903717
2989,9,13,0.33034437894821167
2990,9,14,0.3306420147418976
2991,9,15,0.39370468258857727
2992,9,16,0.38850459456443787
2993,9,17,0.25533390045166016
2994,9,18,0.36497241258621216
2995,9,19,0.3148691952228546
2996,9,20,0.3115318715572357
2997,9,21,0.3508607745170593
2998,9,22,0.31036633253097534
2999,9,23,0.2812788486480713
3000,9,24,0.2607240378856659
3001,9,25,0.32929250597953796
3002,9,26,0.31670135259628296
3003,9,27,0.2290785163640976
3004,9,28,0.3251723349094391
3005,9,29,0.2571808695793152
3006,9,30,0.25313541293144226
3007,9,31,0.2977164387702942
3008,9,32,0.2986505627632141
3009,9,33,0.3525462746620178
3010,9,34,0.29372990131378174
3011,9,35,0.30486539006233215
3012,9,36,0.38705480098724365
3013,9,37,0.5160073041915894
3014,9,38,0.26811957359313965
3015,9,39,0.24018222093582153
3016,9,40,0.2789275348186493
3017,9,41,0.4040895402431488
3018,9,42,0.30521753430366516
3019,9,43,0.3860149383544922
3020,9,44,0.4119776487350464
3021,9,45,0.3801949620246887
3022,9,46,0.2710306644439697
3023,9,47,0.26934367418289185
3024,9,48,0.40623030066490173
3025,9,49,0.25397300720214844
3026,9,50,0.28522786498069763
3027,9,51,0.35539710521698
3028,9,52,0.2976483702659607
3029,9,53,0.3557821214199066
3030,9,54,0.3539598882198334
3031,9,55,0.2861984968185425
3032,9,56,0.33348676562309265
3033,9,57,0.3403224050998688
3034,9,58,0.27879059314727783
3035,9,59,0.2844226658344269
3036,9,60,0.30042773485183716
3037,9,61,0.3184409439563751
3038,9,62,0.29073187708854675
3039,9,63,0.3062724471092224
3040,9,64,0.3500162661075592
3041,9,65,0.29063522815704346
3042,9,66,0.42044317722320557
3043,9,67,0.2651683986186981
3044,9,68,0.3381398618221283
3045,9,69,0.3090974688529968
3046,9,70,0.3569570481777191
3047,9,71,0.2713325023651123
3048,9,72,0.2993606925010681
3049,9,73,0.2861519157886505
3050,9,74,0.34331437945365906
3051,9,75,0.2567797005176544
3052,9,76,0.2408931702375412
3053,9,77,0.33537963032722473
3054,9,78,0.2746524512767792
3055,9,79,0.3414272367954254
3056,9,80,0.32035812735557556
3057,9,81,0.29156818985939026
3058,9,82,0.43458041548728943
3059,9,83,0.27216237783432007
3060,9,84,0.32728350162506104
3061,9,85,0.28984180092811584
3062,9,86,0.22688649594783783
3063,9,87,0.37601909041404724
3064,9,88,0.41745254397392273
3065,9,89,0.32853272557258606
3066,9,90,0.26703521609306335
3067,9,91,0.3650585412979126
3068,9,92,0.27581560611724854
3069,9,93,0.38807544112205505
3070,9,94,0.3186897933483124
3071,9,95,0.5570195317268372
3072,9,96,0.3031511902809143
3073,9,97,0.29431620240211487
3074,9,98,0.27908825874328613
3075,9,99,0.30145782232284546
3076,9,100,0.2625563442707062
3077,9,101,0.39693182706832886
3078,9,102,0.27420562505722046
3079,9,103,0.2394733875989914
3080,9,104,0.2955983877182007
3081,9,105,0.41919320821762085
3082,9,106,0.2911249101161957
3083,9,107,0.3087547719478607
3084,9,108,0.2772797644138336
3085,9,109,0.2438933253288269
3086,9,110,0.41995319724082947
3087,9,111,0.32366836071014404
3088,9,112,0.2661629021167755
3089,9,113,0.27026522159576416
3090,9,114,0.2927832007408142
3091,9,115,0.25708988308906555
3092,9,116,0.21586790680885315
3093,9,117,0.3373963534832001
3094,9,118,0.26395532488822937
3095,9,119,0.34325772523880005
3096,9,120,0.24863684177398682
3097,9,121,0.2548450231552124
3098,9,122,0.3476044833660126
3099,9,123,1.1264249086380005
3100,9,124,0.35235658288002014
3101,9,125,0.24233223497867584
3102,9,126,0.27903690934181213
3103,9,127,0.32216694951057434
3104,9,128,0.4067434072494507
3105,9,129,0.29662996530532837
3106,9,130,0.4547349214553833
3107,9,131,0.24980200827121735
3108,9,132,0.3795921206474304
3109,9,133,0.2512235939502716
3110,9,134,0.37285566329956055
3111,9,135,1.3234916925430298
3112,9,136,0.2737443447113037
3113,9,137,0.29388314485549927
3114,9,138,0.32045698165893555
3115,9,139,0.44829851388931274
3116,9,140,0.5101283192634583
3117,9,141,0.37171509861946106
3118,9,142,0.28583964705467224
3119,9,143,0.37968212366104126
3120,9,144,0.47121235728263855
3121,9,145,0.36546990275382996
3122,9,146,0.3293452560901642
3123,9,147,0.2524332106113434
3124,9,148,0.35663503408432007
3125,9,149,0.32057008147239685
3126,9,150,0.31879130005836487
3127,9,151,0.2833115756511688
3128,9,152,0.35214942693710327
3129,9,153,0.3365665376186371
3130,9,154,0.24796082079410553
3131,9,155,0.3873017728328705
3132,9,156,0.28692981600761414
3133,9,157,0.40305131673812866
3134,9,158,0.243240088224411
3135,9,159,0.3116592466831207
3136,9,160,0.28657713532447815
3137,9,161,0.3794981837272644
3138,9,162,1.072698712348938
3139,9,163,0.33623093366622925
3140,9,164,0.32498908042907715
3141,9,165,0.305429607629776
3142,9,166,0.8591075539588928
3143,9,167,0.46992018818855286
3144,9,168,0.379768431186676
3145,9,169,0.30448323488235474
3146,9,170,0.2572300136089325
3147,9,171,0.26106685400009155
3148,9,172,0.29241546988487244
3149,9,173,0.30223485827445984
3150,9,174,0.4330706298351288
3151,9,175,0.22604826092720032
3152,9,176,0.2964990735054016
3153,9,177,0.40797868371009827
3154,9,178,0.3364594280719757
3155,9,179,0.3495843708515167
3156,9,180,0.4224013388156891
3157,9,181,0.35863006114959717
3158,9,182,0.23168101906776428
3159,9,183,0.2362765222787857
3160,9,184,0.2808476686477661
3161,9,185,0.3295747935771942
3162,9,186,0.3802090287208557
3163,9,187,0.39179345965385437
3164,9,188,0.605470597743988
3165,9,189,0.8128448128700256
3166,9,190,0.32394635677337646
3167,9,191,0.4764523208141327
3168,9,192,0.33230534195899963
3169,9,193,0.3356951177120209
3170,9,194,0.37473925948143005
3171,9,195,0.352197527885437
3172,9,196,0.2923531234264374
3173,9,197,0.25651293992996216
3174,9,198,0.2832876145839691
3175,9,199,0.34247878193855286
3176,9,200,0.4063239097595215
3177,9,201,0.42739295959472656
3178,9,202,0.33392930030822754
3179,9,203,0.2631908655166626
3180,9,204,0.2385125309228897
3181,9,205,0.3933221399784088
3182,9,206,0.2946527898311615
3183,9,207,0.28523221611976624
3184,9,208,0.25373727083206177
3185,9,209,0.32194721698760986
3186,9,210,0.33347898721694946
3187,9,211,0.29028838872909546
3188,9,212,1.1478345394134521
3189,9,213,0.2852663993835449
3190,9,214,0.41506361961364746
3191,9,215,0.28309348225593567
3192,9,216,0.3871961236000061
3193,9,217,0.5202640891075134
3194,9,218,0.4209909737110138
3195,9,219,0.3348136246204376
3196,9,220,0.36360546946525574
3197,9,221,0.35378316044807434
3198,9,222,0.5021490454673767
3199,9,223,0.4277324974536896
3200,9,224,0.362866073846817
3201,9,225,0.37864840030670166
3202,9,226,0.3866330087184906
3203,9,227,0.7161941528320312
3204,9,228,0.3354925215244293
3205,9,229,0.7046425938606262
3206,9,230,0.31525203585624695
3207,9,231,0.4751300811767578
3208,9,232,0.3068181872367859
3209,9,233,0.35172852873802185
3210,9,234,0.38085076212882996
3211,9,235,0.321441113948822
3212,9,236,0.3402523100376129
3213,9,237,0.31899258494377136
3214,9,238,0.2869402766227722
3215,9,239,0.29345840215682983
3216,9,240,0.2939859926700592
3217,9,241,0.2891075015068054
3218,9,242,0.38029876351356506
3219,9,243,0.3308342397212982
3220,9,244,0.2801268696784973
3221,9,245,0.2797328233718872
3222,9,246,0.30511918663978577
3223,9,247,0.389741986989975
3224,9,248,0.2467341423034668
3225,9,249,0.27930253744125366
3226,9,250,0.2703455984592438
3227,9,251,0.27402907609939575
3228,9,252,0.3934193253517151
3229,9,253,0.2726529538631439
3230,9,254,0.3360578119754791
3231,9,255,0.3784960210323334
3232,9,256,0.3395523130893707
3233,9,257,0.38910698890686035
3234,9,258,0.4016571640968323
3235,9,259,0.3066685199737549
3236,9,260,0.38886386156082153
3237,9,261,0.3126501739025116
3238,9,262,0.35590681433677673
3239,9,263,0.302914023399353
3240,9,264,0.946546196937561
3241,9,265,0.38172128796577454
3242,9,266,0.35805103182792664
3243,9,267,0.4264943301677704
3244,9,268,0.32895857095718384
3245,9,269,0.349147230386734
3246,9,270,0.49160245060920715
3247,9,271,0.4145295023918152
3248,9,272,0.32091349363327026
3249,9,273,0.44524380564689636
3250,9,274,0.4454563856124878
3251,9,275,0.37416672706604004
3252,9,276,0.32731518149375916
3253,9,277,0.4707958698272705
3254,9,278,0.3781214952468872
3255,9,279,0.37684521079063416
3256,9,280,0.40494319796562195
3257,9,281,0.3009994626045227
3258,9,282,0.2690712511539459
3259,9,283,0.3225589990615845
3260,9,284,0.3448423445224762
3261,9,285,1.146456003189087
3262,9,286,0.3393040597438812
3263,9,287,0.2670145332813263
3264,9,288,0.43130871653556824
3265,9,289,0.45334431529045105
3266,9,290,0.43179506063461304
3267,9,291,0.35962849855422974
3268,9,292,0.3609325587749481
3269,9,293,0.3426300287246704
3270,9,294,0.308432400226593
3271,9,295,0.41269034147262573
3272,9,296,0.5820417404174805
3273,9,297,0.29752159118652344
3274,9,298,0.2765553593635559
3275,9,299,0.3972785174846649
3276,9,300,0.30926987528800964
3277,9,301,0.2921880781650543
3278,9,302,0.2521609961986542
3279,9,303,0.3172200322151184
3280,9,304,0.2833549976348877
3281,9,305,0.4578641653060913
3282,9,306,0.2671203911304474
3283,9,307,0.3080691993236542
3284,9,308,0.342251181602478
3285,9,309,0.8582164645195007
3286,9,310,0.3597658574581146
3287,9,311,0.439645379781723
3288,9,312,0.4813997149467468
3289,9,313,0.36257532238960266
3290,9,314,0.4528527855873108
3291,9,315,0.2399502843618393
3292,9,316,0.2912102937698364
3293,9,317,0.3401545286178589
3294,9,318,0.6159576177597046
3295,9,319,0.2936089038848877
3296,9,320,0.3928408622741699
3297,9,321,0.3379474878311157
3298,9,322,0.30891573429107666
3299,9,323,0.35132595896720886
3300,9,324,0.35461947321891785
3301,9,325,0.28261861205101013
3302,9,326,0.29614782333374023
3303,9,327,0.31928011775016785
3304,9,328,0.22181418538093567
3305,9,329,0.4595317542552948
3306,9,330,0.31245115399360657
3307,9,331,0.3574627935886383
3308,9,332,0.3450928032398224
3309,9,333,0.3030465543270111
3310,9,334,0.4089662432670593
3311,9,335,0.2819690704345703
3312,9,336,0.30666476488113403
3313,9,337,0.27107706665992737
3314,9,338,0.6236746907234192
3315,9,339,0.30809110403060913
3316,9,340,0.34195923805236816
3317,9,341,0.262005478143692
3318,9,342,0.3569878041744232
3319,9,343,0.3562758266925812
3320,9,344,0.37449803948402405
3321,9,345,0.27550506591796875
3322,9,346,1.1682088375091553
3323,9,347,0.3890977203845978
3324,9,348,0.27934274077415466
3325,9,349,0.25584420561790466
3326,9,350,0.328339159488678
3327,9,351,0.3139405846595764
3328,9,352,0.3255150020122528
3329,9,353,0.32753241062164307
3330,9,354,0.34380826354026794
3331,9,355,0.333034485578537
3332,9,356,0.29466456174850464
3333,9,357,0.285353422164917
3334,9,358,0.2881070077419281
3335,9,359,0.4284658432006836
3336,9,360,0.3004010021686554
3337,9,361,0.45587867498397827
3338,9,362,0.3127785325050354
3339,9,363,0.4161328673362732
3340,9,364,0.29254019260406494
3341,9,365,0.26107317209243774
3342,9,366,0.3479502499103546
3343,9,367,0.3683469295501709
3344,9,368,0.2744239568710327
3345,9,369,0.4796302616596222
3346,9,370,0.33965733647346497
3347,9,371,0.27965348958969116
3348,9,372,0.3262906074523926
3349,10,1,0.3358626663684845
3350,10,2,0.2620048224925995
3351,10,3,0.32282644510269165
3352,10,4,0.2676757872104645
3353,10,5,0.26967570185661316
3354,10,6,0.43224868178367615
3355,10,7,0.2860756814479828
3356,10,8,0.2558457553386688
3357,10,9,0.26188045740127563
3358,10,10,0.29390957951545715
3359,10,11,0.24473994970321655
3360,10,12,0.28987881541252136
3361,10,13,0.301278293132782
3362,10,14,0.26550841331481934
3363,10,15,0.2516988515853882
3364,10,16,0.261890709400177
3365,10,17,0.30552950501441956
3366,10,18,0.32862532138824463
3367,10,19,0.23825481534004211
3368,10,20,0.4620504379272461
3369,10,21,0.29703614115715027
3370,10,22,0.34423187375068665
3371,10,23,0.3146332800388336
3372,10,24,0.39384007453918457
3373,10,25,0.4913838505744934
3374,10,26,0.2970421612262726
3375,10,27,0.2938956916332245
3376,10,28,0.2957391142845154
3377,10,29,0.2719229459762573
3378,10,30,0.2769082188606262
3379,10,31,0.27750539779663086
3380,10,32,0.293230265378952
3381,10,33,0.27079325914382935
3382,10,34,0.28682029247283936
3383,10,35,0.27526625990867615
3384,10,36,0.2783590853214264
3385,10,37,0.2719133198261261
3386,10,38,0.22964192926883698
3387,10,39,0.2781675159931183
3388,10,40,0.3553076684474945
3389,10,41,0.3075798749923706
3390,10,42,0.3055291175842285
3391,10,43,0.2861475646495819
3392,10,44,0.21722917258739471
3393,10,45,0.34357449412345886
3394,10,46,0.2644858956336975
3395,10,47,0.29982510209083557
3396,10,48,0.2539657652378082
3397,10,49,0.3352353870868683
3398,10,50,0.29740020632743835
3399,10,51,0.33393728733062744
3400,10,52,0.22300973534584045
3401,10,53,0.21608223021030426
3402,10,54,0.26965826749801636
3403,10,55,0.2654370963573456
3404,10,56,0.31342169642448425
3405,10,57,0.306596577167511
3406,10,58,0.2674565017223358
3407,10,59,0.30030232667922974
3408,10,60,0.40833136439323425
3409,10,61,0.2885940968990326
3410,10,62,0.37404003739356995
3411,10,63,0.5382683277130127
3412,10,64,0.29762619733810425
3413,10,65,0.3697552978992462
3414,10,66,0.43380293250083923
3415,10,67,0.26832079887390137
3416,10,68,0.2741087079048157
3417,10,69,0.22115081548690796
3418,10,70,0.2473820149898529
3419,10,71,0.3129968047142029
3420,10,72,0.23783007264137268
3421,10,73,0.4152335524559021
3422,10,74,0.7559661865234375
3423,10,75,0.2704884111881256
3424,10,76,0.317751407623291
3425,10,77,0.21201390027999878
3426,10,78,0.25788334012031555
3427,10,79,0.25311046838760376
3428,10,80,0.2792222797870636
3429,10,81,0.2659538686275482
3430,10,82,0.2818531394004822
3431,10,83,0.34154441952705383
3432,10,84,0.23995845019817352
3433,10,85,0.24011434614658356
3434,10,86,0.29811665415763855
3435,10,87,0.24032197892665863
3436,10,88,0.21651247143745422
3437,10,89,0.2718607187271118
3438,10,90,0.340116947889328
3439,10,91,0.3102766275405884
3440,10,92,0.1978742480278015
3441,10,93,0.21972711384296417
3442,10,94,0.4654042720794678
3443,10,95,0.26878777146339417
3444,10,96,0.2311933934688568
3445,10,97,0.3631783425807953
3446,10,98,0.2790192663669586
3447,10,99,0.3316303491592407
3448,10,100,0.254315584897995
3449,10,101,0.2939355671405792
3450,10,102,0.32697594165802
3451,10,103,0.41806530952453613
3452,10,104,0.24090570211410522
3453,10,105,0.3278521001338959
3454,10,106,0.23988759517669678
3455,10,107,0.31740108132362366
3456,10,108,0.2494475394487381
3457,10,109,0.25021591782569885
3458,10,110,0.23177053034305573
3459,10,111,0.2624654769897461
3460,10,112,0.25544634461402893
3461,10,113,0.27450647950172424
3462,10,114,0.27587568759918213
3463,10,115,0.2749228775501251
3464,10,116,0.3020268380641937
3465,10,117,0.3350506126880646
3466,10,118,0.3318129777908325
3467,10,119,0.23977918922901154
3468,10,120,0.2620237469673157
3469,10,121,0.28211909532546997
3470,10,122,0.22489000856876373
3471,10,123,0.3457052707672119
3472,10,124,0.2774733006954193
3473,10,125,0.24363183975219727
3474,10,126,0.29039478302001953
3475,10,127,0.21814650297164917
3476,10,128,0.33964774012565613
3477,10,129,0.23738783597946167
3478,10,130,0.22369946539402008
3479,10,131,0.32862916588783264
3480,10,132,0.27899977564811707
3481,10,133,0.2943372130393982
3482,10,134,0.2396489828824997
3483,10,135,0.26363205909729004
3484,10,136,0.2611624300479889
3485,10,137,0.4930073618888855
3486,10,138,0.26338696479797363
3487,10,139,0.3389841914176941
3488,10,140,0.25389954447746277
3489,10,141,0.2715216875076294
3490,10,142,0.3689519166946411
3491,10,143,0.22685153782367706
3492,10,144,0.37609052658081055
3493,10,145,0.27636170387268066
3494,10,146,0.39899343252182007
3495,10,147,0.28892698884010315
3496,10,148,0.26987525820732117
3497,10,149,0.2741773724555969
3498,10,150,0.29593923687934875
3499,10,151,0.23304663598537445
3500,10,152,0.3650442361831665
3501,10,153,0.26161015033721924
3502,10,154,0.28467223048210144
3503,10,155,0.2535064220428467
3504,10,156,0.24940380454063416
3505,10,157,0.2496635764837265
3506,10,158,0.22681516408920288
3507,10,159,0.2850918173789978
3508,10,160,0.25256243348121643
3509,10,161,0.2323095053434372
3510,10,162,0.25367674231529236
3511,10,163,0.30329814553260803
3512,10,164,0.28900161385536194
3513,10,165,0.35963520407676697
3514,10,166,0.20678679645061493
3515,10,167,0.29319560527801514
3516,10,168,0.3035995066165924
3517,10,169,0.4489600658416748
3518,10,170,0.29750320315361023
3519,10,171,0.24365323781967163
3520,10,172,0.2174263298511505
3521,10,173,0.5960936546325684
3522,10,174,0.2709916830062866
3523,10,175,0.43864578008651733
3524,10,176,0.3134787082672119
3525,10,177,0.3146284222602844
3526,10,178,0.323322057723999
3527,10,179,0.3593197464942932
3528,10,180,0.2528668940067291
3529,10,181,0.30116742849349976
3530,10,182,0.27059605717658997
3531,10,183,0.458269864320755
3532,10,184,0.3175404965877533
3533,10,185,0.25575244426727295
3534,10,186,0.36717933416366577
3535,10,187,0.3100394904613495
3536,10,188,0.43408966064453125
3537,10,189,0.28975918889045715
3538,10,190,0.27731701731681824
3539,10,191,0.40042543411254883
3540,10,192,0.38938045501708984
3541,10,193,0.30132532119750977
3542,10,194,0.23862408101558685
3543,10,195,0.30666863918304443
3544,10,196,0.29782208800315857
3545,10,197,0.1959344893693924
3546,10,198,0.264926940202713
3547,10,199,0.2438330203294754
3548,10,200,0.6475518345832825
3549,10,201,0.19163981080055237
3550,10,202,0.2819047272205353
3551,10,203,0.31539222598075867
3552,10,204,0.8885024189949036
3553,10,205,0.3525959849357605
3554,10,206,0.23129282891750336
3555,10,207,0.262824684381485
3556,10,208,0.38598671555519104
3557,10,209,0.36875152587890625
3558,10,210,0.3984535336494446
3559,10,211,0.33919891715049744
3560,10,212,0.33067506551742554
3561,10,213,0.41043126583099365
3562,10,214,0.2317303568124771
3563,10,215,0.3100641369819641
3564,10,216,0.385663241147995
3565,10,217,0.34919044375419617
3566,10,218,0.3015124499797821
3567,10,219,0.3094688951969147
3568,10,220,0.26771605014801025
3569,10,221,0.3185012936592102
3570,10,222,0.2830255329608917
3571,10,223,0.3281730115413666
3572,10,224,0.21903811395168304
3573,10,225,0.2733254134654999
3574,10,226,0.28821441531181335
3575,10,227,0.2823251783847809
3576,10,228,0.3056466579437256
3577,10,229,0.2969725728034973
3578,10,230,0.2173852026462555
3579,10,231,0.3147660493850708
3580,10,232,0.27528369426727295
3581,10,233,0.3352782130241394
3582,10,234,0.24973000586032867
3583,10,235,0.24401605129241943
3584,10,236,0.876809298992157
3585,10,237,0.27960968017578125
3586,10,238,0.31464144587516785
3587,10,239,0.30934885144233704
3588,10,240,0.4062969982624054
3589,10,241,0.31923285126686096
3590,10,242,0.34580180048942566
3591,10,243,0.2984907627105713
3592,10,244,0.28687426447868347
3593,10,245,0.21899570524692535
3594,10,246,0.3828428387641907
3595,10,247,0.4796541929244995
3596,10,248,0.20140217244625092
3597,10,249,0.2701612710952759
3598,10,250,0.25253066420555115
3599,10,251,0.2746826708316803
3600,10,252,0.3588930070400238
3601,10,253,0.3159777522087097
3602,10,254,0.2959333658218384
3603,10,255,0.3374887704849243
3604,10,256,0.7634406685829163
3605,10,257,0.28827396035194397
3606,10,258,0.2975899577140808
3607,10,259,0.2899164855480194
3608,10,260,0.33392858505249023
3609,10,261,0.2408364713191986
3610,10,262,0.30314305424690247
3611,10,263,0.40692779421806335
3612,10,264,0.4149165749549866
3613,10,265,0.37546104192733765
3614,10,266,0.2429453730583191
3615,10,267,0.27952468395233154
3616,10,268,0.3888697624206543
3617,10,269,0.424193799495697
3618,10,270,0.3104637861251831
3619,10,271,0.21598748862743378
3620,10,272,0.2151821255683899
3621,10,273,0.651436984539032
3622,10,274,0.2908458709716797
3623,10,275,0.21539445221424103
3624,10,276,0.23704230785369873
3625,10,277,0.32401761412620544
3626,10,278,0.21452279388904572
3627,10,279,0.31702855229377747
3628,10,280,0.3561789095401764
3629,10,281,0.26967868208885193
3630,10,282,0.266154408454895
3631,10,283,0.3488868176937103
3632,10,284,0.22887715697288513
3633,10,285,0.3017789125442505
3634,10,286,0.2458469122648239
3635,10,287,0.3223564326763153
3636,10,288,0.3646392226219177
3637,10,289,0.22963620722293854
3638,10,290,0.2616675794124603
3639,10,291,0.2727122902870178
3640,10,292,0.3716791570186615
3641,10,293,0.3560270667076111
3642,10,294,0.2892516553401947
3643,10,295,0.27617356181144714
3644,10,296,0.33981853723526
3645,10,297,0.3393626809120178
3646,10,298,0.442049503326416
3647,10,299,0.22608192265033722
3648,10,300,0.2749538719654083
3649,10,301,0.3525008261203766
3650,10,302,0.2708306610584259
3651,10,303,0.702605128288269
3652,10,304,0.33957430720329285
3653,10,305,0.3123035430908203
3654,10,306,0.3500363826751709
3655,10,307,0.33170512318611145
3656,10,308,0.28824493288993835
3657,10,309,0.32221806049346924
3658,10,310,0.4229663610458374
3659,10,311,0.27996116876602173
3660,10,312,0.3332647681236267
3661,10,313,0.26364338397979736
3662,10,314,0.3335532248020172
3663,10,315,0.234903022646904
3664,10,316,0.30681005120277405
3665,10,317,0.303323894739151
3666,10,318,0.2651597559452057
3667,10,319,0.28775709867477417
3668,10,320,0.33735430240631104
3669,10,321,0.3130631744861603
3670,10,322,0.299263596534729
3671,10,323,0.3700828552246094
3672,10,324,0.22027550637722015
3673,10,325,0.2575599253177643
3674,10,326,0.2090248316526413
3675,10,327,1.0672107934951782
3676,10,328,0.3295537233352661
3677,10,329,0.30507516860961914
3678,10,330,0.22743631899356842
3679,10,331,0.30947181582450867
3680,10,332,0.2532884478569031
3681,10,333,0.490984708070755
3682,10,334,0.26145169138908386
3683,10,335,0.2664860188961029
3684,10,336,0.218857079744339
3685,10,337,0.3235031068325043
3686,10,338,0.3360379934310913
3687,10,339,0.3378114700317383
3688,10,340,0.348949134349823
3689,10,341,0.801301896572113
3690,10,342,0.3129267394542694
3691,10,343,0.24200546741485596
3692,10,344,0.20829354226589203
3693,10,345,0.2883066236972809
3694,10,346,0.3094941973686218
3695,10,347,0.2418433576822281
3696,10,348,0.38855600357055664
3697,10,349,0.28996995091438293
3698,10,350,0.3023102581501007
3699,10,351,0.22218626737594604
3700,10,352,0.25532737374305725
3701,10,353,0.24391362071037292
3702,10,354,0.2714431881904602
3703,10,355,0.23977985978126526
3704,10,356,0.26500681042671204
3705,10,357,0.2740222215652466
3706,10,358,0.5878802537918091
3707,10,359,0.30665165185928345
3708,10,360,0.2515096664428711
3709,10,361,0.2589573562145233
3710,10,362,0.25838595628738403
3711,10,363,0.2358943223953247
3712,10,364,0.606088399887085
3713,10,365,0.263062447309494
3714,10,366,0.34684479236602783
3715,10,367,0.2814804017543793
3716,10,368,0.24261978268623352
3717,10,369,0.6080591082572937
3718,10,370,0.2900184988975525
3719,10,371,0.26467350125312805
3720,10,372,0.29584813117980957
3721,11,1,0.27600806951522827
3722,11,2,0.42280471324920654
3723,11,3,0.23758883774280548
3724,11,4,0.2503821551799774
3725,11,5,0.3778292238712311
3726,11,6,0.29315924644470215
3727,11,7,0.22916670143604279
3728,11,8,0.2760199308395386
3729,11,9,0.23208925127983093
3730,11,10,0.49309954047203064
3731,11,11,0.23078536987304688
3732,11,12,0.2739561200141907
3733,11,13,0.270133376121521
3734,11,14,0.9899324774742126
3735,11,15,0.2921310365200043
3736,11,16,0.24100157618522644
3737,11,17,0.3196239769458771
3738,11,18,0.2861281931400299
3739,11,19,0.28049954771995544
3740,11,20,0.2635974586009979
3741,11,21,0.2408878654241562
3742,11,22,0.293827086687088
3743,11,23,0.25440311431884766
3744,11,24,0.26807892322540283
3745,11,25,0.3814735412597656
3746,11,26,0.35954102873802185
3747,11,27,0.42338913679122925
3748,11,28,0.3015446066856384
3749,11,29,0.24174350500106812
3750,11,30,0.3312962055206299
3751,11,31,0.26600661873817444
3752,11,32,0.277363657951355
3753,11,33,0.2561793327331543
3754,11,34,0.2283545732498169
3755,11,35,0.257829487323761
3756,11,36,0.2704145312309265
3757,11,37,0.27335119247436523
3758,11,38,0.3344263434410095
3759,11,39,0.21831277012825012
3760,11,40,0.6241821050643921
3761,11,41,0.31411078572273254
3762,11,42,0.2596689760684967
3763,11,43,0.6463420391082764
3764,11,44,0.25568729639053345
3765,11,45,0.35004109144210815
3766,11,46,0.26273858547210693
3767,11,47,0.30381837487220764
3768,11,48,0.20897330343723297
3769,11,49,0.22264830768108368
3770,11,50,0.26546356081962585
3771,11,51,0.2616596519947052
3772,11,52,0.2865961790084839
3773,11,53,0.28686171770095825
3774,11,54,0.2613047659397125
3775,11,55,0.3072497844696045
3776,11,56,0.38117676973342896
3777,11,57,0.37136006355285645
3778,11,58,0.24756884574890137
3779,11,59,0.2388065904378891
3780,11,60,0.31435060501098633
3781,11,61,0.31771254539489746
3782,11,62,0.3076089024543762
3783,11,63,0.25026026368141174
3784,11,64,0.3292621970176697
3785,11,65,0.26440146565437317
3786,11,66,0.2874632477760315
3787,11,67,0.4946483075618744
3788,11,68,0.24586127698421478
3789,11,69,0.25637149810791016
3790,11,70,0.2992093563079834
3791,11,71,0.2581956684589386
3792,11,72,0.26326626539230347
3793,11,73,0.2291916012763977
3794,11,74,0.25527238845825195
3795,11,75,0.27949121594429016
3796,11,76,0.22438707947731018
3797,11,77,0.31288719177246094
3798,11,78,0.21598699688911438
3799,11,79,0.302177369594574
3800,11,80,0.23024174571037292
3801,11,81,0.37465018033981323
3802,11,82,0.26060551404953003
3803,11,83,0.3178526759147644
3804,11,84,0.3403671085834503
3805,11,85,0.2628505825996399
3806,11,86,0.4532308578491211
3807,11,87,0.2906198501586914
3808,11,88,0.4014739692211151
3809,11,89,0.3641490936279297
3810,11,90,0.32557517290115356
3811,11,91,0.27057334780693054
3812,11,92,0.19539548456668854
3813,11,93,0.3958136737346649
3814,11,94,0.3751271367073059
3815,11,95,0.3155505955219269
3816,11,96,0.24406351149082184
3817,11,97,0.32706329226493835
3818,11,98,0.2748289108276367
3819,11,99,0.252259224653244
3820,11,100,0.2426782250404358
3821,11,101,0.28763824701309204
3822,11,102,0.25350722670555115
3823,11,103,0.26553162932395935
3824,11,104,0.2768644392490387
3825,11,105,0.2959081530570984
3826,11,106,0.30332812666893005
3827,11,107,0.26498398184776306
3828,11,108,0.32512298226356506
3829,11,109,0.27230772376060486
3830,11,110,0.2567162811756134
3831,11,111,0.4365745186805725
3832,11,112,0.5487124919891357
3833,11,113,0.2665753662586212
3834,11,114,0.34289583563804626
3835,11,115,0.2272394448518753
3836,11,116,0.22195076942443848
3837,11,117,0.3436379134654999
3838,11,118,0.2638881206512451
3839,11,119,0.27847009897232056
3840,11,120,0.2727205753326416
3841,11,121,0.28221139311790466
3842,11,122,0.3214416205883026
3843,11,123,0.23857446014881134
3844,11,124,0.28931793570518494
3845,11,125,0.2671869695186615
3846,11,126,0.23022758960723877
3847,11,127,0.3596460521221161
3848,11,128,0.2743796110153198
3849,11,129,0.229832261800766
3850,11,130,0.2931014597415924
3851,11,131,0.40538108348846436
3852,11,132,0.3431225121021271
3853,11,133,0.28298643231391907
3854,11,134,0.26804617047309875
3855,11,135,0.41108161211013794
3856,11,136,0.28802603483200073
3857,11,137,0.262026846408844
3858,11,138,0.24124392867088318
3859,11,139,0.2969425320625305
3860,11,140,0.2729906141757965
3861,11,141,0.28406766057014465
3862,11,142,0.25119516253471375
3863,11,143,0.5641903281211853
3864,11,144,0.22333398461341858
3865,11,145,0.30102288722991943
3866,11,146,0.22910216450691223
3867,11,147,0.21047049760818481
3868,11,148,0.2127179205417633
3869,11,149,0.23933008313179016
3870,11,150,0.28687116503715515
3871,11,151,0.2976522445678711
3872,11,152,0.2567737400531769
3873,11,153,0.40090641379356384
3874,11,154,0.22176960110664368
3875,11,155,0.3028732240200043
3876,11,156,0.3352186977863312
3877,11,157,0.23412510752677917
3878,11,158,0.3483043313026428
3879,11,159,0.2775097191333771
3880,11,160,0.3144621253013611
3881,11,161,0.42763084173202515
3882,11,162,0.7045897245407104
3883,11,163,0.25684240460395813
3884,11,164,0.1846499741077423
3885,11,165,0.2472323179244995
3886,11,166,0.22295138239860535
3887,11,167,0.2868562638759613
3888,11,168,0.2110125869512558
3889,11,169,0.22868837416172028
3890,11,170,0.27014651894569397
3891,11,171,0.24600009620189667
3892,11,172,0.2339000254869461
3893,11,173,0.327007919549942
3894,11,174,0.31930282711982727
3895,11,175,0.24383564293384552
3896,11,176,0.27238285541534424
3897,11,177,0.22215494513511658
3898,11,178,0.3652009069919586
3899,11,179,0.3236887454986572
3900,11,180,0.24177999794483185
3901,11,181,0.3091731071472168
3902,11,182,0.18081887066364288
3903,11,183,0.24222570657730103
3904,11,184,0.3228963017463684
3905,11,185,0.23782001435756683
3906,11,186,0.2902883291244507
3907,11,187,0.28958946466445923
3908,11,188,0.2851353585720062
3909,11,189,0.27865734696388245
3910,11,190,0.264199823141098
3911,11,191,0.3113374710083008
3912,11,192,0.33832740783691406
3913,11,193,0.2101876139640808
3914,11,194,0.3989158272743225
3915,11,195,0.21680524945259094
3916,11,196,0.24007682502269745
3917,11,197,0.21840861439704895
3918,11,198,0.22283834218978882
3919,11,199,0.2331981658935547
3920,11,200,0.27263712882995605
3921,11,201,0.2719862759113312
3922,11,202,0.23190419375896454
3923,11,203,0.2204204648733139
3924,11,204,0.22197280824184418
3925,11,205,0.23602139949798584
3926,11,206,0.5417221188545227
3927,11,207,0.23535944521427155
3928,11,208,0.3445203900337219
3929,11,209,0.25632405281066895
3930,11,210,0.24145489931106567
3931,11,211,0.26994967460632324
3932,11,212,0.2587544918060303
3933,11,213,0.2113838642835617
3934,11,214,0.30359718203544617
3935,11,215,0.3549448251724243
3936,11,216,0.2342607080936432
3937,11,217,0.2625734806060791
3938,11,218,0.6907025575637817
3939,11,219,0.22422966361045837
3940,11,220,0.29119986295700073
3941,11,221,0.37496417760849
3942,11,222,0.2702046036720276
3943,11,223,0.2189747840166092
3944,11,224,0.2589356303215027
3945,11,225,0.29224810004234314
3946,11,226,0.24294796586036682
3947,11,227,0.23517483472824097
3948,11,228,0.5464394092559814
3949,11,229,0.2250862568616867
3950,11,230,0.25833186507225037
3951,11,231,0.1934792399406433
3952,11,232,0.24221304059028625
3953,11,233,0.3149665892124176
3954,11,234,0.29534006118774414
3955,11,235,0.20052942633628845
3956,11,236,0.20150357484817505
3957,11,237,0.3027437925338745
3958,11,238,0.2243356704711914
3959,11,239,0.5075888633728027
3960,11,240,0.23950563371181488
3961,11,241,0.2321922928094864
3962,11,242,0.30373454093933105
3963,11,243,0.1901891827583313
3964,11,244,0.22056911885738373
3965,11,245,0.30425989627838135
3966,11,246,0.4611741006374359
3967,11,247,0.2706310749053955
3968,11,248,0.23940882086753845
3969,11,249,0.231866255402565
3970,11,250,0.26040053367614746
3971,11,251,0.4255352318286896
3972,11,252,0.21440012753009796
3973,11,253,0.28580033779144287
3974,11,254,0.24682487547397614
3975,11,255,0.2142353653907776
3976,11,256,0.2819328308105469
3977,11,257,0.29151222109794617
3978,11,258,0.30414673686027527
3979,11,259,0.3547994792461395
3980,11,260,0.22547969222068787
3981,11,261,0.2880084812641144
3982,11,262,0.22616106271743774
3983,11,263,0.39309966564178467
3984,11,264,0.22265873849391937
3985,11,265,0.2033005654811859
3986,11,266,0.23463375866413116
3987,11,267,0.2337777316570282
3988,11,268,0.21806369721889496
3989,11,269,0.38964539766311646
3990,11,270,0.22002939879894257
3991,11,271,0.2715873420238495
3992,11,272,0.2966117262840271
3993,11,273,0.24338527023792267
3994,11,274,0.23173823952674866
3995,11,275,0.26536187529563904
3996,11,276,0.25855258107185364
3997,11,277,0.19943827390670776
3998,11,278,0.200164332985878
3999,11,279,0.3054291903972626
4000,11,280,0.329908162355423
4001,11,281,0.3152868151664734
4002,11,282,0.2441110908985138
4003,11,283,0.5499832034111023
4004,11,284,0.22462403774261475
4005,11,285,0.30588263273239136
4006,11,286,0.27193015813827515
4007,11,287,0.22432059049606323
4008,11,288,0.315762996673584
4009,11,289,0.25563016533851624
4010,11,290,0.3235153555870056
4011,11,291,0.33749744296073914
4012,11,292,0.24092073738574982
4013,11,293,0.3432003855705261
4014,11,294,0.2162642776966095
4015,11,295,0.32479605078697205
4016,11,296,0.4391203820705414
4017,11,297,0.25477421283721924
4018,11,298,0.2652354836463928
4019,11,299,0.2617027759552002
4020,11,300,0.3440576493740082
4021,11,301,0.27373206615448
4022,11,302,0.30357757210731506
4023,11,303,0.2740786671638489
4024,11,304,0.23471218347549438
4025,11,305,0.23557040095329285
4026,11,306,0.2983572781085968
4027,11,307,0.45858603715896606
4028,11,308,0.28020596504211426
4029,11,309,0.23456765711307526
4030,11,310,0.4454420804977417
4031,11,311,0.25480127334594727
4032,11,312,0.23555433750152588
4033,11,313,0.2449619174003601
4034,11,314,0.270210862159729
4035,11,315,0.23231306672096252
4036,11,316,0.1994030475616455
4037,11,317,0.22121194005012512
4038,11,318,0.2418571561574936
4039,11,319,0.18905891478061676
4040,11,320,0.22914670407772064
4041,11,321,0.2710001766681671
4042,11,322,0.260101318359375
4043,11,323,0.4134760797023773
4044,11,324,0.3377028703689575
4045,11,325,0.3048372268676758
4046,11,326,0.27236029505729675
4047,11,327,0.2887965738773346
4048,11,328,0.31745192408561707
4049,11,329,0.3344152569770813
4050,11,330,0.21550577878952026
4051,11,331,0.26718202233314514
4052,11,332,0.2364303469657898
4053,11,333,0.21123169362545013
4054,11,334,0.31487417221069336
4055,11,335,0.6257062554359436
4056,11,336,0.23582832515239716
4057,11,337,0.24697452783584595
4058,11,338,0.4234372079372406
4059,11,339,0.22492097318172455
4060,11,340,0.392947793006897
4061,11,341,0.3882363438606262
4062,11,342,0.3971624970436096
4063,11,343,0.33411192893981934
4064,11,344,0.25283610820770264
4065,11,345,0.3183285892009735
4066,11,346,0.3326629102230072
4067,11,347,0.2664022743701935
4068,11,348,0.2644434869289398
4069,11,349,0.297791987657547
4070,11,350,0.2577485144138336
4071,11,351,0.30169686675071716
4072,11,352,0.22816261649131775
4073,11,353,0.27781379222869873
4074,11,354,0.32881882786750793
4075,11,355,0.2844746708869934
4076,11,356,0.2753921449184418
4077,11,357,0.29004552960395813
4078,11,358,0.3012638986110687
4079,11,359,0.4276367723941803
4080,11,360,0.3700053095817566
4081,11,361,0.30157116055488586
4082,11,362,0.26111483573913574
4083,11,363,0.3164926767349243
4084,11,364,0.27011537551879883
4085,11,365,0.21620188653469086
4086,11,366,0.22078122198581696
4087,11,367,0.3134515583515167
4088,11,368,0.26176515221595764
4089,11,369,0.3329562246799469
4090,11,370,0.28360623121261597
4091,11,371,0.3650648891925812
4092,11,372,0.3573073446750641
4093,12,1,0.19981209933757782
4094,12,2,0.1860300749540329
4095,12,3,0.21885614097118378
4096,12,4,0.30506864190101624
4097,12,5,0.5249409079551697
4098,12,6,0.27435603737831116
4099,12,7,0.30876490473747253
4100,12,8,0.30489739775657654
4101,12,9,0.3286072313785553
4102,12,10,0.4772286117076874
4103,12,11,0.29915326833724976
4104,12,12,0.22077687084674835
4105,12,13,0.25786682963371277
4106,12,14,0.2617250084877014
4107,12,15,0.28575339913368225
4108,12,16,0.29265907406806946
4109,12,17,0.22784806787967682
4110,12,18,0.2567651569843292
4111,12,19,0.3491377532482147
4112,12,20,0.287278413772583
4113,12,21,0.24389491975307465
4114,12,22,0.31163036823272705
4115,12,23,0.3683945834636688
4116,12,24,0.3140137493610382
4117,12,25,0.5908083319664001
4118,12,26,0.2846452593803406
4119,12,27,0.3177919387817383
4120,12,28,0.26261258125305176
4121,12,29,0.20844413340091705
4122,12,30,0.3138746917247772
4123,12,31,0.25588929653167725
4124,12,32,0.2759911119937897
4125,12,33,0.2202642858028412
4126,12,34,0.3264808654785156
4127,12,35,0.2410944551229477
4128,12,36,0.24981461465358734
4129,12,37,0.33845120668411255
4130,12,38,0.2638919949531555
4131,12,39,0.2696024477481842
4132,12,40,0.2607811689376831
4133,12,41,0.2635747194290161
4134,12,42,0.2738604247570038
4135,12,43,0.3156833350658417
4136,12,44,0.27200600504875183
4137,12,45,0.1959744095802307
4138,12,46,0.21969541907310486
4139,12,47,0.6811793446540833
4140,12,48,0.3144548237323761
4141,12,49,0.252765029668808
4142,12,50,0.23073381185531616
4143,12,51,0.23213571310043335
4144,12,52,0.2852068543434143
4145,12,53,0.24755102396011353
4146,12,54,0.23616358637809753
4147,12,55,0.23947905004024506
4148,12,56,0.21859054267406464
4149,12,57,0.25281307101249695
4150,12,58,0.2562251091003418
4151,12,59,0.3735792338848114
4152,12,60,0.20708994567394257
4153,12,61,0.2655712366104126
4154,12,62,0.3855184018611908
4155,12,63,0.3280172049999237
4156,12,64,0.2755887806415558
4157,12,65,0.31239762902259827
4158,12,66,0.24917705357074738
4159,12,67,0.2260182499885559
4160,12,68,0.28498125076293945
4161,12,69,0.18181926012039185
4162,12,70,0.254571795463562
4163,12,71,0.3475824296474457
4164,12,72,0.22694361209869385
4165,12,73,0.30164387822151184
4166,12,74,0.23211312294006348
4167,12,75,0.18543703854084015
4168,12,76,0.23078493773937225
4169,12,77,0.3481149971485138
4170,12,78,0.28334203362464905
4171,12,79,0.23201395571231842
4172,12,80,0.2722886800765991
4173,12,81,0.24387699365615845
4174,12,82,0.2411627620458603
4175,12,83,0.31045177578926086
4176,12,84,0.24825847148895264
4177,12,85,0.2677909731864929
4178,12,86,0.5246180891990662
4179,12,87,0.2821637988090515
4180,12,88,0.21828290820121765
4181,12,89,0.37168577313423157
4182,12,90,0.2349960058927536
4183,12,91,0.5076691508293152
4184,12,92,0.66358882188797
4185,12,93,0.2361903190612793
4186,12,94,0.30920034646987915
4187,12,95,0.3144102990627289
4188,12,96,0.24037156999111176
4189,12,97,0.25484591722488403
4190,12,98,0.26795968413352966
4191,12,99,0.24668680131435394
4192,12,100,0.4549315571784973
4193,12,101,0.26991310715675354
4194,12,102,0.31389716267585754
4195,12,103,0.23075412213802338
4196,12,104,0.26260262727737427
4197,12,105,0.48208707571029663
4198,12,106,0.2624407708644867
4199,12,107,0.24984228610992432
4200,12,108,0.27757295966148376
4201,12,109,0.33919718861579895
4202,12,110,0.2440813183784485
4203,12,111,0.28251901268959045
4204,12,112,0.1948879063129425
4205,12,113,0.21229299902915955
4206,12,114,0.26262250542640686
4207,12,115,0.18053093552589417
4208,12,116,0.6376373767852783
4209,12,117,0.20845824480056763
4210,12,118,0.23160924017429352
4211,12,119,0.28479328751564026
4212,12,120,0.38580411672592163
4213,12,121,0.2620111405849457
4214,12,122,0.28024640679359436
4215,12,123,0.2966748774051666
4216,12,124,0.2340158224105835
4217,12,125,0.228325754404068
4218,12,126,0.25561439990997314
4219,12,127,0.26338425278663635
4220,12,128,0.20969907939434052
4221,12,129,0.21398073434829712
4222,12,130,0.29040995240211487
4223,12,131,0.3724912405014038
4224,12,132,0.3306725025177002
4225,12,133,0.3272361755371094
4226,12,134,0.22254620492458344
4227,12,135,0.5668059587478638
4228,12,136,0.23378004133701324
4229,12,137,0.2889384627342224
4230,12,138,0.28945061564445496
4231,12,139,0.2689940631389618
4232,12,140,0.2532665431499481
4233,12,141,0.24826721847057343
4234,12,142,0.316679447889328
4235,12,143,0.3650815784931183
4236,12,144,0.40225082635879517
4237,12,145,0.22810973227024078
4238,12,146,0.24232427775859833
4239,12,147,0.2688053250312805
4240,12,148,0.37941503524780273
4241,12,149,0.33957841992378235
4242,12,150,0.2521151006221771
4243,12,151,0.3022608757019043
4244,12,152,0.2615051567554474
4245,12,153,0.2390226423740387
4246,12,154,0.2964151203632355
4247,12,155,0.2891883850097656
4248,12,156,0.4517113268375397
4249,12,157,0.2514354884624481
4250,12,158,0.23578087985515594
4251,12,159,0.35014668107032776
4252,12,160,0.2455836683511734
4253,12,161,0.3051031529903412
4254,12,162,0.3395327627658844
4255,12,163,0.24129948019981384
4256,12,164,0.2182943969964981
4257,12,165,0.23828057944774628
4258,12,166,0.8126235008239746
4259,12,167,0.2372940182685852
4260,12,168,0.3543616235256195
4261,12,169,0.24524818360805511
4262,12,170,0.25741249322891235
4263,12,171,0.24783438444137573
4264,12,172,0.26838868856430054
4265,12,173,0.250267893075943
4266,12,174,0.27190637588500977
4267,12,175,0.2645881175994873
4268,12,176,0.18215154111385345
4269,12,177,0.26041409373283386
4270,12,178,0.3367276191711426
4271,12,179,0.23616880178451538
4272,12,180,0.34832295775413513
4273,12,181,0.27552303671836853
4274,12,182,0.3120187520980835
4275,12,183,0.2228589802980423
4276,12,184,0.23472370207309723
4277,12,185,0.19313140213489532
4278,12,186,0.18611833453178406
4279,12,187,0.31932175159454346
4280,12,188,0.23583465814590454
4281,12,189,0.2119094282388687
4282,12,190,0.24641674757003784
4283,12,191,0.21125267446041107
4284,12,192,0.2304636538028717
4285,12,193,0.23140406608581543
4286,12,194,0.28505897521972656
4287,12,195,0.29824718832969666
4288,12,196,0.275278240442276
4289,12,197,0.3266056180000305
4290,12,198,0.23594233393669128
4291,12,199,0.33718714118003845
4292,12,200,0.31200841069221497
4293,12,201,0.2794378399848938
4294,12,202,0.5140383243560791
4295,12,203,0.28049251437187195
4296,12,204,0.2822816073894501
4297,12,205,0.28049179911613464
4298,12,206,0.25490233302116394
4299,12,207,0.29869410395622253
4300,12,208,0.31007152795791626
4301,12,209,0.23647484183311462
4302,12,210,0.23513087630271912
4303,12,211,0.24513112008571625
4304,12,212,0.24568761885166168
4305,12,213,0.3166496157646179
4306,12,214,0.25560110807418823
4307,12,215,0.1828737109899521
4308,12,216,0.2572370767593384
4309,12,217,0.21624183654785156
4310,12,218,0.2887845039367676
4311,12,219,0.19981659948825836
4312,12,220,0.6159170269966125
4313,12,221,0.27076688408851624
4314,12,222,0.326416939496994
4315,12,223,0.27204373478889465
4316,12,224,0.22497251629829407
4317,12,225,0.23342929780483246
4318,12,226,0.21315188705921173
4319,12,227,0.3258039951324463
4320,12,228,0.27083009481430054
4321,12,229,0.4320754110813141
4322,12,230,0.280392587184906
4323,12,231,0.25820642709732056
4324,12,232,0.33192455768585205
4325,12,233,0.24745860695838928
4326,12,234,0.25637879967689514
4327,12,235,0.4168543219566345
4328,12,236,0.29826077818870544
4329,12,237,0.2337181270122528
4330,12,238,0.2524493932723999
4331,12,239,0.2129271924495697
4332,12,240,0.1983717679977417
4333,12,241,0.2534559369087219
4334,12,242,0.2974104583263397
4335,12,243,0.3249027729034424
4336,12,244,0.23134513199329376
4337,12,245,0.2581540048122406
4338,12,246,0.27723902463912964
4339,12,247,0.23304717242717743
4340,12,248,0.25137418508529663
4341,12,249,0.30399781465530396
4342,12,250,0.23000383377075195
4343,12,251,0.34756624698638916
4344,12,252,0.33440259099006653
4345,12,253,0.2540392577648163
4346,12,254,0.24986693263053894
4347,12,255,0.29069602489471436
4348,12,256,0.2865721881389618
4349,12,257,0.24310480058193207
4350,12,258,0.25514116883277893
4351,12,259,0.25655460357666016
4352,12,260,0.2220480889081955
4353,12,261,0.28522640466690063
4354,12,262,0.283481240272522
4355,12,263,0.30071786046028137
4356,12,264,0.2239026129245758
4357,12,265,0.2689190208911896
4358,12,266,0.2269454449415207
4359,12,267,0.28017377853393555
4360,12,268,0.23709267377853394
4361,12,269,0.19901429116725922
4362,12,270,0.24141211807727814
4363,12,271,0.5273141860961914
4364,12,272,0.45248183608055115
4365,12,273,0.22619810700416565
4366,12,274,0.20798638463020325
4367,12,275,0.22273273766040802
4368,12,276,0.2575507164001465
4369,12,277,0.22870707511901855
4370,12,278,0.2906917929649353
4371,12,279,0.31061112880706787
4372,12,280,0.2898244261741638
4373,12,281,0.2361905574798584
4374,12,282,0.2503901720046997
4375,12,283,0.252549409866333
4376,12,284,0.26417866349220276
4377,12,285,0.2783968448638916
4378,12,286,0.22094810009002686
4379,12,287,0.25852733850479126
4380,12,288,0.2607507109642029
4381,12,289,0.29692673683166504
4382,12,290,0.21493828296661377
4383,12,291,0.2631271183490753
4384,12,292,0.35759904980659485
4385,12,293,0.269225537776947
4386,12,294,0.3814484477043152
4387,12,295,0.234002023935318
4388,12,296,0.2288152426481247
4389,12,297,0.25557470321655273
4390,12,298,0.28763988614082336
4391,12,299,0.20402707159519196
4392,12,300,0.22861000895500183
4393,12,301,0.24623610079288483
4394,12,302,0.25343599915504456
4395,12,303,0.541226863861084
4396,12,304,0.32312899827957153
4397,12,305,0.25985345244407654
4398,12,306,0.18246078491210938
4399,12,307,0.256974458694458
4400,12,308,0.32399633526802063
4401,12,309,0.22178857028484344
4402,12,310,0.29759734869003296
4403,12,311,0.24115021526813507
4404,12,312,0.21109801530838013
4405,12,313,0.20158651471138
4406,12,314,0.2554815411567688
4407,12,315,0.23482105135917664
4408,12,316,0.26738011837005615
4409,12,317,0.2821706533432007
4410,12,318,0.2435922473669052
4411,12,319,0.4393608272075653
4412,12,320,0.30575159192085266
4413,12,321,0.23387718200683594
4414,12,322,0.20619304478168488
4415,12,323,0.23437555134296417
4416,12,324,0.2519446611404419
4417,12,325,0.27086344361305237
4418,12,326,0.22291064262390137
4419,12,327,0.24340026080608368
4420,12,328,0.25517797470092773
4421,12,329,0.3143824338912964
4422,12,330,0.23753221333026886
4423,12,331,0.24890688061714172
4424,12,332,0.21226949989795685
4425,12,333,0.27891188859939575
4426,12,334,0.21110856533050537
4427,12,335,0.2582050561904907
4428,12,336,0.24040013551712036
4429,12,337,0.2396707683801651
4430,12,338,0.2246621698141098
4431,12,339,0.23509766161441803
4432,12,340,0.23993682861328125
4433,12,341,0.2472173124551773
4434,12,342,0.2092861384153366
4435,12,343,0.2545906603336334
4436,12,344,0.3181180953979492
4437,12,345,0.8319023847579956
4438,12,346,0.212637260556221
4439,12,347,0.30861803889274597
4440,12,348,0.3097333014011383
4441,12,349,0.31162354350090027
4442,12,350,0.2588457465171814
4443,12,351,0.43885692954063416
4444,12,352,0.3254157304763794
4445,12,353,0.2642134130001068
4446,12,354,0.2865295112133026
4447,12,355,0.640429675579071
4448,12,356,0.2968832850456238
4449,12,357,0.43536362051963806
4450,12,358,0.4310337007045746
4451,12,359,0.2898266017436981
4452,12,360,0.29279500246047974
4453,12,361,0.2837330400943756
4454,12,362,0.263654887676239
4455,12,363,0.21335476636886597
4456,12,364,0.5968637466430664
4457,12,365,0.32069504261016846
4458,12,366,0.3733444809913635
4459,12,367,0.21194836497306824
4460,12,368,0.2575503885746002
4461,12,369,0.2782028317451477
4462,12,370,0.3356282711029053
4463,12,371,0.28756818175315857
4464,12,372,0.2629963159561157
4465,13,1,0.22829383611679077
4466,13,2,0.28690239787101746
4467,13,3,0.30798494815826416
4468,13,4,0.20202668011188507
4469,13,5,0.2505205273628235
4470,13,6,0.1949823945760727
4471,13,7,0.1888045221567154
4472,13,8,0.2702960968017578
4473,13,9,0.36019110679626465
4474,13,10,0.19726216793060303
4475,13,11,0.2254176288843155
4476,13,12,0.30566316843032837
4477,13,13,0.2531176805496216
4478,13,14,0.21268567442893982
4479,13,15,0.30527520179748535
4480,13,16,0.24607305228710175
4481,13,17,0.22175776958465576
4482,13,18,0.23267002403736115
4483,13,19,0.2375929355621338
4484,13,20,0.3104981482028961
4485,13,21,0.26385509967803955
4486,13,22,0.3202630281448364
4487,13,23,0.2302158772945404
4488,13,24,0.5313477516174316
4489,13,25,0.26064497232437134
4490,13,26,0.45805078744888306
4491,13,27,0.5980771780014038
4492,13,28,0.2523104250431061
4493,13,29,0.48229214549064636
4494,13,30,0.3588104844093323
4495,13,31,0.27986595034599304
4496,13,32,0.3581603467464447
4497,13,33,0.39093419909477234
4498,13,34,0.5960326194763184
4499,13,35,0.43017104268074036
4500,13,36,0.4260777235031128
4501,13,37,0.28241685032844543
4502,13,38,0.2468341439962387
4503,13,39,0.34237825870513916
4504,13,40,0.2390040159225464
4505,13,41,0.24800027906894684
4506,13,42,0.4353553056716919
4507,13,43,0.2309986799955368
4508,13,44,0.3305041491985321
4509,13,45,0.3609645664691925
4510,13,46,0.29790037870407104
4511,13,47,0.2414793074131012
4512,13,48,0.24913063645362854
4513,13,49,0.20819692313671112
4514,13,50,0.21403540670871735
4515,13,51,0.19755244255065918
4516,13,52,0.35558754205703735
4517,13,53,0.3466438055038452
4518,13,54,0.2511374354362488
4519,13,55,0.3274274170398712
4520,13,56,0.3444308340549469
4521,13,57,0.2520086169242859
4522,13,58,0.2807544767856598
4523,13,59,0.2796263098716736
4524,13,60,0.34865671396255493
4525,13,61,0.29043257236480713
4526,13,62,0.3677099049091339
4527,13,63,0.28954237699508667
4528,13,64,0.23713697493076324
4529,13,65,0.25071781873703003
4530,13,66,0.24627192318439484
4531,13,67,0.26449164748191833
4532,13,68,0.2712269425392151
4533,13,69,0.18458808958530426
4534,13,70,0.3483198583126068
4535,13,71,0.27195823192596436
4536,13,72,0.24934321641921997
4537,13,73,0.21995459496974945
4538,13,74,0.28112947940826416
4539,13,75,0.20422589778900146
4540,13,76,0.29283690452575684
4541,13,77,0.2135193794965744
4542,13,78,0.26049453020095825
4543,13,79,0.27882078289985657
4544,13,80,0.3219766914844513
4545,13,81,0.23406469821929932
4546,13,82,0.24357381463050842
4547,13,83,0.19671908020973206
4548,13,84,0.21422839164733887
4549,13,85,0.25891363620758057
4550,13,86,0.20191960036754608
4551,13,87,0.2931748330593109
4552,13,88,0.2070845067501068
4553,13,89,0.24732300639152527
4554,13,90,0.3013150691986084
4555,13,91,0.6466600298881531
4556,13,92,0.36156272888183594
4557,13,93,0.25087809562683105
4558,13,94,0.21655471622943878
4559,13,95,0.22183503210544586
4560,13,96,0.20392946898937225
4561,13,97,0.2692033648490906
4562,13,98,0.20462405681610107
4563,13,99,0.2623003125190735
4564,13,100,0.24487239122390747
4565,13,101,0.5207260847091675
4566,13,102,0.22573097050189972
4567,13,103,0.30579742789268494
4568,13,104,0.20273801684379578
4569,13,105,0.24691800773143768
4570,13,106,0.23984426259994507
4571,13,107,0.2939108908176422
4572,13,108,0.22005389630794525
4573,13,109,0.2088802009820938
4574,13,110,0.2279936522245407
4575,13,111,0.25466132164001465
4576,13,112,0.27235206961631775
4577,13,113,0.299346923828125
4578,13,114,0.2831248939037323
4579,13,115,0.26075732707977295
4580,13,116,0.23590026795864105
4581,13,117,0.23643626272678375
4582,13,118,0.2697039246559143
4583,13,119,0.2831939160823822
4584,13,120,0.2574985921382904
4585,13,121,0.2512749135494232
4586,13,122,0.2510805130004883
4587,13,123,0.2283896952867508
4588,13,124,0.2181037962436676
4589,13,125,0.46018949151039124
4590,13,126,0.32071617245674133
4591,13,127,0.6199409365653992
4592,13,128,0.2670622169971466
4593,13,129,0.2031448781490326
4594,13,130,0.21320345997810364
4595,13,131,0.2619694769382477
4596,13,132,0.18816174566745758
4597,13,133,0.24591156840324402
4598,13,134,0.2133973389863968
4599,13,135,0.26383861899375916
4600,13,136,0.22213976085186005
4601,13,137,0.27953940629959106
4602,13,138,0.22342513501644135
4603,13,139,0.2641313672065735
4604,13,140,0.1971985399723053
4605,13,141,0.35368672013282776
4606,13,142,0.3627038300037384
4607,13,143,0.20990487933158875
4608,13,144,0.2651383578777313
4609,13,145,0.2574821710586548
4610,13,146,0.2732557952404022
4611,13,147,0.16463300585746765
4612,13,148,0.17939375340938568
4613,13,149,0.19820669293403625
4614,13,150,0.2289847433567047
4615,13,151,0.2761656641960144
4616,13,152,0.2396046668291092
4617,13,153,0.2300567328929901
4618,13,154,0.22451506555080414
4619,13,155,0.28149598836898804
4620,13,156,0.20927706360816956
4621,13,157,0.198610320687294
4622,13,158,0.20808234810829163
4623,13,159,0.21998189389705658
4624,13,160,0.2780926823616028
4625,13,161,0.34562644362449646
4626,13,162,0.2102433145046234
4627,13,163,0.21148154139518738
4628,13,164,0.18680325150489807
4629,13,165,0.17403888702392578
4630,13,166,0.2873327434062958
4631,13,167,0.18392011523246765
4632,13,168,0.4032173752784729
4633,13,169,0.266338586807251
4634,13,170,0.2176259458065033
4635,13,171,0.24193495512008667
4636,13,172,0.2077065110206604
4637,13,173,0.22781768441200256
4638,13,174,0.25327545404434204
4639,13,175,0.4270710349082947
4640,13,176,0.23835986852645874
4641,13,177,0.29330065846443176
4642,13,178,0.27792301774024963
4643,13,179,0.18592911958694458
4644,13,180,0.2122144252061844
4645,13,181,0.25716614723205566
4646,13,182,0.17113234102725983
4647,13,183,0.2082798182964325
4648,13,184,0.2650194466114044
4649,13,185,0.261035680770874
4650,13,186,0.2063644826412201
4651,13,187,0.19528426229953766
4652,13,188,0.2094842493534088
4653,13,189,0.1944776326417923
4654,13,190,0.1934555172920227
4655,13,191,0.22381442785263062
4656,13,192,0.19815613329410553
4657,13,193,0.1627787947654724
4658,13,194,0.24308811128139496
4659,13,195,0.16669707000255585
4660,13,196,0.2793503999710083
4661,13,197,0.22785918414592743
4662,13,198,0.4061601459980011
4663,13,199,0.2182350903749466
4664,13,200,0.21167334914207458
4665,13,201,0.29068124294281006
4666,13,202,0.18796472251415253
4667,13,203,0.35717713832855225
4668,13,204,0.3010200262069702
4669,13,205,0.28746241331100464
4670,13,206,0.2679540812969208
4671,13,207,0.29527151584625244
4672,13,208,0.2602367103099823
4673,13,209,0.24040661752223969
4674,13,210,0.4009280502796173
4675,13,211,0.21363475918769836
4676,13,212,0.2225857377052307
4677,13,213,0.2002151757478714
4678,13,214,0.2513660490512848
4679,13,215,0.18016399443149567
4680,13,216,0.21318839490413666
4681,13,217,0.21861852705478668
4682,13,218,0.21679498255252838
4683,13,219,0.22618983685970306
4684,13,220,0.2664965093135834
4685,13,221,0.25923463702201843
4686,13,222,0.3391968309879303
4687,13,223,0.30909764766693115
4688,13,224,0.1908685714006424
4689,13,225,0.3382118344306946
4690,13,226,0.18138118088245392
4691,13,227,0.21602863073349
4692,13,228,0.23359033465385437
4693,13,229,0.1686953455209732
4694,13,230,0.3646382987499237
4695,13,231,0.2560179531574249
4696,13,232,0.20961354672908783
4697,13,233,0.2798658311367035
4698,13,234,0.20919069647789001
4699,13,235,0.20412234961986542
4700,13,236,0.22845320403575897
4701,13,237,0.2599872648715973
4702,13,238,0.33388763666152954
4703,13,239,0.2411869466304779
4704,13,240,0.273601233959198
4705,13,241,0.308534175157547
4706,13,242,0.2489766925573349
4707,13,243,0.29376456141471863
4708,13,244,0.30210140347480774
4709,13,245,0.16532623767852783
4710,13,246,0.21544724702835083
4711,13,247,0.2216179370880127
4712,13,248,0.2563212513923645
4713,13,249,0.19392149150371552
4714,13,250,0.2509935796260834
4715,13,251,0.5655127763748169
4716,13,252,0.24107711017131805
4717,13,253,0.1899821162223816
4718,13,254,0.3030015826225281
4719,13,255,0.2374095767736435
4720,13,256,0.2973848581314087
4721,13,257,0.22000566124916077
4722,13,258,0.7576298117637634
4723,13,259,0.23746713995933533
4724,13,260,0.23567701876163483
4725,13,261,0.45581597089767456
4726,13,262,0.40942853689193726
4727,13,263,0.2422008067369461
4728,13,264,0.5986498594284058
4729,13,265,0.2389364093542099
4730,13,266,0.22306612133979797
4731,13,267,0.2554033696651459
4732,13,268,0.3186253607273102
4733,13,269,0.18952909111976624
4734,13,270,0.19257713854312897
4735,13,271,0.25294259190559387
4736,13,272,0.20667120814323425
4737,13,273,0.22941172122955322
4738,13,274,0.2767896056175232
4739,13,275,0.26981276273727417
4740,13,276,0.2691711485385895
4741,13,277,0.33292078971862793
4742,13,278,0.24027647078037262
4743,13,279,0.22648859024047852
4744,13,280,0.20672982931137085
4745,13,281,0.2847338318824768
4746,13,282,0.2356431782245636
4747,13,283,0.2625662684440613
4748,13,284,0.21262283623218536
4749,13,285,0.2578968405723572
4750,13,286,0.2154792845249176
4751,13,287,0.23332636058330536
4752,13,288,0.1817220151424408
4753,13,289,0.1870659589767456
4754,13,290,0.21524788439273834
4755,13,291,0.20208758115768433
4756,13,292,0.21941021084785461
4757,13,293,0.27949219942092896
4758,13,294,0.24866004288196564
4759,13,295,0.18783903121948242
4760,13,296,0.22407656908035278
4761,13,297,0.2613043189048767
4762,13,298,0.25907671451568604
4763,13,299,0.23159773647785187
4764,13,300,0.29850029945373535
4765,13,301,0.3056245446205139
4766,13,302,0.18521161377429962
4767,13,303,0.17707443237304688
4768,13,304,0.17345178127288818
4769,13,305,0.269039511680603
4770,13,306,0.2474733591079712
4771,13,307,0.5234761834144592
4772,13,308,0.23556582629680634
4773,13,309,0.2005869299173355
4774,13,310,0.2795814871788025
4775,13,311,0.2154271900653839
4776,13,312,0.3113640546798706
4777,13,313,0.397210955619812
4778,13,314,0.1881243735551834
4779,13,315,0.2036222517490387
4780,13,316,0.20918355882167816
4781,13,317,0.17075243592262268
4782,13,318,0.2550638020038605
4783,13,319,0.26476478576660156
4784,13,320,0.3182416558265686
4785,13,321,0.31561166048049927
4786,13,322,0.33701038360595703
4787,13,323,0.2760413587093353
4788,13,324,0.2481110841035843
4789,13,325,0.25061753392219543
4790,13,326,0.2498035728931427
4791,13,327,0.23732216656208038
4792,13,328,0.27986305952072144
4793,13,329,0.21423952281475067
4794,13,330,0.35730138421058655
4795,13,331,0.18456263840198517
4796,13,332,0.27861297130584717
4797,13,333,0.24921806156635284
4798,13,334,0.2536013126373291
4799,13,335,0.28624001145362854
4800,13,336,0.20189091563224792
4801,13,337,0.24706166982650757
4802,13,338,0.24840764701366425
4803,13,339,0.2204434722661972
4804,13,340,0.25299230217933655
4805,13,341,0.22369639575481415
4806,13,342,0.25916293263435364
4807,13,343,0.22010092437267303
4808,13,344,0.3008357584476471
4809,13,345,0.24024222791194916
4810,13,346,0.25141245126724243
4811,13,347,0.26424992084503174
4812,13,348,0.19371624290943146
4813,13,349,0.19057220220565796
4814,13,350,0.47369083762168884
4815,13,351,0.21764205396175385
4816,13,352,0.24737733602523804
4817,13,353,0.2775118947029114
4818,13,354,0.16774611175060272
4819,13,355,0.2684195041656494
4820,13,356,0.2813502848148346
4821,13,357,0.214480921626091
4822,13,358,0.26003697514533997
4823,13,359,0.24018582701683044
4824,13,360,0.2010943442583084
4825,13,361,0.3392198979854584
4826,13,362,0.3417776823043823
4827,13,363,0.2660396099090576
4828,13,364,0.2096709907054901
4829,13,365,0.24643370509147644
4830,13,366,0.2608007788658142
4831,13,367,0.24659410119056702
4832,13,368,0.20652441680431366
4833,13,369,0.22600813210010529
4834,13,370,0.2944503128528595
4835,13,371,0.17411087453365326
4836,13,372,0.26824939250946045
4837,14,1,0.31742680072784424
4838,14,2,0.2576747536659241
4839,14,3,0.26546549797058105
4840,14,4,0.1871502697467804
4841,14,5,0.2318030297756195
4842,14,6,0.3053891360759735
4843,14,7,0.26079538464546204
4844,14,8,0.25554341077804565
4845,14,9,0.2239105999469757
4846,14,10,0.1724144071340561
4847,14,11,0.24584537744522095
4848,14,12,0.2532637119293213
4849,14,13,0.27622318267822266
4850,14,14,0.21983790397644043
4851,14,15,0.3568525016307831
4852,14,16,0.22815901041030884
4853,14,17,0.1731513887643814
4854,14,18,0.21001878380775452
4855,14,19,0.21293452382087708
4856,14,20,0.217368945479393
4857,14,21,0.2537146806716919
4858,14,22,0.21818150579929352
4859,14,23,0.23850709199905396
4860,14,24,0.864484965801239
4861,14,25,0.2917557954788208
4862,14,26,0.2459658533334732
4863,14,27,0.1720355898141861
4864,14,28,0.2431650012731552
4865,14,29,0.20569531619548798
4866,14,30,0.16410623490810394
4867,14,31,0.438218891620636
4868,14,32,0.2673429846763611
4869,14,33,0.2161846160888672
4870,14,34,0.2763512134552002
4871,14,35,0.2040376514196396
4872,14,36,0.2658080458641052
4873,14,37,0.16486474871635437
4874,14,38,0.18282939493656158
4875,14,39,0.44171142578125
4876,14,40,0.2316211313009262
4877,14,41,0.2525227665901184
4878,14,42,0.27421894669532776
4879,14,43,0.18370917439460754
4880,14,44,0.15772506594657898
4881,14,45,0.17285330593585968
4882,14,46,0.22789989411830902
4883,14,47,0.20006956160068512
4884,14,48,0.2699931263923645
4885,14,49,0.22609654068946838
4886,14,50,0.22718442976474762
4887,14,51,0.22829653322696686
4888,14,52,0.1753237545490265
4889,14,53,0.247981458902359
4890,14,54,0.24115027487277985
4891,14,55,0.23905245959758759
4892,14,56,0.23153755068778992
4893,14,57,0.2783999741077423
4894,14,58,0.22427412867546082
4895,14,59,0.19990605115890503
4896,14,60,0.2671474516391754
4897,14,61,0.21780817210674286
4898,14,62,0.27432864904403687
4899,14,63,0.18470443785190582
4900,14,64,0.22189556062221527
4901,14,65,0.2695029079914093
4902,14,66,0.28805437684059143
4903,14,67,0.17476902902126312
4904,14,68,0.20858128368854523
4905,14,69,0.1999593824148178
4906,14,70,0.15531356632709503
4907,14,71,0.3227548897266388
4908,14,72,0.2074679732322693
4909,14,73,0.23715215921401978
4910,14,74,0.24386321008205414
4911,14,75,0.21326769888401031
4912,14,76,0.18073821067810059
4913,14,77,0.1865723878145218
4914,14,78,0.2742695212364197
4915,14,79,0.20583632588386536
4916,14,80,0.26260554790496826
4917,14,81,0.21439003944396973
4918,14,82,0.268822580575943
4919,14,83,0.26835697889328003
4920,14,84,0.20377221703529358
4921,14,85,0.26221874356269836
4922,14,86,0.2040146291255951
4923,14,87,0.18932132422924042
4924,14,88,0.24491670727729797
4925,14,89,0.20346441864967346
4926,14,90,0.1899855136871338
4927,14,91,0.20642247796058655
4928,14,92,0.45188087224960327
4929,14,93,0.22087226808071136
4930,14,94,0.2642728388309479
4931,14,95,0.30998748540878296
4932,14,96,0.26643800735473633
4933,14,97,0.2067847102880478
4934,14,98,0.19305138289928436
4935,14,99,0.21519500017166138
4936,14,100,0.21087785065174103
4937,14,101,0.3198130130767822
4938,14,102,0.20415599644184113
4939,14,103,0.33119815587997437
4940,14,104,0.27350011467933655
4941,14,105,0.47557970881462097
4942,14,106,0.23829419910907745
4943,14,107,0.2309562712907791
4944,14,108,0.18201889097690582
4945,14,109,0.1897694617509842
4946,14,110,0.2082403302192688
4947,14,111,0.20287665724754333
4948,14,112,0.18147574365139008
4949,14,113,0.23674720525741577
4950,14,114,0.2779158651828766
4951,14,115,0.29582059383392334
4952,14,116,0.3636622726917267
4953,14,117,0.2554026246070862
4954,14,118,0.17892244458198547
4955,14,119,0.253252238035202
4956,14,120,0.31226828694343567
4957,14,121,0.1859883964061737
4958,14,122,0.2190943956375122
4959,14,123,0.2770240902900696
4960,14,124,0.18129482865333557
4961,14,125,0.2522251605987549
4962,14,126,0.24135570228099823
4963,14,127,0.2153620570898056
4964,14,128,0.22113735973834991
4965,14,129,0.19298535585403442
4966,14,130,0.15773800015449524
4967,14,131,0.2701694369316101
4968,14,132,0.2214035987854004
4969,14,133,0.27188047766685486
4970,14,134,0.25351452827453613
4971,14,135,0.26569780707359314
4972,14,136,0.2939377725124359
4973,14,137,0.2726593017578125
4974,14,138,0.16789178550243378
4975,14,139,0.17200708389282227
4976,14,140,0.21776995062828064
4977,14,141,0.3779185116291046
4978,14,142,0.2245204597711563
4979,14,143,0.2768070101737976
4980,14,144,0.2591169476509094
4981,14,145,0.24238604307174683
4982,14,146,0.2666139006614685
4983,14,147,0.24459096789360046
4984,14,148,0.21346217393875122
4985,14,149,0.17997179925441742
4986,14,150,0.2769068777561188
4987,14,151,0.23092016577720642
4988,14,152,0.20175588130950928
4989,14,153,0.21723587810993195
4990,14,154,0.2784481942653656
4991,14,155,0.2279742807149887
4992,14,156,0.2915976345539093
4993,14,157,0.2060115933418274
4994,14,158,0.21780909597873688
4995,14,159,0.19114723801612854
4996,14,160,0.19634146988391876
4997,14,161,0.2198346108198166
4998,14,162,0.2025558352470398
4999,14,163,0.20044854283332825
5000,14,164,0.2182094305753708
5001,14,165,0.2721143960952759
5002,14,166,0.22306619584560394
5003,14,167,0.16318148374557495
5004,14,168,0.2010943740606308
5005,14,169,0.2207026183605194
5006,14,170,0.20369663834571838
5007,14,171,0.1871371865272522
5008,14,172,0.1895357221364975
5009,14,173,0.23778632283210754
5010,14,174,0.2562587857246399
5011,14,175,0.16548104584217072
5012,14,176,0.1822110116481781
5013,14,177,0.2182685285806656
5014,14,178,0.2194237858057022
5015,14,179,0.5216464400291443
5016,14,180,0.15163497626781464
5017,14,181,0.23483501374721527
5018,14,182,0.27224621176719666
5019,14,183,0.2922144830226898
5020,14,184,0.1983218938112259
5021,14,185,0.2293880432844162
5022,14,186,0.25223711133003235
5023,14,187,0.20568399131298065
5024,14,188,0.2257138341665268
5025,14,189,0.18719051778316498
5026,14,190,0.24042752385139465
5027,14,191,0.19384075701236725
5028,14,192,0.33397817611694336
5029,14,193,0.18443933129310608
5030,14,194,0.20000077784061432
5031,14,195,0.19431404769420624
5032,14,196,0.18546734750270844
5033,14,197,0.2168477326631546
5034,14,198,0.1984170824289322
5035,14,199,0.26345252990722656
5036,14,200,0.20863480865955353
5037,14,201,0.2025640457868576
5038,14,202,0.22458873689174652
5039,14,203,0.22202813625335693
5040,14,204,0.19062107801437378
5041,14,205,0.29628637433052063
5042,14,206,0.2186831533908844
5043,14,207,0.20731611549854279
5044,14,208,0.21375137567520142
5045,14,209,0.13970257341861725
5046,14,210,0.1932416707277298
5047,14,211,0.24182291328907013
5048,14,212,0.28401443362236023
5049,14,213,0.15814323723316193
5050,14,214,0.21549569070339203
5051,14,215,0.24227653443813324
5052,14,216,0.18737570941448212
5053,14,217,0.2623574435710907
5054,14,218,0.2276478409767151
5055,14,219,0.25399982929229736
5056,14,220,0.22437457740306854
5057,14,221,0.27041110396385193
5058,14,222,0.18472543358802795
5059,14,223,0.24096916615962982
5060,14,224,0.28361251950263977
5061,14,225,0.21545812487602234
5062,14,226,0.25852516293525696
5063,14,227,0.21364858746528625
5064,14,228,0.23976771533489227
5065,14,229,0.2186851054430008
5066,14,230,0.29270488023757935
5067,14,231,0.24983404576778412
5068,14,232,0.21767863631248474
5069,14,233,0.16669140756130219
5070,14,234,0.21844519674777985
5071,14,235,0.2181224226951599
5072,14,236,0.26491013169288635
5073,14,237,0.18806192278862
5074,14,238,0.2169923335313797
5075,14,239,0.19174379110336304
5076,14,240,0.18662530183792114
5077,14,241,0.24628065526485443
5078,14,242,0.5858355760574341
5079,14,243,0.22508685290813446
5080,14,244,0.2795557379722595
5081,14,245,0.1968560665845871
5082,14,246,0.16819104552268982
5083,14,247,0.21202529966831207
5084,14,248,0.19764776527881622
5085,14,249,0.22644858062267303
5086,14,250,0.22032582759857178
5087,14,251,0.4520978629589081
5088,14,252,0.2764250636100769
5089,14,253,0.2081121951341629
5090,14,254,0.20613205432891846
5091,14,255,0.18880684673786163
5092,14,256,0.2166292667388916
5093,14,257,0.24027259647846222
5094,14,258,0.31678101420402527
5095,14,259,0.24042150378227234
5096,14,260,0.20590612292289734
5097,14,261,0.24440179765224457
5098,14,262,0.26032939553260803
5099,14,263,0.19175772368907928
5100,14,264,0.14999248087406158
5101,14,265,0.3110761344432831
5102,14,266,0.23864197731018066
5103,14,267,0.23193204402923584
5104,14,268,0.1881653517484665
5105,14,269,0.4411779046058655
5106,14,270,0.25826841592788696
5107,14,271,0.23280036449432373
5108,14,272,0.21994055807590485
5109,14,273,0.1702488511800766
5110,14,274,0.18449942767620087
5111,14,275,0.19982969760894775
5112,14,276,0.21796558797359467
5113,14,277,0.26890134811401367
5114,14,278,0.2168710082769394
5115,14,279,0.1884693205356598
5116,14,280,0.14351357519626617
5117,14,281,0.5168993473052979
5118,14,282,0.19861195981502533
5119,14,283,0.17588092386722565
5120,14,284,0.21501682698726654
5121,14,285,0.26486173272132874
5122,14,286,0.29629114270210266
5123,14,287,0.2197418361902237
5124,14,288,0.27860426902770996
5125,14,289,0.20995979011058807
5126,14,290,0.20407763123512268
5127,14,291,0.271679162979126
5128,14,292,0.2054232656955719
5129,14,293,0.2066502571105957
5130,14,294,0.6090429425239563
5131,14,295,0.26602795720100403
5132,14,296,0.24146303534507751
5133,14,297,0.19567683339118958
5134,14,298,0.22255463898181915
5135,14,299,0.2064548134803772
5136,14,300,0.22667884826660156
5137,14,301,0.25604286789894104
5138,14,302,0.19499513506889343
5139,14,303,0.23783254623413086
5140,14,304,0.2234523594379425
5141,14,305,0.26600125432014465
5142,14,306,0.22214144468307495
5143,14,307,0.15326093137264252
5144,14,308,0.23187126219272614
5145,14,309,0.19424040615558624
5146,14,310,0.1978575885295868
5147,14,311,0.22030000388622284
5148,14,312,0.19324363768100739
5149,14,313,0.34112218022346497
5150,14,314,0.20323681831359863
5151,14,315,0.4348004162311554
5152,14,316,0.22490237653255463
5153,14,317,0.2231101244688034
5154,14,318,0.18743331730365753
5155,14,319,0.2388395071029663
5156,14,320,0.188155859708786
5157,14,321,0.186263307929039
5158,14,322,0.3091075122356415
5159,14,323,0.3946394622325897
5160,14,324,0.17643868923187256
5161,14,325,0.19896775484085083
5162,14,326,0.252007395029068
5163,14,327,0.24085509777069092
5164,14,328,0.27688392996788025
5165,14,329,0.209120512008667
5166,14,330,0.2594836354255676
5167,14,331,0.20776352286338806
5168,14,332,0.2663264572620392
5169,14,333,0.23956818878650665
5170,14,334,0.2586345076560974
5171,14,335,0.20324106514453888
5172,14,336,0.19059111177921295
5173,14,337,0.2625250220298767
5174,14,338,0.31925711035728455
5175,14,339,0.220044806599617
5176,14,340,0.21055516600608826
5177,14,341,0.42533057928085327
5178,14,342,0.19038820266723633
5179,14,343,0.19586186110973358
5180,14,344,0.22438406944274902
5181,14,345,0.20232392847537994
5182,14,346,0.19068746268749237
5183,14,347,0.29792556166648865
5184,14,348,0.2546708583831787
5185,14,349,0.2086155116558075
5186,14,350,0.2336549013853073
5187,14,351,0.2472180426120758
5188,14,352,0.2626546323299408
5189,14,353,0.26771143078804016
5190,14,354,0.2731779217720032
5191,14,355,0.22468754649162292
5192,14,356,0.26616549491882324
5193,14,357,0.19824542105197906
5194,14,358,0.26601284742355347
5195,14,359,0.3667480945587158
5196,14,360,0.24110330641269684
5197,14,361,0.22597602009773254
5198,14,362,0.22679531574249268
5199,14,363,0.24070647358894348
5200,14,364,0.18337033689022064
5201,14,365,0.3171512484550476
5202,14,366,0.2870607376098633
5203,14,367,0.20669972896575928
5204,14,368,0.23601269721984863
5205,14,369,0.2249755859375
5206,14,370,0.20474575459957123
5207,14,371,0.31482863426208496
5208,14,372,0.22112829983234406
5209,15,1,0.29535922408103943
5210,15,2,0.20512060821056366
5211,15,3,0.20730197429656982
5212,15,4,0.19484549760818481
5213,15,5,0.2222420871257782
5214,15,6,0.28343093395233154
5215,15,7,0.17624205350875854
5216,15,8,0.26961833238601685
5217,15,9,0.1752239167690277
5218,15,10,0.29048672318458557
5219,15,11,0.18167567253112793
5220,15,12,0.1859413981437683
5221,15,13,0.19292882084846497
5222,15,14,0.1867147535085678
5223,15,15,0.1666259467601776
5224,15,16,0.23202495276927948
5225,15,17,0.1992121785879135
5226,15,18,0.23824232816696167
5227,15,19,0.19916878640651703
5228,15,20,0.21803978085517883
5229,15,21,0.26487448811531067
5230,15,22,0.20230761170387268
5231,15,23,0.23590348660945892
5232,15,24,0.21536636352539062
5233,15,25,0.22956562042236328
5234,15,26,0.21000346541404724
5235,15,27,0.19952985644340515
5236,15,28,0.28213971853256226
5237,15,29,0.22295524179935455
5238,15,30,0.2296244353055954
5239,15,31,0.1805173009634018
5240,15,32,0.16653360426425934
5241,15,33,0.19481395184993744
5242,15,34,0.23434852063655853
5243,15,35,0.2148912101984024
5244,15,36,0.27343201637268066
5245,15,37,0.23927848041057587
5246,15,38,0.1713113933801651
5247,15,39,0.2593238949775696
5248,15,40,0.21896003186702728
5249,15,41,0.19119606912136078
5250,15,42,0.22850824892520905
5251,15,43,0.19487686455249786
5252,15,44,0.2111586630344391
5253,15,45,0.22736984491348267
5254,15,46,0.19153401255607605
5255,15,47,0.17064228653907776
5256,15,48,0.2250365912914276
5257,15,49,0.22625206410884857
5258,15,50,0.2512820363044739
5259,15,51,0.2617208957672119
5260,15,52,0.19127358496189117
5261,15,53,0.22285676002502441
5262,15,54,0.23642471432685852
5263,15,55,0.3372882008552551
5264,15,56,0.2303764373064041
5265,15,57,0.17437903583049774
5266,15,58,0.24256490170955658
5267,15,59,0.2144993245601654
5268,15,60,0.30122247338294983
5269,15,61,0.1813802421092987
5270,15,62,0.2566981017589569
5271,15,63,0.20018649101257324
5272,15,64,0.24505168199539185
5273,15,65,0.20669730007648468
5274,15,66,0.2251063734292984
5275,15,67,0.17844200134277344
5276,15,68,0.3934968411922455
5277,15,69,0.20213626325130463
5278,15,70,0.15577317774295807
5279,15,71,0.2144196778535843
5280,15,72,0.18901468813419342
5281,15,73,0.2522122263908386
5282,15,74,0.3213021457195282
5283,15,75,0.2626153528690338
5284,15,76,0.22171185910701752
5285,15,77,0.1565367579460144
5286,15,78,0.2252749800682068
5287,15,79,0.22023670375347137
5288,15,80,0.20022636651992798
5289,15,81,0.2622208893299103
5290,15,82,0.18470986187458038
5291,15,83,0.24163788557052612
5292,15,84,0.19739650189876556
5293,15,85,0.15885411202907562
5294,15,86,0.2290015071630478
5295,15,87,0.2594904601573944
5296,15,88,0.20649416744709015
5297,15,89,0.18589627742767334
5298,15,90,0.19551204144954681
5299,15,91,0.17360970377922058
5300,15,92,0.17936447262763977
5301,15,93,0.2275456041097641
5302,15,94,0.22738449275493622
5303,15,95,0.22644779086112976
5304,15,96,0.24012979865074158
5305,15,97,0.26693645119667053
5306,15,98,0.2063535898923874
5307,15,99,0.1619100421667099
5308,15,100,0.1781848967075348
5309,15,101,0.20018085837364197
5310,15,102,0.2440217286348343
5311,15,103,0.20117375254631042
5312,15,104,0.28849250078201294
5313,15,105,0.194469153881073
5314,15,106,0.18870042264461517
5315,15,107,0.17669498920440674
5316,15,108,0.178893581032753
5317,15,109,0.23982208967208862
5318,15,110,0.17675845324993134
5319,15,111,0.17148087918758392
5320,15,112,0.4184439182281494
5321,15,113,0.19167941808700562
5322,15,114,0.1423509418964386
5323,15,115,0.3558833599090576
5324,15,116,0.15989629924297333
5325,15,117,0.23743371665477753
5326,15,118,0.21154510974884033
5327,15,119,0.20431536436080933
5328,15,120,0.25151073932647705
5329,15,121,0.18277151882648468
5330,15,122,0.19867588579654694
5331,15,123,0.21383562684059143
5332,15,124,0.2544836699962616
5333,15,125,0.40454164147377014
5334,15,126,0.15255016088485718
5335,15,127,0.16970275342464447
5336,15,128,0.21083973348140717
5337,15,129,0.1943313330411911
5338,15,130,0.20367199182510376
5339,15,131,0.20598769187927246
5340,15,132,0.27093228697776794
5341,15,133,0.1834830790758133
5342,15,134,0.21161441504955292
5343,15,135,0.3129294812679291
5344,15,136,0.16493460536003113
5345,15,137,0.19163034856319427
5346,15,138,0.2572374641895294
5347,15,139,0.23775064945220947
5348,15,140,0.17950870096683502
5349,15,141,0.18477828800678253
5350,15,142,0.7263447046279907
5351,15,143,0.2310478389263153
5352,15,144,0.46229058504104614
5353,15,145,0.2238943725824356
5354,15,146,0.2837769389152527
5355,15,147,0.2644105553627014
5356,15,148,0.29457738995552063
5357,15,149,0.2789079546928406
5358,15,150,0.21135419607162476
5359,15,151,0.2130153328180313
5360,15,152,0.2761818468570709
5361,15,153,0.20990653336048126
5362,15,154,0.18492083251476288
5363,15,155,0.1694776564836502
5364,15,156,0.17009538412094116
5365,15,157,0.24635814130306244
5366,15,158,0.20643717050552368
5367,15,159,0.23288491368293762
5368,15,160,0.29387542605400085
5369,15,161,0.2132582664489746
5370,15,162,0.1676255464553833
5371,15,163,0.4201647937297821
5372,15,164,0.2128627598285675
5373,15,165,0.2452775537967682
5374,15,166,0.23641341924667358
5375,15,167,0.1526845097541809
5376,15,168,0.14282354712486267
5377,15,169,0.2682357430458069
5378,15,170,0.20534740388393402
5379,15,171,0.34065985679626465
5380,15,172,0.38905391097068787
5381,15,173,0.1857551783323288
5382,15,174,0.18076469004154205
5383,15,175,0.2388499677181244
5384,15,176,0.20363749563694
5385,15,177,0.2002732753753662
5386,15,178,0.18801458179950714
5387,15,179,0.17745360732078552
5388,15,180,0.39139267802238464
5389,15,181,0.21429623663425446
5390,15,182,0.18879181146621704
5391,15,183,0.17588107287883759
5392,15,184,0.21701470017433167
5393,15,185,0.2266978770494461
5394,15,186,0.5458581447601318
5395,15,187,0.33183595538139343
5396,15,188,0.22948522865772247
5397,15,189,0.18784978985786438
5398,15,190,0.18971265852451324
5399,15,191,0.22459380328655243
5400,15,192,0.24525557458400726
5401,15,193,0.18117864429950714
5402,15,194,0.2228587567806244
5403,15,195,0.18605342507362366
5404,15,196,0.2933366000652313
5405,15,197,0.20503060519695282
5406,15,198,0.24425320327281952
5407,15,199,0.22723884880542755
5408,15,200,0.1722913533449173
5409,15,201,0.1736041009426117
5410,15,202,0.4866819381713867
5411,15,203,0.24434113502502441
5412,15,204,0.1761910766363144
5413,15,205,0.1969814896583557
5414,15,206,0.35146698355674744
5415,15,207,0.21792136132717133
5416,15,208,0.221319779753685
5417,15,209,0.20652517676353455
5418,15,210,0.16435381770133972
5419,15,211,0.1992497593164444
5420,15,212,0.2556508481502533
5421,15,213,0.16839176416397095
5422,15,214,0.18683864176273346
5423,15,215,0.20054979622364044
5424,15,216,0.2051202654838562
5425,15,217,0.21113790571689606
5426,15,218,0.20382753014564514
5427,15,219,0.23510131239891052
5428,15,220,0.19877749681472778
5429,15,221,0.21202564239501953
5430,15,222,0.1949208527803421
5431,15,223,0.24062517285346985
5432,15,224,0.20950151979923248
5433,15,225,0.15753690898418427
5434,15,226,0.16933660209178925
5435,15,227,0.2487320452928543
5436,15,228,0.22340159118175507
5437,15,229,0.2115144431591034
5438,15,230,0.20623290538787842
5439,15,231,0.21778541803359985
5440,15,232,0.1872389167547226
5441,15,233,0.21851809322834015
5442,15,234,0.14274241030216217
5443,15,235,0.28558072447776794
5444,15,236,0.18611443042755127
5445,15,237,0.18187347054481506
5446,15,238,0.24056361615657806
5447,15,239,0.25881141424179077
5448,15,240,0.2573688328266144
5449,15,241,0.20141957700252533
5450,15,242,0.23238898813724518
5451,15,243,0.2276778668165207
5452,15,244,0.24152329564094543
5453,15,245,0.42253774404525757
5454,15,246,0.18069905042648315
5455,15,247,0.23840247094631195
5456,15,248,0.1812901496887207
5457,15,249,0.19343705475330353
5458,15,250,0.21903195977210999
5459,15,251,0.1709073930978775
5460,15,252,0.21605508029460907
5461,15,253,0.20228905975818634
5462,15,254,0.43892404437065125
5463,15,255,0.16494180262088776
5464,15,256,0.2676534354686737
5465,15,257,0.17339560389518738
5466,15,258,0.21184441447257996
5467,15,259,0.5420922636985779
5468,15,260,0.23367096483707428
5469,15,261,0.19165675342082977
5470,15,262,0.19129516184329987
5471,15,263,0.24867181479930878
5472,15,264,0.2594095468521118
5473,15,265,0.1819000095129013
5474,15,266,0.28309935331344604
5475,15,267,0.219463050365448
5476,15,268,0.21457622945308685
5477,15,269,0.1915009766817093
5478,15,270,0.1958000361919403
5479,15,271,0.16365817189216614
5480,15,272,0.21213829517364502
5481,15,273,0.20957596600055695
5482,15,274,0.28985029458999634
5483,15,275,0.23560726642608643
5484,15,276,0.19051562249660492
5485,15,277,0.21344512701034546
5486,15,278,0.3091168701648712
5487,15,279,0.2362688034772873
5488,15,280,0.20252995193004608
5489,15,281,0.21060167253017426
5490,15,282,0.18312229216098785
5491,15,283,0.18916423618793488
5492,15,284,0.20067161321640015
5493,15,285,0.1746923178434372
5494,15,286,0.1831275373697281
5495,15,287,0.24969537556171417
5496,15,288,0.22179022431373596
5497,15,289,0.18554994463920593
5498,15,290,0.1798132359981537
5499,15,291,0.20443475246429443
5500,15,292,0.15996676683425903
5501,15,293,0.21411682665348053
5502,15,294,0.228950634598732
5503,15,295,0.2329186201095581
5504,15,296,0.4114076793193817
5505,15,297,0.23535996675491333
5506,15,298,0.1554199457168579
5507,15,299,0.22351416945457458
5508,15,300,0.2315741330385208
5509,15,301,0.18972820043563843
5510,15,302,0.2696349024772644
5511,15,303,0.1983487904071808
5512,15,304,0.29327481985092163
5513,15,305,0.15213358402252197
5514,15,306,0.21828970313072205
5515,15,307,0.17502813041210175
5516,15,308,0.2724955379962921
5517,15,309,0.19571997225284576
5518,15,310,0.2488418072462082
5519,15,311,0.22297249734401703
5520,15,312,0.16094554960727692
5521,15,313,0.1957101672887802
5522,15,314,0.30728182196617126
5523,15,315,0.21987828612327576
5524,15,316,0.15630851686000824
5525,15,317,0.1645103096961975
5526,15,318,0.28763532638549805
5527,15,319,0.2058516889810562
5528,15,320,0.3078901171684265
5529,15,321,0.23760804533958435
5530,15,322,0.18598462641239166
5531,15,323,0.2286147177219391
5532,15,324,0.21165290474891663
5533,15,325,0.27073612809181213
5534,15,326,0.20802158117294312
5535,15,327,0.22953945398330688
5536,15,328,0.27866753935813904
5537,15,329,0.20598524808883667
5538,15,330,0.17154406011104584
5539,15,331,0.19388176500797272
5540,15,332,0.23231174051761627
5541,15,333,0.22706486284732819
5542,15,334,0.15846459567546844
5543,15,335,0.176156684756279
5544,15,336,0.249124214053154
5545,15,337,0.35989001393318176
5546,15,338,0.1766914576292038
5547,15,339,0.23849433660507202
5548,15,340,0.193001851439476
5549,15,341,0.21792380511760712
5550,15,342,0.19791336357593536
5551,15,343,0.22918860614299774
5552,15,344,0.17355379462242126
5553,15,345,0.20206570625305176
5554,15,346,0.24127188324928284
5555,15,347,0.27867981791496277
5556,15,348,0.22472086548805237
5557,15,349,0.18017074465751648
5558,15,350,0.24397902190685272
5559,15,351,0.18874743580818176
5560,15,352,0.26362380385398865
5561,15,353,0.3120385408401489
5562,15,354,0.24159559607505798
5563,15,355,0.24394109845161438
5564,15,356,0.2463366836309433
5565,15,357,0.19647234678268433
5566,15,358,0.16594846546649933
5567,15,359,0.2590479552745819
5568,15,360,0.15975601971149445
5569,15,361,0.21233804523944855
5570,15,362,0.18461596965789795
5571,15,363,0.20845814049243927
5572,15,364,0.148588165640831
5573,15,365,0.22141726315021515
5574,15,366,0.18997856974601746
5575,15,367,0.19308917224407196
5576,15,368,0.23528152704238892
5577,15,369,0.2789776921272278
5578,15,370,0.19549250602722168
5579,15,371,0.21007046103477478
5580,15,372,0.19356630742549896
5581,16,1,0.21410655975341797
5582,16,2,0.13972823321819305
5583,16,3,0.19083747267723083
5584,16,4,0.1792435646057129
5585,16,5,0.16853488981723785
5586,16,6,0.18826141953468323
5587,16,7,0.18491098284721375
5588,16,8,0.24910806119441986
5589,16,9,0.18374329805374146
5590,16,10,0.16637273132801056
5591,16,11,0.17059771716594696
5592,16,12,0.2381765991449356
5593,16,13,0.18266724050045013
5594,16,14,0.20601700246334076
5595,16,15,0.20707480609416962
5596,16,16,0.251901775598526
5597,16,17,0.14971092343330383
5598,16,18,0.23173536360263824
5599,16,19,0.17173415422439575
5600,16,20,0.18992768228054047
5601,16,21,0.18760338425636292
5602,16,22,0.21864044666290283
5603,16,23,0.549663245677948
5604,16,24,0.1682537943124771
5605,16,25,0.2403215616941452
5606,16,26,0.2473965734243393
5607,16,27,0.24921301007270813
5608,16,28,0.2280644029378891
5609,16,29,0.15816675126552582
5610,16,30,0.18233217298984528
5611,16,31,0.2580318748950958
5612,16,32,0.2340669333934784
5613,16,33,0.18197235465049744
5614,16,34,0.2315867394208908
5615,16,35,0.17121627926826477
5616,16,36,0.18331654369831085
5617,16,37,0.2775348722934723
5618,16,38,0.21469159424304962
5619,16,39,0.25198885798454285
5620,16,40,0.2548427879810333
5621,16,41,0.1659398376941681
5622,16,42,0.3989885747432709
5623,16,43,0.37279459834098816
5624,16,44,0.19364827871322632
5625,16,45,0.168312668800354
5626,16,46,0.17899712920188904
5627,16,47,0.21119475364685059
5628,16,48,0.2505854368209839
5629,16,49,0.30006030201911926
5630,16,50,0.1921902596950531
5631,16,51,0.20068112015724182
5632,16,52,0.1639365404844284
5633,16,53,0.20433053374290466
5634,16,54,0.4988497793674469
5635,16,55,0.18479394912719727
5636,16,56,0.2520501911640167
5637,16,57,0.1647302806377411
5638,16,58,0.219991073012352
5639,16,59,0.3251657485961914
5640,16,60,0.20828768610954285
5641,16,61,0.22121566534042358
5642,16,62,0.1748615801334381
5643,16,63,0.32021281123161316
5644,16,64,0.23364903032779694
5645,16,65,0.16869740188121796
5646,16,66,0.26396429538726807
5647,16,67,0.27789631485939026
5648,16,68,0.21045750379562378
5649,16,69,0.1898064911365509
5650,16,70,0.2767478823661804
5651,16,71,0.2154378443956375
5652,16,72,0.35919713973999023
5653,16,73,1.062563180923462
5654,16,74,0.2123653143644333
5655,16,75,0.20868800580501556
5656,16,76,0.2097383737564087
5657,16,77,0.20439282059669495
5658,16,78,0.21816882491111755
5659,16,79,0.21399062871932983
5660,16,80,0.2896396815776825
5661,16,81,0.2486753910779953
5662,16,82,0.19665664434432983
5663,16,83,0.3039080798625946
5664,16,84,0.2260361760854721
5665,16,85,0.15240749716758728
5666,16,86,0.1915421187877655
5667,16,87,0.1926518827676773
5668,16,88,0.2888827621936798
5669,16,89,0.2330491989850998
5670,16,90,0.21324381232261658
5671,16,91,0.21275164186954498
5672,16,92,0.19954368472099304
5673,16,93,0.23538964986801147
5674,16,94,0.20927274227142334
5675,16,95,0.16710051894187927
5676,16,96,0.22067572176456451
5677,16,97,0.24814699590206146
5678,16,98,0.17772462964057922
5679,16,99,0.18960589170455933
5680,16,100,0.1900257170200348
5681,16,101,0.2573298215866089
5682,16,102,0.19767679274082184
5683,16,103,0.19561046361923218
5684,16,104,0.2052481770515442
5685,16,105,0.15858589112758636
5686,16,106,0.23431715369224548
5687,16,107,0.293260395526886
5688,16,108,0.21745014190673828
5689,16,109,0.18212339282035828
5690,16,110,0.1751139611005783
5691,16,111,0.1932275891304016
5692,16,112,0.36929962038993835
5693,16,113,0.38059061765670776
5694,16,114,0.265976220369339
5695,16,115,0.23748405277729034
5696,16,116,0.17266987264156342
5697,16,117,0.17198312282562256
5698,16,118,0.1930031031370163
5699,16,119,0.29870039224624634
5700,16,120,0.20262670516967773
5701,16,121,0.17594969272613525
5702,16,122,0.23376722633838654
5703,16,123,0.199470654129982
5704,16,124,0.19145077466964722
5705,16,125,0.2594027817249298
5706,16,126,0.2422415167093277
5707,16,127,0.23275285959243774
5708,16,128,0.22889475524425507
5709,16,129,0.253714919090271
5710,16,130,0.269795298576355
5711,16,131,0.17847546935081482
5712,16,132,0.19983163475990295
5713,16,133,0.18173140287399292
5714,16,134,0.24611185491085052
5715,16,135,0.1930132955312729
5716,16,136,0.21788246929645538
5717,16,137,0.26632943749427795
5718,16,138,0.5543403029441833
5719,16,139,0.17597530782222748
5720,16,140,0.30763423442840576
5721,16,141,0.16633975505828857
5722,16,142,0.241563618183136
5723,16,143,0.16771408915519714
5724,16,144,0.22469712793827057
5725,16,145,0.22258013486862183
5726,16,146,0.18677304685115814
5727,16,147,0.23275399208068848
5728,16,148,0.2592713236808777
5729,16,149,0.21462106704711914
5730,16,150,0.3023665249347687
5731,16,151,0.21402302384376526
5732,16,152,0.18934354186058044
5733,16,153,0.18606427311897278
5734,16,154,0.19278566539287567
5735,16,155,0.20169852674007416
5736,16,156,0.14094948768615723
5737,16,157,0.19429881870746613
5738,16,158,0.15484054386615753
5739,16,159,0.31737586855888367
5740,16,160,0.21915343403816223
5741,16,161,0.17964322865009308
5742,16,162,0.18931937217712402
5743,16,163,0.18203185498714447
5744,16,164,0.2726236581802368
5745,16,165,0.33965080976486206
5746,16,166,0.23585619032382965
5747,16,167,0.21645383536815643
5748,16,168,0.2772163450717926
5749,16,169,0.19530199468135834
5750,16,170,0.2963826060295105
5751,16,171,0.23120920360088348
5752,16,172,0.20658013224601746
5753,16,173,0.20433968305587769
5754,16,174,0.15948069095611572
5755,16,175,0.21359781920909882
5756,16,176,0.18632274866104126
5757,16,177,0.16525693237781525
5758,16,178,0.2567484378814697
5759,16,179,0.17713798582553864
5760,16,180,0.19726842641830444
5761,16,181,0.21435368061065674
5762,16,182,0.18369901180267334
5763,16,183,0.1868344247341156
5764,16,184,0.19951382279396057
5765,16,185,0.22768118977546692
5766,16,186,0.18767881393432617
5767,16,187,0.370393306016922
5768,16,188,0.1734578162431717
5769,16,189,0.20471076667308807
5770,16,190,0.16745613515377045
5771,16,191,0.22144465148448944
5772,16,192,0.17811299860477448
5773,16,193,0.19802725315093994
5774,16,194,0.16962164640426636
5775,16,195,0.18068601191043854
5776,16,196,0.3158263862133026
5777,16,197,0.19115492701530457
5778,16,198,0.252816766500473
5779,16,199,0.30013614892959595
5780,16,200,0.19243797659873962
5781,16,201,0.26923397183418274
5782,16,202,0.23671072721481323
5783,16,203,0.15185445547103882
5784,16,204,0.20078004896640778
5785,16,205,0.23498155176639557
5786,16,206,0.3982841670513153
5787,16,207,0.16137586534023285
5788,16,208,0.23362423479557037
5789,16,209,0.15712806582450867
5790,16,210,0.2165711373090744
5791,16,211,0.2226540744304657
5792,16,212,0.2074434459209442
5793,16,213,0.19736260175704956
5794,16,214,0.16338230669498444
5795,16,215,0.18987348675727844
5796,16,216,0.20105640590190887
5797,16,217,0.2492917776107788
5798,16,218,0.2804136276245117
5799,16,219,0.15532466769218445
5800,16,220,0.19144824147224426
5801,16,221,0.20408028364181519
5802,16,222,0.1587880402803421
5803,16,223,0.2151203155517578
5804,16,224,0.3978215157985687
5805,16,225,0.25982001423835754
5806,16,226,0.19287177920341492
5807,16,227,0.19042976200580597
5808,16,228,0.1853049099445343
5809,16,229,0.18917785584926605
5810,16,230,0.25366348028182983
5811,16,231,0.3060782849788666
5812,16,232,0.21569067239761353
5813,16,233,0.20528870820999146
5814,16,234,0.2242230772972107
5815,16,235,0.19646471738815308
5816,16,236,0.2248886674642563
5817,16,237,0.20175069570541382
5818,16,238,0.19649207592010498
5819,16,239,0.2253006547689438
5820,16,240,0.5531710386276245
5821,16,241,0.18837733566761017
5822,16,242,0.20860591530799866
5823,16,243,0.15728804469108582
5824,16,244,0.15412835776805878
5825,16,245,0.23940806090831757
5826,16,246,0.1817450225353241
5827,16,247,0.19571071863174438
5828,16,248,0.397279292345047
5829,16,249,0.2266777604818344
5830,16,250,0.20768338441848755
5831,16,251,0.29064303636550903
5832,16,252,0.2112661898136139
5833,16,253,0.24118544161319733
5834,16,254,0.19483479857444763
5835,16,255,0.16795697808265686
5836,16,256,0.20159770548343658
5837,16,257,0.20926304161548615
5838,16,258,0.34524038434028625
5839,16,259,0.17331784963607788
5840,16,260,0.20884749293327332
5841,16,261,0.1849098950624466
5842,16,262,0.28880879282951355
5843,16,263,0.23920902609825134
5844,16,264,0.18227051198482513
5845,16,265,0.2509564757347107
5846,16,266,0.2087356001138687
5847,16,267,0.19414009153842926
5848,16,268,0.1783137321472168
5849,16,269,0.26399004459381104
5850,16,270,0.2437770962715149
5851,16,271,0.5418602824211121
5852,16,272,0.1892029047012329
5853,16,273,0.1695120483636856
5854,16,274,0.19945546984672546
5855,16,275,0.19532763957977295
5856,16,276,0.17484554648399353
5857,16,277,0.20938028395175934
5858,16,278,0.24316343665122986
5859,16,279,0.23698030412197113
5860,16,280,0.49457329511642456
5861,16,281,0.3212343156337738
5862,16,282,0.22011250257492065
5863,16,283,0.22806118428707123
5864,16,284,0.17767122387886047
5865,16,285,0.2554073631763458
5866,16,286,0.21089401841163635
5867,16,287,0.21235781908035278
5868,16,288,0.2116394191980362
5869,16,289,0.23810577392578125
5870,16,290,0.1939738392829895
5871,16,291,0.1943153589963913
5872,16,292,0.21663621068000793
5873,16,293,0.19614282250404358
5874,16,294,0.27507340908050537
5875,16,295,0.1877099573612213
5876,16,296,0.2213808000087738
5877,16,297,0.23609745502471924
5878,16,298,0.5027323961257935
5879,16,299,0.3226047158241272
5880,16,300,0.20112240314483643
5881,16,301,0.1805925816297531
5882,16,302,0.23912669718265533
5883,16,303,0.20030958950519562
5884,16,304,0.17621666193008423
5885,16,305,0.2246902883052826
5886,16,306,0.2470041960477829
5887,16,307,0.17847786843776703
5888,16,308,0.2520124912261963
5889,16,309,0.27545595169067383
5890,16,310,0.24348899722099304
5891,16,311,0.20575980842113495
5892,16,312,0.2741677463054657
5893,16,313,0.20715881884098053
5894,16,314,0.24275974929332733
5895,16,315,0.19434472918510437
5896,16,316,0.1874110847711563
5897,16,317,0.285264253616333
5898,16,318,0.2646905481815338
5899,16,319,0.1626702845096588
5900,16,320,0.17776954174041748
5901,16,321,0.22196298837661743
5902,16,322,0.28589189052581787
5903,16,323,0.17456798255443573
5904,16,324,0.2556498944759369
5905,16,325,0.21906384825706482
5906,16,326,0.3359886109828949
5907,16,327,0.22418102622032166
5908,16,328,0.22612638771533966
5909,16,329,0.14223679900169373
5910,16,330,0.22757425904273987
5911,16,331,0.20783250033855438
5912,16,332,0.15815120935440063
5913,16,333,0.20061486959457397
5914,16,334,0.19430367648601532
5915,16,335,0.21613501012325287
5916,16,336,0.1718284636735916
5917,16,337,0.17598006129264832
5918,16,338,0.1718766689300537
5919,16,339,0.17727665603160858
5920,16,340,0.1547601819038391
5921,16,341,0.17854587733745575
5922,16,342,0.26433584094047546
5923,16,343,0.16005748510360718
5924,16,344,0.190808966755867
5925,16,345,0.16484682261943817
5926,16,346,0.23950521647930145
5927,16,347,0.21475405991077423
5928,16,348,0.18956008553504944
5929,16,349,0.15826086699962616
5930,16,350,0.24826981127262115
5931,16,351,0.17701396346092224
5932,16,352,0.4440717101097107
5933,16,353,0.1380307525396347
5934,16,354,0.2130136936903
5935,16,355,0.16878028213977814
5936,16,356,0.23798786103725433
5937,16,357,0.2404022365808487
5938,16,358,0.274291068315506
5939,16,359,0.20338715612888336
5940,16,360,0.19549836218357086
5941,16,361,0.2500620484352112
5942,16,362,0.22499282658100128
5943,16,363,0.27738848328590393
5944,16,364,0.217851459980011
5945,16,365,0.1513923853635788
5946,16,366,0.18836863338947296
5947,16,367,0.20016175508499146
5948,16,368,0.29358142614364624
5949,16,369,0.19506944715976715
5950,16,370,0.12045645713806152
5951,16,371,0.1385427713394165
5952,16,372,0.28221791982650757
5953,17,1,0.23178474605083466
5954,17,2,0.38712194561958313
5955,17,3,0.14808763563632965
5956,17,4,0.15608230233192444
5957,17,5,0.1463070511817932
5958,17,6,0.18388839066028595
5959,17,7,0.4287244379520416
5960,17,8,0.16490958631038666
5961,17,9,0.20270483195781708
5962,17,10,0.18743707239627838
5963,17,11,0.16464067995548248
5964,17,12,0.20513425767421722
5965,17,13,0.2083219289779663
5966,17,14,0.2047063708305359
5967,17,15,0.24115990102291107
5968,17,16,0.2210148721933365
5969,17,17,0.16779576241970062
5970,17,18,0.18043307960033417
5971,17,19,0.20988956093788147
5972,17,20,0.17217573523521423
5973,17,21,0.24060289561748505
5974,17,22,0.1587713658809662
5975,17,23,0.18792861700057983
5976,17,24,0.1649264544248581
5977,17,25,0.18277773261070251
5978,17,26,0.32880452275276184
5979,17,27,0.15023115277290344
5980,17,28,0.215201735496521
5981,17,29,0.20696838200092316
5982,17,30,0.23639877140522003
5983,17,31,0.15129058063030243
5984,17,32,0.1533726006746292
5985,17,33,0.20242586731910706
5986,17,34,0.20295117795467377
5987,17,35,0.2592083513736725
5988,17,36,0.2110430896282196
5989,17,37,0.21796345710754395
5990,17,38,0.21609221398830414
5991,17,39,0.16030676662921906
5992,17,40,0.18486738204956055
5993,17,41,0.13136489689350128
5994,17,42,0.190199077129364
5995,17,43,0.1819687932729721
5996,17,44,0.1855935901403427
5997,17,45,0.19531363248825073
5998,17,46,0.22560645639896393
5999,17,47,0.2831086218357086
6000,17,48,0.1595430225133896
6001,17,49,0.36428770422935486
6002,17,50,0.1797872930765152
6003,17,51,0.1991107165813446
6004,17,52,0.21448808908462524
6005,17,53,0.20076771080493927
6006,17,54,0.22023099660873413
6007,17,55,0.16622506082057953
6008,17,56,0.17561113834381104
6009,17,57,0.15467368066310883
6010,17,58,0.2298874408006668
6011,17,59,0.2104998677968979
6012,17,60,0.15831640362739563
6013,17,61,0.19172264635562897
6014,17,62,0.1969721019268036
6015,17,63,0.1847785860300064
6016,17,64,0.15605558454990387
6017,17,65,0.18272410333156586
6018,17,66,0.20907533168792725
6019,17,67,0.20695464313030243
6020,17,68,0.17016659677028656
6021,17,69,0.21194644272327423
6022,17,70,0.18166586756706238
6023,17,71,0.19792601466178894
6024,17,72,0.2321862280368805
6025,17,73,0.1420539915561676
6026,17,74,0.37707534432411194
6027,17,75,0.1662358194589615
6028,17,76,0.3639228940010071
6029,17,77,0.18643265962600708
6030,17,78,0.2241542786359787
6031,17,79,0.2607230842113495
6032,17,80,0.18014468252658844
6033,17,81,0.19614526629447937
6034,17,82,0.1878097504377365
6035,17,83,0.20455700159072876
6036,17,84,0.1766718477010727
6037,17,85,0.17271901667118073
6038,17,86,0.19449108839035034
6039,17,87,0.3014425039291382
6040,17,88,0.22074440121650696
6041,17,89,0.19285687804222107
6042,17,90,0.2066963016986847
6043,17,91,0.2173835188150406
6044,17,92,0.2562802731990814
6045,17,93,0.22939763963222504
6046,17,94,0.17867876589298248
6047,17,95,0.2557551860809326
6048,17,96,0.16386526823043823
6049,17,97,0.21158704161643982
6050,17,98,0.17858123779296875
6051,17,99,0.20978297293186188
6052,17,100,0.3825226426124573
6053,17,101,0.16941501200199127
6054,17,102,0.1836332529783249
6055,17,103,0.1649845689535141
6056,17,104,0.18875591456890106
6057,17,105,0.20363958179950714
6058,17,106,0.17639240622520447
6059,17,107,0.15333765745162964
6060,17,108,0.2184126377105713
6061,17,109,0.19647487998008728
6062,17,110,0.17298613488674164
6063,17,111,0.2063927948474884
6064,17,112,0.2462056577205658
6065,17,113,0.18849864602088928
6066,17,114,0.2582988440990448
6067,17,115,0.18887217342853546
6068,17,116,0.3075745701789856
6069,17,117,0.1797904223203659
6070,17,118,0.16822952032089233
6071,17,119,0.23587694764137268
6072,17,120,0.2916472554206848
6073,17,121,0.18552403151988983
6074,17,122,0.22113144397735596
6075,17,123,0.3050469160079956
6076,17,124,0.2963910698890686
6077,17,125,0.22504596412181854
6078,17,126,0.17440544068813324
6079,17,127,0.1338292360305786
6080,17,128,0.1980319321155548
6081,17,129,0.2273343801498413
6082,17,130,0.22449301183223724
6083,17,131,0.21161611378192902
6084,17,132,0.18465596437454224
6085,17,133,0.1967289298772812
6086,17,134,0.1847417950630188
6087,17,135,0.2049395889043808
6088,17,136,0.19491314888000488
6089,17,137,0.16602785885334015
6090,17,138,0.16005460917949677
6091,17,139,0.16055963933467865
6092,17,140,0.22373607754707336
6093,17,141,0.19544993340969086
6094,17,142,0.4894789159297943
6095,17,143,0.2193896770477295
6096,17,144,0.24616378545761108
6097,17,145,0.3868769109249115
6098,17,146,0.24589601159095764
6099,17,147,0.17215469479560852
6100,17,148,0.24289941787719727
6101,17,149,0.2069413810968399
6102,17,150,0.27774640917778015
6103,17,151,0.16413924098014832
6104,17,152,0.2185964286327362
6105,17,153,0.28072041273117065
6106,17,154,0.22272562980651855
6107,17,155,0.1814480423927307
6108,17,156,0.1641017645597458
6109,17,157,0.2026146650314331
6110,17,158,0.23516814410686493
6111,17,159,0.19729168713092804
6112,17,160,0.2393231987953186
6113,17,161,0.19646982848644257
6114,17,162,0.19872452318668365
6115,17,163,0.24001993238925934
6116,17,164,0.2634468376636505
6117,17,165,0.2431892603635788
6118,17,166,0.18785448372364044
6119,17,167,0.18854369223117828
6120,17,168,0.21817468106746674
6121,17,169,0.19354018568992615
6122,17,170,0.3302575945854187
6123,17,171,0.2318645417690277
6124,17,172,0.3148331046104431
6125,17,173,0.1992528736591339
6126,17,174,0.1682281345129013
6127,17,175,0.19345539808273315
6128,17,176,0.14307387173175812
6129,17,177,0.191907599568367
6130,17,178,0.19653351604938507
6131,17,179,0.2175469845533371
6132,17,180,0.184159517288208
6133,17,181,0.18302515149116516
6134,17,182,0.1752443015575409
6135,17,183,0.2525058090686798
6136,17,184,0.21588709950447083
6137,17,185,0.18928147852420807
6138,17,186,0.23025405406951904
6139,17,187,0.16654303669929504
6140,17,188,0.21240751445293427
6141,17,189,0.21977289021015167
6142,17,190,0.21912714838981628
6143,17,191,0.24857205152511597
6144,17,192,0.1954313963651657
6145,17,193,0.21422137320041656
6146,17,194,0.2181340754032135
6147,17,195,0.22046031057834625
6148,17,196,0.17161302268505096
6149,17,197,0.261934757232666
6150,17,198,0.37912729382514954
6151,17,199,0.20857027173042297
6152,17,200,0.17449262738227844
6153,17,201,0.15987829864025116
6154,17,202,0.2688526511192322
6155,17,203,0.24453134834766388
6156,17,204,0.22242675721645355
6157,17,205,0.2229997217655182
6158,17,206,0.19491906464099884
6159,17,207,0.31770798563957214
6160,17,208,0.20404231548309326
6161,17,209,0.18862026929855347
6162,17,210,0.18014086782932281
6163,17,211,0.23050619661808014
6164,17,212,0.2572583258152008
6165,17,213,0.2755463123321533
6166,17,214,0.25371280312538147
6167,17,215,0.23400697112083435
6168,17,216,0.2228873372077942
6169,17,217,0.1939065158367157
6170,17,218,0.1444883942604065
6171,17,219,0.17747066915035248
6172,17,220,0.15040476620197296
6173,17,221,0.19126799702644348
6174,17,222,0.20836028456687927
6175,17,223,0.17106856405735016
6176,17,224,0.21062514185905457
6177,17,225,0.1718950867652893
6178,17,226,0.2164342850446701
6179,17,227,0.20988772809505463
6180,17,228,0.13942034542560577
6181,17,229,0.1990177035331726
6182,17,230,0.14652761816978455
6183,17,231,0.2635294198989868
6184,17,232,0.33606716990470886
6185,17,233,0.2270115464925766
6186,17,234,0.16080263257026672
6187,17,235,0.21730118989944458
6188,17,236,0.21946023404598236
6189,17,237,0.1890982985496521
6190,17,238,0.2773544490337372
6191,17,239,0.19220593571662903
6192,17,240,0.17338570952415466
6193,17,241,0.21259886026382446
6194,17,242,0.17936275899410248
6195,17,243,0.2369159311056137
6196,17,244,0.24219955503940582
6197,17,245,0.2361435890197754
6198,17,246,0.2355162650346756
6199,17,247,0.17871759831905365
6200,17,248,0.2765292525291443
6201,17,249,0.18996991217136383
6202,17,250,0.17362825572490692
6203,17,251,0.15535405278205872
6204,17,252,0.24582797288894653
6205,17,253,0.16315892338752747
6206,17,254,0.18238118290901184
6207,17,255,0.17941956222057343
6208,17,256,0.2218376100063324
6209,17,257,0.16546325385570526
6210,17,258,0.18480803072452545
6211,17,259,0.19182322919368744
6212,17,260,0.1766074150800705
6213,17,261,0.20981797575950623
6214,17,262,0.2420225590467453
6215,17,263,0.22753791511058807
6216,17,264,0.16928628087043762
6217,17,265,0.1422317773103714
6218,17,266,0.22850093245506287
6219,17,267,0.1626480519771576
6220,17,268,0.23825083673000336
6221,17,269,0.22635425627231598
6222,17,270,0.19733822345733643
6223,17,271,0.18836702406406403
6224,17,272,0.1828419268131256
6225,17,273,0.17351579666137695
6226,17,274,0.1528797596693039
6227,17,275,0.1584841012954712
6228,17,276,0.20642103254795074
6229,17,277,0.14922069013118744
6230,17,278,0.1808941662311554
6231,17,279,0.2095586061477661
6232,17,280,0.22619915008544922
6233,17,281,0.16404160857200623
6234,17,282,0.1903151422739029
6235,17,283,0.21096210181713104
6236,17,284,0.19727760553359985
6237,17,285,0.16966941952705383
6238,17,286,0.14943735301494598
6239,17,287,0.19179055094718933
6240,17,288,0.18874122202396393
6241,17,289,0.164957657456398
6242,17,290,0.2044370472431183
6243,17,291,0.22744229435920715
6244,17,292,0.1869075447320938
6245,17,293,0.20484817028045654
6246,17,294,0.170525923371315
6247,17,295,0.13728302717208862
6248,17,296,0.1889795958995819
6249,17,297,0.18046748638153076
6250,17,298,0.17307612299919128
6251,17,299,0.19613254070281982
6252,17,300,0.15831004083156586
6253,17,301,0.2041836827993393
6254,17,302,0.19533593952655792
6255,17,303,0.1853155493736267
6256,17,304,0.24018412828445435
6257,17,305,0.17699292302131653
6258,17,306,0.18931320309638977
6259,17,307,0.1822049617767334
6260,17,308,0.1632508784532547
6261,17,309,0.15156523883342743
6262,17,310,0.24404115974903107
6263,17,311,0.31007513403892517
6264,17,312,0.2739925682544708
6265,17,313,0.2960823178291321
6266,17,314,0.1747046560049057
6267,17,315,0.17584793269634247
6268,17,316,0.23451559245586395
6269,17,317,0.24973291158676147
6270,17,318,0.23007835447788239
6271,17,319,0.1736370325088501
6272,17,320,0.22267784178256989
6273,17,321,0.19269096851348877
6274,17,322,0.1790127456188202
6275,17,323,0.1826191246509552
6276,17,324,0.16625700891017914
6277,17,325,0.2080691158771515
6278,17,326,0.2464994341135025
6279,17,327,0.19724100828170776
6280,17,328,0.23553594946861267
6281,17,329,0.2374633103609085
6282,17,330,1.0239989757537842
6283,17,331,0.26240575313568115
6284,17,332,0.21174146234989166
6285,17,333,0.36037224531173706
6286,17,334,0.15741078555583954
6287,17,335,0.20164120197296143
6288,17,336,0.17251642048358917
6289,17,337,0.1796245276927948
6290,17,338,0.23596937954425812
6291,17,339,0.1862340122461319
6292,17,340,0.2245452105998993
6293,17,341,0.32266929745674133
6294,17,342,0.3152078092098236
6295,17,343,0.19920022785663605
6296,17,344,0.22125327587127686
6297,17,345,0.22735626995563507
6298,17,346,0.20469926297664642
6299,17,347,0.1808568239212036
6300,17,348,0.1554299294948578
6301,17,349,0.3663875460624695
6302,17,350,0.20201514661312103
6303,17,351,0.22786536812782288
6304,17,352,0.18086184561252594
6305,17,353,0.2016727775335312
6306,17,354,0.20481863617897034
6307,17,355,0.2369253784418106
6308,17,356,0.21521301567554474
6309,17,357,0.19534170627593994
6310,17,358,0.25352832674980164
6311,17,359,0.19940803945064545
6312,17,360,0.205838143825531
6313,17,361,0.17211712896823883
6314,17,362,0.13837674260139465
6315,17,363,0.2289699912071228
6316,17,364,0.17569328844547272
6317,17,365,0.561509907245636
6318,17,366,0.18270576000213623
6319,17,367,0.21928918361663818
6320,17,368,0.2346368283033371
6321,17,369,0.2263595312833786
6322,17,370,0.20416061580181122
6323,17,371,0.17582663893699646
6324,17,372,0.2823692262172699
6325,18,1,0.19731301069259644
6326,18,2,0.18714338541030884
6327,18,3,0.17208269238471985
6328,18,4,0.24172891676425934
6329,18,5,0.2150101661682129
6330,18,6,0.2237960696220398
6331,18,7,0.2763705253601074
6332,18,8,0.26665982604026794
6333,18,9,0.19305716454982758
6334,18,10,0.20650739967823029
6335,18,11,0.21610163152217865
6336,18,12,0.2000941038131714
6337,18,13,0.2125452160835266
6338,18,14,0.22086045145988464
6339,18,15,0.1940089911222458
6340,18,16,0.2007201761007309
6341,18,17,0.18429705500602722
6342,18,18,0.17173969745635986
6343,18,19,0.16606830060482025
6344,18,20,0.20279301702976227
6345,18,21,0.19815604388713837
6346,18,22,0.15771247446537018
6347,18,23,0.2566729485988617
6348,18,24,0.18529991805553436
6349,18,25,0.27099648118019104
6350,18,26,0.18483233451843262
6351,18,27,0.15878921747207642
6352,18,28,0.17320922017097473
6353,18,29,0.18188373744487762
6354,18,30,0.21422423422336578
6355,18,31,0.238326296210289
6356,18,32,0.2072662115097046
6357,18,33,0.19056154787540436
6358,18,34,0.15284280478954315
6359,18,35,0.15677514672279358
6360,18,36,0.1717146784067154
6361,18,37,0.19744358956813812
6362,18,38,0.1286889612674713
6363,18,39,0.15911585092544556
6364,18,40,0.1634964495897293
6365,18,41,0.1702604740858078
6366,18,42,0.219251811504364
6367,18,43,0.20350636541843414
6368,18,44,0.21279902756214142
6369,18,45,0.3138386309146881
6370,18,46,0.18203553557395935
6371,18,47,0.22716854512691498
6372,18,48,0.18120640516281128
6373,18,49,0.22353631258010864
6374,18,50,0.157695472240448
6375,18,51,0.16439327597618103
6376,18,52,0.228465273976326
6377,18,53,0.19939184188842773
6378,18,54,0.4854007661342621
6379,18,55,0.21120965480804443
6380,18,56,0.19238685071468353
6381,18,57,0.12448468804359436
6382,18,58,0.152750164270401
6383,18,59,0.19147594273090363
6384,18,60,0.1730659008026123
6385,18,61,0.19292546808719635
6386,18,62,0.1353873312473297
6387,18,63,0.16614386439323425
6388,18,64,0.17987070977687836
6389,18,65,0.17079272866249084
6390,18,66,0.3630315363407135
6391,18,67,0.18240448832511902
6392,18,68,0.17998425662517548
6393,18,69,0.16552706062793732
6394,18,70,0.20521189272403717
6395,18,71,0.19619445502758026
6396,18,72,0.18994560837745667
6397,18,73,0.23719246685504913
6398,18,74,0.15838868916034698
6399,18,75,0.16781917214393616
6400,18,76,0.19804063439369202
6401,18,77,0.18218816816806793
6402,18,78,0.1658989042043686
6403,18,79,0.23958615958690643
6404,18,80,0.2860836088657379
6405,18,81,0.1544676572084427
6406,18,82,0.16380077600479126
6407,18,83,0.14686594903469086
6408,18,84,0.18947109580039978
6409,18,85,0.21660064160823822
6410,18,86,0.21872499585151672
6411,18,87,0.19700199365615845
6412,18,88,0.1475186049938202
6413,18,89,0.1558581441640854
6414,18,90,0.2157776653766632
6415,18,91,0.1739616096019745
6416,18,92,0.20631255209445953
6417,18,93,0.184383824467659
6418,18,94,0.18446579575538635
6419,18,95,0.17045222222805023
6420,18,96,0.1481575071811676
6421,18,97,0.1429552286863327
6422,18,98,0.2453974336385727
6423,18,99,0.21210284531116486
6424,18,100,0.19136738777160645
6425,18,101,0.17536526918411255
6426,18,102,0.190926194190979
6427,18,103,0.1945262998342514
6428,18,104,0.2224547415971756
6429,18,105,0.2627655863761902
6430,18,106,0.18698199093341827
6431,18,107,0.19143809378147125
6432,18,108,0.22736923396587372
6433,18,109,0.17324860394001007
6434,18,110,0.22746720910072327
6435,18,111,0.2134525328874588
6436,18,112,0.19848273694515228
6437,18,113,0.1589272916316986
6438,18,114,0.2916180193424225
6439,18,115,0.1509997844696045
6440,18,116,0.2694662809371948
6441,18,117,0.2619650065898895
6442,18,118,0.12776774168014526
6443,18,119,0.18500813841819763
6444,18,120,0.1662866473197937
6445,18,121,0.15161636471748352
6446,18,122,0.22738152742385864
6447,18,123,0.24753578007221222
6448,18,124,0.15652388334274292
6449,18,125,0.2546176016330719
6450,18,126,0.17428740859031677
6451,18,127,0.15600945055484772
6452,18,128,0.20674149692058563
6453,18,129,0.14796780049800873
6454,18,130,0.2720189690589905
6455,18,131,0.20516477525234222
6456,18,132,0.163905531167984
6457,18,133,0.16713492572307587
6458,18,134,0.22716455161571503
6459,18,135,0.23926600813865662
6460,18,136,0.2873549163341522
6461,18,137,0.21415334939956665
6462,18,138,0.1805160641670227
6463,18,139,0.4264802634716034
6464,18,140,0.1669337898492813
6465,18,141,0.14452746510505676
6466,18,142,0.17844685912132263
6467,18,143,0.17149323225021362
6468,18,144,0.2205679714679718
6469,18,145,0.38746312260627747
6470,18,146,0.20173566043376923
6471,18,147,0.19961132109165192
6472,18,148,0.21620771288871765
6473,18,149,0.18681812286376953
6474,18,150,0.17227955162525177
6475,18,151,0.1890307068824768
6476,18,152,0.18875421583652496
6477,18,153,0.27619948983192444
6478,18,154,0.20247220993041992
6479,18,155,0.1586751788854599
6480,18,156,0.1987437605857849
6481,18,157,0.22908447682857513
6482,18,158,0.18738047778606415
6483,18,159,0.22437551617622375
6484,18,160,0.2774064838886261
6485,18,161,0.16728432476520538
6486,18,162,0.3242788016796112
6487,18,163,0.17473667860031128
6488,18,164,0.18164996802806854
6489,18,165,0.2579505145549774
6490,18,166,0.2581195831298828
6491,18,167,0.23931266367435455
6492,18,168,0.24815933406352997
6493,18,169,0.18819619715213776
6494,18,170,0.21360312402248383
6495,18,171,0.1704808920621872
6496,18,172,0.20457570254802704
6497,18,173,0.29203999042510986
6498,18,174,0.2151031792163849
6499,18,175,0.1547650843858719
6500,18,176,0.21874327957630157
6501,18,177,0.19841280579566956
6502,18,178,0.2106710821390152
6503,18,179,0.21816755831241608
6504,18,180,0.17878583073616028
6505,18,181,0.2343476414680481
6506,18,182,0.1805541068315506
6507,18,183,0.17230193316936493
6508,18,184,0.19146054983139038
6509,18,185,0.1645771563053131
6510,18,186,0.1895274519920349
6511,18,187,0.18430346250534058
6512,18,188,0.2086465060710907
6513,18,189,0.19902083277702332
6514,18,190,0.15694713592529297
6515,18,191,0.15288059413433075
6516,18,192,0.22548748552799225
6517,18,193,0.18046453595161438
6518,18,194,0.1661108434200287
6519,18,195,0.17801101505756378
6520,18,196,0.18019132316112518
6521,18,197,0.18282778561115265
6522,18,198,0.20388662815093994
6523,18,199,0.2118377387523651
6524,18,200,0.18003229796886444
6525,18,201,0.18256664276123047
6526,18,202,0.19120293855667114
6527,18,203,0.15474510192871094
6528,18,204,0.2000657171010971
6529,18,205,0.187816321849823
6530,18,206,0.18935038149356842
6531,18,207,0.21324510872364044
6532,18,208,0.2422734498977661
6533,18,209,0.14102914929389954
6534,18,210,0.1886911690235138
6535,18,211,0.1967063546180725
6536,18,212,0.15160804986953735
6537,18,213,0.18095974624156952
6538,18,214,0.26293063163757324
6539,18,215,0.17699457705020905
6540,18,216,0.14799071848392487
6541,18,217,0.16543972492218018
6542,18,218,0.17972418665885925
6543,18,219,0.16407933831214905
6544,18,220,0.16575908660888672
6545,18,221,0.19016988575458527
6546,18,222,0.16197267174720764
6547,18,223,0.16952426731586456
6548,18,224,0.19705839455127716
6549,18,225,0.18683752417564392
6550,18,226,0.23968662321567535
6551,18,227,0.19762101769447327
6552,18,228,0.21755743026733398
6553,18,229,0.19130168855190277
6554,18,230,0.156900554895401
6555,18,231,0.15471027791500092
6556,18,232,0.18136395514011383
6557,18,233,0.15505047142505646
6558,18,234,0.15488484501838684
6559,18,235,0.1799398809671402
6560,18,236,0.21960264444351196
6561,18,237,0.17887453734874725
6562,18,238,0.17445994913578033
6563,18,239,0.1782863587141037
6564,18,240,0.23255744576454163
6565,18,241,0.1727752834558487
6566,18,242,0.18762992322444916
6567,18,243,0.22851650416851044
6568,18,244,0.20727533102035522
6569,18,245,0.4079285264015198
6570,18,246,0.2366553395986557
6571,18,247,0.17165187001228333
6572,18,248,0.1986466944217682
6573,18,249,0.1834382712841034
6574,18,250,0.2245689034461975
6575,18,251,0.19098322093486786
6576,18,252,0.1514280140399933
6577,18,253,0.17762073874473572
6578,18,254,0.23416133224964142
6579,18,255,0.17643573880195618
6580,18,256,0.19982676208019257
6581,18,257,0.21774500608444214
6582,18,258,0.3277692496776581
6583,18,259,0.14442479610443115
6584,18,260,0.16636402904987335
6585,18,261,0.20792311429977417
6586,18,262,0.17372994124889374
6587,18,263,0.2656385898590088
6588,18,264,0.17901483178138733
6589,18,265,0.22162595391273499
6590,18,266,0.1700606346130371
6591,18,267,0.24596889317035675
6592,18,268,0.20465536415576935
6593,18,269,0.1839267462491989
6594,18,270,0.19411736726760864
6595,18,271,0.15926013886928558
6596,18,272,0.19622446596622467
6597,18,273,0.22453826665878296
6598,18,274,0.1883585900068283
6599,18,275,0.20323358476161957
6600,18,276,0.15920130908489227
6601,18,277,0.15382257103919983
6602,18,278,0.14671097695827484
6603,18,279,0.1477563977241516
6604,18,280,0.21994177997112274
6605,18,281,0.17653851211071014
6606,18,282,0.20333455502986908
6607,18,283,0.257777601480484
6608,18,284,0.21593710780143738
6609,18,285,0.25389015674591064
6610,18,286,0.20548643171787262
6611,18,287,0.7186778783798218
6612,18,288,0.18461023271083832
6613,18,289,0.1453317403793335
6614,18,290,0.2264786660671234
6615,18,291,0.20765234529972076
6616,18,292,0.20709481835365295
6617,18,293,0.2923550307750702
6618,18,294,0.27670764923095703
6619,18,295,0.1627057045698166
6620,18,296,0.2003941386938095
6621,18,297,0.2224256694316864
6622,18,298,0.2106202095746994
6623,18,299,0.18141289055347443
6624,18,300,0.22437861561775208
6625,18,301,0.17252877354621887
6626,18,302,0.20056739449501038
6627,18,303,0.19069316983222961
6628,18,304,0.17844825983047485
6629,18,305,0.17715486884117126
6630,18,306,0.2142348438501358
6631,18,307,0.17148713767528534
6632,18,308,0.2292838841676712
6633,18,309,0.41240352392196655
6634,18,310,0.17804348468780518
6635,18,311,0.2027987688779831
6636,18,312,0.21737556159496307
6637,18,313,0.1795620173215866
6638,18,314,0.17591021955013275
6639,18,315,0.19241827726364136
6640,18,316,0.1833922117948532
6641,18,317,0.1855587512254715
6642,18,318,0.18029789626598358
6643,18,319,0.14342091977596283
6644,18,320,0.23859569430351257
6645,18,321,0.19099128246307373
6646,18,322,0.259415864944458
6647,18,323,0.16341473162174225
6648,18,324,0.1973085105419159
6649,18,325,0.1708134263753891
6650,18,326,0.14948934316635132
6651,18,327,0.1815580576658249
6652,18,328,0.22421665489673615
6653,18,329,0.16229653358459473
6654,18,330,0.27120092511177063
6655,18,331,0.1698821634054184
6656,18,332,0.46165433526039124
6657,18,333,0.18188531696796417
6658,18,334,0.3180304169654846
6659,18,335,0.22928161919116974
6660,18,336,0.1689760684967041
6661,18,337,0.2163795679807663
6662,18,338,0.1950516402721405
6663,18,339,0.20201583206653595
6664,18,340,0.147846981883049
6665,18,341,0.2314053475856781
6666,18,342,0.16995185613632202
6667,18,343,0.2066253125667572
6668,18,344,0.16116738319396973
6669,18,345,0.22070372104644775
6670,18,346,0.15128681063652039
6671,18,347,0.2260836511850357
6672,18,348,0.1855858862400055
6673,18,349,0.3935464024543762
6674,18,350,0.1751597821712494
6675,18,351,0.16519732773303986
6676,18,352,0.1607280671596527
6677,18,353,0.15951167047023773
6678,18,354,0.1813715696334839
6679,18,355,0.2609513998031616
6680,18,356,0.28096017241477966
6681,18,357,0.1782902330160141
6682,18,358,0.202584907412529
6683,18,359,0.20914426445960999
6684,18,360,0.2311244010925293
6685,18,361,0.17821238934993744
6686,18,362,0.18790239095687866
6687,18,363,0.21190588176250458
6688,18,364,0.21765370666980743
6689,18,365,0.31120961904525757
6690,18,366,0.1405630260705948
6691,18,367,0.18753324449062347
6692,18,368,0.21709227561950684
6693,18,369,0.2522641122341156
6694,18,370,0.20420658588409424
6695,18,371,0.18216682970523834
6696,18,372,0.1650998443365097
6697,19,1,0.21843381226062775
6698,19,2,0.17115236818790436
6699,19,3,0.15998421609401703
6700,19,4,0.17294222116470337
6701,19,5,0.16839469969272614
6702,19,6,0.3117651343345642
6703,19,7,0.18980500102043152
6704,19,8,0.17828945815563202
6705,19,9,0.18973831832408905
6706,19,10,0.2829684615135193
6707,19,11,0.23028554022312164
6708,19,12,0.22466713190078735
6709,19,13,0.1590321958065033
6710,19,14,0.25461679697036743
6711,19,15,0.17433470487594604
6712,19,16,0.22121259570121765
6713,19,17,0.21785855293273926
6714,19,18,0.2319057434797287
6715,19,19,0.18119846284389496
6716,19,20,0.1951679140329361
6717,19,21,0.15722501277923584
6718,19,22,0.18053461611270905
6719,19,23,0.17980730533599854
6720,19,24,0.28030288219451904
6721,19,25,0.20994552969932556
6722,19,26,0.21015389263629913
6723,19,27,0.1586487740278244
6724,19,28,0.1964126080274582
6725,19,29,0.16508795320987701
6726,19,30,0.18130894005298615
6727,19,31,0.1678803563117981
6728,19,32,0.22374391555786133
6729,19,33,0.18713991343975067
6730,19,34,0.24223637580871582
6731,19,35,0.1293637752532959
6732,19,36,0.1463422179222107
6733,19,37,0.13512682914733887
6734,19,38,0.2728126645088196
6735,19,39,0.24044553935527802
6736,19,40,0.20414909720420837
6737,19,41,0.16687633097171783
6738,19,42,0.16409435868263245
6739,19,43,0.1639668047428131
6740,19,44,0.17740178108215332
6741,19,45,0.18411661684513092
6742,19,46,0.22646339237689972
6743,19,47,0.17941202223300934
6744,19,48,0.17610454559326172
6745,19,49,0.15321210026741028
6746,19,50,0.168056458234787
6747,19,51,0.20854917168617249
6748,19,52,0.16575483977794647
6749,19,53,0.17212462425231934
6750,19,54,0.22063705325126648
6751,19,55,0.21566243469715118
6752,19,56,0.28972235321998596
6753,19,57,0.15174508094787598
6754,19,58,0.17564065754413605
6755,19,59,0.17217057943344116
6756,19,60,0.1413874328136444
6757,19,61,0.15140630304813385
6758,19,62,0.1875496655702591
6759,19,63,0.1125163584947586
6760,19,64,0.2363317757844925
6761,19,65,0.20059970021247864
6762,19,66,0.19176338613033295
6763,19,67,0.1644294559955597
6764,19,68,0.1476462185382843
6765,19,69,0.17189191281795502
6766,19,70,0.15280255675315857
6767,19,71,0.14993968605995178
6768,19,72,0.14989790320396423
6769,19,73,0.1718897819519043
6770,19,74,0.16890297830104828
6771,19,75,0.14502032101154327
6772,19,76,0.17367053031921387
6773,19,77,0.1646665632724762
6774,19,78,0.24191950261592865
6775,19,79,0.17050227522850037
6776,19,80,0.16238264739513397
6777,19,81,0.14867264032363892
6778,19,82,0.1843806654214859
6779,19,83,0.14053769409656525
6780,19,84,0.17881475389003754
6781,19,85,0.17153047025203705
6782,19,86,0.14877495169639587
6783,19,87,0.2237050086259842
6784,19,88,0.1283361315727234
6785,19,89,0.2182117998600006
6786,19,90,0.18963508307933807
6787,19,91,0.2287617176771164
6788,19,92,0.16786515712738037
6789,19,93,0.19022509455680847
6790,19,94,0.16478583216667175
6791,19,95,0.1698172241449356
6792,19,96,0.16472701728343964
6793,19,97,0.18881620466709137
6794,19,98,0.16706091165542603
6795,19,99,0.16104280948638916
6796,19,100,0.18319998681545258
6797,19,101,0.18493738770484924
6798,19,102,0.36506468057632446
6799,19,103,0.15061821043491364
6800,19,104,0.19988738000392914
6801,19,105,0.15578921139240265
6802,19,106,0.15495876967906952
6803,19,107,0.21927759051322937
6804,19,108,0.16589945554733276
6805,19,109,0.19527533650398254
6806,19,110,0.37654224038124084
6807,19,111,0.16782426834106445
6808,19,112,0.1575944572687149
6809,19,113,0.28700220584869385
6810,19,114,0.17420372366905212
6811,19,115,0.1809559166431427
6812,19,116,0.21826806664466858
6813,19,117,0.1971297562122345
6814,19,118,0.18867501616477966
6815,19,119,0.1632227599620819
6816,19,120,0.15447258949279785
6817,19,121,0.21472370624542236
6818,19,122,0.22981016337871552
6819,19,123,0.13458813726902008
6820,19,124,0.1666589379310608
6821,19,125,0.3294200897216797
6822,19,126,0.14265739917755127
6823,19,127,0.1797848343849182
6824,19,128,0.13646292686462402
6825,19,129,0.16198144853115082
6826,19,130,0.1707610934972763
6827,19,131,0.18483908474445343
6828,19,132,0.16324037313461304
6829,19,133,0.1722748577594757
6830,19,134,0.15966837108135223
6831,19,135,0.1782369315624237
6832,19,136,0.17746421694755554
6833,19,137,0.16013094782829285
6834,19,138,0.23319998383522034
6835,19,139,0.18669827282428741
6836,19,140,0.23320841789245605
6837,19,141,0.1751713752746582
6838,19,142,0.22367922961711884
6839,19,143,0.16952672600746155
6840,19,144,0.20022089779376984
6841,19,145,0.16743800044059753
6842,19,146,0.15791402757167816
6843,19,147,0.16509601473808289
6844,19,148,0.135921910405159
6845,19,149,0.15062393248081207
6846,19,150,0.3381020128726959
6847,19,151,0.16940158605575562
6848,19,152,0.2246817946434021
6849,19,153,0.21070824563503265
6850,19,154,0.17805787920951843
6851,19,155,0.15409670770168304
6852,19,156,0.1312384307384491
6853,19,157,0.19310390949249268
6854,19,158,0.17059548199176788
6855,19,159,0.19549693167209625
6856,19,160,0.15494535863399506
6857,19,161,0.17337782680988312
6858,19,162,0.14980357885360718
6859,19,163,0.1473589390516281
6860,19,164,0.19138456881046295
6861,19,165,0.17685425281524658
6862,19,166,0.17387394607067108
6863,19,167,0.1561860740184784
6864,19,168,0.2112351655960083
6865,19,169,0.15536703169345856
6866,19,170,0.15160667896270752
6867,19,171,0.14033904671669006
6868,19,172,0.15996034443378448
6869,19,173,0.2049734741449356
6870,19,174,0.15614891052246094
6871,19,175,0.1789107471704483
6872,19,176,0.2041642665863037
6873,19,177,0.16834066808223724
6874,19,178,0.23355954885482788
6875,19,179,0.16640374064445496
6876,19,180,0.1721067577600479
6877,19,181,0.1351621448993683
6878,19,182,0.1894117295742035
6879,19,183,0.2057255208492279
6880,19,184,0.18024685978889465
6881,19,185,0.22149038314819336
6882,19,186,0.16274261474609375
6883,19,187,0.2128463238477707
6884,19,188,0.11287153512239456
6885,19,189,0.18829753994941711
6886,19,190,0.12381266802549362
6887,19,191,0.17341914772987366
6888,19,192,0.13483184576034546
6889,19,193,0.21308079361915588
6890,19,194,0.1524655520915985
6891,19,195,0.16254691779613495
6892,19,196,0.141525000333786
6893,19,197,0.16974280774593353
6894,19,198,0.1585654467344284
6895,19,199,0.16761477291584015
6896,19,200,0.19762934744358063
6897,19,201,0.2049974799156189
6898,19,202,0.20211324095726013
6899,19,203,0.16888944804668427
6900,19,204,0.17561443150043488
6901,19,205,0.22208084166049957
6902,19,206,0.14259012043476105
6903,19,207,0.14800867438316345
6904,19,208,0.1623278707265854
6905,19,209,0.1564512699842453
6906,19,210,0.15934298932552338
6907,19,211,0.13643606007099152
6908,19,212,0.16740603744983673
6909,19,213,0.1679866909980774
6910,19,214,0.2854005992412567
6911,19,215,0.18843936920166016
6912,19,216,0.1726149022579193
6913,19,217,0.21829842031002045
6914,19,218,0.44612547755241394
6915,19,219,0.21707873046398163
6916,19,220,0.2427246868610382
6917,19,221,0.17385263741016388
6918,19,222,0.19589389860630035
6919,19,223,0.16264015436172485
6920,19,224,0.21028399467468262
6921,19,225,0.17624133825302124
6922,19,226,0.2113575041294098
6923,19,227,0.19747325778007507
6924,19,228,0.20909829437732697
6925,19,229,0.17376533150672913
6926,19,230,0.24847526848316193
6927,19,231,0.1761714518070221
6928,19,232,0.25347039103507996
6929,19,233,0.19385750591754913
6930,19,234,0.15619806945323944
6931,19,235,0.19766157865524292
6932,19,236,0.15389543771743774
6933,19,237,0.1878300905227661
6934,19,238,0.19608646631240845
6935,19,239,0.4544457793235779
6936,19,240,0.13407962024211884
6937,19,241,0.15188202261924744
6938,19,242,0.21114042401313782
6939,19,243,0.18128791451454163
6940,19,244,0.2035491168498993
6941,19,245,0.19207517802715302
6942,19,246,0.1570386290550232
6943,19,247,0.2776646912097931
6944,19,248,0.1354176551103592
6945,19,249,0.17990291118621826
6946,19,250,0.20466740429401398
6947,19,251,0.18177475035190582
6948,19,252,0.1603180319070816
6949,19,253,0.16816917061805725
6950,19,254,0.2116202861070633
6951,19,255,0.21751905977725983
6952,19,256,0.17388613522052765
6953,19,257,0.19603270292282104
6954,19,258,0.16965627670288086
6955,19,259,0.18320035934448242
6956,19,260,0.18923373520374298
6957,19,261,0.16525787115097046
6958,19,262,0.216752827167511
6959,19,263,0.22275987267494202
6960,19,264,0.18766827881336212
6961,19,265,0.20743148028850555
6962,19,266,0.1766318380832672
6963,19,267,0.17442883551120758
6964,19,268,0.17504040896892548
6965,19,269,0.21319910883903503
6966,19,270,0.19513437151908875
6967,19,271,0.2014494240283966
6968,19,272,0.1641104519367218
6969,19,273,0.20846427977085114
6970,19,274,0.1661454737186432
6971,19,275,0.15139998495578766
6972,19,276,0.26344501972198486
6973,19,277,0.21144764125347137
6974,19,278,0.16081367433071136
6975,19,279,0.15893423557281494
6976,19,280,0.21941974759101868
6977,19,281,0.23438240587711334
6978,19,282,0.1579826921224594
6979,19,283,0.1625109314918518
6980,19,284,0.31492406129837036
6981,19,285,0.19340626895427704
6982,19,286,0.17414480447769165
6983,19,287,0.12911675870418549
6984,19,288,0.1490156352519989
6985,19,289,0.15651729702949524
6986,19,290,0.1657918244600296
6987,19,291,0.23293498158454895
6988,19,292,0.18080349266529083
6989,19,293,0.1497267484664917
6990,19,294,0.22378569841384888
6991,19,295,0.20091277360916138
6992,19,296,0.2039949595928192
6993,19,297,0.18316449224948883
6994,19,298,0.16658304631710052
6995,19,299,0.16902336478233337
6996,19,300,0.16517487168312073
6997,19,301,0.12725608050823212
6998,19,302,0.24875271320343018
6999,19,303,0.1806107461452484
7000,19,304,0.14722798764705658
7001,19,305,0.1431671679019928
7002,19,306,0.15796980261802673
7003,19,307,0.18393760919570923
7004,19,308,0.20301732420921326
7005,19,309,0.19493058323860168
7006,19,310,0.17757105827331543
7007,19,311,0.16842719912528992
7008,19,312,0.17745660245418549
7009,19,313,0.24293413758277893
7010,19,314,0.1404700130224228
7011,19,315,0.1751077026128769
7012,19,316,0.21649698913097382
7013,19,317,0.23012159764766693
7014,19,318,0.1826389729976654
7015,19,319,0.18362979590892792
7016,19,320,0.19192001223564148
7017,19,321,0.16586048901081085
7018,19,322,0.1923341155052185
7019,19,323,0.1630304604768753
7020,19,324,0.2152734398841858
7021,19,325,0.20594196021556854
7022,19,326,0.17639096081256866
7023,19,327,0.24574372172355652
7024,19,328,0.21764779090881348
7025,19,329,0.15636344254016876
7026,19,330,0.1671607941389084
7027,19,331,0.14680005609989166
7028,19,332,0.17032918334007263
7029,19,333,0.13641272485256195
7030,19,334,0.1590031087398529
7031,19,335,0.2519727051258087
7032,19,336,0.1786334365606308
7033,19,337,0.2506125569343567
7034,19,338,0.15527784824371338
7035,19,339,0.25330886244773865
7036,19,340,0.2107052356004715
7037,19,341,0.19645343720912933
7038,19,342,0.19874142110347748
7039,19,343,0.18383260071277618
7040,19,344,0.1360982209444046
7041,19,345,0.17670920491218567
7042,19,346,0.15376397967338562
7043,19,347,0.21852903068065643
7044,19,348,0.1563154011964798
7045,19,349,0.21332809329032898
7046,19,350,0.1813146322965622
7047,19,351,0.22256335616111755
7048,19,352,0.19784720242023468
7049,19,353,0.16429921984672546
7050,19,354,0.26388445496559143
7051,19,355,0.8109846115112305
7052,19,356,0.2230733036994934
7053,19,357,0.33392134308815
7054,19,358,0.15546396374702454
7055,19,359,0.21307310461997986
7056,19,360,0.15005311369895935
7057,19,361,0.1966765820980072
7058,19,362,0.19248336553573608
7059,19,363,0.16939987242221832
7060,19,364,0.3219238519668579
7061,19,365,0.2156437635421753
7062,19,366,0.1730232983827591
7063,19,367,0.17672355473041534
7064,19,368,0.20988459885120392
7065,19,369,0.1637682318687439
7066,19,370,0.20217283070087433
7067,19,371,0.19858455657958984
7068,19,372,0.22537755966186523
7069,20,1,0.16844460368156433
7070,20,2,0.17360031604766846
7071,20,3,0.22644133865833282
7072,20,4,0.17638273537158966
7073,20,5,0.18883530795574188
7074,20,6,0.1460806280374527
7075,20,7,0.15291555225849152
7076,20,8,0.18530340492725372
7077,20,9,0.5707963109016418
7078,20,10,0.20450033247470856
7079,20,11,0.17334972321987152
7080,20,12,0.14733454585075378
7081,20,13,0.198306143283844
7082,20,14,0.17319829761981964
7083,20,15,0.20933586359024048
7084,20,16,0.18910996615886688
7085,20,17,0.19967491924762726
7086,20,18,0.32161426544189453
7087,20,19,0.17733633518218994
7088,20,20,0.15271635353565216
7089,20,21,0.32213786244392395
7090,20,22,0.2317216694355011
7091,20,23,0.18393123149871826
7092,20,24,0.16682468354701996
7093,20,25,0.21270541846752167
7094,20,26,0.16974565386772156
7095,20,27,0.14608968794345856
7096,20,28,0.3214978575706482
7097,20,29,0.1500719040632248
7098,20,30,0.13722486793994904
7099,20,31,0.1691637933254242
7100,20,32,0.13646022975444794
7101,20,33,0.20147055387496948
7102,20,34,0.21201065182685852
7103,20,35,0.15199057757854462
7104,20,36,0.21402442455291748
7105,20,37,0.25702276825904846
7106,20,38,0.3639999032020569
7107,20,39,0.21266141533851624
7108,20,40,0.21415992081165314
7109,20,41,0.14556843042373657
7110,20,42,0.17185427248477936
7111,20,43,0.24168534576892853
7112,20,44,0.15353591740131378
7113,20,45,0.1709173321723938
7114,20,46,0.1640726774930954
7115,20,47,0.17018714547157288
7116,20,48,0.24857556819915771
7117,20,49,0.1446378529071808
7118,20,50,0.15853700041770935
7119,20,51,0.17045466601848602
7120,20,52,0.17357246577739716
7121,20,53,0.17584820091724396
7122,20,54,0.23452593386173248
7123,20,55,0.21681712567806244
7124,20,56,0.16098886728286743
7125,20,57,0.17181512713432312
7126,20,58,0.14264139533042908
7127,20,59,0.21790124475955963
7128,20,60,0.2153273969888687
7129,20,61,0.1587953120470047
7130,20,62,0.16241435706615448
7131,20,63,0.188413605093956
7132,20,64,0.2232542186975479
7133,20,65,0.15834376215934753
7134,20,66,0.21837250888347626
7135,20,67,0.14694702625274658
7136,20,68,0.1839037835597992
7137,20,69,0.15354953706264496
7138,20,70,0.15726476907730103
7139,20,71,0.18162956833839417
7140,20,72,0.23278117179870605
7141,20,73,0.21226799488067627
7142,20,74,0.1602613925933838
7143,20,75,0.19484926760196686
7144,20,76,0.20200417935848236
7145,20,77,0.22547197341918945
7146,20,78,0.15922793745994568
7147,20,79,0.16238892078399658
7148,20,80,0.1377776861190796
7149,20,81,0.23312976956367493
7150,20,82,0.15696178376674652
7151,20,83,0.19026786088943481
7152,20,84,0.20250441133975983
7153,20,85,0.18760450184345245
7154,20,86,0.2064320296049118
7155,20,87,0.1656976342201233
7156,20,88,0.16719378530979156
7157,20,89,0.2135149985551834
7158,20,90,0.1896824985742569
7159,20,91,0.1697537750005722
7160,20,92,0.15869086980819702
7161,20,93,0.23056082427501678
7162,20,94,0.1650351732969284
7163,20,95,0.19470815360546112
7164,20,96,0.15955880284309387
7165,20,97,0.16152247786521912
7166,20,98,0.16253773868083954
7167,20,99,0.1914038211107254
7168,20,100,0.40892577171325684
7169,20,101,0.14913727343082428
7170,20,102,0.1634489893913269
7171,20,103,0.1688125878572464
7172,20,104,0.1705845296382904
7173,20,105,0.16459991037845612
7174,20,106,0.13457898795604706
7175,20,107,0.21795034408569336
7176,20,108,0.7930018901824951
7177,20,109,0.17413492500782013
7178,20,110,0.154091939330101
7179,20,111,0.18585538864135742
7180,20,112,0.20889101922512054
7181,20,113,0.21515746414661407
7182,20,114,0.21865862607955933
7183,20,115,0.22297242283821106
7184,20,116,0.1920006275177002
7185,20,117,0.19314855337142944
7186,20,118,0.195811927318573
7187,20,119,0.25310617685317993
7188,20,120,0.237459197640419
7189,20,121,0.1854233741760254
7190,20,122,0.20256148278713226
7191,20,123,0.3049253225326538
7192,20,124,0.181418776512146
7193,20,125,0.25589701533317566
7194,20,126,0.18114636838436127
7195,20,127,0.21710114181041718
7196,20,128,0.19618988037109375
7197,20,129,0.18001291155815125
7198,20,130,0.23137062788009644
7199,20,131,0.18851535022258759
7200,20,132,0.1971418410539627
7201,20,133,0.184449702501297
7202,20,134,0.18871693313121796
7203,20,135,0.14713098108768463
7204,20,136,0.1763802021741867
7205,20,137,0.180826798081398
7206,20,138,0.18261879682540894
7207,20,139,0.20773714780807495
7208,20,140,0.20939894020557404
7209,20,141,0.14213718473911285
7210,20,142,0.18118160963058472
7211,20,143,0.23647959530353546
7212,20,144,0.1877898871898651
7213,20,145,0.1987079679965973
7214,20,146,0.16533009707927704
7215,20,147,0.1871948093175888
7216,20,148,0.2538110613822937
7217,20,149,0.1740843802690506
7218,20,150,0.211569145321846
7219,20,151,0.1831706166267395
7220,20,152,0.19981010258197784
7221,20,153,0.16303472220897675
7222,20,154,0.18426068127155304
7223,20,155,0.16395902633666992
7224,20,156,0.16377224028110504
7225,20,157,0.23576071858406067
7226,20,158,0.18754051625728607
7227,20,159,0.18481193482875824
7228,20,160,0.22153227031230927
7229,20,161,0.16171903908252716
7230,20,162,0.19157204031944275
7231,20,163,0.19145779311656952
7232,20,164,0.17331156134605408
7233,20,165,0.1630043089389801
7234,20,166,0.14145749807357788
7235,20,167,0.1561342030763626
7236,20,168,0.16133354604244232
7237,20,169,0.14216671884059906
7238,20,170,0.17383931577205658
7239,20,171,0.19891251623630524
7240,20,172,0.19462764263153076
7241,20,173,0.15661661326885223
7242,20,174,0.21215425431728363
7243,20,175,0.16788654029369354
7244,20,176,0.1586940437555313
7245,20,177,0.13382411003112793
7246,20,178,0.18829481303691864
7247,20,179,0.18043164908885956
7248,20,180,0.1760767102241516
7249,20,181,0.15049076080322266
7250,20,182,0.16793593764305115
7251,20,183,0.17200835049152374
7252,20,184,0.2041560560464859
7253,20,185,0.2237839251756668
7254,20,186,0.13743798434734344
7255,20,187,0.15010970830917358
7256,20,188,0.16317465901374817
7257,20,189,0.18051020801067352
7258,20,190,0.19660936295986176
7259,20,191,0.17642351984977722
7260,20,192,0.1527656614780426
7261,20,193,0.17065367102622986
7262,20,194,0.13508321344852448
7263,20,195,0.24613186717033386
7264,20,196,0.18657717108726501
7265,20,197,0.1849815845489502
7266,20,198,0.19509923458099365
7267,20,199,0.13428165018558502
7268,20,200,0.2146480232477188
7269,20,201,0.2216891199350357
7270,20,202,0.14930009841918945
7271,20,203,0.21498365700244904
7272,20,204,0.15132927894592285
7273,20,205,0.2978403568267822
7274,20,206,0.20177659392356873
7275,20,207,0.1739654392004013
7276,20,208,0.15247942507266998
7277,20,209,0.17185576260089874
7278,20,210,0.17932841181755066
7279,20,211,0.16950975358486176
7280,20,212,0.18226565420627594
7281,20,213,0.1511298418045044
7282,20,214,0.16569411754608154
7283,20,215,0.16277386248111725
7284,20,216,0.16347335278987885
7285,20,217,0.18256640434265137
7286,20,218,0.14187763631343842
7287,20,219,0.15982575714588165
7288,20,220,0.17022082209587097
7289,20,221,0.20136044919490814
7290,20,222,0.1821030080318451
7291,20,223,0.18525680899620056
7292,20,224,0.1607753038406372
7293,20,225,0.2033577710390091
7294,20,226,0.14841300249099731
7295,20,227,0.189216747879982
7296,20,228,0.19051119685173035
7297,20,229,0.19069677591323853
7298,20,230,0.1693352460861206
7299,20,231,0.2324237823486328
7300,20,232,0.16764801740646362
7301,20,233,0.17386212944984436
7302,20,234,0.16472695767879486
7303,20,235,0.23623965680599213
7304,20,236,0.14468646049499512
7305,20,237,0.25976434350013733
7306,20,238,0.2135487049818039
7307,20,239,0.19273172318935394
7308,20,240,0.15613505244255066
7309,20,241,0.15643982589244843
7310,20,242,0.14978264272212982
7311,20,243,0.21569238603115082
7312,20,244,0.16102713346481323
7313,20,245,0.16955161094665527
7314,20,246,0.2029361128807068
7315,20,247,0.14048899710178375
7316,20,248,0.1733117252588272
7317,20,249,0.1825179159641266
7318,20,250,0.17382210493087769
7319,20,251,0.14947815239429474
7320,20,252,0.15445517003536224
7321,20,253,0.16908645629882812
7322,20,254,0.31116876006126404
7323,20,255,0.17204251885414124
7324,20,256,0.16235172748565674
7325,20,257,0.1751565933227539
7326,20,258,0.1992945671081543
7327,20,259,0.1442735493183136
7328,20,260,0.17252416908740997
7329,20,261,0.1998787373304367
7330,20,262,0.17649921774864197
7331,20,263,0.21399185061454773
7332,20,264,0.15162721276283264
7333,20,265,0.1754215508699417
7334,20,266,0.16045869886875153
7335,20,267,0.17766086757183075
7336,20,268,0.16121377050876617
7337,20,269,0.24985522031784058
7338,20,270,0.11634822934865952
7339,20,271,0.164195716381073
7340,20,272,0.1796691119670868
7341,20,273,0.19711802899837494
7342,20,274,0.23207417130470276
7343,20,275,0.24533024430274963
7344,20,276,0.15057194232940674
7345,20,277,0.1577218621969223
7346,20,278,0.18549007177352905
7347,20,279,0.17749467492103577
7348,20,280,0.15414445102214813
7349,20,281,0.36958611011505127
7350,20,282,0.3629802465438843
7351,20,283,0.17602474987506866
7352,20,284,0.17717090249061584
7353,20,285,0.2366102635860443
7354,20,286,0.15016579627990723
7355,20,287,0.2004971206188202
7356,20,288,0.3177872896194458
7357,20,289,0.2285332977771759
7358,20,290,0.17056715488433838
7359,20,291,0.16884730756282806
7360,20,292,0.2239488810300827
7361,20,293,0.1703423708677292
7362,20,294,0.1654665470123291
7363,20,295,0.3221047520637512
7364,20,296,0.19441767036914825
7365,20,297,0.20328305661678314
7366,20,298,0.2251303642988205
7367,20,299,0.22201117873191833
7368,20,300,0.1945694237947464
7369,20,301,0.16862384974956512
7370,20,302,0.15306954085826874
7371,20,303,0.20305730402469635
7372,20,304,0.1484648734331131
7373,20,305,0.28046712279319763
7374,20,306,0.17915385961532593
7375,20,307,0.16332532465457916
7376,20,308,0.12369770556688309
7377,20,309,0.20008642971515656
7378,20,310,0.2091541439294815
7379,20,311,0.18667323887348175
7380,20,312,0.1828022301197052
7381,20,313,0.17322032153606415
7382,20,314,0.14973008632659912
7383,20,315,0.21369269490242004
7384,20,316,0.16133160889148712
7385,20,317,0.17907193303108215
7386,20,318,0.20499639213085175
7387,20,319,0.15350474417209625
7388,20,320,0.14303408563137054
7389,20,321,0.24976244568824768
7390,20,322,0.20664945244789124
7391,20,323,0.1523553431034088
7392,20,324,0.17631712555885315
7393,20,325,0.2274945229291916
7394,20,326,0.1951189786195755
7395,20,327,0.1764005571603775
7396,20,328,0.19109803438186646
7397,20,329,0.19810736179351807
7398,20,330,0.2004447728395462
7399,20,331,0.16894924640655518
7400,20,332,0.13920390605926514
7401,20,333,0.19532640278339386
7402,20,334,0.24480776488780975
7403,20,335,0.1664980947971344
7404,20,336,0.15219180285930634
7405,20,337,0.13933835923671722
7406,20,338,0.15045101940631866
7407,20,339,0.1548456996679306
7408,20,340,0.16798757016658783
7409,20,341,0.15572115778923035
7410,20,342,0.19129689037799835
7411,20,343,0.12453032284975052
7412,20,344,0.1391938477754593
7413,20,345,0.14041273295879364
7414,20,346,0.14810986816883087
7415,20,347,0.1747765988111496
7416,20,348,0.1610298752784729
7417,20,349,0.1832471489906311
7418,20,350,0.1645522117614746
7419,20,351,0.2593587636947632
7420,20,352,0.16981235146522522
7421,20,353,0.14195479452610016
7422,20,354,0.19439323246479034
7423,20,355,0.18478895723819733
7424,20,356,0.19557641446590424
7425,20,357,0.15437012910842896
7426,20,358,0.23459988832473755
7427,20,359,0.20636028051376343
7428,20,360,0.19392994046211243
7429,20,361,0.17675817012786865
7430,20,362,0.17473159730434418
7431,20,363,0.15882666409015656
7432,20,364,0.17172572016716003
7433,20,365,0.17870159447193146
7434,20,366,0.13413116335868835
7435,20,367,0.19398550689220428
7436,20,368,0.29663437604904175
7437,20,369,0.22384744882583618
7438,20,370,0.22527332603931427
7439,20,371,0.1601385474205017
7440,20,372,0.20118336379528046
7441,21,1,0.1988065391778946
7442,21,2,0.1771363466978073
7443,21,3,0.12131038308143616
7444,21,4,0.1709042340517044
7445,21,5,0.1885722279548645
7446,21,6,0.1838141232728958
7447,21,7,0.17678982019424438
7448,21,8,0.13579513132572174
7449,21,9,0.18394900858402252
7450,21,10,0.1897495836019516
7451,21,11,0.15787002444267273
7452,21,12,0.19159084558486938
7453,21,13,0.11997181177139282
7454,21,14,0.12440364807844162
7455,21,15,0.16898660361766815
7456,21,16,0.17240309715270996
7457,21,17,0.19189733266830444
7458,21,18,0.2152588665485382
7459,21,19,0.17350834608078003
7460,21,20,0.1322653591632843
7461,21,21,0.24982531368732452
7462,21,22,0.16224566102027893
7463,21,23,0.16663844883441925
7464,21,24,0.21837018430233002
7465,21,25,0.18650144338607788
7466,21,26,0.16823485493659973
7467,21,27,0.16118793189525604
7468,21,28,0.24860447645187378
7469,21,29,0.17084801197052002
7470,21,30,0.1746743768453598
7471,21,31,0.1829480230808258
7472,21,32,0.1860377937555313
7473,21,33,0.20306876301765442
7474,21,34,0.1816992461681366
7475,21,35,0.17230522632598877
7476,21,36,0.1906059980392456
7477,21,37,0.16965071856975555
7478,21,38,0.1711639016866684
7479,21,39,0.19510094821453094
7480,21,40,0.2247512936592102
7481,21,41,0.17369429767131805
7482,21,42,0.14875322580337524
7483,21,43,0.149872824549675
7484,21,44,0.2728155851364136
7485,21,45,0.14267288148403168
7486,21,46,0.1994977444410324
7487,21,47,0.14264936745166779
7488,21,48,0.18939058482646942
7489,21,49,0.1472335010766983
7490,21,50,0.1829732060432434
7491,21,51,0.14650724828243256
7492,21,52,0.15993556380271912
7493,21,53,0.1681286096572876
7494,21,54,0.2125171720981598
7495,21,55,0.16703489422798157
7496,21,56,0.1662476807832718
7497,21,57,0.14351646602153778
7498,21,58,0.22017285227775574
7499,21,59,0.17532944679260254
7500,21,60,0.21306894719600677
7501,21,61,0.1454990655183792
7502,21,62,0.14531570672988892
7503,21,63,0.16493652760982513
7504,21,64,0.28876689076423645
7505,21,65,0.17132209241390228
7506,21,66,0.13280636072158813
7507,21,67,0.19828785955905914
7508,21,68,0.21417136490345
7509,21,69,0.13002492487430573
7510,21,70,0.169575035572052
7511,21,71,0.18492019176483154
7512,21,72,0.19028672575950623
7513,21,73,0.21710146963596344
7514,21,74,0.14864856004714966
7515,21,75,0.15041804313659668
7516,21,76,0.2099055051803589
7517,21,77,0.15179388225078583
7518,21,78,0.17072683572769165
7519,21,79,0.16680240631103516
7520,21,80,0.22508716583251953
7521,21,81,0.13942411541938782
7522,21,82,0.16265881061553955
7523,21,83,0.15158875286579132
7524,21,84,0.16841812431812286
7525,21,85,0.14319898188114166
7526,21,86,0.19024862349033356
7527,21,87,0.12961021065711975
7528,21,88,0.18159538507461548
7529,21,89,0.19680699706077576
7530,21,90,0.15962693095207214
7531,21,91,0.33793535828590393
7532,21,92,0.20849934220314026
7533,21,93,0.1919800490140915
7534,21,94,0.17596706748008728
7535,21,95,0.20076186954975128
7536,21,96,0.168470099568367
7537,21,97,0.24840909242630005
7538,21,98,0.17057737708091736
7539,21,99,0.2229510396718979
7540,21,100,0.1693088859319687
7541,21,101,0.15330244600772858
7542,21,102,0.17435814440250397
7543,21,103,0.17237070202827454
7544,21,104,0.14256039261817932
7545,21,105,0.1705702394247055
7546,21,106,0.22219045460224152
7547,21,107,0.12970134615898132
7548,21,108,0.21355372667312622
7549,21,109,0.16870224475860596
7550,21,110,0.17528192698955536
7551,21,111,0.13874347507953644
7552,21,112,0.22001875936985016
7553,21,113,0.20302385091781616
7554,21,114,0.1721881777048111
7555,21,115,0.1753995418548584
7556,21,116,0.15042397379875183
7557,21,117,0.24502325057983398
7558,21,118,0.13221901655197144
7559,21,119,0.18015746772289276
7560,21,120,0.16052135825157166
7561,21,121,0.14930154383182526
7562,21,122,0.22546705603599548
7563,21,123,0.12348718196153641
7564,21,124,0.12159863114356995
7565,21,125,0.134128600358963
7566,21,126,0.18398775160312653
7567,21,127,0.19732093811035156
7568,21,128,0.28243201971054077
7569,21,129,0.15191136300563812
7570,21,130,0.17337697744369507
7571,21,131,0.13980786502361298
7572,21,132,0.23244580626487732
7573,21,133,0.19777581095695496
7574,21,134,0.17606763541698456
7575,21,135,0.19706366956233978
7576,21,136,0.17020970582962036
7577,21,137,0.11720634996891022
7578,21,138,0.27505502104759216
7579,21,139,0.16165092587471008
7580,21,140,0.14573189616203308
7581,21,141,0.1598755270242691
7582,21,142,0.1358448565006256
7583,21,143,0.18506939709186554
7584,21,144,0.18104670941829681
7585,21,145,0.16952604055404663
7586,21,146,0.14948537945747375
7587,21,147,0.19812248647212982
7588,21,148,0.161818265914917
7589,21,149,0.1536925882101059
7590,21,150,0.17448309063911438
7591,21,151,0.20890013873577118
7592,21,152,0.17443513870239258
7593,21,153,0.14904147386550903
7594,21,154,0.16878044605255127
7595,21,155,0.14866070449352264
7596,21,156,0.16581463813781738
7597,21,157,0.16784606873989105
7598,21,158,0.4038112759590149
7599,21,159,0.13973280787467957
7600,21,160,0.16738151013851166
7601,21,161,0.13771791756153107
7602,21,162,0.14302974939346313
7603,21,163,0.1891634315252304
7604,21,164,0.1689678430557251
7605,21,165,0.1890181601047516
7606,21,166,0.17414288222789764
7607,21,167,0.13715900480747223
7608,21,168,0.17353250086307526
7609,21,169,0.17855000495910645
7610,21,170,0.1659506857395172
7611,21,171,0.12060745805501938
7612,21,172,0.15862779319286346
7613,21,173,0.13215769827365875
7614,21,174,0.15044084191322327
7615,21,175,0.1414763182401657
7616,21,176,0.17060492932796478
7617,21,177,0.15255096554756165
7618,21,178,0.15458586812019348
7619,21,179,0.12216882407665253
7620,21,180,0.17995327711105347
7621,21,181,0.12604744732379913
7622,21,182,0.13385678827762604
7623,21,183,0.13750386238098145
7624,21,184,0.12693068385124207
7625,21,185,0.19733181595802307
7626,21,186,0.23566165566444397
7627,21,187,0.1385694295167923
7628,21,188,0.12302087247371674
7629,21,189,0.1744876503944397
7630,21,190,0.17121700942516327
7631,21,191,0.13807733356952667
7632,21,192,0.13458028435707092
7633,21,193,0.1518499255180359
7634,21,194,0.14952421188354492
7635,21,195,0.24899040162563324
7636,21,196,0.19711169600486755
7637,21,197,0.15503579378128052
7638,21,198,0.16364029049873352
7639,21,199,0.21697644889354706
7640,21,200,0.13301637768745422
7641,21,201,0.12230990082025528
7642,21,202,0.17658671736717224
7643,21,203,0.19018054008483887
7644,21,204,0.24896231293678284
7645,21,205,0.22830170392990112
7646,21,206,0.16899165511131287
7647,21,207,0.1392279863357544
7648,21,208,0.1859121173620224
7649,21,209,0.24511690437793732
7650,21,210,0.24617759883403778
7651,21,211,0.19169719517230988
7652,21,212,0.14167484641075134
7653,21,213,0.15313582122325897
7654,21,214,0.23268762230873108
7655,21,215,0.18317629396915436
7656,21,216,0.16934965550899506
7657,21,217,0.15510232746601105
7658,21,218,0.1420692354440689
7659,21,219,0.1922304481267929
7660,21,220,0.23889696598052979
7661,21,221,0.11913376301527023
7662,21,222,0.1579490303993225
7663,21,223,0.14928072690963745
7664,21,224,0.172176331281662
7665,21,225,0.16083894670009613
7666,21,226,0.15897516906261444
7667,21,227,0.15380527079105377
7668,21,228,0.16147106885910034
7669,21,229,0.1993415802717209
7670,21,230,0.1886666864156723
7671,21,231,0.18030481040477753
7672,21,232,0.17434142529964447
7673,21,233,0.1686861366033554
7674,21,234,0.1573868989944458
7675,21,235,0.14653107523918152
7676,21,236,0.12143979966640472
7677,21,237,0.24227038025856018
7678,21,238,0.2035774439573288
7679,21,239,0.1654263436794281
7680,21,240,0.21925994753837585
7681,21,241,0.16785916686058044
7682,21,242,0.22037333250045776
7683,21,243,0.16834253072738647
7684,21,244,0.22359640896320343
7685,21,245,0.1475941687822342
7686,21,246,0.14449171721935272
7687,21,247,0.19153815507888794
7688,21,248,0.18340474367141724
7689,21,249,0.18375331163406372
7690,21,250,0.1636633574962616
7691,21,251,0.22425131499767303
7692,21,252,0.1908007562160492
7693,21,253,0.18299825489521027
7694,21,254,0.17472685873508453
7695,21,255,0.1757141798734665
7696,21,256,0.14014644920825958
7697,21,257,0.12711748480796814
7698,21,258,0.22381605207920074
7699,21,259,0.19102349877357483
7700,21,260,0.15471863746643066
7701,21,261,0.2281522899866104
7702,21,262,0.19514067471027374
7703,21,263,0.18014641106128693
7704,21,264,0.1538669764995575
7705,21,265,0.17886647582054138
7706,21,266,0.1266493946313858
7707,21,267,0.17137785255908966
7708,21,268,0.1448209583759308
7709,21,269,0.2321159541606903
7710,21,270,0.13724462687969208
7711,21,271,0.16298553347587585
7712,21,272,0.1431802213191986
7713,21,273,0.1656143069267273
7714,21,274,0.2320261001586914
7715,21,275,0.16983206570148468
7716,21,276,0.1519763171672821
7717,21,277,0.19614429771900177
7718,21,278,0.14482606947422028
7719,21,279,0.20019391179084778
7720,21,280,0.16989679634571075
7721,21,281,0.1693670153617859
7722,21,282,0.17417043447494507
7723,21,283,0.15764303505420685
7724,21,284,0.1660764366388321
7725,21,285,0.2511543333530426
7726,21,286,0.11472703516483307
7727,21,287,0.15769484639167786
7728,21,288,0.16576430201530457
7729,21,289,0.1285020411014557
7730,21,290,0.16574616730213165
7731,21,291,0.1537216305732727
7732,21,292,0.12538862228393555
7733,21,293,0.1655661016702652
7734,21,294,0.1650671511888504
7735,21,295,0.13490048050880432
7736,21,296,0.1969117522239685
7737,21,297,0.15304112434387207
7738,21,298,0.1619243174791336
7739,21,299,0.14341840147972107
7740,21,300,0.1357003152370453
7741,21,301,0.17360177636146545
7742,21,302,0.17630378901958466
7743,21,303,0.20763352513313293
7744,21,304,0.18099358677864075
7745,21,305,0.28025639057159424
7746,21,306,0.143846794962883
7747,21,307,0.17376957833766937
7748,21,308,0.13773833215236664
7749,21,309,0.19182509183883667
7750,21,310,0.14965824782848358
7751,21,311,0.1453062742948532
7752,21,312,0.13924211263656616
7753,21,313,0.15873126685619354
7754,21,314,0.1732240915298462
7755,21,315,0.1794707477092743
7756,21,316,0.1878795623779297
7757,21,317,0.1576627939939499
7758,21,318,0.15858149528503418
7759,21,319,0.17329582571983337
7760,21,320,0.25410300493240356
7761,21,321,0.21132509410381317
7762,21,322,0.1810130923986435
7763,21,323,0.17108154296875
7764,21,324,0.1695815473794937
7765,21,325,0.11439460515975952
7766,21,326,0.1908184438943863
7767,21,327,0.17555756866931915
7768,21,328,0.1705407351255417
7769,21,329,0.17396989464759827
7770,21,330,0.18104757368564606
7771,21,331,0.1636156141757965
7772,21,332,0.1696811467409134
7773,21,333,0.15417452156543732
7774,21,334,0.12793007493019104
7775,21,335,0.13155651092529297
7776,21,336,0.1687290072441101
7777,21,337,0.21463055908679962
7778,21,338,0.1321468949317932
7779,21,339,0.14809919893741608
7780,21,340,0.17985574901103973
7781,21,341,0.20832985639572144
7782,21,342,0.3151249587535858
7783,21,343,0.21089856326580048
7784,21,344,0.1446666717529297
7785,21,345,0.5532290935516357
7786,21,346,0.16043053567409515
7787,21,347,0.1876855492591858
7788,21,348,0.18748675286769867
7789,21,349,0.13556234538555145
7790,21,350,0.1599186509847641
7791,21,351,0.3509736657142639
7792,21,352,0.18618100881576538
7793,21,353,0.19912059605121613
7794,21,354,0.19856642186641693
7795,21,355,0.2554398775100708
7796,21,356,0.25126996636390686
7797,21,357,0.3374488353729248
7798,21,358,0.201753631234169
7799,21,359,0.2106863260269165
7800,21,360,0.20942267775535583
7801,21,361,0.26394298672676086
7802,21,362,0.2064719945192337
7803,21,363,0.21378597617149353
7804,21,364,0.21973884105682373
7805,21,365,0.2191060334444046
7806,21,366,0.13594333827495575
7807,21,367,0.27045634388923645
7808,21,368,0.2680419385433197
7809,21,369,0.2504577040672302
7810,21,370,0.19396834075450897
7811,21,371,0.21605920791625977
7812,21,372,0.15017205476760864
7813,22,1,0.1764691323041916
7814,22,2,0.13831910490989685
7815,22,3,0.16314396262168884
7816,22,4,0.14506639540195465
7817,22,5,0.16835848987102509
7818,22,6,0.22404973208904266
7819,22,7,0.16155028343200684
7820,22,8,0.15995828807353973
7821,22,9,0.17879964411258698
7822,22,10,0.207460418343544
7823,22,11,0.19229286909103394
7824,22,12,0.2029331773519516
7825,22,13,0.22205132246017456
7826,22,14,0.1873224675655365
7827,22,15,0.13478481769561768
7828,22,16,0.15178987383842468
7829,22,17,0.17402920126914978
7830,22,18,0.14871683716773987
7831,22,19,0.14610867202281952
7832,22,20,0.2043994665145874
7833,22,21,0.14364270865917206
7834,22,22,0.17406949400901794
7835,22,23,0.14361119270324707
7836,22,24,0.1341274231672287
7837,22,25,0.1368265450000763
7838,22,26,0.18834568560123444
7839,22,27,0.14923012256622314
7840,22,28,0.17615704238414764
7841,22,29,0.1816300004720688
7842,22,30,0.15144839882850647
7843,22,31,0.18305443227291107
7844,22,32,0.20390701293945312
7845,22,33,0.1775328516960144
7846,22,34,0.16266955435276031
7847,22,35,0.1712927669286728
7848,22,36,0.20151489973068237
7849,22,37,0.16034214198589325
7850,22,38,0.16416265070438385
7851,22,39,0.1362440139055252
7852,22,40,0.1549188196659088
7853,22,41,0.21955987811088562
7854,22,42,0.16657745838165283
7855,22,43,0.16257722675800323
7856,22,44,0.14551648497581482
7857,22,45,0.17333263158798218
7858,22,46,0.13242517411708832
7859,22,47,0.15792964398860931
7860,22,48,0.16569998860359192
7861,22,49,0.1525367945432663
7862,22,50,0.2066207081079483
7863,22,51,0.17339588701725006
7864,22,52,0.18280434608459473
7865,22,53,0.18830786645412445
7866,22,54,0.20784495770931244
7867,22,55,0.1854979693889618
7868,22,56,0.19363324344158173
7869,22,57,0.14073911309242249
7870,22,58,0.17090117931365967
7871,22,59,0.12011651694774628
7872,22,60,0.15105412900447845
7873,22,61,0.13064339756965637
7874,22,62,0.17125365138053894
7875,22,63,0.16966687142848969
7876,22,64,0.15990562736988068
7877,22,65,0.15475505590438843
7878,22,66,0.158334881067276
7879,22,67,0.15167412161827087
7880,22,68,0.22223074734210968
7881,22,69,0.19401104748249054
7882,22,70,0.16925829648971558
7883,22,71,0.15157656371593475
7884,22,72,0.15062813460826874
7885,22,73,0.1404748558998108
7886,22,74,0.11303001642227173
7887,22,75,0.2091352790594101
7888,22,76,0.18622200191020966
7889,22,77,0.186598002910614
7890,22,78,0.1298646628856659
7891,22,79,0.15612275898456573
7892,22,80,0.12130341678857803
7893,22,81,0.16212189197540283
7894,22,82,0.1850365251302719
7895,22,83,0.19721630215644836
7896,22,84,0.18894661962985992
7897,22,85,0.1309310346841812
7898,22,86,0.19249077141284943
7899,22,87,0.12943603098392487
7900,22,88,0.15988263487815857
7901,22,89,0.16066619753837585
7902,22,90,0.17851613461971283
7903,22,91,0.18561996519565582
7904,22,92,0.1757786124944687
7905,22,93,0.14251628518104553
7906,22,94,0.20155861973762512
7907,22,95,0.16960111260414124
7908,22,96,0.11266861855983734
7909,22,97,0.16155807673931122
7910,22,98,0.14761775732040405
7911,22,99,0.2472464144229889
7912,22,100,0.1272585391998291
7913,22,101,0.19134455919265747
7914,22,102,0.16945801675319672
7915,22,103,0.13988715410232544
7916,22,104,0.1915331333875656
7917,22,105,0.2293211817741394
7918,22,106,0.15993572771549225
7919,22,107,0.14886009693145752
7920,22,108,0.1932501345872879
7921,22,109,0.14898698031902313
7922,22,110,0.2325459122657776
7923,22,111,0.13536198437213898
7924,22,112,0.13419803977012634
7925,22,113,0.19697396457195282
7926,22,114,0.16393336653709412
7927,22,115,0.14439652860164642
7928,22,116,0.1655438244342804
7929,22,117,0.16311015188694
7930,22,118,0.18082579970359802
7931,22,119,0.24854959547519684
7932,22,120,0.16201385855674744
7933,22,121,0.1597049981355667
7934,22,122,0.14804628491401672
7935,22,123,0.12293525040149689
7936,22,124,0.16614919900894165
7937,22,125,0.1526980996131897
7938,22,126,0.16291186213493347
7939,22,127,0.17217111587524414
7940,22,128,0.1469442993402481
7941,22,129,0.18586772680282593
7942,22,130,0.1739044040441513
7943,22,131,0.17526638507843018
7944,22,132,0.17658619582653046
7945,22,133,0.18672683835029602
7946,22,134,0.16290143132209778
7947,22,135,0.1818639039993286
7948,22,136,0.20826654136180878
7949,22,137,0.11328708380460739
7950,22,138,0.1901383399963379
7951,22,139,0.1895139366388321
7952,22,140,0.1716330200433731
7953,22,141,0.3074163496494293
7954,22,142,0.12859007716178894
7955,22,143,0.1528690606355667
7956,22,144,0.25126534700393677
7957,22,145,0.1679772436618805
7958,22,146,0.1744787096977234
7959,22,147,0.19319766759872437
7960,22,148,0.19280731678009033
7961,22,149,0.18067114055156708
7962,22,150,0.2348860502243042
7963,22,151,0.16917867958545685
7964,22,152,0.17732401192188263
7965,22,153,0.17473313212394714
7966,22,154,0.1707853525876999
7967,22,155,0.14974156022071838
7968,22,156,0.17238791286945343
7969,22,157,0.1816372275352478
7970,22,158,0.2161603420972824
7971,22,159,0.21397680044174194
7972,22,160,0.17905160784721375
7973,22,161,0.1391187161207199
7974,22,162,0.18004274368286133
7975,22,163,0.18317824602127075
7976,22,164,0.1237480640411377
7977,22,165,0.19771018624305725
7978,22,166,0.14000557363033295
7979,22,167,0.18891052901744843
7980,22,168,0.1991863250732422
7981,22,169,0.15745113790035248
7982,22,170,0.23904773592948914
7983,22,171,0.3491278886795044
7984,22,172,0.16885371506214142
7985,22,173,0.1459788978099823
7986,22,174,0.16036401689052582
7987,22,175,0.1426224559545517
7988,22,176,0.15707546472549438
7989,22,177,0.14965955913066864
7990,22,178,0.14218373596668243
7991,22,179,0.18971483409404755
7992,22,180,0.14075416326522827
7993,22,181,0.16400350630283356
7994,22,182,0.16615581512451172
7995,22,183,0.20380231738090515
7996,22,184,0.19234895706176758
7997,22,185,0.16103093326091766
7998,22,186,0.19539831578731537
7999,22,187,0.16127155721187592
8000,22,188,0.2877807319164276
8001,22,189,0.20620134472846985
8002,22,190,0.13320665061473846
8003,22,191,0.14153577387332916
8004,22,192,0.1775403767824173
8005,22,193,0.1740473210811615
8006,22,194,0.15110436081886292
8007,22,195,0.19873078167438507
8008,22,196,0.22921332716941833
8009,22,197,0.19934231042861938
8010,22,198,0.15792876482009888
8011,22,199,0.171784445643425
8012,22,200,0.18535292148590088
8013,22,201,0.19182777404785156
8014,22,202,0.1719120293855667
8015,22,203,0.14823800325393677
8016,22,204,0.21693584322929382
8017,22,205,0.1863776445388794
8018,22,206,0.15004383027553558
8019,22,207,0.18484808504581451
8020,22,208,0.15642976760864258
8021,22,209,0.2554078698158264
8022,22,210,0.14036421477794647
8023,22,211,0.17448736727237701
8024,22,212,0.1753026247024536
8025,22,213,0.1538836807012558
8026,22,214,0.21830594539642334
8027,22,215,0.17264902591705322
8028,22,216,0.14939264953136444
8029,22,217,0.16020983457565308
8030,22,218,0.17418533563613892
8031,22,219,0.17068706452846527
8032,22,220,0.1879768967628479
8033,22,221,0.14857344329357147
8034,22,222,0.1311703473329544
8035,22,223,0.1575113832950592
8036,22,224,0.19886863231658936
8037,22,225,0.2065623700618744
8038,22,226,0.13242864608764648
8039,22,227,0.14018614590168
8040,22,228,0.15732824802398682
8041,22,229,0.16579504311084747
8042,22,230,0.13502608239650726
8043,22,231,0.13232071697711945
8044,22,232,0.164943665266037
8045,22,233,0.15950529277324677
8046,22,234,0.16308817267417908
8047,22,235,0.19107912480831146
8048,22,236,0.1679876744747162
8049,22,237,0.16369648277759552
8050,22,238,0.16105885803699493
8051,22,239,0.1536898910999298
8052,22,240,0.130420982837677
8053,22,241,0.1928221732378006
8054,22,242,0.1735895425081253
8055,22,243,0.15134887397289276
8056,22,244,0.16180236637592316
8057,22,245,0.18632158637046814
8058,22,246,0.5765153765678406
8059,22,247,0.2001962810754776
8060,22,248,0.15306024253368378
8061,22,249,0.16891932487487793
8062,22,250,0.20310333371162415
8063,22,251,0.29674413800239563
8064,22,252,0.1541120707988739
8065,22,253,0.15388964116573334
8066,22,254,0.12987224757671356
8067,22,255,0.15861551463603973
8068,22,256,0.22020500898361206
8069,22,257,0.20442375540733337
8070,22,258,0.16030248999595642
8071,22,259,0.15125596523284912
8072,22,260,0.18157456815242767
8073,22,261,0.20889271795749664
8074,22,262,0.18195363879203796
8075,22,263,0.31702300906181335
8076,22,264,0.2565399706363678
8077,22,265,0.2353506088256836
8078,22,266,0.16874244809150696
8079,22,267,0.13187019526958466
8080,22,268,0.29626336693763733
8081,22,269,0.19103410840034485
8082,22,270,0.2098814696073532
8083,22,271,0.1691862791776657
8084,22,272,0.22343987226486206
8085,22,273,0.1433732509613037
8086,22,274,0.1813323050737381
8087,22,275,0.1663605272769928
8088,22,276,0.18471017479896545
8089,22,277,0.19004526734352112
8090,22,278,0.17851592600345612
8091,22,279,0.16170068085193634
8092,22,280,0.203653022646904
8093,22,281,0.22017274796962738
8094,22,282,0.1508689820766449
8095,22,283,0.15958121418952942
8096,22,284,0.17705115675926208
8097,22,285,0.16835200786590576
8098,22,286,0.1754717230796814
8099,22,287,0.1352284848690033
8100,22,288,0.1558896005153656
8101,22,289,0.14500655233860016
8102,22,290,0.18901211023330688
8103,22,291,0.18936282396316528
8104,22,292,0.20456893742084503
8105,22,293,0.15835711359977722
8106,22,294,0.21064689755439758
8107,22,295,0.19702669978141785
8108,22,296,0.16914455592632294
8109,22,297,0.17416127026081085
8110,22,298,0.24242250621318817
8111,22,299,0.12229440361261368
8112,22,300,0.192539244890213
8113,22,301,0.43184393644332886
8114,22,302,0.19216229021549225
8115,22,303,0.1645554155111313
8116,22,304,0.15299928188323975
8117,22,305,0.1648281216621399
8118,22,306,0.17923018336296082
8119,22,307,0.17907953262329102
8120,22,308,0.150032177567482
8121,22,309,0.14200268685817719
8122,22,310,0.18913784623146057
8123,22,311,0.20534701645374298
8124,22,312,0.2024669349193573
8125,22,313,0.14565975964069366
8126,22,314,0.18063098192214966
8127,22,315,0.14821110665798187
8128,22,316,0.15602459013462067
8129,22,317,0.21431367099285126
8130,22,318,0.1718197464942932
8131,22,319,0.14090663194656372
8132,22,320,0.23102426528930664
8133,22,321,0.16446851193904877
8134,22,322,0.17704474925994873
8135,22,323,0.13877056539058685
8136,22,324,0.17141148447990417
8137,22,325,0.11960718035697937
8138,22,326,0.12700344622135162
8139,22,327,0.15852349996566772
8140,22,328,0.2045062631368637
8141,22,329,0.27951887249946594
8142,22,330,0.16878332197666168
8143,22,331,0.16903994977474213
8144,22,332,0.18952201306819916
8145,22,333,0.209048330783844
8146,22,334,0.18562383949756622
8147,22,335,0.1898375153541565
8148,22,336,0.1431727409362793
8149,22,337,0.2148384153842926
8150,22,338,0.15912021696567535
8151,22,339,0.20339906215667725
8152,22,340,0.1498870700597763
8153,22,341,0.19253797829151154
8154,22,342,0.25865045189857483
8155,22,343,0.1561317890882492
8156,22,344,0.19254286587238312
8157,22,345,0.25145405530929565
8158,22,346,0.156646728515625
8159,22,347,0.1855371594429016
8160,22,348,0.15134292840957642
8161,22,349,0.24468201398849487
8162,22,350,0.16472651064395905
8163,22,351,0.13890574872493744
8164,22,352,0.1942903846502304
8165,22,353,0.18661679327487946
8166,22,354,0.16908663511276245
8167,22,355,0.31068316102027893
8168,22,356,0.1495056301355362
8169,22,357,0.24232032895088196
8170,22,358,0.19392098486423492
8171,22,359,0.1946035772562027
8172,22,360,0.18354137241840363
8173,22,361,0.1904941201210022
8174,22,362,0.16551288962364197
8175,22,363,0.15689805150032043
8176,22,364,0.19637304544448853
8177,22,365,0.23509974777698517
8178,22,366,0.19272762537002563
8179,22,367,0.19932202994823456
8180,22,368,0.16927912831306458
8181,22,369,0.19362345337867737
8182,22,370,0.14561490714550018
8183,22,371,0.1534269005060196
8184,22,372,0.19476516544818878
8185,23,1,0.14826911687850952
8186,23,2,0.1867377907037735
8187,23,3,0.15627504885196686
8188,23,4,0.16188456118106842
8189,23,5,0.1905939131975174
8190,23,6,0.17983661592006683
8191,23,7,0.2043738067150116
8192,23,8,0.1573924571275711
8193,23,9,0.1585497260093689
8194,23,10,0.1501511037349701
8195,23,11,0.13347600400447845
8196,23,12,0.24171873927116394
8197,23,13,0.1732519119977951
8198,23,14,0.20813342928886414
8199,23,15,0.17287176847457886
8200,23,16,0.15578420460224152
8201,23,17,0.1496562510728836
8202,23,18,0.17141157388687134
8203,23,19,0.13642191886901855
8204,23,20,0.18330073356628418
8205,23,21,0.15827907621860504
8206,23,22,0.1709606796503067
8207,23,23,0.27224835753440857
8208,23,24,0.1597192883491516
8209,23,25,0.18022674322128296
8210,23,26,0.12120002508163452
8211,23,27,0.17356440424919128
8212,23,28,0.153922900557518
8213,23,29,0.16320684552192688
8214,23,30,0.22788606584072113
8215,23,31,0.1479806751012802
8216,23,32,0.14895889163017273
8217,23,33,0.17139661312103271
8218,23,34,0.1812136024236679
8219,23,35,0.4838801622390747
8220,23,36,0.22722452878952026
8221,23,37,0.1616208404302597
8222,23,38,0.1422514170408249
8223,23,39,0.13602355122566223
8224,23,40,0.22506307065486908
8225,23,41,0.14555272459983826
8226,23,42,0.16026915609836578
8227,23,43,0.1401149332523346
8228,23,44,0.25553223490715027
8229,23,45,0.11232506483793259
8230,23,46,0.16652600467205048
8231,23,47,0.17222747206687927
8232,23,48,0.18840380012989044
8233,23,49,0.18146580457687378
8234,23,50,0.2077552080154419
8235,23,51,0.18086932599544525
8236,23,52,0.14517979323863983
8237,23,53,0.14655111730098724
8238,23,54,0.18181654810905457
8239,23,55,0.18443255126476288
8240,23,56,0.2140958160161972
8241,23,57,0.16723735630512238
8242,23,58,0.19574490189552307
8243,23,59,0.17178058624267578
8244,23,60,0.2034749835729599
8245,23,61,0.17636562883853912
8246,23,62,0.149830624461174
8247,23,63,0.3310641646385193
8248,23,64,0.2087191939353943
8249,23,65,0.1751691848039627
8250,23,66,0.20761656761169434
8251,23,67,0.17717039585113525
8252,23,68,0.19276976585388184
8253,23,69,0.22746814787387848
8254,23,70,0.13895440101623535
8255,23,71,0.1466112583875656
8256,23,72,0.1453334242105484
8257,23,73,0.14402726292610168
8258,23,74,0.16928566992282867
8259,23,75,0.14659370481967926
8260,23,76,0.20621183514595032
8261,23,77,0.17447812855243683
8262,23,78,0.17072603106498718
8263,23,79,0.20757730305194855
8264,23,80,0.22379170358181
8265,23,81,0.1927938610315323
8266,23,82,0.11439076066017151
8267,23,83,0.16135787963867188
8268,23,84,0.2875792682170868
8269,23,85,0.22387081384658813
8270,23,86,0.17622067034244537
8271,23,87,0.14503063261508942
8272,23,88,0.18527905642986298
8273,23,89,0.13438767194747925
8274,23,90,0.22317896783351898
8275,23,91,0.2884750962257385
8276,23,92,0.1380070596933365
8277,23,93,0.14617767930030823
8278,23,94,0.1266888678073883
8279,23,95,0.18503139913082123
8280,23,96,0.2094845473766327
8281,23,97,0.1701904535293579
8282,23,98,0.17008879780769348
8283,23,99,0.1607169508934021
8284,23,100,0.20921461284160614
8285,23,101,0.18408909440040588
8286,23,102,0.32011792063713074
8287,23,103,0.12589038908481598
8288,23,104,0.17728981375694275
8289,23,105,0.15068838000297546
8290,23,106,0.1463860422372818
8291,23,107,0.22134564816951752
8292,23,108,0.16087859869003296
8293,23,109,0.13439178466796875
8294,23,110,0.1529851257801056
8295,23,111,0.12449139356613159
8296,23,112,0.1979082077741623
8297,23,113,0.12805238366127014
8298,23,114,0.1267845332622528
8299,23,115,0.24137547612190247
8300,23,116,0.1833164393901825
8301,23,117,0.17109254002571106
8302,23,118,0.15881429612636566
8303,23,119,0.16030585765838623
8304,23,120,0.17203781008720398
8305,23,121,0.14329710602760315
8306,23,122,0.14727948606014252
8307,23,123,0.1652481108903885
8308,23,124,0.1796327531337738
8309,23,125,0.2046564221382141
8310,23,126,0.2725337743759155
8311,23,127,0.1463799625635147
8312,23,128,0.17114177346229553
8313,23,129,0.15393976867198944
8314,23,130,0.1596750169992447
8315,23,131,0.173323854804039
8316,23,132,0.1473754495382309
8317,23,133,0.14603719115257263
8318,23,134,0.1634775698184967
8319,23,135,0.20158584415912628
8320,23,136,0.1439879685640335
8321,23,137,0.2128109484910965
8322,23,138,0.15903127193450928
8323,23,139,0.17510610818862915
8324,23,140,0.1953364610671997
8325,23,141,0.14049549400806427
8326,23,142,0.15701733529567719
8327,23,143,0.1362674981355667
8328,23,144,0.1317307949066162
8329,23,145,0.15552373230457306
8330,23,146,0.18933412432670593
8331,23,147,0.1670982837677002
8332,23,148,0.15535172820091248
8333,23,149,0.1456352323293686
8334,23,150,0.12521624565124512
8335,23,151,0.17033013701438904
8336,23,152,0.16918215155601501
8337,23,153,0.15195874869823456
8338,23,154,0.1436186581850052
8339,23,155,0.19172383844852448
8340,23,156,0.12640078365802765
8341,23,157,0.16535192728042603
8342,23,158,0.1971510797739029
8343,23,159,0.2469959706068039
8344,23,160,0.14728707075119019
8345,23,161,0.1397012621164322
8346,23,162,0.13783138990402222
8347,23,163,0.19102464616298676
8348,23,164,0.15938767790794373
8349,23,165,0.1460009515285492
8350,23,166,0.17341148853302002
8351,23,167,0.15856775641441345
8352,23,168,0.12433674186468124
8353,23,169,0.142497718334198
8354,23,170,0.16118286550045013
8355,23,171,0.2691843509674072
8356,23,172,0.13549774885177612
8357,23,173,0.1324213743209839
8358,23,174,0.1308356672525406
8359,23,175,0.16945341229438782
8360,23,176,0.1330597847700119
8361,23,177,0.19534701108932495
8362,23,178,0.14702564477920532
8363,23,179,0.21715062856674194
8364,23,180,0.259905606508255
8365,23,181,0.17781822383403778
8366,23,182,0.15743282437324524
8367,23,183,0.16644535958766937
8368,23,184,0.1350892335176468
8369,23,185,0.15335309505462646
8370,23,186,0.13198095560073853
8371,23,187,0.16735795140266418
8372,23,188,0.1998557299375534
8373,23,189,0.18526649475097656
8374,23,190,0.1430421769618988
8375,23,191,0.1486130952835083
8376,23,192,0.21139214932918549
8377,23,193,0.1557016223669052
8378,23,194,0.21847732365131378
8379,23,195,0.13021601736545563
8380,23,196,0.1932155191898346
8381,23,197,0.14017429947853088
8382,23,198,0.15402919054031372
8383,23,199,0.14315833151340485
8384,23,200,0.16191817820072174
8385,23,201,0.18519733846187592
8386,23,202,0.12839320302009583
8387,23,203,0.18612800538539886
8388,23,204,0.19493943452835083
8389,23,205,0.2054125964641571
8390,23,206,0.17907212674617767
8391,23,207,0.18181350827217102
8392,23,208,0.13817976415157318
8393,23,209,0.13069815933704376
8394,23,210,0.18500347435474396
8395,23,211,0.1439051628112793
8396,23,212,0.18726325035095215
8397,23,213,0.18052855134010315
8398,23,214,0.13989901542663574
8399,23,215,0.13789102435112
8400,23,216,0.1808193325996399
8401,23,217,0.17873553931713104
8402,23,218,0.1488877236843109
8403,23,219,0.15413451194763184
8404,23,220,0.1278754025697708
8405,23,221,0.1657157689332962
8406,23,222,0.18468688428401947
8407,23,223,0.15427473187446594
8408,23,224,0.1821347028017044
8409,23,225,0.1454688161611557
8410,23,226,0.14363372325897217
8411,23,227,0.14149123430252075
8412,23,228,0.1166098564863205
8413,23,229,0.18699122965335846
8414,23,230,0.11989342421293259
8415,23,231,0.17716272175312042
8416,23,232,0.16111841797828674
8417,23,233,0.18680699169635773
8418,23,234,0.1983397752046585
8419,23,235,0.19863641262054443
8420,23,236,0.1723691076040268
8421,23,237,0.15748831629753113
8422,23,238,0.17821237444877625
8423,23,239,0.19801172614097595
8424,23,240,0.13784551620483398
8425,23,241,0.20102767646312714
8426,23,242,0.13374559581279755
8427,23,243,0.09841133654117584
8428,23,244,0.13003943860530853
8429,23,245,0.1770995706319809
8430,23,246,0.16876736283302307
8431,23,247,0.17729638516902924
8432,23,248,0.15740668773651123
8433,23,249,0.16384649276733398
8434,23,250,0.1763385385274887
8435,23,251,0.19051483273506165
8436,23,252,0.12149342149496078
8437,23,253,0.1577344387769699
8438,23,254,0.14927354454994202
8439,23,255,0.1959056258201599
8440,23,256,0.1462041288614273
8441,23,257,0.18678420782089233
8442,23,258,0.1858205497264862
8443,23,259,0.1877450793981552
8444,23,260,0.19352276623249054
8445,23,261,0.16298618912696838
8446,23,262,0.13939228653907776
8447,23,263,0.17206785082817078
8448,23,264,0.1544257253408432
8449,23,265,0.13395366072654724
8450,23,266,0.16907969117164612
8451,23,267,0.1612125188112259
8452,23,268,0.11880208551883698
8453,23,269,0.16716773808002472
8454,23,270,0.1569005399942398
8455,23,271,0.14550624787807465
8456,23,272,0.22173669934272766
8457,23,273,0.15813671052455902
8458,23,274,0.19145497679710388
8459,23,275,0.13902945816516876
8460,23,276,0.2220260053873062
8461,23,277,0.13944554328918457
8462,23,278,0.18066056072711945
8463,23,279,0.1807040423154831
8464,23,280,0.14166101813316345
8465,23,281,0.15676721930503845
8466,23,282,0.13284645974636078
8467,23,283,0.15330538153648376
8468,23,284,0.16204455494880676
8469,23,285,0.14527392387390137
8470,23,286,0.1700495481491089
8471,23,287,0.16247284412384033
8472,23,288,0.19303084909915924
8473,23,289,0.17071525752544403
8474,23,290,0.15046186745166779
8475,23,291,0.229086771607399
8476,23,292,0.1472962349653244
8477,23,293,0.16914531588554382
8478,23,294,0.11267650127410889
8479,23,295,0.15870827436447144
8480,23,296,0.14883635938167572
8481,23,297,0.14640051126480103
8482,23,298,0.12371734529733658
8483,23,299,0.15711966156959534
8484,23,300,0.13555140793323517
8485,23,301,0.23609916865825653
8486,23,302,0.1470247507095337
8487,23,303,0.13699661195278168
8488,23,304,0.1994270384311676
8489,23,305,0.1595340222120285
8490,23,306,0.1218668669462204
8491,23,307,0.24601803719997406
8492,23,308,0.16960521042346954
8493,23,309,0.1826651692390442
8494,23,310,0.18503524363040924
8495,23,311,0.18823310732841492
8496,23,312,0.13683545589447021
8497,23,313,0.1488545835018158
8498,23,314,0.16780121624469757
8499,23,315,0.18895821273326874
8500,23,316,0.14576224982738495
8501,23,317,0.16781467199325562
8502,23,318,0.16655907034873962
8503,23,319,0.1343909353017807
8504,23,320,0.140748530626297
8505,23,321,0.12123898416757584
8506,23,322,0.1427619755268097
8507,23,323,0.16242453455924988
8508,23,324,0.14603230357170105
8509,23,325,0.14493203163146973
8510,23,326,0.1328769475221634
8511,23,327,0.15312044322490692
8512,23,328,0.161766916513443
8513,23,329,0.14951618015766144
8514,23,330,0.16936397552490234
8515,23,331,0.14676281809806824
8516,23,332,0.22769136726856232
8517,23,333,0.17833302915096283
8518,23,334,0.12860722839832306
8519,23,335,0.1731719970703125
8520,23,336,0.16364210844039917
8521,23,337,0.17307470738887787
8522,23,338,0.17343774437904358
8523,23,339,0.1470712572336197
8524,23,340,0.15898238122463226
8525,23,341,0.1466214656829834
8526,23,342,0.20398454368114471
8527,23,343,0.1687704622745514
8528,23,344,0.14985525608062744
8529,23,345,0.12060704827308655
8530,23,346,0.14871497452259064
8531,23,347,0.19202765822410583
8532,23,348,0.17283111810684204
8533,23,349,0.13739171624183655
8534,23,350,0.14877314865589142
8535,23,351,0.21401259303092957
8536,23,352,0.21082338690757751
8537,23,353,0.38003167510032654
8538,23,354,0.12467534095048904
8539,23,355,0.13553248345851898
8540,23,356,0.147108793258667
8541,23,357,0.17352943122386932
8542,23,358,0.14668886363506317
8543,23,359,0.17437374591827393
8544,23,360,0.16428232192993164
8545,23,361,0.1574375182390213
8546,23,362,0.18440884351730347
8547,23,363,0.15651626884937286
8548,23,364,0.14455480873584747
8549,23,365,0.16046766936779022
8550,23,366,0.15002641081809998
8551,23,367,0.18449273705482483
8552,23,368,0.15209119021892548
8553,23,369,0.1581231653690338
8554,23,370,0.16226546466350555
8555,23,371,0.15784965455532074
8556,23,372,0.11717003583908081
8557,24,1,0.2047443687915802
8558,24,2,0.12940624356269836
8559,24,3,0.15598970651626587
8560,24,4,0.15279866755008698
8561,24,5,0.17841093242168427
8562,24,6,0.20825904607772827
8563,24,7,0.12918339669704437
8564,24,8,0.13367155194282532
8565,24,9,0.14494867622852325
8566,24,10,0.14423948526382446
8567,24,11,0.10627350956201553
8568,24,12,0.112346351146698
8569,24,13,0.1421176940202713
8570,24,14,0.15290944278240204
8571,24,15,0.1227211058139801
8572,24,16,0.14478912949562073
8573,24,17,0.17135174572467804
8574,24,18,0.13407331705093384
8575,24,19,0.19284377992153168
8576,24,20,0.12707869708538055
8577,24,21,0.13679273426532745
8578,24,22,0.13647429645061493
8579,24,23,0.1380959004163742
8580,24,24,0.19920511543750763
8581,24,25,0.18564236164093018
8582,24,26,0.13158604502677917
8583,24,27,0.12645305693149567
8584,24,28,0.15136852860450745
8585,24,29,0.16492995619773865
8586,24,30,0.15771806240081787
8587,24,31,0.17702853679656982
8588,24,32,0.13476215302944183
8589,24,33,0.14494192600250244
8590,24,34,0.12509891390800476
8591,24,35,0.22018027305603027
8592,24,36,0.14306120574474335
8593,24,37,0.1477571725845337
8594,24,38,0.16482925415039062
8595,24,39,0.1317731738090515
8596,24,40,0.15323002636432648
8597,24,41,0.1711597442626953
8598,24,42,0.18892312049865723
8599,24,43,0.12134382128715515
8600,24,44,0.17496563494205475
8601,24,45,0.1833442896604538
8602,24,46,0.3295532464981079
8603,24,47,0.15826356410980225
8604,24,48,0.1391526460647583
8605,24,49,0.1565757393836975
8606,24,50,0.1383182853460312
8607,24,51,0.16814081370830536
8608,24,52,0.1689058542251587
8609,24,53,0.28566259145736694
8610,24,54,0.13732574880123138
8611,24,55,0.16936364769935608
8612,24,56,0.14193598926067352
8613,24,57,0.13635557889938354
8614,24,58,0.1501021832227707
8615,24,59,0.16097475588321686
8616,24,60,0.147369384765625
8617,24,61,0.131971076130867
8618,24,62,0.13280345499515533
8619,24,63,0.18912526965141296
8620,24,64,0.14173553884029388
8621,24,65,0.16274769604206085
8622,24,66,0.1288004070520401
8623,24,67,0.12937404215335846
8624,24,68,0.1565229743719101
8625,24,69,0.18145936727523804
8626,24,70,0.13762299716472626
8627,24,71,0.15710344910621643
8628,24,72,0.13252311944961548
8629,24,73,0.13116171956062317
8630,24,74,0.1507693976163864
8631,24,75,0.16353464126586914
8632,24,76,0.14403751492500305
8633,24,77,0.15395501255989075
8634,24,78,0.1207745298743248
8635,24,79,0.14599518477916718
8636,24,80,0.1611551195383072
8637,24,81,0.12079747766256332
8638,24,82,0.16036279499530792
8639,24,83,0.1278885304927826
8640,24,84,0.1347045749425888
8641,24,85,0.15984058380126953
8642,24,86,0.19528323411941528
8643,24,87,0.1423027664422989
8644,24,88,0.16044257581233978
8645,24,89,0.1285855770111084
8646,24,90,0.14292863011360168
8647,24,91,0.17098307609558105
8648,24,92,0.1576288342475891
8649,24,93,0.1778281033039093
8650,24,94,0.16154104471206665
8651,24,95,0.15384764969348907
8652,24,96,0.1572352796792984
8653,24,97,0.17032839357852936
8654,24,98,0.14969533681869507
8655,24,99,0.15639688074588776
8656,24,100,0.17930369079113007
8657,24,101,0.1271670013666153
8658,24,102,0.12911535799503326
8659,24,103,0.1948148012161255
8660,24,104,0.11949937790632248
8661,24,105,0.1631387174129486
8662,24,106,0.1443871557712555
8663,24,107,0.12232237309217453
8664,24,108,0.2408958524465561
8665,24,109,0.1770780086517334
8666,24,110,0.15955545008182526
8667,24,111,0.1462927609682083
8668,24,112,0.18023161590099335
8669,24,113,0.14799027144908905
8670,24,114,0.13012422621250153
8671,24,115,0.14840437471866608
8672,24,116,0.12482965737581253
8673,24,117,0.14626212418079376
8674,24,118,0.1466686874628067
8675,24,119,0.12684480845928192
8676,24,120,0.16138270497322083
8677,24,121,0.11553850024938583
8678,24,122,0.15370310842990875
8679,24,123,0.18083535134792328
8680,24,124,0.13521073758602142
8681,24,125,0.13348792493343353
8682,24,126,0.12229732424020767
8683,24,127,0.13807927072048187
8684,24,128,0.15843196213245392
8685,24,129,0.13180488348007202
8686,24,130,0.2514910101890564
8687,24,131,0.17437218129634857
8688,24,132,0.1587226241827011
8689,24,133,0.1107359305024147
8690,24,134,0.1802414059638977
8691,24,135,0.11581669747829437
8692,24,136,0.16694192588329315
8693,24,137,0.10971682518720627
8694,24,138,0.15173831582069397
8695,24,139,0.15093494951725006
8696,24,140,0.16144542396068573
8697,24,141,0.16316981613636017
8698,24,142,0.10400597751140594
8699,24,143,0.17999081313610077
8700,24,144,0.4569438099861145
8701,24,145,0.14495041966438293
8702,24,146,0.15877646207809448
8703,24,147,0.10990326851606369
8704,24,148,0.15853151679039001
8705,24,149,0.17201115190982819
8706,24,150,0.19929294288158417
8707,24,151,0.1640593409538269
8708,24,152,0.13130821287631989
8709,24,153,0.12897980213165283
8710,24,154,0.1679510921239853
8711,24,155,0.11914239078760147
8712,24,156,0.17439377307891846
8713,24,157,0.1628926694393158
8714,24,158,0.18962791562080383
8715,24,159,0.16120100021362305
8716,24,160,0.19709992408752441
8717,24,161,0.13684695959091187
8718,24,162,0.20756055414676666
8719,24,163,0.17185787856578827
8720,24,164,0.19246269762516022
8721,24,165,0.14996270835399628
8722,24,166,0.26483336091041565
8723,24,167,0.14469914138317108
8724,24,168,0.1265873908996582
8725,24,169,0.1838708519935608
8726,24,170,0.15125282108783722
8727,24,171,0.19681298732757568
8728,24,172,0.14302049577236176
8729,24,173,0.16873016953468323
8730,24,174,0.18936696648597717
8731,24,175,0.1295182704925537
8732,24,176,0.18283599615097046
8733,24,177,0.19445599615573883
8734,24,178,0.1714160442352295
8735,24,179,0.20981287956237793
8736,24,180,0.19184955954551697
8737,24,181,0.15517793595790863
8738,24,182,0.12524762749671936
8739,24,183,0.13060592114925385
8740,24,184,0.1764538288116455
8741,24,185,0.10943371057510376
8742,24,186,0.13167545199394226
8743,24,187,0.15303385257720947
8744,24,188,0.13055561482906342
8745,24,189,0.16272364556789398
8746,24,190,0.15566082298755646
8747,24,191,0.13755804300308228
8748,24,192,0.12924912571907043
8749,24,193,0.12994182109832764
8750,24,194,0.184946209192276
8751,24,195,0.12644292414188385
8752,24,196,0.1743658185005188
8753,24,197,0.12598170340061188
8754,24,198,0.11980649828910828
8755,24,199,0.14442361891269684
8756,24,200,0.19246520102024078
8757,24,201,0.15467716753482819
8758,24,202,0.16124345362186432
8759,24,203,0.14646542072296143
8760,24,204,0.1690196990966797
8761,24,205,0.19231805205345154
8762,24,206,0.13884110748767853
8763,24,207,0.12978406250476837
8764,24,208,0.13114234805107117
8765,24,209,0.19121985137462616
8766,24,210,0.1467612087726593
8767,24,211,0.13654717803001404
8768,24,212,0.12691114842891693
8769,24,213,0.14015738666057587
8770,24,214,0.13863907754421234
8771,24,215,0.16655538976192474
8772,24,216,0.11402251571416855
8773,24,217,0.13071638345718384
8774,24,218,0.16627392172813416
8775,24,219,0.23150815069675446
8776,24,220,0.18707548081874847
8777,24,221,0.1334046870470047
8778,24,222,0.16588255763053894
8779,24,223,0.20512595772743225
8780,24,224,0.12106717377901077
8781,24,225,0.14030016958713531
8782,24,226,0.1508953720331192
8783,24,227,0.14039866626262665
8784,24,228,0.13079160451889038
8785,24,229,0.13336971402168274
8786,24,230,0.21469919383525848
8787,24,231,0.16237711906433105
8788,24,232,0.13485634326934814
8789,24,233,0.11625157296657562
8790,24,234,0.2289692461490631
8791,24,235,0.15954619646072388
8792,24,236,0.14477862417697906
8793,24,237,0.17231471836566925
8794,24,238,0.12660840153694153
8795,24,239,0.16748185455799103
8796,24,240,0.17822594940662384
8797,24,241,0.16134150326251984
8798,24,242,0.17200244963169098
8799,24,243,0.15144789218902588
8800,24,244,0.13805563747882843
8801,24,245,0.08889932185411453
8802,24,246,0.13930276036262512
8803,24,247,0.1294366866350174
8804,24,248,0.13299474120140076
8805,24,249,0.17413203418254852
8806,24,250,0.14605160057544708
8807,24,251,0.15205784142017365
8808,24,252,0.12040966004133224
8809,24,253,0.13958843052387238
8810,24,254,0.1623329073190689
8811,24,255,0.17959433794021606
8812,24,256,0.1396883875131607
8813,24,257,0.12319855391979218
8814,24,258,0.18443380296230316
8815,24,259,0.1650204360485077
8816,24,260,0.1632104516029358
8817,24,261,0.1633458435535431
8818,24,262,0.16128093004226685
8819,24,263,0.1542145311832428
8820,24,264,0.1723182201385498
8821,24,265,0.13246525824069977
8822,24,266,0.16258133947849274
8823,24,267,0.13936035335063934
8824,24,268,0.1918427050113678
8825,24,269,0.13583050668239594
8826,24,270,0.19684040546417236
8827,24,271,0.12921079993247986
8828,24,272,0.19235193729400635
8829,24,273,0.19521285593509674
8830,24,274,0.14544394612312317
8831,24,275,0.1348864585161209
8832,24,276,0.17798706889152527
8833,24,277,0.16248367726802826
8834,24,278,0.17207029461860657
8835,24,279,0.1400577574968338
8836,24,280,0.18447451293468475
8837,24,281,0.1851881742477417
8838,24,282,0.15666082501411438
8839,24,283,0.1322413682937622
8840,24,284,0.13815170526504517
8841,24,285,0.11029845476150513
8842,24,286,0.18269062042236328
8843,24,287,0.13914524018764496
8844,24,288,0.25743645429611206
8845,24,289,0.14543002843856812
8846,24,290,0.14503911137580872
8847,24,291,0.13581502437591553
8848,24,292,0.23858091235160828
8849,24,293,0.1534796953201294
8850,24,294,0.20654311776161194
8851,24,295,0.15427382290363312
8852,24,296,0.1790730059146881
8853,24,297,0.16509471833705902
8854,24,298,0.14835180342197418
8855,24,299,0.12354125082492828
8856,24,300,0.12278679013252258
8857,24,301,0.12396399676799774
8858,24,302,0.13992074131965637
8859,24,303,0.12207894772291183
8860,24,304,0.12175703048706055
8861,24,305,0.1358017772436142
8862,24,306,0.1340639591217041
8863,24,307,0.16276735067367554
8864,24,308,0.20324622094631195
8865,24,309,0.15456250309944153
8866,24,310,0.1858934909105301
8867,24,311,0.20406080782413483
8868,24,312,0.14544323086738586
8869,24,313,0.1600617915391922
8870,24,314,0.19257494807243347
8871,24,315,0.16264118254184723
8872,24,316,0.14234229922294617
8873,24,317,0.15318509936332703
8874,24,318,0.17128458619117737
8875,24,319,0.17615562677383423
8876,24,320,0.15173721313476562
8877,24,321,0.1576244980096817
8878,24,322,0.14880003035068512
8879,24,323,0.15915223956108093
8880,24,324,0.21391649544239044
8881,24,325,0.1864563375711441
8882,24,326,0.16910776495933533
8883,24,327,0.17022429406642914
8884,24,328,0.15198437869548798
8885,24,329,0.13740938901901245
8886,24,330,0.194427490234375
8887,24,331,0.14267250895500183
8888,24,332,0.15878474712371826
8889,24,333,0.15623147785663605
8890,24,334,0.13460686802864075
8891,24,335,0.1262049376964569
8892,24,336,0.1596602201461792
8893,24,337,0.15673884749412537
8894,24,338,0.13543343544006348
8895,24,339,0.15628907084465027
8896,24,340,0.14485809206962585
8897,24,341,0.11470185220241547
8898,24,342,0.1716991662979126
8899,24,343,0.1638120710849762
8900,24,344,0.14780013263225555
8901,24,345,0.16965129971504211
8902,24,346,0.15210939943790436
8903,24,347,0.09227561205625534
8904,24,348,0.1581830382347107
8905,24,349,0.12315388023853302
8906,24,350,0.1218411847949028
8907,24,351,0.14699271321296692
8908,24,352,0.1617131382226944
8909,24,353,0.171359583735466
8910,24,354,0.16295792162418365
8911,24,355,0.12801140546798706
8912,24,356,0.16537630558013916
8913,24,357,0.1207323968410492
8914,24,358,0.20452511310577393
8915,24,359,0.1494353860616684
8916,24,360,0.12219563126564026
8917,24,361,0.18616464734077454
8918,24,362,0.3261427581310272
8919,24,363,0.2005106657743454
8920,24,364,0.11173149943351746
8921,24,365,0.16069848835468292
8922,24,366,0.15339185297489166
8923,24,367,0.24626721441745758
8924,24,368,0.13067945837974548
8925,24,369,0.23073023557662964
8926,24,370,0.306177020072937
8927,24,371,0.17307935655117035
8928,24,372,0.11105817556381226
8929,25,1,0.15119650959968567
8930,25,2,0.1904819756746292
8931,25,3,0.13863027095794678
8932,25,4,0.13484381139278412
8933,25,5,0.17035327851772308
8934,25,6,0.159688338637352
8935,25,7,0.1267504096031189
8936,25,8,0.10483045130968094
8937,25,9,0.1434362381696701
8938,25,10,0.13548928499221802
8939,25,11,0.178096204996109
8940,25,12,0.13616114854812622
8941,25,13,0.14355747401714325
8942,25,14,0.23369330167770386
8943,25,15,0.13497596979141235
8944,25,16,0.1150829941034317
8945,25,17,0.11407511681318283
8946,25,18,0.1464371532201767
8947,25,19,0.14779385924339294
8948,25,20,0.13667093217372894
8949,25,21,0.21044352650642395
8950,25,22,0.22205011546611786
8951,25,23,0.1211390569806099
8952,25,24,0.1528007537126541
8953,25,25,0.15177124738693237
8954,25,26,0.13171952962875366
8955,25,27,0.13146956264972687
8956,25,28,0.1679336130619049
8957,25,29,0.14668972790241241
8958,25,30,0.1415514498949051
8959,25,31,0.17107684910297394
8960,25,32,0.129197895526886
8961,25,33,0.1689831167459488
8962,25,34,0.1043434664607048
8963,25,35,0.1359914094209671
8964,25,36,0.14420832693576813
8965,25,37,0.1745036244392395
8966,25,38,0.19361795485019684
8967,25,39,0.14374150335788727
8968,25,40,0.12010009586811066
8969,25,41,0.13002851605415344
8970,25,42,0.1808767169713974
8971,25,43,0.17671751976013184
8972,25,44,0.15102896094322205
8973,25,45,0.09960027039051056
8974,25,46,0.15856747329235077
8975,25,47,0.1293918341398239
8976,25,48,0.13025213778018951
8977,25,49,0.12897664308547974
8978,25,50,0.16698825359344482
8979,25,51,0.1787443608045578
8980,25,52,0.14084602892398834
8981,25,53,0.18052491545677185
8982,25,54,0.13866743445396423
8983,25,55,0.14188070595264435
8984,25,56,0.15307499468326569
8985,25,57,0.12112659960985184
8986,25,58,0.1640547215938568
8987,25,59,0.10292932391166687
8988,25,60,0.11844614148139954
8989,25,61,0.12140119075775146
8990,25,62,0.1681908816099167
8991,25,63,0.13145968317985535
8992,25,64,0.12991665303707123
8993,25,65,0.16910478472709656
8994,25,66,0.15622761845588684
8995,25,67,0.16374997794628143
8996,25,68,0.1409674733877182
8997,25,69,0.1292918622493744
8998,25,70,0.14274941384792328
8999,25,71,0.15964357554912567
9000,25,72,0.13699346780776978
9001,25,73,0.1065802276134491
9002,25,74,0.11412586271762848
9003,25,75,0.13433009386062622
9004,25,76,0.13917917013168335
9005,25,77,0.15311741828918457
9006,25,78,0.14179259538650513
9007,25,79,0.10269007086753845
9008,25,80,0.20410145819187164
9009,25,81,0.14623743295669556
9010,25,82,0.14563564956188202
9011,25,83,0.17923596501350403
9012,25,84,0.11972758173942566
9013,25,85,0.1676582396030426
9014,25,86,0.17007490992546082
9015,25,87,0.1438877433538437
9016,25,88,0.1156715601682663
9017,25,89,0.13227975368499756
9018,25,90,0.1436961591243744
9019,25,91,0.169133260846138
9020,25,92,0.1532149314880371
9021,25,93,0.21811439096927643
9022,25,94,0.15023715794086456
9023,25,95,0.15356920659542084
9024,25,96,0.1623852401971817
9025,25,97,0.1410047858953476
9026,25,98,0.158899188041687
9027,25,99,0.16939373314380646
9028,25,100,0.14362403750419617
9029,25,101,0.18359702825546265
9030,25,102,0.20689992606639862
9031,25,103,0.11981970071792603
9032,25,104,0.22446705400943756
9033,25,105,0.12439406663179398
9034,25,106,0.14859671890735626
9035,25,107,0.15290024876594543
9036,25,108,0.1388181447982788
9037,25,109,0.16510595381259918
9038,25,110,0.1957874745130539
9039,25,111,0.1254359930753708
9040,25,112,0.13188505172729492
9041,25,113,0.15939681231975555
9042,25,114,0.12491974234580994
9043,25,115,0.15360036492347717
9044,25,116,0.14928047358989716
9045,25,117,0.15412278473377228
9046,25,118,0.13350023329257965
9047,25,119,0.1872270703315735
9048,25,120,0.14935962855815887
9049,25,121,0.15421700477600098
9050,25,122,0.15319693088531494
9051,25,123,0.15612147748470306
9052,25,124,0.1339237242937088
9053,25,125,0.13293863832950592
9054,25,126,0.16316942870616913
9055,25,127,0.16446943581104279
9056,25,128,0.14454014599323273
9057,25,129,0.19007134437561035
9058,25,130,0.1658383458852768
9059,25,131,0.19203993678092957
9060,25,132,0.13636435568332672
9061,25,133,0.19605189561843872
9062,25,134,0.17460082471370697
9063,25,135,0.12544874846935272
9064,25,136,0.14757110178470612
9065,25,137,0.1105031669139862
9066,25,138,0.14435680210590363
9067,25,139,0.16661623120307922
9068,25,140,0.11538714915513992
9069,25,141,0.14423976838588715
9070,25,142,0.4004532992839813
9071,25,143,0.16577939689159393
9072,25,144,0.12765038013458252
9073,25,145,0.17206314206123352
9074,25,146,0.18565885722637177
9075,25,147,0.12144066393375397
9076,25,148,0.17933103442192078
9077,25,149,0.18635253608226776
9078,25,150,0.156155064702034
9079,25,151,0.14983700215816498
9080,25,152,0.14493168890476227
9081,25,153,0.12563295662403107
9082,25,154,0.1305820196866989
9083,25,155,0.18074540793895721
9084,25,156,0.17493517696857452
9085,25,157,0.1341404914855957
9086,25,158,0.1547212153673172
9087,25,159,0.13023331761360168
9088,25,160,0.15325483679771423
9089,25,161,0.12071886658668518
9090,25,162,0.15573586523532867
9091,25,163,0.13849855959415436
9092,25,164,0.20737825334072113
9093,25,165,0.14686445891857147
9094,25,166,0.141116201877594
9095,25,167,0.14828570187091827
9096,25,168,0.11163285374641418
9097,25,169,0.11238321661949158
9098,25,170,0.14514659345149994
9099,25,171,0.2113451361656189
9100,25,172,0.15285548567771912
9101,25,173,0.1704103648662567
9102,25,174,0.15704426169395447
9103,25,175,0.1743089109659195
9104,25,176,0.1967792809009552
9105,25,177,0.13979004323482513
9106,25,178,0.1995188593864441
9107,25,179,0.12657122313976288
9108,25,180,0.15654300153255463
9109,25,181,0.1692957580089569
9110,25,182,0.1487313210964203
9111,25,183,0.17425362765789032
9112,25,184,0.1621951460838318
9113,25,185,0.14970174431800842
9114,25,186,0.27252086997032166
9115,25,187,0.13631746172904968
9116,25,188,0.14528021216392517
9117,25,189,0.14511242508888245
9118,25,190,0.14094920456409454
9119,25,191,0.12421303242444992
9120,25,192,0.17050383985042572
9121,25,193,0.24357721209526062
9122,25,194,0.15572543442249298
9123,25,195,0.20745839178562164
9124,25,196,0.12612132728099823
9125,25,197,0.15113364160060883
9126,25,198,0.1546579897403717
9127,25,199,0.13870319724082947
9128,25,200,0.1640927493572235
9129,25,201,0.16176524758338928
9130,25,202,0.14383049309253693
9131,25,203,0.14595532417297363
9132,25,204,0.2287527322769165
9133,25,205,0.2074631154537201
9134,25,206,0.17710471153259277
9135,25,207,0.17060580849647522
9136,25,208,0.1439579576253891
9137,25,209,0.14983835816383362
9138,25,210,0.3792089521884918
9139,25,211,0.2242846041917801
9140,25,212,0.4215260148048401
9141,25,213,0.16134639084339142
9142,25,214,0.23154233396053314
9143,25,215,0.16982488334178925
9144,25,216,0.15349993109703064
9145,25,217,0.1555398404598236
9146,25,218,0.23214054107666016
9147,25,219,0.2570916712284088
9148,25,220,0.2391788363456726
9149,25,221,0.2062201350927353
9150,25,222,0.20111525058746338
9151,25,223,0.1700161248445511
9152,25,224,0.14910435676574707
9153,25,225,0.2705397307872772
9154,25,226,0.2440209984779358
9155,25,227,0.21671487390995026
9156,25,228,0.16953909397125244
9157,25,229,0.12470414489507675
9158,25,230,0.24823777377605438
9159,25,231,0.19803030788898468
9160,25,232,0.20671553909778595
9161,25,233,0.19836467504501343
9162,25,234,0.23205697536468506
9163,25,235,0.2440892457962036
9164,25,236,0.21533270180225372
9165,25,237,0.2008536159992218
9166,25,238,0.18965724110603333
9167,25,239,0.3018624484539032
9168,25,240,0.5338121056556702
9169,25,241,0.21538996696472168
9170,25,242,0.2810385823249817
9171,25,243,0.19109606742858887
9172,25,244,0.36325889825820923
9173,25,245,0.3166351914405823
9174,25,246,0.2112766057252884
9175,25,247,0.22027641534805298
9176,25,248,0.252206414937973
9177,25,249,0.2230784147977829
9178,25,250,0.18034422397613525
9179,25,251,0.2296561449766159
9180,25,252,0.19442683458328247
9181,25,253,0.2680179178714752
9182,25,254,0.22165462374687195
9183,25,255,0.40643879771232605
9184,25,256,0.23596903681755066
9185,25,257,0.2471572756767273
9186,25,258,0.2593283951282501
9187,25,259,0.23259030282497406
9188,25,260,0.655829906463623
9189,25,261,0.6019904017448425
9190,25,262,0.2108650654554367
9191,25,263,0.2789217531681061
9192,25,264,0.4994114339351654
9193,25,265,0.2560994029045105
9194,25,266,0.3226839005947113
9195,25,267,0.27927544713020325
9196,25,268,0.33256325125694275
9197,25,269,0.3981931507587433
9198,25,270,0.31008604168891907
9199,25,271,0.3340367376804352
9200,25,272,0.5407730340957642
9201,25,273,0.2782376706600189
9202,25,274,0.1925961971282959
9203,25,275,0.19824820756912231
9204,25,276,0.41647687554359436
9205,25,277,0.3743102252483368
9206,25,278,0.21936163306236267
9207,25,279,0.28812432289123535
9208,25,280,0.31292232871055603
9209,25,281,0.2822016477584839
9210,25,282,0.2673313319683075
9211,25,283,0.3032129108905792
9212,25,284,0.3627644181251526
9213,25,285,0.23228570818901062
9214,25,286,0.20363150537014008
9215,25,287,0.22050486505031586
9216,25,288,0.4880891442298889
9217,25,289,0.3560420870780945
9218,25,290,0.1944819688796997
9219,25,291,0.2324099987745285
9220,25,292,0.21975530683994293
9221,25,293,0.41624194383621216
9222,25,294,0.39445650577545166
9223,25,295,0.3001420199871063
9224,25,296,0.26972657442092896
9225,25,297,0.31700971722602844
9226,25,298,0.2768772542476654
9227,25,299,0.24765616655349731
9228,25,300,0.20795325934886932
9229,25,301,0.27684375643730164
9230,25,302,0.3254975974559784
9231,25,303,0.43807917833328247
9232,25,304,0.19269441068172455
9233,25,305,0.2721008360385895
9234,25,306,0.24330644309520721
9235,25,307,0.27573955059051514
9236,25,308,0.22137731313705444
9237,25,309,0.22841399908065796
9238,25,310,0.23059344291687012
9239,25,311,0.28834444284439087
9240,25,312,0.4232284128665924
9241,25,313,0.216528981924057
9242,25,314,0.2232181578874588
9243,25,315,0.20663104951381683
9244,25,316,0.22442451119422913
9245,25,317,0.2906915247440338
9246,25,318,0.2196732759475708
9247,25,319,0.19757148623466492
9248,25,320,0.26908478140830994
9249,25,321,0.36273014545440674
9250,25,322,0.34472841024398804
9251,25,323,0.8409407734870911
9252,25,324,0.2497507631778717
9253,25,325,0.33258911967277527
9254,25,326,0.31304115056991577
9255,25,327,0.4170691668987274
9256,25,328,0.2668198347091675
9257,25,329,0.2873091697692871
9258,25,330,0.29856812953948975
9259,25,331,0.29501286149024963
9260,25,332,0.30375030636787415
9261,25,333,0.2323748916387558
9262,25,334,0.334200918674469
9263,25,335,0.2507533133029938
9264,25,336,0.1718926876783371
9265,25,337,0.25087645649909973
9266,25,338,0.2823275625705719
9267,25,339,0.3219340741634369
9268,25,340,0.25538527965545654
9269,25,341,0.33233842253685
9270,25,342,0.18890130519866943
9271,25,343,0.25428053736686707
9272,25,344,0.1548917144536972
9273,25,345,0.3483371138572693
9274,25,346,0.35105350613594055
9275,25,347,0.1874399185180664
9276,25,348,0.27144673466682434
9277,25,349,0.22193643450737
9278,25,350,0.2362382858991623
9279,25,351,0.21542535722255707
9280,25,352,0.21911972761154175
9281,25,353,0.2847837507724762
9282,25,354,0.21406733989715576
9283,25,355,0.19494149088859558
9284,25,356,0.3355937600135803
9285,25,357,0.19769854843616486
9286,25,358,0.2613236606121063
9287,25,359,0.21230129897594452
9288,25,360,0.2022865265607834
9289,25,361,0.200467050075531
9290,25,362,0.26387014985084534
9291,25,363,0.17954954504966736
9292,25,364,0.32772403955459595
9293,25,365,0.2689863443374634
9294,25,366,0.23982934653759003
9295,25,367,0.40026530623435974
9296,25,368,0.21716128289699554
9297,25,369,0.20537999272346497
9298,25,370,0.1862289160490036
9299,25,371,0.24406234920024872
9300,25,372,0.322427362203598
9301,26,1,0.3033270537853241
9302,26,2,0.185055673122406
9303,26,3,0.30755212903022766
9304,26,4,0.19066567718982697
9305,26,5,0.21420404314994812
9306,26,6,0.16889114677906036
9307,26,7,0.18964824080467224
9308,26,8,0.23340797424316406
9309,26,9,0.28922325372695923
9310,26,10,0.19982609152793884
9311,26,11,0.24747173488140106
9312,26,12,0.22904682159423828
9313,26,13,0.23077291250228882
9314,26,14,0.20586277544498444
9315,26,15,0.2722616493701935
9316,26,16,0.19582122564315796
9317,26,17,0.2448747307062149
9318,26,18,0.22136752307415009
9319,26,19,0.1670595407485962
9320,26,20,0.22095397114753723
9321,26,21,0.22643232345581055
9322,26,22,0.17761720716953278
9323,26,23,0.34127411246299744
9324,26,24,0.20812509953975677
9325,26,25,0.16885308921337128
9326,26,26,0.1801212877035141
9327,26,27,0.1376022845506668
9328,26,28,0.18480302393436432
9329,26,29,0.1499268263578415
9330,26,30,0.1765090674161911
9331,26,31,0.16645143926143646
9332,26,32,0.17422382533550262
9333,26,33,0.16271154582500458
9334,26,34,0.18543113768100739
9335,26,35,0.1457846760749817
9336,26,36,0.22351592779159546
9337,26,37,0.2120894193649292
9338,26,38,0.22871240973472595
9339,26,39,0.1470671445131302
9340,26,40,0.20212720334529877
9341,26,41,0.24319174885749817
9342,26,42,0.20919576287269592
9343,26,43,0.18393273651599884
9344,26,44,0.21591396629810333
9345,26,45,0.12081055343151093
9346,26,46,0.18494264781475067
9347,26,47,0.1699967235326767
9348,26,48,0.1592039167881012
9349,26,49,0.1595795601606369
9350,26,50,0.14745546877384186
9351,26,51,0.18784423172473907
9352,26,52,0.3189428746700287
9353,26,53,0.19781480729579926
9354,26,54,0.1914299577474594
9355,26,55,0.2693736255168915
9356,26,56,0.5655990242958069
9357,26,57,0.16955268383026123
9358,26,58,0.18945492804050446
9359,26,59,0.16713391244411469
9360,26,60,0.1493438184261322
9361,26,61,0.17350219190120697
9362,26,62,0.15906384587287903
9363,26,63,0.15854820609092712
9364,26,64,0.1396208256483078
9365,26,65,0.225081205368042
9366,26,66,0.13242948055267334
9367,26,67,0.2041982263326645
9368,26,68,0.2062322497367859
9369,26,69,0.15378011763095856
9370,26,70,0.13320063054561615
9371,26,71,0.21996064484119415
9372,26,72,0.2734794616699219
9373,26,73,0.3134859502315521
9374,26,74,0.23279136419296265
9375,26,75,0.18835636973381042
9376,26,76,0.17389245331287384
9377,26,77,0.17278258502483368
9378,26,78,0.17015065252780914
9379,26,79,0.23719090223312378
9380,26,80,0.22298921644687653
9381,26,81,0.19467070698738098
9382,26,82,0.19684477150440216
9383,26,83,0.22149360179901123
9384,26,84,0.1911427229642868
9385,26,85,0.16958720982074738
9386,26,86,0.1891169250011444
9387,26,87,0.2282399833202362
9388,26,88,0.1690622866153717
9389,26,89,0.1863725632429123
9390,26,90,0.2078259140253067
9391,26,91,0.17246872186660767
9392,26,92,0.20632758736610413
9393,26,93,0.5224132537841797
9394,26,94,0.15737015008926392
9395,26,95,0.18799623847007751
9396,26,96,0.19791734218597412
9397,26,97,0.20171897113323212
9398,26,98,0.13958100974559784
9399,26,99,0.24635756015777588
9400,26,100,0.20131823420524597
9401,26,101,0.2079588621854782
9402,26,102,0.1625431478023529
9403,26,103,0.20114360749721527
9404,26,104,0.1862843930721283
9405,26,105,0.15110856294631958
9406,26,106,0.21703040599822998
9407,26,107,0.2072354257106781
9408,26,108,0.18124496936798096
9409,26,109,0.23381204903125763
9410,26,110,0.16257815062999725
9411,26,111,0.18167231976985931
9412,26,112,0.17047347128391266
9413,26,113,0.22476783394813538
9414,26,114,0.20243872702121735
9415,26,115,0.2060619294643402
9416,26,116,0.23007012903690338
9417,26,117,0.21232520043849945
9418,26,118,0.12540261447429657
9419,26,119,0.2065696269273758
9420,26,120,0.179755300283432
9421,26,121,0.15437433123588562
9422,26,122,0.1488341987133026
9423,26,123,0.2370569258928299
9424,26,124,0.14192825555801392
9425,26,125,0.13793469965457916
9426,26,126,0.2159508466720581
9427,26,127,0.16219516098499298
9428,26,128,0.15793389081954956
9429,26,129,0.15373727679252625
9430,26,130,0.23087048530578613
9431,26,131,0.24944570660591125
9432,26,132,0.13439680635929108
9433,26,133,0.17737646400928497
9434,26,134,0.16457311809062958
9435,26,135,0.21372902393341064
9436,26,136,0.17763419449329376
9437,26,137,0.14575771987438202
9438,26,138,0.22827325761318207
9439,26,139,0.18481050431728363
9440,26,140,0.17516283690929413
9441,26,141,0.197726771235466
9442,26,142,0.1660260111093521
9443,26,143,0.2016109824180603
9444,26,144,0.2248571366071701
9445,26,145,0.14637598395347595
9446,26,146,0.24067585170269012
9447,26,147,0.16255085170269012
9448,26,148,0.1299770325422287
9449,26,149,0.1373298466205597
9450,26,150,0.15130016207695007
9451,26,151,0.18558792769908905
9452,26,152,0.20148013532161713
9453,26,153,0.1718679964542389
9454,26,154,0.13924355804920197
9455,26,155,0.14171339571475983
9456,26,156,0.15241028368473053
9457,26,157,0.1716761589050293
9458,26,158,0.17531636357307434
9459,26,159,0.17556315660476685
9460,26,160,0.21822300553321838
9461,26,161,0.11223973333835602
9462,26,162,0.23012569546699524
9463,26,163,0.17293527722358704
9464,26,164,0.213157519698143
9465,26,165,0.1643344610929489
9466,26,166,0.2101403921842575
9467,26,167,0.13548848032951355
9468,26,168,0.22369350492954254
9469,26,169,0.18344846367835999
9470,26,170,0.16787958145141602
9471,26,171,0.1732420027256012
9472,26,172,0.15665817260742188
9473,26,173,0.18346655368804932
9474,26,174,0.16754427552223206
9475,26,175,0.11977306008338928
9476,26,176,0.124845489859581
9477,26,177,0.1889829933643341
9478,26,178,0.18056920170783997
9479,26,179,0.1379411667585373
9480,26,180,0.16318050026893616
9481,26,181,0.14703993499279022
9482,26,182,0.1640264391899109
9483,26,183,0.19762708246707916
9484,26,184,0.1408422887325287
9485,26,185,0.17052365839481354
9486,26,186,0.13815797865390778
9487,26,187,0.1795622557401657
9488,26,188,0.1909363567829132
9489,26,189,0.19691143929958344
9490,26,190,0.17038118839263916
9491,26,191,0.149089977145195
9492,26,192,0.2149641215801239
9493,26,193,0.4407025873661041
9494,26,194,0.22933803498744965
9495,26,195,0.1741824746131897
9496,26,196,0.16666723787784576
9497,26,197,0.2654009163379669
9498,26,198,0.13987821340560913
9499,26,199,0.13298004865646362
9500,26,200,0.1981242448091507
9501,26,201,0.1681344360113144
9502,26,202,0.2543821930885315
9503,26,203,0.310169517993927
9504,26,204,0.1411220282316208
9505,26,205,0.21022474765777588
9506,26,206,0.1940414011478424
9507,26,207,0.1690141260623932
9508,26,208,0.1773708164691925
9509,26,209,0.16329190135002136
9510,26,210,0.19923876225948334
9511,26,211,0.26430466771125793
9512,26,212,0.17835590243339539
9513,26,213,0.27890288829803467
9514,26,214,0.13140557706356049
9515,26,215,0.22028280794620514
9516,26,216,0.30976602435112
9517,26,217,0.22020260989665985
9518,26,218,0.2725612223148346
9519,26,219,0.21419551968574524
9520,26,220,0.35080915689468384
9521,26,221,0.18629008531570435
9522,26,222,0.20650586485862732
9523,26,223,0.20091119408607483
9524,26,224,0.165989488363266
9525,26,225,0.20840217173099518
9526,26,226,0.1620134562253952
9527,26,227,0.277731716632843
9528,26,228,0.17664025723934174
9529,26,229,0.2322683185338974
9530,26,230,0.21135996282100677
9531,26,231,0.2021973580121994
9532,26,232,0.2509482502937317
9533,26,233,0.16939154267311096
9534,26,234,0.20917578041553497
9535,26,235,0.13071636855602264
9536,26,236,0.22210241854190826
9537,26,237,0.18663829565048218
9538,26,238,0.15737003087997437
9539,26,239,0.176828071475029
9540,26,240,0.16196875274181366
9541,26,241,0.17077568173408508
9542,26,242,0.23106983304023743
9543,26,243,0.1607765406370163
9544,26,244,0.2242545187473297
9545,26,245,0.17808139324188232
9546,26,246,0.1708214432001114
9547,26,247,0.22391316294670105
9548,26,248,0.16671600937843323
9549,26,249,0.18872365355491638
9550,26,250,0.2878861427307129
9551,26,251,0.25478872656822205
9552,26,252,0.18492822349071503
9553,26,253,0.23588904738426208
9554,26,254,0.1547527015209198
9555,26,255,0.16427050530910492
9556,26,256,0.21831011772155762
9557,26,257,0.2658897936344147
9558,26,258,0.11888010799884796
9559,26,259,0.14755474030971527
9560,26,260,0.16842582821846008
9561,26,261,0.2739546000957489
9562,26,262,0.14087890088558197
9563,26,263,0.18878763914108276
9564,26,264,0.16302837431430817
9565,26,265,0.17214323580265045
9566,26,266,0.1539754420518875
9567,26,267,0.18462584912776947
9568,26,268,0.19528436660766602
9569,26,269,0.24639800190925598
9570,26,270,0.16585634648799896
9571,26,271,0.13576604425907135
9572,26,272,0.16620931029319763
9573,26,273,0.21561376750469208
9574,26,274,0.20941635966300964
9575,26,275,0.12346601486206055
9576,26,276,0.1909613311290741
9577,26,277,0.16137345135211945
9578,26,278,0.1415962129831314
9579,26,279,0.17414169013500214
9580,26,280,0.13550187647342682
9581,26,281,0.14629243314266205
9582,26,282,0.12797096371650696
9583,26,283,0.18595688045024872
9584,26,284,0.1524062305688858
9585,26,285,0.13849876821041107
9586,26,286,0.1900104582309723
9587,26,287,0.21143822371959686
9588,26,288,0.13549931347370148
9589,26,289,0.13358859717845917
9590,26,290,0.19821365177631378
9591,26,291,0.17360498011112213
9592,26,292,0.1563149094581604
9593,26,293,0.2025509774684906
9594,26,294,0.1810113489627838
9595,26,295,0.14102303981781006
9596,26,296,0.1466526985168457
9597,26,297,0.1416303962469101
9598,26,298,0.4136527180671692
9599,26,299,0.13663917779922485
9600,26,300,0.2706027030944824
9601,26,301,0.194904163479805
9602,26,302,0.12530964612960815
9603,26,303,0.11949408799409866
9604,26,304,0.16842207312583923
9605,26,305,0.14936618506908417
9606,26,306,0.2335401326417923
9607,26,307,0.14026375114917755
9608,26,308,0.18910625576972961
9609,26,309,0.1972299963235855
9610,26,310,0.17247554659843445
9611,26,311,0.1389072984457016
9612,26,312,0.2239857167005539
9613,26,313,0.16174674034118652
9614,26,314,0.2680136263370514
9615,26,315,0.20498524606227875
9616,26,316,0.1611865907907486
9617,26,317,0.15127049386501312
9618,26,318,0.17387458682060242
9619,26,319,0.1802612543106079
9620,26,320,0.16259446740150452
9621,26,321,0.14372986555099487
9622,26,322,0.175589457154274
9623,26,323,0.17614100873470306
9624,26,324,0.19518688321113586
9625,26,325,0.21256636083126068
9626,26,326,0.1523248553276062
9627,26,327,0.1418030709028244
9628,26,328,0.22344516217708588
9629,26,329,0.21063436567783356
9630,26,330,0.1619788557291031
9631,26,331,0.17520734667778015
9632,26,332,0.17278124392032623
9633,26,333,0.15584953129291534
9634,26,334,0.15247809886932373
9635,26,335,0.13791581988334656
9636,26,336,0.11212010681629181
9637,26,337,0.2053082287311554
9638,26,338,0.1443527340888977
9639,26,339,0.14393402636051178
9640,26,340,0.14594760537147522
9641,26,341,0.19906720519065857
9642,26,342,0.15039841830730438
9643,26,343,0.2057480812072754
9644,26,344,0.1405484676361084
9645,26,345,0.17977751791477203
9646,26,346,0.17623919248580933
9647,26,347,0.15196529030799866
9648,26,348,0.16000960767269135
9649,26,349,0.19646286964416504
9650,26,350,0.23161783814430237
9651,26,351,0.171518936753273
9652,26,352,0.18922245502471924
9653,26,353,0.1501740962266922
9654,26,354,0.1535358875989914
9655,26,355,0.19334819912910461
9656,26,356,0.1495622843503952
9657,26,357,0.1482507586479187
9658,26,358,0.1724189966917038
9659,26,359,0.16298823058605194
9660,26,360,0.16859234869480133
9661,26,361,0.14675426483154297
9662,26,362,0.16971276700496674
9663,26,363,0.14584563672542572
9664,26,364,0.1568349450826645
9665,26,365,0.16397356986999512
9666,26,366,0.18909956514835358
9667,26,367,0.15485025942325592
9668,26,368,0.13769568502902985
9669,26,369,0.15820936858654022
9670,26,370,0.16499467194080353
9671,26,371,0.139990895986557
9672,26,372,0.17263324558734894
9673,27,1,0.15032881498336792
9674,27,2,0.16194483637809753
9675,27,3,0.15231755375862122
9676,27,4,0.18269622325897217
9677,27,5,0.1464843899011612
9678,27,6,0.18726611137390137
9679,27,7,0.13900840282440186
9680,27,8,0.1521517038345337
9681,27,9,0.16560693085193634
9682,27,10,0.11272256076335907
9683,27,11,0.14959798753261566
9684,27,12,0.1479097157716751
9685,27,13,0.2871130108833313
9686,27,14,0.14112122356891632
9687,27,15,0.19885481894016266
9688,27,16,0.19792990386486053
9689,27,17,0.17480403184890747
9690,27,18,0.10679294914007187
9691,27,19,0.1696651577949524
9692,27,20,0.13546618819236755
9693,27,21,0.18009288609027863
9694,27,22,0.1369386911392212
9695,27,23,0.15707555413246155
9696,27,24,0.14945396780967712
9697,27,25,0.22595462203025818
9698,27,26,0.13351032137870789
9699,27,27,0.143887460231781
9700,27,28,0.1719004064798355
9701,27,29,0.152733713388443
9702,27,30,0.1290668398141861
9703,27,31,0.1494263857603073
9704,27,32,0.12171535938978195
9705,27,33,0.16473183035850525
9706,27,34,0.1544075310230255
9707,27,35,0.1363648921251297
9708,27,36,0.15346424281597137
9709,27,37,0.14833112061023712
9710,27,38,0.1494627296924591
9711,27,39,0.1510903388261795
9712,27,40,0.14575612545013428
9713,27,41,0.11737341433763504
9714,27,42,0.18126584589481354
9715,27,43,0.15023379027843475
9716,27,44,0.15684974193572998
9717,27,45,0.18339388072490692
9718,27,46,0.15881428122520447
9719,27,47,0.13051146268844604
9720,27,48,0.17247334122657776
9721,27,49,0.14558175206184387
9722,27,50,0.1451101005077362
9723,27,51,0.17616963386535645
9724,27,52,0.14120890200138092
9725,27,53,0.17158344388008118
9726,27,54,0.13820259273052216
9727,27,55,0.16413015127182007
9728,27,56,0.13924798369407654
9729,27,57,0.22242076694965363
9730,27,58,0.12848685681819916
9731,27,59,0.17780834436416626
9732,27,60,0.1689484864473343
9733,27,61,0.14037537574768066
9734,27,62,0.12637373805046082
9735,27,63,0.1678980439901352
9736,27,64,0.16457462310791016
9737,27,65,0.1545681655406952
9738,27,66,0.1324128359556198
9739,27,67,0.1498004049062729
9740,27,68,0.12892523407936096
9741,27,69,0.15175849199295044
9742,27,70,0.18818359076976776
9743,27,71,0.13506031036376953
9744,27,72,0.147674098610878
9745,27,73,0.18502755463123322
9746,27,74,0.1358930468559265
9747,27,75,0.1348600685596466
9748,27,76,0.1409202218055725
9749,27,77,0.18203027546405792
9750,27,78,0.17793269455432892
9751,27,79,0.1604006439447403
9752,27,80,0.1798834502696991
9753,27,81,0.13060946762561798
9754,27,82,0.21746674180030823
9755,27,83,0.14870989322662354
9756,27,84,0.15339668095111847
9757,27,85,0.1472976803779602
9758,27,86,0.1581956297159195
9759,27,87,0.15135280787944794
9760,27,88,0.16159974038600922
9761,27,89,0.13066452741622925
9762,27,90,0.11916510760784149
9763,27,91,0.1860150396823883
9764,27,92,0.1799531877040863
9765,27,93,0.19581009447574615
9766,27,94,0.1899886429309845
9767,27,95,0.14283253252506256
9768,27,96,0.16906113922595978
9769,27,97,0.14923664927482605
9770,27,98,0.16444122791290283
9771,27,99,0.13798250257968903
9772,27,100,0.17076042294502258
9773,27,101,0.18123488128185272
9774,27,102,0.18724815547466278
9775,27,103,0.16641394793987274
9776,27,104,0.13845956325531006
9777,27,105,0.165073424577713
9778,27,106,0.14607538282871246
9779,27,107,0.17359377443790436
9780,27,108,0.10967272520065308
9781,27,109,0.1512797772884369
9782,27,110,0.14138974249362946
9783,27,111,0.13343727588653564
9784,27,112,0.18852907419204712
9785,27,113,0.1093386709690094
9786,27,114,0.1767624318599701
9787,27,115,0.15258075296878815
9788,27,116,0.14739422500133514
9789,27,117,0.15331141650676727
9790,27,118,0.13334929943084717
9791,27,119,0.18561789393424988
9792,27,120,0.15583765506744385
9793,27,121,0.13563291728496552
9794,27,122,0.12309964001178741
9795,27,123,0.27403393387794495
9796,27,124,0.14171002805233002
9797,27,125,0.15618625283241272
9798,27,126,0.21579468250274658
9799,27,127,0.12545721232891083
9800,27,128,0.1760811060667038
9801,27,129,0.10972514748573303
9802,27,130,0.16714124381542206
9803,27,131,0.2535941004753113
9804,27,132,0.16414085030555725
9805,27,133,0.1741083860397339
9806,27,134,0.2044210284948349
9807,27,135,0.17371459305286407
9808,27,136,0.14834512770175934
9809,27,137,0.16307760775089264
9810,27,138,0.15313498675823212
9811,27,139,0.1694198101758957
9812,27,140,0.1390262246131897
9813,27,141,0.37771037220954895
9814,27,142,0.14149025082588196
9815,27,143,0.17010705173015594
9816,27,144,0.16946293413639069
9817,27,145,0.15221692621707916
9818,27,146,0.16023413836956024
9819,27,147,0.13656744360923767
9820,27,148,0.17985956370830536
9821,27,149,0.13041161000728607
9822,27,150,0.17668664455413818
9823,27,151,0.12860819697380066
9824,27,152,0.11166001856327057
9825,27,153,0.1321660727262497
9826,27,154,0.15853093564510345
9827,27,155,0.11933654546737671
9828,27,156,0.1298198699951172
9829,27,157,0.20897406339645386
9830,27,158,0.14122554659843445
9831,27,159,0.14833961427211761
9832,27,160,0.12675334513187408
9833,27,161,0.11147386580705643
9834,27,162,0.18955816328525543
9835,27,163,0.1321759819984436
9836,27,164,0.12814006209373474
9837,27,165,0.13791967928409576
9838,27,166,0.14496439695358276
9839,27,167,0.11000896245241165
9840,27,168,0.1448172628879547
9841,27,169,0.11797069013118744
9842,27,170,0.17634552717208862
9843,27,171,0.1553191989660263
9844,27,172,0.1271846443414688
9845,27,173,0.14969229698181152
9846,27,174,0.11693448573350906
9847,27,175,0.16197985410690308
9848,27,176,0.13840143382549286
9849,27,177,0.13377919793128967
9850,27,178,0.14389300346374512
9851,27,179,0.14736855030059814
9852,27,180,0.13041579723358154
9853,27,181,0.1343279927968979
9854,27,182,0.12672731280326843
9855,27,183,0.14211761951446533
9856,27,184,0.2016671597957611
9857,27,185,0.15734288096427917
9858,27,186,0.14092186093330383
9859,27,187,0.13897572457790375
9860,27,188,0.17507626116275787
9861,27,189,0.12172995507717133
9862,27,190,0.14439760148525238
9863,27,191,0.13080419600009918
9864,27,192,0.15554063022136688
9865,27,193,0.11696220189332962
9866,27,194,0.10707472264766693
9867,27,195,0.12755121290683746
9868,27,196,0.1155550628900528
9869,27,197,0.132138192653656
9870,27,198,0.1357268989086151
9871,27,199,0.1010984554886818
9872,27,200,0.1738298088312149
9873,27,201,0.13587407767772675
9874,27,202,0.17347176373004913
9875,27,203,0.12550994753837585
9876,27,204,0.14494340121746063
9877,27,205,0.18263132870197296
9878,27,206,0.1747114211320877
9879,27,207,0.1825065314769745
9880,27,208,0.1638982594013214
9881,27,209,0.1619638204574585
9882,27,210,0.14948023855686188
9883,27,211,0.14837026596069336
9884,27,212,0.16001161932945251
9885,27,213,0.1420109122991562
9886,27,214,0.165196493268013
9887,27,215,0.1676509827375412
9888,27,216,0.15246181190013885
9889,27,217,0.17887310683727264
9890,27,218,0.14868542551994324
9891,27,219,0.12271887063980103
9892,27,220,0.1660156100988388
9893,27,221,0.09605956077575684
9894,27,222,0.18276555836200714
9895,27,223,0.15164673328399658
9896,27,224,0.16242390871047974
9897,27,225,0.1297665238380432
9898,27,226,0.14103859663009644
9899,27,227,0.1379825621843338
9900,27,228,0.1142912209033966
9901,27,229,0.16211135685443878
9902,27,230,0.12716121971607208
9903,27,231,0.11397043615579605
9904,27,232,0.140482097864151
9905,27,233,0.13478140532970428
9906,27,234,0.12225969135761261
9907,27,235,0.11712044477462769
9908,27,236,0.1408124417066574
9909,27,237,0.14570918679237366
9910,27,238,0.1529735028743744
9911,27,239,0.18541598320007324
9912,27,240,0.1560039073228836
9913,27,241,0.1654675453901291
9914,27,242,0.15629678964614868
9915,27,243,0.13983893394470215
9916,27,244,0.144204780459404
9917,27,245,0.12465205043554306
9918,27,246,0.13007959723472595
9919,27,247,0.17807963490486145
9920,27,248,0.12376357614994049
9921,27,249,0.13553467392921448
9922,27,250,0.13206520676612854
9923,27,251,0.16605430841445923
9924,27,252,0.10351691395044327
9925,27,253,0.14440970122814178
9926,27,254,0.12596815824508667
9927,27,255,0.14293263852596283
9928,27,256,0.14421333372592926
9929,27,257,0.13701769709587097
9930,27,258,0.15037578344345093
9931,27,259,0.14031895995140076
9932,27,260,0.12403680384159088
9933,27,261,0.17675162851810455
9934,27,262,0.14416658878326416
9935,27,263,0.12344451993703842
9936,27,264,0.10717282444238663
9937,27,265,0.12342864274978638
9938,27,266,0.2817542552947998
9939,27,267,0.14227943122386932
9940,27,268,0.15995964407920837
9941,27,269,0.14858165383338928
9942,27,270,0.13708586990833282
9943,27,271,0.1360045224428177
9944,27,272,0.10136424750089645
9945,27,273,0.16616955399513245
9946,27,274,0.12706337869167328
9947,27,275,0.15617047250270844
9948,27,276,0.14836131036281586
9949,27,277,0.11005547642707825
9950,27,278,0.1244749054312706
9951,27,279,0.1421930193901062
9952,27,280,0.1542314738035202
9953,27,281,0.18827590346336365
9954,27,282,0.18419016897678375
9955,27,283,0.18073996901512146
9956,27,284,0.17663119733333588
9957,27,285,0.16069982945919037
9958,27,286,0.1667356938123703
9959,27,287,0.1631346046924591
9960,27,288,0.11078161001205444
9961,27,289,0.15396957099437714
9962,27,290,0.11792920529842377
9963,27,291,0.12790627777576447
9964,27,292,0.11767278611660004
9965,27,293,0.11036272346973419
9966,27,294,0.14570914208889008
9967,27,295,0.14656171202659607
9968,27,296,0.14793401956558228
9969,27,297,0.1344400942325592
9970,27,298,0.13398244976997375
9971,27,299,0.12259453535079956
9972,27,300,0.1672467738389969
9973,27,301,0.15479202568531036
9974,27,302,0.13658936321735382
9975,27,303,0.17874401807785034
9976,27,304,0.15617133677005768
9977,27,305,0.13588613271713257
9978,27,306,0.14838890731334686
9979,27,307,0.15143774449825287
9980,27,308,0.11845383048057556
9981,27,309,0.1650545299053192
9982,27,310,0.1419987678527832
9983,27,311,0.14469198882579803
9984,27,312,0.10755126923322678
9985,27,313,0.18631798028945923
9986,27,314,0.12895193696022034
9987,27,315,0.1386929750442505
9988,27,316,0.16484488546848297
9989,27,317,0.144263356924057
9990,27,318,0.14071589708328247
9991,27,319,0.13700881600379944
9992,27,320,0.16150636970996857
9993,27,321,0.13064655661582947
9994,27,322,0.10840879380702972
9995,27,323,0.1483217477798462
9996,27,324,0.12284983694553375
9997,27,325,0.16961102187633514
9998,27,326,0.18150073289871216
9999,27,327,0.13419170677661896
10000,27,328,0.1399466097354889
10001,27,329,0.13899244368076324
10002,27,330,0.14302107691764832
10003,27,331,0.13669398427009583
10004,27,332,0.12602342665195465
10005,27,333,0.1175234466791153
10006,27,334,0.11518453806638718
10007,27,335,0.14339770376682281
10008,27,336,0.11723335832357407
10009,27,337,0.17777645587921143
10010,27,338,0.17742210626602173
10011,27,339,0.16908212006092072
10012,27,340,0.2932015657424927
10013,27,341,0.1340634524822235
10014,27,342,0.13155701756477356
10015,27,343,0.15063819289207458
10016,27,344,0.17498011887073517
10017,27,345,0.1288307160139084
10018,27,346,0.1294129341840744
10019,27,347,0.1601719707250595
10020,27,348,0.2019822597503662
10021,27,349,0.15423943102359772
10022,27,350,0.12666402757167816
10023,27,351,0.14719627797603607
10024,27,352,0.13897311687469482
10025,27,353,0.17100737988948822
10026,27,354,0.14256247878074646
10027,27,355,0.11779937148094177
10028,27,356,0.17904815077781677
10029,27,357,0.11764200031757355
10030,27,358,0.13167519867420197
10031,27,359,0.18785952031612396
10032,27,360,0.13185960054397583
10033,27,361,0.1676836609840393
10034,27,362,0.16861841082572937
10035,27,363,0.13736297190189362
10036,27,364,0.1529906690120697
10037,27,365,0.1527276486158371
10038,27,366,0.12288164347410202
10039,27,367,0.09976398944854736
10040,27,368,0.13721223175525665
10041,27,369,0.15273262560367584
10042,27,370,0.13481299579143524
10043,27,371,0.14300748705863953
10044,27,372,0.11175841838121414
10045,28,1,0.10339011996984482
10046,28,2,0.14108330011367798
10047,28,3,0.13010172545909882
10048,28,4,0.1558193564414978
10049,28,5,0.12350405007600784
10050,28,6,0.13049323856830597
10051,28,7,0.13379032909870148
10052,28,8,0.1202857717871666
10053,28,9,0.16179433465003967
10054,28,10,0.2417028844356537
10055,28,11,0.15213152766227722
10056,28,12,0.15759176015853882
10057,28,13,0.14165464043617249
10058,28,14,0.12976984679698944
10059,28,15,0.13839666545391083
10060,28,16,0.1496003121137619
10061,28,17,0.14924508333206177
10062,28,18,0.14502325654029846
10063,28,19,0.11838901042938232
10064,28,20,0.1351165920495987
10065,28,21,0.11930444091558456
10066,28,22,0.1332833617925644
10067,28,23,0.17849232256412506
10068,28,24,0.12615354359149933
10069,28,25,0.1277744024991989
10070,28,26,0.11168625950813293
10071,28,27,0.12433357536792755
10072,28,28,0.16560454666614532
10073,28,29,0.11559391021728516
10074,28,30,0.17066659033298492
10075,28,31,0.12793460488319397
10076,28,32,0.08402861654758453
10077,28,33,0.11712699383497238
10078,28,34,0.15554125607013702
10079,28,35,0.16359969973564148
10080,28,36,0.1246132105588913
10081,28,37,0.11941860616207123
10082,28,38,0.14156383275985718
10083,28,39,0.1477116048336029
10084,28,40,0.139275461435318
10085,28,41,0.16168631613254547
10086,28,42,0.12094243615865707
10087,28,43,0.09428007155656815
10088,28,44,0.1343328058719635
10089,28,45,0.1378738433122635
10090,28,46,0.14131133258342743
10091,28,47,0.11003288626670837
10092,28,48,0.1577358841896057
10093,28,49,0.1644606590270996
10094,28,50,0.12872695922851562
10095,28,51,0.11869791150093079
10096,28,52,0.15795248746871948
10097,28,53,0.09251148253679276
10098,28,54,0.13094134628772736
10099,28,55,0.135819211602211
10100,28,56,0.14788922667503357
10101,28,57,0.11961401998996735
10102,28,58,0.12491131573915482
10103,28,59,0.11158135533332825
10104,28,60,0.15011674165725708
10105,28,61,0.12858539819717407
10106,28,62,0.18145915865898132
10107,28,63,0.14073234796524048
10108,28,64,0.10889553278684616
10109,28,65,0.13631075620651245
10110,28,66,0.14568810164928436
10111,28,67,0.11779776215553284
10112,28,68,0.11084290593862534
10113,28,69,0.10775355249643326
10114,28,70,0.15471819043159485
10115,28,71,0.14116090536117554
10116,28,72,0.12173056602478027
10117,28,73,0.13671651482582092
10118,28,74,0.1451878398656845
10119,28,75,0.12669748067855835
10120,28,76,0.11533336341381073
10121,28,77,0.14465947449207306
10122,28,78,0.15060719847679138
10123,28,79,0.12497018277645111
10124,28,80,0.2161540985107422
10125,28,81,0.14356325566768646
10126,28,82,0.12656208872795105
10127,28,83,0.11379796266555786
10128,28,84,0.15607446432113647
10129,28,85,0.11428727209568024
10130,28,86,0.12048546969890594
10131,28,87,0.1661367118358612
10132,28,88,0.11984622478485107
10133,28,89,0.13932208716869354
10134,28,90,0.15952399373054504
10135,28,91,0.13166919350624084
10136,28,92,0.12158803641796112
10137,28,93,0.14001424610614777
10138,28,94,0.14192970097064972
10139,28,95,0.14983151853084564
10140,28,96,0.17750780284404755
10141,28,97,0.12852789461612701
10142,28,98,0.16791632771492004
10143,28,99,0.16269314289093018
10144,28,100,0.18353037536144257
10145,28,101,0.1506875902414322
10146,28,102,0.1361335963010788
10147,28,103,0.10155333578586578
10148,28,104,0.14693264663219452
10149,28,105,0.14101779460906982
10150,28,106,0.14145037531852722
10151,28,107,0.08810322731733322
10152,28,108,0.11616668105125427
10153,28,109,0.12309384346008301
10154,28,110,0.11434256285429001
10155,28,111,0.1427106410264969
10156,28,112,0.12436407804489136
10157,28,113,0.12574635446071625
10158,28,114,0.10193594545125961
10159,28,115,0.2748032808303833
10160,28,116,0.12103384733200073
10161,28,117,0.1465747058391571
10162,28,118,0.11875873059034348
10163,28,119,0.15082137286663055
10164,28,120,0.12809698283672333
10165,28,121,0.1356574445962906
10166,28,122,0.12972970306873322
10167,28,123,0.15340204536914825
10168,28,124,0.16763383150100708
10169,28,125,0.10650522261857986
10170,28,126,0.18851833045482635
10171,28,127,0.1596613973379135
10172,28,128,0.1389286369085312
10173,28,129,0.12984180450439453
10174,28,130,0.10596075654029846
10175,28,131,0.14612506330013275
10176,28,132,0.1311582773923874
10177,28,133,0.15929973125457764
10178,28,134,0.14006847143173218
10179,28,135,0.13718673586845398
10180,28,136,0.14022861421108246
10181,28,137,0.11436773836612701
10182,28,138,0.12608209252357483
10183,28,139,0.11706272512674332
10184,28,140,0.14598895609378815
10185,28,141,0.14755401015281677
10186,28,142,0.10450903326272964
10187,28,143,0.1391872763633728
10188,28,144,0.12695887684822083
10189,28,145,0.12748117744922638
10190,28,146,0.15234732627868652
10191,28,147,0.17638084292411804
10192,28,148,0.14458337426185608
10193,28,149,0.12804609537124634
10194,28,150,0.140180766582489
10195,28,151,0.13734112679958344
10196,28,152,0.13702452182769775
10197,28,153,0.14382880926132202
10198,28,154,0.22012147307395935
10199,28,155,0.15466539561748505
10200,28,156,0.13358893990516663
10201,28,157,0.11408613622188568
10202,28,158,0.11562246084213257
10203,28,159,0.34591546654701233
10204,28,160,0.13956716656684875
10205,28,161,0.12097001075744629
10206,28,162,0.10692645609378815
10207,28,163,0.1286129206418991
10208,28,164,0.11051692813634872
10209,28,165,0.16889676451683044
10210,28,166,0.13640980422496796
10211,28,167,0.15081307291984558
10212,28,168,0.1334502249956131
10213,28,169,0.17445212602615356
10214,28,170,0.15798409283161163
10215,28,171,0.17403431236743927
10216,28,172,0.16230525076389313
10217,28,173,0.10890252143144608
10218,28,174,0.18410082161426544
10219,28,175,0.14782725274562836
10220,28,176,0.12800219655036926
10221,28,177,0.16481931507587433
10222,28,178,0.15461257100105286
10223,28,179,0.13786445558071136
10224,28,180,0.14587952196598053
10225,28,181,0.12915335595607758
10226,28,182,0.14759081602096558
10227,28,183,0.15899109840393066
10228,28,184,0.16186921298503876
10229,28,185,0.13627994060516357
10230,28,186,0.1291678547859192
10231,28,187,0.17283104360103607
10232,28,188,0.14537853002548218
10233,28,189,0.1169501468539238
10234,28,190,0.13914506137371063
10235,28,191,0.12430544197559357
10236,28,192,0.1422017514705658
10237,28,193,0.13670606911182404
10238,28,194,0.10691866278648376
10239,28,195,0.10806544870138168
10240,28,196,0.1230846643447876
10241,28,197,0.15264233946800232
10242,28,198,0.10919676721096039
10243,28,199,0.14045462012290955
10244,28,200,0.13795745372772217
10245,28,201,0.15431928634643555
10246,28,202,0.07969243079423904
10247,28,203,0.14557720720767975
10248,28,204,0.15350551903247833
10249,28,205,0.13499405980110168
10250,28,206,0.15236611664295197
10251,28,207,0.1323552280664444
10252,28,208,0.15680788457393646
10253,28,209,0.17211855947971344
10254,28,210,0.12154608964920044
10255,28,211,0.14636516571044922
10256,28,212,0.1345134973526001
10257,28,213,0.1272730827331543
10258,28,214,0.12583017349243164
10259,28,215,0.1362624168395996
10260,28,216,0.16669140756130219
10261,28,217,0.21103210747241974
10262,28,218,0.15422333776950836
10263,28,219,0.16390755772590637
10264,28,220,0.11187729239463806
10265,28,221,0.14987896382808685
10266,28,222,0.118119016289711
10267,28,223,0.14324049651622772
10268,28,224,0.11202265322208405
10269,28,225,0.14436644315719604
10270,28,226,0.1461888700723648
10271,28,227,0.138502836227417
10272,28,228,0.15777623653411865
10273,28,229,0.11079830676317215
10274,28,230,0.1251680999994278
10275,28,231,0.18674656748771667
10276,28,232,0.13467533886432648
10277,28,233,0.12213022261857986
10278,28,234,0.12896132469177246
10279,28,235,0.1415031999349594
10280,28,236,0.14273257553577423
10281,28,237,0.11613231897354126
10282,28,238,0.18885590136051178
10283,28,239,0.11173383891582489
10284,28,240,0.11604007333517075
10285,28,241,0.1233961209654808
10286,28,242,0.1386692374944687
10287,28,243,0.23267650604248047
10288,28,244,0.19084432721138
10289,28,245,0.15841810405254364
10290,28,246,0.152925506234169
10291,28,247,0.12829484045505524
10292,28,248,0.12743687629699707
10293,28,249,0.12393179535865784
10294,28,250,0.13023315370082855
10295,28,251,0.11577849090099335
10296,28,252,0.1296260505914688
10297,28,253,0.11374729871749878
10298,28,254,0.11529862880706787
10299,28,255,0.1168806329369545
10300,28,256,0.11401273310184479
10301,28,257,0.14323298633098602
10302,28,258,0.1541900783777237
10303,28,259,0.12526151537895203
10304,28,260,0.11289060115814209
10305,28,261,0.13400287926197052
10306,28,262,0.14011357724666595
10307,28,263,0.14589032530784607
10308,28,264,0.13779227435588837
10309,28,265,0.131211057305336
10310,28,266,0.16783390939235687
10311,28,267,0.18974842131137848
10312,28,268,0.12001930922269821
10313,28,269,0.11269417405128479
10314,28,270,0.14937013387680054
10315,28,271,0.15196678042411804
10316,28,272,0.12893085181713104
10317,28,273,0.1555166393518448
10318,28,274,0.15916287899017334
10319,28,275,0.13461413979530334
10320,28,276,0.13703162968158722
10321,28,277,0.11071084439754486
10322,28,278,0.10596556961536407
10323,28,279,0.14237752556800842
10324,28,280,0.13565096259117126
10325,28,281,0.15731851756572723
10326,28,282,0.12450482696294785
10327,28,283,0.12274598330259323
10328,28,284,0.15388190746307373
10329,28,285,0.1503763198852539
10330,28,286,0.11023253202438354
10331,28,287,0.1506078690290451
10332,28,288,0.10745798796415329
10333,28,289,0.14972631633281708
10334,28,290,0.13239695131778717
10335,28,291,0.14954164624214172
10336,28,292,0.15949416160583496
10337,28,293,0.11845039576292038
10338,28,294,0.13261811435222626
10339,28,295,0.14922751486301422
10340,28,296,0.1270340383052826
10341,28,297,0.15282830595970154
10342,28,298,0.15529344975948334
10343,28,299,0.12322496622800827
10344,28,300,0.1507854014635086
10345,28,301,0.13523808121681213
10346,28,302,0.32788512110710144
10347,28,303,0.11401728540658951
10348,28,304,0.1198502704501152
10349,28,305,0.13876961171627045
10350,28,306,0.1402808278799057
10351,28,307,0.14983323216438293
10352,28,308,0.1460142582654953
10353,28,309,0.1482619345188141
10354,28,310,0.13805252313613892
10355,28,311,0.1266665905714035
10356,28,312,0.13482432067394257
10357,28,313,0.14610081911087036
10358,28,314,0.1317645162343979
10359,28,315,0.13116556406021118
10360,28,316,0.14681009948253632
10361,28,317,0.09566756337881088
10362,28,318,0.13312843441963196
10363,28,319,0.12495312094688416
10364,28,320,0.16876982152462006
10365,28,321,0.1660689264535904
10366,28,322,0.13374236226081848
10367,28,323,0.13378900289535522
10368,28,324,0.29684916138648987
10369,28,325,0.14019234478473663
10370,28,326,0.12304103374481201
10371,28,327,0.13769599795341492
10372,28,328,0.1314365714788437
10373,28,329,0.17702440917491913
10374,28,330,0.11136141419410706
10375,28,331,0.142213374376297
10376,28,332,0.12578439712524414
10377,28,333,0.1722826063632965
10378,28,334,0.11214350163936615
10379,28,335,0.12244103103876114
10380,28,336,0.10514992475509644
10381,28,337,0.12130813300609589
10382,28,338,0.12987695634365082
10383,28,339,0.16824708878993988
10384,28,340,0.10856521129608154
10385,28,341,0.13373076915740967
10386,28,342,0.12905175983905792
10387,28,343,0.13962231576442719
10388,28,344,0.14127089083194733
10389,28,345,0.13615405559539795
10390,28,346,0.132942333817482
10391,28,347,0.13956111669540405
10392,28,348,0.11329888552427292
10393,28,349,0.11664450168609619
10394,28,350,0.11857472360134125
10395,28,351,0.14409084618091583
10396,28,352,0.112923763692379
10397,28,353,0.14633707702159882
10398,28,354,0.12999798357486725
10399,28,355,0.16210047900676727
10400,28,356,0.14191658794879913
10401,28,357,0.15486204624176025
10402,28,358,0.1622508317232132
10403,28,359,0.12318628281354904
10404,28,360,0.11973868310451508
10405,28,361,0.15134373307228088
10406,28,362,0.12463346868753433
10407,28,363,0.21108882129192352
10408,28,364,0.14486877620220184
10409,28,365,0.1282949596643448
10410,28,366,0.14976705610752106
10411,28,367,0.1300106644630432
10412,28,368,0.12048295140266418
10413,28,369,0.12058363854885101
10414,28,370,0.14655251801013947
10415,28,371,0.16480880975723267
10416,28,372,0.15513408184051514
10417,29,1,0.15237794816493988
10418,29,2,0.09147190302610397
10419,29,3,0.13497644662857056
10420,29,4,0.146504208445549
10421,29,5,0.11492756754159927
10422,29,6,0.11209138482809067
10423,29,7,0.12644802033901215
10424,29,8,0.12340683490037918
10425,29,9,0.13672317564487457
10426,29,10,0.16252262890338898
10427,29,11,0.15629030764102936
10428,29,12,0.1462637037038803
10429,29,13,0.10601022839546204
10430,29,14,0.15456447005271912
10431,29,15,0.14435173571109772
10432,29,16,0.11508044600486755
10433,29,17,0.15971557796001434
10434,29,18,0.12795409560203552
10435,29,19,0.14114618301391602
10436,29,20,0.11560842394828796
10437,29,21,0.11407174170017242
10438,29,22,0.10943593084812164
10439,29,23,0.12191369384527206
10440,29,24,0.14132043719291687
10441,29,25,0.12894806265830994
10442,29,26,0.1494114249944687
10443,29,27,0.12109874188899994
10444,29,28,0.1490899622440338
10445,29,29,0.11066358536481857
10446,29,30,0.13840264081954956
10447,29,31,0.11432986706495285
10448,29,32,0.1445111334323883
10449,29,33,0.11260758340358734
10450,29,34,0.1250201314687729
10451,29,35,0.15574784576892853
10452,29,36,0.10794064402580261
10453,29,37,0.1439010053873062
10454,29,38,0.16375647485256195
10455,29,39,0.11776842176914215
10456,29,40,0.13107790052890778
10457,29,41,0.1620606929063797
10458,29,42,0.14500749111175537
10459,29,43,0.14554186165332794
10460,29,44,0.12437870353460312
10461,29,45,0.16916990280151367
10462,29,46,0.1580347716808319
10463,29,47,0.12972590327262878
10464,29,48,0.11516676843166351
10465,29,49,0.10310858488082886
10466,29,50,0.13413020968437195
10467,29,51,0.15850861370563507
10468,29,52,0.16337382793426514
10469,29,53,0.1078280359506607
10470,29,54,0.16434143483638763
10471,29,55,0.15275061130523682
10472,29,56,0.13646382093429565
10473,29,57,0.15312319993972778
10474,29,58,0.12176331132650375
10475,29,59,0.11668436229228973
10476,29,60,0.10617854446172714
10477,29,61,0.1926310956478119
10478,29,62,0.1507752239704132
10479,29,63,0.14800354838371277
10480,29,64,0.15580914914608002
10481,29,65,0.11262238025665283
10482,29,66,0.1171259805560112
10483,29,67,0.17060787975788116
10484,29,68,0.14759887754917145
10485,29,69,0.1451408863067627
10486,29,70,0.14002500474452972
10487,29,71,0.16217710077762604
10488,29,72,0.12881170213222504
10489,29,73,0.1405969113111496
10490,29,74,0.13936281204223633
10491,29,75,0.1294347643852234
10492,29,76,0.12635400891304016
10493,29,77,0.12652187049388885
10494,29,78,0.13894803822040558
10495,29,79,0.12101074308156967
10496,29,80,0.11707684397697449
10497,29,81,0.10561215132474899
10498,29,82,0.13041555881500244
10499,29,83,0.1384153962135315
10500,29,84,0.1171589270234108
10501,29,85,0.12257162481546402
10502,29,86,0.12559309601783752
10503,29,87,0.13080309331417084
10504,29,88,0.1600065529346466
10505,29,89,0.1424040049314499
10506,29,90,0.1209687739610672
10507,29,91,0.12175250053405762
10508,29,92,0.1548750102519989
10509,29,93,0.1846691220998764
10510,29,94,0.1148834228515625
10511,29,95,0.11381744593381882
10512,29,96,0.13829705119132996
10513,29,97,0.1114068329334259
10514,29,98,0.12411191314458847
10515,29,99,0.12350166589021683
10516,29,100,0.12280002981424332
10517,29,101,0.12687677145004272
10518,29,102,0.1724100559949875
10519,29,103,0.15665008127689362
10520,29,104,0.09886893630027771
10521,29,105,0.1751999408006668
10522,29,106,0.10937122255563736
10523,29,107,0.14421868324279785
10524,29,108,0.1074594184756279
10525,29,109,0.10739213973283768
10526,29,110,0.1040831208229065
10527,29,111,0.11056139320135117
10528,29,112,0.12424638867378235
10529,29,113,0.12216229736804962
10530,29,114,0.10528091341257095
10531,29,115,0.10776904970407486
10532,29,116,0.12260467559099197
10533,29,117,0.11776401847600937
10534,29,118,0.10740061104297638
10535,29,119,0.11154205352067947
10536,29,120,0.11210597306489944
10537,29,121,0.12508438527584076
10538,29,122,0.13213543593883514
10539,29,123,0.14479736983776093
10540,29,124,0.12526635825634003
10541,29,125,0.12212848663330078
10542,29,126,0.131623774766922
10543,29,127,0.12908323109149933
10544,29,128,0.21930287778377533
10545,29,129,0.120399609208107
10546,29,130,0.12981273233890533
10547,29,131,0.14278508722782135
10548,29,132,0.1159503385424614
10549,29,133,0.1303188055753708
10550,29,134,0.11959674954414368
10551,29,135,0.11852529644966125
10552,29,136,0.14683017134666443
10553,29,137,0.1569039523601532
10554,29,138,0.1315344274044037
10555,29,139,0.1118631511926651
10556,29,140,0.14369747042655945
10557,29,141,0.1660938709974289
10558,29,142,0.09507940709590912
10559,29,143,0.18179234862327576
10560,29,144,0.14885485172271729
10561,29,145,0.13781195878982544
10562,29,146,0.12653441727161407
10563,29,147,0.15165288746356964
10564,29,148,0.13651682436466217
10565,29,149,0.12011221051216125
10566,29,150,0.1611095368862152
10567,29,151,0.14670701324939728
10568,29,152,0.11789612472057343
10569,29,153,0.10858843475580215
10570,29,154,0.10186120122671127
10571,29,155,0.15147767961025238
10572,29,156,0.135609969496727
10573,29,157,0.20037691295146942
10574,29,158,0.10880672931671143
10575,29,159,0.15110166370868683
10576,29,160,0.17504803836345673
10577,29,161,0.10997141897678375
10578,29,162,0.12420661747455597
10579,29,163,0.17050284147262573
10580,29,164,0.10741294920444489
10581,29,165,0.15666359663009644
10582,29,166,0.12813116610050201
10583,29,167,0.1897512525320053
10584,29,168,0.11036155372858047
10585,29,169,0.11418388783931732
10586,29,170,0.11967278271913528
10587,29,171,0.1254727691411972
10588,29,172,0.20706342160701752
10589,29,173,0.14516086876392365
10590,29,174,0.138647198677063
10591,29,175,0.14370088279247284
10592,29,176,0.13721290230751038
10593,29,177,0.12486320734024048
10594,29,178,0.17978009581565857
10595,29,179,0.15712974965572357
10596,29,180,0.1106034591794014
10597,29,181,0.11605973541736603
10598,29,182,0.12245889753103256
10599,29,183,0.12928572297096252
10600,29,184,0.12063650786876678
10601,29,185,0.12931086122989655
10602,29,186,0.15653841197490692
10603,29,187,0.14415663480758667
10604,29,188,0.13515974581241608
10605,29,189,0.15173378586769104
10606,29,190,0.10833577066659927
10607,29,191,0.1385965198278427
10608,29,192,0.12413772195577621
10609,29,193,0.11604993045330048
10610,29,194,0.14682763814926147
10611,29,195,0.16108661890029907
10612,29,196,0.1305956393480301
10613,29,197,0.15721413493156433
10614,29,198,0.1251709908246994
10615,29,199,0.15436895191669464
10616,29,200,0.12530265748500824
10617,29,201,0.1420912742614746
10618,29,202,0.09814946353435516
10619,29,203,0.12872083485126495
10620,29,204,0.13648192584514618
10621,29,205,0.11336163431406021
10622,29,206,0.1621822714805603
10623,29,207,0.15030965209007263
10624,29,208,0.1509459763765335
10625,29,209,0.1297091692686081
10626,29,210,0.13418281078338623
10627,29,211,0.13381747901439667
10628,29,212,0.1671321988105774
10629,29,213,0.14516586065292358
10630,29,214,0.1464727222919464
10631,29,215,0.11918066442012787
10632,29,216,0.12798964977264404
10633,29,217,0.12164738029241562
10634,29,218,0.134150430560112
10635,29,219,0.11783484369516373
10636,29,220,0.12545159459114075
10637,29,221,0.13511237502098083
10638,29,222,0.1202295795083046
10639,29,223,0.15421107411384583
10640,29,224,0.1449505239725113
10641,29,225,0.14319585263729095
10642,29,226,0.09563174098730087
10643,29,227,0.22240786254405975
10644,29,228,0.12782083451747894
10645,29,229,0.13632427155971527
10646,29,230,0.13535520434379578
10647,29,231,0.11847752332687378
10648,29,232,0.11214599013328552
10649,29,233,0.17472508549690247
10650,29,234,0.10960771143436432
10651,29,235,0.10090970993041992
10652,29,236,0.13483712077140808
10653,29,237,0.15722832083702087
10654,29,238,0.12699156999588013
10655,29,239,0.1022377759218216
10656,29,240,0.14961181581020355
10657,29,241,0.10014282166957855
10658,29,242,0.12226422131061554
10659,29,243,0.12361563742160797
10660,29,244,0.14188311994075775
10661,29,245,0.1478666067123413
10662,29,246,0.12479838728904724
10663,29,247,0.1396055966615677
10664,29,248,0.15573544800281525
10665,29,249,0.16380155086517334
10666,29,250,0.11360636353492737
10667,29,251,0.12653446197509766
10668,29,252,0.16827978193759918
10669,29,253,0.14312000572681427
10670,29,254,0.17693081498146057
10671,29,255,0.14617624878883362
10672,29,256,0.16134414076805115
10673,29,257,0.10543935745954514
10674,29,258,0.10949712991714478
10675,29,259,0.12763503193855286
10676,29,260,0.12912429869174957
10677,29,261,0.14161579310894012
10678,29,262,0.15787343680858612
10679,29,263,0.12160234153270721
10680,29,264,0.16839471459388733
10681,29,265,0.10212215036153793
10682,29,266,0.12735490500926971
10683,29,267,0.168756902217865
10684,29,268,0.12622201442718506
10685,29,269,0.12455177307128906
10686,29,270,0.08594094961881638
10687,29,271,0.16555632650852203
10688,29,272,0.1316356658935547
10689,29,273,0.14744094014167786
10690,29,274,0.11236482113599777
10691,29,275,0.10202347487211227
10692,29,276,0.1394122689962387
10693,29,277,0.21918055415153503
10694,29,278,0.125304713845253
10695,29,279,0.15156623721122742
10696,29,280,0.1190338060259819
10697,29,281,0.14754852652549744
10698,29,282,0.1219114139676094
10699,29,283,0.14814116060733795
10700,29,284,0.2608681917190552
10701,29,285,0.11699728667736053
10702,29,286,0.10769554227590561
10703,29,287,0.14937637746334076
10704,29,288,0.12279658019542694
10705,29,289,0.1372845619916916
10706,29,290,0.1505834013223648
10707,29,291,0.11959100514650345
10708,29,292,0.13828693330287933
10709,29,293,0.15998154878616333
10710,29,294,0.17718413472175598
10711,29,295,0.15693244338035583
10712,29,296,0.09270574152469635
10713,29,297,0.13732624053955078
10714,29,298,0.1537427008152008
10715,29,299,0.13953574001789093
10716,29,300,0.14096377789974213
10717,29,301,0.13299153745174408
10718,29,302,0.14045992493629456
10719,29,303,0.12681204080581665
10720,29,304,0.13819502294063568
10721,29,305,0.12091610580682755
10722,29,306,0.119072325527668
10723,29,307,0.14001186192035675
10724,29,308,0.11102305352687836
10725,29,309,0.1512899547815323
10726,29,310,0.10263026505708694
10727,29,311,0.14687326550483704
10728,29,312,0.13867664337158203
10729,29,313,0.1284787803888321
10730,29,314,0.11121643334627151
10731,29,315,0.14365781843662262
10732,29,316,0.11533071845769882
10733,29,317,0.1392114907503128
10734,29,318,0.1357247233390808
10735,29,319,0.13481037318706512
10736,29,320,0.1201191395521164
10737,29,321,0.10173360258340836
10738,29,322,0.1321984976530075
10739,29,323,0.09711190313100815
10740,29,324,0.14313843846321106
10741,29,325,0.10744813829660416
10742,29,326,0.10849873721599579
10743,29,327,0.2877868413925171
10744,29,328,0.13000580668449402
10745,29,329,0.14022640883922577
10746,29,330,0.12105877697467804
10747,29,331,0.15423929691314697
10748,29,332,0.15314330160617828
10749,29,333,0.11597218364477158
10750,29,334,0.133742094039917
10751,29,335,0.14172081649303436
10752,29,336,0.14653398096561432
10753,29,337,0.14381007850170135
10754,29,338,0.15408340096473694
10755,29,339,0.1372952163219452
10756,29,340,0.10813779383897781
10757,29,341,0.19393888115882874
10758,29,342,0.3787623643875122
10759,29,343,0.12671507894992828
10760,29,344,0.11847582459449768
10761,29,345,0.11297589540481567
10762,29,346,0.1563614159822464
10763,29,347,0.14232055842876434
10764,29,348,0.1465131789445877
10765,29,349,0.1656220406293869
10766,29,350,0.11662861704826355
10767,29,351,0.17151542007923126
10768,29,352,0.15954409539699554
10769,29,353,0.16884246468544006
10770,29,354,0.10037937015295029
10771,29,355,0.23922379314899445
10772,29,356,0.14135462045669556
10773,29,357,0.1718074232339859
10774,29,358,0.1533849984407425
10775,29,359,0.16772103309631348
10776,29,360,0.13117463886737823
10777,29,361,0.12327693402767181
10778,29,362,0.14879237115383148
10779,29,363,0.10113367438316345
10780,29,364,0.13764528930187225
10781,29,365,0.15211616456508636
10782,29,366,0.14469365775585175
10783,29,367,0.10733073204755783
10784,29,368,0.1409328728914261
10785,29,369,0.1106756255030632
10786,29,370,0.17638172209262848
10787,29,371,0.16477829217910767
10788,29,372,0.11568906903266907
10789,30,1,0.12556926906108856
10790,30,2,0.10085248947143555
10791,30,3,0.16160666942596436
10792,30,4,0.10645714402198792
10793,30,5,0.19776539504528046
10794,30,6,0.14381395280361176
10795,30,7,0.1357140690088272
10796,30,8,0.13080671429634094
10797,30,9,0.13907362520694733
10798,30,10,0.11371174454689026
10799,30,11,0.12085181474685669
10800,30,12,0.12498645484447479
10801,30,13,0.09643735736608505
10802,30,14,0.13265231251716614
10803,30,15,0.12490741908550262
10804,30,16,0.1114843562245369
10805,30,17,0.1351628601551056
10806,30,18,0.1464436650276184
10807,30,19,0.1363006830215454
10808,30,20,0.13970135152339935
10809,30,21,0.09532172232866287
10810,30,22,0.11988914012908936
10811,30,23,0.18021805584430695
10812,30,24,0.14007233083248138
10813,30,25,0.13877302408218384
10814,30,26,0.11992033571004868
10815,30,27,0.14473165571689606
10816,30,28,0.10645568370819092
10817,30,29,0.12980981171131134
10818,30,30,0.1162528544664383
10819,30,31,0.13004356622695923
10820,30,32,0.08709771186113358
10821,30,33,0.1367327868938446
10822,30,34,0.14672617614269257
10823,30,35,0.11359241604804993
10824,30,36,0.14592161774635315
10825,30,37,0.12602001428604126
10826,30,38,0.1436038762331009
10827,30,39,0.15623769164085388
10828,30,40,0.13288895785808563
10829,30,41,0.10702243447303772
10830,30,42,0.11663775146007538
10831,30,43,0.1349009871482849
10832,30,44,0.13269343972206116
10833,30,45,0.12590795755386353
10834,30,46,0.11710122972726822
10835,30,47,0.09289707243442535
10836,30,48,0.12610380351543427
10837,30,49,0.13287602365016937
10838,30,50,0.13958871364593506
10839,30,51,0.16176894307136536
10840,30,52,0.11624854803085327
10841,30,53,0.11294583231210709
10842,30,54,0.22135140001773834
10843,30,55,0.14444845914840698
10844,30,56,0.14999203383922577
10845,30,57,0.23279573023319244
10846,30,58,0.1409834325313568
10847,30,59,0.2077130675315857
10848,30,60,0.13779966533184052
10849,30,61,0.17914117872714996
10850,30,62,0.14279203116893768
10851,30,63,0.12616044282913208
10852,30,64,0.15305115282535553
10853,30,65,0.14473630487918854
10854,30,66,0.18468625843524933
10855,30,67,0.14827142655849457
10856,30,68,0.129954531788826
10857,30,69,0.13147586584091187
10858,30,70,0.144077867269516
10859,30,71,0.1520291417837143
10860,30,72,0.1342928558588028
10861,30,73,0.5090274214744568
10862,30,74,0.14838020503520966
10863,30,75,0.13689476251602173
10864,30,76,0.17751793563365936
10865,30,77,0.15990397334098816
10866,30,78,0.1796002984046936
10867,30,79,0.15446259081363678
10868,30,80,0.12945657968521118
10869,30,81,0.13084112107753754
10870,30,82,0.13155274093151093
10871,30,83,0.13074803352355957
10872,30,84,0.13854670524597168
10873,30,85,0.12851382791996002
10874,30,86,0.12545038759708405
10875,30,87,0.2163565307855606
10876,30,88,0.10887601226568222
10877,30,89,0.14837577939033508
10878,30,90,0.19320988655090332
10879,30,91,0.14009614288806915
10880,30,92,0.16341230273246765
10881,30,93,0.1246783584356308
10882,30,94,0.136748805642128
10883,30,95,0.13474607467651367
10884,30,96,0.1693752110004425
10885,30,97,0.18256604671478271
10886,30,98,0.11508137732744217
10887,30,99,0.10636690258979797
10888,30,100,0.17280346155166626
10889,30,101,0.129151850938797
10890,30,102,0.13483496010303497
10891,30,103,0.11465395241975784
10892,30,104,0.14157967269420624
10893,30,105,0.14647887647151947
10894,30,106,0.14551693201065063
10895,30,107,0.13271920382976532
10896,30,108,0.17286978662014008
10897,30,109,0.12988118827342987
10898,30,110,0.20289921760559082
10899,30,111,0.1657649129629135
10900,30,112,0.15119031071662903
10901,30,113,0.12576957046985626
10902,30,114,0.11806119978427887
10903,30,115,0.12192738056182861
10904,30,116,0.1886097490787506
10905,30,117,0.12480361759662628
10906,30,118,0.10177784413099289
10907,30,119,0.14290660619735718
10908,30,120,0.1757541000843048
10909,30,121,0.13236398994922638
10910,30,122,0.09471342712640762
10911,30,123,0.13076797127723694
10912,30,124,0.12248077243566513
10913,30,125,0.11643710732460022
10914,30,126,0.13152356445789337
10915,30,127,0.12923958897590637
10916,30,128,0.15961706638336182
10917,30,129,0.2248833179473877
10918,30,130,0.11937456578016281
10919,30,131,0.1289067268371582
10920,30,132,0.12614738941192627
10921,30,133,0.10201224684715271
10922,30,134,0.12845249474048615
10923,30,135,0.13040751218795776
10924,30,136,0.14071498811244965
10925,30,137,0.13120196759700775
10926,30,138,0.15232102572917938
10927,30,139,0.16958223283290863
10928,30,140,0.14977769553661346
10929,30,141,0.20507055521011353
10930,30,142,0.1391994059085846
10931,30,143,0.1469801664352417
10932,30,144,0.11665967851877213
10933,30,145,0.15182286500930786
10934,30,146,0.1475689709186554
10935,30,147,0.12915799021720886
10936,30,148,0.14597687125205994
10937,30,149,0.15703743696212769
10938,30,150,0.13293802738189697
10939,30,151,0.16082823276519775
10940,30,152,0.15612123906612396
10941,30,153,0.13097068667411804
10942,30,154,0.1325882524251938
10943,30,155,0.13561539351940155
10944,30,156,0.11211660504341125
10945,30,157,0.14415831863880157
10946,30,158,0.11468067020177841
10947,30,159,0.13412347435951233
10948,30,160,0.12242148816585541
10949,30,161,0.14177261292934418
10950,30,162,0.14123724400997162
10951,30,163,0.12829086184501648
10952,30,164,0.13959620893001556
10953,30,165,0.14909346401691437
10954,30,166,0.12495101988315582
10955,30,167,0.12891940772533417
10956,30,168,0.1334993690252304
10957,30,169,0.13535456359386444
10958,30,170,0.1631457656621933
10959,30,171,0.1692962348461151
10960,30,172,0.15050961077213287
10961,30,173,0.13928000628948212
10962,30,174,0.12608183920383453
10963,30,175,0.14538556337356567
10964,30,176,0.12308047711849213
10965,30,177,0.10496417433023453
10966,30,178,0.13324490189552307
10967,30,179,0.11730504035949707
10968,30,180,0.15437434613704681
10969,30,181,0.12124718725681305
10970,30,182,0.14337173104286194
10971,30,183,0.12568458914756775
10972,30,184,0.1311989277601242
10973,30,185,0.16486069560050964
10974,30,186,0.1545598804950714
10975,30,187,0.15416869521141052
10976,30,188,0.122397780418396
10977,30,189,0.12313078343868256
10978,30,190,0.13532835245132446
10979,30,191,0.17790624499320984
10980,30,192,0.15058211982250214
10981,30,193,0.12435665726661682
10982,30,194,0.15729330480098724
10983,30,195,0.14490176737308502
10984,30,196,0.13683778047561646
10985,30,197,0.1479468047618866
10986,30,198,0.13142363727092743
10987,30,199,0.1399557739496231
10988,30,200,0.14494585990905762
10989,30,201,0.11854436993598938
10990,30,202,0.161115363240242
10991,30,203,0.1176164448261261
10992,30,204,0.14698587357997894
10993,30,205,0.11420539766550064
10994,30,206,0.13844425976276398
10995,30,207,0.13554930686950684
10996,30,208,0.10727265477180481
10997,30,209,0.12419094145298004
10998,30,210,0.12322234362363815
10999,30,211,0.10329543054103851
11000,30,212,0.13981200754642487
11001,30,213,0.13522203266620636
11002,30,214,0.11278577148914337
11003,30,215,0.14150694012641907
11004,30,216,0.12158776074647903
11005,30,217,0.11386744678020477
11006,30,218,0.1594603955745697
11007,30,219,0.11985766887664795
11008,30,220,0.22645340859889984
11009,30,221,0.12651751935482025
11010,30,222,0.20809316635131836
11011,30,223,0.12682367861270905
11012,30,224,0.12641462683677673
11013,30,225,0.14212733507156372
11014,30,226,0.11389611661434174
11015,30,227,0.15039971470832825
11016,30,228,0.14621074497699738
11017,30,229,0.1288454830646515
11018,30,230,0.1373034417629242
11019,30,231,0.13691239058971405
11020,30,232,0.1927574872970581
11021,30,233,0.19836315512657166
11022,30,234,0.1315992772579193
11023,30,235,0.10814683139324188
11024,30,236,0.14283163845539093
11025,30,237,0.11662272363901138
11026,30,238,0.13772404193878174
11027,30,239,0.10655664652585983
11028,30,240,0.15735448896884918
11029,30,241,0.10791521519422531
11030,30,242,0.11017770320177078
11031,30,243,0.14556679129600525
11032,30,244,0.11498337984085083
11033,30,245,0.14313262701034546
11034,30,246,0.13861671090126038
11035,30,247,0.11399692296981812
11036,30,248,0.13653919100761414
11037,30,249,0.135362446308136
11038,30,250,0.15074926614761353
11039,30,251,0.11016237735748291
11040,30,252,0.12923143804073334
11041,30,253,0.11971390247344971
11042,30,254,0.09600541740655899
11043,30,255,0.10809043794870377
11044,30,256,0.16178224980831146
11045,30,257,0.13310681283473969
11046,30,258,0.1433408558368683
11047,30,259,0.10925712436437607
11048,30,260,0.13771748542785645
11049,30,261,0.11365561187267303
11050,30,262,0.14028087258338928
11051,30,263,0.13415560126304626
11052,30,264,0.1088196411728859
11053,30,265,0.13981501758098602
11054,30,266,0.12382036447525024
11055,30,267,0.10053576529026031
11056,30,268,0.14008828997612
11057,30,269,0.14011599123477936
11058,30,270,0.11489799618721008
11059,30,271,0.10735073685646057
11060,30,272,0.10187306255102158
11061,30,273,0.14857511222362518
11062,30,274,0.1725771427154541
11063,30,275,0.13711784780025482
11064,30,276,0.1321067065000534
11065,30,277,0.13030396401882172
11066,30,278,0.1330939531326294
11067,30,279,0.15561427175998688
11068,30,280,0.1343616396188736
11069,30,281,0.13147196173667908
11070,30,282,0.12608329951763153
11071,30,283,0.12820906937122345
11072,30,284,0.15279439091682434
11073,30,285,0.15402846038341522
11074,30,286,0.1502593755722046
11075,30,287,0.12096569687128067
11076,30,288,0.13799385726451874
11077,30,289,0.1685083955526352
11078,30,290,0.15375924110412598
11079,30,291,0.0966341570019722
11080,30,292,0.13124078512191772
11081,30,293,0.13860483467578888
11082,30,294,0.1673252433538437
11083,30,295,0.16756980121135712
11084,30,296,0.11370030045509338
11085,30,297,0.15566669404506683
11086,30,298,0.1382768154144287
11087,30,299,0.10506180673837662
11088,30,300,0.13028484582901
11089,30,301,0.17542006075382233
11090,30,302,0.15205495059490204
11091,30,303,0.1711088865995407
11092,30,304,0.14372503757476807
11093,30,305,0.1646796315908432
11094,30,306,0.12995846569538116
11095,30,307,0.14400413632392883
11096,30,308,0.14579379558563232
11097,30,309,0.12149019539356232
11098,30,310,0.11183042079210281
11099,30,311,0.15878304839134216
11100,30,312,0.1604890376329422
11101,30,313,0.11738061904907227
11102,30,314,0.19714251160621643
11103,30,315,0.1429847776889801
11104,30,316,0.1474284529685974
11105,30,317,0.09558626264333725
11106,30,318,0.22014012932777405
11107,30,319,0.11681186407804489
11108,30,320,0.1354629248380661
11109,30,321,0.1459241807460785
11110,30,322,0.1297171264886856
11111,30,323,0.11300652474164963
11112,30,324,0.1266266256570816
11113,30,325,0.11593946069478989
11114,30,326,0.16878864169120789
11115,30,327,0.13532553613185883
11116,30,328,0.14718501269817352
11117,30,329,0.09596797823905945
11118,30,330,0.10677396506071091
11119,30,331,0.11713280528783798
11120,30,332,0.11922481656074524
11121,30,333,0.1224825382232666
11122,30,334,0.1404825896024704
11123,30,335,0.11875299364328384
11124,30,336,0.1384240835905075
11125,30,337,0.1473998725414276
11126,30,338,0.1361127346754074
11127,30,339,0.13037243485450745
11128,30,340,0.15118126571178436
11129,30,341,0.148318812251091
11130,30,342,0.1592395305633545
11131,30,343,0.11259257793426514
11132,30,344,0.11032963544130325
11133,30,345,0.12128636986017227
11134,30,346,0.10908877104520798
11135,30,347,0.1364152431488037
11136,30,348,0.11944606155157089
11137,30,349,0.1571517288684845
11138,30,350,0.17367802560329437
11139,30,351,0.15507489442825317
11140,30,352,0.13531197607517242
11141,30,353,0.19678327441215515
11142,30,354,0.12970909476280212
11143,30,355,0.11927848309278488
11144,30,356,0.15057052671909332
11145,30,357,0.14697596430778503
11146,30,358,0.13468340039253235
11147,30,359,0.11797629296779633
11148,30,360,0.10227371752262115
11149,30,361,0.10764116048812866
11150,30,362,0.13777633011341095
11151,30,363,0.1430104374885559
11152,30,364,0.16707153618335724
11153,30,365,0.1510460525751114
11154,30,366,0.13825686275959015
11155,30,367,0.13096843659877777
11156,30,368,0.1379813402891159
11157,30,369,0.14651474356651306
11158,30,370,0.13167352974414825
11159,30,371,0.12297546863555908
11160,30,372,0.12158653140068054
