global_step,epoch,batch,train_loss
1,1,1,3.2908241748809814
2,1,2,3.170535087585449
3,1,3,3.0993094444274902
4,1,4,3.004793643951416
5,1,5,2.9770169258117676
6,1,6,3.0028624534606934
7,1,7,2.8538436889648438
8,1,8,2.8101935386657715
9,1,9,2.77703595161438
10,1,10,2.7041609287261963
11,1,11,2.725090503692627
12,1,12,2.6699576377868652
13,1,13,2.5920639038085938
14,1,14,2.6124348640441895
15,1,15,2.5675435066223145
16,1,16,2.6041789054870605
17,1,17,2.5435023307800293
18,1,18,2.4922876358032227
19,1,19,2.479719638824463
20,1,20,2.461470603942871
21,1,21,2.50620436668396
22,1,22,2.4360556602478027
23,1,23,2.410526990890503
24,1,24,2.362844944000244
25,1,25,2.5112531185150146
26,1,26,2.447445869445801
27,1,27,2.395292043685913
28,1,28,2.2912304401397705
29,1,29,2.350080966949463
30,1,30,2.3538355827331543
31,1,31,2.393594980239868
32,1,32,2.3019485473632812
33,1,33,2.2885961532592773
34,1,34,2.3571879863739014
35,1,35,2.2670578956604004
36,1,36,2.274447441101074
37,1,37,2.3157780170440674
38,1,38,2.301154613494873
39,1,39,2.243826389312744
40,1,40,2.3356547355651855
41,1,41,2.381225109100342
42,1,42,2.266328811645508
43,1,43,2.3367044925689697
44,1,44,2.2720446586608887
45,1,45,2.2866504192352295
46,1,46,2.205108165740967
47,1,47,2.1928608417510986
48,1,48,2.199815511703491
49,1,49,2.10105037689209
50,1,50,2.181018114089966
51,1,51,2.1961257457733154
52,1,52,2.2891132831573486
53,1,53,2.2677342891693115
54,1,54,2.1298956871032715
55,1,55,2.264824390411377
56,1,56,2.2316269874572754
57,1,57,2.281773328781128
58,1,58,2.1123337745666504
59,1,59,2.217526912689209
60,1,60,2.150334358215332
61,1,61,2.1254427433013916
62,1,62,2.3117401599884033
63,1,63,2.078947067260742
64,1,64,2.2085518836975098
65,1,65,2.2053301334381104
66,1,66,2.0909650325775146
67,1,67,2.0349369049072266
68,1,68,2.1132869720458984
69,1,69,2.0805962085723877
70,1,70,2.0790822505950928
71,1,71,2.0936713218688965
72,1,72,2.077374219894409
73,1,73,2.2106335163116455
74,1,74,2.0468592643737793
75,1,75,2.0185885429382324
76,1,76,2.075864315032959
77,1,77,2.0767464637756348
78,1,78,2.095970869064331
79,1,79,2.077436685562134
80,1,80,2.0286853313446045
81,1,81,2.0795016288757324
82,1,82,2.0331621170043945
83,1,83,2.0470433235168457
84,1,84,1.9816278219223022
85,1,85,2.0210976600646973
86,1,86,2.0590896606445312
87,1,87,1.9862515926361084
88,1,88,2.006953477859497
89,1,89,2.0314769744873047
90,1,90,1.9787737131118774
91,1,91,1.9401872158050537
92,1,92,2.0617196559906006
93,1,93,1.9867677688598633
94,1,94,1.9880294799804688
95,1,95,2.020080089569092
96,1,96,1.969923973083496
97,1,97,2.0998013019561768
98,1,98,1.953539490699768
99,1,99,1.972812294960022
100,1,100,1.9702022075653076
101,1,101,1.974321722984314
102,1,102,1.9641364812850952
103,1,103,1.9540071487426758
104,1,104,2.0731070041656494
105,1,105,1.9515676498413086
106,1,106,1.884783148765564
107,1,107,1.9636433124542236
108,1,108,1.9351962804794312
109,1,109,1.94870924949646
110,1,110,1.929955244064331
111,1,111,1.8828556537628174
112,1,112,2.0277278423309326
113,1,113,1.8561941385269165
114,1,114,1.969506025314331
115,1,115,1.856405258178711
116,1,116,2.017427921295166
117,1,117,1.9417804479599
118,1,118,1.9942309856414795
119,1,119,1.9475895166397095
120,1,120,1.956602692604065
121,1,121,1.8748176097869873
122,1,122,1.8564449548721313
123,1,123,1.9207404851913452
124,1,124,1.8859971761703491
125,1,125,1.8362334966659546
126,1,126,1.9193633794784546
127,1,127,1.9627262353897095
128,1,128,1.822485327720642
129,1,129,2.038723945617676
130,1,130,1.8727385997772217
131,1,131,1.9480655193328857
132,1,132,1.9191453456878662
133,1,133,1.9172756671905518
134,1,134,1.9461005926132202
135,1,135,1.9113495349884033
136,1,136,1.8450877666473389
137,1,137,1.8756049871444702
138,1,138,1.9434150457382202
139,1,139,1.8784112930297852
140,1,140,1.9031174182891846
141,1,141,1.813841462135315
142,1,142,1.873403787612915
143,1,143,1.8597129583358765
144,1,144,1.8225982189178467
145,1,145,1.9063457250595093
146,1,146,1.8941810131072998
147,1,147,1.8987184762954712
148,1,148,1.8555166721343994
149,1,149,1.8074977397918701
150,1,150,1.8443092107772827
151,1,151,1.7373615503311157
152,1,152,1.7876732349395752
153,1,153,1.8695787191390991
154,1,154,1.810880422592163
155,1,155,1.8797916173934937
156,1,156,1.921051263809204
157,1,157,1.844630241394043
158,1,158,1.7891277074813843
159,1,159,1.795437216758728
160,1,160,1.9729197025299072
161,1,161,1.8709337711334229
162,1,162,1.833322286605835
163,1,163,1.8272705078125
164,1,164,1.8152036666870117
165,1,165,1.8584203720092773
166,1,166,1.8288671970367432
167,1,167,1.7685197591781616
168,1,168,1.8138720989227295
169,1,169,1.7530114650726318
170,1,170,1.8247346878051758
171,1,171,1.8687041997909546
172,1,172,1.78634512424469
173,1,173,1.8107149600982666
174,1,174,1.7794450521469116
175,1,175,1.7946960926055908
176,1,176,1.7762807607650757
177,1,177,1.7274010181427002
178,1,178,1.7822048664093018
179,1,179,1.8147941827774048
180,1,180,1.772634506225586
181,1,181,1.7348331212997437
182,1,182,1.7519947290420532
183,1,183,1.7520968914031982
184,1,184,1.7336032390594482
185,1,185,1.7732172012329102
186,1,186,1.735184907913208
187,1,187,1.802255630493164
188,1,188,1.767852544784546
189,1,189,1.7365944385528564
190,1,190,1.7805163860321045
191,1,191,1.695383071899414
192,1,192,1.7486778497695923
193,1,193,1.7948379516601562
194,1,194,1.9041553735733032
195,1,195,1.8365809917449951
196,1,196,1.7389558553695679
197,1,197,1.7417017221450806
198,1,198,1.7891833782196045
199,1,199,1.7425349950790405
200,1,200,1.7058147192001343
201,1,201,1.7803913354873657
202,1,202,1.7123820781707764
203,1,203,1.7117385864257812
204,1,204,1.7512235641479492
205,1,205,1.7673717737197876
206,1,206,1.7485071420669556
207,1,207,1.9236338138580322
208,1,208,1.739502191543579
209,1,209,1.6895420551300049
210,1,210,1.6489171981811523
211,1,211,1.6942083835601807
212,1,212,1.6861625909805298
213,1,213,1.6704704761505127
214,1,214,1.714468240737915
215,1,215,1.6528825759887695
216,1,216,1.6804075241088867
217,1,217,1.7615487575531006
218,1,218,1.6534961462020874
219,1,219,1.6944351196289062
220,1,220,1.760719895362854
221,1,221,1.689040184020996
222,1,222,1.6768503189086914
223,1,223,1.7011255025863647
224,1,224,1.6276788711547852
225,1,225,1.9044536352157593
226,1,226,1.6673698425292969
227,1,227,1.8179292678833008
228,1,228,1.6851682662963867
229,1,229,1.722334623336792
230,1,230,1.7332286834716797
231,1,231,1.617308259010315
232,1,232,1.7679853439331055
233,1,233,1.666741967201233
234,1,234,1.6581443548202515
235,1,235,1.6960252523422241
236,1,236,1.6475846767425537
237,1,237,1.6592884063720703
238,1,238,1.6142266988754272
239,1,239,1.6975326538085938
240,1,240,1.6150293350219727
241,1,241,1.7100813388824463
242,1,242,1.5992895364761353
243,1,243,1.627801537513733
244,1,244,1.6192121505737305
245,1,245,1.5616689920425415
246,1,246,1.6548900604248047
247,1,247,1.5931462049484253
248,1,248,1.6480367183685303
249,1,249,1.582608938217163
250,1,250,1.6095632314682007
251,1,251,1.6869264841079712
252,1,252,1.608934998512268
253,1,253,1.656092882156372
254,1,254,1.5679199695587158
255,1,255,1.5974209308624268
256,1,256,1.5374466180801392
257,1,257,1.639953851699829
258,1,258,1.639545202255249
259,1,259,1.6184450387954712
260,1,260,1.6234092712402344
261,1,261,1.5804665088653564
262,1,262,1.6129944324493408
263,1,263,1.5585191249847412
264,1,264,1.5727741718292236
265,1,265,1.561409592628479
266,1,266,1.6191364526748657
267,1,267,1.5699889659881592
268,1,268,1.5799238681793213
269,1,269,1.5521435737609863
270,1,270,1.5524717569351196
271,1,271,1.5831853151321411
272,1,272,1.6178086996078491
273,1,273,1.5705163478851318
274,1,274,1.535428762435913
275,1,275,1.5034995079040527
276,1,276,1.5757019519805908
277,1,277,1.5218870639801025
278,1,278,1.5551658868789673
279,1,279,1.637550711631775
280,1,280,1.5125409364700317
281,1,281,1.6285215616226196
282,1,282,1.5757386684417725
283,1,283,1.541723370552063
284,1,284,1.638944387435913
285,1,285,1.5380476713180542
286,1,286,1.5278106927871704
287,1,287,1.5149924755096436
288,1,288,1.5460937023162842
289,1,289,1.5922549962997437
290,1,290,1.6247447729110718
291,1,291,1.5686960220336914
292,1,292,1.5623613595962524
293,1,293,1.5421522855758667
294,1,294,1.5552241802215576
295,1,295,1.5168404579162598
296,1,296,1.53885018825531
297,1,297,1.4774706363677979
298,1,298,1.5654816627502441
299,1,299,1.5594414472579956
300,1,300,1.5470219850540161
301,1,301,1.4419591426849365
302,1,302,1.536625623703003
303,1,303,1.5719131231307983
304,1,304,1.5204185247421265
305,1,305,1.5180691480636597
306,1,306,1.4595947265625
307,1,307,1.4746381044387817
308,1,308,1.5354979038238525
309,1,309,1.541353702545166
310,1,310,1.4987237453460693
311,1,311,1.5186375379562378
312,1,312,1.4960834980010986
313,1,313,1.4806125164031982
314,1,314,1.5912761688232422
315,1,315,1.5237019062042236
316,1,316,1.4873640537261963
317,1,317,1.4786978960037231
318,1,318,1.5981076955795288
319,1,319,1.5146342515945435
320,1,320,1.4308490753173828
321,1,321,1.4950155019760132
322,1,322,1.54325532913208
323,1,323,1.4942142963409424
324,1,324,1.5367790460586548
325,1,325,1.461464762687683
326,1,326,1.4341624975204468
327,1,327,1.4837734699249268
328,1,328,1.6833245754241943
329,1,329,1.4819772243499756
330,1,330,1.494173288345337
331,1,331,1.4392576217651367
332,1,332,1.44931161403656
333,1,333,1.4433526992797852
334,1,334,1.441877841949463
335,1,335,1.4135291576385498
336,1,336,1.5148028135299683
337,1,337,1.5018751621246338
338,1,338,1.46748948097229
339,1,339,1.628127098083496
340,1,340,1.3970824480056763
341,1,341,1.4550092220306396
342,1,342,1.4569824934005737
343,1,343,1.471524715423584
344,1,344,1.4298092126846313
345,1,345,1.402753472328186
346,1,346,1.3754682540893555
347,1,347,1.5732688903808594
348,1,348,1.4246585369110107
349,1,349,1.4679464101791382
350,1,350,1.415902853012085
351,1,351,1.3445327281951904
352,1,352,1.4111077785491943
353,1,353,1.4747984409332275
354,1,354,1.4071128368377686
355,1,355,1.592747688293457
356,1,356,1.4090784788131714
357,1,357,1.4116407632827759
358,1,358,1.4521558284759521
359,1,359,1.3758766651153564
360,1,360,1.434272050857544
361,1,361,1.3636411428451538
362,1,362,1.4138953685760498
363,1,363,1.3882325887680054
364,1,364,1.518311619758606
365,1,365,1.4645845890045166
366,1,366,1.3941539525985718
367,1,367,1.3890451192855835
368,1,368,1.3263609409332275
369,1,369,1.3836817741394043
370,1,370,1.3742434978485107
371,1,371,1.4100372791290283
372,1,372,1.5615253448486328
373,2,1,1.425850510597229
374,2,2,1.3635246753692627
375,2,3,1.321718454360962
376,2,4,1.3770501613616943
377,2,5,1.3321141004562378
378,2,6,1.3446574211120605
379,2,7,1.321557879447937
380,2,8,1.4142547845840454
381,2,9,1.3395668268203735
382,2,10,1.3930565118789673
383,2,11,1.3757884502410889
384,2,12,1.367938756942749
385,2,13,1.359092354774475
386,2,14,1.3549606800079346
387,2,15,1.388267993927002
388,2,16,1.3342785835266113
389,2,17,1.2968909740447998
390,2,18,1.3383408784866333
391,2,19,1.3678115606307983
392,2,20,1.4835693836212158
393,2,21,1.3523693084716797
394,2,22,1.3209227323532104
395,2,23,1.3480257987976074
396,2,24,1.4489614963531494
397,2,25,1.3339625597000122
398,2,26,1.3356914520263672
399,2,27,1.4039677381515503
400,2,28,1.3114899396896362
401,2,29,1.3162174224853516
402,2,30,1.285007357597351
403,2,31,1.3850136995315552
404,2,32,1.3027899265289307
405,2,33,1.3245632648468018
406,2,34,1.335140585899353
407,2,35,1.3109652996063232
408,2,36,1.332995891571045
409,2,37,1.2995307445526123
410,2,38,1.3569979667663574
411,2,39,1.328546404838562
412,2,40,1.3360376358032227
413,2,41,1.3058091402053833
414,2,42,1.3479044437408447
415,2,43,1.3684945106506348
416,2,44,1.2510898113250732
417,2,45,1.2894432544708252
418,2,46,1.2459356784820557
419,2,47,1.3247101306915283
420,2,48,1.2401773929595947
421,2,49,1.2222211360931396
422,2,50,1.3127690553665161
423,2,51,1.248539686203003
424,2,52,1.3535277843475342
425,2,53,1.3677403926849365
426,2,54,1.293752908706665
427,2,55,1.2811901569366455
428,2,56,1.2711652517318726
429,2,57,1.3048069477081299
430,2,58,1.3140816688537598
431,2,59,1.3115439414978027
432,2,60,1.3008549213409424
433,2,61,1.3032904863357544
434,2,62,1.238700032234192
435,2,63,1.2888062000274658
436,2,64,1.2984493970870972
437,2,65,1.3338176012039185
438,2,66,1.3088748455047607
439,2,67,1.2786513566970825
440,2,68,1.278291940689087
441,2,69,1.2870107889175415
442,2,70,1.3132126331329346
443,2,71,1.2648924589157104
444,2,72,1.2187573909759521
445,2,73,1.2759827375411987
446,2,74,1.20500910282135
447,2,75,1.25532066822052
448,2,76,1.1986229419708252
449,2,77,1.2563385963439941
450,2,78,1.346930742263794
451,2,79,1.2166509628295898
452,2,80,1.2445495128631592
453,2,81,1.525910496711731
454,2,82,1.2352803945541382
455,2,83,1.1942927837371826
456,2,84,1.200364589691162
457,2,85,1.2370411157608032
458,2,86,1.2959760427474976
459,2,87,1.1761596202850342
460,2,88,1.250633955001831
461,2,89,1.3071978092193604
462,2,90,1.2711155414581299
463,2,91,1.2164976596832275
464,2,92,1.3229544162750244
465,2,93,1.2408419847488403
466,2,94,1.2816169261932373
467,2,95,1.2068088054656982
468,2,96,1.1743968725204468
469,2,97,1.2346218824386597
470,2,98,1.2339808940887451
471,2,99,1.3188396692276
472,2,100,1.204267144203186
473,2,101,1.1719459295272827
474,2,102,1.2358639240264893
475,2,103,1.1934551000595093
476,2,104,1.2217272520065308
477,2,105,1.288709282875061
478,2,106,1.2113051414489746
479,2,107,1.2027132511138916
480,2,108,1.2387609481811523
481,2,109,1.179068922996521
482,2,110,1.1751881837844849
483,2,111,1.1994383335113525
484,2,112,1.243653655052185
485,2,113,1.144017219543457
486,2,114,1.208840250968933
487,2,115,1.2132731676101685
488,2,116,1.2131609916687012
489,2,117,1.1897298097610474
490,2,118,1.1949642896652222
491,2,119,1.1733133792877197
492,2,120,1.1980491876602173
493,2,121,1.185505747795105
494,2,122,1.2150547504425049
495,2,123,1.1769686937332153
496,2,124,1.16436767578125
497,2,125,1.1313217878341675
498,2,126,1.1848360300064087
499,2,127,1.1654270887374878
500,2,128,1.1332943439483643
501,2,129,1.1837031841278076
502,2,130,1.1544502973556519
503,2,131,1.1800432205200195
504,2,132,1.1619399785995483
505,2,133,1.145983099937439
506,2,134,1.3258030414581299
507,2,135,1.2523870468139648
508,2,136,1.2197483777999878
509,2,137,1.1737022399902344
510,2,138,1.150870442390442
511,2,139,1.1554166078567505
512,2,140,1.0819809436798096
513,2,141,1.2097777128219604
514,2,142,1.2076671123504639
515,2,143,1.1946065425872803
516,2,144,1.2310364246368408
517,2,145,1.1628715991973877
518,2,146,1.1446917057037354
519,2,147,1.146868109703064
520,2,148,1.2306715250015259
521,2,149,1.166438102722168
522,2,150,1.1243393421173096
523,2,151,1.1327297687530518
524,2,152,1.0444352626800537
525,2,153,1.1159274578094482
526,2,154,1.2786635160446167
527,2,155,1.135513186454773
528,2,156,1.1692686080932617
529,2,157,1.0979629755020142
530,2,158,1.118916392326355
531,2,159,1.1499559879302979
532,2,160,1.122377634048462
533,2,161,1.241201639175415
534,2,162,1.0616538524627686
535,2,163,1.0681074857711792
536,2,164,1.1632843017578125
537,2,165,1.1969631910324097
538,2,166,1.0849733352661133
539,2,167,1.1864162683486938
540,2,168,1.0735657215118408
541,2,169,1.1316674947738647
542,2,170,1.1293227672576904
543,2,171,1.1294286251068115
544,2,172,1.0753117799758911
545,2,173,1.062546730041504
546,2,174,1.1295136213302612
547,2,175,1.0851233005523682
548,2,176,1.1487987041473389
549,2,177,1.1383336782455444
550,2,178,1.1109760999679565
551,2,179,1.1280065774917603
552,2,180,1.149768590927124
553,2,181,1.268908977508545
554,2,182,1.103351354598999
555,2,183,1.1198055744171143
556,2,184,1.0797258615493774
557,2,185,1.1615030765533447
558,2,186,1.3177021741867065
559,2,187,1.140141248703003
560,2,188,1.0648736953735352
561,2,189,1.0528695583343506
562,2,190,1.1154351234436035
563,2,191,1.1377955675125122
564,2,192,1.0577725172042847
565,2,193,1.1366959810256958
566,2,194,1.1229746341705322
567,2,195,1.2019624710083008
568,2,196,1.1127986907958984
569,2,197,1.1853448152542114
570,2,198,1.2384973764419556
571,2,199,1.137332558631897
572,2,200,1.0543328523635864
573,2,201,1.162891149520874
574,2,202,1.1455066204071045
575,2,203,1.0847703218460083
576,2,204,1.029886245727539
577,2,205,1.10268235206604
578,2,206,1.093095302581787
579,2,207,1.0613930225372314
580,2,208,1.177744746208191
581,2,209,1.0603529214859009
582,2,210,1.1929367780685425
583,2,211,1.090514898300171
584,2,212,1.0532939434051514
585,2,213,1.0436033010482788
586,2,214,1.0704680681228638
587,2,215,1.0510880947113037
588,2,216,1.0742347240447998
589,2,217,1.0303776264190674
590,2,218,1.0681874752044678
591,2,219,1.0653002262115479
592,2,220,1.085548996925354
593,2,221,1.0742006301879883
594,2,222,1.0342471599578857
595,2,223,0.9671436548233032
596,2,224,1.3362473249435425
597,2,225,1.107668161392212
598,2,226,1.114933729171753
599,2,227,1.011910319328308
600,2,228,1.1086084842681885
601,2,229,1.0303459167480469
602,2,230,1.065484642982483
603,2,231,1.0335357189178467
604,2,232,1.0002989768981934
605,2,233,1.0356404781341553
606,2,234,1.150325059890747
607,2,235,1.0297552347183228
608,2,236,1.0457881689071655
609,2,237,0.9860590100288391
610,2,238,1.021666169166565
611,2,239,1.0135531425476074
612,2,240,1.0484775304794312
613,2,241,0.9823039770126343
614,2,242,1.033369541168213
615,2,243,1.041869878768921
616,2,244,0.9833207130432129
617,2,245,1.0233625173568726
618,2,246,1.0099408626556396
619,2,247,1.0097728967666626
620,2,248,0.9777649641036987
621,2,249,0.997247576713562
622,2,250,1.0021473169326782
623,2,251,1.0275061130523682
624,2,252,1.040683388710022
625,2,253,1.0212632417678833
626,2,254,1.0166682004928589
627,2,255,1.0310595035552979
628,2,256,1.0368804931640625
629,2,257,0.9621580839157104
630,2,258,1.0250074863433838
631,2,259,1.0224977731704712
632,2,260,1.2113142013549805
633,2,261,0.9680811166763306
634,2,262,0.9314945936203003
635,2,263,0.9736465215682983
636,2,264,0.9467096328735352
637,2,265,1.0041307210922241
638,2,266,1.0888607501983643
639,2,267,0.9954121708869934
640,2,268,0.9235848188400269
641,2,269,1.010179042816162
642,2,270,1.0762126445770264
643,2,271,0.9351680874824524
644,2,272,0.9861370325088501
645,2,273,0.9518170356750488
646,2,274,0.9521923065185547
647,2,275,0.9922417402267456
648,2,276,0.9534116983413696
649,2,277,1.0653671026229858
650,2,278,1.2085376977920532
651,2,279,0.982735276222229
652,2,280,1.0117828845977783
653,2,281,0.964065670967102
654,2,282,1.0480633974075317
655,2,283,0.9917988777160645
656,2,284,0.9906331300735474
657,2,285,0.9640838503837585
658,2,286,1.0081543922424316
659,2,287,0.951522171497345
660,2,288,1.0310100317001343
661,2,289,0.9942185282707214
662,2,290,0.9468480348587036
663,2,291,0.9255077242851257
664,2,292,0.9581068158149719
665,2,293,0.9891354441642761
666,2,294,0.9841300249099731
667,2,295,1.0224344730377197
668,2,296,0.9028136134147644
669,2,297,0.8979519605636597
670,2,298,0.945384681224823
671,2,299,0.9933491945266724
672,2,300,0.8989013433456421
673,2,301,1.0013227462768555
674,2,302,1.0157825946807861
675,2,303,0.9198452830314636
676,2,304,0.9164060354232788
677,2,305,0.9382937550544739
678,2,306,0.8788247108459473
679,2,307,0.9689784049987793
680,2,308,1.08748197555542
681,2,309,0.9318343997001648
682,2,310,0.9050378799438477
683,2,311,0.9993188977241516
684,2,312,1.0548295974731445
685,2,313,1.0382965803146362
686,2,314,0.9326549768447876
687,2,315,0.8923872113227844
688,2,316,0.9146255254745483
689,2,317,0.8993281126022339
690,2,318,1.0700796842575073
691,2,319,0.8864184617996216
692,2,320,0.9235628843307495
693,2,321,0.9097718000411987
694,2,322,0.952867329120636
695,2,323,0.9773238897323608
696,2,324,0.8984552621841431
697,2,325,0.9261791110038757
698,2,326,0.9811571836471558
699,2,327,0.9047362208366394
700,2,328,1.0109026432037354
701,2,329,0.9434947967529297
702,2,330,0.9799975156784058
703,2,331,0.8762395977973938
704,2,332,0.941567599773407
705,2,333,0.9075783491134644
706,2,334,0.8895519375801086
707,2,335,0.8330811262130737
708,2,336,0.9337033033370972
709,2,337,0.9060265421867371
710,2,338,1.006917953491211
711,2,339,0.877528190612793
712,2,340,0.9538105726242065
713,2,341,1.1333942413330078
714,2,342,0.8708318471908569
715,2,343,0.8782593607902527
716,2,344,0.9044555425643921
717,2,345,0.936426043510437
718,2,346,0.8849155306816101
719,2,347,0.8608484268188477
720,2,348,0.8703719973564148
721,2,349,0.9847410917282104
722,2,350,0.8837858438491821
723,2,351,0.9440924525260925
724,2,352,0.8333665728569031
725,2,353,0.8412702679634094
726,2,354,0.9216812252998352
727,2,355,0.8305730819702148
728,2,356,0.9022554159164429
729,2,357,0.916821300983429
730,2,358,0.8190697431564331
731,2,359,0.8714197278022766
732,2,360,0.8543243408203125
733,2,361,0.8851397633552551
734,2,362,0.8666664361953735
735,2,363,0.8201847076416016
736,2,364,1.072149634361267
737,2,365,0.8858045339584351
738,2,366,0.9414278268814087
739,2,367,0.9076603055000305
740,2,368,0.8843792676925659
741,2,369,0.9180673360824585
742,2,370,0.7925539016723633
743,2,371,0.8631822466850281
744,2,372,0.8656815886497498
745,3,1,0.832848072052002
746,3,2,0.9175178408622742
747,3,3,0.8892745971679688
748,3,4,0.8102468252182007
749,3,5,1.0278515815734863
750,3,6,0.850549042224884
751,3,7,0.8563898801803589
752,3,8,0.783316969871521
753,3,9,0.862248420715332
754,3,10,0.9502428770065308
755,3,11,0.8186880350112915
756,3,12,0.9190014600753784
757,3,13,0.8594805002212524
758,3,14,0.8943852186203003
759,3,15,0.8902851939201355
760,3,16,0.8361349105834961
761,3,17,0.970159649848938
762,3,18,0.8093963861465454
763,3,19,0.8437749147415161
764,3,20,0.8171941637992859
765,3,21,0.8546120524406433
766,3,22,0.808765709400177
767,3,23,0.8728664517402649
768,3,24,0.7679184675216675
769,3,25,0.7794023752212524
770,3,26,0.828990638256073
771,3,27,1.035752773284912
772,3,28,0.8389151692390442
773,3,29,0.8795599937438965
774,3,30,0.82093745470047
775,3,31,0.8451937437057495
776,3,32,0.7938788533210754
777,3,33,0.8228480219841003
778,3,34,0.9513602256774902
779,3,35,0.8399607539176941
780,3,36,0.9649961590766907
781,3,37,0.790692925453186
782,3,38,0.7899979948997498
783,3,39,0.7682046294212341
784,3,40,1.0326648950576782
785,3,41,1.023556113243103
786,3,42,0.7952446341514587
787,3,43,0.7988656759262085
788,3,44,0.8282147645950317
789,3,45,0.8520705103874207
790,3,46,0.8079258799552917
791,3,47,0.7927383780479431
792,3,48,0.8140066862106323
793,3,49,0.8471174240112305
794,3,50,0.8344392776489258
795,3,51,0.744296669960022
796,3,52,0.8632696866989136
797,3,53,0.7735657095909119
798,3,54,0.7756627202033997
799,3,55,0.9732373356819153
800,3,56,0.7235088348388672
801,3,57,0.8190885782241821
802,3,58,0.7578824758529663
803,3,59,0.8016675710678101
804,3,60,0.7832745313644409
805,3,61,0.7995211482048035
806,3,62,0.7478939294815063
807,3,63,0.7793445587158203
808,3,64,0.8340398669242859
809,3,65,0.9951213002204895
810,3,66,0.7738993763923645
811,3,67,0.809090256690979
812,3,68,0.8426512479782104
813,3,69,0.7574813961982727
814,3,70,0.7967597246170044
815,3,71,0.8478253483772278
816,3,72,0.7509445548057556
817,3,73,0.7617046236991882
818,3,74,0.7682911157608032
819,3,75,0.7758159637451172
820,3,76,0.7186846137046814
821,3,77,0.790842592716217
822,3,78,0.7274132370948792
823,3,79,0.7733355164527893
824,3,80,0.776290774345398
825,3,81,0.7853654623031616
826,3,82,0.7557998299598694
827,3,83,0.8071921467781067
828,3,84,0.7352601885795593
829,3,85,0.8845289945602417
830,3,86,0.7831150889396667
831,3,87,0.8260623216629028
832,3,88,0.8248125314712524
833,3,89,0.7630082368850708
834,3,90,0.7921125292778015
835,3,91,0.7343809008598328
836,3,92,0.7297753095626831
837,3,93,0.7877267599105835
838,3,94,0.8702529072761536
839,3,95,0.7577570676803589
840,3,96,0.7599409818649292
841,3,97,0.763106107711792
842,3,98,0.7340264320373535
843,3,99,0.7238014936447144
844,3,100,0.8055661916732788
845,3,101,0.7171298265457153
846,3,102,0.8276081085205078
847,3,103,0.68387371301651
848,3,104,0.7783523797988892
849,3,105,0.7317376732826233
850,3,106,0.8392486572265625
851,3,107,0.728122353553772
852,3,108,0.7074479460716248
853,3,109,0.7498725652694702
854,3,110,0.7510461211204529
855,3,111,0.7907111644744873
856,3,112,0.7640742659568787
857,3,113,0.8458551168441772
858,3,114,0.6923531293869019
859,3,115,0.7902436852455139
860,3,116,0.7755893468856812
861,3,117,0.7121085524559021
862,3,118,0.7121071219444275
863,3,119,0.7648531198501587
864,3,120,0.6954995393753052
865,3,121,0.7162302136421204
866,3,122,0.7614519000053406
867,3,123,0.834213137626648
868,3,124,0.7820833921432495
869,3,125,0.7313186526298523
870,3,126,0.8146604299545288
871,3,127,0.7105986475944519
872,3,128,0.8493196368217468
873,3,129,0.794232964515686
874,3,130,0.7646472454071045
875,3,131,0.7143476009368896
876,3,132,0.7399696111679077
877,3,133,0.8077559471130371
878,3,134,0.7573953866958618
879,3,135,0.7440923452377319
880,3,136,0.7240630388259888
881,3,137,0.7306072115898132
882,3,138,0.7227652072906494
883,3,139,0.7140508890151978
884,3,140,0.8676179051399231
885,3,141,0.7133272886276245
886,3,142,0.7284113764762878
887,3,143,0.9294444918632507
888,3,144,0.8247381448745728
889,3,145,0.7618371248245239
890,3,146,0.6732863187789917
891,3,147,0.6508821249008179
892,3,148,0.7245489358901978
893,3,149,0.8592289090156555
894,3,150,0.6496939063072205
895,3,151,0.7971057295799255
896,3,152,0.7725545167922974
897,3,153,0.7637614011764526
898,3,154,0.7000097632408142
899,3,155,0.6890831589698792
900,3,156,0.7112849950790405
901,3,157,0.9456217885017395
902,3,158,0.7764722108840942
903,3,159,0.7970455288887024
904,3,160,0.7181006073951721
905,3,161,0.7481292486190796
906,3,162,0.68928062915802
907,3,163,0.6820029020309448
908,3,164,0.7482091188430786
909,3,165,0.8685835599899292
910,3,166,0.7612796425819397
911,3,167,0.6731928586959839
912,3,168,0.6798450350761414
913,3,169,0.7924808859825134
914,3,170,0.8244683146476746
915,3,171,0.7760639190673828
916,3,172,0.7013146877288818
917,3,173,0.6785714030265808
918,3,174,0.7670363187789917
919,3,175,0.8926345109939575
920,3,176,0.7736141085624695
921,3,177,0.6596698760986328
922,3,178,0.7041288614273071
923,3,179,0.7076142430305481
924,3,180,0.7813289761543274
925,3,181,0.7774333953857422
926,3,182,0.6628843545913696
927,3,183,0.7873127460479736
928,3,184,0.794421374797821
929,3,185,0.7514727711677551
930,3,186,0.6941723227500916
931,3,187,0.646399974822998
932,3,188,0.7643178701400757
933,3,189,0.6793879866600037
934,3,190,0.6413670182228088
935,3,191,0.7513212561607361
936,3,192,0.7251061201095581
937,3,193,0.6519014239311218
938,3,194,0.7809110879898071
939,3,195,0.7553345561027527
940,3,196,0.7065375447273254
941,3,197,0.6890270113945007
942,3,198,0.7116397023200989
943,3,199,0.737839937210083
944,3,200,0.7436009645462036
945,3,201,0.6479493975639343
946,3,202,0.7217339277267456
947,3,203,0.6607176065444946
948,3,204,0.6750492453575134
949,3,205,0.7118020057678223
950,3,206,0.6618573665618896
951,3,207,0.6547678112983704
952,3,208,0.7617274522781372
953,3,209,0.739266037940979
954,3,210,0.7114449739456177
955,3,211,0.8733747601509094
956,3,212,0.7269442081451416
957,3,213,0.7157555818557739
958,3,214,0.7148944139480591
959,3,215,0.6690911054611206
960,3,216,0.7421858906745911
961,3,217,0.6892300248146057
962,3,218,0.7398009896278381
963,3,219,0.6830089092254639
964,3,220,0.6657389402389526
965,3,221,0.7548148036003113
966,3,222,0.7946743369102478
967,3,223,0.6236559748649597
968,3,224,0.6650248765945435
969,3,225,0.6531602144241333
970,3,226,0.6870454549789429
971,3,227,0.7889237999916077
972,3,228,0.7723529934883118
973,3,229,0.6212824583053589
974,3,230,0.7705320119857788
975,3,231,0.6741365194320679
976,3,232,0.6980019211769104
977,3,233,0.6465999484062195
978,3,234,0.6840784549713135
979,3,235,0.6607645750045776
980,3,236,0.6151153445243835
981,3,237,0.6775229573249817
982,3,238,0.6310315132141113
983,3,239,0.7686079740524292
984,3,240,0.6995848417282104
985,3,241,0.5988748669624329
986,3,242,0.672898530960083
987,3,243,0.7227656245231628
988,3,244,0.648163914680481
989,3,245,0.6741386651992798
990,3,246,0.715157687664032
991,3,247,0.6229468584060669
992,3,248,0.6360235214233398
993,3,249,0.6655031442642212
994,3,250,0.7900999784469604
995,3,251,0.7066474556922913
996,3,252,0.6872645616531372
997,3,253,0.6621025800704956
998,3,254,0.6621135473251343
999,3,255,0.683877170085907
1000,3,256,0.6387938857078552
1001,3,257,0.6711200475692749
1002,3,258,0.608045756816864
1003,3,259,0.6670541763305664
1004,3,260,0.6316252946853638
1005,3,261,0.8192641139030457
1006,3,262,0.6411522030830383
1007,3,263,0.7055379152297974
1008,3,264,0.6761192679405212
1009,3,265,0.7622639536857605
1010,3,266,0.6539915800094604
1011,3,267,0.7168776392936707
1012,3,268,0.6126350164413452
1013,3,269,0.6968439817428589
1014,3,270,0.6773132681846619
1015,3,271,0.7014454007148743
1016,3,272,0.6024360656738281
1017,3,273,0.6467134356498718
1018,3,274,0.5887685418128967
1019,3,275,0.7136043906211853
1020,3,276,0.6142327785491943
1021,3,277,0.6900222301483154
1022,3,278,0.5797979831695557
1023,3,279,0.6136559844017029
1024,3,280,0.6744710803031921
1025,3,281,0.6589916348457336
1026,3,282,0.7489284873008728
1027,3,283,0.8140319585800171
1028,3,284,0.6543790698051453
1029,3,285,0.6152232885360718
1030,3,286,0.7657510638237
1031,3,287,0.7455753684043884
1032,3,288,0.638123095035553
1033,3,289,0.7699959874153137
1034,3,290,0.6484925746917725
1035,3,291,0.6290567517280579
1036,3,292,0.6247755289077759
1037,3,293,0.7274648547172546
1038,3,294,0.7261651754379272
1039,3,295,0.5996769666671753
1040,3,296,0.6299937963485718
1041,3,297,0.6016688942909241
1042,3,298,0.636832594871521
1043,3,299,0.8246326446533203
1044,3,300,0.6213445067405701
1045,3,301,0.7076866030693054
1046,3,302,0.6431566476821899
1047,3,303,0.6655275225639343
1048,3,304,0.6525519490242004
1049,3,305,0.7602132558822632
1050,3,306,0.6676366329193115
1051,3,307,0.6840757131576538
1052,3,308,0.6528348922729492
1053,3,309,0.5549027323722839
1054,3,310,0.6423708200454712
1055,3,311,0.7147794365882874
1056,3,312,0.6313997507095337
1057,3,313,0.6064534187316895
1058,3,314,0.6568030118942261
1059,3,315,0.6687792539596558
1060,3,316,0.7260704040527344
1061,3,317,0.9816943407058716
1062,3,318,0.647322416305542
1063,3,319,0.6424664855003357
1064,3,320,0.6644769906997681
1065,3,321,0.6094566583633423
1066,3,322,0.8386909365653992
1067,3,323,0.5803194642066956
1068,3,324,0.6489431262016296
1069,3,325,0.658906102180481
1070,3,326,0.6714600324630737
1071,3,327,0.5745714902877808
1072,3,328,0.6966243386268616
1073,3,329,0.8241952657699585
1074,3,330,0.7276901602745056
1075,3,331,0.5567865967750549
1076,3,332,0.6308472752571106
1077,3,333,0.5580955743789673
1078,3,334,0.5726479291915894
1079,3,335,0.5827199816703796
1080,3,336,0.5587092638015747
1081,3,337,0.742983341217041
1082,3,338,0.5952774286270142
1083,3,339,0.725983202457428
1084,3,340,0.6260159015655518
1085,3,341,0.5891267657279968
1086,3,342,0.6094907522201538
1087,3,343,0.5875769257545471
1088,3,344,0.6059726476669312
1089,3,345,0.6436493992805481
1090,3,346,0.6055493354797363
1091,3,347,0.6545096635818481
1092,3,348,0.664846658706665
1093,3,349,0.579058051109314
1094,3,350,0.6649880409240723
1095,3,351,0.5725845694541931
1096,3,352,0.5538526177406311
1097,3,353,0.637097954750061
1098,3,354,0.6837712526321411
1099,3,355,0.6796392202377319
1100,3,356,0.5765585899353027
1101,3,357,0.5317796468734741
1102,3,358,0.603496789932251
1103,3,359,0.6678710579872131
1104,3,360,0.6772582530975342
1105,3,361,0.6622151136398315
1106,3,362,0.5346544981002808
1107,3,363,0.5794211626052856
1108,3,364,0.6034502387046814
1109,3,365,0.5739361047744751
1110,3,366,0.5759741067886353
1111,3,367,0.6596348285675049
1112,3,368,0.5566689372062683
1113,3,369,0.562848687171936
1114,3,370,0.6060917377471924
1115,3,371,0.6237872838973999
1116,3,372,0.5271722674369812
1117,4,1,0.5197747945785522
1118,4,2,0.5643110871315002
1119,4,3,0.6189326047897339
1120,4,4,0.5289429426193237
1121,4,5,0.5852078199386597
1122,4,6,0.5478203892707825
1123,4,7,0.6182669401168823
1124,4,8,0.5497878789901733
1125,4,9,0.6021147966384888
1126,4,10,0.5718498229980469
1127,4,11,0.5826854705810547
1128,4,12,0.608646035194397
1129,4,13,0.5509274005889893
1130,4,14,0.5770342946052551
1131,4,15,0.5625520944595337
1132,4,16,0.5401293039321899
1133,4,17,0.6312787532806396
1134,4,18,0.5504904389381409
1135,4,19,0.5773089528083801
1136,4,20,0.6751915812492371
1137,4,21,0.5412248373031616
1138,4,22,0.5598154067993164
1139,4,23,0.5566664338111877
1140,4,24,0.6802708506584167
1141,4,25,0.5512952208518982
1142,4,26,0.6990615725517273
1143,4,27,0.5307843685150146
1144,4,28,0.5247521996498108
1145,4,29,0.5717657804489136
1146,4,30,0.628585934638977
1147,4,31,0.8161448240280151
1148,4,32,0.659294605255127
1149,4,33,0.5872730016708374
1150,4,34,0.5610741972923279
1151,4,35,0.5584369897842407
1152,4,36,0.6273970603942871
1153,4,37,0.48163333535194397
1154,4,38,0.6180758476257324
1155,4,39,0.5243149995803833
1156,4,40,0.4954097867012024
1157,4,41,0.5854846835136414
1158,4,42,0.551692008972168
1159,4,43,0.6454445719718933
1160,4,44,0.5574427843093872
1161,4,45,0.5492468476295471
1162,4,46,0.5667510628700256
1163,4,47,0.619652271270752
1164,4,48,0.520449161529541
1165,4,49,0.5486522912979126
1166,4,50,0.5193918943405151
1167,4,51,0.6775621175765991
1168,4,52,0.5614649653434753
1169,4,53,0.4992283284664154
1170,4,54,0.5460667014122009
1171,4,55,0.5712953805923462
1172,4,56,0.4942561089992523
1173,4,57,0.5570506453514099
1174,4,58,0.5154045224189758
1175,4,59,0.5435954928398132
1176,4,60,0.5788594484329224
1177,4,61,0.5862112045288086
1178,4,62,0.5100957155227661
1179,4,63,0.625243604183197
1180,4,64,0.5937680006027222
1181,4,65,0.5154578685760498
1182,4,66,0.5666055083274841
1183,4,67,0.650473952293396
1184,4,68,0.6372729539871216
1185,4,69,0.5430327653884888
1186,4,70,0.49468445777893066
1187,4,71,0.4943710267543793
1188,4,72,0.5811662673950195
1189,4,73,0.5821048021316528
1190,4,74,0.6096803545951843
1191,4,75,0.5942741632461548
1192,4,76,0.5098019242286682
1193,4,77,0.7118822932243347
1194,4,78,0.4869927763938904
1195,4,79,0.6357476711273193
1196,4,80,0.5385276675224304
1197,4,81,0.595686137676239
1198,4,82,0.4779724180698395
1199,4,83,0.5220034718513489
1200,4,84,0.5664054751396179
1201,4,85,0.5269591808319092
1202,4,86,0.4772447645664215
1203,4,87,0.5529424548149109
1204,4,88,0.494132936000824
1205,4,89,0.5503431558609009
1206,4,90,0.5756932497024536
1207,4,91,0.560580849647522
1208,4,92,0.5051127076148987
1209,4,93,0.5604848861694336
1210,4,94,0.5417843461036682
1211,4,95,0.4994085729122162
1212,4,96,0.5275429487228394
1213,4,97,0.5736536979675293
1214,4,98,0.5357216596603394
1215,4,99,0.5690280199050903
1216,4,100,0.4860917031764984
1217,4,101,0.53359055519104
1218,4,102,0.653143584728241
1219,4,103,0.5110680460929871
1220,4,104,0.7889509201049805
1221,4,105,0.5016975402832031
1222,4,106,0.5377808213233948
1223,4,107,0.49826115369796753
1224,4,108,0.49562615156173706
1225,4,109,0.5461071729660034
1226,4,110,0.5665565729141235
1227,4,111,0.532265305519104
1228,4,112,0.5447965860366821
1229,4,113,0.5015671849250793
1230,4,114,0.4815402030944824
1231,4,115,0.5898373126983643
1232,4,116,0.5379119515419006
1233,4,117,0.52098149061203
1234,4,118,0.5243065357208252
1235,4,119,0.5445219874382019
1236,4,120,0.5000107288360596
1237,4,121,0.5282663106918335
1238,4,122,0.5186253786087036
1239,4,123,0.5350547432899475
1240,4,124,0.6307388544082642
1241,4,125,0.5128651857376099
1242,4,126,0.6172815561294556
1243,4,127,0.5978031754493713
1244,4,128,0.5261906385421753
1245,4,129,0.6173761487007141
1246,4,130,0.4638136029243469
1247,4,131,0.5435924530029297
1248,4,132,0.5437573790550232
1249,4,133,0.5968538522720337
1250,4,134,0.5146386623382568
1251,4,135,0.48616427183151245
1252,4,136,0.5046872496604919
1253,4,137,0.5439988970756531
1254,4,138,0.6095612645149231
1255,4,139,0.5105534791946411
1256,4,140,0.4753212332725525
1257,4,141,0.5364874005317688
1258,4,142,0.4808935523033142
1259,4,143,0.6021825075149536
1260,4,144,0.5261102914810181
1261,4,145,0.5378158092498779
1262,4,146,0.48811498284339905
1263,4,147,0.5309748649597168
1264,4,148,0.5296586751937866
1265,4,149,0.5638177990913391
1266,4,150,0.5833226442337036
1267,4,151,0.5779834985733032
1268,4,152,0.7471899390220642
1269,4,153,0.5055986046791077
1270,4,154,0.5255242586135864
1271,4,155,0.5095657706260681
1272,4,156,0.489684522151947
1273,4,157,0.5249327421188354
1274,4,158,0.5202447175979614
1275,4,159,0.6743952035903931
1276,4,160,0.6202222108840942
1277,4,161,0.47021111845970154
1278,4,162,0.4791135787963867
1279,4,163,0.5325168967247009
1280,4,164,0.6072710752487183
1281,4,165,0.49602001905441284
1282,4,166,0.593459963798523
1283,4,167,0.5894041061401367
1284,4,168,0.48889899253845215
1285,4,169,0.48819541931152344
1286,4,170,0.4865630567073822
1287,4,171,0.49051570892333984
1288,4,172,0.5260686874389648
1289,4,173,0.5257799625396729
1290,4,174,0.7524276971817017
1291,4,175,0.5137190222740173
1292,4,176,0.5051438808441162
1293,4,177,0.7766016721725464
1294,4,178,0.5512397885322571
1295,4,179,0.5660919547080994
1296,4,180,0.4650925099849701
1297,4,181,0.5453274250030518
1298,4,182,0.5329439640045166
1299,4,183,0.5875210762023926
1300,4,184,0.5728346109390259
1301,4,185,0.5285512804985046
1302,4,186,0.5559220910072327
1303,4,187,0.41366714239120483
1304,4,188,0.4567585587501526
1305,4,189,0.5236412286758423
1306,4,190,0.5241096615791321
1307,4,191,0.45420509576797485
1308,4,192,0.4940432012081146
1309,4,193,0.5749703645706177
1310,4,194,0.45442619919776917
1311,4,195,0.5692265033721924
1312,4,196,0.5420650839805603
1313,4,197,0.5286222696304321
1314,4,198,0.5387591123580933
1315,4,199,0.4776941239833832
1316,4,200,0.5562537312507629
1317,4,201,0.5200045704841614
1318,4,202,0.4695419371128082
1319,4,203,0.5998239517211914
1320,4,204,0.4309215545654297
1321,4,205,0.49964064359664917
1322,4,206,0.4396596848964691
1323,4,207,0.47572606801986694
1324,4,208,0.5054064989089966
1325,4,209,0.5961280465126038
1326,4,210,0.568309485912323
1327,4,211,0.4964361786842346
1328,4,212,0.45935338735580444
1329,4,213,0.4306027889251709
1330,4,214,0.46855825185775757
1331,4,215,0.43894776701927185
1332,4,216,0.5760349631309509
1333,4,217,0.4520656168460846
1334,4,218,0.5337816476821899
1335,4,219,0.5479110479354858
1336,4,220,0.5219536423683167
1337,4,221,0.49371638894081116
1338,4,222,0.5414748191833496
1339,4,223,0.662406325340271
1340,4,224,0.4630015790462494
1341,4,225,0.5783616304397583
1342,4,226,0.49308615922927856
1343,4,227,0.4335865378379822
1344,4,228,0.5174294710159302
1345,4,229,0.5057073831558228
1346,4,230,0.49729853868484497
1347,4,231,0.4836235046386719
1348,4,232,0.5511496067047119
1349,4,233,0.43393316864967346
1350,4,234,0.46526622772216797
1351,4,235,0.4464169442653656
1352,4,236,0.5761514902114868
1353,4,237,0.5142338275909424
1354,4,238,0.4592057764530182
1355,4,239,0.4507461488246918
1356,4,240,0.4184511601924896
1357,4,241,0.5115144848823547
1358,4,242,0.46887412667274475
1359,4,243,0.4221456050872803
1360,4,244,0.5320705771446228
1361,4,245,0.5526291728019714
1362,4,246,0.46604448556900024
1363,4,247,0.4796779155731201
1364,4,248,0.6041796803474426
1365,4,249,0.5430940985679626
1366,4,250,0.560890793800354
1367,4,251,0.4532133936882019
1368,4,252,0.4870363175868988
1369,4,253,0.3943018317222595
1370,4,254,0.46431636810302734
1371,4,255,0.8854818344116211
1372,4,256,0.47435951232910156
1373,4,257,0.46715760231018066
1374,4,258,0.5367451310157776
1375,4,259,0.44917112588882446
1376,4,260,0.5282478928565979
1377,4,261,0.47531476616859436
1378,4,262,0.5167534351348877
1379,4,263,0.48263829946517944
1380,4,264,0.4568508565425873
1381,4,265,0.4836440980434418
1382,4,266,0.5824469327926636
1383,4,267,0.46730756759643555
1384,4,268,0.40000468492507935
1385,4,269,0.3821534812450409
1386,4,270,0.4719836115837097
1387,4,271,0.5205219388008118
1388,4,272,0.49269208312034607
1389,4,273,0.4925761818885803
1390,4,274,0.570907473564148
1391,4,275,0.5301486253738403
1392,4,276,0.42736130952835083
1393,4,277,0.5230824947357178
1394,4,278,0.4287727475166321
1395,4,279,0.568979024887085
1396,4,280,0.5057364702224731
1397,4,281,0.4808286130428314
1398,4,282,0.47977113723754883
1399,4,283,0.5305259227752686
1400,4,284,0.4245654046535492
1401,4,285,0.43651285767555237
1402,4,286,0.5099623799324036
1403,4,287,0.6458479166030884
1404,4,288,0.5128476619720459
1405,4,289,0.48007917404174805
1406,4,290,0.426675945520401
1407,4,291,0.5166157484054565
1408,4,292,0.5275610685348511
1409,4,293,0.4484001696109772
1410,4,294,0.4260903000831604
1411,4,295,0.501350998878479
1412,4,296,0.5159227848052979
1413,4,297,0.5339009165763855
1414,4,298,0.5342990756034851
1415,4,299,0.4940437376499176
1416,4,300,0.5166178941726685
1417,4,301,0.45851030945777893
1418,4,302,0.44913339614868164
1419,4,303,0.4194553792476654
1420,4,304,0.8343195915222168
1421,4,305,0.5495403409004211
1422,4,306,0.4463873505592346
1423,4,307,0.49732762575149536
1424,4,308,0.44732123613357544
1425,4,309,0.4218915104866028
1426,4,310,0.5028489232063293
1427,4,311,0.4735702872276306
1428,4,312,0.417371928691864
1429,4,313,0.5081283450126648
1430,4,314,0.4675813615322113
1431,4,315,0.454805850982666
1432,4,316,0.47273263335227966
1433,4,317,0.47907090187072754
1434,4,318,0.46727418899536133
1435,4,319,0.4916601777076721
1436,4,320,0.4394682049751282
1437,4,321,0.4393559992313385
1438,4,322,0.4694906771183014
1439,4,323,0.5630877614021301
1440,4,324,0.4936366081237793
1441,4,325,0.8096354603767395
1442,4,326,0.7030948400497437
1443,4,327,0.426979124546051
1444,4,328,0.9495846033096313
1445,4,329,0.5098667740821838
1446,4,330,0.47315168380737305
1447,4,331,0.5638807415962219
1448,4,332,0.4669559895992279
1449,4,333,0.4428076148033142
1450,4,334,0.4168454706668854
1451,4,335,0.5112006068229675
1452,4,336,0.45606929063796997
1453,4,337,0.4710264205932617
1454,4,338,0.5206444263458252
1455,4,339,0.5307363271713257
1456,4,340,0.4618895649909973
1457,4,341,0.5084157586097717
1458,4,342,0.45597583055496216
1459,4,343,0.49491748213768005
1460,4,344,0.4886412024497986
1461,4,345,0.5411920547485352
1462,4,346,0.4189758896827698
1463,4,347,0.427879273891449
1464,4,348,0.518093466758728
1465,4,349,0.3899438679218292
1466,4,350,0.44912591576576233
1467,4,351,0.4756799638271332
1468,4,352,0.4238322675228119
1469,4,353,0.4699876308441162
1470,4,354,0.5535727739334106
1471,4,355,0.46613818407058716
1472,4,356,0.42032989859580994
1473,4,357,0.5120866894721985
1474,4,358,0.46719202399253845
1475,4,359,0.42432746291160583
1476,4,360,0.4375947117805481
1477,4,361,0.5337597131729126
1478,4,362,0.4155174791812897
1479,4,363,0.5510619878768921
1480,4,364,0.4043012261390686
1481,4,365,0.3855997920036316
1482,4,366,0.42030882835388184
1483,4,367,0.48333534598350525
1484,4,368,0.4756249785423279
1485,4,369,0.4183614253997803
1486,4,370,0.4711456894874573
1487,4,371,0.5065363645553589
1488,4,372,0.5521171689033508
1489,5,1,0.3984692692756653
1490,5,2,0.3732753098011017
1491,5,3,0.42314234375953674
1492,5,4,0.431632936000824
1493,5,5,0.4319182336330414
1494,5,6,0.4500788748264313
1495,5,7,0.41009092330932617
1496,5,8,0.43582749366760254
1497,5,9,0.38580912351608276
1498,5,10,0.4080093801021576
1499,5,11,0.42231041193008423
1500,5,12,0.4840041697025299
1501,5,13,0.4582359790802002
1502,5,14,0.4219328761100769
1503,5,15,0.4688047468662262
1504,5,16,0.4325924813747406
1505,5,17,0.4243115782737732
1506,5,18,0.35761988162994385
1507,5,19,0.40785422921180725
1508,5,20,0.5143870115280151
1509,5,21,0.421475887298584
1510,5,22,0.45582181215286255
1511,5,23,0.36439767479896545
1512,5,24,0.5291702151298523
1513,5,25,0.4521115720272064
1514,5,26,0.4630720615386963
1515,5,27,0.46990352869033813
1516,5,28,0.42732271552085876
1517,5,29,0.40921106934547424
1518,5,30,0.5063283443450928
1519,5,31,0.4344688355922699
1520,5,32,0.40737923979759216
1521,5,33,0.7573670148849487
1522,5,34,0.35307517647743225
1523,5,35,0.4229264259338379
1524,5,36,0.468254417181015
1525,5,37,0.38830286264419556
1526,5,38,0.4811495840549469
1527,5,39,0.4146893620491028
1528,5,40,0.4314901828765869
1529,5,41,0.54097980260849
1530,5,42,0.4672633111476898
1531,5,43,0.4292948842048645
1532,5,44,0.4520842134952545
1533,5,45,0.3830892741680145
1534,5,46,0.4784315526485443
1535,5,47,0.5029774904251099
1536,5,48,0.38856396079063416
1537,5,49,0.4529939591884613
1538,5,50,0.43169793486595154
1539,5,51,0.4110074043273926
1540,5,52,0.43231001496315
1541,5,53,0.4134814143180847
1542,5,54,0.43863147497177124
1543,5,55,0.41655197739601135
1544,5,56,0.3881024718284607
1545,5,57,0.5032922625541687
1546,5,58,0.3497769236564636
1547,5,59,0.7110050320625305
1548,5,60,0.5478646159172058
1549,5,61,0.4617142677307129
1550,5,62,0.6116522550582886
1551,5,63,0.4475269913673401
1552,5,64,0.47934991121292114
1553,5,65,0.35933923721313477
1554,5,66,0.5440992116928101
1555,5,67,0.36508908867836
1556,5,68,0.43227052688598633
1557,5,69,0.4350473880767822
1558,5,70,0.41180524230003357
1559,5,71,0.40970730781555176
1560,5,72,0.37220463156700134
1561,5,73,0.4810597002506256
1562,5,74,0.38551580905914307
1563,5,75,0.3822137117385864
1564,5,76,0.3750034272670746
1565,5,77,0.45040664076805115
1566,5,78,0.3938755393028259
1567,5,79,0.3480394780635834
1568,5,80,0.4014098048210144
1569,5,81,0.6549085378646851
1570,5,82,0.4329051971435547
1571,5,83,0.41927966475486755
1572,5,84,0.4807986319065094
1573,5,85,0.6723594069480896
1574,5,86,0.4707615375518799
1575,5,87,0.5029999017715454
1576,5,88,0.48295339941978455
1577,5,89,0.4072566628456116
1578,5,90,0.4199526906013489
1579,5,91,0.42571645975112915
1580,5,92,0.7008463144302368
1581,5,93,0.3656940460205078
1582,5,94,0.5172521471977234
1583,5,95,0.43641194701194763
1584,5,96,0.46805500984191895
1585,5,97,0.4643615186214447
1586,5,98,0.4810059070587158
1587,5,99,0.4013736844062805
1588,5,100,0.5217053294181824
1589,5,101,0.4451649785041809
1590,5,102,0.40064963698387146
1591,5,103,0.46091246604919434
1592,5,104,0.3677235245704651
1593,5,105,0.3829643428325653
1594,5,106,0.42851513624191284
1595,5,107,0.3989237844944
1596,5,108,0.3995116055011749
1597,5,109,0.4176405072212219
1598,5,110,0.4196339547634125
1599,5,111,0.4425656199455261
1600,5,112,0.3441745638847351
1601,5,113,0.3821186423301697
1602,5,114,0.45530787110328674
1603,5,115,0.38423192501068115
1604,5,116,0.4117228090763092
1605,5,117,0.4043807089328766
1606,5,118,0.5918194651603699
1607,5,119,0.4193898141384125
1608,5,120,0.37230369448661804
1609,5,121,0.4754612445831299
1610,5,122,0.35665199160575867
1611,5,123,0.3968789279460907
1612,5,124,0.623788595199585
1613,5,125,0.3678005039691925
1614,5,126,0.4926542341709137
1615,5,127,0.49372774362564087
1616,5,128,0.4332677721977234
1617,5,129,0.37830013036727905
1618,5,130,0.38127973675727844
1619,5,131,0.43322691321372986
1620,5,132,0.36643725633621216
1621,5,133,0.4458774924278259
1622,5,134,0.39789366722106934
1623,5,135,0.4478151202201843
1624,5,136,0.4983299672603607
1625,5,137,0.4281936287879944
1626,5,138,0.38653048872947693
1627,5,139,0.3691563010215759
1628,5,140,0.4140264093875885
1629,5,141,0.38519486784935
1630,5,142,0.38294869661331177
1631,5,143,0.3709775507450104
1632,5,144,0.4305358827114105
1633,5,145,0.4703964591026306
1634,5,146,0.37678495049476624
1635,5,147,0.4232523441314697
1636,5,148,0.41550078988075256
1637,5,149,0.44543400406837463
1638,5,150,0.4233925938606262
1639,5,151,0.34169062972068787
1640,5,152,0.3970136046409607
1641,5,153,0.380882203578949
1642,5,154,0.4973892569541931
1643,5,155,0.4958767294883728
1644,5,156,0.5681851506233215
1645,5,157,0.3881017863750458
1646,5,158,0.4019324779510498
1647,5,159,0.5352870225906372
1648,5,160,0.4160567820072174
1649,5,161,0.43985337018966675
1650,5,162,0.4597299098968506
1651,5,163,0.38535284996032715
1652,5,164,0.4270799160003662
1653,5,165,0.41423624753952026
1654,5,166,0.3964683413505554
1655,5,167,0.4041972756385803
1656,5,168,0.36084312200546265
1657,5,169,0.44344601035118103
1658,5,170,0.7615746259689331
1659,5,171,0.4057975709438324
1660,5,172,0.4370410442352295
1661,5,173,0.42357125878334045
1662,5,174,0.36100706458091736
1663,5,175,0.4417397975921631
1664,5,176,0.47345972061157227
1665,5,177,0.4360816478729248
1666,5,178,0.47065019607543945
1667,5,179,0.4788288176059723
1668,5,180,0.4372725486755371
1669,5,181,0.511715292930603
1670,5,182,0.41459545493125916
1671,5,183,0.40585416555404663
1672,5,184,0.4153516888618469
1673,5,185,0.3863816261291504
1674,5,186,0.3376493752002716
1675,5,187,0.4008851945400238
1676,5,188,0.3600473701953888
1677,5,189,0.3882881999015808
1678,5,190,0.4319935739040375
1679,5,191,0.36147087812423706
1680,5,192,0.41263192892074585
1681,5,193,0.4021494388580322
1682,5,194,0.31334254145622253
1683,5,195,0.3609272837638855
1684,5,196,0.432643324136734
1685,5,197,0.6084545850753784
1686,5,198,0.3542751669883728
1687,5,199,0.3352261483669281
1688,5,200,0.5144087076187134
1689,5,201,0.4205889105796814
1690,5,202,0.42634838819503784
1691,5,203,0.7769643068313599
1692,5,204,0.48216772079467773
1693,5,205,0.39948922395706177
1694,5,206,0.4180004596710205
1695,5,207,0.4098702073097229
1696,5,208,0.4133380949497223
1697,5,209,0.41396135091781616
1698,5,210,0.3402562737464905
1699,5,211,0.44221562147140503
1700,5,212,0.4752412736415863
1701,5,213,0.38495320081710815
1702,5,214,0.38567185401916504
1703,5,215,0.38578975200653076
1704,5,216,0.3906998634338379
1705,5,217,0.3256983160972595
1706,5,218,0.4359547197818756
1707,5,219,0.4471743702888489
1708,5,220,0.4339287281036377
1709,5,221,0.34324920177459717
1710,5,222,0.38220712542533875
1711,5,223,0.5189081430435181
1712,5,224,0.45053887367248535
1713,5,225,0.35103508830070496
1714,5,226,0.36032646894454956
1715,5,227,0.4204263687133789
1716,5,228,0.4112166464328766
1717,5,229,0.3744455575942993
1718,5,230,0.38986289501190186
1719,5,231,0.553253173828125
1720,5,232,0.4859018325805664
1721,5,233,0.38428181409835815
1722,5,234,0.42677631974220276
1723,5,235,0.3748483657836914
1724,5,236,0.360554039478302
1725,5,237,0.431464284658432
1726,5,238,0.39478033781051636
1727,5,239,0.4458213448524475
1728,5,240,0.4069523811340332
1729,5,241,0.32930535078048706
1730,5,242,0.45071083307266235
1731,5,243,0.3977345824241638
1732,5,244,0.35915058851242065
1733,5,245,0.45466741919517517
1734,5,246,0.5542161464691162
1735,5,247,0.37893420457839966
1736,5,248,0.3975397050380707
1737,5,249,0.3407805562019348
1738,5,250,0.6363188028335571
1739,5,251,0.418069452047348
1740,5,252,0.40520524978637695
1741,5,253,0.3742145597934723
1742,5,254,0.3786827027797699
1743,5,255,0.37488624453544617
1744,5,256,0.4850524067878723
1745,5,257,0.4746578633785248
1746,5,258,0.38212350010871887
1747,5,259,0.4970249533653259
1748,5,260,0.4437495768070221
1749,5,261,0.34941422939300537
1750,5,262,0.3597521185874939
1751,5,263,0.3985443711280823
1752,5,264,0.35361284017562866
1753,5,265,0.4381333887577057
1754,5,266,0.3776400685310364
1755,5,267,0.35575366020202637
1756,5,268,0.34154659509658813
1757,5,269,0.6984827518463135
1758,5,270,0.4424208700656891
1759,5,271,0.4450843930244446
1760,5,272,0.4067977964878082
1761,5,273,0.354559063911438
1762,5,274,0.40349680185317993
1763,5,275,0.3958612084388733
1764,5,276,0.49814191460609436
1765,5,277,0.3896402418613434
1766,5,278,0.44590169191360474
1767,5,279,0.3815039396286011
1768,5,280,0.582080066204071
1769,5,281,0.390017569065094
1770,5,282,0.38949576020240784
1771,5,283,0.3893599510192871
1772,5,284,0.37694281339645386
1773,5,285,0.385832816362381
1774,5,286,0.41021472215652466
1775,5,287,0.4341874122619629
1776,5,288,0.39732784032821655
1777,5,289,0.35954904556274414
1778,5,290,0.42511552572250366
1779,5,291,0.4032188355922699
1780,5,292,0.4410305917263031
1781,5,293,0.39462417364120483
1782,5,294,0.4692533016204834
1783,5,295,0.3712844252586365
1784,5,296,0.648788571357727
1785,5,297,0.38059037923812866
1786,5,298,0.375150591135025
1787,5,299,0.34408631920814514
1788,5,300,0.3907028138637543
1789,5,301,0.41049012541770935
1790,5,302,0.4091256260871887
1791,5,303,0.3759041428565979
1792,5,304,0.38225287199020386
1793,5,305,0.37750524282455444
1794,5,306,0.3649648129940033
1795,5,307,0.3923410475254059
1796,5,308,0.36746591329574585
1797,5,309,0.3528768718242645
1798,5,310,0.3916247487068176
1799,5,311,0.40864038467407227
1800,5,312,0.3577011823654175
1801,5,313,0.5184668302536011
1802,5,314,0.42538243532180786
1803,5,315,0.4501376152038574
1804,5,316,0.3840121328830719
1805,5,317,0.40409207344055176
1806,5,318,0.37568414211273193
1807,5,319,0.5100904703140259
1808,5,320,0.4124283790588379
1809,5,321,0.4111382067203522
1810,5,322,0.38186365365982056
1811,5,323,0.47617268562316895
1812,5,324,0.35634222626686096
1813,5,325,0.34306660294532776
1814,5,326,0.3569672703742981
1815,5,327,0.37498095631599426
1816,5,328,0.3567187488079071
1817,5,329,0.3789878487586975
1818,5,330,0.3509301543235779
1819,5,331,0.4072084426879883
1820,5,332,0.43229228258132935
1821,5,333,0.37455445528030396
1822,5,334,0.41271883249282837
1823,5,335,0.3724439740180969
1824,5,336,0.39128196239471436
1825,5,337,0.36024191975593567
1826,5,338,0.46099719405174255
1827,5,339,0.2927398085594177
1828,5,340,0.3660353124141693
1829,5,341,0.35718458890914917
1830,5,342,0.38826268911361694
1831,5,343,0.31315523386001587
1832,5,344,0.349930077791214
1833,5,345,0.34864380955696106
1834,5,346,0.3673712909221649
1835,5,347,0.3298473060131073
1836,5,348,0.4086192548274994
1837,5,349,0.37231338024139404
1838,5,350,0.4285675883293152
1839,5,351,0.3799535930156708
1840,5,352,0.510694682598114
1841,5,353,0.3424324095249176
1842,5,354,0.5548357367515564
1843,5,355,0.397702693939209
1844,5,356,0.7973291873931885
1845,5,357,0.38248544931411743
1846,5,358,0.3669344484806061
1847,5,359,0.29063448309898376
1848,5,360,0.3634510338306427
1849,5,361,0.4445165693759918
1850,5,362,0.3335169851779938
1851,5,363,0.5322040915489197
1852,5,364,0.3676620125770569
1853,5,365,0.3206159174442291
1854,5,366,0.3614497780799866
1855,5,367,0.30846673250198364
1856,5,368,0.3731931746006012
1857,5,369,0.4021604657173157
1858,5,370,0.3718298673629761
1859,5,371,0.42464813590049744
1860,5,372,0.38747909665107727
1861,6,1,0.4228980541229248
1862,6,2,0.3623155951499939
1863,6,3,0.3703956604003906
1864,6,4,0.46118098497390747
1865,6,5,0.4041048586368561
1866,6,6,0.3892021179199219
1867,6,7,0.3494519591331482
1868,6,8,0.31918781995773315
1869,6,9,0.4124690890312195
1870,6,10,0.417365163564682
1871,6,11,0.32275888323783875
1872,6,12,0.47521406412124634
1873,6,13,0.35706838965415955
1874,6,14,0.36501893401145935
1875,6,15,0.36665523052215576
1876,6,16,0.43240565061569214
1877,6,17,0.39413005113601685
1878,6,18,0.38335686922073364
1879,6,19,0.3411903977394104
1880,6,20,0.2937713861465454
1881,6,21,0.32341739535331726
1882,6,22,0.4060470163822174
1883,6,23,0.3801550567150116
1884,6,24,0.42640429735183716
1885,6,25,0.3610354959964752
1886,6,26,0.36835578083992004
1887,6,27,0.35172638297080994
1888,6,28,0.2938225567340851
1889,6,29,0.528473973274231
1890,6,30,0.35131117701530457
1891,6,31,0.32268399000167847
1892,6,32,0.3215791583061218
1893,6,33,0.4133214056491852
1894,6,34,0.38471150398254395
1895,6,35,0.35059231519699097
1896,6,36,0.28190356492996216
1897,6,37,0.33787739276885986
1898,6,38,0.3441844880580902
1899,6,39,0.3544318675994873
1900,6,40,0.39345216751098633
1901,6,41,0.8166146278381348
1902,6,42,0.3394555449485779
1903,6,43,0.33301034569740295
1904,6,44,0.6617477536201477
1905,6,45,0.3497438132762909
1906,6,46,0.334608256816864
1907,6,47,0.3540615141391754
1908,6,48,0.32522839307785034
1909,6,49,0.34339410066604614
1910,6,50,0.3552471697330475
1911,6,51,0.35141804814338684
1912,6,52,0.30583250522613525
1913,6,53,0.3895988166332245
1914,6,54,0.3936631381511688
1915,6,55,0.27962836623191833
1916,6,56,0.3984904885292053
1917,6,57,0.2767918109893799
1918,6,58,0.387443482875824
1919,6,59,0.492288738489151
1920,6,60,0.3209936320781708
1921,6,61,0.3446808159351349
1922,6,62,0.35719841718673706
1923,6,63,0.3097798824310303
1924,6,64,0.351219117641449
1925,6,65,0.3580090403556824
1926,6,66,0.3899196982383728
1927,6,67,0.38905036449432373
1928,6,68,0.3855142295360565
1929,6,69,0.35734498500823975
1930,6,70,0.48969215154647827
1931,6,71,0.40073713660240173
1932,6,72,0.33606892824172974
1933,6,73,0.3106493353843689
1934,6,74,0.30000466108322144
1935,6,75,0.3779453933238983
1936,6,76,0.3897112011909485
1937,6,77,0.2962760925292969
1938,6,78,0.35654985904693604
1939,6,79,0.34087395668029785
1940,6,80,0.3324298560619354
1941,6,81,0.31799283623695374
1942,6,82,0.3806686997413635
1943,6,83,0.4208652079105377
1944,6,84,0.383293479681015
1945,6,85,0.4443148076534271
1946,6,86,0.3947080969810486
1947,6,87,0.3709011971950531
1948,6,88,0.3323252201080322
1949,6,89,0.3860434889793396
1950,6,90,0.30853715538978577
1951,6,91,0.4042016565799713
1952,6,92,0.4228753447532654
1953,6,93,0.3142312169075012
1954,6,94,0.3189759850502014
1955,6,95,0.31590884923934937
1956,6,96,0.27738243341445923
1957,6,97,0.33307692408561707
1958,6,98,0.2836850583553314
1959,6,99,0.28175345063209534
1960,6,100,0.2973868250846863
1961,6,101,0.3177691102027893
1962,6,102,0.25664421916007996
1963,6,103,0.31993114948272705
1964,6,104,0.4124467372894287
1965,6,105,0.307781457901001
1966,6,106,0.31575503945350647
1967,6,107,0.4445260465145111
1968,6,108,0.31184884905815125
1969,6,109,0.3734893500804901
1970,6,110,0.6676987409591675
1971,6,111,0.3256222605705261
1972,6,112,0.48497849702835083
1973,6,113,0.2800785005092621
1974,6,114,0.3328447937965393
1975,6,115,0.34056299924850464
1976,6,116,0.37080317735671997
1977,6,117,0.3419772982597351
1978,6,118,0.4731752872467041
1979,6,119,0.3408072292804718
1980,6,120,0.36403730511665344
1981,6,121,0.32156533002853394
1982,6,122,0.36382779479026794
1983,6,123,0.3469720482826233
1984,6,124,0.31276988983154297
1985,6,125,0.33175817131996155
1986,6,126,0.29105859994888306
1987,6,127,0.3555479049682617
1988,6,128,0.28746721148490906
1989,6,129,0.3182479739189148
1990,6,130,0.43099746108055115
1991,6,131,0.3526683449745178
1992,6,132,0.38015490770339966
1993,6,133,0.3373160660266876
1994,6,134,0.43291887640953064
1995,6,135,0.36646899580955505
1996,6,136,0.41143879294395447
1997,6,137,0.3984207212924957
1998,6,138,0.39530593156814575
1999,6,139,0.3264029026031494
2000,6,140,0.3330751061439514
2001,6,141,0.4019622206687927
2002,6,142,0.33716148138046265
2003,6,143,0.37235796451568604
2004,6,144,0.3391493260860443
2005,6,145,0.3944856524467468
2006,6,146,0.26029500365257263
2007,6,147,0.31478190422058105
2008,6,148,0.40236157178878784
2009,6,149,0.31868788599967957
2010,6,150,0.3518438935279846
2011,6,151,0.3869163691997528
2012,6,152,0.3059951961040497
2013,6,153,0.40781474113464355
2014,6,154,0.3244760036468506
2015,6,155,0.3482305705547333
2016,6,156,0.38641566038131714
2017,6,157,0.36147329211235046
2018,6,158,0.3078855574131012
2019,6,159,0.36456459760665894
2020,6,160,0.4093119502067566
2021,6,161,0.32672542333602905
2022,6,162,0.3202287256717682
2023,6,163,0.3048728108406067
2024,6,164,0.2839404046535492
2025,6,165,0.32812434434890747
2026,6,166,0.3851024806499481
2027,6,167,0.4040032923221588
2028,6,168,0.339655339717865
2029,6,169,0.28877514600753784
2030,6,170,0.3839723765850067
2031,6,171,0.4268779158592224
2032,6,172,0.29042571783065796
2033,6,173,0.2791195511817932
2034,6,174,0.3968218266963959
2035,6,175,0.31684091687202454
2036,6,176,0.3784043788909912
2037,6,177,0.34192556142807007
2038,6,178,0.29964202642440796
2039,6,179,0.4541704058647156
2040,6,180,0.3502638339996338
2041,6,181,0.3272137939929962
2042,6,182,0.2968582212924957
2043,6,183,0.2940550446510315
2044,6,184,0.2760958969593048
2045,6,185,0.4247223734855652
2046,6,186,0.3645549714565277
2047,6,187,0.3198586106300354
2048,6,188,0.3040449619293213
2049,6,189,0.32163792848587036
2050,6,190,0.275623619556427
2051,6,191,0.32309019565582275
2052,6,192,0.6232976317405701
2053,6,193,0.3749218285083771
2054,6,194,0.29315993189811707
2055,6,195,0.5631307363510132
2056,6,196,0.3334306478500366
2057,6,197,0.2837711572647095
2058,6,198,0.32451143860816956
2059,6,199,0.3306216597557068
2060,6,200,0.32265403866767883
2061,6,201,0.320005863904953
2062,6,202,0.30518412590026855
2063,6,203,0.6368378400802612
2064,6,204,0.29213419556617737
2065,6,205,0.30879920721054077
2066,6,206,0.2781343460083008
2067,6,207,0.3004307448863983
2068,6,208,0.38610905408859253
2069,6,209,0.3829940855503082
2070,6,210,0.3597581684589386
2071,6,211,0.3299430012702942
2072,6,212,0.3317476809024811
2073,6,213,0.409912645816803
2074,6,214,0.40262502431869507
2075,6,215,0.36898893117904663
2076,6,216,0.3035031259059906
2077,6,217,0.3874320387840271
2078,6,218,0.2808976173400879
2079,6,219,0.3899684250354767
2080,6,220,0.425062358379364
2081,6,221,0.6074163913726807
2082,6,222,0.2720746099948883
2083,6,223,0.33163395524024963
2084,6,224,0.3313430845737457
2085,6,225,0.29864436388015747
2086,6,226,0.6309140920639038
2087,6,227,0.40815481543540955
2088,6,228,0.3830583691596985
2089,6,229,0.49702873826026917
2090,6,230,0.32752370834350586
2091,6,231,0.36778369545936584
2092,6,232,0.35744550824165344
2093,6,233,0.3544866442680359
2094,6,234,0.3097279965877533
2095,6,235,0.34217414259910583
2096,6,236,0.39627543091773987
2097,6,237,0.3081112504005432
2098,6,238,0.35927367210388184
2099,6,239,0.3701086640357971
2100,6,240,0.27386459708213806
2101,6,241,0.39770087599754333
2102,6,242,0.3478773534297943
2103,6,243,0.35769417881965637
2104,6,244,0.5898929834365845
2105,6,245,0.349968820810318
2106,6,246,0.3367474675178528
2107,6,247,0.34722548723220825
2108,6,248,0.3623597025871277
2109,6,249,0.43033161759376526
2110,6,250,0.6285402774810791
2111,6,251,0.4310045838356018
2112,6,252,0.3227856755256653
2113,6,253,0.3820399045944214
2114,6,254,0.3523171842098236
2115,6,255,0.3816693425178528
2116,6,256,0.33232417702674866
2117,6,257,0.3821432590484619
2118,6,258,0.332610160112381
2119,6,259,0.38372498750686646
2120,6,260,0.3660164773464203
2121,6,261,0.31406867504119873
2122,6,262,0.3325376808643341
2123,6,263,0.29101449251174927
2124,6,264,0.36566781997680664
2125,6,265,0.2838633060455322
2126,6,266,0.31543049216270447
2127,6,267,0.35426512360572815
2128,6,268,0.2967476546764374
2129,6,269,0.3342492878437042
2130,6,270,0.3170502185821533
2131,6,271,0.35419824719429016
2132,6,272,0.31873267889022827
2133,6,273,0.42411237955093384
2134,6,274,0.29241082072257996
2135,6,275,0.31827107071876526
2136,6,276,0.44635382294654846
2137,6,277,0.3181886076927185
2138,6,278,0.2947032153606415
2139,6,279,0.40795594453811646
2140,6,280,0.364183247089386
2141,6,281,0.2748376131057739
2142,6,282,0.35503557324409485
2143,6,283,0.34763437509536743
2144,6,284,0.5040969252586365
2145,6,285,0.3240959346294403
2146,6,286,0.3670099973678589
2147,6,287,0.29795241355895996
2148,6,288,0.34641391038894653
2149,6,289,0.3370581269264221
2150,6,290,0.30255547165870667
2151,6,291,0.2951989769935608
2152,6,292,0.2727031111717224
2153,6,293,0.3136247396469116
2154,6,294,0.363278865814209
2155,6,295,0.390028715133667
2156,6,296,0.31784412264823914
2157,6,297,0.35693103075027466
2158,6,298,0.43668580055236816
2159,6,299,0.3618064522743225
2160,6,300,0.38584598898887634
2161,6,301,0.30821630358695984
2162,6,302,0.35190996527671814
2163,6,303,0.37433332204818726
2164,6,304,0.3355410099029541
2165,6,305,0.2848123013973236
2166,6,306,0.3438502848148346
2167,6,307,0.2999610900878906
2168,6,308,0.37446171045303345
2169,6,309,0.3481677174568176
2170,6,310,0.33416131138801575
2171,6,311,0.43210721015930176
2172,6,312,0.513190507888794
2173,6,313,0.26984021067619324
2174,6,314,0.35264852643013
2175,6,315,0.3158576786518097
2176,6,316,0.2973054349422455
2177,6,317,0.3502407968044281
2178,6,318,0.27086061239242554
2179,6,319,0.4626224935054779
2180,6,320,0.3515913188457489
2181,6,321,0.3604855537414551
2182,6,322,0.3442278504371643
2183,6,323,0.314833402633667
2184,6,324,0.2811928689479828
2185,6,325,0.35587650537490845
2186,6,326,0.33719107508659363
2187,6,327,0.40487760305404663
2188,6,328,0.38944104313850403
2189,6,329,0.3563430607318878
2190,6,330,0.4636015295982361
2191,6,331,0.2974330484867096
2192,6,332,0.44636446237564087
2193,6,333,0.317003071308136
2194,6,334,0.3401016294956207
2195,6,335,0.3659765124320984
2196,6,336,0.430464506149292
2197,6,337,0.39238429069519043
2198,6,338,0.40337687730789185
2199,6,339,0.27283063530921936
2200,6,340,0.2829241156578064
2201,6,341,0.47296351194381714
2202,6,342,0.3568933606147766
2203,6,343,0.2775733768939972
2204,6,344,0.49528375267982483
2205,6,345,0.2706795036792755
2206,6,346,0.2915656864643097
2207,6,347,0.3265286386013031
2208,6,348,0.39289721846580505
2209,6,349,0.32622259855270386
2210,6,350,0.3285316526889801
2211,6,351,0.33899345993995667
2212,6,352,0.34179073572158813
2213,6,353,0.3176514208316803
2214,6,354,0.26212984323501587
2215,6,355,0.32453030347824097
2216,6,356,0.3158978819847107
2217,6,357,0.3250998854637146
2218,6,358,0.5881739258766174
2219,6,359,0.2735717296600342
2220,6,360,0.33277660608291626
2221,6,361,0.3309168815612793
2222,6,362,0.40672987699508667
2223,6,363,0.2586607336997986
2224,6,364,0.34241604804992676
2225,6,365,0.37236517667770386
2226,6,366,0.2904733121395111
2227,6,367,0.31329572200775146
2228,6,368,0.2691076397895813
2229,6,369,0.2961865961551666
2230,6,370,0.2995290160179138
2231,6,371,0.35350945591926575
2232,6,372,0.7463799715042114
2233,7,1,0.43555670976638794
2234,7,2,0.3430584967136383
2235,7,3,0.30023279786109924
2236,7,4,0.365753710269928
2237,7,5,0.2827215790748596
2238,7,6,0.42290639877319336
2239,7,7,0.3002593219280243
2240,7,8,0.3141680955886841
2241,7,9,0.328386127948761
2242,7,10,0.3067317605018616
2243,7,11,0.30446645617485046
2244,7,12,0.2689639627933502
2245,7,13,0.29129043221473694
2246,7,14,0.31163713335990906
2247,7,15,0.4709699749946594
2248,7,16,0.31597086787223816
2249,7,17,0.3535313308238983
2250,7,18,0.45235133171081543
2251,7,19,0.3587055802345276
2252,7,20,0.3604402542114258
2253,7,21,0.26304516196250916
2254,7,22,0.2864229679107666
2255,7,23,0.3789118230342865
2256,7,24,0.27536192536354065
2257,7,25,0.38002339005470276
2258,7,26,0.2783847451210022
2259,7,27,0.34949177503585815
2260,7,28,0.2765987813472748
2261,7,29,0.2630099952220917
2262,7,30,0.320618599653244
2263,7,31,0.2667420506477356
2264,7,32,0.3026680648326874
2265,7,33,0.30190223455429077
2266,7,34,0.3212874233722687
2267,7,35,0.37501031160354614
2268,7,36,0.32280105352401733
2269,7,37,0.31613123416900635
2270,7,38,0.32175055146217346
2271,7,39,0.3235120177268982
2272,7,40,0.3131508231163025
2273,7,41,0.40333351492881775
2274,7,42,0.26249533891677856
2275,7,43,0.31647372245788574
2276,7,44,0.34527722001075745
2277,7,45,0.342883825302124
2278,7,46,0.37651416659355164
2279,7,47,0.30485501885414124
2280,7,48,0.24160797894001007
2281,7,49,0.29919540882110596
2282,7,50,0.30432194471359253
2283,7,51,0.3008715510368347
2284,7,52,0.3640950918197632
2285,7,53,0.26889100670814514
2286,7,54,0.3038552403450012
2287,7,55,0.2580038011074066
2288,7,56,0.2902662754058838
2289,7,57,0.3910204768180847
2290,7,58,0.3407149016857147
2291,7,59,0.26051637530326843
2292,7,60,0.5331718325614929
2293,7,61,0.27139905095100403
2294,7,62,0.33492639660835266
2295,7,63,0.27888479828834534
2296,7,64,0.27994686365127563
2297,7,65,0.31903284788131714
2298,7,66,0.2794939875602722
2299,7,67,0.3215785324573517
2300,7,68,0.32836923003196716
2301,7,69,0.28665095567703247
2302,7,70,0.27949124574661255
2303,7,71,0.31594401597976685
2304,7,72,0.24793465435504913
2305,7,73,0.37563619017601013
2306,7,74,0.2598336338996887
2307,7,75,0.3044464886188507
2308,7,76,0.2822408676147461
2309,7,77,0.3161158561706543
2310,7,78,0.25658681988716125
2311,7,79,0.3145875334739685
2312,7,80,0.25422635674476624
2313,7,81,0.2831334173679352
2314,7,82,0.3377607762813568
2315,7,83,0.33749231696128845
2316,7,84,0.23842358589172363
2317,7,85,0.3141663670539856
2318,7,86,0.24348601698875427
2319,7,87,0.29848307371139526
2320,7,88,0.26213473081588745
2321,7,89,0.26954737305641174
2322,7,90,0.3362368643283844
2323,7,91,0.26616209745407104
2324,7,92,0.286200612783432
2325,7,93,0.29297348856925964
2326,7,94,0.33147674798965454
2327,7,95,0.3224550783634186
2328,7,96,0.3321416974067688
2329,7,97,0.5493632555007935
2330,7,98,0.307129830121994
2331,7,99,0.26313966512680054
2332,7,100,0.3346354365348816
2333,7,101,0.25769537687301636
2334,7,102,0.27374935150146484
2335,7,103,0.29879432916641235
2336,7,104,0.281797856092453
2337,7,105,0.3647998571395874
2338,7,106,0.31661930680274963
2339,7,107,0.36382585763931274
2340,7,108,0.3030681014060974
2341,7,109,0.30584007501602173
2342,7,110,0.31339114904403687
2343,7,111,0.29120537638664246
2344,7,112,0.2677455544471741
2345,7,113,0.26438066363334656
2346,7,114,0.25071433186531067
2347,7,115,0.2490091770887375
2348,7,116,0.3250834345817566
2349,7,117,0.39254480600357056
2350,7,118,0.29551932215690613
2351,7,119,0.28671497106552124
2352,7,120,0.23929862678050995
2353,7,121,0.6157431602478027
2354,7,122,0.2789067327976227
2355,7,123,0.2842010259628296
2356,7,124,0.31515806913375854
2357,7,125,0.2867915630340576
2358,7,126,0.24542124569416046
2359,7,127,0.28846365213394165
2360,7,128,0.3812130093574524
2361,7,129,0.44753313064575195
2362,7,130,0.34051141142845154
2363,7,131,0.36683085560798645
2364,7,132,0.2659609615802765
2365,7,133,0.3800809979438782
2366,7,134,0.28165751695632935
2367,7,135,0.2736075520515442
2368,7,136,0.3222963511943817
2369,7,137,0.29148203134536743
2370,7,138,0.3008579909801483
2371,7,139,0.25194111466407776
2372,7,140,0.33255690336227417
2373,7,141,0.26336461305618286
2374,7,142,0.28960174322128296
2375,7,143,0.31015872955322266
2376,7,144,0.29825204610824585
2377,7,145,0.3204156756401062
2378,7,146,0.25973477959632874
2379,7,147,0.25402435660362244
2380,7,148,0.34024569392204285
2381,7,149,0.2743395268917084
2382,7,150,0.2716856896877289
2383,7,151,0.3178170323371887
2384,7,152,0.31460610032081604
2385,7,153,0.295503169298172
2386,7,154,0.4583071768283844
2387,7,155,0.26051944494247437
2388,7,156,0.38118821382522583
2389,7,157,0.26772958040237427
2390,7,158,0.36044585704803467
2391,7,159,0.25755631923675537
2392,7,160,0.28471845388412476
2393,7,161,0.3188723921775818
2394,7,162,0.27654966711997986
2395,7,163,0.2756724953651428
2396,7,164,0.3134117126464844
2397,7,165,0.27366966009140015
2398,7,166,0.2609902024269104
2399,7,167,0.24943724274635315
2400,7,168,0.3070082366466522
2401,7,169,0.4017014503479004
2402,7,170,0.24254019558429718
2403,7,171,0.30313870310783386
2404,7,172,0.2547014057636261
2405,7,173,0.33375969529151917
2406,7,174,0.30188649892807007
2407,7,175,0.2918434739112854
2408,7,176,0.27808746695518494
2409,7,177,0.2810496389865875
2410,7,178,0.2831350862979889
2411,7,179,0.26680776476860046
2412,7,180,0.3311800956726074
2413,7,181,0.30357763171195984
2414,7,182,0.2685052752494812
2415,7,183,0.29703325033187866
2416,7,184,0.2746409773826599
2417,7,185,0.3834560513496399
2418,7,186,0.26759475469589233
2419,7,187,0.32511287927627563
2420,7,188,0.28360992670059204
2421,7,189,0.3077494204044342
2422,7,190,0.22370389103889465
2423,7,191,0.4014061987400055
2424,7,192,0.251015841960907
2425,7,193,0.24570786952972412
2426,7,194,0.5367504358291626
2427,7,195,0.274201363325119
2428,7,196,0.26721978187561035
2429,7,197,0.23348836600780487
2430,7,198,0.29729002714157104
2431,7,199,0.2810567319393158
2432,7,200,0.32501450181007385
2433,7,201,0.26041311025619507
2434,7,202,0.2381214201450348
2435,7,203,0.31118184328079224
2436,7,204,0.3130655884742737
2437,7,205,0.25283706188201904
2438,7,206,0.3612428307533264
2439,7,207,0.23325058817863464
2440,7,208,0.35297349095344543
2441,7,209,0.3215499520301819
2442,7,210,0.25409775972366333
2443,7,211,0.3244193494319916
2444,7,212,0.2928146719932556
2445,7,213,0.2619854509830475
2446,7,214,0.26453697681427
2447,7,215,0.24223418533802032
2448,7,216,0.26610323786735535
2449,7,217,0.23160919547080994
2450,7,218,0.24736526608467102
2451,7,219,0.258977472782135
2452,7,220,0.34401842951774597
2453,7,221,0.3072182536125183
2454,7,222,0.37041622400283813
2455,7,223,0.6320650577545166
2456,7,224,0.23366883397102356
2457,7,225,0.3159751296043396
2458,7,226,0.28290921449661255
2459,7,227,0.3756471276283264
2460,7,228,0.3120329976081848
2461,7,229,0.2828548550605774
2462,7,230,0.3036418855190277
2463,7,231,0.23864547908306122
2464,7,232,0.5662696361541748
2465,7,233,0.24814172089099884
2466,7,234,0.3632771670818329
2467,7,235,0.3268982172012329
2468,7,236,0.26993533968925476
2469,7,237,0.30686020851135254
2470,7,238,0.26552826166152954
2471,7,239,0.38592296838760376
2472,7,240,0.28756681084632874
2473,7,241,0.6093938946723938
2474,7,242,0.29952383041381836
2475,7,243,0.2618800699710846
2476,7,244,0.33551597595214844
2477,7,245,0.2613367438316345
2478,7,246,0.29007285833358765
2479,7,247,0.30500179529190063
2480,7,248,0.27813369035720825
2481,7,249,0.2893902361392975
2482,7,250,0.29788175225257874
2483,7,251,0.23620624840259552
2484,7,252,0.3275313675403595
2485,7,253,0.30026859045028687
2486,7,254,0.2550447881221771
2487,7,255,0.31169575452804565
2488,7,256,0.24207791686058044
2489,7,257,0.3195759654045105
2490,7,258,0.2532575726509094
2491,7,259,0.44484490156173706
2492,7,260,0.2573099732398987
2493,7,261,0.32924705743789673
2494,7,262,0.2736373543739319
2495,7,263,0.3247748613357544
2496,7,264,0.2761719822883606
2497,7,265,0.2632945775985718
2498,7,266,0.21895837783813477
2499,7,267,0.3457338809967041
2500,7,268,0.34727743268013
2501,7,269,0.30520957708358765
2502,7,270,0.2516312897205353
2503,7,271,0.2449263632297516
2504,7,272,0.3342353105545044
2505,7,273,0.23779478669166565
2506,7,274,0.36564183235168457
2507,7,275,0.29146966338157654
2508,7,276,0.2816714942455292
2509,7,277,0.3720093369483948
2510,7,278,0.3057636618614197
2511,7,279,0.21700069308280945
2512,7,280,0.289763867855072
2513,7,281,0.2436390221118927
2514,7,282,0.3035300076007843
2515,7,283,0.2934350371360779
2516,7,284,0.28567057847976685
2517,7,285,0.2909736633300781
2518,7,286,0.3072477877140045
2519,7,287,0.24922232329845428
2520,7,288,0.26170164346694946
2521,7,289,0.21194681525230408
2522,7,290,0.29376500844955444
2523,7,291,0.26943567395210266
2524,7,292,0.33556312322616577
2525,7,293,0.34849172830581665
2526,7,294,0.3652384579181671
2527,7,295,0.341406911611557
2528,7,296,0.2850325107574463
2529,7,297,0.31888705492019653
2530,7,298,0.36921459436416626
2531,7,299,0.27765709161758423
2532,7,300,0.2872229218482971
2533,7,301,0.2559545636177063
2534,7,302,0.22348745167255402
2535,7,303,0.24922826886177063
2536,7,304,0.21482686698436737
2537,7,305,0.23932990431785583
2538,7,306,0.24002742767333984
2539,7,307,0.35991519689559937
2540,7,308,0.2807258367538452
2541,7,309,0.3099063038825989
2542,7,310,0.24159467220306396
2543,7,311,0.26005154848098755
2544,7,312,0.3791426122188568
2545,7,313,0.2757401764392853
2546,7,314,0.2912229895591736
2547,7,315,0.2409925013780594
2548,7,316,0.38204580545425415
2549,7,317,0.3457437753677368
2550,7,318,0.35977914929389954
2551,7,319,0.29768097400665283
2552,7,320,0.2281053066253662
2553,7,321,0.20867237448692322
2554,7,322,0.2881259024143219
2555,7,323,0.31034499406814575
2556,7,324,0.3552202582359314
2557,7,325,0.2930010259151459
2558,7,326,0.3119608759880066
2559,7,327,0.35919851064682007
2560,7,328,0.2822939455509186
2561,7,329,0.24638631939888
2562,7,330,0.2993137836456299
2563,7,331,0.2616529166698456
2564,7,332,0.5785340666770935
2565,7,333,0.41524285078048706
2566,7,334,0.3192409873008728
2567,7,335,0.31326737999916077
2568,7,336,0.2667315900325775
2569,7,337,0.34861594438552856
2570,7,338,0.26993733644485474
2571,7,339,0.2788310945034027
2572,7,340,0.29981857538223267
2573,7,341,0.2501761019229889
2574,7,342,0.34191638231277466
2575,7,343,0.3137250244617462
2576,7,344,0.29445478320121765
2577,7,345,0.27268409729003906
2578,7,346,0.2588101923465729
2579,7,347,0.36162158846855164
2580,7,348,0.2710280418395996
2581,7,349,0.32853907346725464
2582,7,350,0.3165215849876404
2583,7,351,0.30821162462234497
2584,7,352,0.2590258717536926
2585,7,353,0.30250251293182373
2586,7,354,0.2413637936115265
2587,7,355,0.30881795287132263
2588,7,356,0.29209405183792114
2589,7,357,0.29523327946662903
2590,7,358,0.617149829864502
2591,7,359,0.2897319793701172
2592,7,360,0.6000272035598755
2593,7,361,0.288663774728775
2594,7,362,0.29154202342033386
2595,7,363,0.26953914761543274
2596,7,364,0.2895978093147278
2597,7,365,0.2733543813228607
2598,7,366,0.3140062689781189
2599,7,367,0.3415922522544861
2600,7,368,0.3192155361175537
2601,7,369,0.278575599193573
2602,7,370,0.24027559161186218
2603,7,371,0.2732243537902832
2604,7,372,0.7255508303642273
2605,8,1,0.2537219524383545
2606,8,2,0.2578953802585602
2607,8,3,0.31983381509780884
2608,8,4,0.3044480085372925
2609,8,5,0.22104337811470032
2610,8,6,0.21501080691814423
2611,8,7,0.21680617332458496
2612,8,8,0.4220404028892517
2613,8,9,0.2685635983943939
2614,8,10,0.42486372590065
2615,8,11,0.27708861231803894
2616,8,12,0.3200382888317108
2617,8,13,0.4537363052368164
2618,8,14,0.24808061122894287
2619,8,15,0.5493078827857971
2620,8,16,0.2654121518135071
2621,8,17,0.26671403646469116
2622,8,18,0.21173147857189178
2623,8,19,0.3111601769924164
2624,8,20,0.29131776094436646
2625,8,21,0.3299255967140198
2626,8,22,0.2597626745700836
2627,8,23,0.23285555839538574
2628,8,24,0.2605185806751251
2629,8,25,0.234169602394104
2630,8,26,0.24598336219787598
2631,8,27,0.24963955581188202
2632,8,28,0.23146256804466248
2633,8,29,0.2339802086353302
2634,8,30,0.23428916931152344
2635,8,31,0.31214919686317444
2636,8,32,0.2930416464805603
2637,8,33,0.5054470300674438
2638,8,34,0.1891775280237198
2639,8,35,0.23375622928142548
2640,8,36,0.31240206956863403
2641,8,37,0.3372751474380493
2642,8,38,0.25484499335289
2643,8,39,0.27145302295684814
2644,8,40,0.24162247776985168
2645,8,41,0.259147584438324
2646,8,42,0.3609845042228699
2647,8,43,0.3874320685863495
2648,8,44,0.2468232810497284
2649,8,45,0.2045564204454422
2650,8,46,0.30414754152297974
2651,8,47,0.2851070463657379
2652,8,48,0.2955802083015442
2653,8,49,0.28172630071640015
2654,8,50,0.3379135727882385
2655,8,51,0.22789692878723145
2656,8,52,0.3414376974105835
2657,8,53,0.3087714612483978
2658,8,54,0.3263828158378601
2659,8,55,0.20114484429359436
2660,8,56,0.3362087607383728
2661,8,57,0.26542842388153076
2662,8,58,0.24613074958324432
2663,8,59,0.23618635535240173
2664,8,60,0.3090376853942871
2665,8,61,0.2723383605480194
2666,8,62,0.28500455617904663
2667,8,63,0.36173510551452637
2668,8,64,0.3006412982940674
2669,8,65,0.33537524938583374
2670,8,66,0.24504506587982178
2671,8,67,0.2811148762702942
2672,8,68,0.24047794938087463
2673,8,69,0.2891327440738678
2674,8,70,0.2618620693683624
2675,8,71,0.27927249670028687
2676,8,72,0.2293454110622406
2677,8,73,0.24485187232494354
2678,8,74,0.22808174788951874
2679,8,75,0.2328297197818756
2680,8,76,0.2413921356201172
2681,8,77,0.2513768672943115
2682,8,78,0.2253400832414627
2683,8,79,0.5574204325675964
2684,8,80,0.3307521343231201
2685,8,81,0.2531716823577881
2686,8,82,0.2722928524017334
2687,8,83,0.4131685197353363
2688,8,84,0.22402457892894745
2689,8,85,0.33410078287124634
2690,8,86,0.2380090206861496
2691,8,87,0.2038954794406891
2692,8,88,0.2774820923805237
2693,8,89,0.3056170642375946
2694,8,90,0.2632267475128174
2695,8,91,0.3561480939388275
2696,8,92,0.24196624755859375
2697,8,93,0.2337784767150879
2698,8,94,0.2666033208370209
2699,8,95,0.304025799036026
2700,8,96,0.2712949812412262
2701,8,97,0.25456899404525757
2702,8,98,0.19330492615699768
2703,8,99,0.20407640933990479
2704,8,100,0.33309537172317505
2705,8,101,0.28692030906677246
2706,8,102,0.25131621956825256
2707,8,103,0.28420549631118774
2708,8,104,0.24293121695518494
2709,8,105,0.2775891423225403
2710,8,106,0.22522923350334167
2711,8,107,0.2636243402957916
2712,8,108,0.34970325231552124
2713,8,109,0.2526141107082367
2714,8,110,0.25237295031547546
2715,8,111,0.30134132504463196
2716,8,112,0.20519189536571503
2717,8,113,0.2635926306247711
2718,8,114,0.24225938320159912
2719,8,115,0.29373177886009216
2720,8,116,0.5127524733543396
2721,8,117,0.2626686692237854
2722,8,118,0.2252444326877594
2723,8,119,0.2859002947807312
2724,8,120,0.3104148507118225
2725,8,121,0.22176377475261688
2726,8,122,0.27508842945098877
2727,8,123,0.2347410023212433
2728,8,124,0.2911665439605713
2729,8,125,0.25339967012405396
2730,8,126,0.2655564844608307
2731,8,127,0.2047118842601776
2732,8,128,0.2154330313205719
2733,8,129,0.2329850196838379
2734,8,130,0.290815532207489
2735,8,131,0.2906140387058258
2736,8,132,0.2863812744617462
2737,8,133,0.2500825822353363
2738,8,134,0.19994744658470154
2739,8,135,0.2801712453365326
2740,8,136,0.30638235807418823
2741,8,137,0.2782246470451355
2742,8,138,0.23799273371696472
2743,8,139,0.22682276368141174
2744,8,140,0.41023358702659607
2745,8,141,0.2343713343143463
2746,8,142,0.1984003484249115
2747,8,143,0.2785922586917877
2748,8,144,0.26790663599967957
2749,8,145,0.3405909240245819
2750,8,146,0.2602057158946991
2751,8,147,0.2443421334028244
2752,8,148,0.2838565707206726
2753,8,149,0.3151317238807678
2754,8,150,0.24098274111747742
2755,8,151,0.23659822344779968
2756,8,152,0.27340465784072876
2757,8,153,0.3034301698207855
2758,8,154,0.20208099484443665
2759,8,155,0.22491152584552765
2760,8,156,0.3269374966621399
2761,8,157,0.21874964237213135
2762,8,158,0.22533121705055237
2763,8,159,0.21603234112262726
2764,8,160,0.2939509153366089
2765,8,161,0.29950785636901855
2766,8,162,0.23104245960712433
2767,8,163,0.287331223487854
2768,8,164,0.3278701901435852
2769,8,165,0.23747067153453827
2770,8,166,0.24585886299610138
2771,8,167,0.21937696635723114
2772,8,168,0.30109432339668274
2773,8,169,0.21571651101112366
2774,8,170,0.2372698336839676
2775,8,171,0.2409355640411377
2776,8,172,0.34280791878700256
2777,8,173,0.2727169096469879
2778,8,174,0.24075821042060852
2779,8,175,0.2416587620973587
2780,8,176,0.3211906850337982
2781,8,177,0.23177313804626465
2782,8,178,0.22453108429908752
2783,8,179,0.27266427874565125
2784,8,180,0.24906134605407715
2785,8,181,0.34081825613975525
2786,8,182,0.21507123112678528
2787,8,183,0.18687491118907928
2788,8,184,0.2554066777229309
2789,8,185,0.2462894171476364
2790,8,186,0.25691717863082886
2791,8,187,0.2651502192020416
2792,8,188,0.6022091507911682
2793,8,189,0.3299151062965393
2794,8,190,0.21153537929058075
2795,8,191,0.2728191912174225
2796,8,192,0.25106388330459595
2797,8,193,0.20993416011333466
2798,8,194,0.22450903058052063
2799,8,195,0.20792946219444275
2800,8,196,0.3005484640598297
2801,8,197,0.24330809712409973
2802,8,198,0.2414093017578125
2803,8,199,0.2887069582939148
2804,8,200,0.3234299421310425
2805,8,201,0.25696516036987305
2806,8,202,0.2913735508918762
2807,8,203,0.28463631868362427
2808,8,204,0.33838942646980286
2809,8,205,0.2651217579841614
2810,8,206,0.23085519671440125
2811,8,207,0.5871354341506958
2812,8,208,0.248770073056221
2813,8,209,0.28487086296081543
2814,8,210,0.27266576886177063
2815,8,211,0.2758117616176605
2816,8,212,0.2459709197282791
2817,8,213,0.28931373357772827
2818,8,214,0.2953324019908905
2819,8,215,0.3063131272792816
2820,8,216,0.34816470742225647
2821,8,217,0.28459540009498596
2822,8,218,0.22852353751659393
2823,8,219,0.248207688331604
2824,8,220,0.24397525191307068
2825,8,221,0.23256269097328186
2826,8,222,0.2493133544921875
2827,8,223,0.23540830612182617
2828,8,224,0.309603750705719
2829,8,225,0.25261685252189636
2830,8,226,0.2625046670436859
2831,8,227,0.2704022228717804
2832,8,228,0.3005777895450592
2833,8,229,0.29026660323143005
2834,8,230,0.28226524591445923
2835,8,231,0.3332124352455139
2836,8,232,0.2261357605457306
2837,8,233,0.2520117163658142
2838,8,234,0.3467644155025482
2839,8,235,0.26237183809280396
2840,8,236,0.23614084720611572
2841,8,237,0.26468580961227417
2842,8,238,0.2847002148628235
2843,8,239,0.29169538617134094
2844,8,240,0.2969469428062439
2845,8,241,0.23888926208019257
2846,8,242,0.41237273812294006
2847,8,243,0.1866559535264969
2848,8,244,0.276904821395874
2849,8,245,0.20530959963798523
2850,8,246,0.5657015442848206
2851,8,247,0.2654910683631897
2852,8,248,0.2243882715702057
2853,8,249,0.28239989280700684
2854,8,250,0.2777198851108551
2855,8,251,0.28556108474731445
2856,8,252,0.2916792035102844
2857,8,253,0.3066175580024719
2858,8,254,0.23881778120994568
2859,8,255,0.28650525212287903
2860,8,256,0.26873937249183655
2861,8,257,0.25178197026252747
2862,8,258,0.292493611574173
2863,8,259,0.21073171496391296
2864,8,260,0.29238325357437134
2865,8,261,0.20267292857170105
2866,8,262,0.5582445859909058
2867,8,263,0.22778145968914032
2868,8,264,0.2538808286190033
2869,8,265,0.3050094246864319
2870,8,266,0.2390151023864746
2871,8,267,0.23650462925434113
2872,8,268,0.2800731956958771
2873,8,269,0.2537035644054413
2874,8,270,0.24883869290351868
2875,8,271,0.2822907865047455
2876,8,272,0.23754027485847473
2877,8,273,0.2645866572856903
2878,8,274,0.29622241854667664
2879,8,275,0.22622552514076233
2880,8,276,0.30477580428123474
2881,8,277,0.3188284933567047
2882,8,278,0.29364368319511414
2883,8,279,0.22730925679206848
2884,8,280,0.2214859426021576
2885,8,281,0.2878861129283905
2886,8,282,0.27582865953445435
2887,8,283,0.23540139198303223
2888,8,284,0.27714449167251587
2889,8,285,0.30585891008377075
2890,8,286,0.229832261800766
2891,8,287,0.22432124614715576
2892,8,288,0.24807247519493103
2893,8,289,0.21698196232318878
2894,8,290,0.22421535849571228
2895,8,291,0.24886775016784668
2896,8,292,0.39385101199150085
2897,8,293,0.2435503751039505
2898,8,294,0.23822888731956482
2899,8,295,0.24922354519367218
2900,8,296,0.28891098499298096
2901,8,297,0.25451961159706116
2902,8,298,0.22453626990318298
2903,8,299,0.23903343081474304
2904,8,300,0.21943244338035583
2905,8,301,0.3070267140865326
2906,8,302,0.2348620891571045
2907,8,303,0.25596022605895996
2908,8,304,0.24892917275428772
2909,8,305,0.2299470603466034
2910,8,306,0.24894118309020996
2911,8,307,0.300914466381073
2912,8,308,0.38771647214889526
2913,8,309,0.28305500745773315
2914,8,310,0.255642831325531
2915,8,311,0.29074710607528687
2916,8,312,0.24353286623954773
2917,8,313,0.21790754795074463
2918,8,314,0.2466055452823639
2919,8,315,0.32282549142837524
2920,8,316,0.2007637470960617
2921,8,317,0.25119858980178833
2922,8,318,0.3043587803840637
2923,8,319,0.2335015833377838
2924,8,320,0.2568270266056061
2925,8,321,0.24348613619804382
2926,8,322,0.2775835394859314
2927,8,323,0.24199490249156952
2928,8,324,0.3122614920139313
2929,8,325,0.19748756289482117
2930,8,326,0.2405546009540558
2931,8,327,0.2155490666627884
2932,8,328,0.22174477577209473
2933,8,329,0.26234403252601624
2934,8,330,0.30427977442741394
2935,8,331,0.21034422516822815
2936,8,332,0.2907903790473938
2937,8,333,0.2954714596271515
2938,8,334,0.261544406414032
2939,8,335,0.6079176664352417
2940,8,336,0.20854023098945618
2941,8,337,0.5867305994033813
2942,8,338,0.3066830039024353
2943,8,339,0.21048645675182343
2944,8,340,0.2850646674633026
2945,8,341,0.2579095661640167
2946,8,342,0.2195962369441986
2947,8,343,0.2512281537055969
2948,8,344,0.5399984121322632
2949,8,345,0.2636609673500061
2950,8,346,0.2646148204803467
2951,8,347,0.27658185362815857
2952,8,348,0.2256334125995636
2953,8,349,0.2439655065536499
2954,8,350,0.22974035143852234
2955,8,351,0.23801210522651672
2956,8,352,0.2507633566856384
2957,8,353,0.2381095439195633
2958,8,354,0.3341829180717468
2959,8,355,0.21971340477466583
2960,8,356,0.26257938146591187
2961,8,357,0.22505800426006317
2962,8,358,0.2453487664461136
2963,8,359,0.2653573453426361
2964,8,360,0.2376880943775177
2965,8,361,0.27309495210647583
2966,8,362,0.29024046659469604
2967,8,363,0.24961698055267334
2968,8,364,0.2458241730928421
2969,8,365,0.2762035131454468
2970,8,366,0.24385616183280945
2971,8,367,0.24462616443634033
2972,8,368,0.24955876171588898
2973,8,369,0.3042033612728119
2974,8,370,0.19982250034809113
2975,8,371,0.36321601271629333
2976,8,372,0.24520352482795715
2977,9,1,0.23231062293052673
2978,9,2,0.27185648679733276
2979,9,3,0.2251390963792801
2980,9,4,0.22389420866966248
2981,9,5,0.2543281316757202
2982,9,6,0.23006653785705566
2983,9,7,0.26914292573928833
2984,9,8,0.27389582991600037
2985,9,9,0.26531776785850525
2986,9,10,0.22971031069755554
2987,9,11,0.30203327536582947
2988,9,12,0.29604095220565796
2989,9,13,0.2220638543367386
2990,9,14,0.25713592767715454
2991,9,15,0.2557811737060547
2992,9,16,0.3665969967842102
2993,9,17,0.211438849568367
2994,9,18,0.21978478133678436
2995,9,19,0.21699564158916473
2996,9,20,0.23047864437103271
2997,9,21,0.30689412355422974
2998,9,22,0.25025489926338196
2999,9,23,0.26510030031204224
3000,9,24,0.22555992007255554
3001,9,25,0.29632192850112915
3002,9,26,0.2215825319290161
3003,9,27,0.2175619900226593
3004,9,28,0.24855811893939972
3005,9,29,0.26082220673561096
3006,9,30,0.22385235130786896
3007,9,31,0.2649618983268738
3008,9,32,0.25857916474342346
3009,9,33,0.24329856038093567
3010,9,34,0.21952807903289795
3011,9,35,0.23950549960136414
3012,9,36,0.27100512385368347
3013,9,37,0.29797613620758057
3014,9,38,0.21588297188282013
3015,9,39,0.2017480432987213
3016,9,40,0.2554263472557068
3017,9,41,0.2939267158508301
3018,9,42,0.24995926022529602
3019,9,43,0.24282309412956238
3020,9,44,0.19897107779979706
3021,9,45,0.2222621887922287
3022,9,46,0.21590813994407654
3023,9,47,0.24605555832386017
3024,9,48,0.2476228028535843
3025,9,49,0.24000616371631622
3026,9,50,0.23338882625102997
3027,9,51,0.2532549500465393
3028,9,52,0.26774707436561584
3029,9,53,0.2906409502029419
3030,9,54,0.23219871520996094
3031,9,55,0.20472820103168488
3032,9,56,0.2716410756111145
3033,9,57,0.19684627652168274
3034,9,58,0.2119021862745285
3035,9,59,0.2647520899772644
3036,9,60,0.2998811900615692
3037,9,61,0.20593269169330597
3038,9,62,0.20315320789813995
3039,9,63,0.22811952233314514
3040,9,64,0.22154366970062256
3041,9,65,0.2546488642692566
3042,9,66,0.3398872911930084
3043,9,67,0.23805120587348938
3044,9,68,0.2426120936870575
3045,9,69,0.283160537481308
3046,9,70,0.21543657779693604
3047,9,71,0.1948864758014679
3048,9,72,0.2170465737581253
3049,9,73,0.23012423515319824
3050,9,74,0.23817750811576843
3051,9,75,0.2180519998073578
3052,9,76,0.2175002098083496
3053,9,77,0.24480214715003967
3054,9,78,0.21586279571056366
3055,9,79,0.27109840512275696
3056,9,80,0.22865450382232666
3057,9,81,0.23427355289459229
3058,9,82,0.27351289987564087
3059,9,83,0.19763021171092987
3060,9,84,0.24162693321704865
3061,9,85,0.2714305520057678
3062,9,86,0.1940087378025055
3063,9,87,0.23416844010353088
3064,9,88,0.2758732736110687
3065,9,89,0.2191028594970703
3066,9,90,0.24124780297279358
3067,9,91,0.2627221941947937
3068,9,92,0.22217293083667755
3069,9,93,0.27249425649642944
3070,9,94,0.2756899893283844
3071,9,95,0.32219570875167847
3072,9,96,0.2739538848400116
3073,9,97,0.2768637239933014
3074,9,98,0.23459377884864807
3075,9,99,0.21674606204032898
3076,9,100,0.20822422206401825
3077,9,101,0.24273140728473663
3078,9,102,0.2350393533706665
3079,9,103,0.2045861780643463
3080,9,104,0.21149976551532745
3081,9,105,0.2635434865951538
3082,9,106,0.1849612444639206
3083,9,107,0.2322917878627777
3084,9,108,0.20719072222709656
3085,9,109,0.21596820652484894
3086,9,110,0.3146319091320038
3087,9,111,0.24216563999652863
3088,9,112,0.22810180485248566
3089,9,113,0.22138293087482452
3090,9,114,0.22180864214897156
3091,9,115,0.20971155166625977
3092,9,116,0.168298602104187
3093,9,117,0.23951944708824158
3094,9,118,0.22443611919879913
3095,9,119,0.27801740169525146
3096,9,120,0.19059565663337708
3097,9,121,0.2051166296005249
3098,9,122,0.26021915674209595
3099,9,123,0.5774997472763062
3100,9,124,0.26639676094055176
3101,9,125,0.1759141981601715
3102,9,126,0.2076142132282257
3103,9,127,0.2066870927810669
3104,9,128,0.22480137646198273
3105,9,129,0.2260347306728363
3106,9,130,0.2378510981798172
3107,9,131,0.18751995265483856
3108,9,132,0.2578733563423157
3109,9,133,0.20094034075737
3110,9,134,0.3605809807777405
3111,9,135,0.8420039415359497
3112,9,136,0.19082437455654144
3113,9,137,0.21031597256660461
3114,9,138,0.24037142097949982
3115,9,139,0.24355021119117737
3116,9,140,0.2882708013057709
3117,9,141,0.23164129257202148
3118,9,142,0.2502168118953705
3119,9,143,0.2694843113422394
3120,9,144,0.29757338762283325
3121,9,145,0.23096784949302673
3122,9,146,0.3003808856010437
3123,9,147,0.20690643787384033
3124,9,148,0.2671862244606018
3125,9,149,0.23621132969856262
3126,9,150,0.21303299069404602
3127,9,151,0.28231579065322876
3128,9,152,0.23330990970134735
3129,9,153,0.22573304176330566
3130,9,154,0.2055165320634842
3131,9,155,0.2434992790222168
3132,9,156,0.23162741959095
3133,9,157,0.22820158302783966
3134,9,158,0.20356957614421844
3135,9,159,0.228010892868042
3136,9,160,0.2149970531463623
3137,9,161,0.2601812779903412
3138,9,162,0.5854408740997314
3139,9,163,0.21511468291282654
3140,9,164,0.25467485189437866
3141,9,165,0.23422786593437195
3142,9,166,0.4630921483039856
3143,9,167,0.34152141213417053
3144,9,168,0.362214058637619
3145,9,169,0.2012975960969925
3146,9,170,0.18500785529613495
3147,9,171,0.20414802432060242
3148,9,172,0.23621372878551483
3149,9,173,0.2505936324596405
3150,9,174,0.27447038888931274
3151,9,175,0.191619411110878
3152,9,176,0.22470912337303162
3153,9,177,0.2309676855802536
3154,9,178,0.2779110074043274
3155,9,179,0.24921803176403046
3156,9,180,0.23960785567760468
3157,9,181,0.22313427925109863
3158,9,182,0.18272726237773895
3159,9,183,0.24162888526916504
3160,9,184,0.22129592299461365
3161,9,185,0.2247363030910492
3162,9,186,0.24957258999347687
3163,9,187,0.22918817400932312
3164,9,188,0.3418245017528534
3165,9,189,0.5176443457603455
3166,9,190,0.2765708863735199
3167,9,191,0.23589618504047394
3168,9,192,0.21991154551506042
3169,9,193,0.19103462994098663
3170,9,194,0.34149253368377686
3171,9,195,0.32265612483024597
3172,9,196,0.2136029452085495
3173,9,197,0.19616656005382538
3174,9,198,0.1915469765663147
3175,9,199,0.2504340708255768
3176,9,200,0.22281523048877716
3177,9,201,0.3160709738731384
3178,9,202,0.2573853135108948
3179,9,203,0.19956251978874207
3180,9,204,0.2059725970029831
3181,9,205,0.28427091240882874
3182,9,206,0.2091977894306183
3183,9,207,0.1929892599582672
3184,9,208,0.2055160105228424
3185,9,209,0.22829775512218475
3186,9,210,0.24117855727672577
3187,9,211,0.23895354568958282
3188,9,212,0.562235951423645
3189,9,213,0.21770426630973816
3190,9,214,0.26780831813812256
3191,9,215,0.21771740913391113
3192,9,216,0.2819371223449707
3193,9,217,0.29074612259864807
3194,9,218,0.25252771377563477
3195,9,219,0.2414972484111786
3196,9,220,0.21007724106311798
3197,9,221,0.22469434142112732
3198,9,222,0.2654436230659485
3199,9,223,0.29443326592445374
3200,9,224,0.2235400378704071
3201,9,225,0.2521858811378479
3202,9,226,0.34573596715927124
3203,9,227,0.3994295001029968
3204,9,228,0.2644180357456207
3205,9,229,0.39803454279899597
3206,9,230,0.2637414336204529
3207,9,231,0.20852509140968323
3208,9,232,0.202617809176445
3209,9,233,0.26088660955429077
3210,9,234,0.26663878560066223
3211,9,235,0.23249590396881104
3212,9,236,0.21826092898845673
3213,9,237,0.20926448702812195
3214,9,238,0.24060015380382538
3215,9,239,0.19910648465156555
3216,9,240,0.21726015210151672
3217,9,241,0.22050698101520538
3218,9,242,0.23634929955005646
3219,9,243,0.2677397131919861
3220,9,244,0.1946725696325302
3221,9,245,0.2090541571378708
3222,9,246,0.2201521396636963
3223,9,247,0.23912295699119568
3224,9,248,0.21672597527503967
3225,9,249,0.19411015510559082
3226,9,250,0.22839203476905823
3227,9,251,0.21640142798423767
3228,9,252,0.2289774864912033
3229,9,253,0.18999573588371277
3230,9,254,0.27463650703430176
3231,9,255,0.20409150421619415
3232,9,256,0.24407300353050232
3233,9,257,0.22407333552837372
3234,9,258,0.23481614887714386
3235,9,259,0.20327790081501007
3236,9,260,0.23181602358818054
3237,9,261,0.2148953676223755
3238,9,262,0.2422444373369217
3239,9,263,0.2078816145658493
3240,9,264,0.3922818601131439
3241,9,265,0.2515280246734619
3242,9,266,0.2345188409090042
3243,9,267,0.2654759883880615
3244,9,268,0.22523340582847595
3245,9,269,0.20649512112140656
3246,9,270,0.24493460357189178
3247,9,271,0.23342326283454895
3248,9,272,0.22528095543384552
3249,9,273,0.2689443528652191
3250,9,274,0.36733779311180115
3251,9,275,0.2693712115287781
3252,9,276,0.24835805594921112
3253,9,277,0.24546091258525848
3254,9,278,0.1903643012046814
3255,9,279,0.2153901755809784
3256,9,280,0.25328606367111206
3257,9,281,0.22029432654380798
3258,9,282,0.19878128170967102
3259,9,283,0.18755152821540833
3260,9,284,0.23944267630577087
3261,9,285,0.5204747915267944
3262,9,286,0.3277187943458557
3263,9,287,0.21272866427898407
3264,9,288,0.24917130172252655
3265,9,289,0.27443915605545044
3266,9,290,0.29121866822242737
3267,9,291,0.28861063718795776
3268,9,292,0.2100096493959427
3269,9,293,0.34327468276023865
3270,9,294,0.2548055052757263
3271,9,295,0.23818376660346985
3272,9,296,0.2815627455711365
3273,9,297,0.1948075145483017
3274,9,298,0.20398084819316864
3275,9,299,0.24775171279907227
3276,9,300,0.24805410206317902
3277,9,301,0.23482462763786316
3278,9,302,0.20295998454093933
3279,9,303,0.24494609236717224
3280,9,304,0.23204974830150604
3281,9,305,0.3450806736946106
3282,9,306,0.18654397130012512
3283,9,307,0.23842056095600128
3284,9,308,0.18904709815979004
3285,9,309,0.6408795118331909
3286,9,310,0.2514159679412842
3287,9,311,0.33027583360671997
3288,9,312,0.2919878363609314
3289,9,313,0.21885022521018982
3290,9,314,0.27600783109664917
3291,9,315,0.18203189969062805
3292,9,316,0.23948314785957336
3293,9,317,0.2691645622253418
3294,9,318,0.2503378689289093
3295,9,319,0.20717410743236542
3296,9,320,0.3057263195514679
3297,9,321,0.25551873445510864
3298,9,322,0.20977850258350372
3299,9,323,0.2204122096300125
3300,9,324,0.2513447403907776
3301,9,325,0.19620013236999512
3302,9,326,0.25882577896118164
3303,9,327,0.16793878376483917
3304,9,328,0.204385906457901
3305,9,329,0.2562815248966217
3306,9,330,0.22576561570167542
3307,9,331,0.24180102348327637
3308,9,332,0.25303834676742554
3309,9,333,0.22600844502449036
3310,9,334,0.30978578329086304
3311,9,335,0.20678023993968964
3312,9,336,0.17483386397361755
3313,9,337,0.2255144864320755
3314,9,338,0.37080496549606323
3315,9,339,0.23395487666130066
3316,9,340,0.2335623800754547
3317,9,341,0.19737252593040466
3318,9,342,0.28344622254371643
3319,9,343,0.2196437567472458
3320,9,344,0.2570323050022125
3321,9,345,0.21427980065345764
3322,9,346,0.6026818156242371
3323,9,347,0.27666711807250977
3324,9,348,0.22539782524108887
3325,9,349,0.19208073616027832
3326,9,350,0.1882307082414627
3327,9,351,0.25487571954727173
3328,9,352,0.2725713849067688
3329,9,353,0.2415270358324051
3330,9,354,0.2542770206928253
3331,9,355,0.23431821167469025
3332,9,356,0.22551210224628448
3333,9,357,0.23405511677265167
3334,9,358,0.23833084106445312
3335,9,359,0.27661654353141785
3336,9,360,0.24117760360240936
3337,9,361,0.2370690405368805
3338,9,362,0.19910703599452972
3339,9,363,0.26668310165405273
3340,9,364,0.20736286044120789
3341,9,365,0.19625084102153778
3342,9,366,0.23950107395648956
3343,9,367,0.22268524765968323
3344,9,368,0.21981742978096008
3345,9,369,0.26449161767959595
3346,9,370,0.30888473987579346
3347,9,371,0.2473587542772293
3348,9,372,0.28374364972114563
3349,10,1,0.25060799717903137
3350,10,2,0.19699668884277344
3351,10,3,0.26873430609703064
3352,10,4,0.23649688065052032
3353,10,5,0.21723954379558563
3354,10,6,0.3609839379787445
3355,10,7,0.23938286304473877
3356,10,8,0.19727763533592224
3357,10,9,0.2259325534105301
3358,10,10,0.23031273484230042
3359,10,11,0.20357918739318848
3360,10,12,0.22054708003997803
3361,10,13,0.17560629546642303
3362,10,14,0.23970811069011688
3363,10,15,0.22545313835144043
3364,10,16,0.18704962730407715
3365,10,17,0.22586607933044434
3366,10,18,0.24603915214538574
3367,10,19,0.20555317401885986
3368,10,20,0.2872747778892517
3369,10,21,0.202897310256958
3370,10,22,0.2348107099533081
3371,10,23,0.22984099388122559
3372,10,24,0.2641245126724243
3373,10,25,0.25477588176727295
3374,10,26,0.23256266117095947
3375,10,27,0.30016615986824036
3376,10,28,0.2541115880012512
3377,10,29,0.2157340794801712
3378,10,30,0.21319079399108887
3379,10,31,0.25250792503356934
3380,10,32,0.2661217749118805
3381,10,33,0.2532970905303955
3382,10,34,0.21891148388385773
3383,10,35,0.24322755634784698
3384,10,36,0.20870614051818848
3385,10,37,0.20167115330696106
3386,10,38,0.19926421344280243
3387,10,39,0.22760924696922302
3388,10,40,0.3214595913887024
3389,10,41,0.36659330129623413
3390,10,42,0.226133793592453
3391,10,43,0.21057859063148499
3392,10,44,0.21625249087810516
3393,10,45,0.3572320342063904
3394,10,46,0.20415303111076355
3395,10,47,0.24183353781700134
3396,10,48,0.18789052963256836
3397,10,49,0.26069819927215576
3398,10,50,0.2989593744277954
3399,10,51,0.2754324674606323
3400,10,52,0.1893492341041565
3401,10,53,0.18800583481788635
3402,10,54,0.2466081827878952
3403,10,55,0.16988952457904816
3404,10,56,0.2566506266593933
3405,10,57,0.2326442450284958
3406,10,58,0.22961661219596863
3407,10,59,0.24653244018554688
3408,10,60,0.3167722225189209
3409,10,61,0.2259460687637329
3410,10,62,0.3529340624809265
3411,10,63,0.30201563239097595
3412,10,64,0.21046873927116394
3413,10,65,0.29369744658470154
3414,10,66,0.25168004631996155
3415,10,67,0.24531233310699463
3416,10,68,0.1817287653684616
3417,10,69,0.19459761679172516
3418,10,70,0.20535337924957275
3419,10,71,0.25349050760269165
3420,10,72,0.18324625492095947
3421,10,73,0.24121317267417908
3422,10,74,0.5008267164230347
3423,10,75,0.2845640182495117
3424,10,76,0.33634015917778015
3425,10,77,0.20334403216838837
3426,10,78,0.27337533235549927
3427,10,79,0.2530818581581116
3428,10,80,0.2489580661058426
3429,10,81,0.21039335429668427
3430,10,82,0.27902311086654663
3431,10,83,0.20918266475200653
3432,10,84,0.17949208617210388
3433,10,85,0.19012793898582458
3434,10,86,0.19592250883579254
3435,10,87,0.19637969136238098
3436,10,88,0.21503391861915588
3437,10,89,0.24252717196941376
3438,10,90,0.23730358481407166
3439,10,91,0.2086525410413742
3440,10,92,0.20093397796154022
3441,10,93,0.15034440159797668
3442,10,94,0.28449663519859314
3443,10,95,0.22604969143867493
3444,10,96,0.17325954139232635
3445,10,97,0.34340783953666687
3446,10,98,0.20466133952140808
3447,10,99,0.22899742424488068
3448,10,100,0.18639610707759857
3449,10,101,0.28668656945228577
3450,10,102,0.23295995593070984
3451,10,103,0.2699722647666931
3452,10,104,0.2181921899318695
3453,10,105,0.2513424754142761
3454,10,106,0.2169381082057953
3455,10,107,0.23808248341083527
3456,10,108,0.19079819321632385
3457,10,109,0.20427446067333221
3458,10,110,0.21454639732837677
3459,10,111,0.20597782731056213
3460,10,112,0.2110583335161209
3461,10,113,0.21320223808288574
3462,10,114,0.2715567648410797
3463,10,115,0.19245457649230957
3464,10,116,0.2511180639266968
3465,10,117,0.28365418314933777
3466,10,118,0.23613417148590088
3467,10,119,0.1953207403421402
3468,10,120,0.2371501475572586
3469,10,121,0.2123885154724121
3470,10,122,0.19267891347408295
3471,10,123,0.2543550133705139
3472,10,124,0.24276414513587952
3473,10,125,0.22630901634693146
3474,10,126,0.19551390409469604
3475,10,127,0.18668778240680695
3476,10,128,0.3009016811847687
3477,10,129,0.194961816072464
3478,10,130,0.18391236662864685
3479,10,131,0.19252178072929382
3480,10,132,0.2095952332019806
3481,10,133,0.19892054796218872
3482,10,134,0.17913386225700378
3483,10,135,0.25719040632247925
3484,10,136,0.2439802885055542
3485,10,137,0.2902120053768158
3486,10,138,0.1877054125070572
3487,10,139,0.32273536920547485
3488,10,140,0.25112006068229675
3489,10,141,0.22337064146995544
3490,10,142,0.2516357898712158
3491,10,143,0.2411842793226242
3492,10,144,0.1744750440120697
3493,10,145,0.26018157601356506
3494,10,146,0.2558659017086029
3495,10,147,0.23261694610118866
3496,10,148,0.25562238693237305
3497,10,149,0.20909814536571503
3498,10,150,0.2106364667415619
3499,10,151,0.21831774711608887
3500,10,152,0.2161121815443039
3501,10,153,0.1941917985677719
3502,10,154,0.19911636412143707
3503,10,155,0.19169312715530396
3504,10,156,0.23504868149757385
3505,10,157,0.25488102436065674
3506,10,158,0.19654348492622375
3507,10,159,0.2068134844303131
3508,10,160,0.19175298511981964
3509,10,161,0.21028554439544678
3510,10,162,0.20340657234191895
3511,10,163,0.23247317969799042
3512,10,164,0.222453311085701
3513,10,165,0.27893584966659546
3514,10,166,0.1890173703432083
3515,10,167,0.2512732744216919
3516,10,168,0.28884774446487427
3517,10,169,0.2852237820625305
3518,10,170,0.249115988612175
3519,10,171,0.20150387287139893
3520,10,172,0.18211592733860016
3521,10,173,0.35221952199935913
3522,10,174,0.20082136988639832
3523,10,175,0.30307719111442566
3524,10,176,0.23379293084144592
3525,10,177,0.3066486716270447
3526,10,178,0.2402680218219757
3527,10,179,0.28106558322906494
3528,10,180,0.195011705160141
3529,10,181,0.27009978890419006
3530,10,182,0.25083473324775696
3531,10,183,0.24467973411083221
3532,10,184,0.2378067970275879
3533,10,185,0.1980946660041809
3534,10,186,0.21602073311805725
3535,10,187,0.1955265998840332
3536,10,188,0.2637564539909363
3537,10,189,0.2605588734149933
3538,10,190,0.17883692681789398
3539,10,191,0.24535603821277618
3540,10,192,0.30861717462539673
3541,10,193,0.22367878258228302
3542,10,194,0.1917198747396469
3543,10,195,0.24273967742919922
3544,10,196,0.23275497555732727
3545,10,197,0.17128150165081024
3546,10,198,0.22446468472480774
3547,10,199,0.2132987231016159
3548,10,200,0.4923972189426422
3549,10,201,0.1687244474887848
3550,10,202,0.22976703941822052
3551,10,203,0.2511678636074066
3552,10,204,0.43935641646385193
3553,10,205,0.24912285804748535
3554,10,206,0.18992897868156433
3555,10,207,0.19454501569271088
3556,10,208,0.23314690589904785
3557,10,209,0.30434203147888184
3558,10,210,0.226470947265625
3559,10,211,0.2241637259721756
3560,10,212,0.23241689801216125
3561,10,213,0.2560683488845825
3562,10,214,0.22651927173137665
3563,10,215,0.21475651860237122
3564,10,216,0.33175134658813477
3565,10,217,0.2887118458747864
3566,10,218,0.22264854609966278
3567,10,219,0.22328607738018036
3568,10,220,0.19976529479026794
3569,10,221,0.2158282995223999
3570,10,222,0.2403731346130371
3571,10,223,0.24853689968585968
3572,10,224,0.19991806149482727
3573,10,225,0.20402106642723083
3574,10,226,0.25155308842658997
3575,10,227,0.21991685032844543
3576,10,228,0.2594425678253174
3577,10,229,0.17828141152858734
3578,10,230,0.21423320472240448
3579,10,231,0.19981208443641663
3580,10,232,0.21787211298942566
3581,10,233,0.25718003511428833
3582,10,234,0.19007423520088196
3583,10,235,0.16820043325424194
3584,10,236,0.4938656687736511
3585,10,237,0.18020686507225037
3586,10,238,0.22255471348762512
3587,10,239,0.240854412317276
3588,10,240,0.3776358962059021
3589,10,241,0.20895794034004211
3590,10,242,0.24730999767780304
3591,10,243,0.18799346685409546
3592,10,244,0.21886834502220154
3593,10,245,0.18755392730236053
3594,10,246,0.21342191100120544
3595,10,247,0.24764391779899597
3596,10,248,0.18083515763282776
3597,10,249,0.24316425621509552
3598,10,250,0.20189261436462402
3599,10,251,0.19469356536865234
3600,10,252,0.24432846903800964
3601,10,253,0.21465030312538147
3602,10,254,0.18753692507743835
3603,10,255,0.3006981313228607
3604,10,256,0.4720233976840973
3605,10,257,0.2194892168045044
3606,10,258,0.2367401421070099
3607,10,259,0.2191944122314453
3608,10,260,0.24248294532299042
3609,10,261,0.19023624062538147
3610,10,262,0.16942021250724792
3611,10,263,0.2533875107765198
3612,10,264,0.4207587242126465
3613,10,265,0.21050691604614258
3614,10,266,0.17022883892059326
3615,10,267,0.23842310905456543
3616,10,268,0.24085593223571777
3617,10,269,0.24969986081123352
3618,10,270,0.19904306530952454
3619,10,271,0.20094072818756104
3620,10,272,0.1888848841190338
3621,10,273,0.30229315161705017
3622,10,274,0.2542606592178345
3623,10,275,0.19388195872306824
3624,10,276,0.22687463462352753
3625,10,277,0.26215222477912903
3626,10,278,0.1573549062013626
3627,10,279,0.2599427103996277
3628,10,280,0.3041713237762451
3629,10,281,0.1873866319656372
3630,10,282,0.2122178077697754
3631,10,283,0.26795244216918945
3632,10,284,0.18205365538597107
3633,10,285,0.22877570986747742
3634,10,286,0.23180527985095978
3635,10,287,0.22823309898376465
3636,10,288,0.21145780384540558
3637,10,289,0.21808330714702606
3638,10,290,0.18793319165706635
3639,10,291,0.1933862417936325
3640,10,292,0.3041704297065735
3641,10,293,0.24157385528087616
3642,10,294,0.20178480446338654
3643,10,295,0.22299277782440186
3644,10,296,0.24835869669914246
3645,10,297,0.20435719192028046
3646,10,298,0.2764614224433899
3647,10,299,0.16867388784885406
3648,10,300,0.2149803191423416
3649,10,301,0.26237455010414124
3650,10,302,0.18475377559661865
3651,10,303,0.28375640511512756
3652,10,304,0.20750844478607178
3653,10,305,0.21640965342521667
3654,10,306,0.22188523411750793
3655,10,307,0.20869362354278564
3656,10,308,0.23165062069892883
3657,10,309,0.21082887053489685
3658,10,310,0.26436781883239746
3659,10,311,0.2126835286617279
3660,10,312,0.24499979615211487
3661,10,313,0.21858632564544678
3662,10,314,0.22216112911701202
3663,10,315,0.17989784479141235
3664,10,316,0.22025351226329803
3665,10,317,0.2333076447248459
3666,10,318,0.22091028094291687
3667,10,319,0.19587412476539612
3668,10,320,0.21550044417381287
3669,10,321,0.26060909032821655
3670,10,322,0.22456371784210205
3671,10,323,0.20898380875587463
3672,10,324,0.1572994440793991
3673,10,325,0.18310953676700592
3674,10,326,0.2014642059803009
3675,10,327,0.5653268098831177
3676,10,328,0.23901769518852234
3677,10,329,0.2221078872680664
3678,10,330,0.18122847378253937
3679,10,331,0.22060751914978027
3680,10,332,0.1695394665002823
3681,10,333,0.2595435678958893
3682,10,334,0.19578437507152557
3683,10,335,0.19740213453769684
3684,10,336,0.17719879746437073
3685,10,337,0.2151861935853958
3686,10,338,0.22772908210754395
3687,10,339,0.3139097988605499
3688,10,340,0.2328381985425949
3689,10,341,0.49901852011680603
3690,10,342,0.24865102767944336
3691,10,343,0.19135822355747223
3692,10,344,0.16977852582931519
3693,10,345,0.2146299183368683
3694,10,346,0.2163640260696411
3695,10,347,0.18536773324012756
3696,10,348,0.24250876903533936
3697,10,349,0.2092781364917755
3698,10,350,0.23516853153705597
3699,10,351,0.17552869021892548
3700,10,352,0.22068803012371063
3701,10,353,0.18482661247253418
3702,10,354,0.19583435356616974
3703,10,355,0.20303404331207275
3704,10,356,0.1993880271911621
3705,10,357,0.18582284450531006
3706,10,358,0.3561381697654724
3707,10,359,0.19274267554283142
3708,10,360,0.19422145187854767
3709,10,361,0.2055710256099701
3710,10,362,0.24221305549144745
3711,10,363,0.22456414997577667
3712,10,364,0.5414730310440063
3713,10,365,0.188261941075325
3714,10,366,0.17980842292308807
3715,10,367,0.19939491152763367
3716,10,368,0.225515678524971
3717,10,369,0.4745822846889496
3718,10,370,0.33254146575927734
3719,10,371,0.16827411949634552
3720,10,372,0.2046177238225937
