global_step,epoch,batch,train_loss
1,1,1,3.2908241748809814
2,1,2,3.2443859577178955
3,1,3,3.219511032104492
4,1,4,3.1921801567077637
5,1,5,3.2317872047424316
6,1,6,3.228177309036255
7,1,7,3.1476638317108154
8,1,8,3.1229677200317383
9,1,9,3.1208832263946533
10,1,10,3.0520777702331543
11,1,11,3.074766159057617
12,1,12,3.049905300140381
13,1,13,2.99377179145813
14,1,14,3.001146078109741
15,1,15,2.9840071201324463
16,1,16,2.9923808574676514
17,1,17,2.9526381492614746
18,1,18,2.9512863159179688
19,1,19,2.91013765335083
20,1,20,2.9077415466308594
21,1,21,2.911881685256958
22,1,22,2.90457820892334
23,1,23,2.874605655670166
24,1,24,2.838177442550659
25,1,25,2.898336887359619
26,1,26,2.8528828620910645
27,1,27,2.822324275970459
28,1,28,2.780661106109619
29,1,29,2.8232176303863525
30,1,30,2.7965872287750244
31,1,31,2.829740285873413
32,1,32,2.73380708694458
33,1,33,2.7746880054473877
34,1,34,2.7728004455566406
35,1,35,2.706132650375366
36,1,36,2.712851047515869
37,1,37,2.706103563308716
38,1,38,2.7033183574676514
39,1,39,2.6527037620544434
40,1,40,2.6979544162750244
41,1,41,2.735424041748047
42,1,42,2.679142951965332
43,1,43,2.702326774597168
44,1,44,2.6152358055114746
45,1,45,2.7441606521606445
46,1,46,2.633094310760498
47,1,47,2.6000468730926514
48,1,48,2.6384549140930176
49,1,49,2.5528032779693604
50,1,50,2.6200079917907715
51,1,51,2.5772151947021484
52,1,52,2.6684212684631348
53,1,53,2.6201539039611816
54,1,54,2.575438976287842
55,1,55,2.6008381843566895
56,1,56,2.624429702758789
57,1,57,2.592073917388916
58,1,58,2.499028444290161
59,1,59,2.5720582008361816
60,1,60,2.5239779949188232
61,1,61,2.5111682415008545
62,1,62,2.611232280731201
63,1,63,2.483729124069214
64,1,64,2.5592215061187744
65,1,65,2.5331523418426514
66,1,66,2.5033445358276367
67,1,67,2.426274299621582
68,1,68,2.5148568153381348
69,1,69,2.5048842430114746
70,1,70,2.4535183906555176
71,1,71,2.472705364227295
72,1,72,2.483520030975342
73,1,73,2.5728390216827393
74,1,74,2.410886287689209
75,1,75,2.4098191261291504
76,1,76,2.474222421646118
77,1,77,2.435175895690918
78,1,78,2.441376209259033
79,1,79,2.468365430831909
80,1,80,2.4451382160186768
81,1,81,2.456019401550293
82,1,82,2.4244306087493896
83,1,83,2.413971185684204
84,1,84,2.367932081222534
85,1,85,2.4181067943573
86,1,86,2.4298744201660156
87,1,87,2.3964197635650635
88,1,88,2.3799192905426025
89,1,89,2.360644817352295
90,1,90,2.3908092975616455
91,1,91,2.3486180305480957
92,1,92,2.4329679012298584
93,1,93,2.3885350227355957
94,1,94,2.3649849891662598
95,1,95,2.413648843765259
96,1,96,2.2959091663360596
97,1,97,2.4515678882598877
98,1,98,2.361309289932251
99,1,99,2.3747189044952393
100,1,100,2.389228105545044
101,1,101,2.3367879390716553
102,1,102,2.36547589302063
103,1,103,2.3295845985412598
104,1,104,2.416992664337158
105,1,105,2.326841354370117
106,1,106,2.282135009765625
107,1,107,2.350689649581909
108,1,108,2.3294248580932617
109,1,109,2.3650453090667725
110,1,110,2.2931065559387207
111,1,111,2.290285587310791
112,1,112,2.3912129402160645
113,1,113,2.291368246078491
114,1,114,2.296692132949829
115,1,115,2.264894485473633
116,1,116,2.336968183517456
117,1,117,2.4016666412353516
118,1,118,2.3528432846069336
119,1,119,2.3452906608581543
120,1,120,2.3128063678741455
121,1,121,2.2561182975769043
122,1,122,2.276376247406006
123,1,123,2.3104946613311768
124,1,124,2.3048484325408936
125,1,125,2.246133804321289
126,1,126,2.3120322227478027
127,1,127,2.3635056018829346
128,1,128,2.2667312622070312
129,1,129,2.417834997177124
130,1,130,2.2611019611358643
131,1,131,2.3539235591888428
132,1,132,2.2842769622802734
133,1,133,2.242069959640503
134,1,134,2.2487587928771973
135,1,135,2.3485209941864014
136,1,136,2.2188491821289062
137,1,137,2.2901699542999268
138,1,138,2.32462215423584
139,1,139,2.2395081520080566
140,1,140,2.2707607746124268
141,1,141,2.2078428268432617
142,1,142,2.281914710998535
143,1,143,2.307636260986328
144,1,144,2.2202842235565186
145,1,145,2.3028206825256348
146,1,146,2.2761950492858887
147,1,147,2.244568347930908
148,1,148,2.2103090286254883
149,1,149,2.2096877098083496
150,1,150,2.246673822402954
151,1,151,2.174166440963745
152,1,152,2.1881508827209473
153,1,153,2.2999954223632812
154,1,154,2.2198703289031982
155,1,155,2.2708513736724854
156,1,156,2.3260109424591064
157,1,157,2.2328059673309326
158,1,158,2.1720402240753174
159,1,159,2.23848032951355
160,1,160,2.3510680198669434
161,1,161,2.280078887939453
162,1,162,2.230583429336548
163,1,163,2.224066972732544
164,1,164,2.2320804595947266
165,1,165,2.2288451194763184
166,1,166,2.2752156257629395
167,1,167,2.2122578620910645
168,1,168,2.1988115310668945
169,1,169,2.1592164039611816
170,1,170,2.217069625854492
171,1,171,2.2530477046966553
172,1,172,2.1814653873443604
173,1,173,2.2050468921661377
174,1,174,2.201294422149658
175,1,175,2.190192699432373
176,1,176,2.180084705352783
177,1,177,2.1471095085144043
178,1,178,2.194944143295288
179,1,179,2.2107272148132324
180,1,180,2.175504207611084
181,1,181,2.1432039737701416
182,1,182,2.1892924308776855
183,1,183,2.154871702194214
184,1,184,2.1627936363220215
185,1,185,2.1831772327423096
186,1,186,2.1624093055725098
187,1,187,2.2182629108428955
188,1,188,2.174312114715576
189,1,189,2.164151191711426
190,1,190,2.1791117191314697
191,1,191,2.1083641052246094
192,1,192,2.1738271713256836
193,1,193,2.177137613296509
194,1,194,2.2878918647766113
195,1,195,2.1970441341400146
196,1,196,2.1277365684509277
197,1,197,2.1563467979431152
198,1,198,2.1780002117156982
199,1,199,2.134613513946533
200,1,200,2.1002607345581055
201,1,201,2.1802830696105957
202,1,202,2.1318557262420654
203,1,203,2.1718344688415527
204,1,204,2.1869633197784424
205,1,205,2.158510446548462
206,1,206,2.1606764793395996
207,1,207,2.275020122528076
208,1,208,2.1562321186065674
209,1,209,2.135843276977539
210,1,210,2.072068214416504
211,1,211,2.143589496612549
212,1,212,2.1331300735473633
213,1,213,2.0708346366882324
214,1,214,2.114032506942749
215,1,215,2.070218563079834
216,1,216,2.1086208820343018
217,1,217,2.1551408767700195
218,1,218,2.080812454223633
219,1,219,2.1279146671295166
220,1,220,2.190460681915283
221,1,221,2.1248600482940674
222,1,222,2.0622572898864746
223,1,223,2.1522605419158936
224,1,224,2.0572171211242676
225,1,225,2.319701910018921
226,1,226,2.101897716522217
227,1,227,2.2254090309143066
228,1,228,2.1003854274749756
229,1,229,2.140533924102783
230,1,230,2.174178123474121
231,1,231,2.052443027496338
232,1,232,2.1692490577697754
233,1,233,2.1079375743865967
234,1,234,2.075312376022339
235,1,235,2.155025005340576
236,1,236,2.0718681812286377
237,1,237,2.0930206775665283
238,1,238,2.0744872093200684
239,1,239,2.147477626800537
240,1,240,2.0715043544769287
241,1,241,2.1684932708740234
242,1,242,2.053166627883911
243,1,243,2.0620718002319336
244,1,244,2.090798854827881
245,1,245,2.026031494140625
246,1,246,2.079505443572998
247,1,247,2.0319783687591553
248,1,248,2.1037039756774902
249,1,249,2.0250160694122314
250,1,250,2.0458641052246094
251,1,251,2.1010870933532715
252,1,252,2.051480770111084
253,1,253,2.087136745452881
254,1,254,2.0377707481384277
255,1,255,2.0576577186584473
256,1,256,1.985027551651001
257,1,257,2.0910463333129883
258,1,258,2.077681303024292
259,1,259,2.1080541610717773
260,1,260,2.043623208999634
261,1,261,2.035194158554077
262,1,262,2.08890962600708
263,1,263,2.0268239974975586
264,1,264,2.0299758911132812
265,1,265,2.0262324810028076
266,1,266,2.1028454303741455
267,1,267,2.089648723602295
268,1,268,2.0451292991638184
269,1,269,2.03277850151062
270,1,270,2.0206780433654785
271,1,271,2.029235363006592
272,1,272,2.078338384628296
273,1,273,2.096820116043091
274,1,274,2.0090410709381104
275,1,275,1.9630193710327148
276,1,276,2.0653223991394043
277,1,277,2.0108144283294678
278,1,278,2.0178275108337402
279,1,279,2.127401351928711
280,1,280,2.008721351623535
281,1,281,2.0787365436553955
282,1,282,2.0596420764923096
283,1,283,2.0320866107940674
284,1,284,2.0920584201812744
285,1,285,2.0374910831451416
286,1,286,1.9927164316177368
287,1,287,1.969801902770996
288,1,288,2.0410168170928955
289,1,289,2.067124366760254
290,1,290,2.109477996826172
291,1,291,2.0198163986206055
292,1,292,2.029524087905884
293,1,293,2.045356273651123
294,1,294,2.040975570678711
295,1,295,2.0187954902648926
296,1,296,2.0422911643981934
297,1,297,1.976393699645996
298,1,298,2.028806686401367
299,1,299,2.0439562797546387
300,1,300,2.0061779022216797
301,1,301,1.9444990158081055
302,1,302,2.0263190269470215
303,1,303,2.053051471710205
304,1,304,2.0212161540985107
305,1,305,2.031043291091919
306,1,306,1.9485607147216797
307,1,307,1.9713401794433594
308,1,308,2.0482065677642822
309,1,309,2.102553129196167
310,1,310,2.0343244075775146
311,1,311,2.032696008682251
312,1,312,1.9995578527450562
313,1,313,2.0071587562561035
314,1,314,1.994820237159729
315,1,315,2.0299201011657715
316,1,316,1.9999650716781616
317,1,317,2.011458158493042
318,1,318,2.0436556339263916
319,1,319,2.0203661918640137
320,1,320,1.9730403423309326
321,1,321,2.028623104095459
322,1,322,2.0557467937469482
323,1,323,2.0035653114318848
324,1,324,2.0708703994750977
325,1,325,1.9676895141601562
326,1,326,1.962068796157837
327,1,327,1.997710943222046
328,1,328,2.152348041534424
329,1,329,1.9949573278427124
330,1,330,1.9983726739883423
331,1,331,2.0056254863739014
332,1,332,1.979967474937439
333,1,333,2.0123813152313232
334,1,334,1.9719722270965576
335,1,335,1.949684739112854
336,1,336,1.9976295232772827
337,1,337,2.054215908050537
338,1,338,2.0159265995025635
339,1,339,2.1301074028015137
340,1,340,1.9482462406158447
341,1,341,2.034468412399292
342,1,342,1.998806357383728
343,1,343,1.9806318283081055
344,1,344,2.026343584060669
345,1,345,1.9876312017440796
346,1,346,1.9233030080795288
347,1,347,2.0076496601104736
348,1,348,1.9728857278823853
349,1,349,2.0321919918060303
350,1,350,1.9913402795791626
351,1,351,1.895979642868042
352,1,352,1.9943220615386963
353,1,353,1.9887759685516357
354,1,354,1.9679924249649048
355,1,355,2.1274638175964355
356,1,356,1.9631761312484741
357,1,357,1.995741605758667
358,1,358,2.033351182937622
359,1,359,1.928546667098999
360,1,360,1.9844439029693604
361,1,361,1.967914342880249
362,1,362,1.9665918350219727
363,1,363,1.9638923406600952
364,1,364,2.0815916061401367
365,1,365,2.0103328227996826
366,1,366,1.9707822799682617
367,1,367,1.9554474353790283
368,1,368,1.8951448202133179
369,1,369,1.9615001678466797
370,1,370,1.9652608633041382
371,1,371,1.955622911453247
372,1,372,2.070279598236084
373,2,1,1.9865400791168213
374,2,2,1.9384037256240845
375,2,3,1.901784896850586
376,2,4,1.9195743799209595
377,2,5,1.9023821353912354
378,2,6,1.9143224954605103
379,2,7,1.8839622735977173
380,2,8,2.031700611114502
381,2,9,1.9033267498016357
382,2,10,1.978570580482483
383,2,11,1.9760013818740845
384,2,12,1.9565963745117188
385,2,13,1.963496208190918
386,2,14,1.9205052852630615
387,2,15,1.970537543296814
388,2,16,1.9304698705673218
389,2,17,1.9004892110824585
390,2,18,1.9496526718139648
391,2,19,1.9493141174316406
392,2,20,2.1069109439849854
393,2,21,1.9188569784164429
394,2,22,1.9067537784576416
395,2,23,1.9549401998519897
396,2,24,1.994654655456543
397,2,25,1.9953914880752563
398,2,26,1.919325590133667
399,2,27,1.9399759769439697
400,2,28,1.922681212425232
401,2,29,1.9207313060760498
402,2,30,1.8913288116455078
403,2,31,1.9693514108657837
404,2,32,1.915175199508667
405,2,33,1.9370203018188477
406,2,34,1.9260914325714111
407,2,35,1.9544473886489868
408,2,36,1.9077850580215454
409,2,37,1.8896522521972656
410,2,38,1.9752743244171143
411,2,39,1.916592001914978
412,2,40,1.9627554416656494
413,2,41,1.9755468368530273
414,2,42,1.9451574087142944
415,2,43,1.9568887948989868
416,2,44,1.876387596130371
417,2,45,1.918177843093872
418,2,46,1.8669496774673462
419,2,47,1.9100589752197266
420,2,48,1.8704564571380615
421,2,49,1.829859972000122
422,2,50,1.9188127517700195
423,2,51,1.891008973121643
424,2,52,1.9669936895370483
425,2,53,1.9737329483032227
426,2,54,1.8785617351531982
427,2,55,1.8954124450683594
428,2,56,1.9105942249298096
429,2,57,1.9577534198760986
430,2,58,1.9293441772460938
431,2,59,1.9651172161102295
432,2,60,1.9503921270370483
433,2,61,1.9459623098373413
434,2,62,1.8625532388687134
435,2,63,1.926616907119751
436,2,64,1.947760820388794
437,2,65,1.946213960647583
438,2,66,1.9589592218399048
439,2,67,1.8970229625701904
440,2,68,1.923017144203186
441,2,69,1.907496452331543
442,2,70,1.9265367984771729
443,2,71,1.9334375858306885
444,2,72,1.864458680152893
445,2,73,1.9284547567367554
446,2,74,1.883538842201233
447,2,75,1.9286537170410156
448,2,76,1.8475933074951172
449,2,77,1.9111993312835693
450,2,78,1.9713964462280273
451,2,79,1.873793601989746
452,2,80,1.894087791442871
453,2,81,2.0578651428222656
454,2,82,1.8877723217010498
455,2,83,1.8783661127090454
456,2,84,1.8643144369125366
457,2,85,1.8839752674102783
458,2,86,1.9762983322143555
459,2,87,1.8187243938446045
460,2,88,1.8800891637802124
461,2,89,1.943479299545288
462,2,90,1.913392424583435
463,2,91,1.8886451721191406
464,2,92,1.935892105102539
465,2,93,1.8789523839950562
466,2,94,1.966106653213501
467,2,95,1.9124162197113037
468,2,96,1.8449167013168335
469,2,97,1.8875364065170288
470,2,98,1.8803577423095703
471,2,99,1.9498780965805054
472,2,100,1.8809301853179932
473,2,101,1.8358780145645142
474,2,102,1.9091453552246094
475,2,103,1.8626148700714111
476,2,104,1.89115309715271
477,2,105,1.9945991039276123
478,2,106,1.8992328643798828
479,2,107,1.9080677032470703
480,2,108,1.961377739906311
481,2,109,1.8423973321914673
482,2,110,1.8708032369613647
483,2,111,1.8551206588745117
484,2,112,1.9009978771209717
485,2,113,1.8311512470245361
486,2,114,1.8838335275650024
487,2,115,1.8936989307403564
488,2,116,1.884436011314392
489,2,117,1.8528459072113037
490,2,118,1.8699153661727905
491,2,119,1.9036041498184204
492,2,120,1.8541457653045654
493,2,121,1.8614442348480225
494,2,122,1.9145218133926392
495,2,123,1.856408715248108
496,2,124,1.8730919361114502
497,2,125,1.7962582111358643
498,2,126,1.875840425491333
499,2,127,1.8467788696289062
500,2,128,1.8334596157073975
501,2,129,1.9161237478256226
502,2,130,1.892404317855835
503,2,131,1.8777767419815063
504,2,132,1.868748664855957
505,2,133,1.8483154773712158
506,2,134,1.9752546548843384
507,2,135,1.9226707220077515
508,2,136,1.9110740423202515
509,2,137,1.8769795894622803
510,2,138,1.8278201818466187
511,2,139,1.8490749597549438
512,2,140,1.7911176681518555
513,2,141,1.8640451431274414
514,2,142,1.9251123666763306
515,2,143,1.886583685874939
516,2,144,1.9151020050048828
517,2,145,1.865311861038208
518,2,146,1.839334487915039
519,2,147,1.8613786697387695
520,2,148,1.9012000560760498
521,2,149,1.8527612686157227
522,2,150,1.8162637948989868
523,2,151,1.8776447772979736
524,2,152,1.7904618978500366
525,2,153,1.8371334075927734
526,2,154,2.0379109382629395
527,2,155,1.8392753601074219
528,2,156,1.894263505935669
529,2,157,1.8034212589263916
530,2,158,1.8454220294952393
531,2,159,1.881195306777954
532,2,160,1.8901636600494385
533,2,161,1.9079793691635132
534,2,162,1.7612593173980713
535,2,163,1.7891719341278076
536,2,164,1.8858000040054321
537,2,165,1.9710630178451538
538,2,166,1.8115818500518799
539,2,167,1.9458911418914795
540,2,168,1.8149646520614624
541,2,169,1.8432257175445557
542,2,170,1.8581266403198242
543,2,171,1.8442100286483765
544,2,172,1.792917013168335
545,2,173,1.7957910299301147
546,2,174,1.8609033823013306
547,2,175,1.866025686264038
548,2,176,1.8050565719604492
549,2,177,1.8289903402328491
550,2,178,1.8889656066894531
551,2,179,1.8476440906524658
552,2,180,1.8594728708267212
553,2,181,1.9390312433242798
554,2,182,1.8561820983886719
555,2,183,1.82931649684906
556,2,184,1.7987041473388672
557,2,185,1.8819053173065186
558,2,186,1.9826141595840454
559,2,187,1.8479206562042236
560,2,188,1.7875614166259766
561,2,189,1.7817885875701904
562,2,190,1.8429508209228516
563,2,191,1.9081701040267944
564,2,192,1.8129421472549438
565,2,193,1.8854701519012451
566,2,194,1.8628559112548828
567,2,195,1.8972829580307007
568,2,196,1.8516353368759155
569,2,197,1.9820458889007568
570,2,198,1.9082069396972656
571,2,199,1.8569660186767578
572,2,200,1.756106972694397
573,2,201,1.8677127361297607
574,2,202,1.8181610107421875
575,2,203,1.854467749595642
576,2,204,1.8077905178070068
577,2,205,1.829633116722107
578,2,206,1.8843414783477783
579,2,207,1.7994388341903687
580,2,208,1.9236047267913818
581,2,209,1.8905868530273438
582,2,210,1.871814489364624
583,2,211,1.8415918350219727
584,2,212,1.834015130996704
585,2,213,1.8098697662353516
586,2,214,1.8554216623306274
587,2,215,1.8540477752685547
588,2,216,1.8016910552978516
589,2,217,1.7873719930648804
590,2,218,1.8999040126800537
591,2,219,1.8458703756332397
592,2,220,1.8411376476287842
593,2,221,1.8096965551376343
594,2,222,1.811185598373413
595,2,223,1.7822809219360352
596,2,224,1.9544956684112549
597,2,225,1.9671376943588257
598,2,226,1.8967784643173218
599,2,227,1.8133567571640015
600,2,228,1.8684837818145752
601,2,229,1.8248668909072876
602,2,230,1.8766816854476929
603,2,231,1.81087327003479
604,2,232,1.8065649271011353
605,2,233,1.792723298072815
606,2,234,1.8684396743774414
607,2,235,1.7897182703018188
608,2,236,1.8056437969207764
609,2,237,1.8017981052398682
610,2,238,1.775921106338501
611,2,239,1.7929537296295166
612,2,240,1.8957602977752686
613,2,241,1.7632516622543335
614,2,242,1.7876787185668945
615,2,243,1.9059861898422241
616,2,244,1.7940690517425537
617,2,245,1.804976463317871
618,2,246,1.7762914896011353
619,2,247,1.7838375568389893
620,2,248,1.7565377950668335
621,2,249,1.8078025579452515
622,2,250,1.8108141422271729
623,2,251,1.827512502670288
624,2,252,1.8549000024795532
625,2,253,1.8167860507965088
626,2,254,1.7713114023208618
627,2,255,1.8156063556671143
628,2,256,1.8481677770614624
629,2,257,1.786089539527893
630,2,258,1.834349274635315
631,2,259,1.774294137954712
632,2,260,2.0065791606903076
633,2,261,1.797930121421814
634,2,262,1.7276204824447632
635,2,263,1.8021173477172852
636,2,264,1.7546107769012451
637,2,265,1.7759418487548828
638,2,266,1.844997763633728
639,2,267,1.7971241474151611
640,2,268,1.7367769479751587
641,2,269,1.8753578662872314
642,2,270,1.8788249492645264
643,2,271,1.7249252796173096
644,2,272,1.783082365989685
645,2,273,1.7617069482803345
646,2,274,1.738995909690857
647,2,275,1.8048057556152344
648,2,276,1.774171233177185
649,2,277,1.8410037755966187
650,2,278,1.9295368194580078
651,2,279,1.8675575256347656
652,2,280,1.7916676998138428
653,2,281,1.759943962097168
654,2,282,1.868938684463501
655,2,283,1.8958364725112915
656,2,284,1.803076148033142
657,2,285,1.7944529056549072
658,2,286,1.7996631860733032
659,2,287,1.7777550220489502
660,2,288,1.789595603942871
661,2,289,1.7292678356170654
662,2,290,1.8509948253631592
663,2,291,1.7666194438934326
664,2,292,1.7898753881454468
665,2,293,1.795013189315796
666,2,294,1.8537428379058838
667,2,295,1.8330857753753662
668,2,296,1.752065658569336
669,2,297,1.7608352899551392
670,2,298,1.8388671875
671,2,299,1.8120644092559814
672,2,300,1.7346464395523071
673,2,301,1.790189504623413
674,2,302,1.8181930780410767
675,2,303,1.7268091440200806
676,2,304,1.7284119129180908
677,2,305,1.780697226524353
678,2,306,1.7410856485366821
679,2,307,1.801086664199829
680,2,308,1.8499565124511719
681,2,309,1.8176990747451782
682,2,310,1.7418527603149414
683,2,311,1.7938152551651
684,2,312,1.8277372121810913
685,2,313,1.8567593097686768
686,2,314,1.740227460861206
687,2,315,1.7797982692718506
688,2,316,1.8238264322280884
689,2,317,1.7315593957901
690,2,318,1.8591676950454712
691,2,319,1.792475938796997
692,2,320,1.7827943563461304
693,2,321,1.803392767906189
694,2,322,1.8054933547973633
695,2,323,1.859766960144043
696,2,324,1.8331025838851929
697,2,325,1.7308568954467773
698,2,326,1.8614273071289062
699,2,327,1.7539424896240234
700,2,328,1.834486722946167
701,2,329,1.792520523071289
702,2,330,1.7810204029083252
703,2,331,1.7746158838272095
704,2,332,1.8335691690444946
705,2,333,1.80754816532135
706,2,334,1.7948124408721924
707,2,335,1.719517469406128
708,2,336,1.803985595703125
709,2,337,1.8130079507827759
710,2,338,1.7856323719024658
711,2,339,1.7194139957427979
712,2,340,1.801344871520996
713,2,341,1.92739737033844
714,2,342,1.7346343994140625
715,2,343,1.7020670175552368
716,2,344,1.8114423751831055
717,2,345,1.8342403173446655
718,2,346,1.7472060918807983
719,2,347,1.7215074300765991
720,2,348,1.7457830905914307
721,2,349,1.7930433750152588
722,2,350,1.7425320148468018
723,2,351,1.7707284688949585
724,2,352,1.710680603981018
725,2,353,1.742584466934204
726,2,354,1.781073808670044
727,2,355,1.7180206775665283
728,2,356,1.7898027896881104
729,2,357,1.7757694721221924
730,2,358,1.6933196783065796
731,2,359,1.7721729278564453
732,2,360,1.7443039417266846
733,2,361,1.7596514225006104
734,2,362,1.738010048866272
735,2,363,1.7100797891616821
736,2,364,1.8537269830703735
737,2,365,1.7115482091903687
738,2,366,1.8754936456680298
739,2,367,1.7567012310028076
740,2,368,1.7874454259872437
741,2,369,1.756486177444458
742,2,370,1.7091375589370728
743,2,371,1.7903234958648682
744,2,372,1.7749063968658447
745,3,1,1.7251527309417725
746,3,2,1.7833430767059326
747,3,3,1.7304887771606445
748,3,4,1.7035268545150757
749,3,5,1.8028106689453125
750,3,6,1.7076555490493774
751,3,7,1.7554848194122314
752,3,8,1.7167469263076782
753,3,9,1.79079270362854
754,3,10,1.7830097675323486
755,3,11,1.7039804458618164
756,3,12,1.7871013879776
757,3,13,1.755098581314087
758,3,14,1.7821553945541382
759,3,15,1.7589651346206665
760,3,16,1.6977968215942383
761,3,17,1.7695585489273071
762,3,18,1.6803274154663086
763,3,19,1.738745093345642
764,3,20,1.6889114379882812
765,3,21,1.7224204540252686
766,3,22,1.7691065073013306
767,3,23,1.7842979431152344
768,3,24,1.7281789779663086
769,3,25,1.6542394161224365
770,3,26,1.738063097000122
771,3,27,1.8306772708892822
772,3,28,1.784253478050232
773,3,29,1.8083760738372803
774,3,30,1.7388858795166016
775,3,31,1.7430654764175415
776,3,32,1.711573600769043
777,3,33,1.6866182088851929
778,3,34,1.76566481590271
779,3,35,1.7538566589355469
780,3,36,1.7791208028793335
781,3,37,1.713775396347046
782,3,38,1.783797025680542
783,3,39,1.6839754581451416
784,3,40,1.806494116783142
785,3,41,1.8047151565551758
786,3,42,1.6634985208511353
787,3,43,1.6985381841659546
788,3,44,1.7330505847930908
789,3,45,1.723700761795044
790,3,46,1.7429420948028564
791,3,47,1.7205324172973633
792,3,48,1.6743215322494507
793,3,49,1.7261250019073486
794,3,50,1.6866862773895264
795,3,51,1.7291557788848877
796,3,52,1.7442731857299805
797,3,53,1.6993741989135742
798,3,54,1.7435907125473022
799,3,55,1.8260313272476196
800,3,56,1.6973634958267212
801,3,57,1.6774829626083374
802,3,58,1.6532471179962158
803,3,59,1.6654093265533447
804,3,60,1.7140703201293945
805,3,61,1.7114393711090088
806,3,62,1.6453205347061157
807,3,63,1.73151433467865
808,3,64,1.732901930809021
809,3,65,1.8653576374053955
810,3,66,1.7226377725601196
811,3,67,1.727065086364746
812,3,68,1.7919305562973022
813,3,69,1.7181003093719482
814,3,70,1.6750961542129517
815,3,71,1.7379608154296875
816,3,72,1.7163575887680054
817,3,73,1.6465164422988892
818,3,74,1.692448377609253
819,3,75,1.6654260158538818
820,3,76,1.6730701923370361
821,3,77,1.6946487426757812
822,3,78,1.6500380039215088
823,3,79,1.7102642059326172
824,3,80,1.7134348154067993
825,3,81,1.6989498138427734
826,3,82,1.661930799484253
827,3,83,1.7620151042938232
828,3,84,1.709486961364746
829,3,85,1.7958341836929321
830,3,86,1.6957948207855225
831,3,87,1.6886543035507202
832,3,88,1.736731767654419
833,3,89,1.6939939260482788
834,3,90,1.6931558847427368
835,3,91,1.6485891342163086
836,3,92,1.6813663244247437
837,3,93,1.7910693883895874
838,3,94,1.7256876230239868
839,3,95,1.6884820461273193
840,3,96,1.6660724878311157
841,3,97,1.742712378501892
842,3,98,1.6346256732940674
843,3,99,1.7308778762817383
844,3,100,1.6866979598999023
845,3,101,1.650412917137146
846,3,102,1.6906830072402954
847,3,103,1.7082977294921875
848,3,104,1.6800658702850342
849,3,105,1.713208794593811
850,3,106,1.7352300882339478
851,3,107,1.6363499164581299
852,3,108,1.6435390710830688
853,3,109,1.6639926433563232
854,3,110,1.6711947917938232
855,3,111,1.7012879848480225
856,3,112,1.7197802066802979
857,3,113,1.7404778003692627
858,3,114,1.6837507486343384
859,3,115,1.7672607898712158
860,3,116,1.7096703052520752
861,3,117,1.672717809677124
862,3,118,1.651116132736206
863,3,119,1.6761667728424072
864,3,120,1.6636171340942383
865,3,121,1.6737794876098633
866,3,122,1.6691497564315796
867,3,123,1.7079309225082397
868,3,124,1.6589632034301758
869,3,125,1.7032372951507568
870,3,126,1.7517211437225342
871,3,127,1.6332467794418335
872,3,128,1.7454780340194702
873,3,129,1.6909549236297607
874,3,130,1.721392035484314
875,3,131,1.6225906610488892
876,3,132,1.7025432586669922
877,3,133,1.6709617376327515
878,3,134,1.6639525890350342
879,3,135,1.6554216146469116
880,3,136,1.6623156070709229
881,3,137,1.6564750671386719
882,3,138,1.642226219177246
883,3,139,1.6650184392929077
884,3,140,1.7605953216552734
885,3,141,1.7076923847198486
886,3,142,1.6373182535171509
887,3,143,1.7836710214614868
888,3,144,1.6979252099990845
889,3,145,1.6744590997695923
890,3,146,1.665093183517456
891,3,147,1.568946361541748
892,3,148,1.6882209777832031
893,3,149,1.666669487953186
894,3,150,1.6147693395614624
895,3,151,1.7146365642547607
896,3,152,1.6672528982162476
897,3,153,1.6520487070083618
898,3,154,1.6506859064102173
899,3,155,1.6261265277862549
900,3,156,1.7010047435760498
901,3,157,1.7367712259292603
902,3,158,1.6859138011932373
903,3,159,1.6981401443481445
904,3,160,1.670353889465332
905,3,161,1.6652456521987915
906,3,162,1.6604732275009155
907,3,163,1.6416809558868408
908,3,164,1.6834501028060913
909,3,165,1.7071380615234375
910,3,166,1.6761486530303955
911,3,167,1.623952865600586
912,3,168,1.6303752660751343
913,3,169,1.6778091192245483
914,3,170,1.7597090005874634
915,3,171,1.6687958240509033
916,3,172,1.6157159805297852
917,3,173,1.710505485534668
918,3,174,1.6864080429077148
919,3,175,1.7536752223968506
920,3,176,1.6961679458618164
921,3,177,1.5984766483306885
922,3,178,1.6299530267715454
923,3,179,1.7039716243743896
924,3,180,1.6739343404769897
925,3,181,1.6724170446395874
926,3,182,1.6501858234405518
927,3,183,1.7266614437103271
928,3,184,1.7490301132202148
929,3,185,1.6445831060409546
930,3,186,1.6051146984100342
931,3,187,1.5938260555267334
932,3,188,1.6895086765289307
933,3,189,1.6154968738555908
934,3,190,1.63774836063385
935,3,191,1.6306511163711548
936,3,192,1.7529354095458984
937,3,193,1.6445600986480713
938,3,194,1.6806179285049438
939,3,195,1.7204433679580688
940,3,196,1.6788570880889893
941,3,197,1.6953023672103882
942,3,198,1.6061623096466064
943,3,199,1.644378423690796
944,3,200,1.6957104206085205
945,3,201,1.6306812763214111
946,3,202,1.674210548400879
947,3,203,1.65093994140625
948,3,204,1.623695969581604
949,3,205,1.6838934421539307
950,3,206,1.6072156429290771
951,3,207,1.6197658777236938
952,3,208,1.6845521926879883
953,3,209,1.631401777267456
954,3,210,1.6556663513183594
955,3,211,1.7459323406219482
956,3,212,1.6829659938812256
957,3,213,1.6727718114852905
958,3,214,1.6888755559921265
959,3,215,1.6474612951278687
960,3,216,1.6730321645736694
961,3,217,1.612708330154419
962,3,218,1.6520322561264038
963,3,219,1.6307414770126343
964,3,220,1.635432243347168
965,3,221,1.721433401107788
966,3,222,1.6673545837402344
967,3,223,1.6269330978393555
968,3,224,1.6255937814712524
969,3,225,1.6244456768035889
970,3,226,1.643175482749939
971,3,227,1.6890207529067993
972,3,228,1.6606324911117554
973,3,229,1.6450002193450928
974,3,230,1.6546781063079834
975,3,231,1.665898084640503
976,3,232,1.660284399986267
977,3,233,1.5712168216705322
978,3,234,1.744105339050293
979,3,235,1.6232633590698242
980,3,236,1.6298019886016846
981,3,237,1.6180717945098877
982,3,238,1.5672855377197266
983,3,239,1.6980774402618408
984,3,240,1.6431820392608643
985,3,241,1.610796332359314
986,3,242,1.6542251110076904
987,3,243,1.7305322885513306
988,3,244,1.5845386981964111
989,3,245,1.63960862159729
990,3,246,1.7151129245758057
991,3,247,1.6714948415756226
992,3,248,1.6638743877410889
993,3,249,1.6515169143676758
994,3,250,1.725821852684021
995,3,251,1.6623895168304443
996,3,252,1.6138839721679688
997,3,253,1.6254899501800537
998,3,254,1.589231014251709
999,3,255,1.7618234157562256
1000,3,256,1.6576162576675415
1001,3,257,1.635229468345642
1002,3,258,1.6094077825546265
1003,3,259,1.6226028203964233
1004,3,260,1.6333891153335571
1005,3,261,1.7167179584503174
1006,3,262,1.5997720956802368
1007,3,263,1.6568357944488525
1008,3,264,1.6083736419677734
1009,3,265,1.627321481704712
1010,3,266,1.6468321084976196
1011,3,267,1.6774078607559204
1012,3,268,1.607680082321167
1013,3,269,1.6590299606323242
1014,3,270,1.6514575481414795
1015,3,271,1.7050710916519165
1016,3,272,1.598198413848877
1017,3,273,1.5972808599472046
1018,3,274,1.5749441385269165
1019,3,275,1.5887311697006226
1020,3,276,1.643604040145874
1021,3,277,1.5957567691802979
1022,3,278,1.6098085641860962
1023,3,279,1.6257110834121704
1024,3,280,1.6020123958587646
1025,3,281,1.6740715503692627
1026,3,282,1.6876453161239624
1027,3,283,1.6628506183624268
1028,3,284,1.6062414646148682
1029,3,285,1.6245880126953125
1030,3,286,1.6707156896591187
1031,3,287,1.6945676803588867
1032,3,288,1.657897710800171
1033,3,289,1.6817877292633057
1034,3,290,1.6030420064926147
1035,3,291,1.6292572021484375
1036,3,292,1.567046880722046
1037,3,293,1.6174201965332031
1038,3,294,1.636474847793579
1039,3,295,1.582804560661316
1040,3,296,1.6492904424667358
1041,3,297,1.6470123529434204
1042,3,298,1.5807052850723267
1043,3,299,1.7209583520889282
1044,3,300,1.6217689514160156
1045,3,301,1.6237198114395142
1046,3,302,1.6471325159072876
1047,3,303,1.6275603771209717
1048,3,304,1.5899823904037476
1049,3,305,1.660323143005371
1050,3,306,1.6035655736923218
1051,3,307,1.6866090297698975
1052,3,308,1.635237455368042
1053,3,309,1.6004537343978882
1054,3,310,1.6181614398956299
1055,3,311,1.6111618280410767
1056,3,312,1.581154704093933
1057,3,313,1.6373965740203857
1058,3,314,1.5890064239501953
1059,3,315,1.5964570045471191
1060,3,316,1.706634521484375
1061,3,317,1.7785727977752686
1062,3,318,1.6105883121490479
1063,3,319,1.5883169174194336
1064,3,320,1.6027275323867798
1065,3,321,1.5766404867172241
1066,3,322,1.7109323740005493
1067,3,323,1.5824368000030518
1068,3,324,1.5400456190109253
1069,3,325,1.5888417959213257
1070,3,326,1.6124931573867798
1071,3,327,1.5615761280059814
1072,3,328,1.6118695735931396
1073,3,329,1.6866947412490845
1074,3,330,1.6948446035385132
1075,3,331,1.6219770908355713
1076,3,332,1.6346648931503296
1077,3,333,1.6203219890594482
1078,3,334,1.579304814338684
1079,3,335,1.5814576148986816
1080,3,336,1.5700013637542725
1081,3,337,1.6495857238769531
1082,3,338,1.5568718910217285
1083,3,339,1.6719372272491455
1084,3,340,1.5566883087158203
1085,3,341,1.5337612628936768
1086,3,342,1.6106163263320923
1087,3,343,1.630773901939392
1088,3,344,1.588233470916748
1089,3,345,1.665454626083374
1090,3,346,1.5893633365631104
1091,3,347,1.6135352849960327
1092,3,348,1.6639477014541626
1093,3,349,1.5732643604278564
1094,3,350,1.6657520532608032
1095,3,351,1.6045290231704712
1096,3,352,1.6007333993911743
1097,3,353,1.5998575687408447
1098,3,354,1.6557257175445557
1099,3,355,1.5768018960952759
1100,3,356,1.575323462486267
1101,3,357,1.5667355060577393
1102,3,358,1.5993621349334717
1103,3,359,1.5663405656814575
1104,3,360,1.665959358215332
1105,3,361,1.5670793056488037
1106,3,362,1.5506718158721924
1107,3,363,1.5684549808502197
1108,3,364,1.5872400999069214
1109,3,365,1.5464428663253784
1110,3,366,1.5988900661468506
1111,3,367,1.5957813262939453
1112,3,368,1.5574686527252197
1113,3,369,1.5865767002105713
1114,3,370,1.5865532159805298
1115,3,371,1.5662662982940674
1116,3,372,1.6213468313217163
1117,4,1,1.5617717504501343
1118,4,2,1.5581973791122437
1119,4,3,1.5533134937286377
1120,4,4,1.5572896003723145
1121,4,5,1.577276587486267
1122,4,6,1.5159003734588623
1123,4,7,1.5411884784698486
1124,4,8,1.5321755409240723
1125,4,9,1.589545488357544
1126,4,10,1.5629652738571167
1127,4,11,1.5295119285583496
1128,4,12,1.6243503093719482
1129,4,13,1.5637263059616089
1130,4,14,1.6115283966064453
1131,4,15,1.5783421993255615
1132,4,16,1.5258338451385498
1133,4,17,1.6321914196014404
1134,4,18,1.5478627681732178
1135,4,19,1.5595691204071045
1136,4,20,1.6125720739364624
1137,4,21,1.5358730554580688
1138,4,22,1.5305625200271606
1139,4,23,1.56685209274292
1140,4,24,1.6056711673736572
1141,4,25,1.5087883472442627
1142,4,26,1.6403846740722656
1143,4,27,1.5106608867645264
1144,4,28,1.5397679805755615
1145,4,29,1.5271782875061035
1146,4,30,1.5803775787353516
1147,4,31,1.7374500036239624
1148,4,32,1.5676084756851196
1149,4,33,1.5960434675216675
1150,4,34,1.570112943649292
1151,4,35,1.546136498451233
1152,4,36,1.5745275020599365
1153,4,37,1.5561316013336182
1154,4,38,1.6176793575286865
1155,4,39,1.4964168071746826
1156,4,40,1.5406142473220825
1157,4,41,1.5399181842803955
1158,4,42,1.558489203453064
1159,4,43,1.5881893634796143
1160,4,44,1.5706764459609985
1161,4,45,1.6126127243041992
1162,4,46,1.571678876876831
1163,4,47,1.5528945922851562
1164,4,48,1.596376895904541
1165,4,49,1.5181360244750977
1166,4,50,1.5936660766601562
1167,4,51,1.5543758869171143
1168,4,52,1.6066995859146118
1169,4,53,1.6020759344100952
1170,4,54,1.4960752725601196
1171,4,55,1.4990613460540771
1172,4,56,1.5004923343658447
1173,4,57,1.583741307258606
1174,4,58,1.5274304151535034
1175,4,59,1.4888375997543335
1176,4,60,1.5670421123504639
1177,4,61,1.5253461599349976
1178,4,62,1.5277578830718994
1179,4,63,1.5928244590759277
1180,4,64,1.6247478723526
1181,4,65,1.4971141815185547
1182,4,66,1.5479419231414795
1183,4,67,1.5820749998092651
1184,4,68,1.5841574668884277
1185,4,69,1.5445283651351929
1186,4,70,1.4755762815475464
1187,4,71,1.5205938816070557
1188,4,72,1.563730239868164
1189,4,73,1.557989478111267
1190,4,74,1.564307451248169
1191,4,75,1.5533849000930786
1192,4,76,1.554842472076416
1193,4,77,1.5714397430419922
1194,4,78,1.4929839372634888
1195,4,79,1.5676343441009521
1196,4,80,1.5338877439498901
1197,4,81,1.5884572267532349
1198,4,82,1.5300588607788086
1199,4,83,1.4837193489074707
1200,4,84,1.5839645862579346
1201,4,85,1.5390325784683228
1202,4,86,1.5084940195083618
1203,4,87,1.5747544765472412
1204,4,88,1.5039827823638916
1205,4,89,1.5334489345550537
1206,4,90,1.5280400514602661
1207,4,91,1.5794203281402588
1208,4,92,1.5117911100387573
1209,4,93,1.4914953708648682
1210,4,94,1.5602028369903564
1211,4,95,1.5534535646438599
1212,4,96,1.5390279293060303
1213,4,97,1.5851809978485107
1214,4,98,1.5647194385528564
1215,4,99,1.560042142868042
1216,4,100,1.4922044277191162
1217,4,101,1.5254991054534912
1218,4,102,1.5879098176956177
1219,4,103,1.513927936553955
1220,4,104,1.6750520467758179
1221,4,105,1.5017712116241455
1222,4,106,1.5452296733856201
1223,4,107,1.5277961492538452
1224,4,108,1.5604866743087769
1225,4,109,1.5210554599761963
1226,4,110,1.535308599472046
1227,4,111,1.5565606355667114
1228,4,112,1.5399731397628784
1229,4,113,1.5208595991134644
1230,4,114,1.5077027082443237
1231,4,115,1.504645824432373
1232,4,116,1.541451334953308
1233,4,117,1.509751558303833
1234,4,118,1.5469214916229248
1235,4,119,1.5422714948654175
1236,4,120,1.5643346309661865
1237,4,121,1.5077130794525146
1238,4,122,1.4818036556243896
1239,4,123,1.482668161392212
1240,4,124,1.5507148504257202
1241,4,125,1.4778566360473633
1242,4,126,1.5416839122772217
1243,4,127,1.5622410774230957
1244,4,128,1.4852662086486816
1245,4,129,1.572087049484253
1246,4,130,1.454655408859253
1247,4,131,1.535400390625
1248,4,132,1.4837791919708252
1249,4,133,1.5524375438690186
1250,4,134,1.5136362314224243
1251,4,135,1.5405293703079224
1252,4,136,1.5044245719909668
1253,4,137,1.5384776592254639
1254,4,138,1.4941442012786865
1255,4,139,1.5182136297225952
1256,4,140,1.524519681930542
1257,4,141,1.5236936807632446
1258,4,142,1.4687715768814087
1259,4,143,1.5133394002914429
1260,4,144,1.4738261699676514
1261,4,145,1.5235416889190674
1262,4,146,1.503263235092163
1263,4,147,1.5404599905014038
1264,4,148,1.5401628017425537
1265,4,149,1.5203819274902344
1266,4,150,1.5581353902816772
1267,4,151,1.4807231426239014
1268,4,152,1.571199655532837
1269,4,153,1.4966785907745361
1270,4,154,1.491016149520874
1271,4,155,1.5404249429702759
1272,4,156,1.4735749959945679
1273,4,157,1.494364857673645
1274,4,158,1.4685112237930298
1275,4,159,1.5185850858688354
1276,4,160,1.5639283657073975
1277,4,161,1.501019835472107
1278,4,162,1.5004342794418335
1279,4,163,1.485709309577942
1280,4,164,1.5322446823120117
1281,4,165,1.4881410598754883
1282,4,166,1.5546972751617432
1283,4,167,1.5434911251068115
1284,4,168,1.4680196046829224
1285,4,169,1.5071697235107422
1286,4,170,1.4818792343139648
1287,4,171,1.4929449558258057
1288,4,172,1.4997872114181519
1289,4,173,1.499862790107727
1290,4,174,1.6156402826309204
1291,4,175,1.539002776145935
1292,4,176,1.4811582565307617
1293,4,177,1.628026008605957
1294,4,178,1.4810421466827393
1295,4,179,1.5496623516082764
1296,4,180,1.4294252395629883
1297,4,181,1.5352132320404053
1298,4,182,1.4806054830551147
1299,4,183,1.567300796508789
1300,4,184,1.535671353340149
1301,4,185,1.4905426502227783
1302,4,186,1.5079429149627686
1303,4,187,1.4382688999176025
1304,4,188,1.5395313501358032
1305,4,189,1.5090242624282837
1306,4,190,1.5151880979537964
1307,4,191,1.4954946041107178
1308,4,192,1.4978810548782349
1309,4,193,1.4877655506134033
1310,4,194,1.4819341897964478
1311,4,195,1.570424199104309
1312,4,196,1.4726524353027344
1313,4,197,1.5192803144454956
1314,4,198,1.450499176979065
1315,4,199,1.4520189762115479
1316,4,200,1.5404205322265625
1317,4,201,1.5019831657409668
1318,4,202,1.4233708381652832
1319,4,203,1.5367494821548462
1320,4,204,1.5100045204162598
1321,4,205,1.4366997480392456
1322,4,206,1.4383236169815063
1323,4,207,1.452781081199646
1324,4,208,1.4772335290908813
1325,4,209,1.4763705730438232
1326,4,210,1.5567219257354736
1327,4,211,1.4759361743927002
1328,4,212,1.4818395376205444
1329,4,213,1.4205880165100098
1330,4,214,1.4736953973770142
1331,4,215,1.4829843044281006
1332,4,216,1.5190463066101074
1333,4,217,1.4883430004119873
1334,4,218,1.4774023294448853
1335,4,219,1.5074541568756104
1336,4,220,1.477257251739502
1337,4,221,1.458099126815796
1338,4,222,1.473362684249878
1339,4,223,1.6047414541244507
1340,4,224,1.4686280488967896
1341,4,225,1.5240130424499512
1342,4,226,1.4587587118148804
1343,4,227,1.395876407623291
1344,4,228,1.450352430343628
1345,4,229,1.4827113151550293
1346,4,230,1.491169810295105
1347,4,231,1.4808499813079834
1348,4,232,1.485224723815918
1349,4,233,1.4460848569869995
1350,4,234,1.4320378303527832
1351,4,235,1.4344027042388916
1352,4,236,1.545875906944275
1353,4,237,1.5057567358016968
1354,4,238,1.4400742053985596
1355,4,239,1.4326778650283813
1356,4,240,1.4633047580718994
1357,4,241,1.4937938451766968
1358,4,242,1.450391411781311
1359,4,243,1.416543960571289
1360,4,244,1.5118310451507568
1361,4,245,1.5262041091918945
1362,4,246,1.4796807765960693
1363,4,247,1.5200746059417725
1364,4,248,1.5562912225723267
1365,4,249,1.497077465057373
1366,4,250,1.4753581285476685
1367,4,251,1.416106939315796
1368,4,252,1.4585802555084229
1369,4,253,1.4505326747894287
1370,4,254,1.437624454498291
1371,4,255,1.6318334341049194
1372,4,256,1.463926911354065
1373,4,257,1.4491528272628784
1374,4,258,1.4841102361679077
1375,4,259,1.4710057973861694
1376,4,260,1.460553526878357
1377,4,261,1.438126802444458
1378,4,262,1.4397921562194824
1379,4,263,1.4690237045288086
1380,4,264,1.4246866703033447
1381,4,265,1.452151894569397
1382,4,266,1.615741491317749
1383,4,267,1.476252794265747
1384,4,268,1.4314721822738647
1385,4,269,1.4099209308624268
1386,4,270,1.4517812728881836
1387,4,271,1.484358310699463
1388,4,272,1.443665862083435
1389,4,273,1.4597320556640625
1390,4,274,1.5007725954055786
1391,4,275,1.4564692974090576
1392,4,276,1.4613901376724243
1393,4,277,1.463780164718628
1394,4,278,1.4319121837615967
1395,4,279,1.4711968898773193
1396,4,280,1.4081770181655884
1397,4,281,1.4600043296813965
1398,4,282,1.4707703590393066
1399,4,283,1.425114393234253
1400,4,284,1.4022802114486694
1401,4,285,1.4718379974365234
1402,4,286,1.4801995754241943
1403,4,287,1.5327650308609009
1404,4,288,1.4714152812957764
1405,4,289,1.4377776384353638
1406,4,290,1.3889458179473877
1407,4,291,1.4284498691558838
1408,4,292,1.5564082860946655
1409,4,293,1.427725076675415
1410,4,294,1.4087015390396118
1411,4,295,1.4296293258666992
1412,4,296,1.476012945175171
1413,4,297,1.4068195819854736
1414,4,298,1.4673439264297485
1415,4,299,1.4382280111312866
1416,4,300,1.5089164972305298
1417,4,301,1.4254900217056274
1418,4,302,1.4442102909088135
1419,4,303,1.4500391483306885
1420,4,304,1.5556623935699463
1421,4,305,1.4893344640731812
1422,4,306,1.4536643028259277
1423,4,307,1.4799306392669678
1424,4,308,1.41872239112854
1425,4,309,1.40333092212677
1426,4,310,1.449623942375183
1427,4,311,1.4501701593399048
1428,4,312,1.4316000938415527
1429,4,313,1.465207576751709
1430,4,314,1.4580531120300293
1431,4,315,1.4442260265350342
1432,4,316,1.5131350755691528
1433,4,317,1.4666211605072021
1434,4,318,1.4348489046096802
1435,4,319,1.4611352682113647
1436,4,320,1.453623652458191
1437,4,321,1.456372857093811
1438,4,322,1.432427167892456
1439,4,323,1.4973714351654053
1440,4,324,1.408821702003479
1441,4,325,1.635473608970642
1442,4,326,1.561802625656128
1443,4,327,1.435707449913025
1444,4,328,1.7013845443725586
1445,4,329,1.4132189750671387
1446,4,330,1.4187290668487549
1447,4,331,1.5110105276107788
1448,4,332,1.4330774545669556
1449,4,333,1.4019765853881836
1450,4,334,1.3581457138061523
1451,4,335,1.4411866664886475
1452,4,336,1.4305630922317505
1453,4,337,1.4375646114349365
1454,4,338,1.450476884841919
1455,4,339,1.4706323146820068
1456,4,340,1.4395636320114136
1457,4,341,1.4329500198364258
1458,4,342,1.4690861701965332
1459,4,343,1.417930006980896
1460,4,344,1.4339443445205688
1461,4,345,1.4373005628585815
1462,4,346,1.4016523361206055
1463,4,347,1.455519437789917
1464,4,348,1.4606924057006836
1465,4,349,1.3919446468353271
1466,4,350,1.4168827533721924
1467,4,351,1.4053153991699219
1468,4,352,1.4655542373657227
1469,4,353,1.3891276121139526
1470,4,354,1.4634798765182495
1471,4,355,1.3977296352386475
1472,4,356,1.431443452835083
1473,4,357,1.420902967453003
1474,4,358,1.403242826461792
1475,4,359,1.3828775882720947
1476,4,360,1.4038493633270264
1477,4,361,1.471869707107544
1478,4,362,1.397890329360962
1479,4,363,1.5215470790863037
1480,4,364,1.390944242477417
1481,4,365,1.3633110523223877
1482,4,366,1.4374417066574097
1483,4,367,1.4073712825775146
1484,4,368,1.3976023197174072
1485,4,369,1.4106279611587524
1486,4,370,1.399409294128418
1487,4,371,1.4609793424606323
1488,4,372,1.4290515184402466
1489,5,1,1.4117107391357422
1490,5,2,1.3933252096176147
1491,5,3,1.389448642730713
1492,5,4,1.3677165508270264
1493,5,5,1.3908360004425049
1494,5,6,1.3783069849014282
1495,5,7,1.3392956256866455
1496,5,8,1.4059829711914062
1497,5,9,1.4123181104660034
1498,5,10,1.4199942350387573
1499,5,11,1.3492814302444458
1500,5,12,1.4274600744247437
1501,5,13,1.4238638877868652
1502,5,14,1.4212652444839478
1503,5,15,1.4197453260421753
1504,5,16,1.418460726737976
1505,5,17,1.3689173460006714
1506,5,18,1.3533340692520142
1507,5,19,1.4126884937286377
1508,5,20,1.477031946182251
1509,5,21,1.4464325904846191
1510,5,22,1.4317710399627686
1511,5,23,1.321275234222412
1512,5,24,1.441084623336792
1513,5,25,1.4422353506088257
1514,5,26,1.3781108856201172
1515,5,27,1.4530868530273438
1516,5,28,1.4671292304992676
1517,5,29,1.3977020978927612
1518,5,30,1.4282087087631226
1519,5,31,1.4252063035964966
1520,5,32,1.3905744552612305
1521,5,33,1.5756703615188599
1522,5,34,1.3800891637802124
1523,5,35,1.3453105688095093
1524,5,36,1.4092981815338135
1525,5,37,1.383131742477417
1526,5,38,1.4647643566131592
1527,5,39,1.4097869396209717
1528,5,40,1.391202449798584
1529,5,41,1.4674525260925293
1530,5,42,1.3954126834869385
1531,5,43,1.4023053646087646
1532,5,44,1.3773350715637207
1533,5,45,1.3589451313018799
1534,5,46,1.384912133216858
1535,5,47,1.4055230617523193
1536,5,48,1.4201815128326416
1537,5,49,1.404104232788086
1538,5,50,1.3987759351730347
1539,5,51,1.3784550428390503
1540,5,52,1.3605576753616333
1541,5,53,1.3589696884155273
1542,5,54,1.4055416584014893
1543,5,55,1.3923304080963135
1544,5,56,1.3674399852752686
1545,5,57,1.4349380731582642
1546,5,58,1.378014326095581
1547,5,59,1.5162692070007324
1548,5,60,1.4400122165679932
1549,5,61,1.3922908306121826
1550,5,62,1.5177866220474243
1551,5,63,1.3841639757156372
1552,5,64,1.383158564567566
1553,5,65,1.3592724800109863
1554,5,66,1.3952885866165161
1555,5,67,1.357961893081665
1556,5,68,1.3764699697494507
1557,5,69,1.3874599933624268
1558,5,70,1.3423207998275757
1559,5,71,1.3549907207489014
1560,5,72,1.3538219928741455
1561,5,73,1.4122716188430786
1562,5,74,1.3463011980056763
1563,5,75,1.3601728677749634
1564,5,76,1.3330389261245728
1565,5,77,1.3381364345550537
1566,5,78,1.347113847732544
1567,5,79,1.3350497484207153
1568,5,80,1.3539421558380127
1569,5,81,1.487036943435669
1570,5,82,1.4154685735702515
1571,5,83,1.3579919338226318
1572,5,84,1.397238850593567
1573,5,85,1.4866623878479004
1574,5,86,1.3530076742172241
1575,5,87,1.4332458972930908
1576,5,88,1.449225664138794
1577,5,89,1.412031888961792
1578,5,90,1.3717355728149414
1579,5,91,1.3619086742401123
1580,5,92,1.57002854347229
1581,5,93,1.335252285003662
1582,5,94,1.4491560459136963
1583,5,95,1.3787356615066528
1584,5,96,1.392343282699585
1585,5,97,1.3818790912628174
1586,5,98,1.3758095502853394
1587,5,99,1.344163417816162
1588,5,100,1.4525268077850342
1589,5,101,1.3736052513122559
1590,5,102,1.3129900693893433
1591,5,103,1.3675347566604614
1592,5,104,1.3006978034973145
1593,5,105,1.364467978477478
1594,5,106,1.3616943359375
1595,5,107,1.3312244415283203
1596,5,108,1.3614637851715088
1597,5,109,1.353451132774353
1598,5,110,1.3835790157318115
1599,5,111,1.387941598892212
1600,5,112,1.3748478889465332
1601,5,113,1.3500900268554688
1602,5,114,1.4110400676727295
1603,5,115,1.3234593868255615
1604,5,116,1.367419958114624
1605,5,117,1.3559725284576416
1606,5,118,1.5122777223587036
1607,5,119,1.345278024673462
1608,5,120,1.3573758602142334
1609,5,121,1.4005318880081177
1610,5,122,1.345658302307129
1611,5,123,1.3226932287216187
1612,5,124,1.486775279045105
1613,5,125,1.3668140172958374
1614,5,126,1.373443603515625
1615,5,127,1.3978482484817505
1616,5,128,1.3419324159622192
1617,5,129,1.364755392074585
1618,5,130,1.3583930730819702
1619,5,131,1.3567854166030884
1620,5,132,1.3390623331069946
1621,5,133,1.3665343523025513
1622,5,134,1.377958059310913
1623,5,135,1.3537333011627197
1624,5,136,1.394860863685608
1625,5,137,1.3632088899612427
1626,5,138,1.3267868757247925
1627,5,139,1.3002045154571533
1628,5,140,1.3620853424072266
1629,5,141,1.3586267232894897
1630,5,142,1.3366892337799072
1631,5,143,1.3246691226959229
1632,5,144,1.4315464496612549
1633,5,145,1.402588129043579
1634,5,146,1.3738905191421509
1635,5,147,1.3033641576766968
1636,5,148,1.372078537940979
1637,5,149,1.370370626449585
1638,5,150,1.4131728410720825
1639,5,151,1.3442872762680054
1640,5,152,1.302217721939087
1641,5,153,1.3347920179367065
1642,5,154,1.3730379343032837
1643,5,155,1.3765531778335571
1644,5,156,1.3837913274765015
1645,5,157,1.2995998859405518
1646,5,158,1.3914108276367188
1647,5,159,1.4208523035049438
1648,5,160,1.3182965517044067
1649,5,161,1.3584167957305908
1650,5,162,1.3339262008666992
1651,5,163,1.3230701684951782
1652,5,164,1.3537743091583252
1653,5,165,1.308404803276062
1654,5,166,1.377310872077942
1655,5,167,1.370471715927124
1656,5,168,1.2962727546691895
1657,5,169,1.3401603698730469
1658,5,170,1.4807536602020264
1659,5,171,1.3480970859527588
1660,5,172,1.366916298866272
1661,5,173,1.39544677734375
1662,5,174,1.327351450920105
1663,5,175,1.327636480331421
1664,5,176,1.3643629550933838
1665,5,177,1.3778783082962036
1666,5,178,1.3234260082244873
1667,5,179,1.3950456380844116
1668,5,180,1.3403680324554443
1669,5,181,1.3612340688705444
1670,5,182,1.3718690872192383
1671,5,183,1.3830676078796387
1672,5,184,1.3589249849319458
1673,5,185,1.3627917766571045
1674,5,186,1.2907556295394897
1675,5,187,1.3717005252838135
1676,5,188,1.3355858325958252
1677,5,189,1.314215064048767
1678,5,190,1.311224341392517
1679,5,191,1.343855619430542
1680,5,192,1.3965225219726562
1681,5,193,1.3284218311309814
1682,5,194,1.3063814640045166
1683,5,195,1.343977689743042
1684,5,196,1.3265714645385742
1685,5,197,1.4192464351654053
1686,5,198,1.316207766532898
1687,5,199,1.2936421632766724
1688,5,200,1.313678503036499
1689,5,201,1.3654930591583252
1690,5,202,1.3273714780807495
1691,5,203,1.5980126857757568
1692,5,204,1.4135046005249023
1693,5,205,1.3260419368743896
1694,5,206,1.3129228353500366
1695,5,207,1.330241084098816
1696,5,208,1.3350707292556763
1697,5,209,1.3295185565948486
1698,5,210,1.347069501876831
1699,5,211,1.3793247938156128
1700,5,212,1.300443172454834
1701,5,213,1.3011804819107056
1702,5,214,1.2983200550079346
1703,5,215,1.3269670009613037
1704,5,216,1.3108447790145874
1705,5,217,1.3016602993011475
1706,5,218,1.3638750314712524
1707,5,219,1.3422164916992188
1708,5,220,1.318863868713379
1709,5,221,1.3567205667495728
1710,5,222,1.3579998016357422
1711,5,223,1.4257044792175293
1712,5,224,1.3678271770477295
1713,5,225,1.2924178838729858
1714,5,226,1.2571651935577393
1715,5,227,1.2940738201141357
1716,5,228,1.341942310333252
1717,5,229,1.2953650951385498
1718,5,230,1.3117127418518066
1719,5,231,1.3728907108306885
1720,5,232,1.3817799091339111
1721,5,233,1.329294204711914
1722,5,234,1.3741061687469482
1723,5,235,1.3086087703704834
1724,5,236,1.2846009731292725
1725,5,237,1.3214582204818726
1726,5,238,1.4283945560455322
1727,5,239,1.3371747732162476
1728,5,240,1.3585771322250366
1729,5,241,1.284306287765503
1730,5,242,1.3687678575515747
1731,5,243,1.2815148830413818
1732,5,244,1.2810919284820557
1733,5,245,1.358291506767273
1734,5,246,1.3709349632263184
1735,5,247,1.312572717666626
1736,5,248,1.3382964134216309
1737,5,249,1.3141995668411255
1738,5,250,1.4543218612670898
1739,5,251,1.3328957557678223
1740,5,252,1.2930176258087158
1741,5,253,1.2900503873825073
1742,5,254,1.3862330913543701
1743,5,255,1.3280651569366455
1744,5,256,1.396350622177124
1745,5,257,1.3836489915847778
1746,5,258,1.3706833124160767
1747,5,259,1.3365875482559204
1748,5,260,1.3476358652114868
1749,5,261,1.2972110509872437
1750,5,262,1.2899961471557617
1751,5,263,1.357978105545044
1752,5,264,1.2791749238967896
1753,5,265,1.333145260810852
1754,5,266,1.3068795204162598
1755,5,267,1.3056868314743042
1756,5,268,1.300728678703308
1757,5,269,1.4546698331832886
1758,5,270,1.302499532699585
1759,5,271,1.2992717027664185
1760,5,272,1.3238093852996826
1761,5,273,1.2933374643325806
1762,5,274,1.3613293170928955
1763,5,275,1.3003638982772827
1764,5,276,1.353319764137268
1765,5,277,1.2559610605239868
1766,5,278,1.3412997722625732
1767,5,279,1.3129804134368896
1768,5,280,1.411652684211731
1769,5,281,1.3141090869903564
1770,5,282,1.303852915763855
1771,5,283,1.2624280452728271
1772,5,284,1.311028242111206
1773,5,285,1.2997934818267822
1774,5,286,1.3481026887893677
1775,5,287,1.3231056928634644
1776,5,288,1.2628374099731445
1777,5,289,1.2893860340118408
1778,5,290,1.3534890413284302
1779,5,291,1.2772769927978516
1780,5,292,1.2811172008514404
1781,5,293,1.3000239133834839
1782,5,294,1.3438769578933716
1783,5,295,1.2653398513793945
1784,5,296,1.474103331565857
1785,5,297,1.3281276226043701
1786,5,298,1.3075462579727173
1787,5,299,1.301828145980835
1788,5,300,1.2727538347244263
1789,5,301,1.292467474937439
1790,5,302,1.297777533531189
1791,5,303,1.294260025024414
1792,5,304,1.29085111618042
1793,5,305,1.3192050457000732
1794,5,306,1.2663776874542236
1795,5,307,1.2965071201324463
1796,5,308,1.2602498531341553
1797,5,309,1.2212473154067993
1798,5,310,1.3159563541412354
1799,5,311,1.3120609521865845
1800,5,312,1.3071883916854858
1801,5,313,1.3339927196502686
1802,5,314,1.2858874797821045
1803,5,315,1.3558812141418457
1804,5,316,1.3232005834579468
1805,5,317,1.2988340854644775
1806,5,318,1.3007975816726685
1807,5,319,1.3127442598342896
1808,5,320,1.3428376913070679
1809,5,321,1.3574031591415405
1810,5,322,1.297468662261963
1811,5,323,1.296021580696106
1812,5,324,1.292520523071289
1813,5,325,1.3187298774719238
1814,5,326,1.312053918838501
1815,5,327,1.2924402952194214
1816,5,328,1.256734848022461
1817,5,329,1.267067551612854
1818,5,330,1.3303216695785522
1819,5,331,1.2711693048477173
1820,5,332,1.2569911479949951
1821,5,333,1.277031660079956
1822,5,334,1.2735049724578857
1823,5,335,1.2773425579071045
1824,5,336,1.2867025136947632
1825,5,337,1.2771947383880615
1826,5,338,1.3266977071762085
1827,5,339,1.2661590576171875
1828,5,340,1.290637493133545
1829,5,341,1.2581080198287964
1830,5,342,1.2798880338668823
1831,5,343,1.2101843357086182
1832,5,344,1.238873839378357
1833,5,345,1.2581496238708496
1834,5,346,1.2775013446807861
1835,5,347,1.2826459407806396
1836,5,348,1.310086965560913
1837,5,349,1.2881070375442505
1838,5,350,1.2656197547912598
1839,5,351,1.268413782119751
1840,5,352,1.3785018920898438
1841,5,353,1.2470468282699585
1842,5,354,1.373012900352478
1843,5,355,1.2580995559692383
1844,5,356,1.4845417737960815
1845,5,357,1.261328935623169
1846,5,358,1.2901744842529297
1847,5,359,1.2534983158111572
1848,5,360,1.2745245695114136
1849,5,361,1.2893022298812866
1850,5,362,1.2413514852523804
1851,5,363,1.3126728534698486
1852,5,364,1.315001130104065
1853,5,365,1.2093122005462646
1854,5,366,1.3125977516174316
1855,5,367,1.2590116262435913
1856,5,368,1.292912244796753
1857,5,369,1.2820544242858887
1858,5,370,1.2301157712936401
1859,5,371,1.2829792499542236
1860,5,372,1.285498857498169
1861,6,1,1.2995173931121826
1862,6,2,1.2897465229034424
1863,6,3,1.2649940252304077
1864,6,4,1.3713667392730713
1865,6,5,1.269592046737671
1866,6,6,1.299280047416687
1867,6,7,1.2788779735565186
1868,6,8,1.2646766901016235
1869,6,9,1.3012336492538452
1870,6,10,1.3479609489440918
1871,6,11,1.2556930780410767
1872,6,12,1.3298957347869873
1873,6,13,1.2038729190826416
1874,6,14,1.2578741312026978
1875,6,15,1.2239834070205688
1876,6,16,1.2548648118972778
1877,6,17,1.251086711883545
1878,6,18,1.2819828987121582
1879,6,19,1.2601518630981445
1880,6,20,1.2268235683441162
1881,6,21,1.2788538932800293
1882,6,22,1.2964388132095337
1883,6,23,1.2486146688461304
1884,6,24,1.2799972295761108
1885,6,25,1.296004056930542
1886,6,26,1.3172061443328857
1887,6,27,1.199692964553833
1888,6,28,1.223111867904663
1889,6,29,1.3198747634887695
1890,6,30,1.2644822597503662
1891,6,31,1.227561116218567
1892,6,32,1.218917965888977
1893,6,33,1.2382818460464478
1894,6,34,1.2340291738510132
1895,6,35,1.2456419467926025
1896,6,36,1.1648584604263306
1897,6,37,1.2886234521865845
1898,6,38,1.2523143291473389
1899,6,39,1.268128514289856
1900,6,40,1.2838690280914307
1901,6,41,1.5493898391723633
1902,6,42,1.22971773147583
1903,6,43,1.2166515588760376
1904,6,44,1.389920949935913
1905,6,45,1.2968463897705078
1906,6,46,1.2188708782196045
1907,6,47,1.2465755939483643
1908,6,48,1.2812472581863403
1909,6,49,1.2928624153137207
1910,6,50,1.2263867855072021
1911,6,51,1.2770488262176514
1912,6,52,1.2043060064315796
1913,6,53,1.2555146217346191
1914,6,54,1.232353925704956
1915,6,55,1.208693265914917
1916,6,56,1.2395083904266357
1917,6,57,1.2366530895233154
1918,6,58,1.2722818851470947
1919,6,59,1.3242295980453491
1920,6,60,1.2343354225158691
1921,6,61,1.2885562181472778
1922,6,62,1.2019414901733398
1923,6,63,1.2121365070343018
1924,6,64,1.249183177947998
1925,6,65,1.2363877296447754
1926,6,66,1.293379545211792
1927,6,67,1.2984122037887573
1928,6,68,1.2964107990264893
1929,6,69,1.244314432144165
1930,6,70,1.2848339080810547
1931,6,71,1.2572907209396362
1932,6,72,1.242802619934082
1933,6,73,1.1893140077590942
1934,6,74,1.2473764419555664
1935,6,75,1.2516613006591797
1936,6,76,1.2423261404037476
1937,6,77,1.237139105796814
1938,6,78,1.2730543613433838
1939,6,79,1.2778533697128296
1940,6,80,1.2052085399627686
1941,6,81,1.268754243850708
1942,6,82,1.2866041660308838
1943,6,83,1.2810983657836914
1944,6,84,1.2244164943695068
1945,6,85,1.2635982036590576
1946,6,86,1.2741663455963135
1947,6,87,1.242396354675293
1948,6,88,1.2031463384628296
1949,6,89,1.2692594528198242
1950,6,90,1.186265468597412
1951,6,91,1.294033408164978
1952,6,92,1.258018136024475
1953,6,93,1.1860252618789673
1954,6,94,1.1880462169647217
1955,6,95,1.224477767944336
1956,6,96,1.220824956893921
1957,6,97,1.242264747619629
1958,6,98,1.1669282913208008
1959,6,99,1.176923155784607
1960,6,100,1.2004834413528442
1961,6,101,1.2117795944213867
1962,6,102,1.1724541187286377
1963,6,103,1.2101014852523804
1964,6,104,1.2451831102371216
1965,6,105,1.218287706375122
1966,6,106,1.1768810749053955
1967,6,107,1.298804521560669
1968,6,108,1.2559865713119507
1969,6,109,1.244057059288025
1970,6,110,1.4365230798721313
1971,6,111,1.2483501434326172
1972,6,112,1.2623940706253052
1973,6,113,1.1543606519699097
1974,6,114,1.218726634979248
1975,6,115,1.228263258934021
1976,6,116,1.2357512712478638
1977,6,117,1.2019411325454712
1978,6,118,1.2720739841461182
1979,6,119,1.21015465259552
1980,6,120,1.2052828073501587
1981,6,121,1.1915620565414429
1982,6,122,1.262494683265686
1983,6,123,1.216398000717163
1984,6,124,1.1922422647476196
1985,6,125,1.210671305656433
1986,6,126,1.21837317943573
1987,6,127,1.2342627048492432
1988,6,128,1.2017837762832642
1989,6,129,1.1835216283798218
1990,6,130,1.2496880292892456
1991,6,131,1.2349703311920166
1992,6,132,1.2135696411132812
1993,6,133,1.2270891666412354
1994,6,134,1.285175085067749
1995,6,135,1.2950563430786133
1996,6,136,1.2684687376022339
1997,6,137,1.2967549562454224
1998,6,138,1.2248728275299072
1999,6,139,1.2031242847442627
2000,6,140,1.213272213935852
2001,6,141,1.2626057863235474
2002,6,142,1.308799147605896
2003,6,143,1.2370378971099854
2004,6,144,1.2160121202468872
2005,6,145,1.2268152236938477
2006,6,146,1.1866270303726196
2007,6,147,1.2107013463974
2008,6,148,1.2523517608642578
2009,6,149,1.1791695356369019
2010,6,150,1.263504981994629
2011,6,151,1.2435641288757324
2012,6,152,1.167994737625122
2013,6,153,1.2703505754470825
2014,6,154,1.184583306312561
2015,6,155,1.2074639797210693
2016,6,156,1.2585060596466064
2017,6,157,1.207444667816162
2018,6,158,1.1940301656723022
2019,6,159,1.2273681163787842
2020,6,160,1.2626005411148071
2021,6,161,1.1703155040740967
2022,6,162,1.1692672967910767
2023,6,163,1.1992876529693604
2024,6,164,1.1761143207550049
2025,6,165,1.2197016477584839
2026,6,166,1.2261407375335693
2027,6,167,1.213367223739624
2028,6,168,1.2171897888183594
2029,6,169,1.2180631160736084
2030,6,170,1.2464216947555542
2031,6,171,1.2549101114273071
2032,6,172,1.169076919555664
2033,6,173,1.1560509204864502
2034,6,174,1.2486733198165894
2035,6,175,1.1817293167114258
2036,6,176,1.222568154335022
2037,6,177,1.244880199432373
2038,6,178,1.1420466899871826
2039,6,179,1.276362657546997
2040,6,180,1.2170331478118896
2041,6,181,1.1375601291656494
2042,6,182,1.1915063858032227
2043,6,183,1.1715474128723145
2044,6,184,1.1719516515731812
2045,6,185,1.2518682479858398
2046,6,186,1.2443448305130005
2047,6,187,1.211819052696228
2048,6,188,1.209138035774231
2049,6,189,1.189555048942566
2050,6,190,1.1837332248687744
2051,6,191,1.2116138935089111
2052,6,192,1.315955638885498
2053,6,193,1.1884459257125854
2054,6,194,1.1893248558044434
2055,6,195,1.2891665697097778
2056,6,196,1.1703602075576782
2057,6,197,1.2074511051177979
2058,6,198,1.169684648513794
2059,6,199,1.2011454105377197
2060,6,200,1.2003779411315918
2061,6,201,1.2411218881607056
2062,6,202,1.1382122039794922
2063,6,203,1.2957404851913452
2064,6,204,1.1647840738296509
2065,6,205,1.1836755275726318
2066,6,206,1.1738693714141846
2067,6,207,1.1682567596435547
2068,6,208,1.1998112201690674
2069,6,209,1.2273801565170288
2070,6,210,1.2593356370925903
2071,6,211,1.2700823545455933
2072,6,212,1.2300784587860107
2073,6,213,1.2219157218933105
2074,6,214,1.2377241849899292
2075,6,215,1.244223952293396
2076,6,216,1.1880916357040405
2077,6,217,1.2474822998046875
2078,6,218,1.1676522493362427
2079,6,219,1.2089656591415405
2080,6,220,1.2114509344100952
2081,6,221,1.3286149501800537
2082,6,222,1.1747167110443115
2083,6,223,1.1687008142471313
2084,6,224,1.190447449684143
2085,6,225,1.1598527431488037
2086,6,226,1.3551331758499146
2087,6,227,1.215804934501648
2088,6,228,1.182078242301941
2089,6,229,1.2574480772018433
2090,6,230,1.151190996170044
2091,6,231,1.2230310440063477
2092,6,232,1.179571509361267
2093,6,233,1.2369633913040161
2094,6,234,1.1755925416946411
2095,6,235,1.172952651977539
2096,6,236,1.2767560482025146
2097,6,237,1.1842856407165527
2098,6,238,1.2000402212142944
2099,6,239,1.199642539024353
2100,6,240,1.1761163473129272
2101,6,241,1.1853458881378174
2102,6,242,1.2246687412261963
2103,6,243,1.1933186054229736
2104,6,244,1.2767939567565918
2105,6,245,1.1985515356063843
2106,6,246,1.1991465091705322
2107,6,247,1.1633410453796387
2108,6,248,1.200952172279358
2109,6,249,1.2645925283432007
2110,6,250,1.3324016332626343
2111,6,251,1.1929314136505127
2112,6,252,1.211667537689209
2113,6,253,1.2117059230804443
2114,6,254,1.219441533088684
2115,6,255,1.2218910455703735
2116,6,256,1.2893346548080444
2117,6,257,1.2484185695648193
2118,6,258,1.191798210144043
2119,6,259,1.186567783355713
2120,6,260,1.2207549810409546
2121,6,261,1.1872583627700806
2122,6,262,1.1590921878814697
2123,6,263,1.1470117568969727
2124,6,264,1.1724315881729126
2125,6,265,1.1682292222976685
2126,6,266,1.1338942050933838
2127,6,267,1.2104833126068115
2128,6,268,1.1686855554580688
2129,6,269,1.119000792503357
2130,6,270,1.162488579750061
2131,6,271,1.1949872970581055
2132,6,272,1.188685417175293
2133,6,273,1.2503550052642822
2134,6,274,1.1333156824111938
2135,6,275,1.1855621337890625
2136,6,276,1.2551169395446777
2137,6,277,1.1704500913619995
2138,6,278,1.169365644454956
2139,6,279,1.2345725297927856
2140,6,280,1.1756212711334229
2141,6,281,1.1477539539337158
2142,6,282,1.1289845705032349
2143,6,283,1.1692659854888916
2144,6,284,1.206944465637207
2145,6,285,1.1347187757492065
2146,6,286,1.220444917678833
2147,6,287,1.1864190101623535
2148,6,288,1.179808497428894
2149,6,289,1.179665207862854
2150,6,290,1.154624581336975
2151,6,291,1.1484564542770386
2152,6,292,1.1709973812103271
2153,6,293,1.2152503728866577
2154,6,294,1.1873459815979004
2155,6,295,1.2331892251968384
2156,6,296,1.1582725048065186
2157,6,297,1.1604819297790527
2158,6,298,1.237265706062317
2159,6,299,1.1765350103378296
2160,6,300,1.154193639755249
2161,6,301,1.1651511192321777
2162,6,302,1.1428892612457275
2163,6,303,1.152491569519043
2164,6,304,1.1531469821929932
2165,6,305,1.1426517963409424
2166,6,306,1.221267580986023
2167,6,307,1.1025155782699585
2168,6,308,1.2069382667541504
2169,6,309,1.1671117544174194
2170,6,310,1.125136375427246
2171,6,311,1.2057050466537476
2172,6,312,1.2465178966522217
2173,6,313,1.1597708463668823
2174,6,314,1.1424798965454102
2175,6,315,1.1040947437286377
2176,6,316,1.139041781425476
2177,6,317,1.1937670707702637
2178,6,318,1.13412344455719
2179,6,319,1.1406666040420532
2180,6,320,1.109923005104065
2181,6,321,1.147104263305664
2182,6,322,1.1397262811660767
2183,6,323,1.0872163772583008
2184,6,324,1.1615127325057983
2185,6,325,1.1567747592926025
2186,6,326,1.1389055252075195
2187,6,327,1.1946059465408325
2188,6,328,1.1952641010284424
2189,6,329,1.1822655200958252
2190,6,330,1.1810280084609985
2191,6,331,1.1332212686538696
2192,6,332,1.1990318298339844
2193,6,333,1.143397331237793
2194,6,334,1.1787736415863037
2195,6,335,1.160034418106079
2196,6,336,1.1816428899765015
2197,6,337,1.2180923223495483
2198,6,338,1.1703660488128662
2199,6,339,1.13818359375
2200,6,340,1.1087656021118164
2201,6,341,1.1594643592834473
2202,6,342,1.145855188369751
2203,6,343,1.1026418209075928
2204,6,344,1.2100951671600342
2205,6,345,1.0907204151153564
2206,6,346,1.1205151081085205
2207,6,347,1.1501514911651611
2208,6,348,1.211866021156311
2209,6,349,1.1473462581634521
2210,6,350,1.130407691001892
2211,6,351,1.1059870719909668
2212,6,352,1.131932258605957
2213,6,353,1.1348105669021606
2214,6,354,1.0885647535324097
2215,6,355,1.1328718662261963
2216,6,356,1.1269139051437378
2217,6,357,1.2308025360107422
2218,6,358,1.29139244556427
2219,6,359,1.0947449207305908
2220,6,360,1.1266988515853882
2221,6,361,1.1403917074203491
2222,6,362,1.1798945665359497
2223,6,363,1.0949679613113403
2224,6,364,1.1147340536117554
2225,6,365,1.1892009973526
2226,6,366,1.1169731616973877
2227,6,367,1.1429862976074219
2228,6,368,1.0894534587860107
2229,6,369,1.1287872791290283
2230,6,370,1.1107051372528076
2231,6,371,1.1721962690353394
2232,6,372,1.3559283018112183
2233,7,1,1.183661699295044
2234,7,2,1.137337327003479
2235,7,3,1.099043607711792
2236,7,4,1.1799074411392212
2237,7,5,1.1200482845306396
2238,7,6,1.1767383813858032
2239,7,7,1.1145989894866943
2240,7,8,1.1618988513946533
2241,7,9,1.1088237762451172
2242,7,10,1.1037507057189941
2243,7,11,1.126447081565857
2244,7,12,1.098296046257019
2245,7,13,1.0872762203216553
2246,7,14,1.1323355436325073
2247,7,15,1.1548516750335693
2248,7,16,1.115779161453247
2249,7,17,1.1650420427322388
2250,7,18,1.1682888269424438
2251,7,19,1.1727735996246338
2252,7,20,1.1427156925201416
2253,7,21,1.0869920253753662
2254,7,22,1.0977399349212646
2255,7,23,1.1966848373413086
2256,7,24,1.1573853492736816
2257,7,25,1.1364343166351318
2258,7,26,1.1115659475326538
2259,7,27,1.1183077096939087
2260,7,28,1.0881050825119019
2261,7,29,1.0995534658432007
2262,7,30,1.0953131914138794
2263,7,31,1.116786003112793
2264,7,32,1.1078494787216187
2265,7,33,1.1046580076217651
2266,7,34,1.101165533065796
2267,7,35,1.118312120437622
2268,7,36,1.1213411092758179
2269,7,37,1.0953471660614014
2270,7,38,1.1379154920578003
2271,7,39,1.1263519525527954
2272,7,40,1.1132493019104004
2273,7,41,1.1818984746932983
2274,7,42,1.1142312288284302
2275,7,43,1.144093632698059
2276,7,44,1.1033324003219604
2277,7,45,1.1553292274475098
2278,7,46,1.1473143100738525
2279,7,47,1.122541069984436
2280,7,48,1.1076757907867432
2281,7,49,1.0967381000518799
2282,7,50,1.115383505821228
2283,7,51,1.0826953649520874
2284,7,52,1.1458261013031006
2285,7,53,1.093250036239624
2286,7,54,1.087507963180542
2287,7,55,1.0850883722305298
2288,7,56,1.1020644903182983
2289,7,57,1.2009762525558472
2290,7,58,1.139833927154541
2291,7,59,1.0893040895462036
2292,7,60,1.2264416217803955
2293,7,61,1.0962369441986084
2294,7,62,1.1341526508331299
2295,7,63,1.175927996635437
2296,7,64,1.1018667221069336
2297,7,65,1.1083436012268066
2298,7,66,1.086751937866211
2299,7,67,1.1361076831817627
2300,7,68,1.1288930177688599
2301,7,69,1.1162240505218506
2302,7,70,1.0877482891082764
2303,7,71,1.2080096006393433
2304,7,72,1.0630606412887573
2305,7,73,1.1851712465286255
2306,7,74,1.0763685703277588
2307,7,75,1.1046785116195679
2308,7,76,1.1232035160064697
2309,7,77,1.1219156980514526
2310,7,78,1.049020528793335
2311,7,79,1.1205482482910156
2312,7,80,1.0857285261154175
2313,7,81,1.1408910751342773
2314,7,82,1.098494291305542
2315,7,83,1.0914509296417236
2316,7,84,1.0904375314712524
2317,7,85,1.1344581842422485
2318,7,86,1.0652238130569458
2319,7,87,1.1420609951019287
2320,7,88,1.0735002756118774
2321,7,89,1.127859354019165
2322,7,90,1.1091725826263428
2323,7,91,1.1002411842346191
2324,7,92,1.1310193538665771
2325,7,93,1.1247745752334595
2326,7,94,1.1512291431427002
2327,7,95,1.111172080039978
2328,7,96,1.1127502918243408
2329,7,97,1.2140264511108398
2330,7,98,1.0891187191009521
2331,7,99,1.102094054222107
2332,7,100,1.1654905080795288
2333,7,101,1.0768370628356934
2334,7,102,1.0803464651107788
2335,7,103,1.0889458656311035
2336,7,104,1.0922729969024658
2337,7,105,1.1673728227615356
2338,7,106,1.0916070938110352
2339,7,107,1.1576703786849976
2340,7,108,1.1051455736160278
2341,7,109,1.1568701267242432
2342,7,110,1.1037447452545166
2343,7,111,1.0810914039611816
2344,7,112,1.0887882709503174
2345,7,113,1.067667841911316
2346,7,114,1.084671974182129
2347,7,115,1.0897482633590698
2348,7,116,1.0938775539398193
2349,7,117,1.1399600505828857
2350,7,118,1.0762839317321777
2351,7,119,1.0872061252593994
2352,7,120,1.0875303745269775
2353,7,121,1.2285058498382568
2354,7,122,1.0644636154174805
2355,7,123,1.0946201086044312
2356,7,124,1.123479962348938
2357,7,125,1.0694702863693237
2358,7,126,1.0871787071228027
2359,7,127,1.0673786401748657
2360,7,128,1.1466734409332275
2361,7,129,1.1621804237365723
2362,7,130,1.1227160692214966
2363,7,131,1.1592859029769897
2364,7,132,1.0569424629211426
2365,7,133,1.1685020923614502
2366,7,134,1.1138484477996826
2367,7,135,1.0944042205810547
2368,7,136,1.1312432289123535
2369,7,137,1.1170097589492798
2370,7,138,1.1384100914001465
2371,7,139,1.0868852138519287
2372,7,140,1.0847246646881104
2373,7,141,1.0857880115509033
2374,7,142,1.0993911027908325
2375,7,143,1.0909504890441895
2376,7,144,1.080142617225647
2377,7,145,1.0850517749786377
2378,7,146,1.067518711090088
2379,7,147,1.08512282371521
2380,7,148,1.0742604732513428
2381,7,149,1.0723309516906738
2382,7,150,1.0997920036315918
2383,7,151,1.1128603219985962
2384,7,152,1.0847606658935547
2385,7,153,1.0739948749542236
2386,7,154,1.1754262447357178
2387,7,155,1.0633020401000977
2388,7,156,1.1197402477264404
2389,7,157,1.1098333597183228
2390,7,158,1.1078763008117676
2391,7,159,1.0986086130142212
2392,7,160,1.1164743900299072
2393,7,161,1.0786572694778442
2394,7,162,1.0611741542816162
2395,7,163,1.061091661453247
2396,7,164,1.1161893606185913
2397,7,165,1.0503888130187988
2398,7,166,1.0628585815429688
2399,7,167,1.0355539321899414
2400,7,168,1.0834165811538696
2401,7,169,1.1590288877487183
2402,7,170,1.0444055795669556
2403,7,171,1.0793473720550537
2404,7,172,1.0764944553375244
2405,7,173,1.1228225231170654
2406,7,174,1.0488717555999756
2407,7,175,1.0499266386032104
2408,7,176,1.1045539379119873
2409,7,177,1.0557721853256226
2410,7,178,1.0531595945358276
2411,7,179,1.1275957822799683
2412,7,180,1.134154200553894
2413,7,181,1.1317691802978516
2414,7,182,1.0809720754623413
2415,7,183,1.0851292610168457
2416,7,184,1.0778539180755615
2417,7,185,1.1061820983886719
2418,7,186,1.078131914138794
2419,7,187,1.118248701095581
2420,7,188,1.0664697885513306
2421,7,189,1.1042686700820923
2422,7,190,1.029518485069275
2423,7,191,1.2351454496383667
2424,7,192,1.0647151470184326
2425,7,193,1.1103371381759644
2426,7,194,1.1441409587860107
2427,7,195,1.0448806285858154
2428,7,196,1.0618274211883545
2429,7,197,1.044445514678955
2430,7,198,1.065713882446289
2431,7,199,1.097619652748108
2432,7,200,1.06339430809021
2433,7,201,1.101106882095337
2434,7,202,1.0883089303970337
2435,7,203,1.0798276662826538
2436,7,204,1.0265945196151733
2437,7,205,1.0713900327682495
2438,7,206,1.1562644243240356
2439,7,207,1.0329656600952148
2440,7,208,1.1002304553985596
2441,7,209,1.090829610824585
2442,7,210,1.0477334260940552
2443,7,211,1.0406993627548218
2444,7,212,1.1172810792922974
2445,7,213,1.090713620185852
2446,7,214,1.0324862003326416
2447,7,215,1.0833052396774292
2448,7,216,1.0220820903778076
2449,7,217,1.0853334665298462
2450,7,218,1.0625078678131104
2451,7,219,1.0453271865844727
2452,7,220,1.1229350566864014
2453,7,221,1.1042120456695557
2454,7,222,1.1054894924163818
2455,7,223,1.2563111782073975
2456,7,224,1.0353163480758667
2457,7,225,1.0547212362289429
2458,7,226,1.0932422876358032
2459,7,227,1.1258305311203003
2460,7,228,1.0838779211044312
2461,7,229,1.064949870109558
2462,7,230,1.1028889417648315
2463,7,231,1.0096518993377686
2464,7,232,1.197237253189087
2465,7,233,1.037100076675415
2466,7,234,1.0479153394699097
2467,7,235,1.1129698753356934
2468,7,236,1.0605452060699463
2469,7,237,1.046343445777893
2470,7,238,1.0683362483978271
2471,7,239,1.1034033298492432
2472,7,240,1.1189264059066772
2473,7,241,1.2642418146133423
2474,7,242,1.108532190322876
2475,7,243,1.0250340700149536
2476,7,244,1.081320881843567
2477,7,245,1.0559099912643433
2478,7,246,1.0581108331680298
2479,7,247,1.0565053224563599
2480,7,248,1.0582129955291748
2481,7,249,1.0523303747177124
2482,7,250,1.0897538661956787
2483,7,251,1.0077314376831055
2484,7,252,1.0457572937011719
2485,7,253,1.0829201936721802
2486,7,254,1.0342466831207275
2487,7,255,1.0407938957214355
2488,7,256,1.0615736246109009
2489,7,257,1.0991779565811157
2490,7,258,1.011603593826294
2491,7,259,1.0334837436676025
2492,7,260,1.0761533975601196
2493,7,261,1.1448144912719727
2494,7,262,1.0364534854888916
2495,7,263,1.1035810708999634
2496,7,264,1.1166847944259644
2497,7,265,1.0221565961837769
2498,7,266,0.9994544982910156
2499,7,267,1.1315075159072876
2500,7,268,1.1511541604995728
2501,7,269,1.068657636642456
2502,7,270,1.0132828950881958
2503,7,271,1.0705305337905884
2504,7,272,1.0753120183944702
2505,7,273,1.008811354637146
2506,7,274,1.1168485879898071
2507,7,275,1.0516598224639893
2508,7,276,1.0758545398712158
2509,7,277,1.0747625827789307
2510,7,278,1.041124701499939
2511,7,279,1.0195516347885132
2512,7,280,1.0147294998168945
2513,7,281,1.070178747177124
2514,7,282,1.0357019901275635
2515,7,283,1.0235966444015503
2516,7,284,1.0435532331466675
2517,7,285,1.0511119365692139
2518,7,286,1.0320351123809814
2519,7,287,1.080570101737976
2520,7,288,1.047165870666504
2521,7,289,1.0239555835723877
2522,7,290,1.064675211906433
2523,7,291,1.027423620223999
2524,7,292,1.0615179538726807
2525,7,293,1.09550142288208
2526,7,294,1.1737949848175049
2527,7,295,1.0774809122085571
2528,7,296,1.0655158758163452
2529,7,297,1.10831618309021
2530,7,298,1.0624128580093384
2531,7,299,1.0166678428649902
2532,7,300,1.0271055698394775
2533,7,301,1.0648860931396484
2534,7,302,0.997898280620575
2535,7,303,1.0212844610214233
2536,7,304,0.9821571111679077
2537,7,305,1.0162254571914673
2538,7,306,0.9996554255485535
2539,7,307,1.1045122146606445
2540,7,308,1.0466291904449463
2541,7,309,1.0238021612167358
2542,7,310,1.0542018413543701
2543,7,311,0.9900843501091003
2544,7,312,1.1501356363296509
2545,7,313,1.0692760944366455
2546,7,314,1.050590991973877
2547,7,315,1.0033377408981323
2548,7,316,1.1435271501541138
2549,7,317,1.0920969247817993
2550,7,318,1.0846197605133057
2551,7,319,1.0226719379425049
2552,7,320,1.0202677249908447
2553,7,321,0.9680014848709106
2554,7,322,1.0419082641601562
2555,7,323,1.0492452383041382
2556,7,324,1.0892069339752197
2557,7,325,1.0454819202423096
2558,7,326,1.0973087549209595
2559,7,327,1.096530795097351
2560,7,328,1.0488331317901611
2561,7,329,1.01350736618042
2562,7,330,1.0332329273223877
2563,7,331,1.0229254961013794
2564,7,332,1.1698124408721924
2565,7,333,1.0745793581008911
2566,7,334,1.1089439392089844
2567,7,335,1.0655590295791626
2568,7,336,1.03319251537323
2569,7,337,1.0956732034683228
2570,7,338,1.0222994089126587
2571,7,339,1.0267876386642456
2572,7,340,1.036939024925232
2573,7,341,1.0028513669967651
2574,7,342,1.0862293243408203
2575,7,343,1.0490061044692993
2576,7,344,1.037018895149231
2577,7,345,1.0253633260726929
2578,7,346,0.9917618036270142
2579,7,347,1.0802788734436035
2580,7,348,0.9919600486755371
2581,7,349,1.0721713304519653
2582,7,350,1.026800513267517
2583,7,351,1.0606276988983154
2584,7,352,1.0330884456634521
2585,7,353,1.117887020111084
2586,7,354,1.0262830257415771
2587,7,355,1.0332459211349487
2588,7,356,1.0743424892425537
2589,7,357,1.0060374736785889
2590,7,358,1.1772266626358032
2591,7,359,1.033437967300415
2592,7,360,1.2243479490280151
2593,7,361,1.0430333614349365
2594,7,362,0.9831345677375793
2595,7,363,1.011343002319336
2596,7,364,1.018785834312439
2597,7,365,1.000908613204956
2598,7,366,1.1534159183502197
2599,7,367,1.048162579536438
2600,7,368,1.0218126773834229
2601,7,369,1.048574686050415
2602,7,370,1.02591872215271
2603,7,371,1.0372766256332397
2604,7,372,1.2273616790771484
2605,8,1,1.019156813621521
2606,8,2,1.0458179712295532
2607,8,3,1.050795555114746
2608,8,4,1.0470601320266724
2609,8,5,0.9896162748336792
2610,8,6,1.0021615028381348
2611,8,7,0.9690243005752563
2612,8,8,1.1585733890533447
2613,8,9,0.9870890378952026
2614,8,10,1.0976444482803345
2615,8,11,0.9905663728713989
2616,8,12,1.0469958782196045
2617,8,13,1.1505640745162964
2618,8,14,1.042528510093689
2619,8,15,1.1771255731582642
2620,8,16,0.9906399846076965
2621,8,17,1.0083229541778564
2622,8,18,0.9570353627204895
2623,8,19,1.056281328201294
2624,8,20,1.0028254985809326
2625,8,21,1.089978814125061
2626,8,22,1.0079551935195923
2627,8,23,1.008886456489563
2628,8,24,1.0222033262252808
2629,8,25,0.9850133061408997
2630,8,26,0.9880782961845398
2631,8,27,0.9893766641616821
2632,8,28,0.9913870096206665
2633,8,29,0.9862203598022461
2634,8,30,1.0203152894973755
2635,8,31,1.032956838607788
2636,8,32,1.0080583095550537
2637,8,33,1.1246440410614014
2638,8,34,0.9425696134567261
2639,8,35,0.9840446710586548
2640,8,36,1.0480083227157593
2641,8,37,1.090580701828003
2642,8,38,1.0193259716033936
2643,8,39,1.013594388961792
2644,8,40,0.9663658142089844
2645,8,41,0.9919551014900208
2646,8,42,1.0273847579956055
2647,8,43,1.1361839771270752
2648,8,44,0.9708884358406067
2649,8,45,0.9306420087814331
2650,8,46,1.0932543277740479
2651,8,47,1.0233947038650513
2652,8,48,1.0021876096725464
2653,8,49,1.0117839574813843
2654,8,50,1.0961729288101196
2655,8,51,1.0318275690078735
2656,8,52,1.0744893550872803
2657,8,53,1.015390396118164
2658,8,54,1.0603115558624268
2659,8,55,0.9720093011856079
2660,8,56,1.0890954732894897
2661,8,57,0.9845541715621948
2662,8,58,0.9748368263244629
2663,8,59,0.9966772198677063
2664,8,60,1.0423917770385742
2665,8,61,0.997778594493866
2666,8,62,0.9812191724777222
2667,8,63,1.063398838043213
2668,8,64,1.0287988185882568
2669,8,65,1.0311129093170166
2670,8,66,1.0210431814193726
2671,8,67,1.0291810035705566
2672,8,68,0.9725287556648254
2673,8,69,0.9918466806411743
2674,8,70,1.042790174484253
2675,8,71,1.0294983386993408
2676,8,72,0.9554513692855835
2677,8,73,0.980492889881134
2678,8,74,0.9698039889335632
2679,8,75,0.9525545239448547
2680,8,76,0.9758912324905396
2681,8,77,1.0016148090362549
2682,8,78,0.9663599133491516
2683,8,79,1.123388409614563
2684,8,80,1.0334739685058594
2685,8,81,0.9996112585067749
2686,8,82,1.0028592348098755
2687,8,83,1.0724749565124512
2688,8,84,0.9980190396308899
2689,8,85,0.9971256256103516
2690,8,86,0.9944761395454407
2691,8,87,0.9738233685493469
2692,8,88,0.9688445925712585
2693,8,89,1.0006862878799438
2694,8,90,0.9829200506210327
2695,8,91,1.0078225135803223
2696,8,92,0.9587339162826538
2697,8,93,0.9402542114257812
2698,8,94,0.9825760722160339
2699,8,95,0.9783936738967896
2700,8,96,0.9782460331916809
2701,8,97,1.023733377456665
2702,8,98,0.9459495544433594
2703,8,99,0.9414432644844055
2704,8,100,1.0797330141067505
2705,8,101,0.9890434145927429
2706,8,102,0.9422899484634399
2707,8,103,0.9696429967880249
2708,8,104,0.9408683776855469
2709,8,105,1.0163403749465942
2710,8,106,0.9596026539802551
2711,8,107,0.9823917150497437
2712,8,108,1.0170316696166992
2713,8,109,0.9872949719429016
2714,8,110,1.002023696899414
2715,8,111,1.062623381614685
2716,8,112,0.945145308971405
2717,8,113,1.0059633255004883
2718,8,114,0.9489342570304871
2719,8,115,1.0303692817687988
2720,8,116,1.1206247806549072
2721,8,117,1.0539710521697998
2722,8,118,0.9883779287338257
2723,8,119,0.9829524755477905
2724,8,120,1.0382258892059326
2725,8,121,0.9574307203292847
2726,8,122,0.9944159388542175
2727,8,123,0.9347135424613953
2728,8,124,1.0322641134262085
2729,8,125,0.9817212820053101
2730,8,126,0.9784321784973145
2731,8,127,0.9641464352607727
2732,8,128,0.9311205148696899
2733,8,129,0.9913485646247864
2734,8,130,0.9711107015609741
2735,8,131,0.9714950323104858
2736,8,132,1.0167336463928223
2737,8,133,0.9891935586929321
2738,8,134,0.927525520324707
2739,8,135,0.9520651698112488
2740,8,136,0.9993541836738586
2741,8,137,0.9703046083450317
2742,8,138,0.947901725769043
2743,8,139,0.9518693685531616
2744,8,140,0.9846757650375366
2745,8,141,0.9737361669540405
2746,8,142,0.9440120458602905
2747,8,143,1.0194880962371826
2748,8,144,0.9673382043838501
2749,8,145,1.0309867858886719
2750,8,146,0.9873846173286438
2751,8,147,0.9510952830314636
2752,8,148,0.9917632341384888
2753,8,149,0.9948631525039673
2754,8,150,0.9685279726982117
2755,8,151,0.956782341003418
2756,8,152,0.9778966903686523
2757,8,153,1.0524519681930542
2758,8,154,0.9152088165283203
2759,8,155,0.9255126118659973
2760,8,156,1.021911859512329
2761,8,157,0.9394432306289673
2762,8,158,0.9579488635063171
2763,8,159,0.9402886629104614
2764,8,160,1.0518009662628174
2765,8,161,1.0264394283294678
2766,8,162,0.9338749051094055
2767,8,163,0.9734066128730774
2768,8,164,1.0200016498565674
2769,8,165,0.9624358415603638
2770,8,166,0.9801070094108582
2771,8,167,0.957779586315155
2772,8,168,1.0113732814788818
2773,8,169,0.9459859728813171
2774,8,170,0.9542538523674011
2775,8,171,0.9783684015274048
2776,8,172,1.0428783893585205
2777,8,173,1.0167959928512573
2778,8,174,0.933390736579895
2779,8,175,0.9484950304031372
2780,8,176,0.9818984866142273
2781,8,177,0.9777601361274719
2782,8,178,0.9390016794204712
2783,8,179,1.0016467571258545
2784,8,180,0.9665449857711792
2785,8,181,1.0233789682388306
2786,8,182,0.9237911105155945
2787,8,183,0.8889533877372742
2788,8,184,0.9700563549995422
2789,8,185,1.0058925151824951
2790,8,186,0.9609817266464233
2791,8,187,1.0024968385696411
2792,8,188,1.128879189491272
2793,8,189,0.9900590181350708
2794,8,190,0.9420068860054016
2795,8,191,0.9722086191177368
2796,8,192,0.9909412264823914
2797,8,193,0.9292005300521851
2798,8,194,0.9338663220405579
2799,8,195,0.9464677572250366
2800,8,196,1.0059282779693604
2801,8,197,0.9708417654037476
2802,8,198,0.965521514415741
2803,8,199,0.9708879590034485
2804,8,200,0.9857909083366394
2805,8,201,0.978924572467804
2806,8,202,0.9636437296867371
2807,8,203,1.0298305749893188
2808,8,204,1.053694486618042
2809,8,205,0.948132336139679
2810,8,206,0.9829242825508118
2811,8,207,1.1251057386398315
2812,8,208,0.9671601057052612
2813,8,209,0.9720589518547058
2814,8,210,0.9933961629867554
2815,8,211,0.9489332437515259
2816,8,212,0.942511260509491
2817,8,213,1.0408990383148193
2818,8,214,0.9967872500419617
2819,8,215,0.9914358854293823
2820,8,216,0.986993670463562
2821,8,217,0.9467069506645203
2822,8,218,0.9176448583602905
2823,8,219,0.9456032514572144
2824,8,220,0.982772707939148
2825,8,221,0.9194941520690918
2826,8,222,0.9535659551620483
2827,8,223,0.9126672744750977
2828,8,224,0.9848595857620239
2829,8,225,0.9507729411125183
2830,8,226,0.965043842792511
2831,8,227,0.9363004565238953
2832,8,228,0.9551249742507935
2833,8,229,0.9625679850578308
2834,8,230,0.9520933032035828
2835,8,231,0.9859265089035034
2836,8,232,0.9765352010726929
2837,8,233,0.921356201171875
2838,8,234,1.0187983512878418
2839,8,235,0.9606067538261414
2840,8,236,0.9209827184677124
2841,8,237,0.9520068168640137
2842,8,238,0.983269989490509
2843,8,239,0.9932343363761902
2844,8,240,0.9729601740837097
2845,8,241,0.9404001235961914
2846,8,242,0.9848763346672058
2847,8,243,0.8804705739021301
2848,8,244,0.9732815623283386
2849,8,245,0.9130498170852661
2850,8,246,1.0984233617782593
2851,8,247,0.9414008855819702
2852,8,248,0.9205373525619507
2853,8,249,0.966037929058075
2854,8,250,0.9652631878852844
2855,8,251,0.9381693005561829
2856,8,252,0.9563697576522827
2857,8,253,0.9828198552131653
2858,8,254,0.9412023425102234
2859,8,255,0.9588750600814819
2860,8,256,0.9340139627456665
2861,8,257,0.9200868606567383
2862,8,258,0.9314371943473816
2863,8,259,0.9169458150863647
2864,8,260,0.9444427490234375
2865,8,261,0.9184668660163879
2866,8,262,1.0415527820587158
2867,8,263,0.8977977633476257
2868,8,264,0.9129990339279175
2869,8,265,1.0158518552780151
2870,8,266,0.965060830116272
2871,8,267,0.9307669401168823
2872,8,268,0.9344378709793091
2873,8,269,0.9072291254997253
2874,8,270,0.9344274401664734
2875,8,271,0.9369610548019409
2876,8,272,0.960460364818573
2877,8,273,0.9263643026351929
2878,8,274,0.9525185823440552
2879,8,275,0.9073828458786011
2880,8,276,0.9113324284553528
2881,8,277,0.9236215353012085
2882,8,278,0.980017364025116
2883,8,279,0.8755127787590027
2884,8,280,0.8753066062927246
2885,8,281,0.9411047697067261
2886,8,282,0.9233843684196472
2887,8,283,0.9162194132804871
2888,8,284,0.9667637944221497
2889,8,285,1.0085209608078003
2890,8,286,0.8838199377059937
2891,8,287,0.8851372003555298
2892,8,288,0.9233083724975586
2893,8,289,0.9311156272888184
2894,8,290,0.9372369647026062
2895,8,291,0.8891366124153137
2896,8,292,0.9998432397842407
2897,8,293,0.9173697233200073
2898,8,294,0.8888568878173828
2899,8,295,0.8885815739631653
2900,8,296,0.9385643005371094
2901,8,297,0.9152467846870422
2902,8,298,0.9002735018730164
2903,8,299,0.9192485809326172
2904,8,300,0.89190673828125
2905,8,301,0.95787113904953
2906,8,302,0.9177359342575073
2907,8,303,0.9396919012069702
2908,8,304,0.9617577791213989
2909,8,305,0.9192892909049988
2910,8,306,0.8909960985183716
2911,8,307,0.8731012344360352
2912,8,308,0.9884698987007141
2913,8,309,0.987540602684021
2914,8,310,0.921471118927002
2915,8,311,0.9369133710861206
2916,8,312,0.9240205883979797
2917,8,313,0.8662772178649902
2918,8,314,0.9035693407058716
2919,8,315,0.9889079332351685
2920,8,316,0.8743217587471008
2921,8,317,0.9474195241928101
2922,8,318,0.9668292999267578
2923,8,319,0.9046923518180847
2924,8,320,0.8952124714851379
2925,8,321,0.9157710075378418
2926,8,322,0.9586906433105469
2927,8,323,0.8912126421928406
2928,8,324,0.9640600085258484
2929,8,325,0.8625187873840332
2930,8,326,0.8941446542739868
2931,8,327,0.9024836421012878
2932,8,328,0.8470643758773804
2933,8,329,0.9743127822875977
2934,8,330,1.0043588876724243
2935,8,331,0.8683534860610962
2936,8,332,0.9490681886672974
2937,8,333,0.9632024765014648
2938,8,334,0.8533457517623901
2939,8,335,1.0809228420257568
2940,8,336,0.9506828188896179
2941,8,337,1.0934535264968872
2942,8,338,0.9451997876167297
2943,8,339,0.8570796251296997
2944,8,340,0.9519842267036438
2945,8,341,0.9353830218315125
2946,8,342,0.9181314706802368
2947,8,343,0.8841201663017273
2948,8,344,1.0259159803390503
2949,8,345,0.9127920866012573
2950,8,346,0.9355263710021973
2951,8,347,0.915460467338562
2952,8,348,0.8962062001228333
2953,8,349,0.8756018877029419
2954,8,350,0.8713759183883667
2955,8,351,0.9051481485366821
2956,8,352,0.8880701065063477
2957,8,353,0.9292181134223938
2958,8,354,0.9306802749633789
2959,8,355,0.8849285244941711
2960,8,356,0.8796974420547485
2961,8,357,0.9243259429931641
2962,8,358,0.9768162965774536
2963,8,359,0.9504620432853699
2964,8,360,0.8984257578849792
2965,8,361,0.8706487417221069
2966,8,362,0.9026113748550415
2967,8,363,0.9279642105102539
2968,8,364,0.875390887260437
2969,8,365,0.9384949803352356
2970,8,366,0.9048579335212708
2971,8,367,0.8734766244888306
2972,8,368,0.8884550333023071
2973,8,369,0.9198856353759766
2974,8,370,0.8843500018119812
2975,8,371,0.9826785326004028
2976,8,372,0.8964236378669739
2977,9,1,0.9076046943664551
2978,9,2,0.9116703867912292
2979,9,3,0.906256377696991
2980,9,4,0.9163621664047241
2981,9,5,0.890734076499939
2982,9,6,0.8690570592880249
2983,9,7,0.9288261532783508
2984,9,8,0.8961532711982727
2985,9,9,0.8823753595352173
2986,9,10,0.8774698972702026
2987,9,11,0.9899429082870483
2988,9,12,0.9356945157051086
2989,9,13,0.8656328916549683
2990,9,14,0.881618320941925
2991,9,15,0.9003653526306152
2992,9,16,0.9682475328445435
2993,9,17,0.8585761785507202
2994,9,18,0.9099884033203125
2995,9,19,0.8970140218734741
2996,9,20,0.8550983667373657
2997,9,21,0.9082954525947571
2998,9,22,0.8916327357292175
2999,9,23,0.9345620274543762
3000,9,24,0.8443779945373535
3001,9,25,0.9447320103645325
3002,9,26,0.8760992288589478
3003,9,27,0.8764885067939758
3004,9,28,0.8993512392044067
3005,9,29,0.9208378791809082
3006,9,30,0.9247404336929321
3007,9,31,0.929669976234436
3008,9,32,0.8776220083236694
3009,9,33,0.8965665102005005
3010,9,34,0.8809725046157837
3011,9,35,0.8957496881484985
3012,9,36,0.9733074903488159
3013,9,37,0.8928027153015137
3014,9,38,0.905875027179718
3015,9,39,0.8836746215820312
3016,9,40,0.8958917856216431
3017,9,41,0.904821515083313
3018,9,42,0.8842209577560425
3019,9,43,0.8954695463180542
3020,9,44,0.8399184346199036
3021,9,45,0.9186819195747375
3022,9,46,0.8842280507087708
3023,9,47,0.9164527654647827
3024,9,48,0.8914297223091125
3025,9,49,0.8583375811576843
3026,9,50,0.8383201360702515
3027,9,51,0.9138960838317871
3028,9,52,0.8738091588020325
3029,9,53,0.890548586845398
3030,9,54,0.8873745203018188
3031,9,55,0.8555982708930969
3032,9,56,0.9060752987861633
3033,9,57,0.8251689672470093
3034,9,58,0.8417393565177917
3035,9,59,0.9017133712768555
3036,9,60,0.9307188987731934
3037,9,61,0.876024603843689
3038,9,62,0.8694494962692261
3039,9,63,0.8676968812942505
3040,9,64,0.9109848737716675
3041,9,65,0.8643552660942078
3042,9,66,0.9929741621017456
3043,9,67,0.888968825340271
3044,9,68,0.872592568397522
3045,9,69,0.8898569941520691
3046,9,70,0.861645519733429
3047,9,71,0.8397513628005981
3048,9,72,0.873443603515625
3049,9,73,0.8513292074203491
3050,9,74,0.8924521207809448
3051,9,75,0.8732261657714844
3052,9,76,0.8739293813705444
3053,9,77,0.9169519543647766
3054,9,78,0.8420723080635071
3055,9,79,0.9181162118911743
3056,9,80,0.8723245859146118
3057,9,81,0.8748272061347961
3058,9,82,0.9317636489868164
3059,9,83,0.8341532945632935
3060,9,84,0.916106104850769
3061,9,85,0.9353739023208618
3062,9,86,0.8474160432815552
3063,9,87,0.851772129535675
3064,9,88,0.8919083476066589
3065,9,89,0.8579460978507996
3066,9,90,0.8809727430343628
3067,9,91,0.8996084928512573
3068,9,92,0.8432849049568176
3069,9,93,0.8888980150222778
3070,9,94,0.8790435791015625
3071,9,95,0.8790173530578613
3072,9,96,0.9360213279724121
3073,9,97,0.9076291918754578
3074,9,98,0.8661006689071655
3075,9,99,0.8730959892272949
3076,9,100,0.8682230710983276
3077,9,101,0.8972450494766235
3078,9,102,0.8595094680786133
3079,9,103,0.8586620092391968
3080,9,104,0.8360670804977417
3081,9,105,0.9163848161697388
3082,9,106,0.8281048536300659
3083,9,107,0.8446752429008484
3084,9,108,0.8599214553833008
3085,9,109,0.8259572982788086
3086,9,110,0.9348310232162476
3087,9,111,0.8436170816421509
3088,9,112,0.8668443560600281
3089,9,113,0.8434622883796692
3090,9,114,0.8412213325500488
3091,9,115,0.9025348424911499
3092,9,116,0.7939294576644897
3093,9,117,0.8685626983642578
3094,9,118,0.900549590587616
3095,9,119,0.8920259475708008
3096,9,120,0.8325387239456177
3097,9,121,0.8497858047485352
3098,9,122,0.8903571367263794
3099,9,123,1.0365656614303589
3100,9,124,0.8818147778511047
3101,9,125,0.801413893699646
3102,9,126,0.8544103503227234
3103,9,127,0.8782113194465637
3104,9,128,0.872839629650116
3105,9,129,0.8990268707275391
3106,9,130,0.850302517414093
3107,9,131,0.8198688626289368
3108,9,132,0.9209942817687988
3109,9,133,0.8464201092720032
3110,9,134,0.995735764503479
3111,9,135,1.190091848373413
3112,9,136,0.8112732768058777
3113,9,137,0.8540786504745483
3114,9,138,0.8655049204826355
3115,9,139,0.8344728350639343
3116,9,140,0.8934952616691589
3117,9,141,0.8586710095405579
3118,9,142,0.8968596458435059
3119,9,143,0.8815744519233704
3120,9,144,0.8668338060379028
3121,9,145,0.8707907795906067
3122,9,146,0.9414775967597961
3123,9,147,0.8227165937423706
3124,9,148,0.8846430778503418
3125,9,149,0.8632497787475586
3126,9,150,0.8762475252151489
3127,9,151,0.8619546890258789
3128,9,152,0.8646488189697266
3129,9,153,0.8723492622375488
3130,9,154,0.832536518573761
3131,9,155,0.8450918197631836
3132,9,156,0.8492065668106079
3133,9,157,0.8896418809890747
3134,9,158,0.8512368202209473
3135,9,159,0.8762405514717102
3136,9,160,0.8065750002861023
3137,9,161,0.8547126054763794
3138,9,162,1.0109045505523682
3139,9,163,0.8352349996566772
3140,9,164,0.8503812551498413
3141,9,165,0.8391308784484863
3142,9,166,0.9757789373397827
3143,9,167,0.9501056671142578
3144,9,168,1.0382285118103027
3145,9,169,0.8205722570419312
3146,9,170,0.795654833316803
3147,9,171,0.7999456524848938
3148,9,172,0.8238654136657715
3149,9,173,0.9155365228652954
3150,9,174,0.8696354627609253
3151,9,175,0.8375929594039917
3152,9,176,0.8222450017929077
3153,9,177,0.8945004343986511
3154,9,178,0.8910179138183594
3155,9,179,0.857883632183075
3156,9,180,0.8421499133110046
3157,9,181,0.8713916540145874
3158,9,182,0.8195427656173706
3159,9,183,0.9020146131515503
3160,9,184,0.8553086519241333
3161,9,185,0.8359994888305664
3162,9,186,0.8648923635482788
3163,9,187,0.8597347140312195
3164,9,188,0.879886269569397
3165,9,189,0.9929755330085754
3166,9,190,0.89336758852005
3167,9,191,0.8536795377731323
3168,9,192,0.8184574246406555
3169,9,193,0.8289092779159546
3170,9,194,0.9553680419921875
3171,9,195,0.899583637714386
3172,9,196,0.8150272369384766
3173,9,197,0.8483401536941528
3174,9,198,0.8213330507278442
3175,9,199,0.88141268491745
3176,9,200,0.8690298199653625
3177,9,201,0.8936308026313782
3178,9,202,0.8488240242004395
3179,9,203,0.8084651231765747
3180,9,204,0.8009975552558899
3181,9,205,0.8845702409744263
3182,9,206,0.8201961517333984
3183,9,207,0.7953804731369019
3184,9,208,0.7845323085784912
3185,9,209,0.8343203663825989
3186,9,210,0.8705501556396484
3187,9,211,0.8382222056388855
3188,9,212,1.0209691524505615
3189,9,213,0.8328617215156555
3190,9,214,0.8597475290298462
3191,9,215,0.8202058672904968
3192,9,216,0.888782799243927
3193,9,217,0.9028768539428711
3194,9,218,0.8547667264938354
3195,9,219,0.8572624921798706
3196,9,220,0.8624780774116516
3197,9,221,0.8086692690849304
3198,9,222,0.8551092147827148
3199,9,223,0.8646175265312195
3200,9,224,0.7998108863830566
3201,9,225,0.8302151560783386
3202,9,226,0.9272199869155884
3203,9,227,0.9104706048965454
3204,9,228,0.8519124984741211
3205,9,229,0.9207464456558228
3206,9,230,0.8598210215568542
3207,9,231,0.807964026927948
3208,9,232,0.8081714510917664
3209,9,233,0.8503345251083374
3210,9,234,0.8538300395011902
3211,9,235,0.870947003364563
3212,9,236,0.8351060152053833
3213,9,237,0.845787525177002
3214,9,238,0.8501165509223938
3215,9,239,0.792242169380188
3216,9,240,0.8648883700370789
3217,9,241,0.833143413066864
3218,9,242,0.9231840968132019
3219,9,243,0.8940267562866211
3220,9,244,0.7623302936553955
3221,9,245,0.8358808755874634
3222,9,246,0.8293086290359497
3223,9,247,0.8506090044975281
3224,9,248,0.8013187646865845
3225,9,249,0.7847050428390503
3226,9,250,0.841336727142334
3227,9,251,0.814042866230011
3228,9,252,0.8528879284858704
3229,9,253,0.7932220697402954
3230,9,254,0.8288102149963379
3231,9,255,0.7819581031799316
3232,9,256,0.8487057685852051
3233,9,257,0.839841365814209
3234,9,258,0.8072430491447449
3235,9,259,0.8301730155944824
3236,9,260,0.8376327753067017
3237,9,261,0.8212359547615051
3238,9,262,0.8058306574821472
3239,9,263,0.813895583152771
3240,9,264,0.9336725473403931
3241,9,265,0.8735412359237671
3242,9,266,0.8612492680549622
3243,9,267,0.8534890413284302
3244,9,268,0.9336260557174683
3245,9,269,0.8169012069702148
3246,9,270,0.8029646873474121
3247,9,271,0.8397132158279419
3248,9,272,0.899786114692688
3249,9,273,0.8479260206222534
3250,9,274,0.9616671800613403
3251,9,275,0.8663992881774902
3252,9,276,0.8476428985595703
3253,9,277,0.8602136373519897
3254,9,278,0.7832125425338745
3255,9,279,0.8139970898628235
3256,9,280,0.841637134552002
3257,9,281,0.8369965553283691
3258,9,282,0.8277422189712524
3259,9,283,0.7947829961776733
3260,9,284,0.8720939755439758
3261,9,285,0.9580210447311401
3262,9,286,0.8684398531913757
3263,9,287,0.8239251375198364
3264,9,288,0.8172934651374817
3265,9,289,0.8894332051277161
3266,9,290,0.8479911684989929
3267,9,291,0.884419322013855
3268,9,292,0.8151450157165527
3269,9,293,0.8581722974777222
3270,9,294,0.8276959657669067
3271,9,295,0.7892970442771912
3272,9,296,0.9016844630241394
3273,9,297,0.8137800097465515
3274,9,298,0.8438042402267456
3275,9,299,0.8604145050048828
3276,9,300,0.9022695422172546
3277,9,301,0.8077617883682251
3278,9,302,0.8069060444831848
3279,9,303,0.8522768020629883
3280,9,304,0.8124855756759644
3281,9,305,0.9114434123039246
3282,9,306,0.7847777605056763
3283,9,307,0.8318797945976257
3284,9,308,0.7987872362136841
3285,9,309,1.059830665588379
3286,9,310,0.8381552696228027
3287,9,311,0.8481494784355164
3288,9,312,0.8657286763191223
3289,9,313,0.8296578526496887
3290,9,314,0.8596908450126648
3291,9,315,0.783041775226593
3292,9,316,0.8325634002685547
3293,9,317,0.8553577661514282
3294,9,318,0.8312684893608093
3295,9,319,0.8499383926391602
3296,9,320,0.8466763496398926
3297,9,321,0.8369820713996887
3298,9,322,0.7983997464179993
3299,9,323,0.8034292459487915
3300,9,324,0.8155528903007507
3301,9,325,0.7676461935043335
3302,9,326,0.7953015565872192
3303,9,327,0.7595105767250061
3304,9,328,0.760357677936554
3305,9,329,0.8363180160522461
3306,9,330,0.8329054713249207
3307,9,331,0.8673750162124634
3308,9,332,0.8352154493331909
3309,9,333,0.826928973197937
3310,9,334,0.9410526156425476
3311,9,335,0.7699509263038635
3312,9,336,0.7702432870864868
3313,9,337,0.7864266037940979
3314,9,338,0.8891555070877075
3315,9,339,0.8595690727233887
3316,9,340,0.8034847378730774
3317,9,341,0.8256089091300964
3318,9,342,0.8609066009521484
3319,9,343,0.823986828327179
3320,9,344,0.8369266390800476
3321,9,345,0.7915256023406982
3322,9,346,0.982491135597229
3323,9,347,0.824653148651123
3324,9,348,0.8244689702987671
3325,9,349,0.7694165706634521
3326,9,350,0.782148003578186
3327,9,351,0.8183778524398804
3328,9,352,0.8752998113632202
3329,9,353,0.8194862604141235
3330,9,354,0.8064497113227844
3331,9,355,0.8683217167854309
3332,9,356,0.8280994296073914
3333,9,357,0.8328475952148438
3334,9,358,0.7974075078964233
3335,9,359,0.8630466461181641
3336,9,360,0.812760055065155
3337,9,361,0.8019639253616333
3338,9,362,0.7729872465133667
3339,9,363,0.7976387739181519
3340,9,364,0.7798982262611389
3341,9,365,0.7712528109550476
3342,9,366,0.8253505825996399
3343,9,367,0.7997681498527527
3344,9,368,0.8064090609550476
3345,9,369,0.8590803146362305
3346,9,370,0.9047892689704895
3347,9,371,0.8304471969604492
3348,9,372,0.8334043622016907
3349,10,1,0.825963020324707
3350,10,2,0.8084219694137573
3351,10,3,0.8777783513069153
3352,10,4,0.8284565210342407
3353,10,5,0.7677274346351624
3354,10,6,0.9946430325508118
3355,10,7,0.7944668531417847
3356,10,8,0.791158139705658
3357,10,9,0.8123019337654114
3358,10,10,0.7724701762199402
3359,10,11,0.788722574710846
3360,10,12,0.7974224090576172
3361,10,13,0.7523525953292847
3362,10,14,0.8099285960197449
3363,10,15,0.8065471649169922
3364,10,16,0.7921556830406189
3365,10,17,0.7961734533309937
3366,10,18,0.8490012288093567
3367,10,19,0.790849506855011
3368,10,20,0.8702458143234253
3369,10,21,0.7688717246055603
3370,10,22,0.8357251882553101
3371,10,23,0.8001543283462524
3372,10,24,0.7862332463264465
3373,10,25,0.7974196076393127
3374,10,26,0.8529259562492371
3375,10,27,0.8620349764823914
3376,10,28,0.8541768193244934
3377,10,29,0.8015063405036926
3378,10,30,0.8041388392448425
3379,10,31,0.8612794876098633
3380,10,32,0.8211271166801453
3381,10,33,0.824404239654541
3382,10,34,0.7950111627578735
3383,10,35,0.7906050682067871
3384,10,36,0.7841392755508423
3385,10,37,0.7635042667388916
3386,10,38,0.8108552694320679
3387,10,39,0.799908459186554
3388,10,40,0.896143913269043
3389,10,41,0.8050171732902527
3390,10,42,0.7950731515884399
3391,10,43,0.8154047131538391
3392,10,44,0.7670801877975464
3393,10,45,0.8174432516098022
3394,10,46,0.793182909488678
3395,10,47,0.8082135319709778
3396,10,48,0.7617594003677368
3397,10,49,0.8136087656021118
3398,10,50,0.8453059196472168
3399,10,51,0.8352912664413452
3400,10,52,0.7940019965171814
3401,10,53,0.7986742258071899
3402,10,54,0.7966934442520142
3403,10,55,0.7687405347824097
3404,10,56,0.7775587439537048
3405,10,57,0.7800671458244324
3406,10,58,0.7629641890525818
3407,10,59,0.7917684316635132
3408,10,60,0.8451938629150391
3409,10,61,0.8028524518013
3410,10,62,0.885951817035675
3411,10,63,0.8569266200065613
3412,10,64,0.7518821358680725
3413,10,65,0.8186085820198059
3414,10,66,0.7775290012359619
3415,10,67,0.7822031378746033
3416,10,68,0.7416192889213562
3417,10,69,0.7630030512809753
3418,10,70,0.7706252336502075
3419,10,71,0.8158300518989563
3420,10,72,0.7685467004776001
3421,10,73,0.7892844676971436
3422,10,74,0.9905037879943848
3423,10,75,0.7730330228805542
3424,10,76,0.8017679452896118
3425,10,77,0.7757323980331421
3426,10,78,0.7768152952194214
3427,10,79,0.8035026788711548
3428,10,80,0.7873269319534302
3429,10,81,0.7604911923408508
3430,10,82,0.8348088264465332
3431,10,83,0.7973610162734985
3432,10,84,0.7482331991195679
3433,10,85,0.7485327124595642
3434,10,86,0.7597149610519409
3435,10,87,0.7377623915672302
3436,10,88,0.82586669921875
3437,10,89,0.7590239644050598
3438,10,90,0.7933555841445923
3439,10,91,0.7598799467086792
3440,10,92,0.7724319696426392
3441,10,93,0.7303230166435242
3442,10,94,0.7917288541793823
3443,10,95,0.782319188117981
3444,10,96,0.7260947823524475
3445,10,97,0.8896857500076294
3446,10,98,0.7577385306358337
3447,10,99,0.7608802914619446
3448,10,100,0.720211386680603
3449,10,101,0.8299576640129089
3450,10,102,0.7942678332328796
3451,10,103,0.825779914855957
3452,10,104,0.7669585943222046
3453,10,105,0.747958779335022
3454,10,106,0.7437466382980347
3455,10,107,0.7723091840744019
3456,10,108,0.7341148257255554
3457,10,109,0.7922279834747314
3458,10,110,0.7750082015991211
3459,10,111,0.8604274988174438
3460,10,112,0.7877556681632996
3461,10,113,0.7492342591285706
3462,10,114,0.8475095629692078
3463,10,115,0.7551203966140747
3464,10,116,0.8444812893867493
3465,10,117,0.80023193359375
3466,10,118,0.809909999370575
3467,10,119,0.7080287337303162
3468,10,120,0.7900329828262329
3469,10,121,0.7525148391723633
3470,10,122,0.7770637273788452
3471,10,123,0.7856772541999817
3472,10,124,0.8137460947036743
3473,10,125,0.7685763239860535
3474,10,126,0.769347071647644
3475,10,127,0.7514752149581909
3476,10,128,0.8177598714828491
3477,10,129,0.743200421333313
3478,10,130,0.7348817586898804
3479,10,131,0.7349171042442322
3480,10,132,0.7447097897529602
3481,10,133,0.7825865745544434
3482,10,134,0.7337601780891418
3483,10,135,0.7867329716682434
3484,10,136,0.7788902521133423
3485,10,137,0.776739239692688
3486,10,138,0.7733930349349976
3487,10,139,0.7966445088386536
3488,10,140,0.768595814704895
3489,10,141,0.8296607136726379
3490,10,142,0.8285587430000305
3491,10,143,0.7588397264480591
3492,10,144,0.7250747084617615
3493,10,145,0.8123308420181274
3494,10,146,0.7660688161849976
3495,10,147,0.819124698638916
3496,10,148,0.8032221794128418
3497,10,149,0.7522805333137512
3498,10,150,0.7665716409683228
3499,10,151,0.7792239189147949
3500,10,152,0.7376166582107544
3501,10,153,0.7331686019897461
3502,10,154,0.7639704942703247
3503,10,155,0.7197631597518921
3504,10,156,0.7448019981384277
3505,10,157,0.8004024624824524
3506,10,158,0.7794556021690369
3507,10,159,0.7751694917678833
3508,10,160,0.7248455882072449
3509,10,161,0.8035104870796204
3510,10,162,0.7239353060722351
3511,10,163,0.7595798373222351
3512,10,164,0.7590387463569641
3513,10,165,0.8232759237289429
3514,10,166,0.7234316468238831
3515,10,167,0.8054574131965637
3516,10,168,0.8224924206733704
3517,10,169,0.7964948415756226
3518,10,170,0.8189738988876343
3519,10,171,0.7617580890655518
3520,10,172,0.7457994222640991
3521,10,173,0.8153708577156067
3522,10,174,0.7373580932617188
3523,10,175,0.8370256423950195
3524,10,176,0.7434819340705872
3525,10,177,0.8411628007888794
3526,10,178,0.7753437757492065
3527,10,179,0.8095700144767761
3528,10,180,0.7003093957901001
3529,10,181,0.7969461679458618
3530,10,182,0.7520246505737305
3531,10,183,0.7721148729324341
3532,10,184,0.7925620675086975
3533,10,185,0.7688068747520447
3534,10,186,0.7728042006492615
3535,10,187,0.7723413109779358
3536,10,188,0.8184973001480103
3537,10,189,0.8033088445663452
3538,10,190,0.7327516674995422
3539,10,191,0.7805014848709106
3540,10,192,0.870675265789032
3541,10,193,0.7505065202713013
3542,10,194,0.7785379886627197
3543,10,195,0.7999722957611084
3544,10,196,0.7378695607185364
3545,10,197,0.710945725440979
3546,10,198,0.7400357127189636
3547,10,199,0.7481212615966797
3548,10,200,0.9650776982307434
3549,10,201,0.7057196497917175
3550,10,202,0.769606351852417
3551,10,203,0.7901228666305542
3552,10,204,0.8732468485832214
3553,10,205,0.7546912431716919
3554,10,206,0.6993182897567749
3555,10,207,0.7148876786231995
3556,10,208,0.7918925881385803
3557,10,209,0.7956807613372803
3558,10,210,0.7689167261123657
3559,10,211,0.7595953345298767
3560,10,212,0.8032089471817017
3561,10,213,0.7594478726387024
3562,10,214,0.7841648459434509
3563,10,215,0.7562657594680786
3564,10,216,0.8100377917289734
3565,10,217,0.8142316937446594
3566,10,218,0.7606026530265808
3567,10,219,0.758939266204834
3568,10,220,0.7431297302246094
3569,10,221,0.7740145921707153
3570,10,222,0.8024883270263672
3571,10,223,0.7414356470108032
3572,10,224,0.7730516195297241
3573,10,225,0.7533063888549805
3574,10,226,0.8329790830612183
3575,10,227,0.7287531495094299
3576,10,228,0.8118903040885925
3577,10,229,0.69935142993927
3578,10,230,0.7875948548316956
3579,10,231,0.7313274145126343
3580,10,232,0.7661076784133911
3581,10,233,0.7662383317947388
3582,10,234,0.7116509675979614
3583,10,235,0.7288436889648438
3584,10,236,0.9118124842643738
3585,10,237,0.7148251533508301
3586,10,238,0.7350226044654846
3587,10,239,0.736291766166687
3588,10,240,0.8797814249992371
3589,10,241,0.7624467611312866
3590,10,242,0.7700177431106567
3591,10,243,0.7168437242507935
3592,10,244,0.79538893699646
3593,10,245,0.7007537484169006
3594,10,246,0.7346341013908386
3595,10,247,0.8153911828994751
3596,10,248,0.7091888785362244
3597,10,249,0.7470489740371704
3598,10,250,0.7615732550621033
3599,10,251,0.7619956731796265
3600,10,252,0.8279750943183899
3601,10,253,0.7578703165054321
3602,10,254,0.7355480790138245
3603,10,255,0.8626784086227417
3604,10,256,0.8416949510574341
3605,10,257,0.7328194379806519
3606,10,258,0.7272838950157166
3607,10,259,0.7922382354736328
3608,10,260,0.8455634117126465
3609,10,261,0.7234328389167786
3610,10,262,0.6870302557945251
3611,10,263,0.8108027577400208
3612,10,264,0.9257542490959167
3613,10,265,0.7347050905227661
3614,10,266,0.7398926019668579
3615,10,267,0.792384147644043
3616,10,268,0.7483328580856323
3617,10,269,0.7937740087509155
3618,10,270,0.7412604093551636
3619,10,271,0.7376533150672913
3620,10,272,0.7030872106552124
3621,10,273,0.7969149947166443
3622,10,274,0.787553608417511
3623,10,275,0.7563210129737854
3624,10,276,0.7516562342643738
3625,10,277,0.7804028987884521
3626,10,278,0.6673151850700378
3627,10,279,0.7747487425804138
3628,10,280,0.7451068758964539
3629,10,281,0.7389694452285767
3630,10,282,0.7361882925033569
3631,10,283,0.7709299325942993
3632,10,284,0.7153307199478149
3633,10,285,0.7733498811721802
3634,10,286,0.7804293632507324
3635,10,287,0.7297000885009766
3636,10,288,0.7359424829483032
3637,10,289,0.7441319823265076
3638,10,290,0.7405788898468018
3639,10,291,0.7093490362167358
3640,10,292,0.785062313079834
3641,10,293,0.7517370581626892
3642,10,294,0.7814793586730957
3643,10,295,0.7818738222122192
3644,10,296,0.7427643537521362
3645,10,297,0.7495702505111694
3646,10,298,0.7936145067214966
3647,10,299,0.7480026483535767
3648,10,300,0.7287318706512451
3649,10,301,0.7412621974945068
3650,10,302,0.7250615954399109
3651,10,303,0.7786269783973694
3652,10,304,0.7601015567779541
3653,10,305,0.719856321811676
3654,10,306,0.7116371989250183
3655,10,307,0.7843905091285706
3656,10,308,0.7111948728561401
3657,10,309,0.7225981950759888
3658,10,310,0.7951627969741821
3659,10,311,0.739005446434021
3660,10,312,0.7574965953826904
3661,10,313,0.7342596650123596
3662,10,314,0.7113237380981445
3663,10,315,0.7153273224830627
3664,10,316,0.7632877230644226
3665,10,317,0.805587112903595
3666,10,318,0.7696113586425781
3667,10,319,0.6907431483268738
3668,10,320,0.7298187017440796
3669,10,321,0.751151442527771
3670,10,322,0.7502034902572632
3671,10,323,0.7610446810722351
3672,10,324,0.6519555449485779
3673,10,325,0.6942428946495056
3674,10,326,0.7535322308540344
3675,10,327,0.9334036707878113
3676,10,328,0.7631304860115051
3677,10,329,0.7186002135276794
3678,10,330,0.6928690671920776
3679,10,331,0.7495675683021545
3680,10,332,0.6895809173583984
3681,10,333,0.7401469349861145
3682,10,334,0.6905797123908997
3683,10,335,0.713945209980011
3684,10,336,0.7066453695297241
3685,10,337,0.7337708473205566
3686,10,338,0.7638087272644043
3687,10,339,0.8417052030563354
3688,10,340,0.722327709197998
3689,10,341,0.9138738512992859
3690,10,342,0.7830964922904968
3691,10,343,0.6975618004798889
3692,10,344,0.7004144191741943
3693,10,345,0.7099862694740295
3694,10,346,0.7514922022819519
3695,10,347,0.6877802610397339
3696,10,348,0.7205446362495422
3697,10,349,0.7426275014877319
3698,10,350,0.7498528361320496
3699,10,351,0.7046443223953247
3700,10,352,0.7354322671890259
3701,10,353,0.7120755910873413
3702,10,354,0.7037537097930908
3703,10,355,0.7391918301582336
3704,10,356,0.7232722043991089
3705,10,357,0.6969224214553833
3706,10,358,0.8296107053756714
3707,10,359,0.7093769907951355
3708,10,360,0.7041233777999878
3709,10,361,0.7390574812889099
3710,10,362,0.761212944984436
3711,10,363,0.7471734881401062
3712,10,364,0.889157772064209
3713,10,365,0.6955063343048096
3714,10,366,0.6841492652893066
3715,10,367,0.7544628381729126
3716,10,368,0.7357190847396851
3717,10,369,0.8655738830566406
3718,10,370,0.7866055965423584
3719,10,371,0.6837682723999023
3720,10,372,0.7183902263641357
