global_step,epoch,batch,train_loss
1,1,1,3.4750022888183594
2,1,2,3.147447109222412
3,1,3,2.948638439178467
4,1,4,2.711832284927368
5,1,5,2.387028455734253
6,1,6,2.276740550994873
7,1,7,2.0410568714141846
8,1,8,1.7763864994049072
9,1,9,1.682783842086792
10,1,10,1.5259106159210205
11,1,11,1.3935203552246094
12,1,12,1.3420366048812866
13,1,13,1.1684632301330566
14,1,14,1.3100477457046509
15,1,15,1.005622148513794
16,1,16,1.003763198852539
17,1,17,1.0397175550460815
18,1,18,1.051880955696106
19,1,19,0.8937589526176453
20,1,20,0.9440140724182129
21,1,21,1.1277319192886353
22,1,22,0.9819221496582031
23,1,23,1.1147081851959229
24,1,24,1.0455623865127563
25,1,25,0.9774661064147949
26,1,26,0.8175128102302551
27,1,27,0.9941954612731934
28,1,28,0.7143548727035522
29,1,29,0.914175808429718
30,1,30,0.6992691159248352
31,1,31,0.7498410940170288
32,1,32,0.8677981495857239
33,1,33,0.9315280914306641
34,1,34,0.9098469018936157
35,1,35,1.213851809501648
36,1,36,0.8571628332138062
37,1,37,0.8323743939399719
38,1,38,0.6482543349266052
39,1,39,0.7679879069328308
40,1,40,0.5991367101669312
41,1,41,0.7664335370063782
42,1,42,0.8165643811225891
43,1,43,0.7029590606689453
44,1,44,0.6707651019096375
45,1,45,0.7095727920532227
46,1,46,0.8681761026382446
47,1,47,0.7796106934547424
48,1,48,0.5634189248085022
49,1,49,0.5559832453727722
50,1,50,0.579488217830658
51,1,51,0.7024292349815369
52,1,52,0.8385751843452454
53,1,53,0.6102069616317749
54,1,54,0.6095040440559387
55,1,55,0.7560616731643677
56,1,56,0.5556284189224243
57,1,57,0.8128676414489746
58,1,58,0.6709706783294678
59,1,59,0.6554526090621948
60,1,60,0.46333199739456177
61,1,61,0.6074274778366089
62,1,62,0.6121762990951538
63,1,63,0.7202091813087463
64,1,64,0.8550040125846863
65,1,65,0.49210700392723083
66,1,66,0.5952602624893188
67,1,67,0.4974942207336426
68,1,68,0.6924883723258972
69,1,69,0.5236419439315796
70,1,70,0.9090782403945923
71,1,71,0.9828779101371765
72,1,72,0.625514805316925
73,1,73,0.6111918687820435
74,1,74,0.5064538717269897
75,1,75,0.47295522689819336
76,1,76,0.5497002005577087
77,1,77,0.6384477019309998
78,1,78,0.5846040844917297
79,1,79,0.5432867407798767
80,1,80,0.5497542023658752
81,1,81,0.5480835437774658
82,1,82,0.5497614145278931
83,1,83,0.6490115523338318
84,1,84,0.6237748265266418
85,1,85,0.5352182984352112
86,1,86,0.5261061787605286
87,1,87,0.533187747001648
88,1,88,0.4766181409358978
89,1,89,0.8740312457084656
90,1,90,0.45227473974227905
91,1,91,0.5820293426513672
92,1,92,0.6953045725822449
93,1,93,0.47250956296920776
94,1,94,0.47995829582214355
95,1,95,0.5715229511260986
96,1,96,0.5294050574302673
97,1,97,0.5255927443504333
98,1,98,0.5976638793945312
99,1,99,0.5531065464019775
100,1,100,0.532558798789978
101,1,101,0.5540167689323425
102,1,102,0.5979111194610596
103,1,103,0.4419168531894684
104,1,104,0.5716344118118286
105,1,105,0.5328007936477661
106,1,106,0.545050859451294
107,1,107,0.45348477363586426
108,1,108,0.5786833763122559
109,1,109,0.5793931484222412
110,1,110,0.4995826184749603
111,1,111,0.4283943772315979
112,1,112,0.46340498328208923
113,1,113,0.4574221968650818
114,1,114,0.508651077747345
115,1,115,0.6015344858169556
116,1,116,0.48854732513427734
117,1,117,0.43215328454971313
118,1,118,0.516059160232544
119,1,119,0.47122830152511597
120,1,120,0.534503161907196
121,1,121,0.4338337779045105
122,1,122,0.3619932234287262
123,1,123,0.596572756767273
124,1,124,0.47836923599243164
125,1,125,0.5239295959472656
126,1,126,0.5633906722068787
127,1,127,0.42930641770362854
128,1,128,0.47469472885131836
129,1,129,0.4110020697116852
130,1,130,0.4603113532066345
131,1,131,0.41490429639816284
132,1,132,0.4683615565299988
133,1,133,0.5102921724319458
134,1,134,0.411801815032959
135,1,135,0.33926162123680115
136,1,136,0.5091115236282349
137,1,137,0.45228320360183716
138,1,138,0.4593421518802643
139,1,139,0.4713350832462311
140,1,140,0.48256444931030273
141,1,141,0.4729796051979065
142,1,142,0.47030115127563477
143,1,143,0.4222339987754822
144,1,144,0.38614171743392944
145,1,145,0.5247019529342651
146,1,146,0.47014927864074707
147,1,147,0.45736393332481384
148,1,148,0.5966029167175293
149,1,149,0.4230218827724457
150,1,150,0.48390012979507446
151,1,151,0.5450892448425293
152,1,152,0.48014482855796814
153,1,153,0.3678550720214844
154,1,154,0.5613914728164673
155,1,155,0.44487184286117554
156,1,156,0.46397334337234497
157,1,157,0.45246776938438416
158,1,158,0.4425710141658783
159,1,159,0.4019368588924408
160,1,160,0.5946515202522278
161,1,161,0.42629480361938477
162,1,162,0.5187500715255737
163,1,163,0.33004534244537354
164,1,164,0.37402844429016113
165,1,165,0.5496457815170288
166,1,166,0.38332951068878174
167,1,167,0.8301891088485718
168,1,168,0.43614569306373596
169,1,169,0.4146355986595154
170,1,170,0.35006284713745117
171,1,171,0.5073120594024658
172,1,172,0.4191213548183441
173,1,173,0.5368303060531616
174,1,174,0.5497711896896362
175,1,175,0.33343368768692017
176,1,176,0.3625723719596863
177,1,177,0.4912835955619812
178,1,178,0.40473371744155884
179,1,179,0.49891790747642517
180,1,180,0.38146379590034485
181,1,181,0.3914126753807068
182,1,182,0.42728543281555176
183,1,183,0.44765010476112366
184,1,184,0.5534878969192505
185,1,185,0.40035104751586914
186,1,186,0.4996270537376404
187,1,187,0.42171916365623474
188,1,188,0.5146265029907227
189,1,189,0.4366912841796875
190,1,190,0.7895253896713257
191,1,191,0.39853960275650024
192,1,192,0.7878384590148926
193,1,193,0.39133399724960327
194,1,194,0.38876810669898987
195,1,195,0.6250308156013489
196,1,196,0.5743594765663147
197,1,197,0.4195973873138428
198,1,198,0.3600550889968872
199,1,199,0.43562501668930054
200,1,200,0.3589942753314972
201,1,201,0.3631986975669861
202,1,202,0.44261306524276733
203,1,203,0.373018741607666
204,1,204,0.7613690495491028
205,1,205,0.355892151594162
206,1,206,0.44317036867141724
207,1,207,0.36341848969459534
208,1,208,0.3814961910247803
209,1,209,0.3558163344860077
210,1,210,0.37980061769485474
211,1,211,0.4789276123046875
212,1,212,0.4098617136478424
213,1,213,0.4863336682319641
214,1,214,0.3423975110054016
215,1,215,0.43363356590270996
216,1,216,0.4319375455379486
217,1,217,0.3974537253379822
218,1,218,0.5363705158233643
219,1,219,0.35423415899276733
220,1,220,0.38144978880882263
221,1,221,0.26541516184806824
222,1,222,0.3691042363643646
223,1,223,0.41720908880233765
224,1,224,0.36085426807403564
225,1,225,0.40583324432373047
226,1,226,0.3639650344848633
227,1,227,0.3654765784740448
228,1,228,0.49409055709838867
229,1,229,0.35023102164268494
230,1,230,0.39487937092781067
231,1,231,0.41289186477661133
232,1,232,0.4029669761657715
233,1,233,0.6491934061050415
234,1,234,0.33115074038505554
235,1,235,0.382633239030838
236,1,236,0.4277540147304535
237,1,237,0.3666340112686157
238,1,238,0.36022868752479553
239,1,239,0.4488927721977234
240,1,240,0.5565752983093262
241,1,241,0.3782127797603607
242,1,242,0.783017098903656
243,1,243,0.40769872069358826
244,1,244,0.6894264221191406
245,1,245,0.4547465443611145
246,1,246,0.6227644085884094
247,1,247,0.3469755947589874
248,1,248,0.37897732853889465
249,1,249,0.3916167616844177
250,1,250,0.37010136246681213
251,1,251,0.4592941403388977
252,1,252,0.38387835025787354
253,1,253,0.3441126346588135
254,1,254,0.4177827835083008
255,1,255,0.3271815776824951
256,1,256,0.34733787178993225
257,1,257,0.3806629478931427
258,1,258,0.414106547832489
259,1,259,0.417008638381958
260,1,260,0.34582847356796265
261,1,261,0.28929024934768677
262,1,262,0.4102466106414795
263,1,263,0.38194677233695984
264,1,264,0.5031676888465881
265,1,265,0.2956913411617279
266,1,266,0.38234952092170715
267,1,267,0.3654343783855438
268,1,268,0.4051542282104492
269,1,269,0.34686899185180664
270,1,270,0.38566678762435913
271,1,271,0.3818614184856415
272,1,272,0.3030450940132141
273,1,273,0.3536948561668396
274,1,274,0.3928259611129761
275,1,275,0.49242863059043884
276,1,276,0.39062273502349854
277,1,277,0.34253567457199097
278,1,278,0.4090672433376312
279,1,279,0.3309495747089386
280,1,280,0.2987724840641022
281,1,281,0.3498854339122772
282,1,282,0.2880256474018097
283,1,283,0.37786781787872314
284,1,284,0.36411553621292114
285,1,285,0.35710692405700684
286,1,286,0.33193495869636536
287,1,287,0.7460429668426514
288,1,288,0.609209418296814
289,1,289,0.3280336260795593
290,1,290,0.40144437551498413
291,1,291,0.3735622465610504
292,1,292,0.33285796642303467
293,1,293,0.36275213956832886
294,1,294,0.3480663299560547
295,1,295,0.2545892596244812
296,1,296,0.4089265763759613
297,1,297,0.38880035281181335
298,1,298,0.34349894523620605
299,1,299,0.3310685455799103
300,1,300,0.3095659613609314
301,1,301,0.29479026794433594
302,1,302,0.36050480604171753
303,1,303,0.4085289537906647
304,1,304,0.3245493769645691
305,1,305,0.571850061416626
306,1,306,0.33196038007736206
307,1,307,0.357166051864624
308,1,308,0.33398449420928955
309,1,309,0.37005138397216797
310,1,310,0.595309317111969
311,1,311,0.29592227935791016
312,1,312,0.39410191774368286
313,1,313,0.35660088062286377
314,1,314,0.4268814027309418
315,1,315,0.3907245993614197
316,1,316,0.37638384103775024
317,1,317,0.3820843994617462
318,1,318,0.2935776114463806
319,1,319,0.4260272979736328
320,1,320,0.32155194878578186
321,1,321,0.3072490990161896
322,1,322,0.3127323091030121
323,1,323,0.3778107762336731
324,1,324,0.2851807475090027
325,1,325,0.3406926691532135
326,1,326,0.47972798347473145
327,1,327,0.3112366199493408
328,1,328,0.42603015899658203
329,1,329,0.31511008739471436
330,1,330,0.3324815630912781
331,1,331,0.30931127071380615
332,1,332,0.3120836317539215
333,1,333,0.36491405963897705
334,1,334,0.29576927423477173
335,1,335,0.4159248471260071
336,1,336,0.42474788427352905
337,1,337,0.3305870592594147
338,1,338,0.37744230031967163
339,1,339,0.32815980911254883
340,1,340,0.37146031856536865
341,1,341,0.36244305968284607
342,1,342,0.3213798403739929
343,1,343,0.4025455415248871
344,1,344,0.4005444645881653
345,1,345,0.37390491366386414
346,1,346,0.3852079510688782
347,1,347,0.4615648686885834
348,1,348,0.27266594767570496
349,1,349,0.323171466588974
350,1,350,0.3496418595314026
351,1,351,0.35281702876091003
352,1,352,0.3827696740627289
353,1,353,0.5039609670639038
354,1,354,0.4436390995979309
355,1,355,0.4643522799015045
356,1,356,0.7829607725143433
357,1,357,0.40444818139076233
358,1,358,0.43530359864234924
359,1,359,0.31416159868240356
360,1,360,0.36152219772338867
361,1,361,0.3336030840873718
362,1,362,0.3625450134277344
363,1,363,0.35230544209480286
364,1,364,0.2556830644607544
365,1,365,0.37656664848327637
366,1,366,0.3199600577354431
367,1,367,0.3931729197502136
368,1,368,0.43184155225753784
369,1,369,0.37117910385131836
370,1,370,0.3825215697288513
371,1,371,0.2917512357234955
372,1,372,0.5046418309211731
373,2,1,0.3050922751426697
374,2,2,0.36153048276901245
375,2,3,0.7047533392906189
376,2,4,0.29264944791793823
377,2,5,0.2656773626804352
378,2,6,0.3560323119163513
379,2,7,0.28386834263801575
380,2,8,0.33554717898368835
381,2,9,0.3243420124053955
382,2,10,0.2803996503353119
383,2,11,0.2790750563144684
384,2,12,0.3915230333805084
385,2,13,0.276125967502594
386,2,14,0.3709108829498291
387,2,15,0.30053213238716125
388,2,16,0.36739394068717957
389,2,17,0.2990053594112396
390,2,18,0.2757308781147003
391,2,19,0.34657129645347595
392,2,20,0.300872266292572
393,2,21,0.34773802757263184
394,2,22,0.27315574884414673
395,2,23,0.30351388454437256
396,2,24,0.30929264426231384
397,2,25,0.29860395193099976
398,2,26,0.2786238193511963
399,2,27,0.35155054926872253
400,2,28,0.3814510703086853
401,2,29,0.3072285056114197
402,2,30,0.29127371311187744
403,2,31,0.3622606694698334
404,2,32,0.3256577253341675
405,2,33,0.3342343866825104
406,2,34,0.2836936116218567
407,2,35,0.3832619786262512
408,2,36,0.4697722792625427
409,2,37,0.2889188528060913
410,2,38,0.27573052048683167
411,2,39,0.2886401414871216
412,2,40,0.25266942381858826
413,2,41,0.30583667755126953
414,2,42,0.2944692075252533
415,2,43,0.2696405351161957
416,2,44,0.2850026488304138
417,2,45,0.3446660041809082
418,2,46,0.3107995390892029
419,2,47,0.36525851488113403
420,2,48,0.3164622187614441
421,2,49,0.31819015741348267
422,2,50,0.359034925699234
423,2,51,0.241664856672287
424,2,52,0.3535153269767761
425,2,53,0.32902488112449646
426,2,54,0.40674591064453125
427,2,55,0.3054658770561218
428,2,56,0.2926369309425354
429,2,57,0.38241836428642273
430,2,58,0.3740275204181671
431,2,59,0.3409079909324646
432,2,60,0.363726943731308
433,2,61,0.3486567735671997
434,2,62,0.41988617181777954
435,2,63,0.31160402297973633
436,2,64,0.4151442050933838
437,2,65,0.3128661513328552
438,2,66,0.33720511198043823
439,2,67,0.2823246419429779
440,2,68,0.3391290605068207
441,2,69,0.7559012770652771
442,2,70,0.25460168719291687
443,2,71,0.28862637281417847
444,2,72,0.36433207988739014
445,2,73,0.2738352417945862
446,2,74,0.33379989862442017
447,2,75,0.37411999702453613
448,2,76,0.26045864820480347
449,2,77,0.3305453658103943
450,2,78,0.3175104856491089
451,2,79,0.2886127829551697
452,2,80,0.3103920817375183
453,2,81,0.28602248430252075
454,2,82,0.3548984229564667
455,2,83,0.2950829863548279
456,2,84,0.24444837868213654
457,2,85,0.38938719034194946
458,2,86,0.29876112937927246
459,2,87,0.4087177813053131
460,2,88,0.4374997019767761
461,2,89,0.34877127408981323
462,2,90,0.32338404655456543
463,2,91,0.7964420318603516
464,2,92,0.32577139139175415
465,2,93,0.33091169595718384
466,2,94,0.30424994230270386
467,2,95,0.3352179229259491
468,2,96,0.36112576723098755
469,2,97,0.27814698219299316
470,2,98,0.25169456005096436
471,2,99,0.32390809059143066
472,2,100,0.38423582911491394
473,2,101,0.3534221947193146
474,2,102,0.31717896461486816
475,2,103,0.33489006757736206
476,2,104,0.30247610807418823
477,2,105,0.2794010043144226
478,2,106,0.2626313865184784
479,2,107,0.34659865498542786
480,2,108,0.28752511739730835
481,2,109,0.4028607904911041
482,2,110,0.27273327112197876
483,2,111,0.32554343342781067
484,2,112,0.2853093445301056
485,2,113,0.24701884388923645
486,2,114,0.3034135401248932
487,2,115,0.26837676763534546
488,2,116,0.3054841160774231
489,2,117,0.2939424216747284
490,2,118,0.36311808228492737
491,2,119,0.27996939420700073
492,2,120,0.26101693511009216
493,2,121,0.3224733769893646
494,2,122,0.38387221097946167
495,2,123,0.27152955532073975
496,2,124,0.2871479392051697
497,2,125,0.2893149256706238
498,2,126,0.32635706663131714
499,2,127,0.28517284989356995
500,2,128,0.29385238885879517
501,2,129,0.23683218657970428
502,2,130,0.4412626326084137
503,2,131,0.2960568070411682
504,2,132,0.31817373633384705
505,2,133,0.27731654047966003
506,2,134,0.30260205268859863
507,2,135,0.3149104714393616
508,2,136,0.3771533668041229
509,2,137,0.40847906470298767
510,2,138,0.41397762298583984
511,2,139,0.6709203124046326
512,2,140,0.3060014843940735
513,2,141,0.2643202245235443
514,2,142,0.4156312942504883
515,2,143,0.3385051190853119
516,2,144,0.32425618171691895
517,2,145,0.2934430241584778
518,2,146,0.4145628809928894
519,2,147,0.33796507120132446
520,2,148,0.2927807569503784
521,2,149,0.3308584690093994
522,2,150,0.3192867040634155
523,2,151,0.397688627243042
524,2,152,0.5385242700576782
525,2,153,0.4973466992378235
526,2,154,0.3206196427345276
527,2,155,0.347398966550827
528,2,156,0.32675525546073914
529,2,157,0.32963332533836365
530,2,158,0.31387701630592346
531,2,159,0.6243295073509216
532,2,160,0.3306499421596527
533,2,161,0.2619691491127014
534,2,162,0.27922335267066956
535,2,163,0.31936269998550415
536,2,164,0.5161501169204712
537,2,165,0.33659645915031433
538,2,166,0.3444574475288391
539,2,167,0.34855660796165466
540,2,168,0.32675737142562866
541,2,169,0.2554752826690674
542,2,170,0.2342328280210495
543,2,171,0.32095322012901306
544,2,172,0.34488004446029663
545,2,173,0.26772406697273254
546,2,174,0.3177471458911896
547,2,175,0.29214978218078613
548,2,176,0.31168797612190247
549,2,177,0.32634681463241577
550,2,178,0.32474616169929504
551,2,179,0.25614631175994873
552,2,180,0.26370516419410706
553,2,181,0.3374103307723999
554,2,182,0.6657288670539856
555,2,183,0.24523326754570007
556,2,184,0.24938862025737762
557,2,185,0.30810385942459106
558,2,186,0.280445396900177
559,2,187,0.2499014437198639
560,2,188,0.3193919062614441
561,2,189,0.28170472383499146
562,2,190,0.2669782042503357
563,2,191,0.26239749789237976
564,2,192,0.27088573575019836
565,2,193,0.319961279630661
566,2,194,0.26870816946029663
567,2,195,0.2753572165966034
568,2,196,0.24843601882457733
569,2,197,0.31048494577407837
570,2,198,0.28341203927993774
571,2,199,0.3115326464176178
572,2,200,0.3154008984565735
573,2,201,0.24110007286071777
574,2,202,0.2272300273180008
575,2,203,0.36959630250930786
576,2,204,0.282268226146698
577,2,205,0.4755434989929199
578,2,206,0.31588003039360046
579,2,207,0.22850725054740906
580,2,208,0.27441346645355225
581,2,209,0.24926073849201202
582,2,210,0.26703667640686035
583,2,211,0.29253894090652466
584,2,212,0.2500961720943451
585,2,213,0.30988582968711853
586,2,214,0.3850172460079193
587,2,215,0.25876322388648987
588,2,216,0.3304503858089447
589,2,217,0.26035991311073303
590,2,218,0.3367900252342224
591,2,219,0.24609246850013733
592,2,220,0.2615754008293152
593,2,221,0.26507943868637085
594,2,222,0.5280860662460327
595,2,223,0.2599577307701111
596,2,224,0.24086901545524597
597,2,225,0.34413161873817444
598,2,226,0.28296202421188354
599,2,227,0.234329491853714
600,2,228,0.42916926741600037
601,2,229,0.27666476368904114
602,2,230,0.25378167629241943
603,2,231,0.24836409091949463
604,2,232,0.33442550897598267
605,2,233,0.28350794315338135
606,2,234,0.2716231644153595
607,2,235,0.7073120474815369
608,2,236,0.30184751749038696
609,2,237,0.35481810569763184
610,2,238,0.381043404340744
611,2,239,0.36518460512161255
612,2,240,0.35480305552482605
613,2,241,0.30902934074401855
614,2,242,0.269240140914917
615,2,243,0.27414214611053467
616,2,244,0.3163771629333496
617,2,245,0.32495951652526855
618,2,246,0.25449469685554504
619,2,247,0.43282079696655273
620,2,248,0.35625365376472473
621,2,249,0.33345481753349304
622,2,250,0.23443086445331573
623,2,251,0.3482704758644104
624,2,252,0.30564388632774353
625,2,253,0.24202874302864075
626,2,254,0.32820528745651245
627,2,255,0.24640114605426788
628,2,256,0.29190194606781006
629,2,257,0.3751596212387085
630,2,258,0.271304190158844
631,2,259,0.25788164138793945
632,2,260,0.2351360023021698
633,2,261,0.2924352288246155
634,2,262,0.24873685836791992
635,2,263,0.30152806639671326
636,2,264,0.2670394480228424
637,2,265,0.3356636166572571
638,2,266,0.2700797915458679
639,2,267,0.29534241557121277
640,2,268,0.31275662779808044
641,2,269,0.30473700165748596
642,2,270,0.3156763017177582
643,2,271,0.25499144196510315
644,2,272,0.26518797874450684
645,2,273,0.2366369068622589
646,2,274,0.4210999608039856
647,2,275,0.35799509286880493
648,2,276,0.3691534399986267
649,2,277,0.27417224645614624
650,2,278,0.3572545349597931
651,2,279,0.2964412271976471
652,2,280,0.2921748161315918
653,2,281,0.3671944737434387
654,2,282,0.4297272562980652
655,2,283,0.8010983467102051
656,2,284,0.30302172899246216
657,2,285,0.33769869804382324
658,2,286,0.319897323846817
659,2,287,0.31938499212265015
660,2,288,0.6660796403884888
661,2,289,0.27855682373046875
662,2,290,0.2756752371788025
663,2,291,0.30162104964256287
664,2,292,0.21673719584941864
665,2,293,0.22939448058605194
666,2,294,0.27530622482299805
667,2,295,0.2613067030906677
668,2,296,0.2939104437828064
669,2,297,0.2769621014595032
670,2,298,0.3469177484512329
671,2,299,0.26242393255233765
672,2,300,0.26082301139831543
673,2,301,0.23200657963752747
674,2,302,0.26554274559020996
675,2,303,0.3192829489707947
676,2,304,0.3384159207344055
677,2,305,0.28343895077705383
678,2,306,0.2324598729610443
679,2,307,0.23050980269908905
680,2,308,0.6880555748939514
681,2,309,0.3360457122325897
682,2,310,0.2420223206281662
683,2,311,0.2945294678211212
684,2,312,0.23886311054229736
685,2,313,0.27971190214157104
686,2,314,0.2585003674030304
687,2,315,0.24196740984916687
688,2,316,0.34258875250816345
689,2,317,0.24951477348804474
690,2,318,0.31914645433425903
691,2,319,0.43668556213378906
692,2,320,0.3914698362350464
693,2,321,0.3240374028682709
694,2,322,0.28359946608543396
695,2,323,0.25720590353012085
696,2,324,0.2441963255405426
697,2,325,0.2793307900428772
698,2,326,0.33434823155403137
699,2,327,0.30570828914642334
700,2,328,0.3087325990200043
701,2,329,0.27270323038101196
702,2,330,0.26254594326019287
703,2,331,0.28310877084732056
704,2,332,0.6545786261558533
705,2,333,0.28060346841812134
706,2,334,0.2950461506843567
707,2,335,0.31870752573013306
708,2,336,0.3308233916759491
709,2,337,0.2808547019958496
710,2,338,0.41701674461364746
711,2,339,0.2813027501106262
712,2,340,0.29843512177467346
713,2,341,0.26925092935562134
714,2,342,0.34443098306655884
715,2,343,0.30179277062416077
716,2,344,0.28638893365859985
717,2,345,0.35960865020751953
718,2,346,0.29599758982658386
719,2,347,0.250577449798584
720,2,348,0.27651849389076233
721,2,349,0.3173513114452362
722,2,350,0.2420075386762619
723,2,351,0.33286064863204956
724,2,352,0.3055804371833801
725,2,353,0.2596646249294281
726,2,354,0.3994295299053192
727,2,355,0.34203362464904785
728,2,356,0.2974614202976227
729,2,357,0.2303813397884369
730,2,358,0.2715654969215393
731,2,359,0.21186146140098572
732,2,360,0.3526999354362488
733,2,361,0.3502774238586426
734,2,362,0.3127720355987549
735,2,363,0.24688473343849182
736,2,364,0.22229401767253876
737,2,365,0.3080466687679291
738,2,366,0.2615658640861511
739,2,367,0.2354832887649536
740,2,368,0.24228890240192413
741,2,369,0.2770102024078369
742,2,370,0.30371642112731934
743,2,371,0.24046191573143005
744,2,372,0.25690364837646484
745,3,1,0.2060166299343109
746,3,2,0.2569679319858551
747,3,3,0.21841049194335938
748,3,4,0.29136011004447937
749,3,5,0.22174997627735138
750,3,6,0.3405021131038666
751,3,7,0.2661628723144531
752,3,8,0.2807641923427582
753,3,9,0.2540591061115265
754,3,10,0.24051563441753387
755,3,11,0.24032239615917206
756,3,12,0.3155389428138733
757,3,13,0.23113898932933807
758,3,14,0.25738275051116943
759,3,15,0.2282942235469818
760,3,16,0.3145361840724945
761,3,17,0.2642848789691925
762,3,18,0.29862090945243835
763,3,19,0.24992887675762177
764,3,20,0.26155924797058105
765,3,21,0.5668430924415588
766,3,22,0.22378380596637726
767,3,23,0.2675911784172058
768,3,24,0.20289413630962372
769,3,25,0.34065285325050354
770,3,26,0.2787725031375885
771,3,27,0.28493499755859375
772,3,28,0.23867356777191162
773,3,29,0.23968283832073212
774,3,30,0.26112478971481323
775,3,31,0.2776716351509094
776,3,32,0.27704137563705444
777,3,33,0.2770462930202484
778,3,34,0.29329758882522583
779,3,35,0.30192869901657104
780,3,36,0.29418817162513733
781,3,37,0.2970500886440277
782,3,38,0.2885313630104065
783,3,39,0.2558612525463104
784,3,40,0.25559911131858826
785,3,41,0.22107689082622528
786,3,42,0.26917463541030884
787,3,43,0.371959388256073
788,3,44,0.2652960419654846
789,3,45,0.2244168072938919
790,3,46,0.2536109685897827
791,3,47,0.22386865317821503
792,3,48,0.26253169775009155
793,3,49,0.27460214495658875
794,3,50,0.31566041707992554
795,3,51,0.6165019273757935
796,3,52,0.28530701994895935
797,3,53,0.2170776128768921
798,3,54,0.24105732142925262
799,3,55,0.3188748061656952
800,3,56,0.29455530643463135
801,3,57,0.24192014336585999
802,3,58,0.2170625627040863
803,3,59,0.5303834080696106
804,3,60,0.28032928705215454
805,3,61,0.3522112965583801
806,3,62,0.2422267496585846
807,3,63,0.33349475264549255
808,3,64,0.2804175019264221
809,3,65,0.27953892946243286
810,3,66,0.21984712779521942
811,3,67,0.24850937724113464
812,3,68,0.3341679871082306
813,3,69,0.24719858169555664
814,3,70,0.30664703249931335
815,3,71,0.24814453721046448
816,3,72,0.21410314738750458
817,3,73,0.25144049525260925
818,3,74,0.24781782925128937
819,3,75,0.23404502868652344
820,3,76,0.29742759466171265
821,3,77,0.2907482385635376
822,3,78,0.21804723143577576
823,3,79,0.27963680028915405
824,3,80,0.19351930916309357
825,3,81,0.5156722664833069
826,3,82,0.3036800026893616
827,3,83,0.35272660851478577
828,3,84,0.2586405277252197
829,3,85,0.22341863811016083
830,3,86,0.3326728940010071
831,3,87,0.3279544711112976
832,3,88,0.2733421325683594
833,3,89,0.2671484649181366
834,3,90,0.23590072989463806
835,3,91,0.2316472828388214
836,3,92,0.2734036445617676
837,3,93,0.3049258887767792
838,3,94,0.2309938669204712
839,3,95,0.23071226477622986
840,3,96,0.2952002286911011
841,3,97,0.2887711226940155
842,3,98,0.26022860407829285
843,3,99,0.28504639863967896
844,3,100,0.31211891770362854
845,3,101,0.41559037566185
846,3,102,0.3311880826950073
847,3,103,0.24663062393665314
848,3,104,0.23505592346191406
849,3,105,0.252506822347641
850,3,106,0.2529522776603699
851,3,107,0.29322606325149536
852,3,108,0.24604997038841248
853,3,109,0.2402917891740799
854,3,110,0.22678422927856445
855,3,111,0.43559902906417847
856,3,112,0.20941570401191711
857,3,113,0.22021794319152832
858,3,114,0.2619319558143616
859,3,115,0.2704874873161316
860,3,116,0.26755183935165405
861,3,117,0.24734440445899963
862,3,118,0.23414139449596405
863,3,119,0.2489546537399292
864,3,120,0.2856201231479645
865,3,121,0.2880229651927948
866,3,122,0.27238327264785767
867,3,123,0.2846648097038269
868,3,124,0.2186860293149948
869,3,125,0.31315821409225464
870,3,126,0.2884118854999542
871,3,127,0.2712401747703552
872,3,128,0.3968137502670288
873,3,129,0.22576399147510529
874,3,130,0.2818969786167145
875,3,131,0.26476621627807617
876,3,132,0.38395625352859497
877,3,133,0.22770793735980988
878,3,134,0.34577763080596924
879,3,135,0.26988404989242554
880,3,136,0.2859758734703064
881,3,137,0.42881280183792114
882,3,138,0.26307153701782227
883,3,139,0.552418053150177
884,3,140,0.2829156517982483
885,3,141,0.25632885098457336
886,3,142,0.32264119386672974
887,3,143,0.24955089390277863
888,3,144,0.2742703855037689
889,3,145,0.26185107231140137
890,3,146,0.26122578978538513
891,3,147,0.2655755877494812
892,3,148,0.35283058881759644
893,3,149,0.27513909339904785
894,3,150,0.39294204115867615
895,3,151,0.29298216104507446
896,3,152,0.22354674339294434
897,3,153,0.26350507140159607
898,3,154,0.21536166965961456
899,3,155,0.2279946506023407
900,3,156,0.24980787932872772
901,3,157,0.3309948444366455
902,3,158,0.2409227192401886
903,3,159,0.28123435378074646
904,3,160,0.30775734782218933
905,3,161,0.24661672115325928
906,3,162,0.30558931827545166
907,3,163,0.27956637740135193
908,3,164,0.24858519434928894
909,3,165,0.3120298385620117
910,3,166,0.23322081565856934
911,3,167,0.21316727995872498
912,3,168,0.42877453565597534
913,3,169,0.25009721517562866
914,3,170,0.2792782783508301
915,3,171,0.3193477988243103
916,3,172,0.2989702820777893
917,3,173,0.22138631343841553
918,3,174,0.25161755084991455
919,3,175,0.2748893201351166
920,3,176,0.2757255733013153
921,3,177,0.23961901664733887
922,3,178,0.21241366863250732
923,3,179,0.28326112031936646
924,3,180,0.2127303183078766
925,3,181,0.240253284573555
926,3,182,0.2505969703197479
927,3,183,0.4639056324958801
928,3,184,0.24414415657520294
929,3,185,0.25507882237434387
930,3,186,0.35508987307548523
931,3,187,0.31982600688934326
932,3,188,0.2539641559123993
933,3,189,0.2756956219673157
934,3,190,0.6782261729240417
935,3,191,0.27884864807128906
936,3,192,0.2415103167295456
937,3,193,0.2327028065919876
938,3,194,0.34991177916526794
939,3,195,0.28945955634117126
940,3,196,0.7493967413902283
941,3,197,0.3116993308067322
942,3,198,0.26554417610168457
943,3,199,0.26375430822372437
944,3,200,0.2688634693622589
945,3,201,0.3289925158023834
946,3,202,0.30646470189094543
947,3,203,0.42424288392066956
948,3,204,0.1756819784641266
949,3,205,0.2492067515850067
950,3,206,0.40052133798599243
951,3,207,0.21051517128944397
952,3,208,0.3141580820083618
953,3,209,0.2506141662597656
954,3,210,0.3137335777282715
955,3,211,0.2586441934108734
956,3,212,0.3031592071056366
957,3,213,0.3778466284275055
958,3,214,0.2010999470949173
959,3,215,0.3073880076408386
960,3,216,0.30402323603630066
961,3,217,0.24197900295257568
962,3,218,0.28017106652259827
963,3,219,0.2601836621761322
964,3,220,0.2454012930393219
965,3,221,0.26572325825691223
966,3,222,0.2761799097061157
967,3,223,0.29972100257873535
968,3,224,0.22107283771038055
969,3,225,0.25214749574661255
970,3,226,0.33948761224746704
971,3,227,0.23934820294380188
972,3,228,0.25670018792152405
973,3,229,0.2418743371963501
974,3,230,0.29126590490341187
975,3,231,0.20807938277721405
976,3,232,0.4050411581993103
977,3,233,0.29278939962387085
978,3,234,0.24766555428504944
979,3,235,0.22630783915519714
980,3,236,0.5835970044136047
981,3,237,0.26551899313926697
982,3,238,0.24399502575397491
983,3,239,0.26978665590286255
984,3,240,0.2567216753959656
985,3,241,0.23223014175891876
986,3,242,0.2488575279712677
987,3,243,0.23529009521007538
988,3,244,0.3092283606529236
989,3,245,0.2144896537065506
990,3,246,0.27035224437713623
991,3,247,0.31063827872276306
992,3,248,0.2630707919597626
993,3,249,0.26332715153694153
994,3,250,0.27375319600105286
995,3,251,0.25156909227371216
996,3,252,0.2431682050228119
997,3,253,0.5912453532218933
998,3,254,0.2566264271736145
999,3,255,0.33486440777778625
1000,3,256,0.26223650574684143
1001,3,257,0.2714928090572357
1002,3,258,0.2863006591796875
1003,3,259,0.24309301376342773
1004,3,260,0.24852204322814941
1005,3,261,0.2871435582637787
1006,3,262,0.27688246965408325
1007,3,263,0.24109645187854767
1008,3,264,0.33149176836013794
1009,3,265,0.19645513594150543
1010,3,266,0.6925464868545532
1011,3,267,0.33476942777633667
1012,3,268,0.24156153202056885
1013,3,269,0.247806578874588
1014,3,270,0.28219056129455566
1015,3,271,0.2667606472969055
1016,3,272,0.23255889117717743
1017,3,273,0.21380050480365753
1018,3,274,0.2810180187225342
1019,3,275,0.2805374264717102
1020,3,276,0.23049156367778778
1021,3,277,0.2706409692764282
1022,3,278,0.25038301944732666
1023,3,279,0.30082130432128906
1024,3,280,0.26596903800964355
1025,3,281,0.2905408442020416
1026,3,282,0.26184341311454773
1027,3,283,0.2914391756057739
1028,3,284,0.306230366230011
1029,3,285,0.2538049519062042
1030,3,286,0.212459534406662
1031,3,287,0.3056415617465973
1032,3,288,0.6593445539474487
1033,3,289,0.20891602337360382
1034,3,290,0.3726671636104584
1035,3,291,0.22675137221813202
1036,3,292,0.2859969735145569
1037,3,293,0.21585436165332794
1038,3,294,0.2775784432888031
1039,3,295,0.27897486090660095
1040,3,296,0.1931578516960144
1041,3,297,0.25349244475364685
1042,3,298,0.2567040026187897
1043,3,299,0.23016074299812317
1044,3,300,0.23847229778766632
1045,3,301,0.3276692032814026
1046,3,302,0.4148195683956146
1047,3,303,0.2470490038394928
1048,3,304,0.32075586915016174
1049,3,305,0.3079110085964203
1050,3,306,0.2503357231616974
1051,3,307,0.3095104694366455
1052,3,308,0.2334749400615692
1053,3,309,0.22990217804908752
1054,3,310,0.2491433322429657
1055,3,311,0.1916007548570633
1056,3,312,0.2336457073688507
1057,3,313,0.22840838134288788
1058,3,314,0.2568630576133728
1059,3,315,0.3713231384754181
1060,3,316,0.27508610486984253
1061,3,317,0.2189738005399704
1062,3,318,0.24597156047821045
1063,3,319,0.31081992387771606
1064,3,320,0.306617796421051
1065,3,321,0.30586719512939453
1066,3,322,0.2829663157463074
1067,3,323,0.21397793292999268
1068,3,324,0.2797182500362396
1069,3,325,0.2672274112701416
1070,3,326,0.2724609971046448
1071,3,327,0.230366513133049
1072,3,328,0.2564707398414612
1073,3,329,0.24576684832572937
1074,3,330,0.2742947041988373
1075,3,331,0.21992221474647522
1076,3,332,0.2929389476776123
1077,3,333,0.37379127740859985
1078,3,334,0.27704983949661255
1079,3,335,0.22476807236671448
1080,3,336,0.2328244149684906
1081,3,337,0.2204076498746872
1082,3,338,0.2861221432685852
1083,3,339,0.30832886695861816
1084,3,340,0.22494523227214813
1085,3,341,0.25474947690963745
1086,3,342,0.3782724142074585
1087,3,343,0.23946931958198547
1088,3,344,0.30909234285354614
1089,3,345,0.28530949354171753
1090,3,346,0.24651801586151123
1091,3,347,0.2951393723487854
1092,3,348,0.21013407409191132
1093,3,349,0.2771473228931427
1094,3,350,0.28507131338119507
1095,3,351,0.2691505253314972
1096,3,352,0.22664538025856018
1097,3,353,0.19519466161727905
1098,3,354,0.2842247188091278
1099,3,355,0.2028094083070755
1100,3,356,0.28904324769973755
1101,3,357,0.234707310795784
1102,3,358,0.26147574186325073
1103,3,359,0.27662837505340576
1104,3,360,0.25541922450065613
1105,3,361,0.27270108461380005
1106,3,362,0.24823081493377686
1107,3,363,0.29009467363357544
1108,3,364,0.23454193770885468
1109,3,365,0.3516464829444885
1110,3,366,0.25611868500709534
1111,3,367,0.29984134435653687
1112,3,368,0.3265132009983063
1113,3,369,0.2410426139831543
1114,3,370,0.25125664472579956
1115,3,371,0.28499969840049744
1116,3,372,0.27920666337013245
1117,4,1,0.30064040422439575
1118,4,2,0.38000935316085815
1119,4,3,0.21099448204040527
1120,4,4,0.2422676533460617
1121,4,5,0.32759565114974976
1122,4,6,0.28763237595558167
1123,4,7,0.23959660530090332
1124,4,8,0.33227378129959106
1125,4,9,0.26024436950683594
1126,4,10,0.22352361679077148
1127,4,11,0.22088289260864258
1128,4,12,0.2655882239341736
1129,4,13,0.2375475913286209
1130,4,14,0.2530297040939331
1131,4,15,0.24138417840003967
1132,4,16,0.24809038639068604
1133,4,17,0.2803434133529663
1134,4,18,0.21801331639289856
1135,4,19,0.27351048588752747
1136,4,20,0.25608447194099426
1137,4,21,0.1945827603340149
1138,4,22,0.2316015064716339
1139,4,23,0.234143927693367
1140,4,24,0.27815085649490356
1141,4,25,0.20337244868278503
1142,4,26,0.24967887997627258
1143,4,27,0.2458902895450592
1144,4,28,0.22253043949604034
1145,4,29,0.2643410861492157
1146,4,30,0.24703867733478546
1147,4,31,0.5620030164718628
1148,4,32,0.2626187801361084
1149,4,33,0.21005114912986755
1150,4,34,0.217213436961174
1151,4,35,0.33139389753341675
1152,4,36,0.2504413425922394
1153,4,37,0.2218894213438034
1154,4,38,0.23734517395496368
1155,4,39,0.3093598484992981
1156,4,40,0.33936309814453125
1157,4,41,0.2132471799850464
1158,4,42,0.2073192596435547
1159,4,43,0.24274501204490662
1160,4,44,0.24315330386161804
1161,4,45,0.303375780582428
1162,4,46,0.25621819496154785
1163,4,47,0.24195322394371033
1164,4,48,0.23362354934215546
1165,4,49,0.25850409269332886
1166,4,50,0.4753689765930176
1167,4,51,0.304709255695343
1168,4,52,0.2463577538728714
1169,4,53,0.2459215223789215
1170,4,54,0.35623037815093994
1171,4,55,0.21064844727516174
1172,4,56,0.16949808597564697
1173,4,57,0.3040202558040619
1174,4,58,0.21420910954475403
1175,4,59,0.5299192667007446
1176,4,60,0.31634974479675293
1177,4,61,0.2221566140651703
1178,4,62,0.22624513506889343
1179,4,63,0.29283517599105835
1180,4,64,0.20661580562591553
1181,4,65,0.23962005972862244
1182,4,66,0.24100551009178162
1183,4,67,0.2336089313030243
1184,4,68,0.2386646270751953
1185,4,69,0.26629525423049927
1186,4,70,0.2186456173658371
1187,4,71,0.2070191353559494
1188,4,72,0.31398338079452515
1189,4,73,0.26425889134407043
1190,4,74,0.26061534881591797
1191,4,75,0.2724454700946808
1192,4,76,0.22307319939136505
1193,4,77,0.27056828141212463
1194,4,78,0.1885204315185547
1195,4,79,0.20039352774620056
1196,4,80,0.22226054966449738
1197,4,81,0.1822131872177124
1198,4,82,0.19796420633792877
1199,4,83,0.255424439907074
1200,4,84,0.2834165096282959
1201,4,85,0.33055800199508667
1202,4,86,0.28387847542762756
1203,4,87,0.19508174061775208
1204,4,88,0.21100196242332458
1205,4,89,0.2753419876098633
1206,4,90,0.24523362517356873
1207,4,91,0.2826501727104187
1208,4,92,0.23948021233081818
1209,4,93,0.2700948715209961
1210,4,94,0.48188257217407227
1211,4,95,0.22396953403949738
1212,4,96,0.3116869032382965
1213,4,97,0.22690613567829132
1214,4,98,0.2396317720413208
1215,4,99,0.30033203959465027
1216,4,100,0.29596376419067383
1217,4,101,0.3079916536808014
1218,4,102,0.2551572620868683
1219,4,103,0.2739958167076111
1220,4,104,0.23352377116680145
1221,4,105,0.19139614701271057
1222,4,106,0.3139370083808899
1223,4,107,0.28180617094039917
1224,4,108,0.3313923478126526
1225,4,109,0.28153058886528015
1226,4,110,0.22342205047607422
1227,4,111,0.1949300467967987
1228,4,112,0.2223467081785202
1229,4,113,0.24166908860206604
1230,4,114,0.25910070538520813
1231,4,115,0.25068676471710205
1232,4,116,0.2551174461841583
1233,4,117,0.18330630660057068
1234,4,118,0.19610442221164703
1235,4,119,0.25244176387786865
1236,4,120,0.23164193332195282
1237,4,121,0.2677171230316162
1238,4,122,0.6178790330886841
1239,4,123,0.18502166867256165
1240,4,124,0.24756595492362976
1241,4,125,0.21776917576789856
1242,4,126,0.23386827111244202
1243,4,127,0.2626510262489319
1244,4,128,0.2442915141582489
1245,4,129,0.261464923620224
1246,4,130,0.23839537799358368
1247,4,131,0.48414382338523865
1248,4,132,0.24026592075824738
1249,4,133,0.2799612879753113
1250,4,134,0.22389979660511017
1251,4,135,0.3462713360786438
1252,4,136,0.23723988234996796
1253,4,137,0.2403475046157837
1254,4,138,0.23831136524677277
1255,4,139,0.34897416830062866
1256,4,140,0.2534251809120178
1257,4,141,0.5008677840232849
1258,4,142,0.26215794682502747
1259,4,143,0.19400061666965485
1260,4,144,0.24006633460521698
1261,4,145,0.27208849787712097
1262,4,146,0.2901846766471863
1263,4,147,0.28835228085517883
1264,4,148,0.20025765895843506
1265,4,149,0.24705326557159424
1266,4,150,0.30222970247268677
1267,4,151,0.21974515914916992
1268,4,152,0.2531852126121521
1269,4,153,0.2847908139228821
1270,4,154,0.24465832114219666
1271,4,155,0.31158870458602905
1272,4,156,0.24078583717346191
1273,4,157,0.2910647392272949
1274,4,158,0.2705722153186798
1275,4,159,0.2660423517227173
1276,4,160,0.25445356965065
1277,4,161,0.23074643313884735
1278,4,162,0.24402928352355957
1279,4,163,0.24148616194725037
1280,4,164,0.30255135893821716
1281,4,165,0.2865493893623352
1282,4,166,0.2674018442630768
1283,4,167,0.2782953679561615
1284,4,168,0.34752461314201355
1285,4,169,0.2525349259376526
1286,4,170,0.2325061857700348
1287,4,171,0.2417803555727005
1288,4,172,0.22473914921283722
1289,4,173,0.22249233722686768
1290,4,174,0.31919926404953003
1291,4,175,0.33230382204055786
1292,4,176,0.29490429162979126
1293,4,177,0.24759511649608612
1294,4,178,0.20059485733509064
1295,4,179,0.2548080086708069
1296,4,180,0.22215095162391663
1297,4,181,0.2954157590866089
1298,4,182,0.18499509990215302
1299,4,183,0.2555185854434967
1300,4,184,0.24226298928260803
1301,4,185,0.2437572032213211
1302,4,186,0.25716280937194824
1303,4,187,0.25459837913513184
1304,4,188,0.25815656781196594
1305,4,189,0.2190769463777542
1306,4,190,0.2947579324245453
1307,4,191,0.2065736949443817
1308,4,192,0.2909085750579834
1309,4,193,0.19924530386924744
1310,4,194,0.2470269650220871
1311,4,195,0.21778252720832825
1312,4,196,0.296425461769104
1313,4,197,0.2480091154575348
1314,4,198,0.2349931001663208
1315,4,199,0.1997002214193344
1316,4,200,0.2462007999420166
1317,4,201,0.25514858961105347
1318,4,202,0.30005723237991333
1319,4,203,0.24540653824806213
1320,4,204,0.5403090715408325
1321,4,205,0.270104318857193
1322,4,206,0.2439642697572708
1323,4,207,0.2278914749622345
1324,4,208,0.28262731432914734
1325,4,209,0.21771399676799774
1326,4,210,0.27464717626571655
1327,4,211,0.43939781188964844
1328,4,212,0.24928970634937286
1329,4,213,0.32237380743026733
1330,4,214,0.2123233824968338
1331,4,215,0.2340487688779831
1332,4,216,0.2285405844449997
1333,4,217,0.2927621006965637
1334,4,218,0.2658412754535675
1335,4,219,0.1834459751844406
1336,4,220,0.24199619889259338
1337,4,221,0.25220975279808044
1338,4,222,0.2389509230852127
1339,4,223,0.2397843897342682
1340,4,224,0.2830401062965393
1341,4,225,0.22917798161506653
1342,4,226,0.2689952552318573
1343,4,227,0.2363627701997757
1344,4,228,0.2756389379501343
1345,4,229,0.37743619084358215
1346,4,230,0.18461830914020538
1347,4,231,0.23854736983776093
1348,4,232,0.1936122477054596
1349,4,233,0.2672603726387024
1350,4,234,0.241586372256279
1351,4,235,0.2673799395561218
1352,4,236,0.2739177942276001
1353,4,237,0.25794288516044617
1354,4,238,0.3009489178657532
1355,4,239,0.21469247341156006
1356,4,240,0.2041722983121872
1357,4,241,0.23530419170856476
1358,4,242,0.21396486461162567
1359,4,243,0.20864751935005188
1360,4,244,0.199361190199852
1361,4,245,0.23510845005512238
1362,4,246,0.22026745975017548
1363,4,247,0.29220259189605713
1364,4,248,0.21766170859336853
1365,4,249,0.2590935528278351
1366,4,250,0.21780924499034882
1367,4,251,0.3154582977294922
1368,4,252,0.25697946548461914
1369,4,253,0.2469484508037567
1370,4,254,0.19219574332237244
1371,4,255,0.19751127064228058
1372,4,256,0.1794283092021942
1373,4,257,0.23140987753868103
1374,4,258,0.2565615475177765
1375,4,259,0.2527996599674225
1376,4,260,0.2339123785495758
1377,4,261,0.3388299345970154
1378,4,262,0.24888840317726135
1379,4,263,0.3926010727882385
1380,4,264,0.2606525421142578
1381,4,265,0.25569573044776917
1382,4,266,0.28279444575309753
1383,4,267,0.22400398552417755
1384,4,268,0.24357075989246368
1385,4,269,0.22706392407417297
1386,4,270,0.4874061048030853
1387,4,271,0.20740453898906708
1388,4,272,0.2776339650154114
1389,4,273,0.24637505412101746
1390,4,274,0.24045081436634064
1391,4,275,0.31895995140075684
1392,4,276,0.2522137761116028
1393,4,277,0.22455430030822754
1394,4,278,0.3310015797615051
1395,4,279,0.22322025895118713
1396,4,280,0.21871976554393768
1397,4,281,0.23786048591136932
1398,4,282,0.29456454515457153
1399,4,283,0.265663743019104
1400,4,284,0.2623056173324585
1401,4,285,0.20680077373981476
1402,4,286,0.22395610809326172
1403,4,287,0.2921692430973053
1404,4,288,0.23129057884216309
1405,4,289,0.25949549674987793
1406,4,290,0.2901856601238251
1407,4,291,0.16566087305545807
1408,4,292,0.2750590443611145
1409,4,293,0.20772850513458252
1410,4,294,0.20819544792175293
1411,4,295,0.2728842496871948
1412,4,296,0.29463738203048706
1413,4,297,0.26656922698020935
1414,4,298,0.2491607964038849
1415,4,299,0.19130724668502808
1416,4,300,0.25404927134513855
1417,4,301,0.22255976498126984
1418,4,302,0.24720355868339539
1419,4,303,0.231154203414917
1420,4,304,0.2973894774913788
1421,4,305,0.2511979341506958
1422,4,306,0.26201778650283813
1423,4,307,0.24042847752571106
1424,4,308,0.30814608931541443
1425,4,309,0.2470228374004364
1426,4,310,0.6124559640884399
1427,4,311,0.2862342894077301
1428,4,312,0.29847031831741333
1429,4,313,0.2818070948123932
1430,4,314,0.2434118241071701
1431,4,315,0.28990453481674194
1432,4,316,0.1904136836528778
1433,4,317,0.19662456214427948
1434,4,318,0.21153958141803741
1435,4,319,0.24626655876636505
1436,4,320,0.2346787005662918
1437,4,321,0.2522500157356262
1438,4,322,0.24770179390907288
1439,4,323,0.25382664799690247
1440,4,324,0.2451562136411667
1441,4,325,0.37851619720458984
1442,4,326,0.21884369850158691
1443,4,327,0.2242095172405243
1444,4,328,0.2441730797290802
1445,4,329,0.2683463394641876
1446,4,330,0.23947909474372864
1447,4,331,0.2100035399198532
1448,4,332,0.25103554129600525
1449,4,333,0.2455611526966095
1450,4,334,0.2398654967546463
1451,4,335,0.1562984436750412
1452,4,336,0.2603464722633362
1453,4,337,0.2550111413002014
1454,4,338,0.24986889958381653
1455,4,339,0.2797181308269501
1456,4,340,0.26764124631881714
1457,4,341,0.3169521391391754
1458,4,342,0.22180399298667908
1459,4,343,0.25249987840652466
1460,4,344,0.22869864106178284
1461,4,345,0.2902349829673767
1462,4,346,0.22177839279174805
1463,4,347,0.25673550367355347
1464,4,348,0.1692400872707367
1465,4,349,0.2773057818412781
1466,4,350,0.22474566102027893
1467,4,351,0.1803792417049408
1468,4,352,0.2556479573249817
1469,4,353,0.20466168224811554
1470,4,354,0.23602640628814697
1471,4,355,0.22205841541290283
1472,4,356,0.24518322944641113
1473,4,357,0.19916018843650818
1474,4,358,0.26836761832237244
1475,4,359,0.2373856008052826
1476,4,360,0.1939190924167633
1477,4,361,0.21567301452159882
1478,4,362,0.2095130980014801
1479,4,363,0.2564787268638611
1480,4,364,0.15614217519760132
1481,4,365,0.5893761515617371
1482,4,366,0.22637636959552765
1483,4,367,0.2773350775241852
1484,4,368,0.29470837116241455
1485,4,369,0.24267005920410156
1486,4,370,0.2566218078136444
1487,4,371,0.326996773481369
1488,4,372,0.21991775929927826
1489,5,1,0.20498475432395935
1490,5,2,0.20313923060894012
1491,5,3,0.24972930550575256
1492,5,4,0.21381227672100067
1493,5,5,0.2122223675251007
1494,5,6,0.21234853565692902
1495,5,7,0.2525307536125183
1496,5,8,0.23273031413555145
1497,5,9,0.24244245886802673
1498,5,10,0.25034278631210327
1499,5,11,0.2135544717311859
1500,5,12,0.5432831048965454
1501,5,13,0.28133004903793335
1502,5,14,0.2140590250492096
1503,5,15,0.6064644455909729
1504,5,16,0.23120605945587158
1505,5,17,0.2828809916973114
1506,5,18,0.3041815757751465
1507,5,19,0.25864630937576294
1508,5,20,0.18787647783756256
1509,5,21,0.22443369030952454
1510,5,22,0.31898605823516846
1511,5,23,0.18311935663223267
1512,5,24,0.2336169183254242
1513,5,25,0.2542232871055603
1514,5,26,0.28793221712112427
1515,5,27,0.24616321921348572
1516,5,28,0.26068171858787537
1517,5,29,0.1768806129693985
1518,5,30,0.27687302231788635
1519,5,31,0.2512018084526062
1520,5,32,0.2151152640581131
1521,5,33,0.39197060465812683
1522,5,34,0.23428359627723694
1523,5,35,0.2824428677558899
1524,5,36,0.19513240456581116
1525,5,37,0.1921432614326477
1526,5,38,0.21120736002922058
1527,5,39,0.28960198163986206
1528,5,40,0.19379663467407227
1529,5,41,0.1771630346775055
1530,5,42,0.23292529582977295
1531,5,43,0.1995631456375122
1532,5,44,0.24861323833465576
1533,5,45,0.2563592791557312
1534,5,46,0.20368120074272156
1535,5,47,0.23249825835227966
1536,5,48,0.22130611538887024
1537,5,49,0.20491322875022888
1538,5,50,0.3121485710144043
1539,5,51,0.24804794788360596
1540,5,52,0.22639349102973938
1541,5,53,0.22003552317619324
1542,5,54,0.24893859028816223
1543,5,55,0.24429695308208466
1544,5,56,0.5074590444564819
1545,5,57,0.19412639737129211
1546,5,58,0.21784579753875732
1547,5,59,0.22369904816150665
1548,5,60,0.20914995670318604
1549,5,61,0.2574518918991089
1550,5,62,0.23224613070487976
1551,5,63,0.20705866813659668
1552,5,64,0.22919559478759766
1553,5,65,0.3065122365951538
1554,5,66,0.19136925041675568
1555,5,67,0.24668216705322266
1556,5,68,0.21013574302196503
1557,5,69,0.27508386969566345
1558,5,70,0.2562611699104309
1559,5,71,0.2611035108566284
1560,5,72,0.1926543116569519
1561,5,73,0.2569901943206787
1562,5,74,0.2910204827785492
1563,5,75,0.21259160339832306
1564,5,76,0.28071749210357666
1565,5,77,0.17739427089691162
1566,5,78,0.24536700546741486
1567,5,79,0.18883171677589417
1568,5,80,0.2126564085483551
1569,5,81,0.26852208375930786
1570,5,82,0.2940770983695984
1571,5,83,0.2149900496006012
1572,5,84,0.31003397703170776
1573,5,85,0.251186728477478
1574,5,86,0.22121372818946838
1575,5,87,0.28551381826400757
1576,5,88,0.2530549466609955
1577,5,89,0.187437504529953
1578,5,90,0.1995311677455902
1579,5,91,0.2560425400733948
1580,5,92,0.2263723611831665
1581,5,93,0.2343652993440628
1582,5,94,0.21216551959514618
1583,5,95,0.2430674284696579
1584,5,96,0.22224441170692444
1585,5,97,0.2631462514400482
1586,5,98,0.21191659569740295
1587,5,99,0.6073243021965027
1588,5,100,0.254243403673172
1589,5,101,0.2791336178779602
1590,5,102,0.2028832882642746
1591,5,103,0.18266016244888306
1592,5,104,0.2639544904232025
1593,5,105,0.1978648155927658
1594,5,106,0.2056848257780075
1595,5,107,0.3027380108833313
1596,5,108,0.19902579486370087
1597,5,109,0.22897815704345703
1598,5,110,0.20748916268348694
1599,5,111,0.2054600715637207
1600,5,112,0.346040815114975
1601,5,113,0.20572464168071747
1602,5,114,0.2298346310853958
1603,5,115,0.21591368317604065
1604,5,116,0.25421324372291565
1605,5,117,0.20419606566429138
1606,5,118,0.20579096674919128
1607,5,119,0.26883643865585327
1608,5,120,0.39204174280166626
1609,5,121,0.24025173485279083
1610,5,122,0.22812120616436005
1611,5,123,0.2338104248046875
1612,5,124,0.19804905354976654
1613,5,125,0.2637264132499695
1614,5,126,0.256426066160202
1615,5,127,0.2609912157058716
1616,5,128,0.29622113704681396
1617,5,129,0.2376701831817627
1618,5,130,0.22252336144447327
1619,5,131,0.24279484152793884
1620,5,132,0.24440404772758484
1621,5,133,0.19976621866226196
1622,5,134,0.21980170905590057
1623,5,135,0.22629761695861816
1624,5,136,0.2178029716014862
1625,5,137,0.21713443100452423
1626,5,138,0.416273295879364
1627,5,139,0.2249668538570404
1628,5,140,0.23762910068035126
1629,5,141,0.22838151454925537
1630,5,142,0.24854835867881775
1631,5,143,0.20987538993358612
1632,5,144,0.2661532461643219
1633,5,145,0.3947773575782776
1634,5,146,0.25362125039100647
1635,5,147,0.30384036898612976
1636,5,148,0.20955967903137207
1637,5,149,0.26617318391799927
1638,5,150,0.24819906055927277
1639,5,151,0.22216646373271942
1640,5,152,0.2129054069519043
1641,5,153,0.2644740045070648
1642,5,154,0.21133649349212646
1643,5,155,0.26108017563819885
1644,5,156,0.2552773356437683
1645,5,157,0.20488612353801727
1646,5,158,0.2067621946334839
1647,5,159,0.2591622471809387
1648,5,160,0.2779127359390259
1649,5,161,0.26577991247177124
1650,5,162,0.19586732983589172
1651,5,163,0.18534907698631287
1652,5,164,0.18932810425758362
1653,5,165,0.22955754399299622
1654,5,166,0.26764005422592163
1655,5,167,0.21176309883594513
1656,5,168,0.19510707259178162
1657,5,169,0.2638796865940094
1658,5,170,0.24593624472618103
1659,5,171,0.2576586604118347
1660,5,172,0.22091495990753174
1661,5,173,0.22757935523986816
1662,5,174,0.2098589837551117
1663,5,175,0.2456236332654953
1664,5,176,0.22958020865917206
1665,5,177,0.21411411464214325
1666,5,178,0.2240283489227295
1667,5,179,0.22371742129325867
1668,5,180,0.27805742621421814
1669,5,181,0.2503163814544678
1670,5,182,0.28203025460243225
1671,5,183,0.2042965143918991
1672,5,184,0.3030422329902649
1673,5,185,0.23517031967639923
1674,5,186,0.23803822696208954
1675,5,187,0.16430816054344177
1676,5,188,0.24927814304828644
1677,5,189,0.23979392647743225
1678,5,190,0.23975591361522675
1679,5,191,0.20119336247444153
1680,5,192,0.26740700006484985
1681,5,193,0.19904430210590363
1682,5,194,0.2457810342311859
1683,5,195,0.19607016444206238
1684,5,196,0.2101633995771408
1685,5,197,0.20042860507965088
1686,5,198,0.22321057319641113
1687,5,199,0.29876476526260376
1688,5,200,0.20436611771583557
1689,5,201,0.31496936082839966
1690,5,202,0.18323370814323425
1691,5,203,0.5763745903968811
1692,5,204,0.21950142085552216
1693,5,205,0.2573009431362152
1694,5,206,0.26514822244644165
1695,5,207,0.2801879644393921
1696,5,208,0.2555503249168396
1697,5,209,0.22618789970874786
1698,5,210,0.20674288272857666
1699,5,211,0.2696361839771271
1700,5,212,0.24333202838897705
1701,5,213,0.23474924266338348
1702,5,214,0.265716552734375
1703,5,215,0.2829686403274536
1704,5,216,0.1909279078245163
1705,5,217,0.3498225808143616
1706,5,218,0.1912577599287033
1707,5,219,0.18189996480941772
1708,5,220,0.2167915552854538
1709,5,221,0.2167169600725174
1710,5,222,0.2558576464653015
1711,5,223,0.2417130470275879
1712,5,224,0.2707822918891907
1713,5,225,0.2219787836074829
1714,5,226,0.23198159039020538
1715,5,227,0.2699737548828125
1716,5,228,0.24977047741413116
1717,5,229,0.19353021681308746
1718,5,230,0.24057409167289734
1719,5,231,0.208299919962883
1720,5,232,0.5575301051139832
1721,5,233,0.16346831619739532
1722,5,234,0.558708906173706
1723,5,235,0.20255284011363983
1724,5,236,0.23480811715126038
1725,5,237,0.27114054560661316
1726,5,238,0.2587757706642151
1727,5,239,0.23185785114765167
1728,5,240,0.3186971843242645
1729,5,241,0.27006226778030396
1730,5,242,0.29524126648902893
1731,5,243,0.2366534024477005
1732,5,244,0.18545594811439514
1733,5,245,0.2331763207912445
1734,5,246,0.46792298555374146
1735,5,247,0.2396446019411087
1736,5,248,0.21987572312355042
1737,5,249,0.36117011308670044
1738,5,250,0.25779932737350464
1739,5,251,0.18736054003238678
1740,5,252,0.20582064986228943
1741,5,253,0.19842737913131714
1742,5,254,0.23835769295692444
1743,5,255,0.22516612708568573
1744,5,256,0.25590547919273376
1745,5,257,0.20159873366355896
1746,5,258,0.24103650450706482
1747,5,259,0.2583121657371521
1748,5,260,0.2610740661621094
1749,5,261,0.20079436898231506
1750,5,262,0.20091958343982697
1751,5,263,0.2638951539993286
1752,5,264,0.21473200619220734
1753,5,265,0.18463973701000214
1754,5,266,0.2142678052186966
1755,5,267,0.24066650867462158
1756,5,268,0.19769397377967834
1757,5,269,0.4623454511165619
1758,5,270,0.2531847655773163
1759,5,271,0.24797360599040985
1760,5,272,0.1824159324169159
1761,5,273,0.21619579195976257
1762,5,274,0.27932098507881165
1763,5,275,0.23023100197315216
1764,5,276,0.2430914342403412
1765,5,277,0.2310589998960495
1766,5,278,0.2525116503238678
1767,5,279,0.23470044136047363
1768,5,280,0.24623055756092072
1769,5,281,0.2100834846496582
1770,5,282,0.2416801154613495
1771,5,283,0.20793671905994415
1772,5,284,0.2127351462841034
1773,5,285,0.23832158744335175
1774,5,286,0.2623250484466553
1775,5,287,0.22997303307056427
1776,5,288,0.2822466492652893
1777,5,289,0.2567955553531647
1778,5,290,0.2503911852836609
1779,5,291,0.23946928977966309
1780,5,292,0.2518794536590576
1781,5,293,0.26776161789894104
1782,5,294,0.2686294615268707
1783,5,295,0.4262562394142151
1784,5,296,0.25482362508773804
1785,5,297,0.21946021914482117
1786,5,298,0.25040239095687866
1787,5,299,0.2770708203315735
1788,5,300,0.2636886537075043
1789,5,301,0.252738356590271
1790,5,302,0.21128614246845245
1791,5,303,0.20614492893218994
1792,5,304,0.23126831650733948
1793,5,305,0.48242703080177307
1794,5,306,0.2164173424243927
1795,5,307,0.27117952704429626
1796,5,308,0.3000044822692871
1797,5,309,0.24679391086101532
1798,5,310,0.2972496747970581
1799,5,311,0.2483581304550171
1800,5,312,0.22640445828437805
1801,5,313,0.30205339193344116
1802,5,314,0.22045037150382996
1803,5,315,0.21968813240528107
1804,5,316,0.21885251998901367
1805,5,317,0.21340367197990417
1806,5,318,0.2513926923274994
1807,5,319,0.24875807762145996
1808,5,320,0.21765407919883728
1809,5,321,0.22864994406700134
1810,5,322,0.25779029726982117
1811,5,323,0.266162633895874
1812,5,324,0.2694181799888611
1813,5,325,0.1846625804901123
1814,5,326,0.24128064513206482
1815,5,327,0.19848576188087463
1816,5,328,0.2149311602115631
1817,5,329,0.23205485939979553
1818,5,330,0.1821948140859604
1819,5,331,0.22108201682567596
1820,5,332,0.24420776963233948
1821,5,333,0.2322578877210617
1822,5,334,0.19291964173316956
1823,5,335,0.20290598273277283
1824,5,336,0.2597240209579468
1825,5,337,0.20262649655342102
1826,5,338,0.23203153908252716
1827,5,339,0.26285433769226074
1828,5,340,0.2800905704498291
1829,5,341,0.18781131505966187
1830,5,342,0.35701557993888855
1831,5,343,0.19121727347373962
1832,5,344,0.2664259076118469
1833,5,345,0.22889237105846405
1834,5,346,0.23150193691253662
1835,5,347,0.21269086003303528
1836,5,348,0.18476645648479462
1837,5,349,0.2327529489994049
1838,5,350,0.176087886095047
1839,5,351,0.21742510795593262
1840,5,352,0.20176418125629425
1841,5,353,0.2640106976032257
1842,5,354,0.24367423355579376
1843,5,355,0.20083186030387878
1844,5,356,0.26092293858528137
1845,5,357,0.6655973196029663
1846,5,358,0.2955220341682434
1847,5,359,0.2741854786872864
1848,5,360,0.18319526314735413
1849,5,361,0.2926867604255676
1850,5,362,0.22610270977020264
1851,5,363,0.2204149067401886
1852,5,364,0.2323482781648636
1853,5,365,0.23406970500946045
1854,5,366,0.2196456491947174
1855,5,367,0.2187800109386444
1856,5,368,0.22302229702472687
1857,5,369,0.2468923032283783
1858,5,370,0.2249085009098053
1859,5,371,0.23902146518230438
1860,5,372,0.27608028054237366
1861,6,1,0.22698573768138885
1862,6,2,0.23130066692829132
1863,6,3,0.24074050784111023
1864,6,4,0.2476346492767334
1865,6,5,0.19669756293296814
1866,6,6,0.21899493038654327
1867,6,7,0.23710791766643524
1868,6,8,0.2847544550895691
1869,6,9,0.22979736328125
1870,6,10,0.26580387353897095
1871,6,11,0.21325187385082245
1872,6,12,0.1966305673122406
1873,6,13,0.2289106845855713
1874,6,14,0.2140984982252121
1875,6,15,0.15813502669334412
1876,6,16,0.2044575959444046
1877,6,17,0.25751811265945435
1878,6,18,0.21564850211143494
1879,6,19,0.2623128890991211
1880,6,20,0.2606024742126465
1881,6,21,0.25398093461990356
1882,6,22,0.19072356820106506
1883,6,23,0.2037581205368042
1884,6,24,0.35181447863578796
1885,6,25,0.19309544563293457
1886,6,26,0.219370037317276
1887,6,27,0.18526124954223633
1888,6,28,0.19325168430805206
1889,6,29,0.22010235488414764
1890,6,30,0.21765565872192383
1891,6,31,0.26094600558280945
1892,6,32,0.1917562186717987
1893,6,33,0.19767268002033234
1894,6,34,0.1994008719921112
1895,6,35,0.32672810554504395
1896,6,36,0.16419489681720734
1897,6,37,0.4183591306209564
1898,6,38,0.20864975452423096
1899,6,39,0.20774200558662415
1900,6,40,0.20054414868354797
1901,6,41,0.1917237788438797
1902,6,42,0.2024245262145996
1903,6,43,0.232686847448349
1904,6,44,0.2678593695163727
1905,6,45,0.21200904250144958
1906,6,46,0.23548510670661926
1907,6,47,0.2113659381866455
1908,6,48,0.23780925571918488
1909,6,49,0.24206511676311493
1910,6,50,0.2488713562488556
1911,6,51,0.22632019221782684
1912,6,52,0.19922155141830444
1913,6,53,0.21493427455425262
1914,6,54,0.271109402179718
1915,6,55,0.24758057296276093
1916,6,56,0.21463008224964142
1917,6,57,0.23004016280174255
1918,6,58,0.26302796602249146
1919,6,59,0.2952306866645813
1920,6,60,0.19190466403961182
1921,6,61,0.2535433769226074
1922,6,62,0.18342790007591248
1923,6,63,0.2028064727783203
1924,6,64,0.4519284665584564
1925,6,65,0.24275875091552734
1926,6,66,0.2856327295303345
1927,6,67,0.24272677302360535
1928,6,68,0.20728249847888947
1929,6,69,0.22413770854473114
1930,6,70,0.21475808322429657
1931,6,71,0.20846720039844513
1932,6,72,0.24631479382514954
1933,6,73,0.28132885694503784
1934,6,74,0.15536360442638397
1935,6,75,0.2412406951189041
1936,6,76,0.1873825192451477
1937,6,77,0.19264131784439087
1938,6,78,0.21351566910743713
1939,6,79,0.4650542140007019
1940,6,80,0.22018027305603027
1941,6,81,0.22775617241859436
1942,6,82,0.21778900921344757
1943,6,83,0.1977817565202713
1944,6,84,0.2720033526420593
1945,6,85,0.25444334745407104
1946,6,86,0.1882438212633133
1947,6,87,0.19322331249713898
1948,6,88,0.22097130119800568
1949,6,89,0.2506895363330841
1950,6,90,0.208027645945549
1951,6,91,0.2705235481262207
1952,6,92,0.17987129092216492
1953,6,93,0.257213830947876
1954,6,94,0.23018710315227509
1955,6,95,0.23185086250305176
1956,6,96,0.19482193887233734
1957,6,97,0.21872811019420624
1958,6,98,0.2563280463218689
1959,6,99,0.18121089041233063
1960,6,100,0.2610134780406952
1961,6,101,0.22214297950267792
1962,6,102,0.19255849719047546
1963,6,103,0.6537231206893921
1964,6,104,0.1820482313632965
1965,6,105,0.20049306750297546
1966,6,106,0.1954701840877533
1967,6,107,0.1844930499792099
1968,6,108,0.2061859667301178
1969,6,109,0.310276597738266
1970,6,110,0.18368470668792725
1971,6,111,0.21166734397411346
1972,6,112,0.22512754797935486
1973,6,113,0.21711096167564392
1974,6,114,0.3789835572242737
1975,6,115,0.24815447628498077
1976,6,116,0.17505976557731628
1977,6,117,0.20915362238883972
1978,6,118,0.20475392043590546
1979,6,119,0.182533398270607
1980,6,120,0.21137015521526337
1981,6,121,0.20010635256767273
1982,6,122,0.1928592175245285
1983,6,123,0.22806210815906525
1984,6,124,0.21370205283164978
1985,6,125,0.1884872019290924
1986,6,126,0.19391372799873352
1987,6,127,0.21118871867656708
1988,6,128,0.18761417269706726
1989,6,129,0.18439218401908875
1990,6,130,0.19792278110980988
1991,6,131,0.21702256798744202
1992,6,132,0.2960054278373718
1993,6,133,0.23019063472747803
1994,6,134,0.24153587222099304
1995,6,135,0.21640431880950928
1996,6,136,0.22882910072803497
1997,6,137,0.19523264467716217
1998,6,138,0.26363348960876465
1999,6,139,0.23848652839660645
2000,6,140,0.2148754596710205
2001,6,141,0.34273114800453186
2002,6,142,0.2674295902252197
2003,6,143,0.1860613375902176
2004,6,144,0.18950460851192474
2005,6,145,0.18212340772151947
2006,6,146,0.2673169672489166
2007,6,147,0.30091553926467896
2008,6,148,0.19253231585025787
2009,6,149,0.21162596344947815
2010,6,150,0.1996391862630844
2011,6,151,0.21212518215179443
2012,6,152,0.3748137056827545
2013,6,153,0.2172684669494629
2014,6,154,0.23533740639686584
2015,6,155,0.3554794192314148
2016,6,156,0.2161237895488739
2017,6,157,0.22260084748268127
2018,6,158,0.2207738608121872
2019,6,159,0.19672033190727234
2020,6,160,0.2649901807308197
2021,6,161,0.24937856197357178
2022,6,162,0.3121073842048645
2023,6,163,0.2376527488231659
2024,6,164,0.23393769562244415
2025,6,165,0.24091868102550507
2026,6,166,0.17308664321899414
2027,6,167,0.25590282678604126
2028,6,168,0.19889549911022186
2029,6,169,0.2365538775920868
2030,6,170,0.2784496247768402
2031,6,171,0.2306101769208908
2032,6,172,0.3039168417453766
2033,6,173,0.19771011173725128
2034,6,174,0.2104766070842743
2035,6,175,0.21938841044902802
2036,6,176,0.22350481152534485
2037,6,177,0.24376621842384338
2038,6,178,0.23890097439289093
2039,6,179,0.2326658070087433
2040,6,180,0.2538648247718811
2041,6,181,0.19488829374313354
2042,6,182,0.20337538421154022
2043,6,183,0.23729796707630157
2044,6,184,0.2218722403049469
2045,6,185,0.21324916183948517
2046,6,186,0.20620520412921906
2047,6,187,0.2297089546918869
2048,6,188,0.48109641671180725
2049,6,189,0.19733911752700806
2050,6,190,0.2350652664899826
2051,6,191,0.2205168902873993
2052,6,192,0.25440678000450134
2053,6,193,0.24289503693580627
2054,6,194,0.24571493268013
2055,6,195,0.1879587173461914
2056,6,196,0.20782437920570374
2057,6,197,0.2143189162015915
2058,6,198,0.21734270453453064
2059,6,199,0.20972506701946259
2060,6,200,0.2654843330383301
2061,6,201,0.18533745408058167
2062,6,202,0.195825457572937
2063,6,203,0.23765341937541962
2064,6,204,0.17737747728824615
2065,6,205,0.27059197425842285
2066,6,206,0.2174074947834015
2067,6,207,0.22220027446746826
2068,6,208,0.236734077334404
2069,6,209,0.21382999420166016
2070,6,210,0.20502571761608124
2071,6,211,0.23409533500671387
2072,6,212,0.21958637237548828
2073,6,213,0.19531500339508057
2074,6,214,0.3113560676574707
2075,6,215,0.47469672560691833
2076,6,216,0.17267760634422302
2077,6,217,0.226155087351799
2078,6,218,0.1896371692419052
2079,6,219,0.2426460236310959
2080,6,220,0.2556000351905823
2081,6,221,0.13709492981433868
2082,6,222,0.2897910177707672
2083,6,223,0.17957502603530884
2084,6,224,0.2378694713115692
2085,6,225,0.21474269032478333
2086,6,226,0.2279760092496872
2087,6,227,0.22305670380592346
2088,6,228,0.27537572383880615
2089,6,229,0.1613294631242752
2090,6,230,0.22742962837219238
2091,6,231,0.18852439522743225
2092,6,232,0.25127530097961426
2093,6,233,0.18994374573230743
2094,6,234,0.16259999573230743
2095,6,235,0.21869735419750214
2096,6,236,0.19658516347408295
2097,6,237,0.23206496238708496
2098,6,238,0.1943282186985016
2099,6,239,0.18679623305797577
2100,6,240,0.27907007932662964
2101,6,241,0.22617380321025848
2102,6,242,0.31434670090675354
2103,6,243,0.23982179164886475
2104,6,244,0.16913476586341858
2105,6,245,0.22993898391723633
2106,6,246,0.2283165454864502
2107,6,247,0.1818598359823227
2108,6,248,0.1643507182598114
2109,6,249,0.19528071582317352
2110,6,250,0.3780597746372223
2111,6,251,0.3664650619029999
2112,6,252,0.26718345284461975
2113,6,253,0.248469278216362
2114,6,254,0.21884429454803467
2115,6,255,0.365142822265625
2116,6,256,0.25448116660118103
2117,6,257,0.28367695212364197
2118,6,258,0.24607792496681213
2119,6,259,0.19166037440299988
2120,6,260,0.2283478081226349
2121,6,261,0.2263553887605667
2122,6,262,0.23314893245697021
2123,6,263,0.264909565448761
2124,6,264,0.22655193507671356
2125,6,265,0.22572800517082214
2126,6,266,0.22179476916790009
2127,6,267,0.2763381600379944
2128,6,268,0.3570389151573181
2129,6,269,0.2868972420692444
2130,6,270,0.2274230718612671
2131,6,271,0.31699424982070923
2132,6,272,0.24704253673553467
2133,6,273,0.2748120427131653
2134,6,274,0.2226954698562622
2135,6,275,0.26606136560440063
2136,6,276,0.2082967758178711
2137,6,277,0.2494104653596878
2138,6,278,0.24473293125629425
2139,6,279,0.1694273054599762
2140,6,280,0.24230580031871796
2141,6,281,0.21353843808174133
2142,6,282,0.21185922622680664
2143,6,283,0.18096336722373962
2144,6,284,0.24203674495220184
2145,6,285,0.18615825474262238
2146,6,286,0.24860036373138428
2147,6,287,0.22939948737621307
2148,6,288,0.21933293342590332
2149,6,289,0.28613677620887756
2150,6,290,0.1846759021282196
2151,6,291,0.19412179291248322
2152,6,292,0.2289636880159378
2153,6,293,0.22513413429260254
2154,6,294,0.2018802911043167
2155,6,295,0.2198830097913742
2156,6,296,0.23726694285869598
2157,6,297,0.1878388226032257
2158,6,298,0.8820789456367493
2159,6,299,0.2138875275850296
2160,6,300,0.2475598305463791
2161,6,301,0.20353209972381592
2162,6,302,0.17326229810714722
2163,6,303,0.21582718193531036
2164,6,304,0.22790642082691193
2165,6,305,0.4237383008003235
2166,6,306,0.25601261854171753
2167,6,307,0.22371144592761993
2168,6,308,0.22968558967113495
2169,6,309,0.25033339858055115
2170,6,310,0.2662511467933655
2171,6,311,0.2186649739742279
2172,6,312,0.23715397715568542
2173,6,313,0.21253910660743713
2174,6,314,0.210214763879776
2175,6,315,0.23420564830303192
2176,6,316,0.1835089474916458
2177,6,317,0.29496198892593384
2178,6,318,0.22114190459251404
2179,6,319,0.276763379573822
2180,6,320,0.2888130247592926
2181,6,321,0.21620051562786102
2182,6,322,0.20389869809150696
2183,6,323,0.24199602007865906
2184,6,324,0.2542032301425934
2185,6,325,0.23432707786560059
2186,6,326,0.23084989190101624
2187,6,327,0.2607826590538025
2188,6,328,0.20449110865592957
2189,6,329,0.18709923326969147
2190,6,330,0.2610667645931244
2191,6,331,0.24373634159564972
2192,6,332,0.23120403289794922
2193,6,333,0.2186686098575592
2194,6,334,0.2248024046421051
2195,6,335,0.21662075817584991
2196,6,336,0.2143765240907669
2197,6,337,0.18441995978355408
2198,6,338,0.23670049011707306
2199,6,339,0.2567566931247711
2200,6,340,0.25021427869796753
2201,6,341,0.230181023478508
2202,6,342,0.2248801738023758
2203,6,343,0.34074273705482483
2204,6,344,0.23804733157157898
2205,6,345,0.2179052084684372
2206,6,346,0.29936474561691284
2207,6,347,0.2473423033952713
2208,6,348,0.22180292010307312
2209,6,349,0.23487618565559387
2210,6,350,0.24337899684906006
2211,6,351,0.26111075282096863
2212,6,352,0.20701947808265686
2213,6,353,0.22313246130943298
2214,6,354,0.25328129529953003
2215,6,355,0.20739109814167023
2216,6,356,0.21413056552410126
2217,6,357,0.23923134803771973
2218,6,358,0.17948321998119354
2219,6,359,0.26654598116874695
2220,6,360,0.2539559006690979
2221,6,361,0.31151309609413147
2222,6,362,0.17839860916137695
2223,6,363,0.19684618711471558
2224,6,364,0.2198786437511444
2225,6,365,0.19767269492149353
2226,6,366,0.2650727927684784
2227,6,367,0.3294826149940491
2228,6,368,0.2714928984642029
2229,6,369,0.2088560163974762
2230,6,370,0.18718501925468445
2231,6,371,0.20965662598609924
2232,6,372,0.21460987627506256
2233,7,1,0.1963977962732315
2234,7,2,0.2037128210067749
2235,7,3,0.48413801193237305
2236,7,4,0.2648833394050598
2237,7,5,0.19821549952030182
2238,7,6,0.2031310796737671
2239,7,7,0.22414231300354004
2240,7,8,0.2160772830247879
2241,7,9,0.2271479070186615
2242,7,10,0.19505995512008667
2243,7,11,0.18748432397842407
2244,7,12,0.19661469757556915
2245,7,13,0.20626047253608704
2246,7,14,0.18351949751377106
2247,7,15,0.2125324010848999
2248,7,16,0.2265532910823822
2249,7,17,0.19311197102069855
2250,7,18,0.20373037457466125
2251,7,19,0.1855480968952179
2252,7,20,0.21319901943206787
2253,7,21,0.17325614392757416
2254,7,22,0.204769104719162
2255,7,23,0.14870183169841766
2256,7,24,0.3877323865890503
2257,7,25,0.17889627814292908
2258,7,26,0.2011745721101761
2259,7,27,0.2089918553829193
2260,7,28,0.21521338820457458
2261,7,29,0.28505223989486694
2262,7,30,0.19048099219799042
2263,7,31,0.2288038730621338
2264,7,32,0.2365860641002655
2265,7,33,0.20561432838439941
2266,7,34,0.2554343342781067
2267,7,35,0.19998705387115479
2268,7,36,0.1478460431098938
2269,7,37,0.18177321553230286
2270,7,38,0.1933475136756897
2271,7,39,0.2086932361125946
2272,7,40,0.16906975209712982
2273,7,41,0.16003909707069397
2274,7,42,0.22289636731147766
2275,7,43,0.2057817429304123
2276,7,44,0.24237242341041565
2277,7,45,0.1941319704055786
2278,7,46,0.1963152140378952
2279,7,47,0.20710381865501404
2280,7,48,0.1951158195734024
2281,7,49,0.2593036890029907
2282,7,50,0.23000355064868927
2283,7,51,0.21253642439842224
2284,7,52,0.2237711399793625
2285,7,53,0.16754814982414246
2286,7,54,0.17794425785541534
2287,7,55,0.26369744539260864
2288,7,56,0.2464277744293213
2289,7,57,0.20877297222614288
2290,7,58,0.27388185262680054
2291,7,59,0.19350126385688782
2292,7,60,0.17596252262592316
2293,7,61,0.19140306115150452
2294,7,62,0.24317166209220886
2295,7,63,0.15543167293071747
2296,7,64,0.26693564653396606
2297,7,65,0.21659234166145325
2298,7,66,0.18024560809135437
2299,7,67,0.2952740788459778
2300,7,68,0.21572907269001007
2301,7,69,0.27540820837020874
2302,7,70,0.2201244831085205
2303,7,71,0.7404084801673889
2304,7,72,0.24808919429779053
2305,7,73,0.28967538475990295
2306,7,74,0.17087292671203613
2307,7,75,0.23772013187408447
2308,7,76,0.24165551364421844
2309,7,77,0.27816182374954224
2310,7,78,0.19749370217323303
2311,7,79,0.16966727375984192
2312,7,80,0.24168150126934052
2313,7,81,0.2293403446674347
2314,7,82,0.20649126172065735
2315,7,83,0.2541680932044983
2316,7,84,0.27969908714294434
2317,7,85,0.23446016013622284
2318,7,86,0.17285865545272827
2319,7,87,0.21561892330646515
2320,7,88,0.18986709415912628
2321,7,89,0.25223517417907715
2322,7,90,0.4981927275657654
2323,7,91,0.18181517720222473
2324,7,92,0.24230387806892395
2325,7,93,0.2503928542137146
2326,7,94,0.17490115761756897
2327,7,95,0.20165550708770752
2328,7,96,0.2011830061674118
2329,7,97,0.1997874230146408
2330,7,98,0.18868282437324524
2331,7,99,0.21446175873279572
2332,7,100,0.246587872505188
2333,7,101,0.33091169595718384
2334,7,102,0.2567514181137085
2335,7,103,0.2240760624408722
2336,7,104,0.2135324478149414
2337,7,105,0.23128676414489746
2338,7,106,0.23473365604877472
2339,7,107,0.21137861907482147
2340,7,108,0.24140727519989014
2341,7,109,0.22834794223308563
2342,7,110,0.19923177361488342
2343,7,111,0.22080345451831818
2344,7,112,0.2247256338596344
2345,7,113,0.19654372334480286
2346,7,114,0.2534378170967102
2347,7,115,0.24747736752033234
2348,7,116,0.23168018460273743
2349,7,117,0.22250406444072723
2350,7,118,0.24451398849487305
2351,7,119,0.19822992384433746
2352,7,120,0.4030691683292389
2353,7,121,0.18225161731243134
2354,7,122,0.20586657524108887
2355,7,123,0.22506847977638245
2356,7,124,0.22265028953552246
2357,7,125,0.1936694085597992
2358,7,126,0.17702654004096985
2359,7,127,0.22887492179870605
2360,7,128,0.21531891822814941
2361,7,129,0.16623379290103912
2362,7,130,0.257915735244751
2363,7,131,0.16882438957691193
2364,7,132,0.21462543308734894
2365,7,133,0.2052118480205536
2366,7,134,0.20882777869701385
2367,7,135,0.21412429213523865
2368,7,136,0.20458082854747772
2369,7,137,0.187458798289299
2370,7,138,0.2653563320636749
2371,7,139,0.6423043012619019
2372,7,140,0.20384714007377625
2373,7,141,0.2048105001449585
2374,7,142,0.19908475875854492
2375,7,143,0.21360762417316437
2376,7,144,0.2629546523094177
2377,7,145,0.24656164646148682
2378,7,146,0.22334392368793488
2379,7,147,0.20507851243019104
2380,7,148,0.24121591448783875
2381,7,149,0.17280718684196472
2382,7,150,0.28703755140304565
2383,7,151,0.1801009327173233
2384,7,152,0.21568182110786438
2385,7,153,0.22075238823890686
2386,7,154,0.198298841714859
2387,7,155,0.21653923392295837
2388,7,156,0.23707632720470428
2389,7,157,0.2268802672624588
2390,7,158,0.29780346155166626
2391,7,159,0.17119204998016357
2392,7,160,0.23037727177143097
2393,7,161,0.2018156498670578
2394,7,162,0.1763209104537964
2395,7,163,0.19354967772960663
2396,7,164,0.21216842532157898
2397,7,165,0.15750591456890106
2398,7,166,0.3727644681930542
2399,7,167,0.20561465620994568
2400,7,168,0.16841237246990204
2401,7,169,0.2796323299407959
2402,7,170,0.22356490790843964
2403,7,171,0.154249906539917
2404,7,172,0.20976145565509796
2405,7,173,0.2450367510318756
2406,7,174,0.19481360912322998
2407,7,175,0.1872042566537857
2408,7,176,0.19221997261047363
2409,7,177,0.2574419379234314
2410,7,178,0.22015595436096191
2411,7,179,0.21391499042510986
2412,7,180,0.22028633952140808
2413,7,181,0.2510679066181183
2414,7,182,0.25074997544288635
2415,7,183,0.20786841213703156
2416,7,184,0.4841753840446472
2417,7,185,0.2153325378894806
2418,7,186,0.20257708430290222
2419,7,187,0.1943540871143341
2420,7,188,0.17082463204860687
2421,7,189,0.18879233300685883
2422,7,190,0.22426018118858337
2423,7,191,0.22413384914398193
2424,7,192,0.22759786248207092
2425,7,193,0.19043633341789246
2426,7,194,0.25110000371932983
2427,7,195,0.23293881118297577
2428,7,196,0.25235289335250854
2429,7,197,0.23536284267902374
2430,7,198,0.20006275177001953
2431,7,199,0.14909690618515015
2432,7,200,0.22085948288440704
2433,7,201,0.23931598663330078
2434,7,202,0.2623242139816284
2435,7,203,0.19419705867767334
2436,7,204,0.1969681829214096
2437,7,205,0.20815686881542206
2438,7,206,0.22867178916931152
2439,7,207,0.25787821412086487
2440,7,208,0.21986059844493866
2441,7,209,0.24627432227134705
2442,7,210,0.21414752304553986
2443,7,211,0.2522682547569275
2444,7,212,0.2549842298030853
2445,7,213,0.18146005272865295
2446,7,214,0.19890697300434113
2447,7,215,0.23629727959632874
2448,7,216,0.23790960013866425
2449,7,217,0.568731427192688
2450,7,218,0.19353246688842773
2451,7,219,0.1966191828250885
2452,7,220,0.30997151136398315
2453,7,221,0.23152069747447968
2454,7,222,0.21625621616840363
2455,7,223,0.1966780424118042
2456,7,224,0.1389729082584381
2457,7,225,0.20591816306114197
2458,7,226,0.20845100283622742
2459,7,227,0.2586428225040436
2460,7,228,0.1937590390443802
2461,7,229,0.22384481132030487
2462,7,230,0.21962638199329376
2463,7,231,0.27756428718566895
2464,7,232,0.21301540732383728
2465,7,233,0.24491842091083527
2466,7,234,0.20687034726142883
2467,7,235,0.2580534815788269
2468,7,236,0.3409097492694855
2469,7,237,0.1827680766582489
2470,7,238,0.19650472700595856
2471,7,239,0.14153940975666046
2472,7,240,0.2040756642818451
2473,7,241,0.19387349486351013
2474,7,242,0.3709770739078522
2475,7,243,0.23847632110118866
2476,7,244,0.18281736969947815
2477,7,245,0.17753741145133972
2478,7,246,0.2653695046901703
2479,7,247,0.30456680059432983
2480,7,248,0.20906420052051544
2481,7,249,0.1938171684741974
2482,7,250,0.17292365431785583
2483,7,251,0.20903077721595764
2484,7,252,0.23222434520721436
2485,7,253,0.21727709472179413
2486,7,254,0.2085454910993576
2487,7,255,0.20845603942871094
2488,7,256,0.17153212428092957
2489,7,257,0.26440417766571045
2490,7,258,0.21245911717414856
2491,7,259,0.20521149039268494
2492,7,260,0.22260895371437073
2493,7,261,0.20843155682086945
2494,7,262,0.1848282516002655
2495,7,263,0.2121129333972931
2496,7,264,0.17612724006175995
2497,7,265,0.17504741251468658
2498,7,266,0.23080535233020782
2499,7,267,0.2321029007434845
2500,7,268,0.1707722395658493
2501,7,269,0.2203722447156906
2502,7,270,0.20339007675647736
2503,7,271,0.1918778270483017
2504,7,272,0.2120681256055832
2505,7,273,0.18443098664283752
2506,7,274,0.18182362616062164
2507,7,275,0.2350578010082245
2508,7,276,0.18474751710891724
2509,7,277,0.2438703328371048
2510,7,278,0.2346785068511963
2511,7,279,0.19968892633914948
2512,7,280,0.17150335013866425
2513,7,281,0.2539985477924347
2514,7,282,0.24848945438861847
2515,7,283,0.2029877007007599
2516,7,284,0.23146335780620575
2517,7,285,0.20303396880626678
2518,7,286,0.20232705771923065
2519,7,287,0.2164059579372406
2520,7,288,0.18555112183094025
2521,7,289,0.2751222252845764
2522,7,290,0.23710139095783234
2523,7,291,0.16955266892910004
2524,7,292,0.2169305980205536
2525,7,293,0.24861088395118713
2526,7,294,0.23636071383953094
2527,7,295,0.28644588589668274
2528,7,296,0.22557315230369568
2529,7,297,0.1936556100845337
2530,7,298,0.314304381608963
2531,7,299,0.21970446407794952
2532,7,300,0.1705045998096466
2533,7,301,0.24143977463245392
2534,7,302,0.20581433176994324
2535,7,303,0.23619303107261658
2536,7,304,0.2397308349609375
2537,7,305,0.25826290249824524
2538,7,306,0.27137696743011475
2539,7,307,0.1864010989665985
2540,7,308,0.20472104847431183
2541,7,309,0.2211761474609375
2542,7,310,0.1770707666873932
2543,7,311,0.2157510221004486
2544,7,312,0.22571472823619843
2545,7,313,0.23890957236289978
2546,7,314,0.24355962872505188
2547,7,315,0.2530748248100281
2548,7,316,0.226218581199646
2549,7,317,0.22135940194129944
2550,7,318,0.18754412233829498
2551,7,319,0.23626478016376495
2552,7,320,0.19471928477287292
2553,7,321,0.23085255920886993
2554,7,322,0.2696760296821594
2555,7,323,0.21717354655265808
2556,7,324,0.18574532866477966
2557,7,325,0.1995123028755188
2558,7,326,0.2285168468952179
2559,7,327,0.2635635435581207
2560,7,328,0.18603180348873138
2561,7,329,0.18224765360355377
2562,7,330,0.18742316961288452
2563,7,331,0.20792803168296814
2564,7,332,0.17338714003562927
2565,7,333,0.17595772445201874
2566,7,334,0.3845451772212982
2567,7,335,0.2163567841053009
2568,7,336,0.1624719202518463
2569,7,337,0.20673806965351105
2570,7,338,0.20812532305717468
2571,7,339,0.3571271300315857
2572,7,340,0.22720906138420105
2573,7,341,0.22838878631591797
2574,7,342,0.1996067315340042
2575,7,343,0.2059725522994995
2576,7,344,0.19857536256313324
2577,7,345,0.20016145706176758
2578,7,346,0.23225276172161102
2579,7,347,0.19629527628421783
2580,7,348,0.21009013056755066
2581,7,349,0.23448002338409424
2582,7,350,0.19255152344703674
2583,7,351,0.25016355514526367
2584,7,352,0.21055038273334503
2585,7,353,0.20080487430095673
2586,7,354,0.22346115112304688
2587,7,355,0.16139057278633118
2588,7,356,0.28015628457069397
2589,7,357,0.23350854218006134
2590,7,358,0.212205171585083
2591,7,359,0.34768033027648926
2592,7,360,0.1899840533733368
2593,7,361,0.22067685425281525
2594,7,362,0.24964073300361633
2595,7,363,0.22590982913970947
2596,7,364,0.25203919410705566
2597,7,365,0.21787849068641663
2598,7,366,0.2063976526260376
2599,7,367,0.2096390277147293
2600,7,368,0.20794089138507843
2601,7,369,0.3635372221469879
2602,7,370,0.1583678126335144
2603,7,371,0.26412898302078247
2604,7,372,0.24376489222049713
2605,8,1,0.1922299563884735
2606,8,2,0.23040997982025146
2607,8,3,0.17780914902687073
2608,8,4,0.18671666085720062
2609,8,5,0.4468793272972107
2610,8,6,0.19854408502578735
2611,8,7,0.21454238891601562
2612,8,8,0.2610320746898651
2613,8,9,0.22364859282970428
2614,8,10,0.20012696087360382
2615,8,11,0.26975858211517334
2616,8,12,0.20647785067558289
2617,8,13,0.18583481013774872
2618,8,14,0.23441815376281738
2619,8,15,0.2829892039299011
2620,8,16,0.22027626633644104
2621,8,17,0.23292092978954315
2622,8,18,0.20806476473808289
2623,8,19,0.33839941024780273
2624,8,20,0.270923376083374
2625,8,21,0.19021494686603546
2626,8,22,0.18041375279426575
2627,8,23,0.21257510781288147
2628,8,24,0.3204761743545532
2629,8,25,0.20492884516716003
2630,8,26,0.21897506713867188
2631,8,27,0.18736988306045532
2632,8,28,0.16634665429592133
2633,8,29,0.16081629693508148
2634,8,30,0.21138522028923035
2635,8,31,0.2155723124742508
2636,8,32,0.17217715084552765
2637,8,33,0.2194962054491043
2638,8,34,0.19773341715335846
2639,8,35,0.1835896074771881
2640,8,36,0.2476172000169754
2641,8,37,0.24580180644989014
2642,8,38,0.20417793095111847
2643,8,39,0.2009986937046051
2644,8,40,0.18517276644706726
2645,8,41,0.16037170588970184
2646,8,42,0.1789291799068451
2647,8,43,0.1631767302751541
2648,8,44,0.19190683960914612
2649,8,45,0.19790618121623993
2650,8,46,0.18142428994178772
2651,8,47,0.24525228142738342
2652,8,48,0.20011551678180695
2653,8,49,0.22434552013874054
2654,8,50,0.1986309438943863
2655,8,51,0.21717658638954163
2656,8,52,0.16621580719947815
2657,8,53,0.18731476366519928
2658,8,54,0.1964503526687622
2659,8,55,0.16818895936012268
2660,8,56,0.1785879284143448
2661,8,57,0.15042069554328918
2662,8,58,0.18299107253551483
2663,8,59,0.16837681829929352
2664,8,60,0.23217710852622986
2665,8,61,0.23206642270088196
2666,8,62,0.33773142099380493
2667,8,63,0.20734968781471252
2668,8,64,0.2311713993549347
2669,8,65,0.16686508059501648
2670,8,66,0.20343618094921112
2671,8,67,0.232789546251297
2672,8,68,0.21313142776489258
2673,8,69,0.187620609998703
2674,8,70,0.17000138759613037
2675,8,71,0.21561355888843536
2676,8,72,0.21729536354541779
2677,8,73,0.20799235999584198
2678,8,74,0.22235827147960663
2679,8,75,0.16733011603355408
2680,8,76,0.17541301250457764
2681,8,77,0.24918341636657715
2682,8,78,0.16973824799060822
2683,8,79,0.1884666383266449
2684,8,80,0.18270759284496307
2685,8,81,0.18354381620883942
2686,8,82,0.26517152786254883
2687,8,83,0.19770094752311707
2688,8,84,0.20133857429027557
2689,8,85,0.23136675357818604
2690,8,86,0.18812838196754456
2691,8,87,0.24159252643585205
2692,8,88,0.22438585758209229
2693,8,89,0.1866036057472229
2694,8,90,0.16760393977165222
2695,8,91,0.20694008469581604
2696,8,92,0.2188710719347
2697,8,93,0.18607863783836365
2698,8,94,0.19945617020130157
2699,8,95,0.25474023818969727
2700,8,96,0.23048345744609833
2701,8,97,0.19421795010566711
2702,8,98,0.23591084778308868
2703,8,99,0.18425819277763367
2704,8,100,0.19389216601848602
2705,8,101,0.21429023146629333
2706,8,102,0.20084159076213837
2707,8,103,0.2165369987487793
2708,8,104,0.4003145098686218
2709,8,105,0.245326429605484
2710,8,106,0.20434904098510742
2711,8,107,0.2187395542860031
2712,8,108,0.19208063185214996
2713,8,109,0.22713053226470947
2714,8,110,0.20542891323566437
2715,8,111,0.2427760660648346
2716,8,112,0.19753333926200867
2717,8,113,0.26526135206222534
2718,8,114,0.23281510174274445
2719,8,115,0.19126233458518982
2720,8,116,0.1973896026611328
2721,8,117,0.22390684485435486
2722,8,118,0.18536889553070068
2723,8,119,0.2326476275920868
2724,8,120,0.17629098892211914
2725,8,121,0.14811789989471436
2726,8,122,0.23995783925056458
2727,8,123,0.2000965178012848
2728,8,124,0.21164155006408691
2729,8,125,0.1846385896205902
2730,8,126,0.2572788596153259
2731,8,127,0.18025854229927063
2732,8,128,0.18661843240261078
2733,8,129,0.22925534844398499
2734,8,130,0.18629619479179382
2735,8,131,0.2140423059463501
2736,8,132,0.2549325227737427
2737,8,133,0.20289480686187744
2738,8,134,0.20953437685966492
2739,8,135,0.18528331816196442
2740,8,136,0.1796959638595581
2741,8,137,0.3834626078605652
2742,8,138,0.17305046319961548
2743,8,139,0.2783665657043457
2744,8,140,0.22446420788764954
2745,8,141,0.20668616890907288
2746,8,142,0.25941094756126404
2747,8,143,0.2602502107620239
2748,8,144,0.20608964562416077
2749,8,145,0.22936293482780457
2750,8,146,0.18887978792190552
2751,8,147,0.18836742639541626
2752,8,148,0.17062291502952576
2753,8,149,0.2051602303981781
2754,8,150,0.22727572917938232
2755,8,151,0.2263343632221222
2756,8,152,0.19575156271457672
2757,8,153,0.17507600784301758
2758,8,154,0.18925288319587708
2759,8,155,0.23969590663909912
2760,8,156,0.21624073386192322
2761,8,157,0.20869870483875275
2762,8,158,0.20730867981910706
2763,8,159,0.1836988776922226
2764,8,160,0.19641897082328796
2765,8,161,0.18292060494422913
2766,8,162,0.19234439730644226
2767,8,163,0.24690890312194824
2768,8,164,0.21360202133655548
2769,8,165,0.22991859912872314
2770,8,166,0.20288929343223572
2771,8,167,0.17641723155975342
2772,8,168,0.21873819828033447
2773,8,169,0.23195235431194305
2774,8,170,0.1714601069688797
2775,8,171,0.1983138620853424
2776,8,172,0.24980942904949188
2777,8,173,0.24419887363910675
2778,8,174,0.17257066071033478
2779,8,175,0.1925966888666153
2780,8,176,0.20365548133850098
2781,8,177,0.20766358077526093
2782,8,178,0.23115184903144836
2783,8,179,0.22565236687660217
2784,8,180,0.2251497060060501
2785,8,181,0.23906686902046204
2786,8,182,0.21947836875915527
2787,8,183,0.19691209495067596
2788,8,184,0.18849650025367737
2789,8,185,0.25739264488220215
2790,8,186,0.20459945499897003
2791,8,187,0.21734881401062012
2792,8,188,0.21021607518196106
2793,8,189,0.19446063041687012
2794,8,190,0.1864841878414154
2795,8,191,0.20961742103099823
2796,8,192,0.23360812664031982
2797,8,193,0.2756671607494354
2798,8,194,0.25537434220314026
2799,8,195,0.20734477043151855
2800,8,196,0.1916409581899643
2801,8,197,0.22615854442119598
2802,8,198,0.2111097127199173
2803,8,199,0.18722942471504211
2804,8,200,0.16620118916034698
2805,8,201,0.2695932686328888
2806,8,202,0.16707895696163177
2807,8,203,0.23641622066497803
2808,8,204,0.20344951748847961
2809,8,205,0.28463608026504517
2810,8,206,0.23830623924732208
2811,8,207,0.19417670369148254
2812,8,208,0.21982891857624054
2813,8,209,0.21866044402122498
2814,8,210,0.2451590597629547
2815,8,211,0.2553173899650574
2816,8,212,0.27090930938720703
2817,8,213,0.23589947819709778
2818,8,214,0.21949990093708038
2819,8,215,0.18006034195423126
2820,8,216,0.17994830012321472
2821,8,217,0.16805744171142578
2822,8,218,0.21719352900981903
2823,8,219,0.22433964908123016
2824,8,220,0.2205851823091507
2825,8,221,0.18364188075065613
2826,8,222,0.16421100497245789
2827,8,223,0.23522093892097473
2828,8,224,0.22402754426002502
2829,8,225,0.2068810760974884
2830,8,226,0.2065821886062622
2831,8,227,0.20879888534545898
2832,8,228,0.23390436172485352
2833,8,229,0.18830469250679016
2834,8,230,0.20891647040843964
2835,8,231,0.20034034550189972
2836,8,232,0.21059563755989075
2837,8,233,0.20079290866851807
2838,8,234,0.1754067838191986
2839,8,235,0.28020161390304565
2840,8,236,0.2133599817752838
2841,8,237,0.17703622579574585
2842,8,238,0.21127502620220184
2843,8,239,0.20326411724090576
2844,8,240,0.2248583734035492
2845,8,241,0.21524815261363983
2846,8,242,0.1828126311302185
2847,8,243,0.29569607973098755
2848,8,244,0.1621984839439392
2849,8,245,0.2108546495437622
2850,8,246,0.1935500055551529
2851,8,247,0.21947741508483887
2852,8,248,0.22903218865394592
2853,8,249,0.23937368392944336
2854,8,250,0.2012905776500702
2855,8,251,0.23113028705120087
2856,8,252,0.17316757142543793
2857,8,253,0.1894933581352234
2858,8,254,0.18669700622558594
2859,8,255,0.19492463767528534
2860,8,256,0.2317368984222412
2861,8,257,0.32357338070869446
2862,8,258,0.1883356273174286
2863,8,259,0.23771965503692627
2864,8,260,0.19426420331001282
2865,8,261,0.18620342016220093
2866,8,262,0.21420662105083466
2867,8,263,0.25320106744766235
2868,8,264,0.20017001032829285
2869,8,265,0.20432619750499725
2870,8,266,0.2468915432691574
2871,8,267,0.2527431547641754
2872,8,268,0.20245322585105896
2873,8,269,0.5087713599205017
2874,8,270,0.2083166390657425
2875,8,271,0.19990459084510803
2876,8,272,0.2339356243610382
2877,8,273,0.2186189591884613
2878,8,274,0.18085594475269318
2879,8,275,0.1834753006696701
2880,8,276,0.2118823528289795
2881,8,277,0.22149662673473358
2882,8,278,0.18562659621238708
2883,8,279,0.14904376864433289
2884,8,280,0.1998218595981598
2885,8,281,0.17495639622211456
2886,8,282,0.23068931698799133
2887,8,283,0.18498310446739197
2888,8,284,0.2856120467185974
2889,8,285,0.1759752333164215
2890,8,286,0.2086874544620514
2891,8,287,0.20405223965644836
2892,8,288,0.17467138171195984
2893,8,289,0.2038651704788208
2894,8,290,0.19327746331691742
2895,8,291,0.1978621780872345
2896,8,292,0.21163542568683624
2897,8,293,0.2440069168806076
2898,8,294,0.24304994940757751
2899,8,295,0.19779738783836365
2900,8,296,0.15821246802806854
2901,8,297,0.18485073745250702
2902,8,298,0.2171526402235031
2903,8,299,0.2068489044904709
2904,8,300,0.21091219782829285
2905,8,301,0.21274633705615997
2906,8,302,0.20946189761161804
2907,8,303,0.22533228993415833
2908,8,304,0.2335570752620697
2909,8,305,0.19189268350601196
2910,8,306,0.20245131850242615
2911,8,307,0.18564844131469727
2912,8,308,0.18614265322685242
2913,8,309,0.16986335813999176
2914,8,310,0.19904465973377228
2915,8,311,0.194859579205513
2916,8,312,0.2220967561006546
2917,8,313,0.2673187553882599
2918,8,314,0.22966420650482178
2919,8,315,0.4970618784427643
2920,8,316,0.36015552282333374
2921,8,317,0.19744905829429626
2922,8,318,0.19137221574783325
2923,8,319,0.2106030434370041
2924,8,320,0.23586539924144745
2925,8,321,0.17365828156471252
2926,8,322,0.18413472175598145
2927,8,323,0.24700188636779785
2928,8,324,0.17321673035621643
2929,8,325,0.18579021096229553
2930,8,326,0.1728629767894745
2931,8,327,0.259062796831131
2932,8,328,0.19646506011486053
2933,8,329,0.22034330666065216
2934,8,330,0.19600921869277954
2935,8,331,0.17738258838653564
2936,8,332,0.1596556156873703
2937,8,333,0.1723494529724121
2938,8,334,0.18149079382419586
2939,8,335,0.16784682869911194
2940,8,336,0.24251553416252136
2941,8,337,0.16679057478904724
2942,8,338,0.23039042949676514
2943,8,339,0.18043485283851624
2944,8,340,0.17614799737930298
2945,8,341,0.4146633744239807
2946,8,342,0.1835629642009735
2947,8,343,0.25830158591270447
2948,8,344,0.20343124866485596
2949,8,345,0.3849445581436157
2950,8,346,0.38481104373931885
2951,8,347,0.1851159632205963
2952,8,348,0.22330912947654724
2953,8,349,0.23610922694206238
2954,8,350,0.18762046098709106
2955,8,351,0.24629013240337372
2956,8,352,0.2890258729457855
2957,8,353,0.2621900141239166
2958,8,354,0.20753653347492218
2959,8,355,0.23055429756641388
2960,8,356,0.22726556658744812
2961,8,357,0.20876386761665344
2962,8,358,0.27508994936943054
2963,8,359,0.26648274064064026
2964,8,360,0.21607601642608643
2965,8,361,0.20396967232227325
2966,8,362,0.34892207384109497
2967,8,363,0.23045089840888977
2968,8,364,0.19848161935806274
2969,8,365,0.18340188264846802
2970,8,366,0.3218838572502136
2971,8,367,0.1640540063381195
2972,8,368,0.20541512966156006
2973,8,369,0.15770480036735535
2974,8,370,0.2076534926891327
2975,8,371,0.17880389094352722
2976,8,372,0.2260829657316208
2977,9,1,0.17693643271923065
2978,9,2,0.2360440045595169
2979,9,3,0.17277264595031738
2980,9,4,0.21359172463417053
2981,9,5,0.2752659022808075
2982,9,6,0.21793022751808167
2983,9,7,0.1828380823135376
2984,9,8,0.18413659930229187
2985,9,9,0.19406259059906006
2986,9,10,0.19190719723701477
2987,9,11,0.19515404105186462
2988,9,12,0.6229163408279419
2989,9,13,0.17602162063121796
2990,9,14,0.2151179313659668
2991,9,15,0.24993285536766052
2992,9,16,0.21381521224975586
2993,9,17,0.24265363812446594
2994,9,18,0.19929924607276917
2995,9,19,0.1837981641292572
2996,9,20,0.1945914924144745
2997,9,21,0.18826119601726532
2998,9,22,0.2216014564037323
2999,9,23,0.20581984519958496
3000,9,24,0.22736382484436035
3001,9,25,0.21202397346496582
3002,9,26,0.21426096558570862
3003,9,27,0.17315247654914856
3004,9,28,0.18241924047470093
3005,9,29,0.19363515079021454
3006,9,30,0.1946078985929489
3007,9,31,0.1909196674823761
3008,9,32,0.19139297306537628
3009,9,33,0.19153444468975067
3010,9,34,0.18706479668617249
3011,9,35,0.19310422241687775
3012,9,36,0.2704034745693207
3013,9,37,0.24314279854297638
3014,9,38,0.20996837317943573
3015,9,39,0.1835954487323761
3016,9,40,0.1987951248884201
3017,9,41,0.20796212553977966
3018,9,42,0.21148183941841125
3019,9,43,0.20856814086437225
3020,9,44,0.1697625070810318
3021,9,45,0.1543668955564499
3022,9,46,0.21302935481071472
3023,9,47,0.26639801263809204
3024,9,48,0.1955018788576126
3025,9,49,0.17142780125141144
3026,9,50,0.17704415321350098
3027,9,51,0.20806452631950378
3028,9,52,0.2072635442018509
3029,9,53,0.17044422030448914
3030,9,54,0.23766100406646729
3031,9,55,0.18234923481941223
3032,9,56,0.22617368400096893
3033,9,57,0.1986991912126541
3034,9,58,0.20568422973155975
3035,9,59,0.18053749203681946
3036,9,60,0.20114532113075256
3037,9,61,0.17972411215305328
3038,9,62,0.22505822777748108
3039,9,63,0.23915381729602814
3040,9,64,0.21927659213542938
3041,9,65,0.17983433604240417
3042,9,66,0.20140063762664795
3043,9,67,0.19425509870052338
3044,9,68,0.1820821613073349
3045,9,69,0.24323394894599915
3046,9,70,0.18981735408306122
3047,9,71,0.2115904837846756
3048,9,72,0.20798182487487793
3049,9,73,0.2123880386352539
3050,9,74,0.18992584943771362
3051,9,75,0.19841238856315613
3052,9,76,0.19289757311344147
3053,9,77,0.18775683641433716
3054,9,78,0.18349948525428772
3055,9,79,0.1526690125465393
3056,9,80,0.2379213124513626
3057,9,81,0.1877528429031372
3058,9,82,0.23671968281269073
3059,9,83,0.17597606778144836
3060,9,84,0.1612449288368225
3061,9,85,0.21246978640556335
3062,9,86,0.17719323933124542
3063,9,87,0.17702952027320862
3064,9,88,0.15306024253368378
3065,9,89,0.16359637677669525
3066,9,90,0.18755251169204712
3067,9,91,0.16544602811336517
3068,9,92,0.20805247128009796
3069,9,93,0.2006167620420456
3070,9,94,0.19195803999900818
3071,9,95,0.2567974627017975
3072,9,96,0.1886763721704483
3073,9,97,0.2232140302658081
3074,9,98,0.22208788990974426
3075,9,99,0.26125192642211914
3076,9,100,0.21384623646736145
3077,9,101,0.202235147356987
3078,9,102,0.17700925469398499
3079,9,103,0.20127174258232117
3080,9,104,0.1747828722000122
3081,9,105,0.1437254250049591
3082,9,106,0.17989954352378845
3083,9,107,0.16363713145256042
3084,9,108,0.17396070063114166
3085,9,109,0.16549617052078247
3086,9,110,0.1658748984336853
3087,9,111,0.18847160041332245
3088,9,112,0.18564756214618683
3089,9,113,0.2273569107055664
3090,9,114,0.20915722846984863
3091,9,115,0.19509842991828918
3092,9,116,0.21767273545265198
3093,9,117,0.21201851963996887
3094,9,118,0.2266455441713333
3095,9,119,0.18634213507175446
3096,9,120,0.24061262607574463
3097,9,121,0.21944598853588104
3098,9,122,0.1917901635169983
3099,9,123,0.1950317919254303
3100,9,124,0.19837743043899536
3101,9,125,0.16009414196014404
3102,9,126,0.21359145641326904
3103,9,127,0.16744288802146912
3104,9,128,0.20579251646995544
3105,9,129,0.2091638743877411
3106,9,130,0.24411213397979736
3107,9,131,0.1942186951637268
3108,9,132,0.19398830831050873
3109,9,133,0.16690871119499207
3110,9,134,0.15682797133922577
3111,9,135,0.21291282773017883
3112,9,136,0.1771201342344284
3113,9,137,0.18991176784038544
3114,9,138,0.2048078030347824
3115,9,139,0.16375015676021576
3116,9,140,0.2159779965877533
3117,9,141,0.18745633959770203
3118,9,142,0.1699480265378952
3119,9,143,0.19541522860527039
3120,9,144,0.23226821422576904
3121,9,145,0.19664736092090607
3122,9,146,0.21603696048259735
3123,9,147,0.23961660265922546
3124,9,148,0.2058849036693573
3125,9,149,0.22535660862922668
3126,9,150,0.20168638229370117
3127,9,151,0.1894521713256836
3128,9,152,0.17246927320957184
3129,9,153,0.3366169333457947
3130,9,154,0.4332331717014313
3131,9,155,0.25891464948654175
3132,9,156,0.1720798909664154
3133,9,157,0.2834961712360382
3134,9,158,0.13068020343780518
3135,9,159,0.2349495142698288
3136,9,160,0.18958167731761932
3137,9,161,0.20859909057617188
3138,9,162,0.1883341372013092
3139,9,163,0.2999999225139618
3140,9,164,0.2363934963941574
3141,9,165,0.20393557846546173
3142,9,166,0.3538947105407715
3143,9,167,0.17098590731620789
3144,9,168,0.2807747423648834
3145,9,169,0.19868402183055878
3146,9,170,0.17531685531139374
3147,9,171,0.3406478464603424
3148,9,172,0.1919083148241043
3149,9,173,0.23032183945178986
3150,9,174,0.21090367436408997
3151,9,175,0.1959030032157898
3152,9,176,0.20074689388275146
3153,9,177,0.1833040863275528
3154,9,178,0.16685432195663452
3155,9,179,0.20456883311271667
3156,9,180,0.2033514678478241
3157,9,181,0.20276546478271484
3158,9,182,0.1976606398820877
3159,9,183,0.16839109361171722
3160,9,184,0.24821558594703674
3161,9,185,0.20603027939796448
3162,9,186,0.29725998640060425
3163,9,187,0.23706093430519104
3164,9,188,0.19045983254909515
3165,9,189,0.22268101572990417
3166,9,190,0.21318693459033966
3167,9,191,0.21152403950691223
3168,9,192,0.19879834353923798
3169,9,193,0.23566284775733948
3170,9,194,0.22297093272209167
3171,9,195,0.2997361123561859
3172,9,196,0.2318267524242401
3173,9,197,0.20640508830547333
3174,9,198,0.17659951746463776
3175,9,199,0.18382373452186584
3176,9,200,0.23530812561511993
3177,9,201,0.22860857844352722
3178,9,202,0.21477290987968445
3179,9,203,0.24164056777954102
3180,9,204,0.21870842576026917
3181,9,205,0.20104770362377167
3182,9,206,0.22254905104637146
3183,9,207,0.22079412639141083
3184,9,208,0.1965276002883911
3185,9,209,0.2486625462770462
3186,9,210,0.18605449795722961
3187,9,211,0.1743580847978592
3188,9,212,0.20610781013965607
3189,9,213,0.21613828837871552
3190,9,214,0.2271532118320465
3191,9,215,0.2033168524503708
3192,9,216,0.19401241838932037
3193,9,217,0.2194761335849762
3194,9,218,0.18704381585121155
3195,9,219,0.17570368945598602
3196,9,220,0.15017852187156677
3197,9,221,0.17312923073768616
3198,9,222,0.18403159081935883
3199,9,223,0.2649964988231659
3200,9,224,0.20990662276744843
3201,9,225,0.18454238772392273
3202,9,226,0.16932472586631775
3203,9,227,0.34277036786079407
3204,9,228,0.15566310286521912
3205,9,229,0.1933731734752655
3206,9,230,0.18146812915802002
3207,9,231,0.1761186718940735
3208,9,232,0.1984359174966812
3209,9,233,0.24974074959754944
3210,9,234,0.2253529578447342
3211,9,235,0.21137547492980957
3212,9,236,0.20943796634674072
3213,9,237,0.1983928680419922
3214,9,238,0.269928514957428
3215,9,239,0.22245638072490692
3216,9,240,0.18336617946624756
3217,9,241,0.24301961064338684
3218,9,242,0.1981167197227478
3219,9,243,0.17810359597206116
3220,9,244,0.2005392611026764
3221,9,245,0.19648300111293793
3222,9,246,0.1641000211238861
3223,9,247,0.22011229395866394
3224,9,248,0.19174154102802277
3225,9,249,0.21987013518810272
3226,9,250,0.232416033744812
3227,9,251,0.232029527425766
3228,9,252,0.21159179508686066
3229,9,253,0.15965919196605682
3230,9,254,0.2485700398683548
3231,9,255,0.17777304351329803
3232,9,256,0.2640140950679779
3233,9,257,0.18750904500484467
3234,9,258,0.19474247097969055
3235,9,259,0.2474287450313568
3236,9,260,0.20932996273040771
3237,9,261,0.15392711758613586
3238,9,262,0.20344991981983185
3239,9,263,0.24685220420360565
3240,9,264,0.22000722587108612
3241,9,265,0.16618755459785461
3242,9,266,0.203229621052742
3243,9,267,0.1640162318944931
3244,9,268,0.18470236659049988
3245,9,269,0.2175040990114212
3246,9,270,0.2301061600446701
3247,9,271,0.26556631922721863
3248,9,272,0.2069295197725296
3249,9,273,0.20497533679008484
3250,9,274,0.22502097487449646
3251,9,275,0.1640843003988266
3252,9,276,0.33086085319519043
3253,9,277,0.21397104859352112
3254,9,278,0.18979743123054504
3255,9,279,0.18491077423095703
3256,9,280,0.3258158266544342
3257,9,281,0.23628631234169006
3258,9,282,0.18166768550872803
3259,9,283,0.21756498515605927
3260,9,284,0.19616010785102844
3261,9,285,0.17770050466060638
3262,9,286,0.2438935488462448
3263,9,287,0.21995703876018524
3264,9,288,0.16741617023944855
3265,9,289,0.21973828971385956
3266,9,290,0.16678836941719055
3267,9,291,0.22433969378471375
3268,9,292,0.2067243754863739
3269,9,293,0.21289882063865662
3270,9,294,0.17404940724372864
3271,9,295,0.18437007069587708
3272,9,296,0.15513363480567932
3273,9,297,0.1958998739719391
3274,9,298,0.16193115711212158
3275,9,299,0.2204538881778717
3276,9,300,0.19537076354026794
3277,9,301,0.24660241603851318
3278,9,302,0.26172253489494324
3279,9,303,0.18074218928813934
3280,9,304,0.19443711638450623
3281,9,305,0.20048335194587708
3282,9,306,0.19078457355499268
3283,9,307,0.18170174956321716
3284,9,308,0.16579334437847137
3285,9,309,0.1781383752822876
3286,9,310,0.1986876279115677
3287,9,311,0.16809266805648804
3288,9,312,0.19321687519550323
3289,9,313,0.19726446270942688
3290,9,314,0.169014573097229
3291,9,315,0.26083582639694214
3292,9,316,0.19763241708278656
3293,9,317,0.2174977958202362
3294,9,318,0.18977972865104675
3295,9,319,0.19014278054237366
3296,9,320,0.17318864166736603
3297,9,321,0.18662457168102264
3298,9,322,0.16198688745498657
3299,9,323,0.1945289671421051
3300,9,324,0.20381610095500946
3301,9,325,0.18274812400341034
3302,9,326,0.2022397518157959
3303,9,327,0.25215762853622437
3304,9,328,0.20392517745494843
3305,9,329,0.1816120445728302
3306,9,330,0.2083907425403595
3307,9,331,0.19174998998641968
3308,9,332,0.20060423016548157
3309,9,333,0.17238371074199677
3310,9,334,0.21084348857402802
3311,9,335,0.22139182686805725
3312,9,336,0.19614660739898682
3313,9,337,0.2223675549030304
3314,9,338,0.23445279896259308
3315,9,339,0.18592426180839539
3316,9,340,0.18106777966022491
3317,9,341,0.19089531898498535
3318,9,342,0.2220829725265503
3319,9,343,0.21519207954406738
3320,9,344,0.15265591442584991
3321,9,345,0.296394407749176
3322,9,346,0.20897400379180908
3323,9,347,0.23798143863677979
3324,9,348,0.19535788893699646
3325,9,349,0.1822221428155899
3326,9,350,0.19772641360759735
3327,9,351,0.31600937247276306
3328,9,352,0.24304310977458954
3329,9,353,0.22364482283592224
3330,9,354,0.1910569965839386
3331,9,355,0.23036575317382812
3332,9,356,0.2099352329969406
3333,9,357,0.36708205938339233
3334,9,358,0.21778401732444763
3335,9,359,0.2096390426158905
3336,9,360,0.1831190437078476
3337,9,361,0.2635006308555603
3338,9,362,0.19655416905879974
3339,9,363,0.22070245444774628
3340,9,364,0.23530998826026917
3341,9,365,0.18860690295696259
3342,9,366,0.19842436909675598
3343,9,367,0.1977549046278
3344,9,368,0.2278103530406952
3345,9,369,0.2279379814863205
3346,9,370,0.39146456122398376
3347,9,371,0.1830570548772812
3348,9,372,0.1467854082584381
3349,10,1,0.18690308928489685
3350,10,2,0.2062843292951584
3351,10,3,0.13973888754844666
3352,10,4,0.15198057889938354
3353,10,5,0.20368650555610657
3354,10,6,0.19247780740261078
3355,10,7,0.2010994255542755
3356,10,8,0.23293492197990417
3357,10,9,0.1762889325618744
3358,10,10,0.15499329566955566
3359,10,11,0.19295956194400787
3360,10,12,0.21641750633716583
3361,10,13,0.1911080777645111
3362,10,14,0.18589083850383759
3363,10,15,0.1716293841600418
3364,10,16,0.3149075508117676
3365,10,17,0.14819881319999695
3366,10,18,0.18415342271327972
3367,10,19,0.22317318618297577
3368,10,20,0.2418632060289383
3369,10,21,0.1878267228603363
3370,10,22,0.18706738948822021
3371,10,23,0.24397191405296326
3372,10,24,0.18375054001808167
3373,10,25,0.20880839228630066
3374,10,26,0.17353443801403046
3375,10,27,0.2235310971736908
3376,10,28,0.1602875292301178
3377,10,29,0.22942021489143372
3378,10,30,0.17935588955879211
3379,10,31,0.18922118842601776
3380,10,32,0.20562434196472168
3381,10,33,0.20330357551574707
3382,10,34,0.20985952019691467
3383,10,35,0.19971229135990143
3384,10,36,0.19346824288368225
3385,10,37,0.18618729710578918
3386,10,38,0.20699313282966614
3387,10,39,0.17663338780403137
3388,10,40,0.2269447296857834
3389,10,41,0.16283348202705383
3390,10,42,0.41848888993263245
3391,10,43,0.19376643002033234
3392,10,44,0.19804981350898743
3393,10,45,0.22227492928504944
3394,10,46,0.1792767345905304
3395,10,47,0.17266297340393066
3396,10,48,0.19363829493522644
3397,10,49,0.19976767897605896
3398,10,50,0.2168656587600708
3399,10,51,0.2008315622806549
3400,10,52,0.16105687618255615
3401,10,53,0.18344393372535706
3402,10,54,0.1702941209077835
3403,10,55,0.17256593704223633
3404,10,56,0.3312150835990906
3405,10,57,0.2478937804698944
3406,10,58,0.2580704092979431
3407,10,59,0.2056157886981964
3408,10,60,0.37447571754455566
3409,10,61,0.1946755349636078
3410,10,62,0.1783057600259781
3411,10,63,0.17853769659996033
3412,10,64,0.2126827985048294
3413,10,65,0.17428633570671082
3414,10,66,0.1918918788433075
3415,10,67,0.2369488924741745
3416,10,68,0.20278212428092957
3417,10,69,0.22145605087280273
3418,10,70,0.18498560786247253
3419,10,71,0.17980602383613586
3420,10,72,0.20046016573905945
3421,10,73,0.1818629503250122
3422,10,74,0.20133550465106964
3423,10,75,0.18678994476795197
3424,10,76,0.18429329991340637
3425,10,77,0.2206617146730423
3426,10,78,0.18654970824718475
3427,10,79,0.1839030236005783
3428,10,80,0.2067660391330719
3429,10,81,0.23625846207141876
3430,10,82,0.18093864619731903
3431,10,83,0.16844898462295532
3432,10,84,0.16339054703712463
3433,10,85,0.18677717447280884
3434,10,86,0.19764940440654755
3435,10,87,0.19832979142665863
3436,10,88,0.1680983453989029
3437,10,89,0.2146720588207245
3438,10,90,0.1921672523021698
3439,10,91,0.2011573314666748
3440,10,92,0.21441909670829773
3441,10,93,0.1836015284061432
3442,10,94,0.1757844239473343
3443,10,95,0.17967422306537628
3444,10,96,0.25285235047340393
3445,10,97,0.1826431006193161
3446,10,98,0.1649875044822693
3447,10,99,0.18881098926067352
3448,10,100,0.23788955807685852
3449,10,101,0.22901351749897003
3450,10,102,0.1867334395647049
3451,10,103,0.19919267296791077
3452,10,104,0.17837506532669067
3453,10,105,0.18874360620975494
3454,10,106,0.19465532898902893
3455,10,107,0.19434605538845062
3456,10,108,0.18624047935009003
3457,10,109,0.16884846985340118
3458,10,110,0.15179453790187836
3459,10,111,0.1976427435874939
3460,10,112,0.2016220986843109
3461,10,113,0.2396586388349533
3462,10,114,0.20492669939994812
3463,10,115,0.19800123572349548
3464,10,116,0.17772749066352844
3465,10,117,0.22707529366016388
3466,10,118,0.20002329349517822
3467,10,119,0.1970730423927307
3468,10,120,0.1581534892320633
3469,10,121,0.24759498238563538
3470,10,122,0.19203989207744598
3471,10,123,0.21060338616371155
3472,10,124,0.2050323188304901
3473,10,125,0.24958506226539612
3474,10,126,0.15493157505989075
3475,10,127,0.2515890598297119
3476,10,128,0.1652567833662033
3477,10,129,0.2149464339017868
3478,10,130,0.1942204385995865
3479,10,131,0.2130923718214035
3480,10,132,0.17465956509113312
3481,10,133,0.19030216336250305
3482,10,134,0.18651439249515533
3483,10,135,0.1895761787891388
3484,10,136,0.1709844172000885
3485,10,137,0.21764707565307617
3486,10,138,0.357693612575531
3487,10,139,0.18638603389263153
3488,10,140,0.15485341846942902
3489,10,141,0.18493156135082245
3490,10,142,0.24572181701660156
3491,10,143,0.17807771265506744
3492,10,144,0.16165316104888916
3493,10,145,0.19731824100017548
3494,10,146,0.1704033762216568
3495,10,147,0.203125
3496,10,148,0.20243969559669495
3497,10,149,0.16579821705818176
3498,10,150,0.18478964269161224
3499,10,151,0.20823410153388977
3500,10,152,0.17294736206531525
3501,10,153,0.17101843655109406
3502,10,154,0.19482529163360596
3503,10,155,0.1858992576599121
3504,10,156,0.2237979620695114
3505,10,157,0.20700907707214355
3506,10,158,0.2142360508441925
3507,10,159,0.17849299311637878
3508,10,160,0.20110973715782166
3509,10,161,0.19222214818000793
3510,10,162,0.19797618687152863
3511,10,163,0.2745053172111511
3512,10,164,0.18036814033985138
3513,10,165,0.20862409472465515
3514,10,166,0.18912994861602783
3515,10,167,0.1531551629304886
3516,10,168,0.1893972009420395
3517,10,169,0.2294640839099884
3518,10,170,0.21437744796276093
3519,10,171,0.2086949646472931
3520,10,172,0.18306736648082733
3521,10,173,0.1617346554994583
3522,10,174,0.21062171459197998
3523,10,175,0.16296645998954773
3524,10,176,0.220845028758049
3525,10,177,0.2126249074935913
3526,10,178,0.27847886085510254
3527,10,179,0.16089610755443573
3528,10,180,0.16540881991386414
3529,10,181,0.1809869110584259
3530,10,182,0.19015425443649292
3531,10,183,0.2204430103302002
3532,10,184,0.2788713574409485
3533,10,185,0.23062703013420105
3534,10,186,0.33058708906173706
3535,10,187,0.18492667376995087
3536,10,188,0.24211493134498596
3537,10,189,0.20940308272838593
3538,10,190,0.1812928169965744
3539,10,191,0.19741232693195343
3540,10,192,0.21170306205749512
3541,10,193,0.2254226952791214
3542,10,194,0.19746561348438263
3543,10,195,0.19986233115196228
3544,10,196,0.2524399161338806
3545,10,197,0.20710310339927673
3546,10,198,0.33095553517341614
3547,10,199,0.1982315480709076
3548,10,200,0.22649197280406952
3549,10,201,0.2116861641407013
3550,10,202,0.22081096470355988
3551,10,203,0.20293214917182922
3552,10,204,0.21751010417938232
3553,10,205,0.20175056159496307
3554,10,206,0.16419944167137146
3555,10,207,0.15034762024879456
3556,10,208,0.22917011380195618
3557,10,209,0.19553790986537933
3558,10,210,0.21599180996418
3559,10,211,0.24101844429969788
3560,10,212,0.1788325160741806
3561,10,213,0.212357759475708
3562,10,214,0.19268205761909485
3563,10,215,0.18481886386871338
3564,10,216,0.30686748027801514
3565,10,217,0.2055513858795166
3566,10,218,0.22495503723621368
3567,10,219,0.19969700276851654
3568,10,220,0.17429029941558838
3569,10,221,0.18113824725151062
3570,10,222,0.27221745252609253
3571,10,223,0.23436899483203888
3572,10,224,0.19918137788772583
3573,10,225,0.2692963480949402
3574,10,226,0.23237629234790802
3575,10,227,0.19351424276828766
3576,10,228,0.22565647959709167
3577,10,229,0.1899322122335434
3578,10,230,0.1981617510318756
3579,10,231,0.1906786859035492
3580,10,232,0.19844074547290802
3581,10,233,0.1911429911851883
3582,10,234,0.19769874215126038
3583,10,235,0.19825157523155212
3584,10,236,0.20242783427238464
3585,10,237,0.15203528106212616
3586,10,238,0.2209886610507965
3587,10,239,0.20045897364616394
3588,10,240,0.17100673913955688
3589,10,241,0.16056983172893524
3590,10,242,0.2068995237350464
3591,10,243,0.22850839793682098
3592,10,244,0.17300331592559814
3593,10,245,0.2153387814760208
3594,10,246,0.14832822978496552
3595,10,247,0.17670337855815887
3596,10,248,0.1628083884716034
3597,10,249,0.19146226346492767
3598,10,250,0.23009581863880157
3599,10,251,0.19908133149147034
3600,10,252,0.22786864638328552
3601,10,253,0.23186051845550537
3602,10,254,0.15918806195259094
3603,10,255,0.21345508098602295
3604,10,256,0.18711182475090027
3605,10,257,0.23618564009666443
3606,10,258,0.1829417645931244
3607,10,259,0.22931893169879913
3608,10,260,0.15622320771217346
3609,10,261,0.1857699453830719
3610,10,262,0.15371853113174438
3611,10,263,0.17247501015663147
3612,10,264,0.1986670047044754
3613,10,265,0.19723911583423615
3614,10,266,0.22787757217884064
3615,10,267,0.19150444865226746
3616,10,268,0.29311367869377136
3617,10,269,0.17648431658744812
3618,10,270,0.17485880851745605
3619,10,271,0.22185125946998596
3620,10,272,0.1828002631664276
3621,10,273,0.18969926238059998
3622,10,274,0.1743270456790924
3623,10,275,0.19893820583820343
3624,10,276,0.19606010615825653
3625,10,277,0.16727492213249207
3626,10,278,0.16921856999397278
3627,10,279,0.16849170625209808
3628,10,280,0.2020915448665619
3629,10,281,0.1458176076412201
3630,10,282,0.25336742401123047
3631,10,283,0.2139676809310913
3632,10,284,0.17504706978797913
3633,10,285,0.16109967231750488
3634,10,286,0.20125389099121094
3635,10,287,0.18339388072490692
3636,10,288,0.1833481341600418
3637,10,289,0.1951368749141693
3638,10,290,0.15984982252120972
3639,10,291,0.13967600464820862
3640,10,292,0.23285694420337677
3641,10,293,0.24652895331382751
3642,10,294,0.18008953332901
3643,10,295,0.18683457374572754
3644,10,296,0.19641709327697754
3645,10,297,0.2102847546339035
3646,10,298,0.173036590218544
3647,10,299,0.1517558991909027
3648,10,300,0.1794239580631256
3649,10,301,0.18990519642829895
3650,10,302,0.21441206336021423
3651,10,303,0.14266753196716309
3652,10,304,0.2145298421382904
3653,10,305,0.21335017681121826
3654,10,306,0.21192216873168945
3655,10,307,0.17516067624092102
3656,10,308,0.2143612802028656
3657,10,309,0.22679662704467773
3658,10,310,0.17335191369056702
3659,10,311,0.178853839635849
3660,10,312,0.180171400308609
3661,10,313,0.20491257309913635
3662,10,314,0.18836835026741028
3663,10,315,0.1955443173646927
3664,10,316,0.18219438195228577
3665,10,317,0.2010013610124588
3666,10,318,0.19410516321659088
3667,10,319,0.17306400835514069
3668,10,320,0.22672471404075623
3669,10,321,0.2534545660018921
3670,10,322,0.17930647730827332
3671,10,323,0.19320330023765564
3672,10,324,0.1648368388414383
3673,10,325,0.16414733231067657
3674,10,326,0.15135885775089264
3675,10,327,0.17801102995872498
3676,10,328,0.1771041452884674
3677,10,329,0.2125196009874344
3678,10,330,0.2034364491701126
3679,10,331,0.1720387190580368
3680,10,332,0.17182160913944244
3681,10,333,0.17303749918937683
3682,10,334,0.23491768538951874
3683,10,335,0.17358610033988953
3684,10,336,0.1897181272506714
3685,10,337,0.17392441630363464
3686,10,338,0.19441154599189758
3687,10,339,0.19765327870845795
3688,10,340,0.1924697458744049
3689,10,341,0.18198589980602264
3690,10,342,0.14087939262390137
3691,10,343,0.18836230039596558
3692,10,344,0.17309020459651947
3693,10,345,0.1662980020046234
3694,10,346,0.14627255499362946
3695,10,347,0.19804538786411285
3696,10,348,0.2001844346523285
3697,10,349,0.19448533654212952
3698,10,350,0.19366753101348877
3699,10,351,0.19102133810520172
3700,10,352,0.19904595613479614
3701,10,353,0.1785217821598053
3702,10,354,0.1778145432472229
3703,10,355,0.20818233489990234
3704,10,356,0.21320834755897522
3705,10,357,0.17934229969978333
3706,10,358,0.19587096571922302
3707,10,359,0.17547497153282166
3708,10,360,0.19712723791599274
3709,10,361,0.19257791340351105
3710,10,362,0.1752634197473526
3711,10,363,0.20750792324543
3712,10,364,0.17190112173557281
3713,10,365,0.19704706966876984
3714,10,366,0.20815114676952362
3715,10,367,0.20956511795520782
3716,10,368,0.1559264063835144
3717,10,369,0.23241329193115234
3718,10,370,0.2573440670967102
3719,10,371,0.17656758427619934
3720,10,372,0.21494324505329132
