global_step,epoch,batch,train_loss
1,1,1,3.2908241748809814
2,1,2,3.240156888961792
3,1,3,3.211700439453125
4,1,4,3.180891513824463
5,1,5,3.2151684761047363
6,1,6,3.2140679359436035
7,1,7,3.1255505084991455
8,1,8,3.0981287956237793
9,1,9,3.0955474376678467
10,1,10,3.0221219062805176
11,1,11,3.0483169555664062
12,1,12,3.0178444385528564
13,1,13,2.958746910095215
14,1,14,2.969208002090454
15,1,15,2.9469618797302246
16,1,16,2.955299139022827
17,1,17,2.911560535430908
18,1,18,2.9040379524230957
19,1,19,2.8675246238708496
20,1,20,2.8637819290161133
21,1,21,2.872267007827759
22,1,22,2.8583528995513916
23,1,23,2.827711582183838
24,1,24,2.786564826965332
25,1,25,2.8571319580078125
26,1,26,2.804877281188965
27,1,27,2.774416208267212
28,1,28,2.727545976638794
29,1,29,2.7764573097229004
30,1,30,2.748844861984253
31,1,31,2.781341075897217
32,1,32,2.685459613800049
33,1,33,2.7179036140441895
34,1,34,2.7267425060272217
35,1,35,2.653712034225464
36,1,36,2.661792278289795
37,1,37,2.6513655185699463
38,1,38,2.654158115386963
39,1,39,2.6012961864471436
40,1,40,2.6558713912963867
41,1,41,2.6934309005737305
42,1,42,2.6244096755981445
43,1,43,2.650804042816162
44,1,44,2.5629754066467285
45,1,45,2.699387788772583
46,1,46,2.580362558364868
47,1,47,2.545069456100464
48,1,48,2.578857898712158
49,1,49,2.5007407665252686
50,1,50,2.563066005706787
51,1,51,2.5289533138275146
52,1,52,2.6201300621032715
53,1,53,2.5712270736694336
54,1,54,2.517775774002075
55,1,55,2.5616583824157715
56,1,56,2.571507692337036
57,1,57,2.5436415672302246
58,1,58,2.4474453926086426
59,1,59,2.521888256072998
60,1,60,2.471071243286133
61,1,61,2.4578680992126465
62,1,62,2.5718207359313965
63,1,63,2.4280219078063965
64,1,64,2.5088868141174316
65,1,65,2.4948878288269043
66,1,66,2.4484164714813232
67,1,67,2.3739871978759766
68,1,68,2.4611432552337646
69,1,69,2.4509754180908203
70,1,70,2.4022727012634277
71,1,71,2.4254937171936035
72,1,72,2.431062698364258
73,1,73,2.5293898582458496
74,1,74,2.3598809242248535
75,1,75,2.3569812774658203
76,1,76,2.4247140884399414
77,1,77,2.393500566482544
78,1,78,2.405916929244995
79,1,79,2.4273667335510254
80,1,80,2.3945953845977783
81,1,81,2.4216036796569824
82,1,82,2.3730740547180176
83,1,83,2.369899272918701
84,1,84,2.3281779289245605
85,1,85,2.37178897857666
86,1,86,2.386650562286377
87,1,87,2.345123767852783
88,1,88,2.3322863578796387
89,1,89,2.319699764251709
90,1,90,2.344179153442383
91,1,91,2.3055057525634766
92,1,92,2.383772611618042
93,1,93,2.3375821113586426
94,1,94,2.3180160522460938
95,1,95,2.367668390274048
96,1,96,2.251762628555298
97,1,97,2.41440486907959
98,1,98,2.3130130767822266
99,1,99,2.324420690536499
100,1,100,2.3398029804229736
101,1,101,2.294067144393921
102,1,102,2.320457935333252
103,1,103,2.279548168182373
104,1,104,2.373126268386841
105,1,105,2.2805824279785156
106,1,106,2.2373223304748535
107,1,107,2.3078091144561768
108,1,108,2.2825570106506348
109,1,109,2.3234565258026123
110,1,110,2.246467113494873
111,1,111,2.244502067565918
112,1,112,2.3544907569885254
113,1,113,2.25140643119812
114,1,114,2.25388765335083
115,1,115,2.219550848007202
116,1,116,2.294933795928955
117,1,117,2.3543200492858887
118,1,118,2.309447765350342
119,1,119,2.295651912689209
120,1,120,2.2712209224700928
121,1,121,2.2109694480895996
122,1,122,2.2261483669281006
123,1,123,2.27167010307312
124,1,124,2.2583770751953125
125,1,125,2.19958233833313
126,1,126,2.2693591117858887
127,1,127,2.3235549926757812
128,1,128,2.222376585006714
129,1,129,2.367501735687256
130,1,130,2.2197232246398926
131,1,131,2.311363697052002
132,1,132,2.2444522380828857
133,1,133,2.213087558746338
134,1,134,2.216101884841919
135,1,135,2.3015799522399902
136,1,136,2.179720401763916
137,1,137,2.2416329383850098
138,1,138,2.28286075592041
139,1,139,2.2052950859069824
140,1,140,2.2336409091949463
141,1,141,2.15604305267334
142,1,142,2.2343850135803223
143,1,143,2.2559940814971924
144,1,144,2.1777288913726807
145,1,145,2.259431838989258
146,1,146,2.2282824516296387
147,1,147,2.2051899433135986
148,1,148,2.1759684085845947
149,1,149,2.168455123901367
150,1,150,2.2061378955841064
151,1,151,2.124615430831909
152,1,152,2.1441762447357178
153,1,153,2.2530927658081055
154,1,154,2.17482590675354
155,1,155,2.2233662605285645
156,1,156,2.281733751296997
157,1,157,2.1813151836395264
158,1,158,2.133791446685791
159,1,159,2.186135768890381
160,1,160,2.3073017597198486
161,1,161,2.2297816276550293
162,1,162,2.1867916584014893
163,1,163,2.1846365928649902
164,1,164,2.1886699199676514
165,1,165,2.193033218383789
166,1,166,2.216688632965088
167,1,167,2.153071880340576
168,1,168,2.153259754180908
169,1,169,2.1207079887390137
170,1,170,2.1783370971679688
171,1,171,2.20878267288208
172,1,172,2.1377711296081543
173,1,173,2.167847156524658
174,1,174,2.1493260860443115
175,1,175,2.1534104347229004
176,1,176,2.1421968936920166
177,1,177,2.097338914871216
178,1,178,2.1506290435791016
179,1,179,2.165586471557617
180,1,180,2.1245739459991455
181,1,181,2.095458984375
182,1,182,2.1374287605285645
183,1,183,2.1164143085479736
184,1,184,2.1165318489074707
185,1,185,2.1401329040527344
186,1,186,2.1091954708099365
187,1,187,2.1775002479553223
188,1,188,2.1323885917663574
189,1,189,2.1147260665893555
190,1,190,2.1381945610046387
191,1,191,2.064305067062378
192,1,192,2.1341264247894287
193,1,193,2.136380672454834
194,1,194,2.2479195594787598
195,1,195,2.1611602306365967
196,1,196,2.086012125015259
197,1,197,2.111995220184326
198,1,198,2.1319966316223145
199,1,199,2.098590850830078
200,1,200,2.0656049251556396
201,1,201,2.133606433868408
202,1,202,2.0989441871643066
203,1,203,2.1320526599884033
204,1,204,2.1417160034179688
205,1,205,2.1175217628479004
206,1,206,2.1175711154937744
207,1,207,2.2449898719787598
208,1,208,2.1170902252197266
209,1,209,2.0859646797180176
210,1,210,2.034912109375
211,1,211,2.1033542156219482
212,1,212,2.0969860553741455
213,1,213,2.033123731613159
214,1,214,2.0776538848876953
215,1,215,2.0277810096740723
216,1,216,2.067094564437866
217,1,217,2.1163859367370605
218,1,218,2.0426485538482666
219,1,219,2.0896334648132324
220,1,220,2.1568150520324707
221,1,221,2.0871927738189697
222,1,222,2.022899866104126
223,1,223,2.1050167083740234
224,1,224,2.021756649017334
225,1,225,2.2804455757141113
226,1,226,2.0624148845672607
227,1,227,2.1798322200775146
228,1,228,2.0656790733337402
229,1,229,2.102482318878174
230,1,230,2.1330065727233887
231,1,231,2.007643222808838
232,1,232,2.134080410003662
233,1,233,2.0743024349212646
234,1,234,2.0366005897521973
235,1,235,2.116000175476074
236,1,236,2.0356037616729736
237,1,237,2.0500683784484863
238,1,238,2.0255980491638184
239,1,239,2.1199488639831543
240,1,240,2.032538890838623
241,1,241,2.131049156188965
242,1,242,2.009449005126953
243,1,243,2.02276611328125
244,1,244,2.0452218055725098
245,1,245,1.982792615890503
246,1,246,2.032914876937866
247,1,247,1.9893537759780884
248,1,248,2.059098243713379
249,1,249,1.989010214805603
250,1,250,2.0120856761932373
251,1,251,2.0664875507354736
252,1,252,2.0166611671447754
253,1,253,2.0509753227233887
254,1,254,1.9955594539642334
255,1,255,2.0185163021087646
256,1,256,1.9494088888168335
257,1,257,2.056633472442627
258,1,258,2.038344621658325
259,1,259,2.070470094680786
260,1,260,2.0089809894561768
261,1,261,1.9988340139389038
262,1,262,2.050208806991577
263,1,263,1.997161865234375
264,1,264,1.9822429418563843
265,1,265,1.9907280206680298
266,1,266,2.068150758743286
267,1,267,2.050095796585083
268,1,268,2.014693260192871
269,1,269,1.9923231601715088
270,1,270,1.9831087589263916
271,1,271,1.990173101425171
272,1,272,2.0459907054901123
273,1,273,2.0608069896698
274,1,274,1.9672075510025024
275,1,275,1.9257478713989258
276,1,276,2.0339226722717285
277,1,277,1.9756319522857666
278,1,278,1.979864478111267
279,1,279,2.0994319915771484
280,1,280,1.9671484231948853
281,1,281,2.0419938564300537
282,1,282,2.017514705657959
283,1,283,1.9978793859481812
284,1,284,2.057356357574463
285,1,285,2.0039541721343994
286,1,286,1.957105278968811
287,1,287,1.9355405569076538
288,1,288,2.0015499591827393
289,1,289,2.040578842163086
290,1,290,2.0731022357940674
291,1,291,1.9872562885284424
292,1,292,1.9866701364517212
293,1,293,2.0016636848449707
294,1,294,2.0078372955322266
295,1,295,1.9846349954605103
296,1,296,2.003025531768799
297,1,297,1.9407355785369873
298,1,298,1.9895578622817993
299,1,299,2.0084474086761475
300,1,300,1.9729852676391602
301,1,301,1.9062976837158203
302,1,302,1.983215570449829
303,1,303,2.01688551902771
304,1,304,1.9875402450561523
305,1,305,1.995912790298462
306,1,306,1.9119304418563843
307,1,307,1.9334243535995483
308,1,308,2.0114898681640625
309,1,309,2.062351703643799
310,1,310,1.9930365085601807
311,1,311,1.9960311651229858
312,1,312,1.9562219381332397
313,1,313,1.973863959312439
314,1,314,1.9625613689422607
315,1,315,1.9905986785888672
316,1,316,1.9639673233032227
317,1,317,1.978655457496643
318,1,318,1.9979219436645508
319,1,319,1.9814590215682983
320,1,320,1.9314855337142944
321,1,321,1.9886913299560547
322,1,322,2.0164694786071777
323,1,323,1.9643911123275757
324,1,324,2.0357213020324707
325,1,325,1.9340343475341797
326,1,326,1.9203388690948486
327,1,327,1.965447187423706
328,1,328,2.119471788406372
329,1,329,1.9538774490356445
330,1,330,1.9638636112213135
331,1,331,1.969926118850708
332,1,332,1.9374374151229858
333,1,333,1.9761089086532593
334,1,334,1.9361274242401123
335,1,335,1.9074604511260986
336,1,336,1.9585802555084229
337,1,337,2.016180992126465
338,1,338,1.978865623474121
339,1,339,2.0955398082733154
340,1,340,1.9095914363861084
341,1,341,1.9948333501815796
342,1,342,1.965153455734253
343,1,343,1.9379390478134155
344,1,344,1.978968620300293
345,1,345,1.9457228183746338
346,1,346,1.8857558965682983
347,1,347,1.9790712594985962
348,1,348,1.9340521097183228
349,1,349,1.9917457103729248
350,1,350,1.9523437023162842
351,1,351,1.8575414419174194
352,1,352,1.9603636264801025
353,1,353,1.9464610815048218
354,1,354,1.9278390407562256
355,1,355,2.089709997177124
356,1,356,1.9219467639923096
357,1,357,1.9481942653656006
358,1,358,1.993239164352417
359,1,359,1.8892784118652344
360,1,360,1.9446138143539429
361,1,361,1.92874014377594
362,1,362,1.9278723001480103
363,1,363,1.9168469905853271
364,1,364,2.0436487197875977
365,1,365,1.9758716821670532
366,1,366,1.9318478107452393
367,1,367,1.9145599603652954
368,1,368,1.8560402393341064
369,1,369,1.923635482788086
370,1,370,1.9263648986816406
371,1,371,1.9168939590454102
372,1,372,2.0378053188323975
373,2,1,1.9487003087997437
374,2,2,1.9000608921051025
375,2,3,1.8645464181900024
376,2,4,1.8726646900177002
377,2,5,1.8549978733062744
378,2,6,1.876983642578125
379,2,7,1.8420307636260986
380,2,8,1.996011734008789
381,2,9,1.864373803138733
382,2,10,1.9308335781097412
383,2,11,1.9320309162139893
384,2,12,1.9201732873916626
385,2,13,1.9295698404312134
386,2,14,1.8861128091812134
387,2,15,1.9295778274536133
388,2,16,1.890533447265625
389,2,17,1.866586685180664
390,2,18,1.9119151830673218
391,2,19,1.915743112564087
392,2,20,2.071945905685425
393,2,21,1.8776042461395264
394,2,22,1.866654634475708
395,2,23,1.9168834686279297
396,2,24,1.9602692127227783
397,2,25,1.9524877071380615
398,2,26,1.8793079853057861
399,2,27,1.8992156982421875
400,2,28,1.8860161304473877
401,2,29,1.8795324563980103
402,2,30,1.8496395349502563
403,2,31,1.9329426288604736
404,2,32,1.8785396814346313
405,2,33,1.8933881521224976
406,2,34,1.8853566646575928
407,2,35,1.9168977737426758
408,2,36,1.8693679571151733
409,2,37,1.8510138988494873
410,2,38,1.9353471994400024
411,2,39,1.878482460975647
412,2,40,1.9286130666732788
413,2,41,1.9385732412338257
414,2,42,1.9071546792984009
415,2,43,1.9179750680923462
416,2,44,1.8348861932754517
417,2,45,1.8768641948699951
418,2,46,1.823653221130371
419,2,47,1.8678600788116455
420,2,48,1.8304424285888672
421,2,49,1.7877438068389893
422,2,50,1.870151162147522
423,2,51,1.8474432229995728
424,2,52,1.9252536296844482
425,2,53,1.9343376159667969
426,2,54,1.839626669883728
427,2,55,1.8525524139404297
428,2,56,1.8681026697158813
429,2,57,1.9164994955062866
430,2,58,1.892295479774475
431,2,59,1.9289445877075195
432,2,60,1.9096858501434326
433,2,61,1.9044948816299438
434,2,62,1.8178237676620483
435,2,63,1.885839819908142
436,2,64,1.907780408859253
437,2,65,1.907674789428711
438,2,66,1.9200910329818726
439,2,67,1.8575060367584229
440,2,68,1.8846685886383057
441,2,69,1.8656604290008545
442,2,70,1.8860775232315063
443,2,71,1.8915154933929443
444,2,72,1.8193765878677368
445,2,73,1.8845255374908447
446,2,74,1.8415416479110718
447,2,75,1.8852653503417969
448,2,76,1.8074181079864502
449,2,77,1.868554711341858
450,2,78,1.9298416376113892
451,2,79,1.833416223526001
452,2,80,1.8532902002334595
453,2,81,2.014655590057373
454,2,82,1.8459179401397705
455,2,83,1.8349872827529907
456,2,84,1.8229849338531494
457,2,85,1.8437550067901611
458,2,86,1.9310531616210938
459,2,87,1.7782987356185913
460,2,88,1.8384978771209717
461,2,89,1.8968671560287476
462,2,90,1.8715919256210327
463,2,91,1.8484337329864502
464,2,92,1.8932756185531616
465,2,93,1.8393728733062744
466,2,94,1.9210808277130127
467,2,95,1.8674653768539429
468,2,96,1.802210807800293
469,2,97,1.8498256206512451
470,2,98,1.8376916646957397
471,2,99,1.9050449132919312
472,2,100,1.8392398357391357
473,2,101,1.792686104774475
474,2,102,1.8641389608383179
475,2,103,1.8169457912445068
476,2,104,1.8459103107452393
477,2,105,1.9513604640960693
478,2,106,1.8597888946533203
479,2,107,1.8629372119903564
480,2,108,1.9154319763183594
481,2,109,1.7993112802505493
482,2,110,1.827728033065796
483,2,111,1.8094432353973389
484,2,112,1.856128454208374
485,2,113,1.78915274143219
486,2,114,1.8386380672454834
487,2,115,1.8479042053222656
488,2,116,1.839111566543579
489,2,117,1.808799386024475
490,2,118,1.82418692111969
491,2,119,1.8604495525360107
492,2,120,1.8092352151870728
493,2,121,1.8165111541748047
494,2,122,1.8719546794891357
495,2,123,1.8139969110488892
496,2,124,1.8291866779327393
497,2,125,1.7516893148422241
498,2,126,1.8342663049697876
499,2,127,1.8029695749282837
500,2,128,1.7836958169937134
501,2,129,1.876023292541504
502,2,130,1.8457672595977783
503,2,131,1.834969162940979
504,2,132,1.8232454061508179
505,2,133,1.804633378982544
506,2,134,1.9330284595489502
507,2,135,1.8733457326889038
508,2,136,1.867089033126831
509,2,137,1.8372843265533447
510,2,138,1.78388249874115
511,2,139,1.8027187585830688
512,2,140,1.7443428039550781
513,2,141,1.824083924293518
514,2,142,1.8817365169525146
515,2,143,1.8431637287139893
516,2,144,1.8758611679077148
517,2,145,1.8166688680648804
518,2,146,1.7964155673980713
519,2,147,1.818558692932129
520,2,148,1.8521925210952759
521,2,149,1.8100398778915405
522,2,150,1.7717796564102173
523,2,151,1.8277003765106201
524,2,152,1.7371259927749634
525,2,153,1.7920621633529663
526,2,154,1.9904476404190063
527,2,155,1.7925338745117188
528,2,156,1.8449466228485107
529,2,157,1.7548261880874634
530,2,158,1.8002849817276
531,2,159,1.836229920387268
532,2,160,1.8372348546981812
533,2,161,1.8695666790008545
534,2,162,1.7153797149658203
535,2,163,1.7412521839141846
536,2,164,1.8409570455551147
537,2,165,1.9172232151031494
538,2,166,1.765191674232483
539,2,167,1.8966214656829834
540,2,168,1.7683494091033936
541,2,169,1.7968270778656006
542,2,170,1.8091331720352173
543,2,171,1.7967036962509155
544,2,172,1.745383858680725
545,2,173,1.7490723133087158
546,2,174,1.8123458623886108
547,2,175,1.8170477151870728
548,2,176,1.7547725439071655
549,2,177,1.7855708599090576
550,2,178,1.8407127857208252
551,2,179,1.802849531173706
552,2,180,1.8191344738006592
553,2,181,1.8958545923233032
554,2,182,1.8106110095977783
555,2,183,1.7828060388565063
556,2,184,1.753719687461853
557,2,185,1.837918996810913
558,2,186,1.9445130825042725
559,2,187,1.8016189336776733
560,2,188,1.7363040447235107
561,2,189,1.7386977672576904
562,2,190,1.7970860004425049
563,2,191,1.8584197759628296
564,2,192,1.7685766220092773
565,2,193,1.837948203086853
566,2,194,1.8178974390029907
567,2,195,1.8501695394515991
568,2,196,1.8067165613174438
569,2,197,1.92959725856781
570,2,198,1.864061713218689
571,2,199,1.8103793859481812
572,2,200,1.7092647552490234
573,2,201,1.8183963298797607
574,2,202,1.7764813899993896
575,2,203,1.8088505268096924
576,2,204,1.758920431137085
577,2,205,1.784494161605835
578,2,206,1.830987572669983
579,2,207,1.7536513805389404
580,2,208,1.87177312374115
581,2,209,1.8376531600952148
582,2,210,1.8210270404815674
583,2,211,1.7942655086517334
584,2,212,1.7787185907363892
585,2,213,1.7579883337020874
586,2,214,1.8086769580841064
587,2,215,1.798850655555725
588,2,216,1.75652277469635
589,2,217,1.7363210916519165
590,2,218,1.8451284170150757
591,2,219,1.7939876317977905
592,2,220,1.791062355041504
593,2,221,1.756960153579712
594,2,222,1.76520574092865
595,2,223,1.7303186655044556
596,2,224,1.9182058572769165
597,2,225,1.9056942462921143
598,2,226,1.8493587970733643
599,2,227,1.7660108804702759
600,2,228,1.8209025859832764
601,2,229,1.7723451852798462
602,2,230,1.830317735671997
603,2,231,1.7602040767669678
604,2,232,1.7523183822631836
605,2,233,1.745330810546875
606,2,234,1.8207448720932007
607,2,235,1.7390432357788086
608,2,236,1.7527462244033813
609,2,237,1.746447205543518
610,2,238,1.727404236793518
611,2,239,1.7428760528564453
612,2,240,1.8397821187973022
613,2,241,1.712344765663147
614,2,242,1.7372217178344727
615,2,243,1.8482978343963623
616,2,244,1.7433750629425049
617,2,245,1.7530800104141235
618,2,246,1.727704644203186
619,2,247,1.7339872121810913
620,2,248,1.7050883769989014
621,2,249,1.7546889781951904
622,2,250,1.7640269994735718
623,2,251,1.7759981155395508
624,2,252,1.7976983785629272
625,2,253,1.7678601741790771
626,2,254,1.7200658321380615
627,2,255,1.7638885974884033
628,2,256,1.7961368560791016
629,2,257,1.7317116260528564
630,2,258,1.7765100002288818
631,2,259,1.7227084636688232
632,2,260,1.9561439752578735
633,2,261,1.7435880899429321
634,2,262,1.672659158706665
635,2,263,1.7497942447662354
636,2,264,1.7018791437149048
637,2,265,1.7234808206558228
638,2,266,1.7970333099365234
639,2,267,1.7405312061309814
640,2,268,1.6841881275177002
641,2,269,1.8160135746002197
642,2,270,1.8206121921539307
643,2,271,1.6706711053848267
644,2,272,1.7283624410629272
645,2,273,1.7087814807891846
646,2,274,1.690809965133667
647,2,275,1.7475534677505493
648,2,276,1.7183313369750977
649,2,277,1.7895877361297607
650,2,278,1.884497046470642
651,2,279,1.8103042840957642
652,2,280,1.7369766235351562
653,2,281,1.7040141820907593
654,2,282,1.8134486675262451
655,2,283,1.8371661901474
656,2,284,1.7485536336898804
657,2,285,1.7413498163223267
658,2,286,1.744773268699646
659,2,287,1.7224740982055664
660,2,288,1.7384612560272217
661,2,289,1.6788661479949951
662,2,290,1.7901532649993896
663,2,291,1.7122046947479248
664,2,292,1.7376409769058228
665,2,293,1.7390743494033813
666,2,294,1.7860536575317383
667,2,295,1.776500940322876
668,2,296,1.6948392391204834
669,2,297,1.7023496627807617
670,2,298,1.7719312906265259
671,2,299,1.7579355239868164
672,2,300,1.6756887435913086
673,2,301,1.7392075061798096
674,2,302,1.760441541671753
675,2,303,1.6761022806167603
676,2,304,1.6745977401733398
677,2,305,1.7218151092529297
678,2,306,1.6818554401397705
679,2,307,1.7480261325836182
680,2,308,1.798128366470337
681,2,309,1.7536407709121704
682,2,310,1.6845470666885376
683,2,311,1.7426393032073975
684,2,312,1.770225167274475
685,2,313,1.8049261569976807
686,2,314,1.6829566955566406
687,2,315,1.7141997814178467
688,2,316,1.7677574157714844
689,2,317,1.6705095767974854
690,2,318,1.7979087829589844
691,2,319,1.7291147708892822
692,2,320,1.7254703044891357
693,2,321,1.7371047735214233
694,2,322,1.750121831893921
695,2,323,1.8029464483261108
696,2,324,1.7688214778900146
697,2,325,1.6791679859161377
698,2,326,1.81121027469635
699,2,327,1.69606614112854
700,2,328,1.7772775888442993
701,2,329,1.7357776165008545
702,2,330,1.7261202335357666
703,2,331,1.7138751745224
704,2,332,1.766344428062439
705,2,333,1.7524144649505615
706,2,334,1.7369384765625
707,2,335,1.6568098068237305
708,2,336,1.7448259592056274
709,2,337,1.7516247034072876
710,2,338,1.7354971170425415
711,2,339,1.6648979187011719
712,2,340,1.750256896018982
713,2,341,1.8660691976547241
714,2,342,1.6760194301605225
715,2,343,1.647233247756958
716,2,344,1.7508996725082397
717,2,345,1.7747528553009033
718,2,346,1.6911647319793701
719,2,347,1.6659198999404907
720,2,348,1.6846857070922852
721,2,349,1.7438808679580688
722,2,350,1.6833347082138062
723,2,351,1.7163560390472412
724,2,352,1.6528444290161133
725,2,353,1.678810477256775
726,2,354,1.722837209701538
727,2,355,1.6624622344970703
728,2,356,1.7293827533721924
729,2,357,1.7186048030853271
730,2,358,1.6330829858779907
731,2,359,1.7118275165557861
732,2,360,1.6819708347320557
733,2,361,1.704296350479126
734,2,362,1.6799037456512451
735,2,363,1.6527076959609985
736,2,364,1.7916533946990967
737,2,365,1.6541694402694702
738,2,366,1.812711477279663
739,2,367,1.6977618932724
740,2,368,1.7248284816741943
741,2,369,1.7061020135879517
742,2,370,1.6517448425292969
743,2,371,1.7275235652923584
744,2,372,1.7183140516281128
745,3,1,1.6587600708007812
746,3,2,1.7207489013671875
747,3,3,1.6716845035552979
748,3,4,1.6428253650665283
749,3,5,1.7386090755462646
750,3,6,1.6490103006362915
751,3,7,1.6952686309814453
752,3,8,1.6513493061065674
753,3,9,1.7243988513946533
754,3,10,1.7213728427886963
755,3,11,1.6452594995498657
756,3,12,1.7291902303695679
757,3,13,1.6974601745605469
758,3,14,1.7201827764511108
759,3,15,1.6997897624969482
760,3,16,1.6375939846038818
761,3,17,1.7120383977890015
762,3,18,1.6227391958236694
763,3,19,1.6746095418930054
764,3,20,1.6310985088348389
765,3,21,1.6608638763427734
766,3,22,1.7027002573013306
767,3,23,1.7202465534210205
768,3,24,1.6604963541030884
769,3,25,1.5922532081604004
770,3,26,1.6732232570648193
771,3,27,1.7814737558364868
772,3,28,1.7184979915618896
773,3,29,1.741647720336914
774,3,30,1.6704816818237305
775,3,31,1.682085394859314
776,3,32,1.6471281051635742
777,3,33,1.6300477981567383
778,3,34,1.7113577127456665
779,3,35,1.689131498336792
780,3,36,1.7199987173080444
781,3,37,1.6497924327850342
782,3,38,1.7171064615249634
783,3,39,1.6199849843978882
784,3,40,1.7470571994781494
785,3,41,1.7469457387924194
786,3,42,1.6033239364624023
787,3,43,1.6371738910675049
788,3,44,1.6725105047225952
789,3,45,1.6620452404022217
790,3,46,1.6763969659805298
791,3,47,1.6579720973968506
792,3,48,1.6135326623916626
793,3,49,1.6650187969207764
794,3,50,1.6264845132827759
795,3,51,1.6616519689559937
796,3,52,1.6788485050201416
797,3,53,1.6371185779571533
798,3,54,1.6761696338653564
799,3,55,1.766417145729065
800,3,56,1.630305290222168
801,3,57,1.6182019710540771
802,3,58,1.5899670124053955
803,3,59,1.603152871131897
804,3,60,1.6541664600372314
805,3,61,1.6492023468017578
806,3,62,1.5844495296478271
807,3,63,1.6674035787582397
808,3,64,1.666074514389038
809,3,65,1.798450231552124
810,3,66,1.655495285987854
811,3,67,1.656243085861206
812,3,68,1.7303546667099
813,3,69,1.6537492275238037
814,3,70,1.6137250661849976
815,3,71,1.674994707107544
816,3,72,1.6475038528442383
817,3,73,1.5854132175445557
818,3,74,1.6291577816009521
819,3,75,1.6005058288574219
820,3,76,1.6053845882415771
821,3,77,1.6314475536346436
822,3,78,1.5820817947387695
823,3,79,1.6438157558441162
824,3,80,1.6439330577850342
825,3,81,1.6352722644805908
826,3,82,1.5907976627349854
827,3,83,1.6914688348770142
828,3,84,1.642189383506775
829,3,85,1.7308073043823242
830,3,86,1.633751630783081
831,3,87,1.623631238937378
832,3,88,1.669746994972229
833,3,89,1.6274707317352295
834,3,90,1.6254780292510986
835,3,91,1.5820668935775757
836,3,92,1.6143642663955688
837,3,93,1.7131521701812744
838,3,94,1.6639575958251953
839,3,95,1.6279592514038086
840,3,96,1.599733591079712
841,3,97,1.6762478351593018
842,3,98,1.5730770826339722
843,3,99,1.6608219146728516
844,3,100,1.6273138523101807
845,3,101,1.5832664966583252
846,3,102,1.6272802352905273
847,3,103,1.6316423416137695
848,3,104,1.6164214611053467
849,3,105,1.6408052444458008
850,3,106,1.670789361000061
851,3,107,1.5716063976287842
852,3,108,1.5770089626312256
853,3,109,1.597690224647522
854,3,110,1.6079282760620117
855,3,111,1.6346557140350342
856,3,112,1.6483891010284424
857,3,113,1.6738204956054688
858,3,114,1.6136127710342407
859,3,115,1.6921590566635132
860,3,116,1.644876480102539
861,3,117,1.6037161350250244
862,3,118,1.584765076637268
863,3,119,1.6120580434799194
864,3,120,1.5975160598754883
865,3,121,1.607155203819275
866,3,122,1.601727843284607
867,3,123,1.6421703100204468
868,3,124,1.5943220853805542
869,3,125,1.6321007013320923
870,3,126,1.6867091655731201
871,3,127,1.5674670934677124
872,3,128,1.6834630966186523
873,3,129,1.6259740591049194
874,3,130,1.6532585620880127
875,3,131,1.5579580068588257
876,3,132,1.6366558074951172
877,3,133,1.606031060218811
878,3,134,1.5896413326263428
879,3,135,1.5894906520843506
880,3,136,1.6038707494735718
881,3,137,1.5857188701629639
882,3,138,1.5727038383483887
883,3,139,1.5982296466827393
884,3,140,1.6969337463378906
885,3,141,1.6414960622787476
886,3,142,1.5718352794647217
887,3,143,1.7190335988998413
888,3,144,1.6336891651153564
889,3,145,1.609853982925415
890,3,146,1.594383716583252
891,3,147,1.5036686658859253
892,3,148,1.6170612573623657
893,3,149,1.6059337854385376
894,3,150,1.5440526008605957
895,3,151,1.6472218036651611
896,3,152,1.6043968200683594
897,3,153,1.5917541980743408
898,3,154,1.5857104063034058
899,3,155,1.560110092163086
900,3,156,1.6366260051727295
901,3,157,1.6783596277236938
902,3,158,1.618783950805664
903,3,159,1.6184203624725342
904,3,160,1.6039314270019531
905,3,161,1.6002203226089478
906,3,162,1.5943881273269653
907,3,163,1.5799506902694702
908,3,164,1.6163263320922852
909,3,165,1.6450144052505493
910,3,166,1.6109787225723267
911,3,167,1.5572725534439087
912,3,168,1.5631401538848877
913,3,169,1.6117172241210938
914,3,170,1.7003183364868164
915,3,171,1.602452039718628
916,3,172,1.5488002300262451
917,3,173,1.6346681118011475
918,3,174,1.6218023300170898
919,3,175,1.690114974975586
920,3,176,1.631670355796814
921,3,177,1.5280771255493164
922,3,178,1.5576595067977905
923,3,179,1.6257565021514893
924,3,180,1.590840220451355
925,3,181,1.604922890663147
926,3,182,1.5792392492294312
927,3,183,1.654853105545044
928,3,184,1.6762117147445679
929,3,185,1.577335000038147
930,3,186,1.5350490808486938
931,3,187,1.5287004709243774
932,3,188,1.6267309188842773
933,3,189,1.5474997758865356
934,3,190,1.5673303604125977
935,3,191,1.5649168491363525
936,3,192,1.6781432628631592
937,3,193,1.5711523294448853
938,3,194,1.6156976222991943
939,3,195,1.650320053100586
940,3,196,1.606915831565857
941,3,197,1.6210062503814697
942,3,198,1.5352765321731567
943,3,199,1.5764610767364502
944,3,200,1.6228164434432983
945,3,201,1.5567467212677002
946,3,202,1.5962917804718018
947,3,203,1.57654869556427
948,3,204,1.5573594570159912
949,3,205,1.6101576089859009
950,3,206,1.5353500843048096
951,3,207,1.547098159790039
952,3,208,1.6146957874298096
953,3,209,1.5616309642791748
954,3,210,1.5871562957763672
955,3,211,1.6809059381484985
956,3,212,1.6123214960098267
957,3,213,1.5984798669815063
958,3,214,1.616416573524475
959,3,215,1.5713459253311157
960,3,216,1.6018089056015015
961,3,217,1.5398402214050293
962,3,218,1.583406686782837
963,3,219,1.5610690116882324
964,3,220,1.5587950944900513
965,3,221,1.6440728902816772
966,3,222,1.6023194789886475
967,3,223,1.5496914386749268
968,3,224,1.5510413646697998
969,3,225,1.5482856035232544
970,3,226,1.5690398216247559
971,3,227,1.626434087753296
972,3,228,1.5898923873901367
973,3,229,1.5683226585388184
974,3,230,1.5858395099639893
975,3,231,1.592110514640808
976,3,232,1.5844132900238037
977,3,233,1.5005533695220947
978,3,234,1.663985252380371
979,3,235,1.5502172708511353
980,3,236,1.5554916858673096
981,3,237,1.5494545698165894
982,3,238,1.496993064880371
983,3,239,1.6224641799926758
984,3,240,1.5672250986099243
985,3,241,1.5288922786712646
986,3,242,1.5812084674835205
987,3,243,1.6499618291854858
988,3,244,1.5115004777908325
989,3,245,1.5681071281433105
990,3,246,1.646716833114624
991,3,247,1.5875627994537354
992,3,248,1.585671305656433
993,3,249,1.5789175033569336
994,3,250,1.6523234844207764
995,3,251,1.5932624340057373
996,3,252,1.5500967502593994
997,3,253,1.5499680042266846
998,3,254,1.522308111190796
999,3,255,1.6761786937713623
1000,3,256,1.5759305953979492
1001,3,257,1.5589914321899414
1002,3,258,1.5317699909210205
1003,3,259,1.5512902736663818
1004,3,260,1.556496262550354
1005,3,261,1.6501401662826538
1006,3,262,1.523647665977478
1007,3,263,1.580549955368042
1008,3,264,1.5352996587753296
1009,3,265,1.5592554807662964
1010,3,266,1.5690128803253174
1011,3,267,1.605614423751831
1012,3,268,1.5314632654190063
1013,3,269,1.580315351486206
1014,3,270,1.5795328617095947
1015,3,271,1.6377174854278564
1016,3,272,1.5194700956344604
1017,3,273,1.5259379148483276
1018,3,274,1.4980542659759521
1019,3,275,1.5162327289581299
1020,3,276,1.5613409280776978
1021,3,277,1.521828532218933
1022,3,278,1.5323783159255981
1023,3,279,1.5500692129135132
1024,3,280,1.5262640714645386
1025,3,281,1.5960909128189087
1026,3,282,1.6230533123016357
1027,3,283,1.5942678451538086
1028,3,284,1.5339558124542236
1029,3,285,1.5463396310806274
1030,3,286,1.5970171689987183
1031,3,287,1.6219470500946045
1032,3,288,1.5798121690750122
1033,3,289,1.6106973886489868
1034,3,290,1.5277912616729736
1035,3,291,1.5490660667419434
1036,3,292,1.4937994480133057
1037,3,293,1.549544334411621
1038,3,294,1.5649354457855225
1039,3,295,1.5062497854232788
1040,3,296,1.569899082183838
1041,3,297,1.5682481527328491
1042,3,298,1.4987154006958008
1043,3,299,1.6462876796722412
1044,3,300,1.5438233613967896
1045,3,301,1.5564243793487549
1046,3,302,1.5676469802856445
1047,3,303,1.555722951889038
1048,3,304,1.5137358903884888
1049,3,305,1.5962263345718384
1050,3,306,1.5308077335357666
1051,3,307,1.606646180152893
1052,3,308,1.5558159351348877
1053,3,309,1.518434762954712
1054,3,310,1.5400807857513428
1055,3,311,1.5357729196548462
1056,3,312,1.5025709867477417
1057,3,313,1.562073826789856
1058,3,314,1.5114887952804565
1059,3,315,1.5189669132232666
1060,3,316,1.6298694610595703
1061,3,317,1.7122116088867188
1062,3,318,1.5309292078018188
1063,3,319,1.5122977495193481
1064,3,320,1.5277926921844482
1065,3,321,1.5002901554107666
1066,3,322,1.6404815912246704
1067,3,323,1.5068700313568115
1068,3,324,1.4658905267715454
1069,3,325,1.5136487483978271
1070,3,326,1.5408761501312256
1071,3,327,1.4863147735595703
1072,3,328,1.535782814025879
1073,3,329,1.613031029701233
1074,3,330,1.6181389093399048
1075,3,331,1.538605809211731
1076,3,332,1.5541987419128418
1077,3,333,1.5354108810424805
1078,3,334,1.5034685134887695
1079,3,335,1.5057246685028076
1080,3,336,1.498468279838562
1081,3,337,1.5809252262115479
1082,3,338,1.480465054512024
1083,3,339,1.5936076641082764
1084,3,340,1.4796429872512817
1085,3,341,1.4554522037506104
1086,3,342,1.533397912979126
1087,3,343,1.5579466819763184
1088,3,344,1.5138310194015503
1089,3,345,1.6001012325286865
1090,3,346,1.511084794998169
1091,3,347,1.5332729816436768
1092,3,348,1.5888946056365967
1093,3,349,1.4933315515518188
1094,3,350,1.5852559804916382
1095,3,351,1.5211960077285767
1096,3,352,1.524078607559204
1097,3,353,1.5190520286560059
1098,3,354,1.569547414779663
1099,3,355,1.501532793045044
1100,3,356,1.495869755744934
1101,3,357,1.4818987846374512
1102,3,358,1.5223146677017212
1103,3,359,1.4896833896636963
1104,3,360,1.5830485820770264
1105,3,361,1.4872167110443115
1106,3,362,1.4709675312042236
1107,3,363,1.4851229190826416
1108,3,364,1.5082886219024658
1109,3,365,1.4668796062469482
1110,3,366,1.5202138423919678
1111,3,367,1.5150750875473022
1112,3,368,1.4769190549850464
1113,3,369,1.5016138553619385
1114,3,370,1.5073046684265137
1115,3,371,1.4867076873779297
1116,3,372,1.5301002264022827
1117,4,1,1.4845621585845947
1118,4,2,1.4744446277618408
1119,4,3,1.473780870437622
1120,4,4,1.4771778583526611
1121,4,5,1.4944554567337036
1122,4,6,1.4354822635650635
1123,4,7,1.4675531387329102
1124,4,8,1.4508006572723389
1125,4,9,1.509140133857727
1126,4,10,1.4820191860198975
1127,4,11,1.4555249214172363
1128,4,12,1.5440348386764526
1129,4,13,1.47904372215271
1130,4,14,1.5305328369140625
1131,4,15,1.4927135705947876
1132,4,16,1.4449341297149658
1133,4,17,1.551032304763794
1134,4,18,1.4654756784439087
1135,4,19,1.4747796058654785
1136,4,20,1.532384991645813
1137,4,21,1.4508302211761475
1138,4,22,1.4483935832977295
1139,4,23,1.4850636720657349
1140,4,24,1.5303997993469238
1141,4,25,1.4299124479293823
1142,4,26,1.5604772567749023
1143,4,27,1.4308159351348877
1144,4,28,1.4523260593414307
1145,4,29,1.4465283155441284
1146,4,30,1.4983205795288086
1147,4,31,1.6657063961029053
1148,4,32,1.4879798889160156
1149,4,33,1.5132331848144531
1150,4,34,1.4820088148117065
1151,4,35,1.4680612087249756
1152,4,36,1.4878127574920654
1153,4,37,1.465665578842163
1154,4,38,1.5376564264297485
1155,4,39,1.41373872756958
1156,4,40,1.4591013193130493
1157,4,41,1.459000587463379
1158,4,42,1.4761677980422974
1159,4,43,1.5075562000274658
1160,4,44,1.4828479290008545
1161,4,45,1.5287556648254395
1162,4,46,1.4891482591629028
1163,4,47,1.4686651229858398
1164,4,48,1.505656123161316
1165,4,49,1.4337831735610962
1166,4,50,1.4992172718048096
1167,4,51,1.4766384363174438
1168,4,52,1.511390209197998
1169,4,53,1.505279302597046
1170,4,54,1.4130524396896362
1171,4,55,1.4131075143814087
1172,4,56,1.4134571552276611
1173,4,57,1.5012681484222412
1174,4,58,1.4374034404754639
1175,4,59,1.400984287261963
1176,4,60,1.4729907512664795
1177,4,61,1.4413057565689087
1178,4,62,1.445664644241333
1179,4,63,1.5140979290008545
1180,4,64,1.5329242944717407
1181,4,65,1.4115331172943115
1182,4,66,1.4566459655761719
1183,4,67,1.4961827993392944
1184,4,68,1.5002328157424927
1185,4,69,1.4667598009109497
1186,4,70,1.3862265348434448
1187,4,71,1.4323569536209106
1188,4,72,1.4760520458221436
1189,4,73,1.4610660076141357
1190,4,74,1.4814784526824951
1191,4,75,1.4782344102859497
1192,4,76,1.4756971597671509
1193,4,77,1.49192214012146
1194,4,78,1.3978917598724365
1195,4,79,1.4840673208236694
1196,4,80,1.4428205490112305
1197,4,81,1.501376986503601
1198,4,82,1.439502477645874
1199,4,83,1.3957850933074951
1200,4,84,1.495400309562683
1201,4,85,1.443882703781128
1202,4,86,1.4204978942871094
1203,4,87,1.4791723489761353
1204,4,88,1.412550449371338
1205,4,89,1.4413578510284424
1206,4,90,1.4430128335952759
1207,4,91,1.4955686330795288
1208,4,92,1.4166069030761719
1209,4,93,1.4008142948150635
1210,4,94,1.4660335779190063
1211,4,95,1.459560513496399
1212,4,96,1.4433720111846924
1213,4,97,1.5002816915512085
1214,4,98,1.470381498336792
1215,4,99,1.4707505702972412
1216,4,100,1.4063236713409424
1217,4,101,1.444734811782837
1218,4,102,1.5031157732009888
1219,4,103,1.4180114269256592
1220,4,104,1.5987293720245361
1221,4,105,1.4127616882324219
1222,4,106,1.4460351467132568
1223,4,107,1.4336841106414795
1224,4,108,1.4568051099777222
1225,4,109,1.4376264810562134
1226,4,110,1.4485630989074707
1227,4,111,1.460187315940857
1228,4,112,1.4434343576431274
1229,4,113,1.4292595386505127
1230,4,114,1.4127247333526611
1231,4,115,1.4144442081451416
1232,4,116,1.4654619693756104
1233,4,117,1.422595739364624
1234,4,118,1.454709529876709
1235,4,119,1.4506715536117554
1236,4,120,1.4752246141433716
1237,4,121,1.4118216037750244
1238,4,122,1.3955090045928955
1239,4,123,1.3864703178405762
1240,4,124,1.462761402130127
1241,4,125,1.3865710496902466
1242,4,126,1.4474846124649048
1243,4,127,1.4715102910995483
1244,4,128,1.3927870988845825
1245,4,129,1.484025239944458
1246,4,130,1.3664506673812866
1247,4,131,1.4434043169021606
1248,4,132,1.3941876888275146
1249,4,133,1.4589279890060425
1250,4,134,1.4228510856628418
1251,4,135,1.4414031505584717
1252,4,136,1.4072340726852417
1253,4,137,1.4417954683303833
1254,4,138,1.4120032787322998
1255,4,139,1.4229942560195923
1256,4,140,1.4229843616485596
1257,4,141,1.433066725730896
1258,4,142,1.3758007287979126
1259,4,143,1.423619270324707
1260,4,144,1.3864341974258423
1261,4,145,1.4357783794403076
1262,4,146,1.4082807302474976
1263,4,147,1.4438520669937134
1264,4,148,1.4437321424484253
1265,4,149,1.4275238513946533
1266,4,150,1.4643847942352295
1267,4,151,1.3976398706436157
1268,4,152,1.4918321371078491
1269,4,153,1.40369713306427
1270,4,154,1.3990780115127563
1271,4,155,1.4421459436416626
1272,4,156,1.3845345973968506
1273,4,157,1.4008616209030151
1274,4,158,1.3767390251159668
1275,4,159,1.4346344470977783
1276,4,160,1.4692537784576416
1277,4,161,1.4090548753738403
1278,4,162,1.3992431163787842
1279,4,163,1.3890104293823242
1280,4,164,1.4376479387283325
1281,4,165,1.3953601121902466
1282,4,166,1.4623092412948608
1283,4,167,1.4562811851501465
1284,4,168,1.376173734664917
1285,4,169,1.4107271432876587
1286,4,170,1.391802430152893
1287,4,171,1.4006134271621704
1288,4,172,1.405122995376587
1289,4,173,1.40908682346344
1290,4,174,1.5158216953277588
1291,4,175,1.4423096179962158
1292,4,176,1.389624834060669
1293,4,177,1.5491235256195068
1294,4,178,1.388339638710022
1295,4,179,1.4603044986724854
1296,4,180,1.3351374864578247
1297,4,181,1.4426299333572388
1298,4,182,1.3903331756591797
1299,4,183,1.4803839921951294
1300,4,184,1.4442404508590698
1301,4,185,1.4010193347930908
1302,4,186,1.4122222661972046
1303,4,187,1.345792531967163
1304,4,188,1.4390095472335815
1305,4,189,1.4193484783172607
1306,4,190,1.4213026762008667
1307,4,191,1.4053047895431519
1308,4,192,1.4027254581451416
1309,4,193,1.3945014476776123
1310,4,194,1.3892697095870972
1311,4,195,1.4765188694000244
1312,4,196,1.383353590965271
1313,4,197,1.4212433099746704
1314,4,198,1.3581892251968384
1315,4,199,1.3627394437789917
1316,4,200,1.4450725317001343
1317,4,201,1.408660650253296
1318,4,202,1.3341388702392578
1319,4,203,1.4480377435684204
1320,4,204,1.409809947013855
1321,4,205,1.3506062030792236
1322,4,206,1.3433363437652588
1323,4,207,1.362725019454956
1324,4,208,1.3820521831512451
1325,4,209,1.3864763975143433
1326,4,210,1.4673497676849365
1327,4,211,1.3838673830032349
1328,4,212,1.3845144510269165
1329,4,213,1.3273242712020874
1330,4,214,1.3727107048034668
1331,4,215,1.3822985887527466
1332,4,216,1.4326269626617432
1333,4,217,1.3899425268173218
1334,4,218,1.3855934143066406
1335,4,219,1.4193328619003296
1336,4,220,1.3824434280395508
1337,4,221,1.3624413013458252
1338,4,222,1.3821816444396973
1339,4,223,1.5075548887252808
1340,4,224,1.3719857931137085
1341,4,225,1.4342288970947266
1342,4,226,1.369152307510376
1343,4,227,1.302025556564331
1344,4,228,1.3600906133651733
1345,4,229,1.3954355716705322
1346,4,230,1.3953255414962769
1347,4,231,1.3888314962387085
1348,4,232,1.3919609785079956
1349,4,233,1.356167197227478
1350,4,234,1.3397916555404663
1351,4,235,1.3417319059371948
1352,4,236,1.4526926279067993
1353,4,237,1.4145729541778564
1354,4,238,1.3490149974822998
1355,4,239,1.33729887008667
1356,4,240,1.3641000986099243
1357,4,241,1.3998414278030396
1358,4,242,1.3566123247146606
1359,4,243,1.3199131488800049
1360,4,244,1.4208229780197144
1361,4,245,1.4342997074127197
1362,4,246,1.3868178129196167
1363,4,247,1.4248013496398926
1364,4,248,1.4641566276550293
1365,4,249,1.4012677669525146
1366,4,250,1.3761308193206787
1367,4,251,1.323331594467163
1368,4,252,1.3685728311538696
1369,4,253,1.3496899604797363
1370,4,254,1.3423006534576416
1371,4,255,1.5513100624084473
1372,4,256,1.3684751987457275
1373,4,257,1.360512614250183
1374,4,258,1.3937370777130127
1375,4,259,1.36240816116333
1376,4,260,1.3645727634429932
1377,4,261,1.341043472290039
1378,4,262,1.352223515510559
1379,4,263,1.3706086874008179
1380,4,264,1.3292009830474854
1381,4,265,1.3611693382263184
1382,4,266,1.5193290710449219
1383,4,267,1.3775417804718018
1384,4,268,1.3304665088653564
1385,4,269,1.3139498233795166
1386,4,270,1.3605653047561646
1387,4,271,1.4074811935424805
1388,4,272,1.3527085781097412
1389,4,273,1.3637117147445679
1390,4,274,1.4084751605987549
1391,4,275,1.3614068031311035
1392,4,276,1.361802339553833
1393,4,277,1.3684356212615967
1394,4,278,1.3356236219406128
1395,4,279,1.3808448314666748
1396,4,280,1.3153764009475708
1397,4,281,1.3683959245681763
1398,4,282,1.3761663436889648
1399,4,283,1.3409292697906494
1400,4,284,1.3009545803070068
1401,4,285,1.3772494792938232
1402,4,286,1.3785475492477417
1403,4,287,1.436209797859192
1404,4,288,1.3766825199127197
1405,4,289,1.3422552347183228
1406,4,290,1.2937846183776855
1407,4,291,1.3291027545928955
1408,4,292,1.4602389335632324
1409,4,293,1.3296289443969727
1410,4,294,1.3146246671676636
1411,4,295,1.338931918144226
1412,4,296,1.3829113245010376
1413,4,297,1.3152624368667603
1414,4,298,1.3797470331192017
1415,4,299,1.340177297592163
1416,4,300,1.4113599061965942
1417,4,301,1.3374556303024292
1418,4,302,1.3504831790924072
1419,4,303,1.3512831926345825
1420,4,304,1.4804327487945557
1421,4,305,1.4008973836898804
1422,4,306,1.3566919565200806
1423,4,307,1.3865666389465332
1424,4,308,1.3228543996810913
1425,4,309,1.3088278770446777
1426,4,310,1.3572088479995728
1427,4,311,1.3576363325119019
1428,4,312,1.3368403911590576
1429,4,313,1.375956416130066
1430,4,314,1.3610821962356567
1431,4,315,1.3463082313537598
1432,4,316,1.4087278842926025
1433,4,317,1.3723994493484497
1434,4,318,1.33497154712677
1435,4,319,1.365234136581421
1436,4,320,1.3545973300933838
1437,4,321,1.360564947128296
1438,4,322,1.338327169418335
1439,4,323,1.40801203250885
1440,4,324,1.3168985843658447
1441,4,325,1.5583553314208984
1442,4,326,1.4791252613067627
1443,4,327,1.3380978107452393
1444,4,328,1.5980865955352783
1445,4,329,1.3269402980804443
1446,4,330,1.3224875926971436
1447,4,331,1.4223051071166992
1448,4,332,1.3401134014129639
1449,4,333,1.3046183586120605
1450,4,334,1.2606594562530518
1451,4,335,1.3386340141296387
1452,4,336,1.3348052501678467
1453,4,337,1.343191146850586
1454,4,338,1.3535850048065186
1455,4,339,1.3849555253982544
1456,4,340,1.3484898805618286
1457,4,341,1.3397055864334106
1458,4,342,1.372536063194275
1459,4,343,1.3245630264282227
1460,4,344,1.3372471332550049
1461,4,345,1.343993902206421
1462,4,346,1.3001073598861694
1463,4,347,1.3563792705535889
1464,4,348,1.3686634302139282
1465,4,349,1.2936441898345947
1466,4,350,1.3123835325241089
1467,4,351,1.3096312284469604
1468,4,352,1.3460667133331299
1469,4,353,1.2944034337997437
1470,4,354,1.3683147430419922
1471,4,355,1.302488088607788
1472,4,356,1.3330179452896118
1473,4,357,1.3269197940826416
1474,4,358,1.3076894283294678
1475,4,359,1.2882791757583618
1476,4,360,1.3016021251678467
1477,4,361,1.3629251718521118
1478,4,362,1.298530101776123
1479,4,363,1.4261327981948853
1480,4,364,1.298094630241394
1481,4,365,1.260541319847107
1482,4,366,1.3362658023834229
1483,4,367,1.3171186447143555
1484,4,368,1.2978111505508423
1485,4,369,1.3122951984405518
1486,4,370,1.3002617359161377
1487,4,371,1.3650000095367432
1488,4,372,1.3380990028381348
1489,5,1,1.3095506429672241
1490,5,2,1.288530945777893
1491,5,3,1.2880407571792603
1492,5,4,1.2728445529937744
1493,5,5,1.2909895181655884
1494,5,6,1.2800307273864746
1495,5,7,1.246441125869751
1496,5,8,1.3009326457977295
1497,5,9,1.3068530559539795
1498,5,10,1.3232851028442383
1499,5,11,1.2530242204666138
1500,5,12,1.334905982017517
1501,5,13,1.3251436948776245
1502,5,14,1.3158175945281982
1503,5,15,1.3211052417755127
1504,5,16,1.3183093070983887
1505,5,17,1.2719240188598633
1506,5,18,1.2490686178207397
1507,5,19,1.310807466506958
1508,5,20,1.375136137008667
1509,5,21,1.3456828594207764
1510,5,22,1.3326953649520874
1511,5,23,1.224219560623169
1512,5,24,1.343605637550354
1513,5,25,1.3276525735855103
1514,5,26,1.2822682857513428
1515,5,27,1.3511555194854736
1516,5,28,1.350013017654419
1517,5,29,1.3004379272460938
1518,5,30,1.3344900608062744
1519,5,31,1.3142062425613403
1520,5,32,1.2874659299850464
1521,5,33,1.4826276302337646
1522,5,34,1.2814595699310303
1523,5,35,1.2502634525299072
1524,5,36,1.311288595199585
1525,5,37,1.2843577861785889
1526,5,38,1.373913288116455
1527,5,39,1.3114135265350342
1528,5,40,1.2850738763809204
1529,5,41,1.3730766773223877
1530,5,42,1.2980079650878906
1531,5,43,1.3056458234786987
1532,5,44,1.279686689376831
1533,5,45,1.2578941583633423
1534,5,46,1.294560432434082
1535,5,47,1.3105052709579468
1536,5,48,1.315568447113037
1537,5,49,1.3075441122055054
1538,5,50,1.2977463006973267
1539,5,51,1.274146318435669
1540,5,52,1.2628633975982666
1541,5,53,1.261380672454834
1542,5,54,1.3042014837265015
1543,5,55,1.2932922840118408
1544,5,56,1.2657315731048584
1545,5,57,1.3375526666641235
1546,5,58,1.2688506841659546
1547,5,59,1.4340002536773682
1548,5,60,1.340389370918274
1549,5,61,1.2992068529129028
1550,5,62,1.4197113513946533
1551,5,63,1.289027452468872
1552,5,64,1.2789695262908936
1553,5,65,1.2558132410049438
1554,5,66,1.3012783527374268
1555,5,67,1.2567023038864136
1556,5,68,1.2808043956756592
1557,5,69,1.2942636013031006
1558,5,70,1.2401409149169922
1559,5,71,1.2558269500732422
1560,5,72,1.2515149116516113
1561,5,73,1.3135360479354858
1562,5,74,1.244734287261963
1563,5,75,1.2590092420578003
1564,5,76,1.2313944101333618
1565,5,77,1.245161771774292
1566,5,78,1.2537232637405396
1567,5,79,1.227705717086792
1568,5,80,1.2549797296524048
1569,5,81,1.3942053318023682
1570,5,82,1.3138659000396729
1571,5,83,1.2630302906036377
1572,5,84,1.2998027801513672
1573,5,85,1.389954924583435
1574,5,86,1.2507028579711914
1575,5,87,1.34192955493927
1576,5,88,1.3482784032821655
1577,5,89,1.3013297319412231
1578,5,90,1.2718214988708496
1579,5,91,1.2611738443374634
1580,5,92,1.4741718769073486
1581,5,93,1.2310773134231567
1582,5,94,1.3496005535125732
1583,5,95,1.2810195684432983
1584,5,96,1.2980290651321411
1585,5,97,1.2843750715255737
1586,5,98,1.2824668884277344
1587,5,99,1.242874026298523
1588,5,100,1.354761004447937
1589,5,101,1.2758270502090454
1590,5,102,1.2155249118804932
1591,5,103,1.2690174579620361
1592,5,104,1.1985560655593872
1593,5,105,1.2586109638214111
1594,5,106,1.2570321559906006
1595,5,107,1.2268893718719482
1596,5,108,1.2603384256362915
1597,5,109,1.2490179538726807
1598,5,110,1.2837716341018677
1599,5,111,1.2801910638809204
1600,5,112,1.268580675125122
1601,5,113,1.247217059135437
1602,5,114,1.3060933351516724
1603,5,115,1.2290832996368408
1604,5,116,1.2675325870513916
1605,5,117,1.2478777170181274
1606,5,118,1.4083032608032227
1607,5,119,1.2529237270355225
1608,5,120,1.254108190536499
1609,5,121,1.3052271604537964
1610,5,122,1.241426706314087
1611,5,123,1.2259900569915771
1612,5,124,1.3933255672454834
1613,5,125,1.262974500656128
1614,5,126,1.2808332443237305
1615,5,127,1.301653504371643
1616,5,128,1.2417724132537842
1617,5,129,1.2635895013809204
1618,5,130,1.2547671794891357
1619,5,131,1.2539141178131104
1620,5,132,1.2391698360443115
1621,5,133,1.2736926078796387
1622,5,134,1.2748534679412842
1623,5,135,1.2488653659820557
1624,5,136,1.3031152486801147
1625,5,137,1.2631057500839233
1626,5,138,1.2225453853607178
1627,5,139,1.1970821619033813
1628,5,140,1.2569113969802856
1629,5,141,1.250952959060669
1630,5,142,1.2329347133636475
1631,5,143,1.2227938175201416
1632,5,144,1.3271297216415405
1633,5,145,1.304504156112671
1634,5,146,1.2610785961151123
1635,5,147,1.2032586336135864
1636,5,148,1.2684285640716553
1637,5,149,1.2737836837768555
1638,5,150,1.3043172359466553
1639,5,151,1.2354859113693237
1640,5,152,1.203629732131958
1641,5,153,1.2270747423171997
1642,5,154,1.2765194177627563
1643,5,155,1.280869483947754
1644,5,156,1.2738415002822876
1645,5,157,1.1963756084442139
1646,5,158,1.2866718769073486
1647,5,159,1.3235634565353394
1648,5,160,1.2122433185577393
1649,5,161,1.2512221336364746
1650,5,162,1.2376315593719482
1651,5,163,1.2204939126968384
1652,5,164,1.2533599138259888
1653,5,165,1.2056325674057007
1654,5,166,1.2742221355438232
1655,5,167,1.268795371055603
1656,5,168,1.1946030855178833
1657,5,169,1.2267369031906128
1658,5,170,1.3867915868759155
1659,5,171,1.2450125217437744
1660,5,172,1.2677723169326782
1661,5,173,1.2872315645217896
1662,5,174,1.2112168073654175
1663,5,175,1.227037787437439
1664,5,176,1.2650494575500488
1665,5,177,1.273734450340271
1666,5,178,1.2290400266647339
1667,5,179,1.298417329788208
1668,5,180,1.2385587692260742
1669,5,181,1.2630780935287476
1670,5,182,1.2659380435943604
1671,5,183,1.2723922729492188
1672,5,184,1.2575018405914307
1673,5,185,1.255102276802063
1674,5,186,1.1819894313812256
1675,5,187,1.260187029838562
1676,5,188,1.2286312580108643
1677,5,189,1.2086042165756226
1678,5,190,1.211298942565918
1679,5,191,1.2346069812774658
1680,5,192,1.2903807163238525
1681,5,193,1.2238954305648804
1682,5,194,1.1988904476165771
1683,5,195,1.238876223564148
1684,5,196,1.221389889717102
1685,5,197,1.319970965385437
1686,5,198,1.2103124856948853
1687,5,199,1.1853151321411133
1688,5,200,1.2189503908157349
1689,5,201,1.256696343421936
1690,5,202,1.222341775894165
1691,5,203,1.5119110345840454
1692,5,204,1.3058792352676392
1693,5,205,1.2206090688705444
1694,5,206,1.20595383644104
1695,5,207,1.219464659690857
1696,5,208,1.225860357284546
1697,5,209,1.2253494262695312
1698,5,210,1.235100269317627
1699,5,211,1.2737939357757568
1700,5,212,1.2052265405654907
1701,5,213,1.1961534023284912
1702,5,214,1.1954933404922485
1703,5,215,1.2184339761734009
1704,5,216,1.201417088508606
1705,5,217,1.1901589632034302
1706,5,218,1.2425159215927124
1707,5,219,1.2342827320098877
1708,5,220,1.2170355319976807
1709,5,221,1.2423382997512817
1710,5,222,1.2440210580825806
1711,5,223,1.321162223815918
1712,5,224,1.2625266313552856
1713,5,225,1.1846492290496826
1714,5,226,1.1542837619781494
1715,5,227,1.1883927583694458
1716,5,228,1.235790491104126
1717,5,229,1.1861836910247803
1718,5,230,1.2037078142166138
1719,5,231,1.2741565704345703
1720,5,232,1.2828102111816406
1721,5,233,1.2247531414031982
1722,5,234,1.2642507553100586
1723,5,235,1.199448823928833
1724,5,236,1.1754789352416992
1725,5,237,1.218312382698059
1726,5,238,1.3114041090011597
1727,5,239,1.2373769283294678
1728,5,240,1.2470037937164307
1729,5,241,1.1736202239990234
1730,5,242,1.2561839818954468
1731,5,243,1.18181574344635
1732,5,244,1.1785027980804443
1733,5,245,1.2548810243606567
1734,5,246,1.2806376218795776
1735,5,247,1.1998143196105957
1736,5,248,1.2305753231048584
1737,5,249,1.1996574401855469
1738,5,250,1.359704613685608
1739,5,251,1.2305899858474731
1740,5,252,1.1889169216156006
1741,5,253,1.1794050931930542
1742,5,254,1.2735674381256104
1743,5,255,1.2273390293121338
1744,5,256,1.2878657579421997
1745,5,257,1.281879186630249
1746,5,258,1.2553975582122803
1747,5,259,1.2311620712280273
1748,5,260,1.2495884895324707
1749,5,261,1.1874178647994995
1750,5,262,1.1773393154144287
1751,5,263,1.2472002506256104
1752,5,264,1.1720292568206787
1753,5,265,1.231152892112732
1754,5,266,1.2007982730865479
1755,5,267,1.1914589405059814
1756,5,268,1.1866565942764282
1757,5,269,1.3577810525894165
1758,5,270,1.2013287544250488
1759,5,271,1.1993203163146973
1760,5,272,1.2138230800628662
1761,5,273,1.1846106052398682
1762,5,274,1.2553999423980713
1763,5,275,1.1938544511795044
1764,5,276,1.245873212814331
1765,5,277,1.15223228931427
1766,5,278,1.24225914478302
1767,5,279,1.2005341053009033
1768,5,280,1.315764307975769
1769,5,281,1.2022202014923096
1770,5,282,1.1975724697113037
1771,5,283,1.1611957550048828
1772,5,284,1.2003501653671265
1773,5,285,1.1890299320220947
1774,5,286,1.2370193004608154
1775,5,287,1.2214568853378296
1776,5,288,1.1615657806396484
1777,5,289,1.1783829927444458
1778,5,290,1.2391020059585571
1779,5,291,1.1689832210540771
1780,5,292,1.1826393604278564
1781,5,293,1.1888256072998047
1782,5,294,1.245074987411499
1783,5,295,1.1633375883102417
1784,5,296,1.3733962774276733
1785,5,297,1.2254256010055542
1786,5,298,1.2023696899414062
1787,5,299,1.1889957189559937
1788,5,300,1.165071964263916
1789,5,301,1.1809791326522827
1790,5,302,1.1911556720733643
1791,5,303,1.1889513731002808
1792,5,304,1.1860991716384888
1793,5,305,1.2070403099060059
1794,5,306,1.1551216840744019
1795,5,307,1.188019037246704
1796,5,308,1.1562362909317017
1797,5,309,1.1205090284347534
1798,5,310,1.2143189907073975
1799,5,311,1.2094368934631348
1800,5,312,1.1959697008132935
1801,5,313,1.2360988855361938
1802,5,314,1.184108018875122
1803,5,315,1.2466963529586792
1804,5,316,1.2139804363250732
1805,5,317,1.1904332637786865
1806,5,318,1.1940572261810303
1807,5,319,1.2117434740066528
1808,5,320,1.2330725193023682
1809,5,321,1.2466201782226562
1810,5,322,1.1920963525772095
1811,5,323,1.1903204917907715
1812,5,324,1.1779364347457886
1813,5,325,1.2027232646942139
1814,5,326,1.2001383304595947
1815,5,327,1.1866862773895264
1816,5,328,1.1466701030731201
1817,5,329,1.1589834690093994
1818,5,330,1.21713125705719
1819,5,331,1.1760144233703613
1820,5,332,1.1563595533370972
1821,5,333,1.1696958541870117
1822,5,334,1.163832187652588
1823,5,335,1.172668218612671
1824,5,336,1.1748933792114258
1825,5,337,1.1515772342681885
1826,5,338,1.2258942127227783
1827,5,339,1.150830864906311
1828,5,340,1.1776567697525024
1829,5,341,1.147994041442871
1830,5,342,1.1979478597640991
1831,5,343,1.096522331237793
1832,5,344,1.1266987323760986
1833,5,345,1.142582893371582
1834,5,346,1.1648699045181274
1835,5,347,1.1706602573394775
1836,5,348,1.2037203311920166
1837,5,349,1.1805140972137451
1838,5,350,1.1621278524398804
1839,5,351,1.164320945739746
1840,5,352,1.2828012704849243
1841,5,353,1.1344239711761475
1842,5,354,1.2713353633880615
1843,5,355,1.143362283706665
1844,5,356,1.388649582862854
1845,5,357,1.1514999866485596
1846,5,358,1.1889901161193848
1847,5,359,1.1413722038269043
1848,5,360,1.1587920188903809
1849,5,361,1.1813552379608154
1850,5,362,1.136038064956665
1851,5,363,1.2062842845916748
1852,5,364,1.1979515552520752
1853,5,365,1.0981510877609253
1854,5,366,1.1993677616119385
1855,5,367,1.1489942073822021
1856,5,368,1.1839158535003662
1857,5,369,1.1769518852233887
1858,5,370,1.1329267024993896
1859,5,371,1.1826517581939697
1860,5,372,1.176913857460022
1861,6,1,1.1986026763916016
1862,6,2,1.1839197874069214
1863,6,3,1.1639893054962158
1864,6,4,1.2595947980880737
1865,6,5,1.1643579006195068
1866,6,6,1.1960673332214355
1867,6,7,1.1665759086608887
1868,6,8,1.1565406322479248
1869,6,9,1.2126080989837646
1870,6,10,1.2430700063705444
1871,6,11,1.1424732208251953
1872,6,12,1.2196307182312012
1873,6,13,1.097057580947876
1874,6,14,1.1544580459594727
1875,6,15,1.1186816692352295
1876,6,16,1.1601769924163818
1877,6,17,1.1508643627166748
1878,6,18,1.1750118732452393
1879,6,19,1.1569992303848267
1880,6,20,1.118679404258728
1881,6,21,1.1652361154556274
1882,6,22,1.1859924793243408
1883,6,23,1.1429072618484497
1884,6,24,1.1725928783416748
1885,6,25,1.1894843578338623
1886,6,26,1.2023922204971313
1887,6,27,1.1010630130767822
1888,6,28,1.1103488206863403
1889,6,29,1.213102102279663
1890,6,30,1.155256986618042
1891,6,31,1.1154693365097046
1892,6,32,1.104999303817749
1893,6,33,1.130638837814331
1894,6,34,1.1305549144744873
1895,6,35,1.1309252977371216
1896,6,36,1.0547889471054077
1897,6,37,1.1783277988433838
1898,6,38,1.1379066705703735
1899,6,39,1.155318260192871
1900,6,40,1.1815600395202637
1901,6,41,1.4569791555404663
1902,6,42,1.1147205829620361
1903,6,43,1.101984977722168
1904,6,44,1.2893011569976807
1905,6,45,1.1796555519104004
1906,6,46,1.105439305305481
1907,6,47,1.13724684715271
1908,6,48,1.1632165908813477
1909,6,49,1.1756536960601807
1910,6,50,1.1170822381973267
1911,6,51,1.1670570373535156
1912,6,52,1.092012643814087
1913,6,53,1.1435562372207642
1914,6,54,1.1291035413742065
1915,6,55,1.0945711135864258
1916,6,56,1.1284574270248413
1917,6,57,1.1248297691345215
1918,6,58,1.1674339771270752
1919,6,59,1.2200632095336914
1920,6,60,1.117905855178833
1921,6,61,1.1794768571853638
1922,6,62,1.0944172143936157
1923,6,63,1.0970567464828491
1924,6,64,1.1328014135360718
1925,6,65,1.1195930242538452
1926,6,66,1.1719597578048706
1927,6,67,1.1883518695831299
1928,6,68,1.1847083568572998
1929,6,69,1.128546953201294
1930,6,70,1.186040997505188
1931,6,71,1.1556919813156128
1932,6,72,1.1339613199234009
1933,6,73,1.081665277481079
1934,6,74,1.1374070644378662
1935,6,75,1.1391264200210571
1936,6,76,1.1321353912353516
1937,6,77,1.1225993633270264
1938,6,78,1.160643219947815
1939,6,79,1.1666505336761475
1940,6,80,1.0967578887939453
1941,6,81,1.1433117389678955
1942,6,82,1.1811376810073853
1943,6,83,1.1779640913009644
1944,6,84,1.119706392288208
1945,6,85,1.1577208042144775
1946,6,86,1.1631557941436768
1947,6,87,1.1275076866149902
1948,6,88,1.0924872159957886
1949,6,89,1.1564605236053467
1950,6,90,1.075100064277649
1951,6,91,1.1845675706863403
1952,6,92,1.1450861692428589
1953,6,93,1.0744134187698364
1954,6,94,1.0756075382232666
1955,6,95,1.109849452972412
1956,6,96,1.1074597835540771
1957,6,97,1.1298433542251587
1958,6,98,1.0541980266571045
1959,6,99,1.065842628479004
1960,6,100,1.0794059038162231
1961,6,101,1.0954340696334839
1962,6,102,1.055540680885315
1963,6,103,1.0918958187103271
1964,6,104,1.1301162242889404
1965,6,105,1.1075356006622314
1966,6,106,1.064745545387268
1967,6,107,1.1884171962738037
1968,6,108,1.1397433280944824
1969,6,109,1.1325483322143555
1970,6,110,1.3368709087371826
1971,6,111,1.1229808330535889
1972,6,112,1.1522462368011475
1973,6,113,1.0393226146697998
1974,6,114,1.104587435722351
1975,6,115,1.1092933416366577
1976,6,116,1.130094289779663
1977,6,117,1.090790867805481
1978,6,118,1.1654903888702393
1979,6,119,1.0970637798309326
1980,6,120,1.0941611528396606
1981,6,121,1.0768094062805176
1982,6,122,1.1514663696289062
1983,6,123,1.1007708311080933
1984,6,124,1.0777407884597778
1985,6,125,1.0908615589141846
1986,6,126,1.1022673845291138
1987,6,127,1.121273159980774
1988,6,128,1.0831775665283203
1989,6,129,1.0677084922790527
1990,6,130,1.1428736448287964
1991,6,131,1.135499119758606
1992,6,132,1.10194993019104
1993,6,133,1.1074769496917725
1994,6,134,1.170413851737976
1995,6,135,1.1779041290283203
1996,6,136,1.1646125316619873
1997,6,137,1.1831289529800415
1998,6,138,1.1220486164093018
1999,6,139,1.0887608528137207
2000,6,140,1.0957143306732178
2001,6,141,1.1529244184494019
2002,6,142,1.1833887100219727
2003,6,143,1.1142340898513794
2004,6,144,1.103029489517212
2005,6,145,1.122047781944275
2006,6,146,1.068361520767212
2007,6,147,1.0890343189239502
2008,6,148,1.1321871280670166
2009,6,149,1.0681809186935425
2010,6,150,1.14895761013031
2011,6,151,1.1336612701416016
2012,6,152,1.060048222541809
2013,6,153,1.162311315536499
2014,6,154,1.0697593688964844
2015,6,155,1.092504858970642
2016,6,156,1.152195692062378
2017,6,157,1.0929934978485107
2018,6,158,1.0840741395950317
2019,6,159,1.1201140880584717
2020,6,160,1.1556851863861084
2021,6,161,1.058413028717041
2022,6,162,1.0640475749969482
2023,6,163,1.082731008529663
2024,6,164,1.061707615852356
2025,6,165,1.1038318872451782
2026,6,166,1.1199069023132324
2027,6,167,1.096405267715454
2028,6,168,1.1008484363555908
2029,6,169,1.0982586145401
2030,6,170,1.1336766481399536
2031,6,171,1.144971251487732
2032,6,172,1.0516988039016724
2033,6,173,1.0383634567260742
2034,6,174,1.1274898052215576
2035,6,175,1.0651123523712158
2036,6,176,1.107764482498169
2037,6,177,1.130568265914917
2038,6,178,1.0242259502410889
2039,6,179,1.169645071029663
2040,6,180,1.1051552295684814
2041,6,181,1.0290340185165405
2042,6,182,1.063958764076233
2043,6,183,1.0546846389770508
2044,6,184,1.0609487295150757
2045,6,185,1.1364824771881104
2046,6,186,1.1219043731689453
2047,6,187,1.0874075889587402
2048,6,188,1.0943390130996704
2049,6,189,1.0696170330047607
2050,6,190,1.0637356042861938
2051,6,191,1.1001875400543213
2052,6,192,1.2133896350860596
2053,6,193,1.0770726203918457
2054,6,194,1.0620372295379639
2055,6,195,1.1823561191558838
2056,6,196,1.0578088760375977
2057,6,197,1.0858097076416016
2058,6,198,1.0548288822174072
2059,6,199,1.0868384838104248
2060,6,200,1.086581826210022
2061,6,201,1.1161341667175293
2062,6,202,1.0337635278701782
2063,6,203,1.1910312175750732
2064,6,204,1.0555309057235718
2065,6,205,1.062265157699585
2066,6,206,1.052270770072937
2067,6,207,1.0469473600387573
2068,6,208,1.094699501991272
2069,6,209,1.1059850454330444
2070,6,210,1.1436026096343994
2071,6,211,1.1532859802246094
2072,6,212,1.1125009059906006
2073,6,213,1.1169477701187134
2074,6,214,1.133889079093933
2075,6,215,1.1243573427200317
2076,6,216,1.072660207748413
2077,6,217,1.1423380374908447
2078,6,218,1.0496575832366943
2079,6,219,1.1023916006088257
2080,6,220,1.105320692062378
2081,6,221,1.2236273288726807
2082,6,222,1.045576810836792
2083,6,223,1.0545320510864258
2084,6,224,1.0688450336456299
2085,6,225,1.0423011779785156
2086,6,226,1.2437419891357422
2087,6,227,1.107911467552185
2088,6,228,1.076121211051941
2089,6,229,1.1594773530960083
2090,6,230,1.039338231086731
2091,6,231,1.1094491481781006
2092,6,232,1.065813422203064
2093,6,233,1.1162079572677612
2094,6,234,1.055492877960205
2095,6,235,1.0651975870132446
2096,6,236,1.1817171573638916
2097,6,237,1.0711190700531006
2098,6,238,1.0867105722427368
2099,6,239,1.0902267694473267
2100,6,240,1.0544226169586182
2101,6,241,1.073586106300354
2102,6,242,1.105980634689331
2103,6,243,1.0780761241912842
2104,6,244,1.1654808521270752
2105,6,245,1.0863502025604248
2106,6,246,1.0823231935501099
2107,6,247,1.0537729263305664
2108,6,248,1.0889147520065308
2109,6,249,1.1588962078094482
2110,6,250,1.211130976676941
2111,6,251,1.091951608657837
2112,6,252,1.0988048315048218
2113,6,253,1.0953338146209717
2114,6,254,1.1105544567108154
2115,6,255,1.1017924547195435
2116,6,256,1.166602373123169
2117,6,257,1.1325938701629639
2118,6,258,1.074899435043335
2119,6,259,1.0820797681808472
2120,6,260,1.1032497882843018
2121,6,261,1.0670394897460938
2122,6,262,1.0397112369537354
2123,6,263,1.0317165851593018
2124,6,264,1.0597681999206543
2125,6,265,1.0403416156768799
2126,6,266,1.0177901983261108
2127,6,267,1.1059999465942383
2128,6,268,1.0478826761245728
2129,6,269,1.0051219463348389
2130,6,270,1.043792486190796
2131,6,271,1.0830795764923096
2132,6,272,1.069415807723999
2133,6,273,1.1521992683410645
2134,6,274,1.0077821016311646
2135,6,275,1.0644299983978271
2136,6,276,1.1409021615982056
2137,6,277,1.0422585010528564
2138,6,278,1.0437495708465576
2139,6,279,1.1188536882400513
2140,6,280,1.0621713399887085
2141,6,281,1.0275516510009766
2142,6,282,1.0154861211776733
2143,6,283,1.0528205633163452
2144,6,284,1.0926547050476074
2145,6,285,1.0209952592849731
2146,6,286,1.1050382852554321
2147,6,287,1.064613699913025
2148,6,288,1.061504602432251
2149,6,289,1.0620232820510864
2150,6,290,1.0366545915603638
2151,6,291,1.02583909034729
2152,6,292,1.045240879058838
2153,6,293,1.0928049087524414
2154,6,294,1.07137131690979
2155,6,295,1.124706745147705
2156,6,296,1.0446683168411255
2157,6,297,1.0573745965957642
2158,6,298,1.1309906244277954
2159,6,299,1.0673675537109375
2160,6,300,1.043931484222412
2161,6,301,1.0485475063323975
2162,6,302,1.0270090103149414
2163,6,303,1.0330530405044556
2164,6,304,1.0391654968261719
2165,6,305,1.0215867757797241
2166,6,306,1.101628303527832
2167,6,307,0.9900649189949036
2168,6,308,1.095550775527954
2169,6,309,1.0480682849884033
2170,6,310,1.0119026899337769
2171,6,311,1.085383653640747
2172,6,312,1.122134804725647
2173,6,313,1.0403854846954346
2174,6,314,1.0250600576400757
2175,6,315,0.9910414814949036
2176,6,316,1.0244203805923462
2177,6,317,1.067579746246338
2178,6,318,1.015262484550476
2179,6,319,1.032976746559143
2180,6,320,0.990673840045929
2181,6,321,1.033384084701538
2182,6,322,1.0183730125427246
2183,6,323,0.9768312573432922
2184,6,324,1.0394887924194336
2185,6,325,1.0469419956207275
2186,6,326,1.0169092416763306
2187,6,327,1.087984561920166
2188,6,328,1.0744068622589111
2189,6,329,1.0652780532836914
2190,6,330,1.068261981010437
2191,6,331,1.0114490985870361
2192,6,332,1.0899863243103027
2193,6,333,1.0227692127227783
2194,6,334,1.0602996349334717
2195,6,335,1.0465165376663208
2196,6,336,1.0788331031799316
2197,6,337,1.1171109676361084
2198,6,338,1.0424163341522217
2199,6,339,1.0118814706802368
2200,6,340,0.9937860369682312
2201,6,341,1.055774450302124
2202,6,342,1.0304169654846191
2203,6,343,0.9841545224189758
2204,6,344,1.0960420370101929
2205,6,345,0.970557689666748
2206,6,346,1.002286672592163
2207,6,347,1.0330201387405396
2208,6,348,1.080329179763794
2209,6,349,1.0352251529693604
2210,6,350,1.015673041343689
2211,6,351,0.9953615069389343
2212,6,352,1.0217218399047852
2213,6,353,1.0181561708450317
2214,6,354,0.9676605463027954
2215,6,355,1.017676830291748
2216,6,356,1.0080090761184692
2217,6,357,1.105914831161499
2218,6,358,1.1773040294647217
2219,6,359,0.978979766368866
2220,6,360,1.0127862691879272
2221,6,361,1.030134677886963
2222,6,362,1.0656065940856934
2223,6,363,0.9734088778495789
2224,6,364,1.008553147315979
2225,6,365,1.066030740737915
2226,6,366,0.9996318817138672
2227,6,367,1.0211398601531982
2228,6,368,0.9706381559371948
2229,6,369,1.0141260623931885
2230,6,370,0.9927099347114563
2231,6,371,1.0573203563690186
2232,6,372,1.2515311241149902
2233,7,1,1.0800458192825317
2234,7,2,1.0215011835098267
2235,7,3,0.9865444302558899
2236,7,4,1.0663292407989502
2237,7,5,0.9991821050643921
2238,7,6,1.069398283958435
2239,7,7,1.0054137706756592
2240,7,8,1.0391466617584229
2241,7,9,0.9918280839920044
2242,7,10,0.9862407445907593
2243,7,11,1.0088204145431519
2244,7,12,0.9772927165031433
2245,7,13,0.9624835848808289
2246,7,14,1.0217220783233643
2247,7,15,1.0552011728286743
2248,7,16,0.9963647723197937
2249,7,17,1.0495316982269287
2250,7,18,1.0534987449645996
2251,7,19,1.0583614110946655
2252,7,20,1.0212774276733398
2253,7,21,0.9631330370903015
2254,7,22,0.9833841323852539
2255,7,23,1.0850907564163208
2256,7,24,1.0292917490005493
2257,7,25,1.0213322639465332
2258,7,26,0.9931462407112122
2259,7,27,1.0044041872024536
2260,7,28,0.9657620191574097
2261,7,29,0.9780175089836121
2262,7,30,0.9846628308296204
2263,7,31,1.000375509262085
2264,7,32,0.9896436929702759
2265,7,33,0.9768410921096802
2266,7,34,0.9818776249885559
2267,7,35,1.0036203861236572
2268,7,36,0.9997199773788452
2269,7,37,0.9796137809753418
2270,7,38,1.0187807083129883
2271,7,39,1.0120031833648682
2272,7,40,0.9973732233047485
2273,7,41,1.0728789567947388
2274,7,42,0.9859558939933777
2275,7,43,1.0056374073028564
2276,7,44,0.9931371808052063
2277,7,45,1.036964774131775
2278,7,46,1.04613196849823
2279,7,47,1.0056025981903076
2280,7,48,0.984591007232666
2281,7,49,0.9804779291152954
2282,7,50,0.9934712648391724
2283,7,51,0.9590199589729309
2284,7,52,1.0327436923980713
2285,7,53,0.9716042280197144
2286,7,54,0.9663381576538086
2287,7,55,0.9634965062141418
2288,7,56,0.9797504544258118
2289,7,57,1.0846290588378906
2290,7,58,1.0297491550445557
2291,7,59,0.9652099609375
2292,7,60,1.1041483879089355
2293,7,61,0.9736844897270203
2294,7,62,1.0194545984268188
2295,7,63,1.0501573085784912
2296,7,64,0.9807432293891907
2297,7,65,0.9902175664901733
2298,7,66,0.9654919505119324
2299,7,67,1.0185710191726685
2300,7,68,1.0056837797164917
2301,7,69,0.9953405261039734
2302,7,70,0.9702545404434204
2303,7,71,1.0819098949432373
2304,7,72,0.9402557611465454
2305,7,73,1.070743441581726
2306,7,74,0.9562308192253113
2307,7,75,0.981480598449707
2308,7,76,0.9915825724601746
2309,7,77,1.0023298263549805
2310,7,78,0.9309937357902527
2311,7,79,0.9961462020874023
2312,7,80,0.9610476493835449
2313,7,81,1.0184862613677979
2314,7,82,0.9833513498306274
2315,7,83,0.9772292971611023
2316,7,84,0.9687173962593079
2317,7,85,1.011254072189331
2318,7,86,0.9428294897079468
2319,7,87,1.0158512592315674
2320,7,88,0.9498627781867981
2321,7,89,1.0018645524978638
2322,7,90,0.9889842867851257
2323,7,91,0.9744002223014832
2324,7,92,1.0033657550811768
2325,7,93,1.0086995363235474
2326,7,94,1.0317106246948242
2327,7,95,0.9980719685554504
2328,7,96,0.9994691610336304
2329,7,97,1.0980234146118164
2330,7,98,0.9743731617927551
2331,7,99,0.9757580757141113
2332,7,100,1.0510780811309814
2333,7,101,0.9568672180175781
2334,7,102,0.9567335247993469
2335,7,103,0.9704318046569824
2336,7,104,0.9817479252815247
2337,7,105,1.0566846132278442
2338,7,106,0.9733668565750122
2339,7,107,1.0426361560821533
2340,7,108,0.9850484728813171
2341,7,109,1.0310213565826416
2342,7,110,0.9848234057426453
2343,7,111,0.9496199488639832
2344,7,112,0.9642394185066223
2345,7,113,0.9416736364364624
2346,7,114,0.9636676907539368
2347,7,115,0.9699579477310181
2348,7,116,0.9688571095466614
2349,7,117,1.0086482763290405
2350,7,118,0.946522057056427
2351,7,119,0.9675322771072388
2352,7,120,0.9606494903564453
2353,7,121,1.1199840307235718
2354,7,122,0.9398095011711121
2355,7,123,0.9723779559135437
2356,7,124,1.0043613910675049
2357,7,125,0.9553195834159851
2358,7,126,0.9614063501358032
2359,7,127,0.953356921672821
2360,7,128,1.0325955152511597
2361,7,129,1.0537408590316772
2362,7,130,1.0117835998535156
2363,7,131,1.042493224143982
2364,7,132,0.9370821714401245
2365,7,133,1.0486239194869995
2366,7,134,0.9812713861465454
2367,7,135,0.9746240377426147
2368,7,136,1.0100412368774414
2369,7,137,0.9942633509635925
2370,7,138,1.0134891271591187
2371,7,139,0.956163227558136
2372,7,140,0.9721101522445679
2373,7,141,0.9608582258224487
2374,7,142,0.9736467599868774
2375,7,143,0.9722986221313477
2376,7,144,0.9599291682243347
2377,7,145,0.9680256843566895
2378,7,146,0.9454024434089661
2379,7,147,0.9592229127883911
2380,7,148,0.9594448208808899
2381,7,149,0.9484332799911499
2382,7,150,0.9729841351509094
2383,7,151,0.9968158006668091
2384,7,152,0.967131495475769
2385,7,153,0.9620629549026489
2386,7,154,1.0576858520507812
2387,7,155,0.940682053565979
2388,7,156,1.0034557580947876
2389,7,157,0.9861896634101868
2390,7,158,0.992745578289032
2391,7,159,0.9714932441711426
2392,7,160,0.9851328134536743
2393,7,161,0.9598671793937683
2394,7,162,0.9433716535568237
2395,7,163,0.9415184259414673
2396,7,164,0.9891225695610046
2397,7,165,0.9286695718765259
2398,7,166,0.9457424879074097
2399,7,167,0.9116331934928894
2400,7,168,0.9596549272537231
2401,7,169,1.0404390096664429
2402,7,170,0.9309388399124146
2403,7,171,0.9614472389221191
2404,7,172,0.9555098414421082
2405,7,173,1.0025393962860107
2406,7,174,0.9278455972671509
2407,7,175,0.9338076710700989
2408,7,176,0.9761394262313843
2409,7,177,0.9374464154243469
2410,7,178,0.9342249035835266
2411,7,179,1.0016552209854126
2412,7,180,1.0163116455078125
2413,7,181,1.0061067342758179
2414,7,182,0.9512279629707336
2415,7,183,0.9713934063911438
2416,7,184,0.9447067379951477
2417,7,185,0.9920707941055298
2418,7,186,0.9532250165939331
2419,7,187,0.9933395385742188
2420,7,188,0.9473458528518677
2421,7,189,0.9803850054740906
2422,7,190,0.9004737734794617
2423,7,191,1.1226584911346436
2424,7,192,0.937047004699707
2425,7,193,0.9771600961685181
2426,7,194,1.0268924236297607
2427,7,195,0.9218632578849792
2428,7,196,0.9340031743049622
2429,7,197,0.9160062074661255
2430,7,198,0.9421684145927429
2431,7,199,0.9737198948860168
2432,7,200,0.9467254877090454
2433,7,201,0.9706667065620422
2434,7,202,0.9557924270629883
2435,7,203,0.9591666460037231
2436,7,204,0.9120835065841675
2437,7,205,0.9407857656478882
2438,7,206,1.0176845788955688
2439,7,207,0.91376131772995
2440,7,208,0.9790830612182617
2441,7,209,0.9624980688095093
2442,7,210,0.917872428894043
2443,7,211,0.9276365041732788
2444,7,212,0.9849998354911804
2445,7,213,0.9651702642440796
2446,7,214,0.9094377756118774
2447,7,215,0.9501605033874512
2448,7,216,0.8936370015144348
2449,7,217,0.9564752578735352
2450,7,218,0.9334676861763
2451,7,219,0.9169334173202515
2452,7,220,1.002248764038086
2453,7,221,0.9824236035346985
2454,7,222,0.9827979803085327
2455,7,223,1.145049810409546
2456,7,224,0.9041128158569336
2457,7,225,0.9343369603157043
2458,7,226,0.964605987071991
2459,7,227,1.0148160457611084
2460,7,228,0.9627408981323242
2461,7,229,0.9407800436019897
2462,7,230,0.9801801443099976
2463,7,231,0.8861571550369263
2464,7,232,1.095063328742981
2465,7,233,0.9138288497924805
2466,7,234,0.9303361773490906
2467,7,235,0.9876869916915894
2468,7,236,0.9260451197624207
2469,7,237,0.925233006477356
2470,7,238,0.9397692680358887
2471,7,239,0.9800044894218445
2472,7,240,0.9939223527908325
2473,7,241,1.1336941719055176
2474,7,242,0.9793535470962524
2475,7,243,0.9013779759407043
2476,7,244,0.9596785306930542
2477,7,245,0.9260023832321167
2478,7,246,0.9332804679870605
2479,7,247,0.9359234571456909
2480,7,248,0.93034428358078
2481,7,249,0.9285152554512024
2482,7,250,0.9663606882095337
2483,7,251,0.8847154378890991
2484,7,252,0.9345735311508179
2485,7,253,0.9595522880554199
2486,7,254,0.9143247604370117
2487,7,255,0.9174105525016785
2488,7,256,0.9304870367050171
2489,7,257,0.9672239422798157
2490,7,258,0.8872405886650085
2491,7,259,0.915686309337616
2492,7,260,0.9538334012031555
2493,7,261,1.0101587772369385
2494,7,262,0.9023768305778503
2495,7,263,0.9834223985671997
2496,7,264,0.9775892496109009
2497,7,265,0.8970232009887695
2498,7,266,0.8699235916137695
2499,7,267,1.0025410652160645
2500,7,268,1.0032923221588135
2501,7,269,0.9284951090812683
2502,7,270,0.8820934295654297
2503,7,271,0.9260038137435913
2504,7,272,0.9610767364501953
2505,7,273,0.8784977197647095
2506,7,274,0.9882194399833679
2507,7,275,0.9159799814224243
2508,7,276,0.9536593556404114
2509,7,277,0.9594672918319702
2510,7,278,0.9124725461006165
2511,7,279,0.8784619569778442
2512,7,280,0.8975387811660767
2513,7,281,0.9185303449630737
2514,7,282,0.9172936677932739
2515,7,283,0.8944782018661499
2516,7,284,0.9149497747421265
2517,7,285,0.9210172891616821
2518,7,286,0.9117308855056763
2519,7,287,0.9436444044113159
2520,7,288,0.9155218005180359
2521,7,289,0.882128119468689
2522,7,290,0.924625039100647
2523,7,291,0.9068219065666199
2524,7,292,0.9256442785263062
2525,7,293,0.9716525077819824
2526,7,294,1.0427496433258057
2527,7,295,0.9446709752082825
2528,7,296,0.9320988655090332
2529,7,297,0.9686213731765747
2530,7,298,0.9351783990859985
2531,7,299,0.8869701623916626
2532,7,300,0.9010785222053528
2533,7,301,0.9234961271286011
2534,7,302,0.8627395629882812
2535,7,303,0.890595555305481
2536,7,304,0.8457610011100769
2537,7,305,0.8823310136795044
2538,7,306,0.866415798664093
2539,7,307,0.9736700057983398
2540,7,308,0.9290436506271362
2541,7,309,0.8884797096252441
2542,7,310,0.9070698618888855
2543,7,311,0.8605645298957825
2544,7,312,1.010124921798706
2545,7,313,0.9315388798713684
2546,7,314,0.9148996472358704
2547,7,315,0.8664358854293823
2548,7,316,1.0076117515563965
2549,7,317,0.9613292813301086
2550,7,318,0.9593426585197449
2551,7,319,0.8930144309997559
2552,7,320,0.8812483549118042
2553,7,321,0.8304263949394226
2554,7,322,0.9103549122810364
2555,7,323,0.9263733625411987
2556,7,324,0.9708448648452759
2557,7,325,0.9177957773208618
2558,7,326,0.9396436810493469
2559,7,327,0.9748773574829102
2560,7,328,0.9079005122184753
2561,7,329,0.8769065737724304
2562,7,330,0.9077092409133911
2563,7,331,0.8849733471870422
2564,7,332,1.043236494064331
2565,7,333,0.9427921175956726
2566,7,334,0.9847798347473145
2567,7,335,0.9353585243225098
2568,7,336,0.8992757797241211
2569,7,337,0.9698594808578491
2570,7,338,0.8941870927810669
2571,7,339,0.8855416178703308
2572,7,340,0.9057790637016296
2573,7,341,0.865402340888977
2574,7,342,0.9695912599563599
2575,7,343,0.9117010831832886
2576,7,344,0.9110990762710571
2577,7,345,0.8856579661369324
2578,7,346,0.8589550256729126
2579,7,347,0.9493937492370605
2580,7,348,0.8628029823303223
2581,7,349,0.9584943652153015
2582,7,350,0.8994067907333374
2583,7,351,0.9321616888046265
2584,7,352,0.8927056193351746
2585,7,353,0.9717366099357605
2586,7,354,0.8828479647636414
2587,7,355,0.9007687568664551
2588,7,356,0.9368063807487488
2589,7,357,0.8674103021621704
2590,7,358,1.0602619647979736
2591,7,359,0.8945743441581726
2592,7,360,1.0879751443862915
2593,7,361,0.910943329334259
2594,7,362,0.8554347157478333
2595,7,363,0.874402642250061
2596,7,364,0.882544994354248
2597,7,365,0.8647249341011047
2598,7,366,1.01853346824646
2599,7,367,0.9110167622566223
2600,7,368,0.9049520492553711
2601,7,369,0.914132297039032
2602,7,370,0.882895827293396
2603,7,371,0.8993409276008606
2604,7,372,1.097927212715149
2605,8,1,0.8847811818122864
2606,8,2,0.9093022346496582
2607,8,3,0.9137986302375793
2608,8,4,0.9240490198135376
2609,8,5,0.8471238017082214
2610,8,6,0.8550350069999695
2611,8,7,0.828965961933136
2612,8,8,1.039994478225708
2613,8,9,0.8566959500312805
2614,8,10,0.9761492609977722
2615,8,11,0.8518760800361633
2616,8,12,0.911755383014679
2617,8,13,1.031744360923767
2618,8,14,0.9007993936538696
2619,8,15,1.0488331317901611
2620,8,16,0.8485729098320007
2621,8,17,0.8648293614387512
2622,8,18,0.8208368420600891
2623,8,19,0.9217036962509155
2624,8,20,0.8703373670578003
2625,8,21,0.9675717353820801
2626,8,22,0.8704425096511841
2627,8,23,0.8612947463989258
2628,8,24,0.886820912361145
2629,8,25,0.8435688018798828
2630,8,26,0.8549928665161133
2631,8,27,0.8592201471328735
2632,8,28,0.8622473478317261
2633,8,29,0.8554517030715942
2634,8,30,0.8880993723869324
2635,8,31,0.903143048286438
2636,8,32,0.8761350512504578
2637,8,33,0.973251461982727
2638,8,34,0.8006305694580078
2639,8,35,0.8452415466308594
2640,8,36,0.9195868372917175
2641,8,37,0.9572561383247375
2642,8,38,0.8798354864120483
2643,8,39,0.8826915621757507
2644,8,40,0.8345264196395874
2645,8,41,0.8557978868484497
2646,8,42,0.9023803472518921
2647,8,43,1.0018740892410278
2648,8,44,0.8351303339004517
2649,8,45,0.7983739972114563
2650,8,46,0.9554158449172974
2651,8,47,0.8922708630561829
2652,8,48,0.8695847392082214
2653,8,49,0.8755882382392883
2654,8,50,0.9378008842468262
2655,8,51,0.8847667574882507
2656,8,52,0.9465802907943726
2657,8,53,0.8765096664428711
2658,8,54,0.9412194490432739
2659,8,55,0.828574538230896
2660,8,56,0.960736870765686
2661,8,57,0.8404420614242554
2662,8,58,0.8387640118598938
2663,8,59,0.8480550050735474
2664,8,60,0.9302639961242676
2665,8,61,0.8609027862548828
2666,8,62,0.8650423884391785
2667,8,63,0.9391759634017944
2668,8,64,0.890857994556427
2669,8,65,0.9011812210083008
2670,8,66,0.874812126159668
2671,8,67,0.8954526782035828
2672,8,68,0.8386046290397644
2673,8,69,0.8615838885307312
2674,8,70,0.8948987126350403
2675,8,71,0.8989006280899048
2676,8,72,0.8211592435836792
2677,8,73,0.8408766984939575
2678,8,74,0.835019588470459
2679,8,75,0.8184043169021606
2680,8,76,0.8439084887504578
2681,8,77,0.8662358522415161
2682,8,78,0.8220138549804688
2683,8,79,0.9860981702804565
2684,8,80,0.898982048034668
2685,8,81,0.8676925897598267
2686,8,82,0.8613923192024231
2687,8,83,0.946520209312439
2688,8,84,0.8526166677474976
2689,8,85,0.8542016744613647
2690,8,86,0.8569521903991699
2691,8,87,0.8302887678146362
2692,8,88,0.8384124040603638
2693,8,89,0.8740496635437012
2694,8,90,0.8354255557060242
2695,8,91,0.8778956532478333
2696,8,92,0.8250673413276672
2697,8,93,0.8010134696960449
2698,8,94,0.8391116857528687
2699,8,95,0.8541096448898315
2700,8,96,0.8480278849601746
2701,8,97,0.8791953325271606
2702,8,98,0.8012112379074097
2703,8,99,0.8002969026565552
2704,8,100,0.9587513208389282
2705,8,101,0.861397385597229
2706,8,102,0.8099042177200317
2707,8,103,0.8428338170051575
2708,8,104,0.8054898381233215
2709,8,105,0.878251850605011
2710,8,106,0.8107177019119263
2711,8,107,0.8727213144302368
2712,8,108,0.8822952508926392
2713,8,109,0.845454216003418
2714,8,110,0.8581513166427612
2715,8,111,0.9312341809272766
2716,8,112,0.8020578622817993
2717,8,113,0.8616641163825989
2718,8,114,0.8126915097236633
2719,8,115,0.8920868635177612
2720,8,116,0.9943404197692871
2721,8,117,0.9019712209701538
2722,8,118,0.8455479741096497
2723,8,119,0.851915717124939
2724,8,120,0.9048639535903931
2725,8,121,0.8222867846488953
2726,8,122,0.861608624458313
2727,8,123,0.8033987283706665
2728,8,124,0.9029364585876465
2729,8,125,0.8436991572380066
2730,8,126,0.8488101959228516
2731,8,127,0.8164755702018738
2732,8,128,0.7932029962539673
2733,8,129,0.8462692499160767
2734,8,130,0.8432230949401855
2735,8,131,0.8441001772880554
2736,8,132,0.8864827156066895
2737,8,133,0.8487986326217651
2738,8,134,0.783621609210968
2739,8,135,0.814624011516571
2740,8,136,0.8719719052314758
2741,8,137,0.8349139094352722
2742,8,138,0.8139330148696899
2743,8,139,0.8128989934921265
2744,8,140,0.8538302183151245
2745,8,141,0.8300271034240723
2746,8,142,0.7999312281608582
2747,8,143,0.8886669278144836
2748,8,144,0.8426824808120728
2749,8,145,0.8934553265571594
2750,8,146,0.8481675982475281
2751,8,147,0.8078380823135376
2752,8,148,0.8583420515060425
2753,8,149,0.8586210012435913
2754,8,150,0.8297659158706665
2755,8,151,0.8160384297370911
2756,8,152,0.8405094146728516
2757,8,153,0.9153612852096558
2758,8,154,0.7725262641906738
2759,8,155,0.7916179299354553
2760,8,156,0.8890305757522583
2761,8,157,0.7914931774139404
2762,8,158,0.8139972686767578
2763,8,159,0.7983019351959229
2764,8,160,0.9141221046447754
2765,8,161,0.8906067609786987
2766,8,162,0.7967735528945923
2767,8,163,0.8473687171936035
2768,8,164,0.8895829319953918
2769,8,165,0.8234747052192688
2770,8,166,0.8428268432617188
2771,8,167,0.8265241384506226
2772,8,168,0.8815752863883972
2773,8,169,0.8108236193656921
2774,8,170,0.8152735829353333
2775,8,171,0.8481758236885071
2776,8,172,0.9057043194770813
2777,8,173,0.866665244102478
2778,8,174,0.7990133762359619
2779,8,175,0.8181460499763489
2780,8,176,0.8396128416061401
2781,8,177,0.8297919034957886
2782,8,178,0.7915785908699036
2783,8,179,0.8719112277030945
2784,8,180,0.8348277807235718
2785,8,181,0.8904168009757996
2786,8,182,0.7818291783332825
2787,8,183,0.750443160533905
2788,8,184,0.8452736735343933
2789,8,185,0.8634040951728821
2790,8,186,0.8226383924484253
2791,8,187,0.8728599548339844
2792,8,188,1.0018202066421509
2793,8,189,0.8636100888252258
2794,8,190,0.7993345856666565
2795,8,191,0.8409417271614075
2796,8,192,0.8514121770858765
2797,8,193,0.7900522351264954
2798,8,194,0.7919079065322876
2799,8,195,0.8046878576278687
2800,8,196,0.8784831762313843
2801,8,197,0.8361700773239136
2802,8,198,0.8284541368484497
2803,8,199,0.835879921913147
2804,8,200,0.8477544784545898
2805,8,201,0.8482105135917664
2806,8,202,0.8389402627944946
2807,8,203,0.8822763562202454
2808,8,204,0.9073166847229004
2809,8,205,0.8184735178947449
2810,8,206,0.8364203572273254
2811,8,207,1.0097951889038086
2812,8,208,0.8358219265937805
2813,8,209,0.8469113111495972
2814,8,210,0.8562189340591431
2815,8,211,0.8183448910713196
2816,8,212,0.807447075843811
2817,8,213,0.9122536778450012
2818,8,214,0.8746895790100098
2819,8,215,0.866481602191925
2820,8,216,0.848659336566925
2821,8,217,0.8231827616691589
2822,8,218,0.7769049406051636
2823,8,219,0.8160123825073242
2824,8,220,0.8544605374336243
2825,8,221,0.7816758155822754
2826,8,222,0.8217043876647949
2827,8,223,0.7767432928085327
2828,8,224,0.8640317916870117
2829,8,225,0.8149615526199341
2830,8,226,0.8219768404960632
2831,8,227,0.7981387376785278
2832,8,228,0.8277525901794434
2833,8,229,0.8274156451225281
2834,8,230,0.8173750638961792
2835,8,231,0.851845920085907
2836,8,232,0.834845244884491
2837,8,233,0.7848503589630127
2838,8,234,0.9004915952682495
2839,8,235,0.8232694864273071
2840,8,236,0.7879124879837036
2841,8,237,0.8146697878837585
2842,8,238,0.8476120233535767
2843,8,239,0.8468397855758667
2844,8,240,0.8509074449539185
2845,8,241,0.806890606880188
2846,8,242,0.860068142414093
2847,8,243,0.742841899394989
2848,8,244,0.8403856158256531
2849,8,245,0.7698293924331665
2850,8,246,0.9672427177429199
2851,8,247,0.8134281039237976
2852,8,248,0.7835837602615356
2853,8,249,0.8339638710021973
2854,8,250,0.828079104423523
2855,8,251,0.8088903427124023
2856,8,252,0.8359677195549011
2857,8,253,0.8643428087234497
2858,8,254,0.8097022175788879
2859,8,255,0.8333016633987427
2860,8,256,0.8023405075073242
2861,8,257,0.7964815497398376
2862,8,258,0.8052285313606262
2863,8,259,0.7861191630363464
2864,8,260,0.8279935121536255
2865,8,261,0.7811144590377808
2866,8,262,0.9229544401168823
2867,8,263,0.7711687684059143
2868,8,264,0.7905582189559937
2869,8,265,0.891628086566925
2870,8,266,0.8295083045959473
2871,8,267,0.7973648309707642
2872,8,268,0.8076569437980652
2873,8,269,0.7810982465744019
2874,8,270,0.8067787289619446
2875,8,271,0.8149663209915161
2876,8,272,0.8287050127983093
2877,8,273,0.7919164299964905
2878,8,274,0.8431885838508606
2879,8,275,0.7766514420509338
2880,8,276,0.7951158285140991
2881,8,277,0.8036223649978638
2882,8,278,0.8525052070617676
2883,8,279,0.748451828956604
2884,8,280,0.7473176717758179
2885,8,281,0.824882984161377
2886,8,282,0.8073059916496277
2887,8,283,0.7812460660934448
2888,8,284,0.840721607208252
2889,8,285,0.894565761089325
2890,8,286,0.7588571310043335
2891,8,287,0.7618812918663025
2892,8,288,0.7916909456253052
2893,8,289,0.7983785271644592
2894,8,290,0.8120328783988953
2895,8,291,0.773742139339447
2896,8,292,0.8720808029174805
2897,8,293,0.7930783033370972
2898,8,294,0.7664952874183655
2899,8,295,0.7647848725318909
2900,8,296,0.8052892684936523
2901,8,297,0.7883531451225281
2902,8,298,0.7762261629104614
2903,8,299,0.7920874357223511
2904,8,300,0.7636650800704956
2905,8,301,0.8396188616752625
2906,8,302,0.7952864766120911
2907,8,303,0.7995794415473938
2908,8,304,0.8320465087890625
2909,8,305,0.803745448589325
2910,8,306,0.7704353332519531
2911,8,307,0.756369948387146
2912,8,308,0.8828743100166321
2913,8,309,0.8968889117240906
2914,8,310,0.7977063655853271
2915,8,311,0.8299517631530762
2916,8,312,0.7968718409538269
2917,8,313,0.7375904321670532
2918,8,314,0.7748101949691772
2919,8,315,0.8797289133071899
2920,8,316,0.7487679123878479
2921,8,317,0.8221012949943542
2922,8,318,0.8597122430801392
2923,8,319,0.7861143946647644
2924,8,320,0.7695218920707703
2925,8,321,0.7912625670433044
2926,8,322,0.8371902704238892
2927,8,323,0.7547375559806824
2928,8,324,0.853493332862854
2929,8,325,0.7328668832778931
2930,8,326,0.7676619291305542
2931,8,327,0.7687682509422302
2932,8,328,0.7288622856140137
2933,8,329,0.8441252708435059
2934,8,330,0.8898276090621948
2935,8,331,0.745963454246521
2936,8,332,0.8346891403198242
2937,8,333,0.8335962295532227
2938,8,334,0.7349697947502136
2939,8,335,0.9830328822135925
2940,8,336,0.8140707015991211
2941,8,337,0.9869130253791809
2942,8,338,0.8201192617416382
2943,8,339,0.7278565168380737
2944,8,340,0.8389595746994019
2945,8,341,0.8090764284133911
2946,8,342,0.8000411987304688
2947,8,343,0.7592240571975708
2948,8,344,0.9056986570358276
2949,8,345,0.7900177240371704
2950,8,346,0.809186577796936
2951,8,347,0.7843804359436035
2952,8,348,0.7704821825027466
2953,8,349,0.7552550435066223
2954,8,350,0.7543760538101196
2955,8,351,0.7883581519126892
2956,8,352,0.7639442682266235
2957,8,353,0.8153850436210632
2958,8,354,0.8134632110595703
2959,8,355,0.7571734189987183
2960,8,356,0.7576770782470703
2961,8,357,0.7983078360557556
2962,8,358,0.8483093976974487
2963,8,359,0.8338395357131958
2964,8,360,0.7762869596481323
2965,8,361,0.7548447847366333
2966,8,362,0.7784610390663147
2967,8,363,0.8070253133773804
2968,8,364,0.7499445676803589
2969,8,365,0.8092624545097351
2970,8,366,0.7792108058929443
2971,8,367,0.7331659197807312
2972,8,368,0.7535635232925415
2973,8,369,0.8132660984992981
2974,8,370,0.7545915842056274
2975,8,371,0.8618122935295105
2976,8,372,0.7814857363700867
2977,9,1,0.7915418148040771
2978,9,2,0.7963128089904785
2979,9,3,0.772847056388855
2980,9,4,0.7835481762886047
2981,9,5,0.7728472352027893
2982,9,6,0.7481721043586731
2983,9,7,0.8152710795402527
2984,9,8,0.7788897752761841
2985,9,9,0.7584388256072998
2986,9,10,0.7546768188476562
2987,9,11,0.865419864654541
2988,9,12,0.820449709892273
2989,9,13,0.7355527281761169
2990,9,14,0.7661075592041016
2991,9,15,0.7654646635055542
2992,9,16,0.8506962060928345
2993,9,17,0.7370720505714417
2994,9,18,0.7853230834007263
2995,9,19,0.7695363759994507
2996,9,20,0.7260093688964844
2997,9,21,0.8005713224411011
2998,9,22,0.7705411314964294
2999,9,23,0.8245574831962585
3000,9,24,0.7292672991752625
3001,9,25,0.8376445770263672
3002,9,26,0.7496667504310608
3003,9,27,0.7580832242965698
3004,9,28,0.7733882069587708
3005,9,29,0.7957136034965515
3006,9,30,0.8040615320205688
3007,9,31,0.8249432444572449
3008,9,32,0.7583619952201843
3009,9,33,0.7759584188461304
3010,9,34,0.7443515062332153
3011,9,35,0.7773451209068298
3012,9,36,0.8414400219917297
3013,9,37,0.7750445008277893
3014,9,38,0.7794837355613708
3015,9,39,0.7556607723236084
3016,9,40,0.768845796585083
3017,9,41,0.7833857536315918
3018,9,42,0.7623899579048157
3019,9,43,0.7754644155502319
3020,9,44,0.7131840586662292
3021,9,45,0.7663882374763489
3022,9,46,0.7596536874771118
3023,9,47,0.8039076924324036
3024,9,48,0.7640092372894287
3025,9,49,0.733104407787323
3026,9,50,0.713906466960907
3027,9,51,0.7883273363113403
3028,9,52,0.7552070021629333
3029,9,53,0.7611998319625854
3030,9,54,0.7618967294692993
3031,9,55,0.7271868586540222
3032,9,56,0.7886635065078735
3033,9,57,0.7027729749679565
3034,9,58,0.7185980081558228
3035,9,59,0.7810864448547363
3036,9,60,0.8106392025947571
3037,9,61,0.7465452551841736
3038,9,62,0.7367913126945496
3039,9,63,0.7411924600601196
3040,9,64,0.7865661382675171
3041,9,65,0.7456021308898926
3042,9,66,0.8815369606018066
3043,9,67,0.763320803642273
3044,9,68,0.7481943368911743
3045,9,69,0.7678630948066711
3046,9,70,0.7368451356887817
3047,9,71,0.7099242806434631
3048,9,72,0.7486671209335327
3049,9,73,0.7309314012527466
3050,9,74,0.7608705759048462
3051,9,75,0.7505007386207581
3052,9,76,0.7537387609481812
3053,9,77,0.80482017993927
3054,9,78,0.7185586094856262
3055,9,79,0.799157977104187
3056,9,80,0.7564522624015808
3057,9,81,0.7538343667984009
3058,9,82,0.8183344006538391
3059,9,83,0.7087255716323853
3060,9,84,0.7793199419975281
3061,9,85,0.81416255235672
3062,9,86,0.7231799364089966
3063,9,87,0.7343584299087524
3064,9,88,0.7799125909805298
3065,9,89,0.729403555393219
3066,9,90,0.7594015002250671
3067,9,91,0.7735851407051086
3068,9,92,0.724359929561615
3069,9,93,0.7649487853050232
3070,9,94,0.760527491569519
3071,9,95,0.7638462781906128
3072,9,96,0.8201683163642883
3073,9,97,0.7947530746459961
3074,9,98,0.7344015836715698
3075,9,99,0.7436054944992065
3076,9,100,0.7384851574897766
3077,9,101,0.7712361812591553
3078,9,102,0.7441995143890381
3079,9,103,0.7358044385910034
3080,9,104,0.7048838138580322
3081,9,105,0.7938560843467712
3082,9,106,0.6988075971603394
3083,9,107,0.7277134656906128
3084,9,108,0.7279760837554932
3085,9,109,0.7024205923080444
3086,9,110,0.8204665184020996
3087,9,111,0.7234042286872864
3088,9,112,0.7406059503555298
3089,9,113,0.7246009707450867
3090,9,114,0.7224463224411011
3091,9,115,0.778893768787384
3092,9,116,0.6705254316329956
3093,9,117,0.7437437176704407
3094,9,118,0.7751083374023438
3095,9,119,0.7817020416259766
3096,9,120,0.7133333683013916
3097,9,121,0.7281239032745361
3098,9,122,0.7724308371543884
3099,9,123,0.9146770238876343
3100,9,124,0.7608436346054077
3101,9,125,0.683907151222229
3102,9,126,0.7298436164855957
3103,9,127,0.752776026725769
3104,9,128,0.7394887208938599
3105,9,129,0.7661354541778564
3106,9,130,0.7324552536010742
3107,9,131,0.6990765333175659
3108,9,132,0.7936715483665466
3109,9,133,0.7205708622932434
3110,9,134,0.8981729745864868
3111,9,135,1.0680214166641235
3112,9,136,0.6864871382713318
3113,9,137,0.7257072329521179
3114,9,138,0.7437411546707153
3115,9,139,0.7325769662857056
3116,9,140,0.7704047560691833
3117,9,141,0.7329211235046387
3118,9,142,0.7813490629196167
3119,9,143,0.7608120441436768
3120,9,144,0.7570526003837585
3121,9,145,0.7428612112998962
3122,9,146,0.8338558077812195
3123,9,147,0.7030636072158813
3124,9,148,0.7713223099708557
3125,9,149,0.7337957620620728
3126,9,150,0.7459278106689453
3127,9,151,0.7520155310630798
3128,9,152,0.7314540147781372
3129,9,153,0.7419676780700684
3130,9,154,0.7298845648765564
3131,9,155,0.7233668565750122
3132,9,156,0.7224794030189514
3133,9,157,0.7639794945716858
3134,9,158,0.7309951782226562
3135,9,159,0.7549583315849304
3136,9,160,0.6923784613609314
3137,9,161,0.7357931137084961
3138,9,162,0.9186781644821167
3139,9,163,0.7132366895675659
3140,9,164,0.7283791899681091
3141,9,165,0.7167744636535645
3142,9,166,0.8411609530448914
3143,9,167,0.8334285616874695
3144,9,168,0.9349702596664429
3145,9,169,0.6923494338989258
3146,9,170,0.6713536977767944
3147,9,171,0.6863614916801453
3148,9,172,0.6991244554519653
3149,9,173,0.7947789430618286
3150,9,174,0.7523858547210693
3151,9,175,0.719806432723999
3152,9,176,0.7019949555397034
3153,9,177,0.7683765292167664
3154,9,178,0.781985878944397
3155,9,179,0.7482029795646667
3156,9,180,0.7288923859596252
3157,9,181,0.7543178796768188
3158,9,182,0.6958926916122437
3159,9,183,0.7855087518692017
3160,9,184,0.7425616383552551
3161,9,185,0.7229321002960205
3162,9,186,0.7580509781837463
3163,9,187,0.7438911199569702
3164,9,188,0.7562730312347412
3165,9,189,0.8902226686477661
3166,9,190,0.7789009213447571
3167,9,191,0.7295070290565491
3168,9,192,0.7049012780189514
3169,9,193,0.7027057409286499
3170,9,194,0.8525876998901367
3171,9,195,0.800220787525177
3172,9,196,0.6990333795547485
3173,9,197,0.7543923854827881
3174,9,198,0.6963048577308655
3175,9,199,0.7780267596244812
3176,9,200,0.7495203018188477
3177,9,201,0.776448667049408
3178,9,202,0.7432939410209656
3179,9,203,0.6903873682022095
3180,9,204,0.6860682964324951
3181,9,205,0.7734456062316895
3182,9,206,0.6984606385231018
3183,9,207,0.6740272641181946
3184,9,208,0.6602895259857178
3185,9,209,0.715133547782898
3186,9,210,0.7584560513496399
3187,9,211,0.7290919423103333
3188,9,212,0.9155397415161133
3189,9,213,0.7006428837776184
3190,9,214,0.7516642808914185
3191,9,215,0.6992779970169067
3192,9,216,0.7810328602790833
3193,9,217,0.7972362637519836
3194,9,218,0.7338137626647949
3195,9,219,0.7342710494995117
3196,9,220,0.7360799908638
3197,9,221,0.6893578171730042
3198,9,222,0.7330392003059387
3199,9,223,0.7717316746711731
3200,9,224,0.6778961420059204
3201,9,225,0.7140644788742065
3202,9,226,0.8256572484970093
3203,9,227,0.8018735647201538
3204,9,228,0.7371453046798706
3205,9,229,0.806132972240448
3206,9,230,0.7520948648452759
3207,9,231,0.6879647970199585
3208,9,232,0.6882051229476929
3209,9,233,0.7297336459159851
3210,9,234,0.7451077699661255
3211,9,235,0.7561437487602234
3212,9,236,0.7190997004508972
3213,9,237,0.7209676504135132
3214,9,238,0.734105110168457
3215,9,239,0.6790814995765686
3216,9,240,0.7413474321365356
3217,9,241,0.7203546166419983
3218,9,242,0.8051689267158508
3219,9,243,0.7793976664543152
3220,9,244,0.6512775421142578
3221,9,245,0.7151448726654053
3222,9,246,0.7094219923019409
3223,9,247,0.7339012622833252
3224,9,248,0.6854479312896729
3225,9,249,0.6684099435806274
3226,9,250,0.7360148429870605
3227,9,251,0.6976319551467896
3228,9,252,0.7299591898918152
3229,9,253,0.673162043094635
3230,9,254,0.7047439217567444
3231,9,255,0.6602832078933716
3232,9,256,0.7247441411018372
3233,9,257,0.7119499444961548
3234,9,258,0.6912420988082886
3235,9,259,0.7037380337715149
3236,9,260,0.7044287323951721
3237,9,261,0.6993285417556763
3238,9,262,0.6892089247703552
3239,9,263,0.7010983228683472
3240,9,264,0.8180073499679565
3241,9,265,0.7594927549362183
3242,9,266,0.7497171759605408
3243,9,267,0.7347002029418945
3244,9,268,0.8020650148391724
3245,9,269,0.7014158964157104
3246,9,270,0.6841932535171509
3247,9,271,0.7257441282272339
3248,9,272,0.7858750820159912
3249,9,273,0.7354739904403687
3250,9,274,0.8402160406112671
3251,9,275,0.757030189037323
3252,9,276,0.7382138967514038
3253,9,277,0.7414032816886902
3254,9,278,0.6627922058105469
3255,9,279,0.6895793080329895
3256,9,280,0.7219411730766296
3257,9,281,0.7169722318649292
3258,9,282,0.708527684211731
3259,9,283,0.679034948348999
3260,9,284,0.7479894757270813
3261,9,285,0.9002310037612915
3262,9,286,0.7638916373252869
3263,9,287,0.7091140151023865
3264,9,288,0.6926901340484619
3265,9,289,0.7680853605270386
3266,9,290,0.7335424423217773
3267,9,291,0.7626851797103882
3268,9,292,0.6884609460830688
3269,9,293,0.746853232383728
3270,9,294,0.6996492147445679
3271,9,295,0.6667554974555969
3272,9,296,0.7757297158241272
3273,9,297,0.6924408674240112
3274,9,298,0.7288321852684021
3275,9,299,0.7421755790710449
3276,9,300,0.791121780872345
3277,9,301,0.6940996646881104
3278,9,302,0.6823021769523621
3279,9,303,0.7282358407974243
3280,9,304,0.6886533498764038
3281,9,305,0.8098174333572388
3282,9,306,0.6530163288116455
3283,9,307,0.7154039740562439
3284,9,308,0.6728821992874146
3285,9,309,0.9614109992980957
3286,9,310,0.720693826675415
3287,9,311,0.7385200262069702
3288,9,312,0.7590771317481995
3289,9,313,0.7014831304550171
3290,9,314,0.7553484439849854
3291,9,315,0.6623371839523315
3292,9,316,0.7265817523002625
3293,9,317,0.7565329074859619
3294,9,318,0.7155560255050659
3295,9,319,0.726495087146759
3296,9,320,0.7328625321388245
3297,9,321,0.7298620939254761
3298,9,322,0.6697572469711304
3299,9,323,0.682185173034668
3300,9,324,0.706314742565155
3301,9,325,0.6486346125602722
3302,9,326,0.6792070269584656
3303,9,327,0.6397430896759033
3304,9,328,0.6467677354812622
3305,9,329,0.723563551902771
3306,9,330,0.7132062315940857
3307,9,331,0.7608433365821838
3308,9,332,0.7310328483581543
3309,9,333,0.711778998374939
3310,9,334,0.8060382008552551
3311,9,335,0.6570800542831421
3312,9,336,0.6454139351844788
3313,9,337,0.6732959151268005
3314,9,338,0.8006137013435364
3315,9,339,0.7374231219291687
3316,9,340,0.6962613463401794
3317,9,341,0.706868052482605
3318,9,342,0.7440019249916077
3319,9,343,0.715214192867279
3320,9,344,0.7304309606552124
3321,9,345,0.671265184879303
3322,9,346,0.8731220364570618
3323,9,347,0.7025452852249146
3324,9,348,0.708072304725647
3325,9,349,0.6492584347724915
3326,9,350,0.6588956713676453
3327,9,351,0.7002447843551636
3328,9,352,0.7577086687088013
3329,9,353,0.704393744468689
3330,9,354,0.6892744898796082
3331,9,355,0.7458522319793701
3332,9,356,0.7117036581039429
3333,9,357,0.7248284816741943
3334,9,358,0.6839014887809753
3335,9,359,0.7471427917480469
3336,9,360,0.6968929171562195
3337,9,361,0.6791749596595764
3338,9,362,0.6458255052566528
3339,9,363,0.6809061765670776
3340,9,364,0.6649559140205383
3341,9,365,0.6521130800247192
3342,9,366,0.712253987789154
3343,9,367,0.6812868714332581
3344,9,368,0.6825218200683594
3345,9,369,0.7444697618484497
3346,9,370,0.7985454797744751
3347,9,371,0.7197550535202026
3348,9,372,0.7191552519798279
3349,10,1,0.6993736028671265
3350,10,2,0.6809602379798889
3351,10,3,0.7544809579849243
3352,10,4,0.7223333120346069
3353,10,5,0.6633093953132629
3354,10,6,0.90703946352005
3355,10,7,0.674364447593689
3356,10,8,0.6669747233390808
3357,10,9,0.6980752944946289
3358,10,10,0.671973705291748
3359,10,11,0.6666761040687561
3360,10,12,0.6788613200187683
3361,10,13,0.623782753944397
3362,10,14,0.6991546750068665
3363,10,15,0.6923142671585083
3364,10,16,0.6710308194160461
3365,10,17,0.674150824546814
3366,10,18,0.7513188123703003
3367,10,19,0.6719754934310913
3368,10,20,0.7587321400642395
3369,10,21,0.646885097026825
3370,10,22,0.7200416922569275
3371,10,23,0.6778280138969421
3372,10,24,0.6717650294303894
3373,10,25,0.6844235062599182
3374,10,26,0.7406539916992188
3375,10,27,0.7652601003646851
3376,10,28,0.7489277124404907
3377,10,29,0.6865599751472473
3378,10,30,0.6765359044075012
3379,10,31,0.7521718740463257
3380,10,32,0.7126479148864746
3381,10,33,0.7029263377189636
3382,10,34,0.683496356010437
3383,10,35,0.673835813999176
3384,10,36,0.6705102920532227
3385,10,37,0.6427438259124756
3386,10,38,0.6955138444900513
3387,10,39,0.6896451711654663
3388,10,40,0.7674687504768372
3389,10,41,0.6840862035751343
3390,10,42,0.6811568140983582
3391,10,43,0.6815893054008484
3392,10,44,0.6528651714324951
3393,10,45,0.7017118334770203
3394,10,46,0.6780681610107422
3395,10,47,0.6917077302932739
3396,10,48,0.6366264820098877
3397,10,49,0.6976774334907532
3398,10,50,0.7394924163818359
3399,10,51,0.7116281390190125
3400,10,52,0.6641513705253601
3401,10,53,0.6876471042633057
3402,10,54,0.6765221357345581
3403,10,55,0.6409317255020142
3404,10,56,0.6523284912109375
3405,10,57,0.6609061360359192
3406,10,58,0.65251624584198
3407,10,59,0.6701259613037109
3408,10,60,0.7294072508811951
3409,10,61,0.6850800514221191
3410,10,62,0.793219804763794
3411,10,63,0.7394719123840332
3412,10,64,0.6277779340744019
3413,10,65,0.7064608335494995
3414,10,66,0.6592435240745544
3415,10,67,0.6623611450195312
3416,10,68,0.6231468319892883
3417,10,69,0.6462923288345337
3418,10,70,0.6431212425231934
3419,10,71,0.7121976017951965
3420,10,72,0.6512181162834167
3421,10,73,0.6665226221084595
3422,10,74,0.9054266214370728
3423,10,75,0.6585710048675537
3424,10,76,0.7009500861167908
3425,10,77,0.6605157256126404
3426,10,78,0.6585134267807007
3427,10,79,0.6990741491317749
3428,10,80,0.6765146255493164
3429,10,81,0.6346617937088013
3430,10,82,0.7110894918441772
3431,10,83,0.6683597564697266
3432,10,84,0.6272793412208557
3433,10,85,0.6283012628555298
3434,10,86,0.6420701742172241
3435,10,87,0.6173689961433411
3436,10,88,0.7145429849624634
3437,10,89,0.6452398300170898
3438,10,90,0.673935055732727
3439,10,91,0.6392064690589905
3440,10,92,0.6681194305419922
3441,10,93,0.6075767874717712
3442,10,94,0.6825234889984131
3443,10,95,0.6629773378372192
3444,10,96,0.6061036586761475
3445,10,97,0.7765975594520569
3446,10,98,0.6291465759277344
3447,10,99,0.6467103362083435
3448,10,100,0.5984399914741516
3449,10,101,0.7196885347366333
3450,10,102,0.67533278465271
3451,10,103,0.7158659100532532
3452,10,104,0.6488462686538696
3453,10,105,0.6351183652877808
3454,10,106,0.6323135495185852
3455,10,107,0.6574937701225281
3456,10,108,0.6145533919334412
3457,10,109,0.6749332547187805
3458,10,110,0.6560823321342468
3459,10,111,0.7578819394111633
3460,10,112,0.6728047728538513
3461,10,113,0.6364293694496155
3462,10,114,0.7406806945800781
3463,10,115,0.6255692839622498
3464,10,116,0.7402197122573853
3465,10,117,0.6967349052429199
3466,10,118,0.6947800517082214
3467,10,119,0.587477445602417
3468,10,120,0.6690393090248108
3469,10,121,0.6385868191719055
3470,10,122,0.6715229153633118
3471,10,123,0.6686050295829773
3472,10,124,0.7031035423278809
3473,10,125,0.6582947969436646
3474,10,126,0.6474419832229614
3475,10,127,0.6363821029663086
3476,10,128,0.7114163637161255
3477,10,129,0.6324695348739624
3478,10,130,0.6145893335342407
3479,10,131,0.6037635207176208
3480,10,132,0.626242458820343
3481,10,133,0.6603814363479614
3482,10,134,0.6101549863815308
3483,10,135,0.6851623058319092
3484,10,136,0.6774758696556091
3485,10,137,0.6590763330459595
3486,10,138,0.6579239964485168
3487,10,139,0.6767798066139221
3488,10,140,0.6553789377212524
3489,10,141,0.7258635759353638
3490,10,142,0.6963622570037842
3491,10,143,0.6451427936553955
3492,10,144,0.6052001714706421
3493,10,145,0.7208372950553894
3494,10,146,0.6598653793334961
3495,10,147,0.7076038122177124
3496,10,148,0.6942955255508423
3497,10,149,0.6362550258636475
3498,10,150,0.6471842527389526
3499,10,151,0.6707013845443726
3500,10,152,0.6191537976264954
3501,10,153,0.6112242341041565
3502,10,154,0.6413636803627014
3503,10,155,0.6039746403694153
3504,10,156,0.6470012068748474
3505,10,157,0.6945148706436157
3506,10,158,0.663235604763031
3507,10,159,0.6580270528793335
3508,10,160,0.6026915311813354
3509,10,161,0.694284200668335
3510,10,162,0.6112047433853149
3511,10,163,0.6503260135650635
3512,10,164,0.6511662602424622
3513,10,165,0.715015709400177
3514,10,166,0.6002093553543091
3515,10,167,0.6909834146499634
3516,10,168,0.7077175378799438
3517,10,169,0.6818590760231018
3518,10,170,0.7043957710266113
3519,10,171,0.6368255615234375
3520,10,172,0.6318880915641785
3521,10,173,0.713985800743103
3522,10,174,0.6249735951423645
3523,10,175,0.7150965929031372
3524,10,176,0.6338661909103394
3525,10,177,0.7367250919342041
3526,10,178,0.6634577512741089
3527,10,179,0.710679829120636
3528,10,180,0.5892568826675415
3529,10,181,0.6775299906730652
3530,10,182,0.638488233089447
3531,10,183,0.6623320579528809
3532,10,184,0.6793960332870483
3533,10,185,0.6521866321563721
3534,10,186,0.6461629271507263
3535,10,187,0.6468661427497864
3536,10,188,0.6955706477165222
3537,10,189,0.6818571090698242
3538,10,190,0.6122651696205139
3539,10,191,0.6614168286323547
3540,10,192,0.7800194025039673
3541,10,193,0.6329172253608704
3542,10,194,0.6676042079925537
3543,10,195,0.6851930022239685
3544,10,196,0.6307361721992493
3545,10,197,0.5989471673965454
3546,10,198,0.6332522034645081
3547,10,199,0.6392228007316589
3548,10,200,0.8582268953323364
3549,10,201,0.592643141746521
3550,10,202,0.6586455702781677
3551,10,203,0.6819661259651184
3552,10,204,0.7792264223098755
3553,10,205,0.6523758172988892
3554,10,206,0.5859178304672241
3555,10,207,0.5984927415847778
3556,10,208,0.6799917221069336
3557,10,209,0.6875290870666504
3558,10,210,0.6685227155685425
3559,10,211,0.6445874571800232
3560,10,212,0.6810184121131897
3561,10,213,0.645742654800415
3562,10,214,0.672991156578064
3563,10,215,0.6365426182746887
3564,10,216,0.6899827122688293
3565,10,217,0.7013725638389587
3566,10,218,0.6449419260025024
3567,10,219,0.6394438743591309
3568,10,220,0.623956561088562
3569,10,221,0.6539232134819031
3570,10,222,0.6930739879608154
3571,10,223,0.6346510052680969
3572,10,224,0.6636867523193359
3573,10,225,0.6290387511253357
3574,10,226,0.7171469926834106
3575,10,227,0.6051114201545715
3576,10,228,0.7015813589096069
3577,10,229,0.5774558186531067
3578,10,230,0.6743117570877075
3579,10,231,0.6099490523338318
3580,10,232,0.6443575620651245
3581,10,233,0.6584250330924988
3582,10,234,0.5879980325698853
3583,10,235,0.6095216274261475
3584,10,236,0.812736988067627
3585,10,237,0.5994280576705933
3586,10,238,0.6268810033798218
3587,10,239,0.6247396469116211
3588,10,240,0.7702081799507141
3589,10,241,0.647209644317627
3590,10,242,0.6583417057991028
3591,10,243,0.6003841161727905
3592,10,244,0.6882326006889343
3593,10,245,0.5894442200660706
3594,10,246,0.6167722940444946
3595,10,247,0.695472002029419
3596,10,248,0.5941843390464783
3597,10,249,0.6183865070343018
3598,10,250,0.6518882513046265
3599,10,251,0.6445661187171936
3600,10,252,0.7169207334518433
3601,10,253,0.6451542973518372
3602,10,254,0.6095961928367615
3603,10,255,0.7448840141296387
3604,10,256,0.7376061081886292
3605,10,257,0.6209024786949158
3606,10,258,0.6103038787841797
3607,10,259,0.6779974102973938
3608,10,260,0.7088064551353455
3609,10,261,0.6069934964179993
3610,10,262,0.5693817138671875
3611,10,263,0.7041962146759033
3612,10,264,0.7851646542549133
3613,10,265,0.6194928884506226
3614,10,266,0.6274532675743103
3615,10,267,0.6728737950325012
3616,10,268,0.6384993195533752
3617,10,269,0.6675048470497131
3618,10,270,0.6244579553604126
3619,10,271,0.6146991848945618
3620,10,272,0.5896763801574707
3621,10,273,0.6958720088005066
3622,10,274,0.6792522668838501
3623,10,275,0.6468362808227539
3624,10,276,0.6411926746368408
3625,10,277,0.6634862422943115
3626,10,278,0.5470585823059082
3627,10,279,0.6796314120292664
3628,10,280,0.6264399290084839
3629,10,281,0.6175342798233032
3630,10,282,0.6250490546226501
3631,10,283,0.6659907102584839
3632,10,284,0.5966103672981262
3633,10,285,0.6623069643974304
3634,10,286,0.6760510206222534
3635,10,287,0.612227201461792
3636,10,288,0.6140443086624146
3637,10,289,0.6341588497161865
3638,10,290,0.6059302091598511
3639,10,291,0.5911055207252502
3640,10,292,0.6757801175117493
3641,10,293,0.6357426643371582
3642,10,294,0.6650993227958679
3643,10,295,0.6705527305603027
3644,10,296,0.6340652704238892
3645,10,297,0.6278087496757507
3646,10,298,0.6646685004234314
3647,10,299,0.6259162425994873
3648,10,300,0.6113373637199402
3649,10,301,0.6302543878555298
3650,10,302,0.6030378341674805
3651,10,303,0.665098249912262
3652,10,304,0.6405748128890991
3653,10,305,0.6011133193969727
3654,10,306,0.5992825627326965
3655,10,307,0.6575207710266113
3656,10,308,0.5922850370407104
3657,10,309,0.6036685705184937
3658,10,310,0.6756631135940552
3659,10,311,0.6372258067131042
3660,10,312,0.6415001153945923
3661,10,313,0.6201279163360596
3662,10,314,0.5966436862945557
3663,10,315,0.5940659046173096
3664,10,316,0.6534591317176819
3665,10,317,0.6919710636138916
3666,10,318,0.6707649230957031
3667,10,319,0.578736424446106
3668,10,320,0.6151061058044434
3669,10,321,0.6520456075668335
3670,10,322,0.637168288230896
3671,10,323,0.6388809084892273
3672,10,324,0.5357804298400879
3673,10,325,0.5754376649856567
3674,10,326,0.6494832038879395
3675,10,327,0.8423203229904175
3676,10,328,0.6536566019058228
3677,10,329,0.6040408611297607
3678,10,330,0.5758743286132812
3679,10,331,0.6414281129837036
3680,10,332,0.5705043077468872
3681,10,333,0.628691554069519
3682,10,334,0.5765878558158875
3683,10,335,0.6054017543792725
3684,10,336,0.5931159257888794
3685,10,337,0.6190099120140076
3686,10,338,0.6444440484046936
3687,10,339,0.7225133776664734
3688,10,340,0.6152612566947937
3689,10,341,0.8084728121757507
3690,10,342,0.6603256464004517
3691,10,343,0.5808137059211731
3692,10,344,0.5972616076469421
3693,10,345,0.6027019023895264
3694,10,346,0.6322213411331177
3695,10,347,0.567923903465271
3696,10,348,0.6081827878952026
3697,10,349,0.6322914958000183
3698,10,350,0.6410890817642212
3699,10,351,0.5874127149581909
3700,10,352,0.6238524317741394
3701,10,353,0.5967695713043213
3702,10,354,0.5951699018478394
3703,10,355,0.6366633772850037
3704,10,356,0.6139836311340332
3705,10,357,0.5762177109718323
3706,10,358,0.71351557970047
3707,10,359,0.5868200063705444
3708,10,360,0.5901751518249512
3709,10,361,0.6223956346511841
3710,10,362,0.6535618305206299
3711,10,363,0.6431106328964233
3712,10,364,0.7839905023574829
3713,10,365,0.5793620944023132
3714,10,366,0.5723603963851929
3715,10,367,0.6327141523361206
3716,10,368,0.6266768574714661
3717,10,369,0.7596545219421387
3718,10,370,0.6821412444114685
3719,10,371,0.566625714302063
3720,10,372,0.6075822114944458
