global_step,epoch,batch,train_loss
1,1,1,3.4750027656555176
2,1,2,3.140709400177002
3,1,3,2.937598943710327
4,1,4,2.6991806030273438
5,1,5,2.3692221641540527
6,1,6,2.2599258422851562
7,1,7,2.0227818489074707
8,1,8,1.7562901973724365
9,1,9,1.6605026721954346
10,1,10,1.5066457986831665
11,1,11,1.3731900453567505
12,1,12,1.3248028755187988
13,1,13,1.155131220817566
14,1,14,1.2946112155914307
15,1,15,0.9928614497184753
16,1,16,0.9918237924575806
17,1,17,1.0275388956069946
18,1,18,1.0430701971054077
19,1,19,0.8748712539672852
20,1,20,0.9364449381828308
21,1,21,1.1194181442260742
22,1,22,0.9715831875801086
23,1,23,1.1049211025238037
24,1,24,1.037097692489624
25,1,25,0.9704688191413879
26,1,26,0.8081914186477661
27,1,27,0.9874335527420044
28,1,28,0.7081695795059204
29,1,29,0.9092305898666382
30,1,30,0.6906472444534302
31,1,31,0.7471020817756653
32,1,32,0.8613288998603821
33,1,33,0.9263101816177368
34,1,34,0.903153121471405
35,1,35,1.2054413557052612
36,1,36,0.8494863510131836
37,1,37,0.8242484927177429
38,1,38,0.6444587707519531
39,1,39,0.7625910043716431
40,1,40,0.5925663709640503
41,1,41,0.7573349475860596
42,1,42,0.8076527714729309
43,1,43,0.6958327889442444
44,1,44,0.662525475025177
45,1,45,0.702885091304779
46,1,46,0.8582748174667358
47,1,47,0.7759033441543579
48,1,48,0.5619871616363525
49,1,49,0.5533331632614136
50,1,50,0.5791658759117126
51,1,51,0.6981037855148315
52,1,52,0.8322049975395203
53,1,53,0.6027284860610962
54,1,54,0.6018476486206055
55,1,55,0.753629207611084
56,1,56,0.552423357963562
57,1,57,0.8089820742607117
58,1,58,0.6654119491577148
59,1,59,0.6492699980735779
60,1,60,0.45943865180015564
61,1,61,0.6016595363616943
62,1,62,0.6081022024154663
63,1,63,0.7153249382972717
64,1,64,0.8547803163528442
65,1,65,0.4883697032928467
66,1,66,0.5924366116523743
67,1,67,0.49440351128578186
68,1,68,0.6879308819770813
69,1,69,0.519612193107605
70,1,70,0.9076143503189087
71,1,71,0.9791328310966492
72,1,72,0.6187469959259033
73,1,73,0.6031936407089233
74,1,74,0.5012940764427185
75,1,75,0.4699876308441162
76,1,76,0.5435084104537964
77,1,77,0.6370026469230652
78,1,78,0.5783287882804871
79,1,79,0.5396760106086731
80,1,80,0.5460441708564758
81,1,81,0.5444660186767578
82,1,82,0.5458554029464722
83,1,83,0.6436280012130737
84,1,84,0.61957848072052
85,1,85,0.5308113694190979
86,1,86,0.5233748555183411
87,1,87,0.528748631477356
88,1,88,0.47438931465148926
89,1,89,0.8733948469161987
90,1,90,0.44879597425460815
91,1,91,0.5772122144699097
92,1,92,0.687992513179779
93,1,93,0.4686088562011719
94,1,94,0.4766077399253845
95,1,95,0.5671991109848022
96,1,96,0.5228923559188843
97,1,97,0.5249347686767578
98,1,98,0.5959012508392334
99,1,99,0.5505272150039673
100,1,100,0.5296245813369751
101,1,101,0.5500235557556152
102,1,102,0.5968174338340759
103,1,103,0.4395762085914612
104,1,104,0.5680599808692932
105,1,105,0.5294297933578491
106,1,106,0.5412916541099548
107,1,107,0.4515739977359772
108,1,108,0.5786296129226685
109,1,109,0.5765060186386108
110,1,110,0.4963279664516449
111,1,111,0.4252752661705017
112,1,112,0.4609919488430023
113,1,113,0.45499545335769653
114,1,114,0.5072628259658813
115,1,115,0.5978426933288574
116,1,116,0.48591136932373047
117,1,117,0.4284761846065521
118,1,118,0.5116889476776123
119,1,119,0.4682932496070862
120,1,120,0.5319082736968994
121,1,121,0.4307606816291809
122,1,122,0.3592616319656372
123,1,123,0.5962752103805542
124,1,124,0.474572092294693
125,1,125,0.5204162001609802
126,1,126,0.5578752756118774
127,1,127,0.42581596970558167
128,1,128,0.4718244969844818
129,1,129,0.40797024965286255
130,1,130,0.45760828256607056
131,1,131,0.4115634858608246
132,1,132,0.4665442407131195
133,1,133,0.5079044103622437
134,1,134,0.4096435606479645
135,1,135,0.3361489474773407
136,1,136,0.5063492059707642
137,1,137,0.4495759606361389
138,1,138,0.45756468176841736
139,1,139,0.4683292508125305
140,1,140,0.47888654470443726
141,1,141,0.4679633677005768
142,1,142,0.46791011095046997
143,1,143,0.41988953948020935
144,1,144,0.38394254446029663
145,1,145,0.5204402804374695
146,1,146,0.46715259552001953
147,1,147,0.4546496272087097
148,1,148,0.5923340916633606
149,1,149,0.4193677306175232
150,1,150,0.4805222451686859
151,1,151,0.5412534475326538
152,1,152,0.4767034649848938
153,1,153,0.3662392497062683
154,1,154,0.5578054785728455
155,1,155,0.44190335273742676
156,1,156,0.4622360169887543
157,1,157,0.4506290555000305
158,1,158,0.4397194981575012
159,1,159,0.3989883065223694
160,1,160,0.5922616720199585
161,1,161,0.42285943031311035
162,1,162,0.5167096853256226
163,1,163,0.32795432209968567
164,1,164,0.3727102279663086
165,1,165,0.5479072332382202
166,1,166,0.3811989724636078
167,1,167,0.8293681144714355
168,1,168,0.4343641400337219
169,1,169,0.41212454438209534
170,1,170,0.34714850783348083
171,1,171,0.5052123665809631
172,1,172,0.4168664813041687
173,1,173,0.533899188041687
174,1,174,0.548819363117218
175,1,175,0.3320119380950928
176,1,176,0.36017459630966187
177,1,177,0.4899367392063141
178,1,178,0.4018844664096832
179,1,179,0.49704045057296753
180,1,180,0.3785933256149292
181,1,181,0.3897291421890259
182,1,182,0.4249110221862793
183,1,183,0.445496141910553
184,1,184,0.5498529672622681
185,1,185,0.39825111627578735
186,1,186,0.4975820481777191
187,1,187,0.41968101263046265
188,1,188,0.5098162889480591
189,1,189,0.43471860885620117
190,1,190,0.7873855829238892
191,1,191,0.3973408043384552
192,1,192,0.7862042188644409
193,1,193,0.3891253173351288
194,1,194,0.38820168375968933
195,1,195,0.6238136291503906
196,1,196,0.5724785923957825
197,1,197,0.4170171618461609
198,1,198,0.3576059937477112
199,1,199,0.4333516061306
200,1,200,0.3565872609615326
201,1,201,0.3610604405403137
202,1,202,0.4405471682548523
203,1,203,0.37078362703323364
204,1,204,0.7584553956985474
205,1,205,0.3535277545452118
206,1,206,0.44164198637008667
207,1,207,0.35949409008026123
208,1,208,0.3789471387863159
209,1,209,0.3537578880786896
210,1,210,0.3772982656955719
211,1,211,0.4759554862976074
212,1,212,0.4071694016456604
213,1,213,0.4837602972984314
214,1,214,0.3417067229747772
215,1,215,0.432256281375885
216,1,216,0.4292680323123932
217,1,217,0.3953893184661865
218,1,218,0.5333565473556519
219,1,219,0.35244470834732056
220,1,220,0.3803146779537201
221,1,221,0.26441171765327454
222,1,222,0.3675774931907654
223,1,223,0.4140745997428894
224,1,224,0.3586377799510956
225,1,225,0.4039774537086487
226,1,226,0.3615705370903015
227,1,227,0.3634834885597229
228,1,228,0.4919512867927551
229,1,229,0.34820127487182617
230,1,230,0.3928849399089813
231,1,231,0.4118190407752991
232,1,232,0.40224677324295044
233,1,233,0.6476861834526062
234,1,234,0.3292081654071808
235,1,235,0.38008543848991394
236,1,236,0.4240776002407074
237,1,237,0.3645903170108795
238,1,238,0.35831981897354126
239,1,239,0.44765764474868774
240,1,240,0.554345965385437
241,1,241,0.37741366028785706
242,1,242,0.7812305688858032
243,1,243,0.4054263234138489
244,1,244,0.6866912841796875
245,1,245,0.45289483666419983
246,1,246,0.6222853064537048
247,1,247,0.34419137239456177
248,1,248,0.3788416385650635
249,1,249,0.39022451639175415
250,1,250,0.3679332435131073
251,1,251,0.4579354226589203
252,1,252,0.38320961594581604
253,1,253,0.3430039584636688
254,1,254,0.4150783121585846
255,1,255,0.3266151249408722
256,1,256,0.346558541059494
257,1,257,0.3792487382888794
258,1,258,0.4127725064754486
259,1,259,0.41569361090660095
260,1,260,0.34403714537620544
261,1,261,0.2887048125267029
262,1,262,0.40876418352127075
263,1,263,0.3812529146671295
264,1,264,0.5002424716949463
265,1,265,0.29458513855934143
266,1,266,0.38067126274108887
267,1,267,0.36458224058151245
268,1,268,0.40538305044174194
269,1,269,0.3447434902191162
270,1,270,0.38260796666145325
271,1,271,0.3799980580806732
272,1,272,0.30185240507125854
273,1,273,0.35229212045669556
274,1,274,0.3916706144809723
275,1,275,0.4905858635902405
276,1,276,0.38794827461242676
277,1,277,0.34200379252433777
278,1,278,0.4078107476234436
279,1,279,0.33027949929237366
280,1,280,0.29780834913253784
281,1,281,0.35039663314819336
282,1,282,0.28648534417152405
283,1,283,0.3760693669319153
284,1,284,0.3619466722011566
285,1,285,0.3556203246116638
286,1,286,0.33041805028915405
287,1,287,0.7458211779594421
288,1,288,0.6081017851829529
289,1,289,0.32769522070884705
290,1,290,0.39913707971572876
291,1,291,0.37156692147254944
292,1,292,0.33104461431503296
293,1,293,0.36141711473464966
294,1,294,0.3462737202644348
295,1,295,0.2529556453227997
296,1,296,0.41044846177101135
297,1,297,0.38710927963256836
298,1,298,0.34180954098701477
299,1,299,0.3299950957298279
300,1,300,0.30745962262153625
301,1,301,0.29405027627944946
302,1,302,0.3590088486671448
303,1,303,0.40731239318847656
304,1,304,0.32369178533554077
305,1,305,0.568350613117218
306,1,306,0.3305822014808655
307,1,307,0.354755163192749
308,1,308,0.33314278721809387
309,1,309,0.3728603422641754
310,1,310,0.5941735506057739
311,1,311,0.2960711717605591
312,1,312,0.3924681842327118
313,1,313,0.35466456413269043
314,1,314,0.4269258975982666
315,1,315,0.3908171057701111
316,1,316,0.3736569583415985
317,1,317,0.38094472885131836
318,1,318,0.29302045702934265
319,1,319,0.4238682687282562
320,1,320,0.3196253180503845
321,1,321,0.30621105432510376
322,1,322,0.3124038875102997
323,1,323,0.37628310918807983
324,1,324,0.28567564487457275
325,1,325,0.33944976329803467
326,1,326,0.47584694623947144
327,1,327,0.30783480405807495
328,1,328,0.4251421391963959
329,1,329,0.3148222863674164
330,1,330,0.32944178581237793
331,1,331,0.30824410915374756
332,1,332,0.3119833469390869
333,1,333,0.36247915029525757
334,1,334,0.2948734164237976
335,1,335,0.41399210691452026
336,1,336,0.42220163345336914
337,1,337,0.32987621426582336
338,1,338,0.37422558665275574
339,1,339,0.3241822123527527
340,1,340,0.36838090419769287
341,1,341,0.36092549562454224
342,1,342,0.3199458718299866
343,1,343,0.40041786432266235
344,1,344,0.39806294441223145
345,1,345,0.37238815426826477
346,1,346,0.38399380445480347
347,1,347,0.4590930938720703
348,1,348,0.2709124982357025
349,1,349,0.32155051827430725
350,1,350,0.3467106521129608
351,1,351,0.3524489998817444
352,1,352,0.37943050265312195
353,1,353,0.5043271780014038
354,1,354,0.44306403398513794
355,1,355,0.45951756834983826
356,1,356,0.7835415005683899
357,1,357,0.40263500809669495
358,1,358,0.43426066637039185
359,1,359,0.31288406252861023
360,1,360,0.3594436049461365
361,1,361,0.33179882168769836
362,1,362,0.36025482416152954
363,1,363,0.34909558296203613
364,1,364,0.2536524832248688
365,1,365,0.37614038586616516
366,1,366,0.31830745935440063
367,1,367,0.38928765058517456
368,1,368,0.42692750692367554
369,1,369,0.3674393892288208
370,1,370,0.37963587045669556
371,1,371,0.2922510504722595
372,1,372,0.5016818642616272
373,2,1,0.30431389808654785
374,2,2,0.3595978021621704
375,2,3,0.7028809785842896
376,2,4,0.29075950384140015
377,2,5,0.26423752307891846
378,2,6,0.3536873459815979
379,2,7,0.28308767080307007
380,2,8,0.3351858854293823
381,2,9,0.321228563785553
382,2,10,0.2797084152698517
383,2,11,0.2786170244216919
384,2,12,0.3909592628479004
385,2,13,0.2750871181488037
386,2,14,0.36867302656173706
387,2,15,0.2980644106864929
388,2,16,0.36756521463394165
389,2,17,0.29916852712631226
390,2,18,0.2742282748222351
391,2,19,0.34054428339004517
392,2,20,0.3019809126853943
393,2,21,0.34522345662117004
394,2,22,0.2717818319797516
395,2,23,0.3022923171520233
396,2,24,0.3072430491447449
397,2,25,0.2970484495162964
398,2,26,0.27702590823173523
399,2,27,0.35196423530578613
400,2,28,0.3765788674354553
401,2,29,0.3053777813911438
402,2,30,0.29046106338500977
403,2,31,0.3627682626247406
404,2,32,0.3243289887905121
405,2,33,0.3327634930610657
406,2,34,0.2820519506931305
407,2,35,0.3823196291923523
408,2,36,0.4682893753051758
409,2,37,0.2874458432197571
410,2,38,0.2744865119457245
411,2,39,0.28722018003463745
412,2,40,0.25279971957206726
413,2,41,0.3045879602432251
414,2,42,0.2930181622505188
415,2,43,0.26859912276268005
416,2,44,0.28387683629989624
417,2,45,0.34111398458480835
418,2,46,0.3098251223564148
419,2,47,0.3640412986278534
420,2,48,0.31438618898391724
421,2,49,0.31607186794281006
422,2,50,0.35657522082328796
423,2,51,0.24046644568443298
424,2,52,0.35171857476234436
425,2,53,0.328032523393631
426,2,54,0.4051487445831299
427,2,55,0.30337947607040405
428,2,56,0.2908915877342224
429,2,57,0.37890321016311646
430,2,58,0.372539222240448
431,2,59,0.33896604180336
432,2,60,0.36133599281311035
433,2,61,0.34731975197792053
434,2,62,0.4191505014896393
435,2,63,0.3099447786808014
436,2,64,0.4135652482509613
437,2,65,0.3114015460014343
438,2,66,0.3366469740867615
439,2,67,0.28237104415893555
440,2,68,0.33804139494895935
441,2,69,0.7542831301689148
442,2,70,0.2535703778266907
443,2,71,0.2869703769683838
444,2,72,0.3633744716644287
445,2,73,0.27273306250572205
446,2,74,0.3315015435218811
447,2,75,0.3723178803920746
448,2,76,0.2596699893474579
449,2,77,0.3292371332645416
450,2,78,0.31749826669692993
451,2,79,0.28662848472595215
452,2,80,0.30940183997154236
453,2,81,0.28404027223587036
454,2,82,0.3543551564216614
455,2,83,0.29470211267471313
456,2,84,0.24341745674610138
457,2,85,0.3870733380317688
458,2,86,0.2985002398490906
459,2,87,0.40664759278297424
460,2,88,0.4350246489048004
461,2,89,0.3494623303413391
462,2,90,0.3219592869281769
463,2,91,0.7957390546798706
464,2,92,0.32368719577789307
465,2,93,0.32640764117240906
466,2,94,0.30329036712646484
467,2,95,0.3333955705165863
468,2,96,0.36061155796051025
469,2,97,0.2759070098400116
470,2,98,0.25065162777900696
471,2,99,0.3199749290943146
472,2,100,0.3806736469268799
473,2,101,0.34714850783348083
474,2,102,0.316476970911026
475,2,103,0.33457690477371216
476,2,104,0.301420658826828
477,2,105,0.27838945388793945
478,2,106,0.2612864375114441
479,2,107,0.3452254831790924
480,2,108,0.28572773933410645
481,2,109,0.4014890789985657
482,2,110,0.2712913155555725
483,2,111,0.32482436299324036
484,2,112,0.28427958488464355
485,2,113,0.24599452316761017
486,2,114,0.303310751914978
487,2,115,0.26775437593460083
488,2,116,0.30410194396972656
489,2,117,0.2923224866390228
490,2,118,0.35974064469337463
491,2,119,0.2775838077068329
492,2,120,0.2601880133152008
493,2,121,0.3209466338157654
494,2,122,0.3818262219429016
495,2,123,0.2719111740589142
496,2,124,0.2871638536453247
497,2,125,0.2884935736656189
498,2,126,0.3242230713367462
499,2,127,0.28516632318496704
500,2,128,0.29337507486343384
501,2,129,0.23618492484092712
502,2,130,0.4410758912563324
503,2,131,0.2945241332054138
504,2,132,0.3159940838813782
505,2,133,0.2766561508178711
506,2,134,0.3008172810077667
507,2,135,0.31442779302597046
508,2,136,0.37381261587142944
509,2,137,0.4080934524536133
510,2,138,0.4124709963798523
511,2,139,0.6696597337722778
512,2,140,0.30466634035110474
513,2,141,0.26238778233528137
514,2,142,0.4144528806209564
515,2,143,0.3381480276584625
516,2,144,0.32169201970100403
517,2,145,0.29175645112991333
518,2,146,0.4110284745693207
519,2,147,0.33789652585983276
520,2,148,0.2907250225543976
521,2,149,0.33043399453163147
522,2,150,0.31812500953674316
523,2,151,0.39684945344924927
524,2,152,0.5377550721168518
525,2,153,0.4956846237182617
526,2,154,0.31957823038101196
527,2,155,0.3464113175868988
528,2,156,0.32519400119781494
529,2,157,0.32752689719200134
530,2,158,0.31234291195869446
531,2,159,0.6222336888313293
532,2,160,0.3294220566749573
533,2,161,0.2617269456386566
534,2,162,0.27833831310272217
535,2,163,0.3186531960964203
536,2,164,0.5159302353858948
537,2,165,0.33575206995010376
538,2,166,0.3432936668395996
539,2,167,0.3466726541519165
540,2,168,0.32565027475357056
541,2,169,0.25379109382629395
542,2,170,0.23301005363464355
543,2,171,0.31959185004234314
544,2,172,0.3439294695854187
545,2,173,0.26673319935798645
546,2,174,0.31632131338119507
547,2,175,0.2931610643863678
548,2,176,0.3102852702140808
549,2,177,0.32497185468673706
550,2,178,0.32348960638046265
551,2,179,0.25520795583724976
552,2,180,0.2631107568740845
553,2,181,0.3359072506427765
554,2,182,0.6635531783103943
555,2,183,0.24362289905548096
556,2,184,0.2489819973707199
557,2,185,0.30689746141433716
558,2,186,0.2787110209465027
559,2,187,0.24952919781208038
560,2,188,0.3182608485221863
561,2,189,0.2804996371269226
562,2,190,0.2658950090408325
563,2,191,0.26054733991622925
564,2,192,0.2700989842414856
565,2,193,0.3185606002807617
566,2,194,0.26799291372299194
567,2,195,0.27481529116630554
568,2,196,0.2469879388809204
569,2,197,0.30866914987564087
570,2,198,0.28275972604751587
571,2,199,0.310762882232666
572,2,200,0.31480664014816284
573,2,201,0.2401490956544876
574,2,202,0.2261379063129425
575,2,203,0.3684062361717224
576,2,204,0.2811032831668854
577,2,205,0.47386282682418823
578,2,206,0.31523752212524414
579,2,207,0.22805991768836975
580,2,208,0.27386385202407837
581,2,209,0.24827799201011658
582,2,210,0.2662615180015564
583,2,211,0.29174232482910156
584,2,212,0.24920925498008728
585,2,213,0.30883708596229553
586,2,214,0.383267343044281
587,2,215,0.25786879658699036
588,2,216,0.32990068197250366
589,2,217,0.2591216266155243
590,2,218,0.33675670623779297
591,2,219,0.24541370570659637
592,2,220,0.2607482373714447
593,2,221,0.26332956552505493
594,2,222,0.5271449685096741
595,2,223,0.25873857736587524
596,2,224,0.2399040013551712
597,2,225,0.3421076238155365
598,2,226,0.2824617326259613
599,2,227,0.23353195190429688
600,2,228,0.4282075762748718
601,2,229,0.27606862783432007
602,2,230,0.25255346298217773
603,2,231,0.24766549468040466
604,2,232,0.3288813531398773
605,2,233,0.28304460644721985
606,2,234,0.2713416516780853
607,2,235,0.7047156691551208
608,2,236,0.30001354217529297
609,2,237,0.35267263650894165
610,2,238,0.3778855502605438
611,2,239,0.3648906946182251
612,2,240,0.3540402054786682
613,2,241,0.30816155672073364
614,2,242,0.26810526847839355
615,2,243,0.27246254682540894
616,2,244,0.3156681954860687
617,2,245,0.3228898346424103
618,2,246,0.2534158527851105
619,2,247,0.43059343099594116
620,2,248,0.3543042540550232
621,2,249,0.3322431445121765
622,2,250,0.23414619266986847
623,2,251,0.3484525978565216
624,2,252,0.30446481704711914
625,2,253,0.2415834367275238
626,2,254,0.32826077938079834
627,2,255,0.24546833336353302
628,2,256,0.2909705340862274
629,2,257,0.3727480173110962
630,2,258,0.27109184861183167
631,2,259,0.257085382938385
632,2,260,0.23470070958137512
633,2,261,0.2913331389427185
634,2,262,0.24788618087768555
635,2,263,0.3003863990306854
636,2,264,0.26573461294174194
637,2,265,0.33523449301719666
638,2,266,0.26958686113357544
639,2,267,0.29414135217666626
640,2,268,0.3117939233779907
641,2,269,0.304208904504776
642,2,270,0.3149237036705017
643,2,271,0.25420862436294556
644,2,272,0.2641201913356781
645,2,273,0.23548276722431183
646,2,274,0.42095428705215454
647,2,275,0.3558432161808014
648,2,276,0.3673805594444275
649,2,277,0.273476243019104
650,2,278,0.3555234968662262
651,2,279,0.2957174777984619
652,2,280,0.2910475432872772
653,2,281,0.36534392833709717
654,2,282,0.4299505352973938
655,2,283,0.8001521825790405
656,2,284,0.301964670419693
657,2,285,0.33602434396743774
658,2,286,0.31897372007369995
659,2,287,0.31844407320022583
660,2,288,0.6632652282714844
661,2,289,0.27825701236724854
662,2,290,0.275197833776474
663,2,291,0.30014166235923767
664,2,292,0.21677657961845398
665,2,293,0.22853080928325653
666,2,294,0.2742176651954651
667,2,295,0.26056191325187683
668,2,296,0.2922855019569397
669,2,297,0.2755495309829712
670,2,298,0.34570568799972534
671,2,299,0.26154395937919617
672,2,300,0.25959208607673645
673,2,301,0.23116151988506317
674,2,302,0.26449447870254517
675,2,303,0.3193902373313904
676,2,304,0.336780846118927
677,2,305,0.28232842683792114
678,2,306,0.23176805675029755
679,2,307,0.22970207035541534
680,2,308,0.6864880323410034
681,2,309,0.3350757956504822
682,2,310,0.2412986308336258
683,2,311,0.2929914593696594
684,2,312,0.23785309493541718
685,2,313,0.2791745066642761
686,2,314,0.25708144903182983
687,2,315,0.24119862914085388
688,2,316,0.3419319987297058
689,2,317,0.24877457320690155
690,2,318,0.3171008825302124
691,2,319,0.43562406301498413
692,2,320,0.3885180354118347
693,2,321,0.3228392004966736
694,2,322,0.28220468759536743
695,2,323,0.2564988136291504
696,2,324,0.2418995350599289
697,2,325,0.2784743905067444
698,2,326,0.33364883065223694
699,2,327,0.3053235411643982
700,2,328,0.3080984055995941
701,2,329,0.27192074060440063
702,2,330,0.26140812039375305
703,2,331,0.2817155122756958
704,2,332,0.6543862223625183
705,2,333,0.27966341376304626
706,2,334,0.2933875620365143
707,2,335,0.3170709013938904
708,2,336,0.3296568989753723
709,2,337,0.2800931930541992
710,2,338,0.4144485890865326
711,2,339,0.2810130715370178
712,2,340,0.29738718271255493
713,2,341,0.2681211829185486
714,2,342,0.34372448921203613
715,2,343,0.3001527488231659
716,2,344,0.28535035252571106
717,2,345,0.3588404357433319
718,2,346,0.29530149698257446
719,2,347,0.249246284365654
720,2,348,0.2762342095375061
721,2,349,0.31688815355300903
722,2,350,0.24193255603313446
723,2,351,0.3319767117500305
724,2,352,0.3042911887168884
725,2,353,0.25880423188209534
726,2,354,0.39903369545936584
727,2,355,0.34063202142715454
728,2,356,0.296401709318161
729,2,357,0.22962288558483124
730,2,358,0.27155205607414246
731,2,359,0.21119406819343567
732,2,360,0.35144221782684326
733,2,361,0.34952637553215027
734,2,362,0.31183189153671265
735,2,363,0.245802640914917
736,2,364,0.22137275338172913
737,2,365,0.3064920902252197
738,2,366,0.2610003352165222
739,2,367,0.2345694601535797
740,2,368,0.24097271263599396
741,2,369,0.2751859724521637
742,2,370,0.30270668864250183
743,2,371,0.2403029203414917
744,2,372,0.2565390169620514
745,3,1,0.20463629066944122
746,3,2,0.25532448291778564
747,3,3,0.21770446002483368
748,3,4,0.29053959250450134
749,3,5,0.2208859622478485
750,3,6,0.3398105502128601
751,3,7,0.2655068039894104
752,3,8,0.2799375057220459
753,3,9,0.25314363837242126
754,3,10,0.24024879932403564
755,3,11,0.2391297072172165
756,3,12,0.31448453664779663
757,3,13,0.2303282469511032
758,3,14,0.2570478022098541
759,3,15,0.22783315181732178
760,3,16,0.3124798536300659
761,3,17,0.2634832262992859
762,3,18,0.2971348464488983
763,3,19,0.2488936483860016
764,3,20,0.2605992555618286
765,3,21,0.564125657081604
766,3,22,0.2227831333875656
767,3,23,0.26662492752075195
768,3,24,0.20147483050823212
769,3,25,0.33954718708992004
770,3,26,0.27737361192703247
771,3,27,0.2838398814201355
772,3,28,0.23754318058490753
773,3,29,0.2386324405670166
774,3,30,0.26018843054771423
775,3,31,0.2771378755569458
776,3,32,0.2770405113697052
777,3,33,0.2755633294582367
778,3,34,0.2914935052394867
779,3,35,0.30155664682388306
780,3,36,0.2931674122810364
781,3,37,0.29580387473106384
782,3,38,0.28746575117111206
783,3,39,0.25480538606643677
784,3,40,0.2539752125740051
785,3,41,0.22031399607658386
786,3,42,0.2687073349952698
787,3,43,0.36993399262428284
788,3,44,0.2642861008644104
789,3,45,0.22366507351398468
790,3,46,0.2527258098125458
791,3,47,0.22346048057079315
792,3,48,0.26284360885620117
793,3,49,0.27414605021476746
794,3,50,0.31416070461273193
795,3,51,0.6144936680793762
796,3,52,0.2838743329048157
797,3,53,0.21568453311920166
798,3,54,0.2407829463481903
799,3,55,0.31835001707077026
800,3,56,0.2931857109069824
801,3,57,0.24170222878456116
802,3,58,0.21614977717399597
803,3,59,0.5266810059547424
804,3,60,0.27996116876602173
805,3,61,0.3512570858001709
806,3,62,0.24085113406181335
807,3,63,0.3319401144981384
808,3,64,0.27933675050735474
809,3,65,0.2784036099910736
810,3,66,0.21911831200122833
811,3,67,0.2483803778886795
812,3,68,0.33256664872169495
813,3,69,0.2459176480770111
814,3,70,0.3058820366859436
815,3,71,0.2473224401473999
816,3,72,0.21314969658851624
817,3,73,0.250906765460968
818,3,74,0.24631646275520325
819,3,75,0.2336541712284088
820,3,76,0.2954597771167755
821,3,77,0.28889474272727966
822,3,78,0.21676921844482422
823,3,79,0.27840572595596313
824,3,80,0.19275884330272675
825,3,81,0.5140736699104309
826,3,82,0.3018217980861664
827,3,83,0.35252201557159424
828,3,84,0.2581150531768799
829,3,85,0.22253811359405518
830,3,86,0.33236920833587646
831,3,87,0.32737571001052856
832,3,88,0.2723316550254822
833,3,89,0.2666929364204407
834,3,90,0.23592939972877502
835,3,91,0.23021750152111053
836,3,92,0.2725561857223511
837,3,93,0.3036215007305145
838,3,94,0.23120519518852234
839,3,95,0.22925977408885956
840,3,96,0.2914135456085205
841,3,97,0.2875921130180359
842,3,98,0.2597839832305908
843,3,99,0.28474992513656616
844,3,100,0.31223925948143005
845,3,101,0.4145306646823883
846,3,102,0.330716073513031
847,3,103,0.2461453378200531
848,3,104,0.2346164435148239
849,3,105,0.25098341703414917
850,3,106,0.25207608938217163
851,3,107,0.29171162843704224
852,3,108,0.24489693343639374
853,3,109,0.2395770102739334
854,3,110,0.22630469501018524
855,3,111,0.433877170085907
856,3,112,0.20853547751903534
857,3,113,0.2187146246433258
858,3,114,0.2604268193244934
859,3,115,0.26863035559654236
860,3,116,0.26691779494285583
861,3,117,0.24639193713665009
862,3,118,0.23333902657032013
863,3,119,0.24858641624450684
864,3,120,0.2828925549983978
865,3,121,0.28602373600006104
866,3,122,0.27042919397354126
867,3,123,0.2846551835536957
868,3,124,0.2175142765045166
869,3,125,0.31289878487586975
870,3,126,0.28753533959388733
871,3,127,0.2709003984928131
872,3,128,0.39575353264808655
873,3,129,0.22514037787914276
874,3,130,0.2811295688152313
875,3,131,0.26316022872924805
876,3,132,0.38328805565834045
877,3,133,0.22700300812721252
878,3,134,0.3454805314540863
879,3,135,0.26895105838775635
880,3,136,0.28508538007736206
881,3,137,0.42742761969566345
882,3,138,0.26171037554740906
883,3,139,0.5503731966018677
884,3,140,0.2816714644432068
885,3,141,0.2557007670402527
886,3,142,0.3217637240886688
887,3,143,0.24872496724128723
888,3,144,0.2739354968070984
889,3,145,0.2620243728160858
890,3,146,0.26037392020225525
891,3,147,0.26385727524757385
892,3,148,0.35215315222740173
893,3,149,0.2754622995853424
894,3,150,0.3925701677799225
895,3,151,0.29335373640060425
896,3,152,0.2231798619031906
897,3,153,0.26283156871795654
898,3,154,0.21487152576446533
899,3,155,0.2273896187543869
900,3,156,0.24799565970897675
901,3,157,0.3299054801464081
902,3,158,0.2399521768093109
903,3,159,0.2798571288585663
904,3,160,0.3082089424133301
905,3,161,0.24618740379810333
906,3,162,0.304887592792511
907,3,163,0.27840107679367065
908,3,164,0.247829869389534
909,3,165,0.31067559123039246
910,3,166,0.2320118397474289
911,3,167,0.21260659396648407
912,3,168,0.4273662567138672
913,3,169,0.24802342057228088
914,3,170,0.27800795435905457
915,3,171,0.319294273853302
916,3,172,0.29485994577407837
917,3,173,0.21990501880645752
918,3,174,0.2498471736907959
919,3,175,0.2742655873298645
920,3,176,0.27387189865112305
921,3,177,0.2389528751373291
922,3,178,0.21200771629810333
923,3,179,0.2816486656665802
924,3,180,0.2118144929409027
925,3,181,0.23873960971832275
926,3,182,0.25035080313682556
927,3,183,0.4639006555080414
928,3,184,0.24337279796600342
929,3,185,0.2541165053844452
930,3,186,0.35366153717041016
931,3,187,0.31818509101867676
932,3,188,0.25348734855651855
933,3,189,0.27385345101356506
934,3,190,0.6772092580795288
935,3,191,0.2783235013484955
936,3,192,0.24081341922283173
937,3,193,0.2325964719057083
938,3,194,0.35083216428756714
939,3,195,0.28876373171806335
940,3,196,0.7493294477462769
941,3,197,0.3109539747238159
942,3,198,0.2646963596343994
943,3,199,0.2624233663082123
944,3,200,0.2671259045600891
945,3,201,0.32809725403785706
946,3,202,0.30562132596969604
947,3,203,0.42361098527908325
948,3,204,0.17515818774700165
949,3,205,0.24828271567821503
950,3,206,0.3996318280696869
951,3,207,0.21044912934303284
952,3,208,0.3151509761810303
953,3,209,0.25042885541915894
954,3,210,0.31127309799194336
955,3,211,0.25843268632888794
956,3,212,0.3016684353351593
957,3,213,0.37565964460372925
958,3,214,0.20072713494300842
959,3,215,0.3066158890724182
960,3,216,0.3029891550540924
961,3,217,0.2417537271976471
962,3,218,0.27950775623321533
963,3,219,0.26002591848373413
964,3,220,0.24469110369682312
965,3,221,0.26524198055267334
966,3,222,0.27516841888427734
967,3,223,0.3001653552055359
968,3,224,0.22061483561992645
969,3,225,0.25145894289016724
970,3,226,0.3389452397823334
971,3,227,0.23957601189613342
972,3,228,0.25616663694381714
973,3,229,0.24075981974601746
974,3,230,0.29005852341651917
975,3,231,0.2076013833284378
976,3,232,0.4026063084602356
977,3,233,0.2918921411037445
978,3,234,0.24712570011615753
979,3,235,0.2264382541179657
980,3,236,0.5826582908630371
981,3,237,0.26499316096305847
982,3,238,0.2435440719127655
983,3,239,0.26961323618888855
984,3,240,0.25594523549079895
985,3,241,0.23121874034404755
986,3,242,0.24747499823570251
987,3,243,0.23464377224445343
988,3,244,0.30887162685394287
989,3,245,0.21378719806671143
990,3,246,0.26954326033592224
991,3,247,0.30893176794052124
992,3,248,0.26180070638656616
993,3,249,0.26275044679641724
994,3,250,0.27338707447052
995,3,251,0.2507222890853882
996,3,252,0.2423745095729828
997,3,253,0.5880263447761536
998,3,254,0.25589483976364136
999,3,255,0.3346330523490906
1000,3,256,0.261268675327301
1001,3,257,0.27069586515426636
1002,3,258,0.28492721915245056
1003,3,259,0.2426750361919403
1004,3,260,0.24770009517669678
1005,3,261,0.2873550355434418
1006,3,262,0.27666932344436646
1007,3,263,0.24049171805381775
1008,3,264,0.3301411271095276
1009,3,265,0.1954004466533661
1010,3,266,0.6898330450057983
1011,3,267,0.33412519097328186
1012,3,268,0.24060383439064026
1013,3,269,0.24695639312267303
1014,3,270,0.28109028935432434
1015,3,271,0.2659156918525696
1016,3,272,0.23200802505016327
1017,3,273,0.21299485862255096
1018,3,274,0.28057461977005005
1019,3,275,0.2794921398162842
1020,3,276,0.22925925254821777
1021,3,277,0.26981204748153687
1022,3,278,0.2500419020652771
1023,3,279,0.3001033663749695
1024,3,280,0.26535719633102417
1025,3,281,0.2901490330696106
1026,3,282,0.2603428065776825
1027,3,283,0.2913888990879059
1028,3,284,0.30510205030441284
1029,3,285,0.25388601422309875
1030,3,286,0.2111879140138626
1031,3,287,0.3044421672821045
1032,3,288,0.6593894958496094
1033,3,289,0.2081564962863922
1034,3,290,0.37073183059692383
1035,3,291,0.2264384776353836
1036,3,292,0.28528454899787903
1037,3,293,0.21526488661766052
1038,3,294,0.2762891948223114
1039,3,295,0.2779141068458557
1040,3,296,0.19234967231750488
1041,3,297,0.25248175859451294
1042,3,298,0.2550479769706726
1043,3,299,0.22971877455711365
1044,3,300,0.23729045689105988
1045,3,301,0.32616153359413147
1046,3,302,0.41342902183532715
1047,3,303,0.24591107666492462
1048,3,304,0.3195682466030121
1049,3,305,0.30795949697494507
1050,3,306,0.2495756894350052
1051,3,307,0.3089383542537689
1052,3,308,0.2328583002090454
1053,3,309,0.22925682365894318
1054,3,310,0.24795258045196533
1055,3,311,0.19132640957832336
1056,3,312,0.23272907733917236
1057,3,313,0.22737812995910645
1058,3,314,0.2563873529434204
1059,3,315,0.37150195240974426
1060,3,316,0.2744982838630676
1061,3,317,0.21913328766822815
1062,3,318,0.24551835656166077
1063,3,319,0.3114989101886749
1064,3,320,0.3077647089958191
1065,3,321,0.30591246485710144
1066,3,322,0.2818338871002197
1067,3,323,0.21404123306274414
1068,3,324,0.27866092324256897
1069,3,325,0.266834020614624
1070,3,326,0.2718770503997803
1071,3,327,0.22985431551933289
1072,3,328,0.2543420195579529
1073,3,329,0.2465163916349411
1074,3,330,0.27440744638442993
1075,3,331,0.21866075694561005
1076,3,332,0.2921253442764282
1077,3,333,0.37271225452423096
1078,3,334,0.27591055631637573
1079,3,335,0.22396615147590637
1080,3,336,0.23222985863685608
1081,3,337,0.21936507523059845
1082,3,338,0.28515276312828064
1083,3,339,0.30780744552612305
1084,3,340,0.22501809895038605
1085,3,341,0.25548645853996277
1086,3,342,0.37678050994873047
1087,3,343,0.23954907059669495
1088,3,344,0.3083544373512268
1089,3,345,0.28500044345855713
1090,3,346,0.24571652710437775
1091,3,347,0.2934722602367401
1092,3,348,0.20955435931682587
1093,3,349,0.2759675979614258
1094,3,350,0.2837900221347809
1095,3,351,0.26854872703552246
1096,3,352,0.22606749832630157
1097,3,353,0.19451679289340973
1098,3,354,0.28379055857658386
1099,3,355,0.20191793143749237
1100,3,356,0.28918617963790894
1101,3,357,0.2342064082622528
1102,3,358,0.2607418894767761
1103,3,359,0.27569353580474854
1104,3,360,0.2549119293689728
1105,3,361,0.2712303400039673
1106,3,362,0.24711759388446808
1107,3,363,0.28964442014694214
1108,3,364,0.23410506546497345
1109,3,365,0.35055702924728394
1110,3,366,0.2563427686691284
1111,3,367,0.2988910377025604
1112,3,368,0.32632070779800415
1113,3,369,0.24113008379936218
1114,3,370,0.2506365478038788
1115,3,371,0.28460273146629333
1116,3,372,0.2788834869861603
1117,4,1,0.30006542801856995
1118,4,2,0.3775821030139923
1119,4,3,0.21055348217487335
1120,4,4,0.24140377342700958
1121,4,5,0.3265279531478882
1122,4,6,0.28720319271087646
1123,4,7,0.23886792361736298
1124,4,8,0.3311377763748169
1125,4,9,0.25934022665023804
1126,4,10,0.2228570282459259
1127,4,11,0.2200828343629837
1128,4,12,0.26504427194595337
1129,4,13,0.23690298199653625
1130,4,14,0.25305864214897156
1131,4,15,0.24050584435462952
1132,4,16,0.24714133143424988
1133,4,17,0.27866441011428833
1134,4,18,0.21708974242210388
1135,4,19,0.27291300892829895
1136,4,20,0.25497379899024963
1137,4,21,0.19450917840003967
1138,4,22,0.23086008429527283
1139,4,23,0.23336708545684814
1140,4,24,0.2778783440589905
1141,4,25,0.2026415318250656
1142,4,26,0.24984559416770935
1143,4,27,0.2450898140668869
1144,4,28,0.22162659466266632
1145,4,29,0.2640482783317566
1146,4,30,0.24612510204315186
1147,4,31,0.5602573156356812
1148,4,32,0.2619744539260864
1149,4,33,0.20917892456054688
1150,4,34,0.2165537327528
1151,4,35,0.3318706154823303
1152,4,36,0.24900877475738525
1153,4,37,0.22158756852149963
1154,4,38,0.23733603954315186
1155,4,39,0.3079697787761688
1156,4,40,0.3380761742591858
1157,4,41,0.21241144835948944
1158,4,42,0.20664778351783752
1159,4,43,0.2419637143611908
1160,4,44,0.2412998378276825
1161,4,45,0.30239245295524597
1162,4,46,0.25570759177207947
1163,4,47,0.24203436076641083
1164,4,48,0.23248739540576935
1165,4,49,0.25750380754470825
1166,4,50,0.4734496474266052
1167,4,51,0.3048388361930847
1168,4,52,0.24524331092834473
1169,4,53,0.24507847428321838
1170,4,54,0.3544221520423889
1171,4,55,0.2100769281387329
1172,4,56,0.16962137818336487
1173,4,57,0.3025245666503906
1174,4,58,0.21337668597698212
1175,4,59,0.526117205619812
1176,4,60,0.31548890471458435
1177,4,61,0.2215079516172409
1178,4,62,0.22566744685173035
1179,4,63,0.2921072542667389
1180,4,64,0.2059689313173294
1181,4,65,0.23932786285877228
1182,4,66,0.24011723697185516
1183,4,67,0.2335396260023117
1184,4,68,0.23818707466125488
1185,4,69,0.26517075300216675
1186,4,70,0.2182566225528717
1187,4,71,0.206975057721138
1188,4,72,0.3129051625728607
1189,4,73,0.263229101896286
1190,4,74,0.2595888376235962
1191,4,75,0.27200040221214294
1192,4,76,0.22211351990699768
1193,4,77,0.26939117908477783
1194,4,78,0.18838146328926086
1195,4,79,0.19963982701301575
1196,4,80,0.22165396809577942
1197,4,81,0.18139682710170746
1198,4,82,0.19721181690692902
1199,4,83,0.254508376121521
1200,4,84,0.28245729207992554
1201,4,85,0.3298564851284027
1202,4,86,0.2828143239021301
1203,4,87,0.19432374835014343
1204,4,88,0.2098875343799591
1205,4,89,0.27404776215553284
1206,4,90,0.24364487826824188
1207,4,91,0.2820078432559967
1208,4,92,0.23874017596244812
1209,4,93,0.2696264684200287
1210,4,94,0.4806221127510071
1211,4,95,0.2230115830898285
1212,4,96,0.3102569580078125
1213,4,97,0.2265455424785614
1214,4,98,0.23833632469177246
1215,4,99,0.299172580242157
1216,4,100,0.29496172070503235
1217,4,101,0.30765706300735474
1218,4,102,0.2539719045162201
1219,4,103,0.2733965814113617
1220,4,104,0.2323608100414276
1221,4,105,0.1910005658864975
1222,4,106,0.31326720118522644
1223,4,107,0.2811761200428009
1224,4,108,0.3307728171348572
1225,4,109,0.28035107254981995
1226,4,110,0.22231006622314453
1227,4,111,0.1940939724445343
1228,4,112,0.22223439812660217
1229,4,113,0.24107174575328827
1230,4,114,0.25846564769744873
1231,4,115,0.2500426471233368
1232,4,116,0.2544209361076355
1233,4,117,0.18281510472297668
1234,4,118,0.1956145018339157
1235,4,119,0.2518112063407898
1236,4,120,0.23050335049629211
1237,4,121,0.26590853929519653
1238,4,122,0.6158183217048645
1239,4,123,0.18447759747505188
1240,4,124,0.24610218405723572
1241,4,125,0.21800239384174347
1242,4,126,0.23302245140075684
1243,4,127,0.26219242811203003
1244,4,128,0.2433495819568634
1245,4,129,0.2608540654182434
1246,4,130,0.23836860060691833
1247,4,131,0.4834522306919098
1248,4,132,0.23952369391918182
1249,4,133,0.27951639890670776
1250,4,134,0.22372937202453613
1251,4,135,0.3454335927963257
1252,4,136,0.2364795207977295
1253,4,137,0.23894186317920685
1254,4,138,0.23708029091358185
1255,4,139,0.3469228148460388
1256,4,140,0.2523714601993561
1257,4,141,0.49686700105667114
1258,4,142,0.26058200001716614
1259,4,143,0.19396385550498962
1260,4,144,0.24164673686027527
1261,4,145,0.2882448732852936
1262,4,146,0.2904163897037506
1263,4,147,0.2892053723335266
1264,4,148,0.2173471748828888
1265,4,149,0.26697415113449097
1266,4,150,0.32982540130615234
1267,4,151,0.23086509108543396
1268,4,152,0.2668066620826721
1269,4,153,0.2888231575489044
1270,4,154,0.2514205276966095
1271,4,155,0.32722172141075134
1272,4,156,0.24913808703422546
1273,4,157,0.2976250648498535
1274,4,158,0.2830016016960144
1275,4,159,0.2718771696090698
1276,4,160,0.25621357560157776
1277,4,161,0.2317834347486496
1278,4,162,0.24862083792686462
1279,4,163,0.2406635582447052
1280,4,164,0.30678629875183105
1281,4,165,0.2859918475151062
1282,4,166,0.272499144077301
1283,4,167,0.2727932929992676
1284,4,168,0.35864192247390747
1285,4,169,0.2605564296245575
1286,4,170,0.2325737476348877
1287,4,171,0.24199628829956055
1288,4,172,0.22482550144195557
1289,4,173,0.2222307175397873
1290,4,174,0.3206278681755066
1291,4,175,0.32921335101127625
1292,4,176,0.2929716110229492
1293,4,177,0.24903082847595215
1294,4,178,0.2007945328950882
1295,4,179,0.259816974401474
1296,4,180,0.2230723798274994
1297,4,181,0.2917327582836151
1298,4,182,0.18387793004512787
1299,4,183,0.25658121705055237
1300,4,184,0.24032282829284668
1301,4,185,0.24095305800437927
1302,4,186,0.2557964026927948
1303,4,187,0.2516712248325348
1304,4,188,0.2573106288909912
1305,4,189,0.2158266007900238
1306,4,190,0.28920048475265503
1307,4,191,0.20579230785369873
1308,4,192,0.2890145182609558
1309,4,193,0.19992808997631073
1310,4,194,0.24815206229686737
1311,4,195,0.21908095479011536
1312,4,196,0.29644250869750977
1313,4,197,0.24933545291423798
1314,4,198,0.23338744044303894
1315,4,199,0.19861456751823425
1316,4,200,0.24629101157188416
1317,4,201,0.2546647787094116
1318,4,202,0.3017902970314026
1319,4,203,0.24372056126594543
1320,4,204,0.5376052260398865
1321,4,205,0.2701025903224945
1322,4,206,0.24613387882709503
1323,4,207,0.22874970734119415
1324,4,208,0.2842310667037964
1325,4,209,0.218266099691391
1326,4,210,0.2746894061565399
1327,4,211,0.44159945845603943
1328,4,212,0.2502933442592621
1329,4,213,0.31865325570106506
1330,4,214,0.21226420998573303
1331,4,215,0.23440034687519073
1332,4,216,0.2290317565202713
1333,4,217,0.29046496748924255
1334,4,218,0.2657889723777771
1335,4,219,0.1809542179107666
1336,4,220,0.23939888179302216
1337,4,221,0.25195303559303284
1338,4,222,0.2382286787033081
1339,4,223,0.2388698309659958
1340,4,224,0.2821781039237976
1341,4,225,0.22871145606040955
1342,4,226,0.2698388993740082
1343,4,227,0.23409032821655273
1344,4,228,0.27656760811805725
1345,4,229,0.3763326108455658
1346,4,230,0.18410709500312805
1347,4,231,0.23760445415973663
1348,4,232,0.19432160258293152
1349,4,233,0.26679056882858276
1350,4,234,0.2424563616514206
1351,4,235,0.2662389278411865
1352,4,236,0.2755957245826721
1353,4,237,0.25688302516937256
1354,4,238,0.29922518134117126
1355,4,239,0.21598383784294128
1356,4,240,0.20431938767433167
1357,4,241,0.23466137051582336
1358,4,242,0.21340739727020264
1359,4,243,0.20900730788707733
1360,4,244,0.19874832034111023
1361,4,245,0.23410168290138245
1362,4,246,0.2218373566865921
1363,4,247,0.29288604855537415
1364,4,248,0.21609215438365936
1365,4,249,0.2584995627403259
1366,4,250,0.21651306748390198
1367,4,251,0.31447601318359375
1368,4,252,0.2579507529735565
1369,4,253,0.2453364133834839
1370,4,254,0.19177258014678955
1371,4,255,0.19800637662410736
1372,4,256,0.17794208228588104
1373,4,257,0.23237021267414093
1374,4,258,0.25748303532600403
1375,4,259,0.2522260844707489
1376,4,260,0.2316591441631317
1377,4,261,0.34151750802993774
1378,4,262,0.24907740950584412
1379,4,263,0.39222463965415955
1380,4,264,0.25959089398384094
1381,4,265,0.2553451657295227
1382,4,266,0.28065699338912964
1383,4,267,0.22397932410240173
1384,4,268,0.24258127808570862
1385,4,269,0.22761258482933044
1386,4,270,0.48537594079971313
1387,4,271,0.20725950598716736
1388,4,272,0.2778330147266388
1389,4,273,0.2450963705778122
1390,4,274,0.237837553024292
1391,4,275,0.3188020586967468
1392,4,276,0.25296950340270996
1393,4,277,0.22367015480995178
1394,4,278,0.33205026388168335
1395,4,279,0.2225382775068283
1396,4,280,0.21909551322460175
1397,4,281,0.23787923157215118
1398,4,282,0.2941661477088928
1399,4,283,0.26676955819129944
1400,4,284,0.2620694041252136
1401,4,285,0.20655548572540283
1402,4,286,0.2245948612689972
1403,4,287,0.2925155460834503
1404,4,288,0.23102696239948273
1405,4,289,0.25580936670303345
1406,4,290,0.2883196175098419
1407,4,291,0.16541291773319244
1408,4,292,0.2738010287284851
1409,4,293,0.20859558880329132
1410,4,294,0.20819608867168427
1411,4,295,0.27269405126571655
1412,4,296,0.2934114634990692
1413,4,297,0.26633408665657043
1414,4,298,0.25008735060691833
1415,4,299,0.1910324990749359
1416,4,300,0.2542184293270111
1417,4,301,0.2221120297908783
1418,4,302,0.24566912651062012
1419,4,303,0.2305605709552765
1420,4,304,0.29658788442611694
1421,4,305,0.2521834373474121
1422,4,306,0.2615184187889099
1423,4,307,0.24045059084892273
1424,4,308,0.30724403262138367
1425,4,309,0.24662551283836365
1426,4,310,0.6120592355728149
1427,4,311,0.2857137620449066
1428,4,312,0.2969459593296051
1429,4,313,0.2820654809474945
1430,4,314,0.24167320132255554
1431,4,315,0.28805306553840637
1432,4,316,0.1903461217880249
1433,4,317,0.19715571403503418
1434,4,318,0.21039395034313202
1435,4,319,0.24553871154785156
1436,4,320,0.23434193432331085
1437,4,321,0.2522648274898529
1438,4,322,0.24737802147865295
1439,4,323,0.25303131341934204
1440,4,324,0.24408495426177979
1441,4,325,0.37687182426452637
1442,4,326,0.2178746908903122
1443,4,327,0.22367413341999054
1444,4,328,0.24381490051746368
1445,4,329,0.26655519008636475
1446,4,330,0.23922494053840637
1447,4,331,0.20935221016407013
1448,4,332,0.24973174929618835
1449,4,333,0.24604637920856476
1450,4,334,0.23915338516235352
1451,4,335,0.1557631492614746
1452,4,336,0.25993528962135315
1453,4,337,0.25637322664260864
1454,4,338,0.24815437197685242
1455,4,339,0.27921050786972046
1456,4,340,0.26520031690597534
1457,4,341,0.31591707468032837
1458,4,342,0.22054651379585266
1459,4,343,0.24926379323005676
1460,4,344,0.22885914146900177
1461,4,345,0.2895429730415344
1462,4,346,0.22193363308906555
1463,4,347,0.2567005753517151
1464,4,348,0.16886785626411438
1465,4,349,0.2768135070800781
1466,4,350,0.22372254729270935
1467,4,351,0.18034863471984863
1468,4,352,0.2550412118434906
1469,4,353,0.20270760357379913
1470,4,354,0.23486237227916718
1471,4,355,0.2219163477420807
1472,4,356,0.24349132180213928
1473,4,357,0.19949308037757874
1474,4,358,0.268363893032074
1475,4,359,0.23559200763702393
1476,4,360,0.19378003478050232
1477,4,361,0.21447066962718964
1478,4,362,0.21108445525169373
1479,4,363,0.25601279735565186
1480,4,364,0.15539956092834473
1481,4,365,0.5897195935249329
1482,4,366,0.22644567489624023
1483,4,367,0.2760203778743744
1484,4,368,0.29366475343704224
1485,4,369,0.24236400425434113
1486,4,370,0.25539645552635193
1487,4,371,0.3286651074886322
1488,4,372,0.21927396953105927
1489,5,1,0.2054954469203949
1490,5,2,0.2029537856578827
1491,5,3,0.24889156222343445
1492,5,4,0.21331176161766052
1493,5,5,0.21267783641815186
1494,5,6,0.21190622448921204
1495,5,7,0.25154000520706177
1496,5,8,0.23174123466014862
1497,5,9,0.23998136818408966
1498,5,10,0.24897059798240662
1499,5,11,0.21368637681007385
1500,5,12,0.5411621332168579
1501,5,13,0.28079190850257874
1502,5,14,0.21341533958911896
1503,5,15,0.6030832529067993
1504,5,16,0.23135368525981903
1505,5,17,0.28022879362106323
1506,5,18,0.3005201816558838
1507,5,19,0.25765326619148254
1508,5,20,0.1870901882648468
1509,5,21,0.2228257954120636
1510,5,22,0.31981632113456726
1511,5,23,0.18169060349464417
1512,5,24,0.2320750504732132
1513,5,25,0.2545517683029175
1514,5,26,0.28692981600761414
1515,5,27,0.24519503116607666
1516,5,28,0.2608863413333893
1517,5,29,0.17661890387535095
1518,5,30,0.27700075507164
1519,5,31,0.2501751780509949
1520,5,32,0.21280860900878906
1521,5,33,0.39092499017715454
1522,5,34,0.23571936786174774
1523,5,35,0.28208038210868835
1524,5,36,0.19493964314460754
1525,5,37,0.1907862424850464
1526,5,38,0.21091225743293762
1527,5,39,0.29139846563339233
1528,5,40,0.19418548047542572
1529,5,41,0.1772659420967102
1530,5,42,0.23340913653373718
1531,5,43,0.1982720047235489
1532,5,44,0.2510361075401306
1533,5,45,0.2556336522102356
1534,5,46,0.20292794704437256
1535,5,47,0.23036794364452362
1536,5,48,0.22052577137947083
1537,5,49,0.20468516647815704
1538,5,50,0.31105858087539673
1539,5,51,0.2456948310136795
1540,5,52,0.22739450633525848
1541,5,53,0.21925687789916992
1542,5,54,0.2472943365573883
1543,5,55,0.24245209991931915
1544,5,56,0.5010941624641418
1545,5,57,0.1937473863363266
1546,5,58,0.2162030041217804
1547,5,59,0.22313272953033447
1548,5,60,0.2076112926006317
1549,5,61,0.25766390562057495
1550,5,62,0.23230087757110596
1551,5,63,0.20617561042308807
1552,5,64,0.22954067587852478
1553,5,65,0.30702200531959534
1554,5,66,0.1914011538028717
1555,5,67,0.2465945929288864
1556,5,68,0.2093108594417572
1557,5,69,0.27402645349502563
1558,5,70,0.2535935044288635
1559,5,71,0.26106637716293335
1560,5,72,0.19074153900146484
1561,5,73,0.2574900984764099
1562,5,74,0.293478786945343
1563,5,75,0.21066617965698242
1564,5,76,0.2817828059196472
1565,5,77,0.1761927604675293
1566,5,78,0.24620568752288818
1567,5,79,0.18684977293014526
1568,5,80,0.2140239179134369
1569,5,81,0.26814478635787964
1570,5,82,0.2950911521911621
1571,5,83,0.21719491481781006
1572,5,84,0.3095272183418274
1573,5,85,0.2519828975200653
1574,5,86,0.22260627150535583
1575,5,87,0.28774768114089966
1576,5,88,0.25181010365486145
1577,5,89,0.1864228993654251
1578,5,90,0.19598720967769623
1579,5,91,0.2546462416648865
1580,5,92,0.22274145483970642
1581,5,93,0.2334589660167694
1582,5,94,0.21190671622753143
1583,5,95,0.24119368195533752
1584,5,96,0.220964714884758
1585,5,97,0.26225870847702026
1586,5,98,0.21153715252876282
1587,5,99,0.6079431176185608
1588,5,100,0.25484490394592285
1589,5,101,0.27756252884864807
1590,5,102,0.20307965576648712
1591,5,103,0.18071536719799042
1592,5,104,0.2666712701320648
1593,5,105,0.19763274490833282
1594,5,106,0.20606426894664764
1595,5,107,0.30234989523887634
1596,5,108,0.19855396449565887
1597,5,109,0.22874920070171356
1598,5,110,0.2075900286436081
1599,5,111,0.2036730945110321
1600,5,112,0.34824803471565247
1601,5,113,0.2038000524044037
1602,5,114,0.2296798974275589
1603,5,115,0.21564102172851562
1604,5,116,0.2541104257106781
1605,5,117,0.2036900520324707
1606,5,118,0.20500437915325165
1607,5,119,0.26748400926589966
1608,5,120,0.392261803150177
1609,5,121,0.23857362568378448
1610,5,122,0.22911310195922852
1611,5,123,0.23436114192008972
1612,5,124,0.1981203258037567
1613,5,125,0.2639804780483246
1614,5,126,0.2576823830604553
1615,5,127,0.25926321744918823
1616,5,128,0.2947031259536743
1617,5,129,0.23475751280784607
1618,5,130,0.2220604121685028
1619,5,131,0.24130067229270935
1620,5,132,0.24419286847114563
1621,5,133,0.19921866059303284
1622,5,134,0.22012147307395935
1623,5,135,0.22663119435310364
1624,5,136,0.216140478849411
1625,5,137,0.2168739289045334
1626,5,138,0.4175052046775818
1627,5,139,0.2253902703523636
1628,5,140,0.23783957958221436
1629,5,141,0.2285192757844925
1630,5,142,0.2487439662218094
1631,5,143,0.20816724002361298
1632,5,144,0.2674436867237091
1633,5,145,0.3901890814304352
1634,5,146,0.2517932653427124
1635,5,147,0.3041664958000183
1636,5,148,0.20924516022205353
1637,5,149,0.2673143744468689
1638,5,150,0.24806924164295197
1639,5,151,0.22107374668121338
1640,5,152,0.21158862113952637
1641,5,153,0.264100044965744
1642,5,154,0.21111997961997986
1643,5,155,0.2603599429130554
1644,5,156,0.25503605604171753
1645,5,157,0.20524752140045166
1646,5,158,0.20699629187583923
1647,5,159,0.2615582048892975
1648,5,160,0.2781617045402527
1649,5,161,0.26512330770492554
1650,5,162,0.19535110890865326
1651,5,163,0.18450747430324554
1652,5,164,0.1884179264307022
1653,5,165,0.22888365387916565
1654,5,166,0.2663017511367798
1655,5,167,0.21113140881061554
1656,5,168,0.19535775482654572
1657,5,169,0.2624688148498535
1658,5,170,0.2452985793352127
1659,5,171,0.2571990489959717
1660,5,172,0.21958771347999573
1661,5,173,0.2255336493253708
1662,5,174,0.2096101939678192
1663,5,175,0.244375541806221
1664,5,176,0.22784371674060822
1665,5,177,0.21375274658203125
1666,5,178,0.2244391143321991
1667,5,179,0.22416643798351288
1668,5,180,0.2784614861011505
1669,5,181,0.24972350895404816
1670,5,182,0.28025490045547485
1671,5,183,0.20362865924835205
1672,5,184,0.30204764008522034
1673,5,185,0.23433060944080353
1674,5,186,0.2373429536819458
1675,5,187,0.16373345255851746
1676,5,188,0.2489355057477951
1677,5,189,0.2388419657945633
1678,5,190,0.23905321955680847
1679,5,191,0.20018717646598816
1680,5,192,0.26886552572250366
1681,5,193,0.1992141306400299
1682,5,194,0.24484463036060333
1683,5,195,0.19617657363414764
1684,5,196,0.2096072882413864
1685,5,197,0.19977733492851257
1686,5,198,0.2227422446012497
1687,5,199,0.2983655035495758
1688,5,200,0.20433993637561798
1689,5,201,0.31416356563568115
1690,5,202,0.18260490894317627
1691,5,203,0.5728422999382019
1692,5,204,0.2191581279039383
1693,5,205,0.25736862421035767
1694,5,206,0.2639693319797516
1695,5,207,0.28120341897010803
1696,5,208,0.25420403480529785
1697,5,209,0.22595639526844025
1698,5,210,0.2074032723903656
1699,5,211,0.2700456976890564
1700,5,212,0.24284616112709045
1701,5,213,0.23437634110450745
1702,5,214,0.2659599184989929
1703,5,215,0.2819443643093109
1704,5,216,0.19154711067676544
1705,5,217,0.3485705256462097
1706,5,218,0.1912315934896469
1707,5,219,0.18142610788345337
1708,5,220,0.21662500500679016
1709,5,221,0.21500876545906067
1710,5,222,0.25617751479148865
1711,5,223,0.24155478179454803
1712,5,224,0.27141910791397095
1713,5,225,0.22158023715019226
1714,5,226,0.2309321165084839
1715,5,227,0.2693111002445221
1716,5,228,0.25043413043022156
1717,5,229,0.19334076344966888
1718,5,230,0.24061599373817444
1719,5,231,0.20790407061576843
1720,5,232,0.5541415214538574
1721,5,233,0.1629597544670105
1722,5,234,0.5601626634597778
1723,5,235,0.20143766701221466
1724,5,236,0.23499469459056854
1725,5,237,0.2689036726951599
1726,5,238,0.2601000666618347
1727,5,239,0.23303958773612976
1728,5,240,0.31636810302734375
1729,5,241,0.27013131976127625
1730,5,242,0.2953185439109802
1731,5,243,0.2360166758298874
1732,5,244,0.18426349759101868
1733,5,245,0.23159217834472656
1734,5,246,0.46693190932273865
1735,5,247,0.2378186285495758
1736,5,248,0.22046370804309845
1737,5,249,0.3559178411960602
1738,5,250,0.2589493691921234
1739,5,251,0.18710678815841675
1740,5,252,0.20484685897827148
1741,5,253,0.19737684726715088
1742,5,254,0.2372751235961914
1743,5,255,0.22408798336982727
1744,5,256,0.2535358667373657
1745,5,257,0.2007012665271759
1746,5,258,0.24030283093452454
1747,5,259,0.258065402507782
1748,5,260,0.2620506286621094
1749,5,261,0.19997985661029816
1750,5,262,0.2017817497253418
1751,5,263,0.26263052225112915
1752,5,264,0.21366827189922333
1753,5,265,0.18274596333503723
1754,5,266,0.21316497027873993
1755,5,267,0.2400331050157547
1756,5,268,0.19740259647369385
1757,5,269,0.46380534768104553
1758,5,270,0.2543554902076721
1759,5,271,0.24651089310646057
1760,5,272,0.1820058524608612
1761,5,273,0.2167254239320755
1762,5,274,0.2788854241371155
1763,5,275,0.23156480491161346
1764,5,276,0.24276049435138702
1765,5,277,0.2292346954345703
1766,5,278,0.2515842020511627
1767,5,279,0.23320432007312775
1768,5,280,0.2463054656982422
1769,5,281,0.20798635482788086
1770,5,282,0.23977486789226532
1771,5,283,0.20461773872375488
1772,5,284,0.21260443329811096
1773,5,285,0.2388196736574173
1774,5,286,0.2608957588672638
1775,5,287,0.23004069924354553
1776,5,288,0.2817119359970093
1777,5,289,0.2566069960594177
1778,5,290,0.24960169196128845
1779,5,291,0.2392575442790985
1780,5,292,0.25014033913612366
1781,5,293,0.2668270468711853
1782,5,294,0.27093949913978577
1783,5,295,0.42315778136253357
1784,5,296,0.255095899105072
1785,5,297,0.21819213032722473
1786,5,298,0.24799354374408722
1787,5,299,0.2731979787349701
1788,5,300,0.26306599378585815
1789,5,301,0.2524614930152893
1790,5,302,0.21099424362182617
1791,5,303,0.20633867383003235
1792,5,304,0.2312380075454712
1793,5,305,0.48268717527389526
1794,5,306,0.2159879505634308
1795,5,307,0.2675919234752655
1796,5,308,0.30005306005477905
1797,5,309,0.24623481929302216
1798,5,310,0.29681235551834106
1799,5,311,0.24865718185901642
1800,5,312,0.22503364086151123
1801,5,313,0.3022574484348297
1802,5,314,0.21989493072032928
1803,5,315,0.2177291363477707
1804,5,316,0.21926328539848328
1805,5,317,0.21069176495075226
1806,5,318,0.24617993831634521
1807,5,319,0.24680931866168976
1808,5,320,0.2180725336074829
1809,5,321,0.22740395367145538
1810,5,322,0.25593894720077515
1811,5,323,0.26360443234443665
1812,5,324,0.26925894618034363
1813,5,325,0.18291999399662018
1814,5,326,0.24147117137908936
1815,5,327,0.1942698061466217
1816,5,328,0.21426963806152344
1817,5,329,0.2305493801832199
1818,5,330,0.18167337775230408
1819,5,331,0.22125642001628876
1820,5,332,0.24240295588970184
1821,5,333,0.23222506046295166
1822,5,334,0.18695446848869324
1823,5,335,0.20231208205223083
1824,5,336,0.25187546014785767
1825,5,337,0.2008776217699051
1826,5,338,0.2324219048023224
1827,5,339,0.26093512773513794
1828,5,340,0.2761027216911316
1829,5,341,0.18644796311855316
1830,5,342,0.3553726077079773
1831,5,343,0.1901094913482666
1832,5,344,0.26426631212234497
1833,5,345,0.22705551981925964
1834,5,346,0.23221027851104736
1835,5,347,0.2094087302684784
1836,5,348,0.18255600333213806
1837,5,349,0.23210248351097107
1838,5,350,0.1759570837020874
1839,5,351,0.21665024757385254
1840,5,352,0.20206668972969055
1841,5,353,0.2656497657299042
1842,5,354,0.24336573481559753
1843,5,355,0.20136189460754395
1844,5,356,0.2613721489906311
1845,5,357,0.6712422966957092
1846,5,358,0.29583707451820374
1847,5,359,0.27579882740974426
1848,5,360,0.18325287103652954
1849,5,361,0.29175519943237305
1850,5,362,0.2279571294784546
1851,5,363,0.21953316032886505
1852,5,364,0.23140308260917664
1853,5,365,0.23215122520923615
1854,5,366,0.21782152354717255
1855,5,367,0.21886476874351501
1856,5,368,0.22173209488391876
1857,5,369,0.2442467212677002
1858,5,370,0.22503308951854706
1859,5,371,0.2394949495792389
1860,5,372,0.2739422619342804
1861,6,1,0.2257002592086792
1862,6,2,0.22882652282714844
1863,6,3,0.23959600925445557
1864,6,4,0.2468666136264801
1865,6,5,0.19408953189849854
1866,6,6,0.21796581149101257
1867,6,7,0.23686762154102325
1868,6,8,0.28304323554039
1869,6,9,0.2287435233592987
1870,6,10,0.2671716809272766
1871,6,11,0.213779017329216
1872,6,12,0.1964084357023239
1873,6,13,0.22775506973266602
1874,6,14,0.21568059921264648
1875,6,15,0.15792939066886902
1876,6,16,0.20440880954265594
1877,6,17,0.2560195326805115
1878,6,18,0.2145058661699295
1879,6,19,0.26157018542289734
1880,6,20,0.25892919301986694
1881,6,21,0.2511279582977295
1882,6,22,0.1898295283317566
1883,6,23,0.20278117060661316
1884,6,24,0.352314829826355
1885,6,25,0.19235552847385406
1886,6,26,0.21698042750358582
1887,6,27,0.18433912098407745
1888,6,28,0.19298860430717468
1889,6,29,0.2183179408311844
1890,6,30,0.21455737948417664
1891,6,31,0.2608919143676758
1892,6,32,0.19125115871429443
1893,6,33,0.19814810156822205
1894,6,34,0.19897893071174622
1895,6,35,0.32197433710098267
1896,6,36,0.1630742996931076
1897,6,37,0.41750484704971313
1898,6,38,0.20732471346855164
1899,6,39,0.20607762038707733
1900,6,40,0.20033566653728485
1901,6,41,0.19179324805736542
1902,6,42,0.20291344821453094
1903,6,43,0.23132357001304626
1904,6,44,0.26566460728645325
1905,6,45,0.20961317420005798
1906,6,46,0.2340846061706543
1907,6,47,0.2139112949371338
1908,6,48,0.23469634354114532
1909,6,49,0.24130454659461975
1910,6,50,0.24475745856761932
1911,6,51,0.22468820214271545
1912,6,52,0.19818027317523956
1913,6,53,0.21520809829235077
1914,6,54,0.26797574758529663
1915,6,55,0.24790656566619873
1916,6,56,0.2126603126525879
1917,6,57,0.22956418991088867
1918,6,58,0.2630743980407715
1919,6,59,0.29357534646987915
1920,6,60,0.19068993628025055
1921,6,61,0.2485443353652954
1922,6,62,0.18200227618217468
1923,6,63,0.2006630152463913
1924,6,64,0.4477608799934387
1925,6,65,0.24416296184062958
1926,6,66,0.28803128004074097
1927,6,67,0.2436770647764206
1928,6,68,0.20603616535663605
1929,6,69,0.22386083006858826
1930,6,70,0.21426677703857422
1931,6,71,0.20656470954418182
1932,6,72,0.24598297476768494
1933,6,73,0.280767023563385
1934,6,74,0.15401378273963928
1935,6,75,0.2391800880432129
1936,6,76,0.18588092923164368
1937,6,77,0.19201216101646423
1938,6,78,0.21227435767650604
1939,6,79,0.4624563753604889
1940,6,80,0.21944117546081543
1941,6,81,0.22651167213916779
1942,6,82,0.2173692286014557
1943,6,83,0.1960083246231079
1944,6,84,0.27400532364845276
1945,6,85,0.2537356913089752
1946,6,86,0.18601341545581818
1947,6,87,0.19297991693019867
1948,6,88,0.2161332070827484
1949,6,89,0.24858763813972473
1950,6,90,0.20814070105552673
1951,6,91,0.27190840244293213
1952,6,92,0.1789361983537674
1953,6,93,0.2563161253929138
1954,6,94,0.22895598411560059
1955,6,95,0.23054523766040802
1956,6,96,0.19446563720703125
1957,6,97,0.21625550091266632
1958,6,98,0.25487375259399414
1959,6,99,0.18083402514457703
1960,6,100,0.26077890396118164
1961,6,101,0.22164277732372284
1962,6,102,0.19277667999267578
1963,6,103,0.6570541262626648
1964,6,104,0.1804039478302002
1965,6,105,0.19945281744003296
1966,6,106,0.19517254829406738
1967,6,107,0.18405622243881226
1968,6,108,0.2053498774766922
1969,6,109,0.3093986511230469
1970,6,110,0.1837710589170456
1971,6,111,0.20954427123069763
1972,6,112,0.2250707894563675
1973,6,113,0.2165270298719406
1974,6,114,0.37930163741111755
1975,6,115,0.24991348385810852
1976,6,116,0.17541734874248505
1977,6,117,0.20948095619678497
1978,6,118,0.20555785298347473
1979,6,119,0.18154674768447876
1980,6,120,0.21095380187034607
1981,6,121,0.1998613029718399
1982,6,122,0.19126680493354797
1983,6,123,0.2272852659225464
1984,6,124,0.21304520964622498
1985,6,125,0.1874510943889618
1986,6,126,0.19248005747795105
1987,6,127,0.21113571524620056
1988,6,128,0.1866898536682129
1989,6,129,0.18389984965324402
1990,6,130,0.19676831364631653
1991,6,131,0.21434560418128967
1992,6,132,0.2943665683269501
1993,6,133,0.2287752628326416
1994,6,134,0.24145781993865967
1995,6,135,0.21702826023101807
1996,6,136,0.22566743195056915
1997,6,137,0.194578155875206
1998,6,138,0.26384055614471436
1999,6,139,0.23810115456581116
2000,6,140,0.21467475593090057
2001,6,141,0.3356000483036041
2002,6,142,0.26783934235572815
2003,6,143,0.1870490312576294
2004,6,144,0.1885586529970169
2005,6,145,0.18124639987945557
2006,6,146,0.2673969864845276
2007,6,147,0.30036652088165283
2008,6,148,0.19152449071407318
2009,6,149,0.21162521839141846
2010,6,150,0.19877879321575165
2011,6,151,0.21216364204883575
2012,6,152,0.3770849108695984
2013,6,153,0.2163211554288864
2014,6,154,0.23519746959209442
2015,6,155,0.3530830442905426
2016,6,156,0.21494677662849426
2017,6,157,0.22086301445960999
2018,6,158,0.22072450816631317
2019,6,159,0.19578242301940918
2020,6,160,0.2643277943134308
2021,6,161,0.2480955868959427
2022,6,162,0.310775488615036
2023,6,163,0.23808352649211884
2024,6,164,0.23215191066265106
2025,6,165,0.2406066358089447
2026,6,166,0.17250630259513855
2027,6,167,0.25482475757598877
2028,6,168,0.19852378964424133
2029,6,169,0.2350894957780838
2030,6,170,0.2785511016845703
2031,6,171,0.22619251906871796
2032,6,172,0.3043452799320221
2033,6,173,0.19796830415725708
2034,6,174,0.21035020053386688
2035,6,175,0.22087375819683075
2036,6,176,0.2233879119157791
2037,6,177,0.2439880073070526
2038,6,178,0.23448534309864044
2039,6,179,0.23169615864753723
2040,6,180,0.2528465688228607
2041,6,181,0.19463229179382324
2042,6,182,0.20298247039318085
2043,6,183,0.23722481727600098
2044,6,184,0.2214663326740265
2045,6,185,0.21170926094055176
2046,6,186,0.2058369219303131
2047,6,187,0.22853343188762665
2048,6,188,0.47623586654663086
2049,6,189,0.19596350193023682
2050,6,190,0.23359254002571106
2051,6,191,0.21789245307445526
2052,6,192,0.2532429099082947
2053,6,193,0.24344415962696075
2054,6,194,0.24418625235557556
2055,6,195,0.18848471343517303
2056,6,196,0.20888550579547882
2057,6,197,0.2121901512145996
2058,6,198,0.21704919636249542
2059,6,199,0.20856459438800812
2060,6,200,0.26704809069633484
2061,6,201,0.18471331894397736
2062,6,202,0.19460004568099976
2063,6,203,0.23476675152778625
2064,6,204,0.17724835872650146
2065,6,205,0.2691943049430847
2066,6,206,0.21612897515296936
2067,6,207,0.22155964374542236
2068,6,208,0.2364453822374344
2069,6,209,0.21410393714904785
2070,6,210,0.20528140664100647
2071,6,211,0.23337140679359436
2072,6,212,0.21880105137825012
2073,6,213,0.1943812519311905
2074,6,214,0.3079755902290344
2075,6,215,0.47019535303115845
2076,6,216,0.17210495471954346
2077,6,217,0.22086434066295624
2078,6,218,0.18793785572052002
2079,6,219,0.24236173927783966
2080,6,220,0.2549450993537903
2081,6,221,0.13690045475959778
2082,6,222,0.28909391164779663
2083,6,223,0.17946544289588928
2084,6,224,0.23660263419151306
2085,6,225,0.21516723930835724
2086,6,226,0.228230282664299
2087,6,227,0.22374597191810608
2088,6,228,0.27587318420410156
2089,6,229,0.16046276688575745
2090,6,230,0.22718468308448792
2091,6,231,0.18794681131839752
2092,6,232,0.24886047840118408
2093,6,233,0.18898433446884155
2094,6,234,0.16156932711601257
2095,6,235,0.2172648161649704
2096,6,236,0.1957341581583023
2097,6,237,0.23227965831756592
2098,6,238,0.19284150004386902
2099,6,239,0.18674778938293457
2100,6,240,0.279045432806015
2101,6,241,0.22492167353630066
2102,6,242,0.314264714717865
2103,6,243,0.23752935230731964
2104,6,244,0.1700568050146103
2105,6,245,0.22789733111858368
2106,6,246,0.22739963233470917
2107,6,247,0.17973008751869202
2108,6,248,0.1638043075799942
2109,6,249,0.1947522908449173
2110,6,250,0.3766551613807678
2111,6,251,0.3625801205635071
2112,6,252,0.26579803228378296
2113,6,253,0.24872472882270813
2114,6,254,0.21867361664772034
2115,6,255,0.3604380190372467
2116,6,256,0.25438621640205383
2117,6,257,0.28310009837150574
2118,6,258,0.24525988101959229
2119,6,259,0.19159749150276184
2120,6,260,0.2290681153535843
2121,6,261,0.22701363265514374
2122,6,262,0.23591402173042297
2123,6,263,0.26268523931503296
2124,6,264,0.2258875072002411
2125,6,265,0.22491733729839325
2126,6,266,0.22113744914531708
2127,6,267,0.27573466300964355
2128,6,268,0.34897491335868835
2129,6,269,0.2873312532901764
2130,6,270,0.22856804728507996
2131,6,271,0.3123038709163666
2132,6,272,0.24475684762001038
2133,6,273,0.27460721135139465
2134,6,274,0.22191400825977325
2135,6,275,0.2668442130088806
2136,6,276,0.20786559581756592
2137,6,277,0.24730809032917023
2138,6,278,0.24590173363685608
2139,6,279,0.1686154454946518
2140,6,280,0.24243620038032532
2141,6,281,0.21224872767925262
2142,6,282,0.21146364510059357
2143,6,283,0.18094325065612793
2144,6,284,0.2405499517917633
2145,6,285,0.18605665862560272
2146,6,286,0.24778203666210175
2147,6,287,0.22996628284454346
2148,6,288,0.21820354461669922
2149,6,289,0.28559261560440063
2150,6,290,0.1843784749507904
2151,6,291,0.1943633258342743
2152,6,292,0.22786691784858704
2153,6,293,0.2260420322418213
2154,6,294,0.1997326761484146
2155,6,295,0.22099749743938446
2156,6,296,0.2350880205631256
2157,6,297,0.1869669258594513
2158,6,298,0.8827773332595825
2159,6,299,0.2142995148897171
2160,6,300,0.2464173585176468
2161,6,301,0.20275330543518066
2162,6,302,0.17327433824539185
2163,6,303,0.2146625518798828
2164,6,304,0.22837361693382263
2165,6,305,0.42164015769958496
2166,6,306,0.2541731297969818
2167,6,307,0.2238578498363495
2168,6,308,0.22870692610740662
2169,6,309,0.25155919790267944
2170,6,310,0.2660466730594635
2171,6,311,0.2196565866470337
2172,6,312,0.2361239194869995
2173,6,313,0.2114817351102829
2174,6,314,0.21029993891716003
2175,6,315,0.23401358723640442
2176,6,316,0.18415787816047668
2177,6,317,0.2948758006095886
2178,6,318,0.22070083022117615
2179,6,319,0.2766040563583374
2180,6,320,0.289175808429718
2181,6,321,0.2157261073589325
2182,6,322,0.2035047709941864
2183,6,323,0.24099969863891602
2184,6,324,0.2548830211162567
2185,6,325,0.23490698635578156
2186,6,326,0.2246478796005249
2187,6,327,0.260627806186676
2188,6,328,0.2034214735031128
2189,6,329,0.1837366670370102
2190,6,330,0.2507780194282532
2191,6,331,0.24302303791046143
2192,6,332,0.22852692008018494
2193,6,333,0.21960774064064026
2194,6,334,0.2254270613193512
2195,6,335,0.2170010507106781
2196,6,336,0.2144864797592163
2197,6,337,0.1851126253604889
2198,6,338,0.2343573272228241
2199,6,339,0.254710853099823
2200,6,340,0.24690909683704376
2201,6,341,0.22771677374839783
2202,6,342,0.22420468926429749
2203,6,343,0.34140533208847046
2204,6,344,0.23632963001728058
2205,6,345,0.2172728031873703
2206,6,346,0.29799938201904297
2207,6,347,0.24803707003593445
2208,6,348,0.21966400742530823
2209,6,349,0.23067061603069305
2210,6,350,0.2420131266117096
2211,6,351,0.25793376564979553
2212,6,352,0.2074243575334549
2213,6,353,0.22897040843963623
2214,6,354,0.2517783045768738
2215,6,355,0.20515933632850647
2216,6,356,0.21295587718486786
2217,6,357,0.23830263316631317
2218,6,358,0.1797206699848175
2219,6,359,0.2677638828754425
2220,6,360,0.2564484775066376
2221,6,361,0.3117442727088928
2222,6,362,0.17807219922542572
2223,6,363,0.19760602712631226
2224,6,364,0.22029444575309753
2225,6,365,0.19702306389808655
2226,6,366,0.2633270025253296
2227,6,367,0.3254314363002777
2228,6,368,0.27282437682151794
2229,6,369,0.20706681907176971
2230,6,370,0.18602077662944794
2231,6,371,0.20891046524047852
2232,6,372,0.2125675082206726
2233,7,1,0.19563797116279602
2234,7,2,0.2038240134716034
2235,7,3,0.4655514359474182
2236,7,4,0.2650672197341919
2237,7,5,0.1988513320684433
2238,7,6,0.21194036304950714
2239,7,7,0.22388955950737
2240,7,8,0.21619410812854767
2241,7,9,0.22860777378082275
2242,7,10,0.1975746601819992
2243,7,11,0.18633218109607697
2244,7,12,0.1978699415922165
2245,7,13,0.21845856308937073
2246,7,14,0.18415682017803192
2247,7,15,0.2123098373413086
2248,7,16,0.22613108158111572
2249,7,17,0.1886872500181198
2250,7,18,0.2038329392671585
2251,7,19,0.18540430068969727
2252,7,20,0.21334609389305115
2253,7,21,0.17223255336284637
2254,7,22,0.20410414040088654
2255,7,23,0.14798393845558167
2256,7,24,0.3813456594944
2257,7,25,0.17821428179740906
2258,7,26,0.2009119987487793
2259,7,27,0.20749548077583313
2260,7,28,0.21571488678455353
2261,7,29,0.2825404107570648
2262,7,30,0.19048061966896057
2263,7,31,0.2298065721988678
2264,7,32,0.2329321801662445
2265,7,33,0.203048437833786
2266,7,34,0.2528691589832306
2267,7,35,0.20052704215049744
2268,7,36,0.14767172932624817
2269,7,37,0.18067599833011627
2270,7,38,0.1939426213502884
2271,7,39,0.20905423164367676
2272,7,40,0.17030584812164307
2273,7,41,0.15812525153160095
2274,7,42,0.2221236526966095
2275,7,43,0.2013518363237381
2276,7,44,0.24147121608257294
2277,7,45,0.19379231333732605
2278,7,46,0.19568891823291779
2279,7,47,0.20599691569805145
2280,7,48,0.19351842999458313
2281,7,49,0.2575485110282898
2282,7,50,0.22983551025390625
2283,7,51,0.21078212559223175
2284,7,52,0.2236347496509552
2285,7,53,0.1667308360338211
2286,7,54,0.17676614224910736
2287,7,55,0.2649224102497101
2288,7,56,0.24612557888031006
2289,7,57,0.2073320597410202
2290,7,58,0.2730195224285126
2291,7,59,0.19396522641181946
2292,7,60,0.17484843730926514
2293,7,61,0.19132234156131744
2294,7,62,0.24021653831005096
2295,7,63,0.15512779355049133
2296,7,64,0.26378732919692993
2297,7,65,0.2145947962999344
2298,7,66,0.17886340618133545
2299,7,67,0.29433968663215637
2300,7,68,0.21491611003875732
2301,7,69,0.27500858902931213
2302,7,70,0.21956929564476013
2303,7,71,0.7335886359214783
2304,7,72,0.25196340680122375
2305,7,73,0.2862608730792999
2306,7,74,0.17208939790725708
2307,7,75,0.2369597852230072
2308,7,76,0.2421986162662506
2309,7,77,0.27746573090553284
2310,7,78,0.19758421182632446
2311,7,79,0.16772779822349548
2312,7,80,0.24067063629627228
2313,7,81,0.22609862685203552
2314,7,82,0.2053382843732834
2315,7,83,0.2535613775253296
2316,7,84,0.2780546247959137
2317,7,85,0.23385922610759735
2318,7,86,0.1707429587841034
2319,7,87,0.21556906402111053
2320,7,88,0.18855349719524384
2321,7,89,0.24682529270648956
2322,7,90,0.4927763044834137
2323,7,91,0.18058566749095917
2324,7,92,0.2411443442106247
2325,7,93,0.25061196088790894
2326,7,94,0.1742171049118042
2327,7,95,0.20150744915008545
2328,7,96,0.19899506866931915
2329,7,97,0.19940391182899475
2330,7,98,0.19004055857658386
2331,7,99,0.21299061179161072
2332,7,100,0.2456398904323578
2333,7,101,0.3322604298591614
2334,7,102,0.2516106963157654
2335,7,103,0.22318454086780548
2336,7,104,0.21293964982032776
2337,7,105,0.2303827702999115
2338,7,106,0.2338305413722992
2339,7,107,0.20997056365013123
2340,7,108,0.23993703722953796
2341,7,109,0.22841492295265198
2342,7,110,0.1987222135066986
2343,7,111,0.21920566260814667
2344,7,112,0.22385255992412567
2345,7,113,0.19570474326610565
2346,7,114,0.24907474219799042
2347,7,115,0.24642233550548553
2348,7,116,0.22989554703235626
2349,7,117,0.22113899886608124
2350,7,118,0.2423464059829712
2351,7,119,0.1985326111316681
2352,7,120,0.4025040566921234
2353,7,121,0.18141235411167145
2354,7,122,0.2058664858341217
2355,7,123,0.2246008813381195
2356,7,124,0.22255945205688477
2357,7,125,0.194576233625412
2358,7,126,0.17717497050762177
2359,7,127,0.22810277342796326
2360,7,128,0.2155989110469818
2361,7,129,0.16474798321723938
2362,7,130,0.2565900385379791
2363,7,131,0.16790218651294708
2364,7,132,0.21304693818092346
2365,7,133,0.20422784984111786
2366,7,134,0.2084876000881195
2367,7,135,0.21323105692863464
2368,7,136,0.20309440791606903
2369,7,137,0.18410739302635193
2370,7,138,0.2649765610694885
2371,7,139,0.6368780136108398
2372,7,140,0.20408430695533752
2373,7,141,0.20536842942237854
2374,7,142,0.19867920875549316
2375,7,143,0.21304495632648468
2376,7,144,0.26292380690574646
2377,7,145,0.2450186312198639
2378,7,146,0.2225896120071411
2379,7,147,0.20478582382202148
2380,7,148,0.24192234873771667
2381,7,149,0.1745421290397644
2382,7,150,0.28865957260131836
2383,7,151,0.17998965084552765
2384,7,152,0.21517005562782288
2385,7,153,0.21949000656604767
2386,7,154,0.19672007858753204
2387,7,155,0.21545331180095673
2388,7,156,0.23640847206115723
2389,7,157,0.22643831372261047
2390,7,158,0.2965129017829895
2391,7,159,0.17194290459156036
2392,7,160,0.22837524116039276
2393,7,161,0.20372912287712097
2394,7,162,0.17658062279224396
2395,7,163,0.19256077706813812
2396,7,164,0.21298666298389435
2397,7,165,0.15706895291805267
2398,7,166,0.3738687336444855
2399,7,167,0.2040262520313263
2400,7,168,0.16738897562026978
2401,7,169,0.2753680646419525
2402,7,170,0.22388458251953125
2403,7,171,0.15390118956565857
2404,7,172,0.2086397409439087
2405,7,173,0.2448412925004959
2406,7,174,0.1946655958890915
2407,7,175,0.18627437949180603
2408,7,176,0.1915019452571869
2409,7,177,0.25430458784103394
2410,7,178,0.220529243350029
2411,7,179,0.21388106048107147
2412,7,180,0.2190891057252884
2413,7,181,0.2508726119995117
2414,7,182,0.24876348674297333
2415,7,183,0.20609135925769806
2416,7,184,0.48302164673805237
2417,7,185,0.21509340405464172
2418,7,186,0.20144541561603546
2419,7,187,0.19348137080669403
2420,7,188,0.1699868142604828
2421,7,189,0.18919965624809265
2422,7,190,0.2230074107646942
2423,7,191,0.22368840873241425
2424,7,192,0.22332489490509033
2425,7,193,0.18883304297924042
2426,7,194,0.25319811701774597
2427,7,195,0.22981202602386475
2428,7,196,0.24834713339805603
2429,7,197,0.23594920337200165
2430,7,198,0.1994830071926117
2431,7,199,0.1483512818813324
2432,7,200,0.22101275622844696
2433,7,201,0.23963212966918945
2434,7,202,0.26901623606681824
2435,7,203,0.19193433225154877
2436,7,204,0.19631853699684143
2437,7,205,0.20801202952861786
2438,7,206,0.22612512111663818
2439,7,207,0.2556164860725403
2440,7,208,0.22000305354595184
2441,7,209,0.24623647332191467
2442,7,210,0.2128770798444748
2443,7,211,0.25058671832084656
2444,7,212,0.2563135027885437
2445,7,213,0.18113283812999725
2446,7,214,0.19975833594799042
2447,7,215,0.23427286744117737
2448,7,216,0.2372104674577713
2449,7,217,0.5625625848770142
2450,7,218,0.19273944199085236
2451,7,219,0.19628819823265076
2452,7,220,0.30717936158180237
2453,7,221,0.23245182633399963
2454,7,222,0.21435825526714325
2455,7,223,0.1960139274597168
2456,7,224,0.1381828486919403
2457,7,225,0.20388562977313995
2458,7,226,0.2082667052745819
2459,7,227,0.26012223958969116
2460,7,228,0.19357480108737946
2461,7,229,0.22503235936164856
2462,7,230,0.21803441643714905
2463,7,231,0.276675820350647
2464,7,232,0.21286174654960632
2465,7,233,0.2458587884902954
2466,7,234,0.20514488220214844
2467,7,235,0.2587548494338989
2468,7,236,0.3376353085041046
2469,7,237,0.18227176368236542
2470,7,238,0.19684411585330963
2471,7,239,0.140424907207489
2472,7,240,0.20507164299488068
2473,7,241,0.1944742053747177
2474,7,242,0.36739951372146606
2475,7,243,0.23888392746448517
2476,7,244,0.18289554119110107
2477,7,245,0.17684081196784973
2478,7,246,0.26555049419403076
2479,7,247,0.3004330098628998
2480,7,248,0.2048393040895462
2481,7,249,0.19399140775203705
2482,7,250,0.17277875542640686
2483,7,251,0.20932874083518982
2484,7,252,0.23275808990001678
2485,7,253,0.2198607474565506
2486,7,254,0.20973840355873108
2487,7,255,0.20657090842723846
2488,7,256,0.17046035826206207
2489,7,257,0.2636490762233734
2490,7,258,0.21166110038757324
2491,7,259,0.2060263603925705
2492,7,260,0.22407332062721252
2493,7,261,0.20864737033843994
2494,7,262,0.18506291508674622
2495,7,263,0.21214866638183594
2496,7,264,0.1767197698354721
2497,7,265,0.17600394785404205
2498,7,266,0.22794795036315918
2499,7,267,0.2314353734254837
2500,7,268,0.17019334435462952
2501,7,269,0.22249452769756317
2502,7,270,0.20420758426189423
2503,7,271,0.1912786364555359
2504,7,272,0.21114520728588104
2505,7,273,0.18490207195281982
2506,7,274,0.18224266171455383
2507,7,275,0.23502740263938904
2508,7,276,0.18380071222782135
2509,7,277,0.24249787628650665
2510,7,278,0.23422861099243164
2511,7,279,0.20045539736747742
2512,7,280,0.17188337445259094
2513,7,281,0.2549021244049072
2514,7,282,0.2478150874376297
2515,7,283,0.20152178406715393
2516,7,284,0.23044005036354065
2517,7,285,0.20194919407367706
2518,7,286,0.20164239406585693
2519,7,287,0.2162822037935257
2520,7,288,0.18564961850643158
2521,7,289,0.2761279046535492
2522,7,290,0.23986849188804626
2523,7,291,0.17011351883411407
2524,7,292,0.21640940010547638
2525,7,293,0.24854440987110138
2526,7,294,0.23711612820625305
2527,7,295,0.28861600160598755
2528,7,296,0.22527655959129333
2529,7,297,0.19289462268352509
2530,7,298,0.31441065669059753
2531,7,299,0.21972660720348358
2532,7,300,0.1696358025074005
2533,7,301,0.24005205929279327
2534,7,302,0.2052699625492096
2535,7,303,0.23638856410980225
2536,7,304,0.24085839092731476
2537,7,305,0.2579224705696106
2538,7,306,0.2708841562271118
2539,7,307,0.1864626258611679
2540,7,308,0.20474641025066376
2541,7,309,0.22163362801074982
2542,7,310,0.17683938145637512
2543,7,311,0.2154441773891449
2544,7,312,0.22490084171295166
2545,7,313,0.23796692490577698
2546,7,314,0.24293744564056396
2547,7,315,0.24967384338378906
2548,7,316,0.22547943890094757
2549,7,317,0.2215813398361206
2550,7,318,0.1868325024843216
2551,7,319,0.23546788096427917
2552,7,320,0.19285698235034943
2553,7,321,0.23044610023498535
2554,7,322,0.2695779800415039
2555,7,323,0.21739988029003143
2556,7,324,0.18476280570030212
2557,7,325,0.19909536838531494
2558,7,326,0.2276507318019867
2559,7,327,0.2638765871524811
2560,7,328,0.18637768924236298
2561,7,329,0.181898295879364
2562,7,330,0.18671846389770508
2563,7,331,0.20815415680408478
2564,7,332,0.17296825349330902
2565,7,333,0.1763867288827896
2566,7,334,0.38274621963500977
2567,7,335,0.21653394401073456
2568,7,336,0.16266518831253052
2569,7,337,0.20490849018096924
2570,7,338,0.20540419220924377
2571,7,339,0.35322314500808716
2572,7,340,0.22647294402122498
2573,7,341,0.22838394343852997
2574,7,342,0.19896793365478516
2575,7,343,0.20662295818328857
2576,7,344,0.1984255015850067
2577,7,345,0.1991599053144455
2578,7,346,0.2328239232301712
2579,7,347,0.19499263167381287
2580,7,348,0.20890872180461884
2581,7,349,0.23400187492370605
2582,7,350,0.19244401156902313
2583,7,351,0.25122544169425964
2584,7,352,0.21135616302490234
2585,7,353,0.1992395967245102
2586,7,354,0.22139079868793488
2587,7,355,0.16066670417785645
2588,7,356,0.2788846492767334
2589,7,357,0.23179855942726135
2590,7,358,0.21238455176353455
2591,7,359,0.3469879627227783
2592,7,360,0.19009920954704285
2593,7,361,0.2210988998413086
2594,7,362,0.2495860606431961
2595,7,363,0.2254396378993988
2596,7,364,0.24971291422843933
2597,7,365,0.21756041049957275
2598,7,366,0.20515799522399902
2599,7,367,0.21104395389556885
2600,7,368,0.2075570821762085
2601,7,369,0.360948383808136
2602,7,370,0.1566496044397354
2603,7,371,0.2640421986579895
2604,7,372,0.24374645948410034
2605,8,1,0.19165633618831635
2606,8,2,0.231568843126297
2607,8,3,0.17766353487968445
2608,8,4,0.18533673882484436
2609,8,5,0.44577473402023315
2610,8,6,0.20015490055084229
2611,8,7,0.2129192054271698
2612,8,8,0.25963306427001953
2613,8,9,0.2236766517162323
2614,8,10,0.2009066790342331
2615,8,11,0.26939621567726135
2616,8,12,0.2052984982728958
2617,8,13,0.18540123105049133
2618,8,14,0.2342713326215744
2619,8,15,0.2824902832508087
2620,8,16,0.22139637172222137
2621,8,17,0.22996345162391663
2622,8,18,0.2077152281999588
2623,8,19,0.3343454897403717
2624,8,20,0.2695927023887634
2625,8,21,0.18845340609550476
2626,8,22,0.18022777140140533
2627,8,23,0.21313104033470154
2628,8,24,0.3170698285102844
2629,8,25,0.20499570667743683
2630,8,26,0.2182481735944748
2631,8,27,0.1868162453174591
2632,8,28,0.16617414355278015
2633,8,29,0.16118857264518738
2634,8,30,0.2094457894563675
2635,8,31,0.2158503234386444
2636,8,32,0.17080919444561005
2637,8,33,0.2194601595401764
2638,8,34,0.19690558314323425
2639,8,35,0.18264050781726837
2640,8,36,0.2462081015110016
2641,8,37,0.2431669682264328
2642,8,38,0.20390208065509796
2643,8,39,0.2000536173582077
2644,8,40,0.18550194799900055
2645,8,41,0.15924353897571564
2646,8,42,0.17849062383174896
2647,8,43,0.16243742406368256
2648,8,44,0.19113142788410187
2649,8,45,0.19815242290496826
2650,8,46,0.18075020611286163
2651,8,47,0.24465370178222656
2652,8,48,0.19951722025871277
2653,8,49,0.22307081520557404
2654,8,50,0.19853943586349487
2655,8,51,0.21751084923744202
2656,8,52,0.16565711796283722
2657,8,53,0.1870693415403366
2658,8,54,0.19687679409980774
2659,8,55,0.16758306324481964
2660,8,56,0.17766788601875305
2661,8,57,0.1503235399723053
2662,8,58,0.18194729089736938
2663,8,59,0.16826725006103516
2664,8,60,0.23012936115264893
2665,8,61,0.23273451626300812
2666,8,62,0.3379901051521301
2667,8,63,0.2056947648525238
2668,8,64,0.2315082550048828
2669,8,65,0.16547366976737976
2670,8,66,0.20221653580665588
2671,8,67,0.23148038983345032
2672,8,68,0.21107664704322815
2673,8,69,0.18768104910850525
2674,8,70,0.17014536261558533
2675,8,71,0.21722523868083954
2676,8,72,0.21764640510082245
2677,8,73,0.2062365561723709
2678,8,74,0.22195637226104736
2679,8,75,0.16780002415180206
2680,8,76,0.17435207962989807
2681,8,77,0.2477230578660965
2682,8,78,0.16886478662490845
2683,8,79,0.18816916644573212
2684,8,80,0.18267185986042023
2685,8,81,0.18258655071258545
2686,8,82,0.2642506957054138
2687,8,83,0.1968981921672821
2688,8,84,0.20076537132263184
2689,8,85,0.23248597979545593
2690,8,86,0.18861952424049377
2691,8,87,0.2424505054950714
2692,8,88,0.22364237904548645
2693,8,89,0.18622155487537384
2694,8,90,0.1669243425130844
2695,8,91,0.20738761126995087
2696,8,92,0.21933987736701965
2697,8,93,0.1850828379392624
2698,8,94,0.1978103667497635
2699,8,95,0.2544855773448944
2700,8,96,0.23015442490577698
2701,8,97,0.19423387944698334
2702,8,98,0.23345808684825897
2703,8,99,0.18418720364570618
2704,8,100,0.1955648511648178
2705,8,101,0.21357807517051697
2706,8,102,0.19984450936317444
2707,8,103,0.2152366191148758
2708,8,104,0.39282625913619995
2709,8,105,0.24445052444934845
2710,8,106,0.20376189053058624
2711,8,107,0.2185141146183014
2712,8,108,0.19172701239585876
2713,8,109,0.2273857593536377
2714,8,110,0.20559294521808624
2715,8,111,0.24172326922416687
2716,8,112,0.19629934430122375
2717,8,113,0.2637859284877777
2718,8,114,0.2325785607099533
2719,8,115,0.1893734633922577
2720,8,116,0.19477595388889313
2721,8,117,0.2229519635438919
2722,8,118,0.18344567716121674
2723,8,119,0.23125962913036346
2724,8,120,0.17580482363700867
2725,8,121,0.1472637951374054
2726,8,122,0.23972031474113464
2727,8,123,0.19803324341773987
2728,8,124,0.2104295790195465
2729,8,125,0.1837136149406433
2730,8,126,0.2552948594093323
2731,8,127,0.18016143143177032
2732,8,128,0.186518594622612
2733,8,129,0.22964496910572052
2734,8,130,0.18626995384693146
2735,8,131,0.21347133815288544
2736,8,132,0.2553586959838867
2737,8,133,0.2017785608768463
2738,8,134,0.20795702934265137
2739,8,135,0.18432900309562683
2740,8,136,0.17992523312568665
2741,8,137,0.38017112016677856
2742,8,138,0.17194154858589172
2743,8,139,0.2780548930168152
2744,8,140,0.22356490790843964
2745,8,141,0.20554092526435852
2746,8,142,0.2621879279613495
2747,8,143,0.2602059245109558
2748,8,144,0.20757894217967987
2749,8,145,0.22969332337379456
2750,8,146,0.18826305866241455
2751,8,147,0.18823453783988953
2752,8,148,0.17046330869197845
2753,8,149,0.20494218170642853
2754,8,150,0.22677107155323029
2755,8,151,0.22360458970069885
2756,8,152,0.19555635750293732
2757,8,153,0.1743510216474533
2758,8,154,0.18877992033958435
2759,8,155,0.24004808068275452
2760,8,156,0.21590428054332733
2761,8,157,0.2077057808637619
2762,8,158,0.2077849805355072
2763,8,159,0.1826474666595459
2764,8,160,0.196970596909523
2765,8,161,0.18139061331748962
2766,8,162,0.1911076009273529
2767,8,163,0.24780979752540588
2768,8,164,0.2148527204990387
2769,8,165,0.23230624198913574
2770,8,166,0.20158600807189941
2771,8,167,0.17523983120918274
2772,8,168,0.22091321647167206
2773,8,169,0.2344404011964798
2774,8,170,0.16954702138900757
2775,8,171,0.19652697443962097
2776,8,172,0.2438441962003708
2777,8,173,0.2410087287425995
2778,8,174,0.17197522521018982
2779,8,175,0.18720008432865143
2780,8,176,0.2031746357679367
2781,8,177,0.2061011791229248
2782,8,178,0.23062610626220703
2783,8,179,0.22518090903759003
2784,8,180,0.22167935967445374
2785,8,181,0.23774707317352295
2786,8,182,0.22102466225624084
2787,8,183,0.19737082719802856
2788,8,184,0.18736863136291504
2789,8,185,0.25502508878707886
2790,8,186,0.2027604579925537
2791,8,187,0.21638314425945282
2792,8,188,0.20828720927238464
2793,8,189,0.19262678921222687
2794,8,190,0.18494963645935059
2795,8,191,0.2088170051574707
2796,8,192,0.2328568696975708
2797,8,193,0.27936500310897827
2798,8,194,0.25302475690841675
2799,8,195,0.2075026035308838
2800,8,196,0.19224412739276886
2801,8,197,0.2284722775220871
2802,8,198,0.21358557045459747
2803,8,199,0.1849898099899292
2804,8,200,0.1660446971654892
2805,8,201,0.2680351734161377
2806,8,202,0.16580155491828918
2807,8,203,0.23577876389026642
2808,8,204,0.20290978252887726
2809,8,205,0.2854430079460144
2810,8,206,0.2369472235441208
2811,8,207,0.1947997510433197
2812,8,208,0.2195465862751007
2813,8,209,0.21556346118450165
2814,8,210,0.24321642518043518
2815,8,211,0.254115492105484
2816,8,212,0.26913565397262573
2817,8,213,0.2335527241230011
2818,8,214,0.22087010741233826
2819,8,215,0.1785077005624771
2820,8,216,0.18634189665317535
2821,8,217,0.1680346578359604
2822,8,218,0.2236567735671997
2823,8,219,0.22494110465049744
2824,8,220,0.22073416411876678
2825,8,221,0.1834808737039566
2826,8,222,0.16362500190734863
2827,8,223,0.23468168079853058
2828,8,224,0.22998061776161194
2829,8,225,0.20723995566368103
2830,8,226,0.2011253386735916
2831,8,227,0.20924825966358185
2832,8,228,0.23328056931495667
2833,8,229,0.18944108486175537
2834,8,230,0.20943251252174377
2835,8,231,0.19990234076976776
2836,8,232,0.21006989479064941
2837,8,233,0.20256240665912628
2838,8,234,0.1742488294839859
2839,8,235,0.2787182927131653
2840,8,236,0.21368129551410675
2841,8,237,0.17633895576000214
2842,8,238,0.20936748385429382
2843,8,239,0.20331907272338867
2844,8,240,0.2241307944059372
2845,8,241,0.21260306239128113
2846,8,242,0.1827545166015625
2847,8,243,0.29040947556495667
2848,8,244,0.1629471480846405
2849,8,245,0.21190890669822693
2850,8,246,0.19266970455646515
2851,8,247,0.21810145676136017
2852,8,248,0.2267671525478363
2853,8,249,0.239114910364151
2854,8,250,0.19931210577487946
2855,8,251,0.22954650223255157
2856,8,252,0.17234160006046295
2857,8,253,0.19124265015125275
2858,8,254,0.1859864890575409
2859,8,255,0.19422778487205505
2860,8,256,0.2293623387813568
2861,8,257,0.3227308988571167
2862,8,258,0.1877419501543045
2863,8,259,0.2383592426776886
2864,8,260,0.19472196698188782
2865,8,261,0.18575534224510193
2866,8,262,0.21353557705879211
2867,8,263,0.2522783875465393
2868,8,264,0.19959548115730286
2869,8,265,0.20444265007972717
2870,8,266,0.24658203125
2871,8,267,0.25230592489242554
2872,8,268,0.20209452509880066
2873,8,269,0.507108747959137
2874,8,270,0.2078852355480194
2875,8,271,0.1995239555835724
2876,8,272,0.23687505722045898
2877,8,273,0.21793226897716522
2878,8,274,0.18082115054130554
2879,8,275,0.1834069937467575
2880,8,276,0.21026484668254852
2881,8,277,0.22160641849040985
2882,8,278,0.18734124302864075
2883,8,279,0.15020649135112762
2884,8,280,0.20181767642498016
2885,8,281,0.17415380477905273
2886,8,282,0.2280549556016922
2887,8,283,0.1864650547504425
2888,8,284,0.2833676040172577
2889,8,285,0.17555435001850128
2890,8,286,0.2071494162082672
2891,8,287,0.20383477210998535
2892,8,288,0.17518199980258942
2893,8,289,0.20288173854351044
2894,8,290,0.19304198026657104
2895,8,291,0.19600607454776764
2896,8,292,0.2116040736436844
2897,8,293,0.24210914969444275
2898,8,294,0.23887816071510315
2899,8,295,0.19662325084209442
2900,8,296,0.15800358355045319
2901,8,297,0.18375876545906067
2902,8,298,0.21773569285869598
2903,8,299,0.20687051117420197
2904,8,300,0.2118825912475586
2905,8,301,0.2125404328107834
2906,8,302,0.20901712775230408
2907,8,303,0.22494038939476013
2908,8,304,0.2310095727443695
2909,8,305,0.19107387959957123
2910,8,306,0.2023097723722458
2911,8,307,0.18436144292354584
2912,8,308,0.1859818398952484
2913,8,309,0.1692359447479248
2914,8,310,0.2004605531692505
2915,8,311,0.19629397988319397
2916,8,312,0.2210940420627594
2917,8,313,0.2683308720588684
2918,8,314,0.22988443076610565
2919,8,315,0.4978189468383789
2920,8,316,0.3573998808860779
2921,8,317,0.19699767231941223
2922,8,318,0.19028040766716003
2923,8,319,0.2096247375011444
2924,8,320,0.23550136387348175
2925,8,321,0.17210285365581512
2926,8,322,0.1845996081829071
2927,8,323,0.24756324291229248
2928,8,324,0.17303277552127838
2929,8,325,0.1856590360403061
2930,8,326,0.17326922714710236
2931,8,327,0.2567674517631531
2932,8,328,0.19390234351158142
2933,8,329,0.22034676373004913
2934,8,330,0.1939338594675064
2935,8,331,0.17801950871944427
2936,8,332,0.15764224529266357
2937,8,333,0.17267797887325287
2938,8,334,0.1820450872182846
2939,8,335,0.16753989458084106
2940,8,336,0.2421729862689972
2941,8,337,0.16478613018989563
2942,8,338,0.22784292697906494
2943,8,339,0.18178243935108185
2944,8,340,0.17598354816436768
2945,8,341,0.41166695952415466
2946,8,342,0.1836654245853424
2947,8,343,0.2607392966747284
2948,8,344,0.20166341960430145
2949,8,345,0.38052240014076233
2950,8,346,0.3750274181365967
2951,8,347,0.17817871272563934
2952,8,348,0.22292788326740265
2953,8,349,0.23663905262947083
2954,8,350,0.1851939857006073
2955,8,351,0.24507936835289001
2956,8,352,0.287214070558548
2957,8,353,0.2587926983833313
2958,8,354,0.2076587975025177
2959,8,355,0.2280946969985962
2960,8,356,0.22756695747375488
2961,8,357,0.2072371244430542
2962,8,358,0.27259188890457153
2963,8,359,0.26675257086753845
2964,8,360,0.21610486507415771
2965,8,361,0.2030518800020218
2966,8,362,0.34468182921409607
2967,8,363,0.23026299476623535
2968,8,364,0.19992168247699738
2969,8,365,0.18363875150680542
2970,8,366,0.31540411710739136
2971,8,367,0.16348087787628174
2972,8,368,0.20493021607398987
2973,8,369,0.1586451530456543
2974,8,370,0.20690450072288513
2975,8,371,0.1779392808675766
2976,8,372,0.22584529221057892
2977,9,1,0.17758134007453918
2978,9,2,0.23487520217895508
2979,9,3,0.17200039327144623
2980,9,4,0.21298673748970032
2981,9,5,0.2719423174858093
2982,9,6,0.22032594680786133
2983,9,7,0.18156637251377106
2984,9,8,0.18368157744407654
2985,9,9,0.1937098205089569
2986,9,10,0.19273564219474792
2987,9,11,0.19347158074378967
2988,9,12,0.6351020336151123
2989,9,13,0.17356210947036743
2990,9,14,0.21461065113544464
2991,9,15,0.24750809371471405
2992,9,16,0.2135511338710785
2993,9,17,0.24136999249458313
2994,9,18,0.1989828497171402
2995,9,19,0.18410688638687134
2996,9,20,0.19290533661842346
2997,9,21,0.18733659386634827
2998,9,22,0.21657752990722656
2999,9,23,0.2064553201198578
3000,9,24,0.22532804310321808
3001,9,25,0.2113741934299469
3002,9,26,0.2104281634092331
3003,9,27,0.1745942085981369
3004,9,28,0.18204359710216522
3005,9,29,0.1934313178062439
3006,9,30,0.19503070414066315
3007,9,31,0.1896694004535675
3008,9,32,0.1913074254989624
3009,9,33,0.18779712915420532
3010,9,34,0.1864972859621048
3011,9,35,0.1921866238117218
3012,9,36,0.26443466544151306
3013,9,37,0.24494950473308563
3014,9,38,0.20920690894126892
3015,9,39,0.1841733455657959
3016,9,40,0.19871950149536133
3017,9,41,0.20859003067016602
3018,9,42,0.2132774293422699
3019,9,43,0.20559915900230408
3020,9,44,0.16891750693321228
3021,9,45,0.15270906686782837
3022,9,46,0.21125224232673645
3023,9,47,0.2647874355316162
3024,9,48,0.1947963833808899
3025,9,49,0.1703500747680664
3026,9,50,0.17627404630184174
3027,9,51,0.2069806605577469
3028,9,52,0.20631718635559082
3029,9,53,0.17269764840602875
3030,9,54,0.23740911483764648
3031,9,55,0.18121947348117828
3032,9,56,0.22888699173927307
3033,9,57,0.19677484035491943
3034,9,58,0.20712749660015106
3035,9,59,0.17818185687065125
3036,9,60,0.20055191218852997
3037,9,61,0.17661705613136292
3038,9,62,0.22590985894203186
3039,9,63,0.2456250935792923
3040,9,64,0.2205042839050293
3041,9,65,0.177996426820755
3042,9,66,0.19921532273292542
3043,9,67,0.19276556372642517
3044,9,68,0.181076318025589
3045,9,69,0.24311141669750214
3046,9,70,0.18796060979366302
3047,9,71,0.20872172713279724
3048,9,72,0.20346060395240784
3049,9,73,0.21341201663017273
3050,9,74,0.1900627315044403
3051,9,75,0.1971718817949295
3052,9,76,0.19339264929294586
3053,9,77,0.18737488985061646
3054,9,78,0.18358375132083893
3055,9,79,0.15033027529716492
3056,9,80,0.23582211136817932
3057,9,81,0.18639430403709412
3058,9,82,0.2315061390399933
3059,9,83,0.17568530142307281
3060,9,84,0.16165956854820251
3061,9,85,0.21125158667564392
3062,9,86,0.178229421377182
3063,9,87,0.1766376793384552
3064,9,88,0.14927104115486145
3065,9,89,0.1617136299610138
3066,9,90,0.18500149250030518
3067,9,91,0.1629652976989746
3068,9,92,0.20578472316265106
3069,9,93,0.20034289360046387
3070,9,94,0.19213244318962097
3071,9,95,0.25313377380371094
3072,9,96,0.18623973429203033
3073,9,97,0.2223777025938034
3074,9,98,0.2264889031648636
3075,9,99,0.2597300410270691
3076,9,100,0.21545818448066711
3077,9,101,0.20164699852466583
3078,9,102,0.17915606498718262
3079,9,103,0.2019350528717041
3080,9,104,0.17484304308891296
3081,9,105,0.14286479353904724
3082,9,106,0.17931970953941345
3083,9,107,0.16141769289970398
3084,9,108,0.1731175184249878
3085,9,109,0.16386675834655762
3086,9,110,0.16343310475349426
3087,9,111,0.18831482529640198
3088,9,112,0.18549051880836487
3089,9,113,0.22707796096801758
3090,9,114,0.20271126925945282
3091,9,115,0.194497749209404
3092,9,116,0.22196054458618164
3093,9,117,0.21144957840442657
3094,9,118,0.2247304469347
3095,9,119,0.18447431921958923
3096,9,120,0.24124467372894287
3097,9,121,0.21950232982635498
3098,9,122,0.19342713057994843
3099,9,123,0.1940196305513382
3100,9,124,0.19588831067085266
3101,9,125,0.15968582034111023
3102,9,126,0.21111886203289032
3103,9,127,0.16664496064186096
3104,9,128,0.2051379680633545
3105,9,129,0.2089872807264328
3106,9,130,0.24625959992408752
3107,9,131,0.19387562572956085
3108,9,132,0.19456863403320312
3109,9,133,0.1664976179599762
3110,9,134,0.1542537659406662
3111,9,135,0.21507354080677032
3112,9,136,0.1750514954328537
3113,9,137,0.18946391344070435
3114,9,138,0.20361661911010742
3115,9,139,0.16422751545906067
3116,9,140,0.2166319340467453
3117,9,141,0.1877877414226532
3118,9,142,0.16944392025470734
3119,9,143,0.19514746963977814
3120,9,144,0.22783927619457245
3121,9,145,0.19622960686683655
3122,9,146,0.21595676243305206
3123,9,147,0.23933343589305878
3124,9,148,0.20636463165283203
3125,9,149,0.22450324892997742
3126,9,150,0.20055189728736877
3127,9,151,0.18939685821533203
3128,9,152,0.17245349287986755
3129,9,153,0.3330658972263336
3130,9,154,0.4332643151283264
3131,9,155,0.25797775387763977
3132,9,156,0.17148533463478088
3133,9,157,0.277119904756546
3134,9,158,0.1298770010471344
3135,9,159,0.23559065163135529
3136,9,160,0.18884460628032684
3137,9,161,0.20811621844768524
3138,9,162,0.1875278651714325
3139,9,163,0.30508720874786377
3140,9,164,0.23582501709461212
3141,9,165,0.20328307151794434
3142,9,166,0.3495945334434509
3143,9,167,0.1705833226442337
3144,9,168,0.2802790105342865
3145,9,169,0.19734205305576324
3146,9,170,0.17563417553901672
3147,9,171,0.3346433937549591
3148,9,172,0.1919136345386505
3149,9,173,0.22828423976898193
3150,9,174,0.20972061157226562
3151,9,175,0.19490687549114227
3152,9,176,0.19900107383728027
3153,9,177,0.18379132449626923
3154,9,178,0.16595767438411713
3155,9,179,0.20779931545257568
3156,9,180,0.20266923308372498
3157,9,181,0.20028753578662872
3158,9,182,0.19222624599933624
3159,9,183,0.1658664345741272
3160,9,184,0.24941232800483704
3161,9,185,0.20605230331420898
3162,9,186,0.28359848260879517
3163,9,187,0.2366533726453781
3164,9,188,0.1893046796321869
3165,9,189,0.22121302783489227
3166,9,190,0.2107110321521759
3167,9,191,0.21020284295082092
3168,9,192,0.1981419026851654
3169,9,193,0.2335984706878662
3170,9,194,0.21774883568286896
3171,9,195,0.2916422188282013
3172,9,196,0.2328374683856964
3173,9,197,0.2061006724834442
3174,9,198,0.1759280413389206
3175,9,199,0.18619686365127563
3176,9,200,0.2346985638141632
3177,9,201,0.22764644026756287
3178,9,202,0.21206578612327576
3179,9,203,0.23778359591960907
3180,9,204,0.21829137206077576
3181,9,205,0.1996868997812271
3182,9,206,0.2238585203886032
3183,9,207,0.22015909850597382
3184,9,208,0.196193128824234
3185,9,209,0.24694959819316864
3186,9,210,0.1860535442829132
3187,9,211,0.17501839995384216
3188,9,212,0.20529623329639435
3189,9,213,0.21638593077659607
3190,9,214,0.22491028904914856
3191,9,215,0.20271500945091248
3192,9,216,0.1939425766468048
3193,9,217,0.21930661797523499
3194,9,218,0.18815287947654724
3195,9,219,0.1763313263654709
3196,9,220,0.1504960060119629
3197,9,221,0.17106066644191742
3198,9,222,0.18352767825126648
3199,9,223,0.2574915885925293
3200,9,224,0.2104533165693283
3201,9,225,0.18269845843315125
3202,9,226,0.1699996143579483
3203,9,227,0.3418809771537781
3204,9,228,0.1547374129295349
3205,9,229,0.19600890576839447
3206,9,230,0.18146401643753052
3207,9,231,0.17698007822036743
3208,9,232,0.19737544655799866
3209,9,233,0.2485496997833252
3210,9,234,0.23006518185138702
3211,9,235,0.20937788486480713
3212,9,236,0.2114679515361786
3213,9,237,0.19642505049705505
3214,9,238,0.27163803577423096
3215,9,239,0.22164972126483917
3216,9,240,0.1831466555595398
3217,9,241,0.24381136894226074
3218,9,242,0.19796213507652283
3219,9,243,0.17797115445137024
3220,9,244,0.19916562736034393
3221,9,245,0.1943044811487198
3222,9,246,0.16433028876781464
3223,9,247,0.21909551322460175
3224,9,248,0.19191774725914001
3225,9,249,0.22210881114006042
3226,9,250,0.2315792590379715
3227,9,251,0.23093707859516144
3228,9,252,0.21149632334709167
3229,9,253,0.15918807685375214
3230,9,254,0.2525996267795563
3231,9,255,0.17693783342838287
3232,9,256,0.26575353741645813
3233,9,257,0.18664294481277466
3234,9,258,0.1951189935207367
3235,9,259,0.24842461943626404
3236,9,260,0.20849266648292542
3237,9,261,0.15531711280345917
3238,9,262,0.20388519763946533
3239,9,263,0.25089147686958313
3240,9,264,0.22220611572265625
3241,9,265,0.16517165303230286
3242,9,266,0.20648714900016785
3243,9,267,0.16488969326019287
3244,9,268,0.18743924796581268
3245,9,269,0.22021429240703583
3246,9,270,0.2318931370973587
3247,9,271,0.27344000339508057
3248,9,272,0.20909230411052704
3249,9,273,0.20434018969535828
3250,9,274,0.22256521880626678
3251,9,275,0.16495612263679504
3252,9,276,0.3317981958389282
3253,9,277,0.21381418406963348
3254,9,278,0.18936887383460999
3255,9,279,0.18417906761169434
3256,9,280,0.3262355327606201
3257,9,281,0.23689484596252441
3258,9,282,0.17783084511756897
3259,9,283,0.21856124699115753
3260,9,284,0.19570469856262207
3261,9,285,0.18111716210842133
3262,9,286,0.24362890422344208
3263,9,287,0.22023308277130127
3264,9,288,0.167686328291893
3265,9,289,0.21839232742786407
3266,9,290,0.16559536755084991
3267,9,291,0.22427162528038025
3268,9,292,0.20669886469841003
3269,9,293,0.21418778598308563
3270,9,294,0.17162401974201202
3271,9,295,0.18293502926826477
3272,9,296,0.1573103368282318
3273,9,297,0.19565877318382263
3274,9,298,0.16082586348056793
3275,9,299,0.2185705155134201
3276,9,300,0.1992751657962799
3277,9,301,0.24447515606880188
3278,9,302,0.2611016631126404
3279,9,303,0.18177099525928497
3280,9,304,0.19489164650440216
3281,9,305,0.1970784217119217
3282,9,306,0.19193990528583527
3283,9,307,0.18235330283641815
3284,9,308,0.1657702624797821
3285,9,309,0.17752324044704437
3286,9,310,0.19889022409915924
3287,9,311,0.16771122813224792
3288,9,312,0.19650591909885406
3289,9,313,0.19652652740478516
3290,9,314,0.16903649270534515
3291,9,315,0.26330363750457764
3292,9,316,0.19705481827259064
3293,9,317,0.21462006866931915
3294,9,318,0.18953484296798706
3295,9,319,0.1915234923362732
3296,9,320,0.17368590831756592
3297,9,321,0.18389566242694855
3298,9,322,0.16166408360004425
3299,9,323,0.19401009380817413
3300,9,324,0.20412278175354004
3301,9,325,0.18206825852394104
3302,9,326,0.20142114162445068
3303,9,327,0.2497890740633011
3304,9,328,0.2039535790681839
3305,9,329,0.18116314709186554
3306,9,330,0.20700772106647491
3307,9,331,0.18968325853347778
3308,9,332,0.20396824181079865
3309,9,333,0.1767052710056305
3310,9,334,0.21233227849006653
3311,9,335,0.2229943722486496
3312,9,336,0.1944856345653534
3313,9,337,0.22406212985515594
3314,9,338,0.2346782386302948
3315,9,339,0.1862374246120453
3316,9,340,0.18290679156780243
3317,9,341,0.19126850366592407
3318,9,342,0.22109165787696838
3319,9,343,0.21244606375694275
3320,9,344,0.15241511166095734
3321,9,345,0.26655256748199463
3322,9,346,0.2083856612443924
3323,9,347,0.23636427521705627
3324,9,348,0.19188456237316132
3325,9,349,0.18268224596977234
3326,9,350,0.19356875121593475
3327,9,351,0.3162550926208496
3328,9,352,0.23880036175251007
3329,9,353,0.2266501933336258
3330,9,354,0.19107851386070251
3331,9,355,0.2226954698562622
3332,9,356,0.2092859297990799
3333,9,357,0.36047178506851196
3334,9,358,0.21134929358959198
3335,9,359,0.20935411751270294
3336,9,360,0.1835370808839798
3337,9,361,0.26180553436279297
3338,9,362,0.19520948827266693
3339,9,363,0.2181852161884308
3340,9,364,0.23164896667003632
3341,9,365,0.18873241543769836
3342,9,366,0.1976419985294342
3343,9,367,0.1989218294620514
3344,9,368,0.22827330231666565
3345,9,369,0.22530913352966309
3346,9,370,0.3691638112068176
3347,9,371,0.18194183707237244
3348,9,372,0.14716048538684845
3349,10,1,0.18406014144420624
3350,10,2,0.20733408629894257
3351,10,3,0.13890805840492249
3352,10,4,0.1512001007795334
3353,10,5,0.20159108936786652
3354,10,6,0.1923673152923584
3355,10,7,0.1972964107990265
3356,10,8,0.22991617023944855
3357,10,9,0.1761699616909027
3358,10,10,0.15398943424224854
3359,10,11,0.18869026005268097
3360,10,12,0.2130906879901886
3361,10,13,0.19020679593086243
3362,10,14,0.18577197194099426
3363,10,15,0.17072175443172455
3364,10,16,0.3062472343444824
3365,10,17,0.14885665476322174
3366,10,18,0.18274573981761932
3367,10,19,0.22060950100421906
3368,10,20,0.23578783869743347
3369,10,21,0.1861177384853363
3370,10,22,0.18445006012916565
3371,10,23,0.2487315833568573
3372,10,24,0.18257881700992584
3373,10,25,0.2091318815946579
3374,10,26,0.1728215515613556
3375,10,27,0.2236577272415161
3376,10,28,0.1592329442501068
3377,10,29,0.22832481563091278
3378,10,30,0.17697401344776154
3379,10,31,0.18773077428340912
3380,10,32,0.20079246163368225
3381,10,33,0.2006087303161621
3382,10,34,0.2083924263715744
3383,10,35,0.1990695595741272
3384,10,36,0.1935158669948578
3385,10,37,0.1873246133327484
3386,10,38,0.20653006434440613
3387,10,39,0.17640644311904907
3388,10,40,0.23154549300670624
3389,10,41,0.16392813622951508
3390,10,42,0.4146561026573181
3391,10,43,0.19425806403160095
3392,10,44,0.19823184609413147
3393,10,45,0.2196919471025467
3394,10,46,0.1760173887014389
3395,10,47,0.1706705242395401
3396,10,48,0.19526609778404236
3397,10,49,0.20199242234230042
3398,10,50,0.21849103271961212
3399,10,51,0.19956937432289124
3400,10,52,0.15873181819915771
3401,10,53,0.18434178829193115
3402,10,54,0.171183243393898
3403,10,55,0.1721338927745819
3404,10,56,0.32049915194511414
3405,10,57,0.24758446216583252
3406,10,58,0.2658764719963074
3407,10,59,0.20070572197437286
3408,10,60,0.3599441647529602
3409,10,61,0.18989549577236176
3410,10,62,0.1786036342382431
3411,10,63,0.1789148449897766
3412,10,64,0.21464018523693085
3413,10,65,0.17371907830238342
3414,10,66,0.18997056782245636
3415,10,67,0.23805561661720276
3416,10,68,0.2009272277355194
3417,10,69,0.22273573279380798
3418,10,70,0.1835787147283554
3419,10,71,0.17886611819267273
3420,10,72,0.1972111165523529
3421,10,73,0.18128518760204315
3422,10,74,0.19916778802871704
3423,10,75,0.18769840896129608
3424,10,76,0.18507947027683258
3425,10,77,0.21907544136047363
3426,10,78,0.18619820475578308
3427,10,79,0.18426725268363953
3428,10,80,0.2043440341949463
3429,10,81,0.24130788445472717
3430,10,82,0.18073217570781708
3431,10,83,0.16777130961418152
3432,10,84,0.16377420723438263
3433,10,85,0.1860201507806778
3434,10,86,0.19416335225105286
3435,10,87,0.19894196093082428
3436,10,88,0.16799232363700867
3437,10,89,0.21538694202899933
3438,10,90,0.19097080826759338
3439,10,91,0.20088128745555878
3440,10,92,0.21271812915802002
3441,10,93,0.18440860509872437
3442,10,94,0.17491480708122253
3443,10,95,0.17974182963371277
3444,10,96,0.24700996279716492
3445,10,97,0.18067726492881775
3446,10,98,0.16396111249923706
3447,10,99,0.1901317685842514
3448,10,100,0.23509421944618225
3449,10,101,0.22473230957984924
3450,10,102,0.1854027956724167
3451,10,103,0.2006717026233673
3452,10,104,0.17528387904167175
3453,10,105,0.18756525218486786
3454,10,106,0.19285504519939423
3455,10,107,0.1932712346315384
3456,10,108,0.18591904640197754
3457,10,109,0.1673537641763687
3458,10,110,0.15232126414775848
3459,10,111,0.19740179181098938
3460,10,112,0.19974786043167114
3461,10,113,0.23304608464241028
3462,10,114,0.20458416640758514
3463,10,115,0.19635216891765594
3464,10,116,0.1808251589536667
3465,10,117,0.22173921763896942
3466,10,118,0.19944117963314056
3467,10,119,0.19720275700092316
3468,10,120,0.15936842560768127
3469,10,121,0.2449474036693573
3470,10,122,0.1904967874288559
3471,10,123,0.2064058482646942
3472,10,124,0.20573821663856506
3473,10,125,0.24926309287548065
3474,10,126,0.1546720564365387
3475,10,127,0.25796040892601013
3476,10,128,0.16533951461315155
3477,10,129,0.2141154706478119
3478,10,130,0.1968335509300232
3479,10,131,0.2132146656513214
3480,10,132,0.17269985377788544
3481,10,133,0.1913175880908966
3482,10,134,0.1824733018875122
3483,10,135,0.1874062567949295
3484,10,136,0.17099349200725555
3485,10,137,0.21712908148765564
3486,10,138,0.37243154644966125
3487,10,139,0.18381845951080322
3488,10,140,0.15302203595638275
3489,10,141,0.18553036451339722
3490,10,142,0.24140691757202148
3491,10,143,0.1753588616847992
3492,10,144,0.1623537242412567
3493,10,145,0.19809992611408234
3494,10,146,0.17008255422115326
3495,10,147,0.2032669335603714
3496,10,148,0.2010025531053543
3497,10,149,0.16614167392253876
3498,10,150,0.18391594290733337
3499,10,151,0.20561067759990692
3500,10,152,0.17345388233661652
3501,10,153,0.1687297821044922
3502,10,154,0.1957293450832367
3503,10,155,0.1862170547246933
3504,10,156,0.2220419943332672
3505,10,157,0.20536234974861145
3506,10,158,0.21109452843666077
3507,10,159,0.17607884109020233
3508,10,160,0.20112530887126923
3509,10,161,0.1923871487379074
3510,10,162,0.19433392584323883
3511,10,163,0.2688983678817749
3512,10,164,0.18004915118217468
3513,10,165,0.207509845495224
3514,10,166,0.19061122834682465
3515,10,167,0.15307630598545074
3516,10,168,0.18854354321956635
3517,10,169,0.23107631504535675
3518,10,170,0.21497051417827606
3519,10,171,0.20790597796440125
3520,10,172,0.1839684545993805
3521,10,173,0.16134925186634064
3522,10,174,0.20746374130249023
3523,10,175,0.16249552369117737
3524,10,176,0.22071883082389832
3525,10,177,0.21613426506519318
3526,10,178,0.2682923674583435
3527,10,179,0.15873827040195465
3528,10,180,0.16814395785331726
3529,10,181,0.18086497485637665
3530,10,182,0.19090059399604797
3531,10,183,0.21791012585163116
3532,10,184,0.27487775683403015
3533,10,185,0.23099541664123535
3534,10,186,0.32567137479782104
3535,10,187,0.18771716952323914
3536,10,188,0.2365051507949829
3537,10,189,0.20619766414165497
3538,10,190,0.1732574999332428
3539,10,191,0.1954977810382843
3540,10,192,0.20915749669075012
3541,10,193,0.2182251662015915
3542,10,194,0.19940397143363953
3543,10,195,0.2030053436756134
3544,10,196,0.24847213923931122
3545,10,197,0.2051028311252594
3546,10,198,0.3194970488548279
3547,10,199,0.19492575526237488
3548,10,200,0.22382278740406036
3549,10,201,0.20921066403388977
3550,10,202,0.21917080879211426
3551,10,203,0.20106437802314758
3552,10,204,0.21463708579540253
3553,10,205,0.19895979762077332
3554,10,206,0.16426903009414673
3555,10,207,0.15317019820213318
3556,10,208,0.22903306782245636
3557,10,209,0.1930246502161026
3558,10,210,0.2137356549501419
3559,10,211,0.22753068804740906
3560,10,212,0.17378279566764832
3561,10,213,0.20796418190002441
3562,10,214,0.1900949776172638
3563,10,215,0.1816553771495819
3564,10,216,0.2875557541847229
3565,10,217,0.20272259414196014
3566,10,218,0.2239183485507965
3567,10,219,0.20088641345500946
3568,10,220,0.17247407138347626
3569,10,221,0.18175402283668518
3570,10,222,0.2658645510673523
3571,10,223,0.23325368762016296
3572,10,224,0.1951952874660492
3573,10,225,0.26626235246658325
3574,10,226,0.22535312175750732
3575,10,227,0.19046670198440552
3576,10,228,0.2211819440126419
3577,10,229,0.1879321038722992
3578,10,230,0.19714249670505524
3579,10,231,0.19056543707847595
3580,10,232,0.19546499848365784
3581,10,233,0.18758192658424377
3582,10,234,0.19659657776355743
3583,10,235,0.19724348187446594
3584,10,236,0.19793744385242462
3585,10,237,0.15122760832309723
3586,10,238,0.2158321887254715
3587,10,239,0.19890281558036804
3588,10,240,0.16984635591506958
3589,10,241,0.15708325803279877
3590,10,242,0.20627906918525696
3591,10,243,0.22317227721214294
3592,10,244,0.1699521690607071
3593,10,245,0.21069541573524475
3594,10,246,0.1456936150789261
3595,10,247,0.17475447058677673
3596,10,248,0.1634257733821869
3597,10,249,0.1902409791946411
3598,10,250,0.23010361194610596
3599,10,251,0.19956469535827637
3600,10,252,0.2227979451417923
3601,10,253,0.23144367337226868
3602,10,254,0.15658782422542572
3603,10,255,0.21118402481079102
3604,10,256,0.1881917417049408
3605,10,257,0.23109927773475647
3606,10,258,0.18078120052814484
3607,10,259,0.22748646140098572
3608,10,260,0.1555965393781662
3609,10,261,0.18483468890190125
3610,10,262,0.1532456874847412
3611,10,263,0.17365741729736328
3612,10,264,0.19805218279361725
3613,10,265,0.19670112431049347
3614,10,266,0.227340966463089
3615,10,267,0.1893332451581955
3616,10,268,0.2908584475517273
3617,10,269,0.17412333190441132
3618,10,270,0.1747361719608307
3619,10,271,0.2207772433757782
3620,10,272,0.1833232045173645
3621,10,273,0.18962988257408142
3622,10,274,0.1729632169008255
3623,10,275,0.1970522552728653
3624,10,276,0.19729091227054596
3625,10,277,0.16745348274707794
3626,10,278,0.1687643826007843
3627,10,279,0.16562974452972412
3628,10,280,0.20139238238334656
3629,10,281,0.1474139243364334
3630,10,282,0.2599268853664398
3631,10,283,0.21221986413002014
3632,10,284,0.17492441833019257
3633,10,285,0.15878057479858398
3634,10,286,0.20267608761787415
3635,10,287,0.18083268404006958
3636,10,288,0.18191644549369812
3637,10,289,0.1930515468120575
3638,10,290,0.16023944318294525
3639,10,291,0.1403413563966751
3640,10,292,0.22963109612464905
3641,10,293,0.24504652619361877
3642,10,294,0.17881569266319275
3643,10,295,0.1860777586698532
3644,10,296,0.19791945815086365
3645,10,297,0.20901799201965332
3646,10,298,0.1731037199497223
3647,10,299,0.15289689600467682
3648,10,300,0.17847289144992828
3649,10,301,0.18887004256248474
3650,10,302,0.2127220630645752
3651,10,303,0.14162255823612213
3652,10,304,0.21425218880176544
3653,10,305,0.21391567587852478
3654,10,306,0.21252088248729706
3655,10,307,0.1742667406797409
3656,10,308,0.21633677184581757
3657,10,309,0.22526653110980988
3658,10,310,0.17286555469036102
3659,10,311,0.18036743998527527
3660,10,312,0.17876124382019043
3661,10,313,0.20426300168037415
3662,10,314,0.18561898171901703
3663,10,315,0.19406381249427795
3664,10,316,0.17987120151519775
3665,10,317,0.2004997432231903
3666,10,318,0.19317427277565002
3667,10,319,0.1741531640291214
3668,10,320,0.2243378907442093
3669,10,321,0.2532813251018524
3670,10,322,0.17980340123176575
3671,10,323,0.19604314863681793
3672,10,324,0.16563723981380463
3673,10,325,0.16504569351673126
3674,10,326,0.1512821614742279
3675,10,327,0.17631623148918152
3676,10,328,0.17603416740894318
3677,10,329,0.21099519729614258
3678,10,330,0.20154038071632385
3679,10,331,0.17264866828918457
3680,10,332,0.17352452874183655
3681,10,333,0.17559653520584106
3682,10,334,0.2338065803050995
3683,10,335,0.1729411482810974
3684,10,336,0.18916139006614685
3685,10,337,0.1743427962064743
3686,10,338,0.1950361430644989
3687,10,339,0.1981198489665985
3688,10,340,0.19174954295158386
3689,10,341,0.18113097548484802
3690,10,342,0.14031805098056793
3691,10,343,0.19128800928592682
3692,10,344,0.17367525398731232
3693,10,345,0.1634352207183838
3694,10,346,0.14658789336681366
3695,10,347,0.19978761672973633
3696,10,348,0.1981133669614792
3697,10,349,0.19254335761070251
3698,10,350,0.19257190823554993
3699,10,351,0.18923847377300262
3700,10,352,0.19956865906715393
3701,10,353,0.1774856150150299
3702,10,354,0.17617817223072052
3703,10,355,0.20754405856132507
3704,10,356,0.21133442223072052
3705,10,357,0.17913638055324554
3706,10,358,0.19584716856479645
3707,10,359,0.17506472766399384
3708,10,360,0.1934327334165573
3709,10,361,0.19355514645576477
3710,10,362,0.17506809532642365
3711,10,363,0.2065432071685791
3712,10,364,0.17169509828090668
3713,10,365,0.19525818526744843
3714,10,366,0.20686879754066467
3715,10,367,0.20773844420909882
3716,10,368,0.15498080849647522
3717,10,369,0.2320762574672699
3718,10,370,0.25502437353134155
3719,10,371,0.17680814862251282
3720,10,372,0.21366573870182037
