global_step,epoch,batch,train_loss
1,1,1,3.2908241748809814
2,1,2,3.1734719276428223
3,1,3,3.1034483909606934
4,1,4,3.010672092437744
5,1,5,2.9847965240478516
6,1,6,3.013892412185669
7,1,7,2.8638975620269775
8,1,8,2.8197340965270996
9,1,9,2.787680149078369
10,1,10,2.7129111289978027
11,1,11,2.7322192192077637
12,1,12,2.679832935333252
13,1,13,2.602134943008423
14,1,14,2.623980760574341
15,1,15,2.5799221992492676
16,1,16,2.6190834045410156
17,1,17,2.5520498752593994
18,1,18,2.5056564807891846
19,1,19,2.4930341243743896
20,1,20,2.4726243019104004
21,1,21,2.5185916423797607
22,1,22,2.449599027633667
23,1,23,2.4245104789733887
24,1,24,2.377152919769287
25,1,25,2.5219228267669678
26,1,26,2.4560697078704834
27,1,27,2.402097225189209
28,1,28,2.3058409690856934
29,1,29,2.365459442138672
30,1,30,2.3639779090881348
31,1,31,2.4022326469421387
32,1,32,2.3124701976776123
33,1,33,2.3026013374328613
34,1,34,2.370765209197998
35,1,35,2.281592845916748
36,1,36,2.283158779144287
37,1,37,2.325946092605591
38,1,38,2.317070484161377
39,1,39,2.257319927215576
40,1,40,2.3464553356170654
41,1,41,2.381340980529785
42,1,42,2.2785608768463135
43,1,43,2.3509464263916016
44,1,44,2.287661075592041
45,1,45,2.2935404777526855
46,1,46,2.2235701084136963
47,1,47,2.2019333839416504
48,1,48,2.205320119857788
49,1,49,2.1141445636749268
50,1,50,2.189520835876465
51,1,51,2.2063982486724854
52,1,52,2.2956883907318115
53,1,53,2.2584710121154785
54,1,54,2.14015531539917
55,1,55,2.2755627632141113
56,1,56,2.2341392040252686
57,1,57,2.2874045372009277
58,1,58,2.1173384189605713
59,1,59,2.2277755737304688
60,1,60,2.1555442810058594
61,1,61,2.131572961807251
62,1,62,2.3212897777557373
63,1,63,2.0850839614868164
64,1,64,2.2192983627319336
65,1,65,2.2222461700439453
66,1,66,2.100097894668579
67,1,67,2.0478177070617676
68,1,68,2.118804931640625
69,1,69,2.0926032066345215
70,1,70,2.0838027000427246
71,1,71,2.104900360107422
72,1,72,2.0844647884368896
73,1,73,2.223529100418091
74,1,74,2.051192045211792
75,1,75,2.026386260986328
76,1,76,2.0834662914276123
77,1,77,2.0759212970733643
78,1,78,2.1012604236602783
79,1,79,2.0840744972229004
80,1,80,2.0338809490203857
81,1,81,2.0971946716308594
82,1,82,2.0468666553497314
83,1,83,2.053185224533081
84,1,84,1.9882339239120483
85,1,85,2.0322060585021973
86,1,86,2.0644850730895996
87,1,87,1.998155951499939
88,1,88,2.008981943130493
89,1,89,2.0489983558654785
90,1,90,1.9888763427734375
91,1,91,1.9499473571777344
92,1,92,2.072782039642334
93,1,93,1.9985460042953491
94,1,94,1.999805212020874
95,1,95,2.034104585647583
96,1,96,1.964411973953247
97,1,97,2.0919060707092285
98,1,98,1.953369140625
99,1,99,1.9739463329315186
100,1,100,1.9851497411727905
101,1,101,1.9694716930389404
102,1,102,1.974111795425415
103,1,103,1.9487920999526978
104,1,104,2.0874249935150146
105,1,105,1.959434151649475
106,1,106,1.8917099237442017
107,1,107,1.9714088439941406
108,1,108,1.9536606073379517
109,1,109,1.9586265087127686
110,1,110,1.9411894083023071
111,1,111,1.894565224647522
112,1,112,2.050680637359619
113,1,113,1.8498331308364868
114,1,114,1.9778028726577759
115,1,115,1.8835264444351196
116,1,116,2.029811143875122
117,1,117,1.9507322311401367
118,1,118,1.9954687356948853
119,1,119,1.971032738685608
120,1,120,1.9623149633407593
121,1,121,1.8741897344589233
122,1,122,1.8668771982192993
123,1,123,1.9426352977752686
124,1,124,1.8906790018081665
125,1,125,1.8536655902862549
126,1,126,1.9199798107147217
127,1,127,1.9727561473846436
128,1,128,1.8811792135238647
129,1,129,2.0173652172088623
130,1,130,1.8766372203826904
131,1,131,1.983252763748169
132,1,132,1.932325005531311
133,1,133,1.9306869506835938
134,1,134,1.9523961544036865
135,1,135,1.9250819683074951
136,1,136,1.83771550655365
137,1,137,1.8917272090911865
138,1,138,1.9444032907485962
139,1,139,1.8878780603408813
140,1,140,1.9117772579193115
141,1,141,1.821668028831482
142,1,142,1.8814388513565063
143,1,143,1.8660627603530884
144,1,144,1.828573226928711
145,1,145,1.9175255298614502
146,1,146,1.8979511260986328
147,1,147,1.9213520288467407
148,1,148,1.8726623058319092
149,1,149,1.8239895105361938
150,1,150,1.8741734027862549
151,1,151,1.7534948587417603
152,1,152,1.8015012741088867
153,1,153,1.8783760070800781
154,1,154,1.8296455144882202
155,1,155,1.8799898624420166
156,1,156,1.944274663925171
157,1,157,1.8546826839447021
158,1,158,1.7990903854370117
159,1,159,1.8079029321670532
160,1,160,1.972365140914917
161,1,161,1.8695484399795532
162,1,162,1.8382896184921265
163,1,163,1.8321821689605713
164,1,164,1.8264350891113281
165,1,165,1.8755664825439453
166,1,166,1.8421132564544678
167,1,167,1.7800636291503906
168,1,168,1.822534203529358
169,1,169,1.7627379894256592
170,1,170,1.840815544128418
171,1,171,1.8799785375595093
172,1,172,1.7914707660675049
173,1,173,1.810019850730896
174,1,174,1.7931873798370361
175,1,175,1.816733956336975
176,1,176,1.798813819885254
177,1,177,1.7558523416519165
178,1,178,1.8095134496688843
179,1,179,1.8309894800186157
180,1,180,1.7827937602996826
181,1,181,1.7454040050506592
182,1,182,1.7591781616210938
183,1,183,1.7633447647094727
184,1,184,1.7615753412246704
185,1,185,1.7858476638793945
186,1,186,1.7509371042251587
187,1,187,1.802109956741333
188,1,188,1.7925424575805664
189,1,189,1.7446273565292358
190,1,190,1.784245491027832
191,1,191,1.7195651531219482
192,1,192,1.7634670734405518
193,1,193,1.814048409461975
194,1,194,1.9167070388793945
195,1,195,1.8512964248657227
196,1,196,1.749847173690796
197,1,197,1.7669613361358643
198,1,198,1.7960989475250244
199,1,199,1.7691560983657837
200,1,200,1.7334083318710327
201,1,201,1.7935149669647217
202,1,202,1.7358192205429077
203,1,203,1.7325222492218018
204,1,204,1.7687733173370361
205,1,205,1.7862409353256226
206,1,206,1.7729746103286743
207,1,207,1.936870813369751
208,1,208,1.7581617832183838
209,1,209,1.710749626159668
210,1,210,1.6654672622680664
211,1,211,1.723815679550171
212,1,212,1.7103532552719116
213,1,213,1.676842451095581
214,1,214,1.735425353050232
215,1,215,1.6813300848007202
216,1,216,1.702756643295288
217,1,217,1.774914026260376
218,1,218,1.67511785030365
219,1,219,1.7177406549453735
220,1,220,1.7834266424179077
221,1,221,1.715291976928711
222,1,222,1.6802034378051758
223,1,223,1.7337024211883545
224,1,224,1.6431058645248413
225,1,225,1.9056024551391602
226,1,226,1.6839666366577148
227,1,227,1.8317973613739014
228,1,228,1.7031030654907227
229,1,229,1.7519922256469727
230,1,230,1.756797432899475
231,1,231,1.6375423669815063
232,1,232,1.778402328491211
233,1,233,1.6799691915512085
234,1,234,1.6710541248321533
235,1,235,1.7253808975219727
236,1,236,1.707371473312378
237,1,237,1.6845552921295166
238,1,238,1.6210975646972656
239,1,239,1.7611172199249268
240,1,240,1.6330963373184204
241,1,241,1.7503904104232788
242,1,242,1.616538643836975
243,1,243,1.6751976013183594
244,1,244,1.6370956897735596
245,1,245,1.5823243856430054
246,1,246,1.6808401346206665
247,1,247,1.6329635381698608
248,1,248,1.6515607833862305
249,1,249,1.6129165887832642
250,1,250,1.6301534175872803
251,1,251,1.6817163228988647
252,1,252,1.6225433349609375
253,1,253,1.6669687032699585
254,1,254,1.5958350896835327
255,1,255,1.6159673929214478
256,1,256,1.563714623451233
257,1,257,1.6588208675384521
258,1,258,1.6481132507324219
259,1,259,1.6512739658355713
260,1,260,1.629742980003357
261,1,261,1.598732352256775
262,1,262,1.6186506748199463
263,1,263,1.5828988552093506
264,1,264,1.5825165510177612
265,1,265,1.5740433931350708
266,1,266,1.630486249923706
267,1,267,1.6012312173843384
268,1,268,1.599283218383789
269,1,269,1.5640435218811035
270,1,270,1.5711238384246826
271,1,271,1.5889136791229248
272,1,272,1.6409680843353271
273,1,273,1.6138598918914795
274,1,274,1.5685968399047852
275,1,275,1.5161210298538208
276,1,276,1.578565001487732
277,1,277,1.5423545837402344
278,1,278,1.561340570449829
279,1,279,1.6604290008544922
280,1,280,1.5346806049346924
281,1,281,1.6387779712677002
282,1,282,1.6544071435928345
283,1,283,1.5712867975234985
284,1,284,1.625960111618042
285,1,285,1.5427900552749634
286,1,286,1.5468242168426514
287,1,287,1.5952202081680298
288,1,288,1.5937538146972656
289,1,289,1.6182489395141602
290,1,290,1.6538925170898438
291,1,291,1.5803611278533936
292,1,292,1.5755054950714111
293,1,293,1.5808674097061157
294,1,294,1.5660676956176758
295,1,295,1.5481903553009033
296,1,296,1.5963363647460938
297,1,297,1.5047472715377808
298,1,298,1.5952208042144775
299,1,299,1.61665940284729
300,1,300,1.5685698986053467
301,1,301,1.4771881103515625
302,1,302,1.551279067993164
303,1,303,1.634640097618103
304,1,304,1.5499999523162842
305,1,305,1.5445798635482788
306,1,306,1.491133451461792
307,1,307,1.4897023439407349
308,1,308,1.6053893566131592
309,1,309,1.5628836154937744
310,1,310,1.5347073078155518
311,1,311,1.5281507968902588
312,1,312,1.5275232791900635
313,1,313,1.5034416913986206
314,1,314,1.544297456741333
315,1,315,1.550557255744934
316,1,316,1.5049461126327515
317,1,317,1.5012942552566528
318,1,318,1.5375173091888428
319,1,319,1.5453144311904907
320,1,320,1.4576879739761353
321,1,321,1.5275204181671143
322,1,322,1.59073805809021
323,1,323,1.502206563949585
324,1,324,1.5586711168289185
325,1,325,1.4712544679641724
326,1,326,1.4533956050872803
327,1,327,1.47919499874115
328,1,328,1.6672766208648682
329,1,329,1.5105655193328857
330,1,330,1.5070312023162842
331,1,331,1.4664210081100464
332,1,332,1.4564011096954346
333,1,333,1.4622480869293213
334,1,334,1.4558875560760498
335,1,335,1.4675036668777466
336,1,336,1.5501896142959595
337,1,337,1.5270428657531738
338,1,338,1.482412576675415
339,1,339,1.6496883630752563
340,1,340,1.423741340637207
341,1,341,1.481237769126892
342,1,342,1.4690775871276855
343,1,343,1.4679818153381348
344,1,344,1.4620658159255981
345,1,345,1.4380218982696533
346,1,346,1.3902498483657837
347,1,347,1.5452827215194702
348,1,348,1.4381481409072876
349,1,349,1.479091763496399
350,1,350,1.4328761100769043
351,1,351,1.368300199508667
352,1,352,1.4399759769439697
353,1,353,1.5006885528564453
354,1,354,1.4348106384277344
355,1,355,1.6006858348846436
356,1,356,1.4327163696289062
357,1,357,1.4458158016204834
358,1,358,1.4811389446258545
359,1,359,1.395898699760437
360,1,360,1.4544603824615479
361,1,361,1.3859349489212036
362,1,362,1.431614637374878
363,1,363,1.4024726152420044
364,1,364,1.5304579734802246
365,1,365,1.481477975845337
366,1,366,1.4299777746200562
367,1,367,1.405693769454956
368,1,368,1.3424131870269775
369,1,369,1.4199469089508057
370,1,370,1.4000284671783447
371,1,371,1.4248296022415161
372,1,372,1.5632364749908447
373,2,1,1.4335668087005615
374,2,2,1.3814531564712524
375,2,3,1.3440897464752197
376,2,4,1.394529104232788
377,2,5,1.3438581228256226
378,2,6,1.3713361024856567
379,2,7,1.338678240776062
380,2,8,1.4577374458312988
381,2,9,1.3544527292251587
382,2,10,1.416322112083435
383,2,11,1.395766019821167
384,2,12,1.4042086601257324
385,2,13,1.3899829387664795
386,2,14,1.383019208908081
387,2,15,1.423019289970398
388,2,16,1.3507702350616455
389,2,17,1.326780915260315
390,2,18,1.3725223541259766
391,2,19,1.3877564668655396
392,2,20,1.4971144199371338
393,2,21,1.3814979791641235
394,2,22,1.3470853567123413
395,2,23,1.3730881214141846
396,2,24,1.483980417251587
397,2,25,1.3715190887451172
398,2,26,1.3752682209014893
399,2,27,1.4200407266616821
400,2,28,1.3430981636047363
401,2,29,1.3451861143112183
402,2,30,1.3103296756744385
403,2,31,1.4093369245529175
404,2,32,1.3262020349502563
405,2,33,1.3467265367507935
406,2,34,1.3487322330474854
407,2,35,1.3423253297805786
408,2,36,1.3297865390777588
409,2,37,1.320896863937378
410,2,38,1.370448112487793
411,2,39,1.3505332469940186
412,2,40,1.3581187725067139
413,2,41,1.3441188335418701
414,2,42,1.3799713850021362
415,2,43,1.3855910301208496
416,2,44,1.2767773866653442
417,2,45,1.3276546001434326
418,2,46,1.2713291645050049
419,2,47,1.3270496129989624
420,2,48,1.2601630687713623
421,2,49,1.2504457235336304
422,2,50,1.3250478506088257
423,2,51,1.2995904684066772
424,2,52,1.3615875244140625
425,2,53,1.3820548057556152
426,2,54,1.3048268556594849
427,2,55,1.30483877658844
428,2,56,1.2949233055114746
429,2,57,1.33078134059906
430,2,58,1.3402937650680542
431,2,59,1.3263874053955078
432,2,60,1.3264248371124268
433,2,61,1.3422354459762573
434,2,62,1.2575241327285767
435,2,63,1.317870855331421
436,2,64,1.3272041082382202
437,2,65,1.3417888879776
438,2,66,1.3335267305374146
439,2,67,1.3029334545135498
440,2,68,1.3079725503921509
441,2,69,1.3044090270996094
442,2,70,1.3208287954330444
443,2,71,1.2958461046218872
444,2,72,1.2374904155731201
445,2,73,1.2966692447662354
446,2,74,1.239117980003357
447,2,75,1.2841638326644897
448,2,76,1.2277238368988037
449,2,77,1.2817875146865845
450,2,78,1.3668924570083618
451,2,79,1.2436596155166626
452,2,80,1.271083950996399
453,2,81,1.5381574630737305
454,2,82,1.265427827835083
455,2,83,1.2240854501724243
456,2,84,1.1985489130020142
457,2,85,1.2581512928009033
458,2,86,1.3125299215316772
459,2,87,1.2004544734954834
460,2,88,1.263264775276184
461,2,89,1.3388973474502563
462,2,90,1.2796300649642944
463,2,91,1.2525595426559448
464,2,92,1.347865343093872
465,2,93,1.2608857154846191
466,2,94,1.3152159452438354
467,2,95,1.2368748188018799
468,2,96,1.187032699584961
469,2,97,1.2331111431121826
470,2,98,1.248707890510559
471,2,99,1.3250269889831543
472,2,100,1.2342751026153564
473,2,101,1.194448709487915
474,2,102,1.2508167028427124
475,2,103,1.2079874277114868
476,2,104,1.258456826210022
477,2,105,1.350877046585083
478,2,106,1.248760461807251
479,2,107,1.2328251600265503
480,2,108,1.2601344585418701
481,2,109,1.1908323764801025
482,2,110,1.2052022218704224
483,2,111,1.2228009700775146
484,2,112,1.2676507234573364
485,2,113,1.1714842319488525
486,2,114,1.2221134901046753
487,2,115,1.2383733987808228
488,2,116,1.2289072275161743
489,2,117,1.1983400583267212
490,2,118,1.2072432041168213
491,2,119,1.2011308670043945
492,2,120,1.2175376415252686
493,2,121,1.1916669607162476
494,2,122,1.246661901473999
495,2,123,1.186802625656128
496,2,124,1.1958729028701782
497,2,125,1.1573446989059448
498,2,126,1.2167359590530396
499,2,127,1.1753418445587158
500,2,128,1.1694480180740356
501,2,129,1.2114574909210205
502,2,130,1.1874991655349731
503,2,131,1.204786777496338
504,2,132,1.1798739433288574
505,2,133,1.170689344406128
506,2,134,1.363302230834961
507,2,135,1.2538530826568604
508,2,136,1.2324583530426025
509,2,137,1.2001445293426514
510,2,138,1.179550290107727
511,2,139,1.1711896657943726
512,2,140,1.1126153469085693
513,2,141,1.2374235391616821
514,2,142,1.247802734375
515,2,143,1.228462815284729
516,2,144,1.263445496559143
517,2,145,1.1769365072250366
518,2,146,1.1715761423110962
519,2,147,1.169762372970581
520,2,148,1.2600204944610596
521,2,149,1.1952364444732666
522,2,150,1.1648895740509033
523,2,151,1.18379807472229
524,2,152,1.0800652503967285
525,2,153,1.1407232284545898
526,2,154,1.3079110383987427
527,2,155,1.1586477756500244
528,2,156,1.201145887374878
529,2,157,1.1193759441375732
530,2,158,1.1342068910598755
531,2,159,1.1825132369995117
532,2,160,1.1495091915130615
533,2,161,1.3027361631393433
534,2,162,1.0836395025253296
535,2,163,1.1116058826446533
536,2,164,1.1976664066314697
537,2,165,1.247483730316162
538,2,166,1.1342830657958984
539,2,167,1.2107930183410645
540,2,168,1.0969269275665283
541,2,169,1.1595131158828735
542,2,170,1.1588270664215088
543,2,171,1.1451451778411865
544,2,172,1.0846267938613892
545,2,173,1.0871679782867432
546,2,174,1.145808458328247
547,2,175,1.1208442449569702
548,2,176,1.1145169734954834
549,2,177,1.1486022472381592
550,2,178,1.1472969055175781
551,2,179,1.1514900922775269
552,2,180,1.1948758363723755
553,2,181,1.3149290084838867
554,2,182,1.1388306617736816
555,2,183,1.135242223739624
556,2,184,1.110731601715088
557,2,185,1.188668966293335
558,2,186,1.3668429851531982
559,2,187,1.1560719013214111
560,2,188,1.0941474437713623
561,2,189,1.0733660459518433
562,2,190,1.138556718826294
563,2,191,1.1649056673049927
564,2,192,1.097313404083252
565,2,193,1.1676099300384521
566,2,194,1.1627874374389648
567,2,195,1.2212440967559814
568,2,196,1.1400121450424194
569,2,197,1.243735671043396
570,2,198,1.2563270330429077
571,2,199,1.1621077060699463
572,2,200,1.0670186281204224
573,2,201,1.1991384029388428
574,2,202,1.137107014656067
575,2,203,1.1227461099624634
576,2,204,1.0536750555038452
577,2,205,1.1161623001098633
578,2,206,1.1176937818527222
579,2,207,1.0848935842514038
580,2,208,1.1855542659759521
581,2,209,1.1120305061340332
582,2,210,1.2091699838638306
583,2,211,1.0909488201141357
584,2,212,1.0881953239440918
585,2,213,1.059213399887085
586,2,214,1.1114872694015503
587,2,215,1.0816566944122314
588,2,216,1.0937687158584595
589,2,217,1.0641931295394897
590,2,218,1.1077563762664795
591,2,219,1.0978100299835205
592,2,220,1.11722731590271
593,2,221,1.100489616394043
594,2,222,1.0613166093826294
595,2,223,1.0108835697174072
596,2,224,1.35967218875885
597,2,225,1.118529200553894
598,2,226,1.1547516584396362
599,2,227,1.043468713760376
600,2,228,1.1402649879455566
601,2,229,1.0513384342193604
602,2,230,1.1117273569107056
603,2,231,1.057482361793518
604,2,232,1.0314658880233765
605,2,233,1.059954285621643
606,2,234,1.1697442531585693
607,2,235,1.053249716758728
608,2,236,1.0938962697982788
609,2,237,1.0301234722137451
610,2,238,1.0414619445800781
611,2,239,1.0406893491744995
612,2,240,1.093621015548706
613,2,241,1.0157297849655151
614,2,242,1.0572497844696045
615,2,243,1.0808664560317993
616,2,244,1.0106942653656006
617,2,245,1.0495939254760742
618,2,246,1.0288476943969727
619,2,247,1.0367062091827393
620,2,248,1.0081405639648438
621,2,249,1.0333964824676514
622,2,250,1.0252468585968018
623,2,251,1.0584099292755127
624,2,252,1.0820529460906982
625,2,253,1.0479580163955688
626,2,254,1.0420892238616943
627,2,255,1.0484139919281006
628,2,256,1.0630240440368652
629,2,257,0.995448112487793
630,2,258,1.0585447549819946
631,2,259,1.0503122806549072
632,2,260,1.2498347759246826
633,2,261,0.9936798214912415
634,2,262,0.9546695947647095
635,2,263,1.0053601264953613
636,2,264,0.9982487559318542
637,2,265,1.0261927843093872
638,2,266,1.1090967655181885
639,2,267,1.0455241203308105
640,2,268,0.9395251274108887
641,2,269,1.0414729118347168
642,2,270,1.1105883121490479
643,2,271,0.9633762240409851
644,2,272,1.0141832828521729
645,2,273,0.9790022969245911
646,2,274,0.9810734987258911
647,2,275,1.0414310693740845
648,2,276,0.975166916847229
649,2,277,1.0953865051269531
650,2,278,1.2228211164474487
651,2,279,1.0267127752304077
652,2,280,1.0305707454681396
653,2,281,1.0019792318344116
654,2,282,1.0609198808670044
655,2,283,1.0280663967132568
656,2,284,1.0381754636764526
657,2,285,0.9961916208267212
658,2,286,1.023473858833313
659,2,287,0.9663394689559937
660,2,288,1.0507845878601074
661,2,289,1.027470350265503
662,2,290,0.978947639465332
663,2,291,0.9593836665153503
664,2,292,0.9938367009162903
665,2,293,1.0190101861953735
666,2,294,1.0369882583618164
667,2,295,1.0564173460006714
668,2,296,0.9303712844848633
669,2,297,0.9217855334281921
670,2,298,0.9647400975227356
671,2,299,1.0123151540756226
672,2,300,0.9211478233337402
673,2,301,1.0296849012374878
674,2,302,1.0339659452438354
675,2,303,0.9459308385848999
676,2,304,0.95050448179245
677,2,305,0.973698616027832
678,2,306,0.9180410504341125
679,2,307,1.0091379880905151
680,2,308,1.1114879846572876
681,2,309,0.9738795161247253
682,2,310,0.9186726808547974
683,2,311,1.0437917709350586
684,2,312,1.072287678718567
685,2,313,1.088374137878418
686,2,314,0.9540974497795105
687,2,315,0.9115699529647827
688,2,316,0.9583355188369751
689,2,317,0.9251919984817505
690,2,318,1.0700936317443848
691,2,319,0.9258691072463989
692,2,320,0.9528603553771973
693,2,321,0.9567314386367798
694,2,322,0.9831225275993347
695,2,323,1.0016213655471802
696,2,324,0.9347764849662781
697,2,325,0.9520484209060669
698,2,326,0.9965866804122925
699,2,327,0.9383942484855652
700,2,328,1.0147573947906494
701,2,329,0.9804009199142456
702,2,330,1.0033905506134033
703,2,331,0.9019025564193726
704,2,332,0.9684088826179504
705,2,333,0.9422205090522766
706,2,334,0.9188712239265442
707,2,335,0.8661386370658875
708,2,336,0.9718565940856934
709,2,337,0.899889349937439
710,2,338,1.0243360996246338
711,2,339,0.9005419015884399
712,2,340,0.9824434518814087
713,2,341,1.142932415008545
714,2,342,0.8968732953071594
715,2,343,0.8935506939888
716,2,344,0.9394881129264832
717,2,345,0.9708821177482605
718,2,346,0.9238837957382202
719,2,347,0.8878709673881531
720,2,348,0.8891231417655945
721,2,349,0.9962475895881653
722,2,350,0.9133450388908386
723,2,351,0.9696537852287292
724,2,352,0.8765472173690796
725,2,353,0.875662624835968
726,2,354,0.9523259997367859
727,2,355,0.8647799491882324
728,2,356,0.9409509897232056
729,2,357,0.9472979307174683
730,2,358,0.8472716212272644
731,2,359,0.9088312387466431
732,2,360,0.9068794250488281
733,2,361,0.9051467180252075
734,2,362,0.8983361124992371
735,2,363,0.850071132183075
736,2,364,1.1048293113708496
737,2,365,0.9142961502075195
738,2,366,0.979160487651825
739,2,367,0.943321704864502
740,2,368,0.9425134658813477
741,2,369,0.9443254470825195
742,2,370,0.8228975534439087
743,2,371,0.9119116067886353
744,2,372,0.9034984707832336
745,3,1,0.8561797142028809
746,3,2,0.9212913513183594
747,3,3,0.915270209312439
748,3,4,0.8408339619636536
749,3,5,1.032735824584961
750,3,6,0.8789708018302917
751,3,7,0.8789417147636414
752,3,8,0.8200305104255676
753,3,9,0.8937505483627319
754,3,10,0.9177001714706421
755,3,11,0.8310868144035339
756,3,12,0.9539393186569214
757,3,13,0.8840960264205933
758,3,14,0.9181760549545288
759,3,15,0.9053163528442383
760,3,16,0.8568044900894165
761,3,17,1.0062164068222046
762,3,18,0.829442024230957
763,3,19,0.8614262342453003
764,3,20,0.8482118844985962
765,3,21,0.8786731958389282
766,3,22,0.8293277621269226
767,3,23,0.8775092363357544
768,3,24,0.8011018633842468
769,3,25,0.7966911196708679
770,3,26,0.8498004674911499
771,3,27,1.0483614206314087
772,3,28,0.8692723512649536
773,3,29,0.9046594500541687
774,3,30,0.8374180793762207
775,3,31,0.8584674000740051
776,3,32,0.8127526044845581
777,3,33,0.8258817791938782
778,3,34,0.962444007396698
779,3,35,0.8674224019050598
780,3,36,0.9670413732528687
781,3,37,0.8222116231918335
782,3,38,0.833354651927948
783,3,39,0.7970231771469116
784,3,40,1.0239388942718506
785,3,41,1.0435757637023926
786,3,42,0.8151763081550598
787,3,43,0.8207877278327942
788,3,44,0.846648097038269
789,3,45,0.8817397952079773
790,3,46,0.8245370984077454
791,3,47,0.8433150053024292
792,3,48,0.8335340619087219
793,3,49,0.8586611747741699
794,3,50,0.872886061668396
795,3,51,0.7770382165908813
796,3,52,0.8825127482414246
797,3,53,0.7984430193901062
798,3,54,0.8070171475410461
799,3,55,0.9938761591911316
800,3,56,0.7557594776153564
801,3,57,0.8203715085983276
802,3,58,0.7865093946456909
803,3,59,0.8559023141860962
804,3,60,0.8061386346817017
805,3,61,0.816892147064209
806,3,62,0.7837119698524475
807,3,63,0.8225389719009399
808,3,64,0.8639629483222961
809,3,65,0.9956218600273132
810,3,66,0.805938720703125
811,3,67,0.843802809715271
812,3,68,0.8700194358825684
813,3,69,0.7908059358596802
814,3,70,0.8505037426948547
815,3,71,0.8886823654174805
816,3,72,0.7845751643180847
817,3,73,0.7873856425285339
818,3,74,0.7983794212341309
819,3,75,0.8113704919815063
820,3,76,0.7563118934631348
821,3,77,0.8229581713676453
822,3,78,0.7547187209129333
823,3,79,0.7769573926925659
824,3,80,0.7886799573898315
825,3,81,0.8008467555046082
826,3,82,0.7716049551963806
827,3,83,0.8425980806350708
828,3,84,0.7551637887954712
829,3,85,0.9229599237442017
830,3,86,0.8154352903366089
831,3,87,0.8325726389884949
832,3,88,0.8439475893974304
833,3,89,0.7685666680335999
834,3,90,0.8250164985656738
835,3,91,0.7605725526809692
836,3,92,0.7713685035705566
837,3,93,0.8270875811576843
838,3,94,0.9113041162490845
839,3,95,0.7958225011825562
840,3,96,0.7709947228431702
841,3,97,0.7905437350273132
842,3,98,0.7760052680969238
843,3,99,0.7615861296653748
844,3,100,0.8441640138626099
845,3,101,0.7464252710342407
846,3,102,0.8615037798881531
847,3,103,0.7136183381080627
848,3,104,0.8210994005203247
849,3,105,0.7596296072006226
850,3,106,0.8570346832275391
851,3,107,0.7417412400245667
852,3,108,0.7460556626319885
853,3,109,0.7811994552612305
854,3,110,0.7982450723648071
855,3,111,0.8126456141471863
856,3,112,0.7984485626220703
857,3,113,0.8597420454025269
858,3,114,0.7424534559249878
859,3,115,0.8364135026931763
860,3,116,0.8157483339309692
861,3,117,0.7485678195953369
862,3,118,0.7490105628967285
863,3,119,0.7936378717422485
864,3,120,0.7290953397750854
865,3,121,0.754148006439209
866,3,122,0.7837284803390503
867,3,123,0.863290011882782
868,3,124,0.8296040296554565
869,3,125,0.7632721662521362
870,3,126,0.8213464021682739
871,3,127,0.7464878559112549
872,3,128,0.863730788230896
873,3,129,0.8372668027877808
874,3,130,0.8028826713562012
875,3,131,0.7334811091423035
876,3,132,0.7747797966003418
877,3,133,0.7822490930557251
878,3,134,0.7705743312835693
879,3,135,0.752326488494873
880,3,136,0.7715868949890137
881,3,137,0.7346370816230774
882,3,138,0.7174933552742004
883,3,139,0.7247888445854187
884,3,140,0.9125650525093079
885,3,141,0.7493630647659302
886,3,142,0.7191414833068848
887,3,143,0.9431053400039673
888,3,144,0.8345984220504761
889,3,145,0.7767096161842346
890,3,146,0.7006145715713501
891,3,147,0.6643058657646179
892,3,148,0.7490552663803101
893,3,149,0.8936054110527039
894,3,150,0.6780591607093811
895,3,151,0.8174797892570496
896,3,152,0.803641140460968
897,3,153,0.8013380169868469
898,3,154,0.7300183176994324
899,3,155,0.7272487878799438
900,3,156,0.7363401651382446
901,3,157,0.9574424624443054
902,3,158,0.8047292828559875
903,3,159,0.8571140170097351
904,3,160,0.7559526562690735
905,3,161,0.757697343826294
906,3,162,0.7160203456878662
907,3,163,0.6980232000350952
908,3,164,0.7723391056060791
909,3,165,0.893409252166748
910,3,166,0.8057524561882019
911,3,167,0.7217070460319519
912,3,168,0.7162231206893921
913,3,169,0.8346457481384277
914,3,170,0.8454038500785828
915,3,171,0.7892665266990662
916,3,172,0.7163761854171753
917,3,173,0.7035644054412842
918,3,174,0.7890990972518921
919,3,175,0.9250144958496094
920,3,176,0.7940303683280945
921,3,177,0.695932924747467
922,3,178,0.7369317412376404
923,3,179,0.7158220410346985
924,3,180,0.7814492583274841
925,3,181,0.8102239370346069
926,3,182,0.6928051710128784
927,3,183,0.819898247718811
928,3,184,0.8407044410705566
929,3,185,0.7736902832984924
930,3,186,0.7203912734985352
931,3,187,0.6815410852432251
932,3,188,0.7860978841781616
933,3,189,0.7123252153396606
934,3,190,0.6659857630729675
935,3,191,0.8010811805725098
936,3,192,0.7635448575019836
937,3,193,0.6767784357070923
938,3,194,0.8140500783920288
939,3,195,0.7522655129432678
940,3,196,0.7463737726211548
941,3,197,0.7112094759941101
942,3,198,0.7305036187171936
943,3,199,0.7686061859130859
944,3,200,0.7690407037734985
945,3,201,0.6692966222763062
946,3,202,0.751329779624939
947,3,203,0.6885607242584229
948,3,204,0.6974490880966187
949,3,205,0.7344378232955933
950,3,206,0.6774307489395142
951,3,207,0.6828839182853699
952,3,208,0.7918265461921692
953,3,209,0.7667855024337769
954,3,210,0.7414671182632446
955,3,211,0.8841878771781921
956,3,212,0.7680813074111938
957,3,213,0.7216893434524536
958,3,214,0.7429224252700806
959,3,215,0.6912370920181274
960,3,216,0.7650554776191711
961,3,217,0.7129124402999878
962,3,218,0.7481762766838074
963,3,219,0.7045729756355286
964,3,220,0.6918388605117798
965,3,221,0.7664753198623657
966,3,222,0.8223152160644531
967,3,223,0.6661249399185181
968,3,224,0.6829504370689392
969,3,225,0.6563420295715332
970,3,226,0.7305586934089661
971,3,227,0.8036481738090515
972,3,228,0.8080196380615234
973,3,229,0.6656943559646606
974,3,230,0.7887680530548096
975,3,231,0.6842676997184753
976,3,232,0.7634108662605286
977,3,233,0.6634174585342407
978,3,234,0.7093905210494995
979,3,235,0.6906784176826477
980,3,236,0.6357284784317017
981,3,237,0.709138810634613
982,3,238,0.6596348285675049
983,3,239,0.8018163442611694
984,3,240,0.7187696695327759
985,3,241,0.6295815706253052
986,3,242,0.7018461227416992
987,3,243,0.7533751726150513
988,3,244,0.6730133891105652
989,3,245,0.7064110040664673
990,3,246,0.7557171583175659
991,3,247,0.6462699770927429
992,3,248,0.6638199090957642
993,3,249,0.6940600275993347
994,3,250,0.81695955991745
995,3,251,0.7118304967880249
996,3,252,0.7086693644523621
997,3,253,0.6840959787368774
998,3,254,0.6976367831230164
999,3,255,0.726952850818634
1000,3,256,0.6707373857498169
1001,3,257,0.6988816261291504
1002,3,258,0.6297945976257324
1003,3,259,0.6988539695739746
1004,3,260,0.6581282019615173
1005,3,261,0.8260229825973511
1006,3,262,0.650363564491272
1007,3,263,0.7227509617805481
1008,3,264,0.6800276637077332
1009,3,265,0.7923058271408081
1010,3,266,0.6718803644180298
1011,3,267,0.7370408177375793
1012,3,268,0.6345253586769104
1013,3,269,0.7070587277412415
1014,3,270,0.6973267197608948
1015,3,271,0.6936913132667542
1016,3,272,0.6321848630905151
1017,3,273,0.6939975023269653
1018,3,274,0.6068111658096313
1019,3,275,0.7271587252616882
1020,3,276,0.6326387524604797
1021,3,277,0.7022424340248108
1022,3,278,0.6039258241653442
1023,3,279,0.6311913728713989
1024,3,280,0.6665934324264526
1025,3,281,0.6681899428367615
1026,3,282,0.7310547828674316
1027,3,283,0.834742546081543
1028,3,284,0.6665144562721252
1029,3,285,0.6344658732414246
1030,3,286,0.7792621850967407
1031,3,287,0.7726365327835083
1032,3,288,0.6532015800476074
1033,3,289,0.7992936372756958
1034,3,290,0.6606996059417725
1035,3,291,0.6557265520095825
1036,3,292,0.6502880454063416
1037,3,293,0.760988712310791
1038,3,294,0.7515332102775574
1039,3,295,0.6292358040809631
1040,3,296,0.6590916514396667
1041,3,297,0.6340504884719849
1042,3,298,0.6385617852210999
1043,3,299,0.8627322912216187
1044,3,300,0.6290423274040222
1045,3,301,0.7062286138534546
1046,3,302,0.6744380593299866
1047,3,303,0.7019379734992981
1048,3,304,0.6603520512580872
1049,3,305,0.7871862649917603
1050,3,306,0.6832503080368042
1051,3,307,0.703423798084259
1052,3,308,0.6863377690315247
1053,3,309,0.5880327820777893
1054,3,310,0.6689717769622803
1055,3,311,0.7358202338218689
1056,3,312,0.6431146860122681
1057,3,313,0.6265913248062134
1058,3,314,0.7019270062446594
1059,3,315,0.6836768388748169
1060,3,316,0.7685067057609558
1061,3,317,0.9953161478042603
1062,3,318,0.6590426564216614
1063,3,319,0.6755186915397644
1064,3,320,0.6927207708358765
1065,3,321,0.6298962235450745
1066,3,322,0.8463196754455566
1067,3,323,0.6080288887023926
1068,3,324,0.6648010015487671
1069,3,325,0.6723507046699524
1070,3,326,0.6748071908950806
1071,3,327,0.5962420105934143
1072,3,328,0.7152007222175598
1073,3,329,0.8329000473022461
1074,3,330,0.7607773542404175
1075,3,331,0.5920268297195435
1076,3,332,0.6500850319862366
1077,3,333,0.5845082998275757
1078,3,334,0.5947675704956055
1079,3,335,0.5904485583305359
1080,3,336,0.5859250426292419
1081,3,337,0.7882787585258484
1082,3,338,0.6118070483207703
1083,3,339,0.7669652700424194
1084,3,340,0.6405555605888367
1085,3,341,0.5972069501876831
1086,3,342,0.62720787525177
1087,3,343,0.6268238425254822
1088,3,344,0.6315969228744507
1089,3,345,0.6853482127189636
1090,3,346,0.6152286529541016
1091,3,347,0.6374655961990356
1092,3,348,0.6832782030105591
1093,3,349,0.5926605463027954
1094,3,350,0.6880608797073364
1095,3,351,0.595218300819397
1096,3,352,0.5782261490821838
1097,3,353,0.6443709135055542
1098,3,354,0.6832708120346069
1099,3,355,0.6846911311149597
1100,3,356,0.5912023782730103
1101,3,357,0.5641604065895081
1102,3,358,0.6287857294082642
1103,3,359,0.6696978807449341
1104,3,360,0.7010592818260193
1105,3,361,0.6757676601409912
1106,3,362,0.5816651582717896
1107,3,363,0.6048476696014404
1108,3,364,0.6368955969810486
1109,3,365,0.5940142273902893
1110,3,366,0.6111571192741394
1111,3,367,0.698180079460144
1112,3,368,0.5773681402206421
1113,3,369,0.5729197263717651
1114,3,370,0.6210010647773743
1115,3,371,0.6471851468086243
1116,3,372,0.5442019104957581
1117,4,1,0.5485281348228455
1118,4,2,0.593224823474884
1119,4,3,0.63313889503479
1120,4,4,0.5598869919776917
1121,4,5,0.6137661933898926
1122,4,6,0.5636368989944458
1123,4,7,0.6358607411384583
1124,4,8,0.6006786227226257
1125,4,9,0.6288792490959167
1126,4,10,0.5998885631561279
1127,4,11,0.5885766744613647
1128,4,12,0.6583963632583618
1129,4,13,0.5714393854141235
1130,4,14,0.5997171998023987
1131,4,15,0.576167643070221
1132,4,16,0.5556281208992004
1133,4,17,0.6765090227127075
1134,4,18,0.5713494420051575
1135,4,19,0.5966343283653259
1136,4,20,0.7026809453964233
1137,4,21,0.5628557801246643
1138,4,22,0.5870975852012634
1139,4,23,0.589321494102478
1140,4,24,0.7185618877410889
1141,4,25,0.5772349834442139
1142,4,26,0.7280948758125305
1143,4,27,0.5576629042625427
1144,4,28,0.5500409007072449
1145,4,29,0.5678665637969971
1146,4,30,0.6511123776435852
1147,4,31,0.8293887376785278
1148,4,32,0.6659249067306519
1149,4,33,0.6125648617744446
1150,4,34,0.5889598727226257
1151,4,35,0.5871732831001282
1152,4,36,0.6380455493927002
1153,4,37,0.5137344598770142
1154,4,38,0.6509150862693787
1155,4,39,0.5390599370002747
1156,4,40,0.5141581296920776
1157,4,41,0.597229540348053
1158,4,42,0.5798874497413635
1159,4,43,0.6720180511474609
1160,4,44,0.5897340178489685
1161,4,45,0.5861096978187561
1162,4,46,0.5999706983566284
1163,4,47,0.6288741827011108
1164,4,48,0.5525256991386414
1165,4,49,0.5691649317741394
1166,4,50,0.5348145365715027
1167,4,51,0.6726678609848022
1168,4,52,0.5771286487579346
1169,4,53,0.5333045125007629
1170,4,54,0.5596212148666382
1171,4,55,0.5796118974685669
1172,4,56,0.5076748132705688
1173,4,57,0.5884901285171509
1174,4,58,0.5302382111549377
1175,4,59,0.5546187162399292
1176,4,60,0.610903799533844
1177,4,61,0.6086791753768921
1178,4,62,0.535173773765564
1179,4,63,0.6382398009300232
1180,4,64,0.6066806316375732
1181,4,65,0.5294692516326904
1182,4,66,0.5893763303756714
1183,4,67,0.6703053712844849
1184,4,68,0.6593935489654541
1185,4,69,0.5776121020317078
1186,4,70,0.5213882327079773
1187,4,71,0.5105262994766235
1188,4,72,0.5947268605232239
1189,4,73,0.6028681993484497
1190,4,74,0.624726414680481
1191,4,75,0.6205477714538574
1192,4,76,0.5403608083724976
1193,4,77,0.7254137992858887
1194,4,78,0.48768535256385803
1195,4,79,0.64468914270401
1196,4,80,0.548803448677063
1197,4,81,0.6161109209060669
1198,4,82,0.5015922784805298
1199,4,83,0.5433648824691772
1200,4,84,0.5908502340316772
1201,4,85,0.5702000856399536
1202,4,86,0.5162304639816284
1203,4,87,0.5719414949417114
1204,4,88,0.5225628614425659
1205,4,89,0.5775185823440552
1206,4,90,0.6021289229393005
1207,4,91,0.5956975817680359
1208,4,92,0.5317332744598389
1209,4,93,0.5630642771720886
1210,4,94,0.5709279179573059
1211,4,95,0.5270695090293884
1212,4,96,0.5702975392341614
1213,4,97,0.5875718593597412
1214,4,98,0.5768382549285889
1215,4,99,0.5918616056442261
1216,4,100,0.5088906288146973
1217,4,101,0.5666981935501099
1218,4,102,0.6968268752098083
1219,4,103,0.5288638472557068
1220,4,104,0.7943490743637085
1221,4,105,0.5231705904006958
1222,4,106,0.5665305852890015
1223,4,107,0.5182335376739502
1224,4,108,0.5308393239974976
1225,4,109,0.6212166547775269
1226,4,110,0.5817753672599792
1227,4,111,0.5596596598625183
1228,4,112,0.5746694803237915
1229,4,113,0.5276114344596863
1230,4,114,0.5034893751144409
1231,4,115,0.6176513433456421
1232,4,116,0.534022331237793
1233,4,117,0.5381197333335876
1234,4,118,0.5615352392196655
1235,4,119,0.5660611391067505
1236,4,120,0.5660985112190247
1237,4,121,0.5391823053359985
1238,4,122,0.5570720434188843
1239,4,123,0.5474603772163391
1240,4,124,0.6584957838058472
1241,4,125,0.5244444608688354
1242,4,126,0.6258844137191772
1243,4,127,0.6270012855529785
1244,4,128,0.5660898089408875
1245,4,129,0.6443865299224854
1246,4,130,0.49284449219703674
1247,4,131,0.552435040473938
1248,4,132,0.5630425810813904
1249,4,133,0.6223484873771667
1250,4,134,0.5141515135765076
1251,4,135,0.5060089230537415
1252,4,136,0.5266382098197937
1253,4,137,0.569857120513916
1254,4,138,0.6482648849487305
1255,4,139,0.5427783727645874
1256,4,140,0.5041374564170837
1257,4,141,0.5201627016067505
1258,4,142,0.5105611681938171
1259,4,143,0.6305150389671326
1260,4,144,0.5594785213470459
1261,4,145,0.5599711537361145
1262,4,146,0.5164713859558105
1263,4,147,0.5399744510650635
1264,4,148,0.5342386960983276
1265,4,149,0.5716581344604492
1266,4,150,0.6198035478591919
1267,4,151,0.5938007831573486
1268,4,152,0.7462586760520935
1269,4,153,0.523205041885376
1270,4,154,0.5607296824455261
1271,4,155,0.5264188051223755
1272,4,156,0.4989784359931946
1273,4,157,0.5221073031425476
1274,4,158,0.5252771377563477
1275,4,159,0.6547786593437195
1276,4,160,0.6457016468048096
1277,4,161,0.4962257444858551
1278,4,162,0.500026285648346
1279,4,163,0.5598989725112915
1280,4,164,0.618823766708374
1281,4,165,0.5226889848709106
1282,4,166,0.6298962831497192
1283,4,167,0.6185201406478882
1284,4,168,0.508770227432251
1285,4,169,0.5247697830200195
1286,4,170,0.5136827230453491
1287,4,171,0.5141686797142029
1288,4,172,0.5579530000686646
1289,4,173,0.5386375784873962
1290,4,174,0.7570238709449768
1291,4,175,0.5195468068122864
1292,4,176,0.5115956664085388
1293,4,177,0.7976945638656616
1294,4,178,0.5559381246566772
1295,4,179,0.5931614637374878
1296,4,180,0.4600059390068054
1297,4,181,0.6002877950668335
1298,4,182,0.5328310132026672
1299,4,183,0.6189204454421997
1300,4,184,0.5977529883384705
1301,4,185,0.557187020778656
1302,4,186,0.5813104510307312
1303,4,187,0.4366738796234131
1304,4,188,0.47773343324661255
1305,4,189,0.548893928527832
1306,4,190,0.5735928416252136
1307,4,191,0.48835888504981995
1308,4,192,0.5110679864883423
1309,4,193,0.6198650598526001
1310,4,194,0.47906023263931274
1311,4,195,0.5940979719161987
1312,4,196,0.5588963627815247
1313,4,197,0.5344357490539551
1314,4,198,0.5553927421569824
1315,4,199,0.49566927552223206
1316,4,200,0.5790429711341858
1317,4,201,0.5421701073646545
1318,4,202,0.4886806607246399
1319,4,203,0.6181243062019348
1320,4,204,0.4541545808315277
1321,4,205,0.5097459554672241
1322,4,206,0.46592602133750916
1323,4,207,0.49238115549087524
1324,4,208,0.5100010633468628
1325,4,209,0.6031917333602905
1326,4,210,0.5927075147628784
1327,4,211,0.5076987743377686
1328,4,212,0.4736211895942688
1329,4,213,0.45451563596725464
1330,4,214,0.4947245717048645
1331,4,215,0.4537162780761719
1332,4,216,0.6099377870559692
1333,4,217,0.47825688123703003
1334,4,218,0.5394047498703003
1335,4,219,0.586379885673523
1336,4,220,0.5519838333129883
1337,4,221,0.5095244646072388
1338,4,222,0.5589307546615601
1339,4,223,0.6905621290206909
1340,4,224,0.485527366399765
1341,4,225,0.5841319561004639
1342,4,226,0.5414633750915527
1343,4,227,0.4438953995704651
1344,4,228,0.5270484685897827
1345,4,229,0.5368250608444214
1346,4,230,0.5354769825935364
1347,4,231,0.5211206674575806
1348,4,232,0.563164472579956
1349,4,233,0.4609425961971283
1350,4,234,0.48004794120788574
1351,4,235,0.4619526267051697
1352,4,236,0.6053551435470581
1353,4,237,0.5283976793289185
1354,4,238,0.47943979501724243
1355,4,239,0.4856100082397461
1356,4,240,0.4374731183052063
1357,4,241,0.5371181964874268
1358,4,242,0.4845737814903259
1359,4,243,0.4432316720485687
1360,4,244,0.564906895160675
1361,4,245,0.5851786732673645
1362,4,246,0.5104349255561829
1363,4,247,0.50439453125
1364,4,248,0.5997246503829956
1365,4,249,0.5485868453979492
1366,4,250,0.5562738180160522
1367,4,251,0.47813311219215393
1368,4,252,0.5186140537261963
1369,4,253,0.41878828406333923
1370,4,254,0.4700852334499359
1371,4,255,0.8726403117179871
1372,4,256,0.4824635088443756
1373,4,257,0.47793444991111755
1374,4,258,0.5871567130088806
1375,4,259,0.4687146246433258
1376,4,260,0.48556652665138245
1377,4,261,0.48708659410476685
1378,4,262,0.5482738018035889
1379,4,263,0.49481144547462463
1380,4,264,0.46877598762512207
1381,4,265,0.5100195407867432
1382,4,266,0.6112210750579834
1383,4,267,0.48715639114379883
1384,4,268,0.4269939363002777
1385,4,269,0.4073328971862793
1386,4,270,0.4938894212245941
1387,4,271,0.5457447171211243
1388,4,272,0.5103952884674072
1389,4,273,0.49739065766334534
1390,4,274,0.5944418907165527
1391,4,275,0.5380358099937439
1392,4,276,0.44708919525146484
1393,4,277,0.5523799061775208
1394,4,278,0.4437178671360016
1395,4,279,0.5803378820419312
1396,4,280,0.46821480989456177
1397,4,281,0.4932306408882141
1398,4,282,0.4967213571071625
1399,4,283,0.5145078301429749
1400,4,284,0.4335607886314392
1401,4,285,0.4549136161804199
1402,4,286,0.5263742208480835
1403,4,287,0.6555236577987671
1404,4,288,0.5297695398330688
1405,4,289,0.4744921624660492
1406,4,290,0.430886447429657
1407,4,291,0.49260321259498596
1408,4,292,0.5690414309501648
1409,4,293,0.4437883496284485
1410,4,294,0.44200029969215393
1411,4,295,0.5165964365005493
1412,4,296,0.525020956993103
1413,4,297,0.5332258939743042
1414,4,298,0.5663503408432007
1415,4,299,0.47209224104881287
1416,4,300,0.5439321994781494
1417,4,301,0.47506633400917053
1418,4,302,0.4585290551185608
1419,4,303,0.4406880736351013
1420,4,304,0.8274423480033875
1421,4,305,0.5837687849998474
1422,4,306,0.4526137411594391
1423,4,307,0.5309779047966003
1424,4,308,0.4784025549888611
1425,4,309,0.44621554017066956
1426,4,310,0.5248688459396362
1427,4,311,0.4885697364807129
1428,4,312,0.4346209168434143
1429,4,313,0.547607958316803
1430,4,314,0.4967831075191498
1431,4,315,0.47983187437057495
1432,4,316,0.49960288405418396
1433,4,317,0.5145573616027832
1434,4,318,0.48286134004592896
1435,4,319,0.47249525785446167
1436,4,320,0.45278245210647583
1437,4,321,0.4533402919769287
1438,4,322,0.4925127923488617
1439,4,323,0.5727184414863586
1440,4,324,0.4943362772464752
1441,4,325,0.822504997253418
1442,4,326,0.7526459097862244
1443,4,327,0.43368712067604065
1444,4,328,0.9268185496330261
1445,4,329,0.517422080039978
1446,4,330,0.5016335844993591
1447,4,331,0.6002189517021179
1448,4,332,0.4918316900730133
1449,4,333,0.46287378668785095
1450,4,334,0.42661410570144653
1451,4,335,0.5302393436431885
1452,4,336,0.4981769919395447
1453,4,337,0.5364118218421936
1454,4,338,0.5556727051734924
1455,4,339,0.5357577800750732
1456,4,340,0.47868484258651733
1457,4,341,0.522511899471283
1458,4,342,0.4875892996788025
1459,4,343,0.515601396560669
1460,4,344,0.5240309238433838
1461,4,345,0.5529032945632935
1462,4,346,0.4417352080345154
1463,4,347,0.44349342584609985
1464,4,348,0.5660436749458313
1465,4,349,0.4198623299598694
1466,4,350,0.482280433177948
1467,4,351,0.4995575547218323
1468,4,352,0.433411180973053
1469,4,353,0.4893530011177063
1470,4,354,0.563504695892334
1471,4,355,0.4867914617061615
1472,4,356,0.4584437310695648
1473,4,357,0.5351043939590454
1474,4,358,0.4785804748535156
1475,4,359,0.43644970655441284
1476,4,360,0.4573606848716736
1477,4,361,0.5464304685592651
1478,4,362,0.44221076369285583
1479,4,363,0.5680414438247681
1480,4,364,0.4333410859107971
1481,4,365,0.4069035053253174
1482,4,366,0.43791598081588745
1483,4,367,0.5037017464637756
1484,4,368,0.46422773599624634
1485,4,369,0.4406154751777649
1486,4,370,0.48112788796424866
1487,4,371,0.5318038463592529
1488,4,372,0.5561805963516235
1489,5,1,0.4157090187072754
1490,5,2,0.39284786581993103
1491,5,3,0.43755894899368286
1492,5,4,0.4456140995025635
1493,5,5,0.4498983919620514
1494,5,6,0.4618911147117615
1495,5,7,0.4290827810764313
1496,5,8,0.46363115310668945
1497,5,9,0.4096202850341797
1498,5,10,0.4299026429653168
1499,5,11,0.4283815920352936
1500,5,12,0.5036711096763611
1501,5,13,0.46593600511550903
1502,5,14,0.4453733563423157
1503,5,15,0.48560580611228943
1504,5,16,0.45660725235939026
1505,5,17,0.45203065872192383
1506,5,18,0.37033188343048096
1507,5,19,0.44719451665878296
1508,5,20,0.5312256217002869
1509,5,21,0.43862420320510864
1510,5,22,0.46172890067100525
1511,5,23,0.38038718700408936
1512,5,24,0.5468869209289551
1513,5,25,0.5038732290267944
1514,5,26,0.4783092439174652
1515,5,27,0.5003361105918884
1516,5,28,0.44328585267066956
1517,5,29,0.4326174259185791
1518,5,30,0.5449705719947815
1519,5,31,0.48976999521255493
1520,5,32,0.437020868062973
1521,5,33,0.7602540254592896
1522,5,34,0.3871290981769562
1523,5,35,0.4395151734352112
1524,5,36,0.49314767122268677
1525,5,37,0.40885820984840393
1526,5,38,0.5331935286521912
1527,5,39,0.4476640224456787
1528,5,40,0.44709092378616333
1529,5,41,0.5729073286056519
1530,5,42,0.48667478561401367
1531,5,43,0.43766316771507263
1532,5,44,0.4621591567993164
1533,5,45,0.4033046364784241
1534,5,46,0.5311775803565979
1535,5,47,0.5370165705680847
1536,5,48,0.409384161233902
1537,5,49,0.48162227869033813
1538,5,50,0.4508398473262787
1539,5,51,0.43517160415649414
1540,5,52,0.44612425565719604
1541,5,53,0.4248264729976654
1542,5,54,0.4536689817905426
1543,5,55,0.4393066465854645
1544,5,56,0.40298691391944885
1545,5,57,0.5250011682510376
1546,5,58,0.37654557824134827
1547,5,59,0.7169746160507202
1548,5,60,0.5900052189826965
1549,5,61,0.5213104486465454
1550,5,62,0.6239190101623535
1551,5,63,0.46186965703964233
1552,5,64,0.5225226879119873
1553,5,65,0.3751315474510193
1554,5,66,0.5635724663734436
1555,5,67,0.3860089182853699
1556,5,68,0.470869243144989
1557,5,69,0.4397958219051361
1558,5,70,0.4437585473060608
1559,5,71,0.43986573815345764
1560,5,72,0.39740315079689026
1561,5,73,0.48955783247947693
1562,5,74,0.4090898633003235
1563,5,75,0.40735873579978943
1564,5,76,0.39548617601394653
1565,5,77,0.4667332172393799
1566,5,78,0.4196653366088867
1567,5,79,0.3866017460823059
1568,5,80,0.43525752425193787
1569,5,81,0.6666921377182007
1570,5,82,0.470665842294693
1571,5,83,0.44884657859802246
1572,5,84,0.4698668122291565
1573,5,85,0.6850565671920776
1574,5,86,0.48232302069664
1575,5,87,0.5754057168960571
1576,5,88,0.5035417675971985
1577,5,89,0.4272197186946869
1578,5,90,0.45252132415771484
1579,5,91,0.4301368296146393
1580,5,92,0.7152408361434937
1581,5,93,0.3793943524360657
1582,5,94,0.5351778864860535
1583,5,95,0.47674569487571716
1584,5,96,0.5278970003128052
1585,5,97,0.49993452429771423
1586,5,98,0.5084363222122192
1587,5,99,0.41356006264686584
1588,5,100,0.5557159185409546
1589,5,101,0.47318220138549805
1590,5,102,0.418469101190567
1591,5,103,0.5045164823532104
1592,5,104,0.39313286542892456
1593,5,105,0.3972603678703308
1594,5,106,0.4408896565437317
1595,5,107,0.41464048624038696
1596,5,108,0.42261070013046265
1597,5,109,0.4139993190765381
1598,5,110,0.42456525564193726
1599,5,111,0.4678483009338379
1600,5,112,0.3643720746040344
1601,5,113,0.3994133770465851
1602,5,114,0.46685776114463806
1603,5,115,0.4015282988548279
1604,5,116,0.4266677498817444
1605,5,117,0.4247988760471344
1606,5,118,0.5426611304283142
1607,5,119,0.45668482780456543
1608,5,120,0.3898622393608093
1609,5,121,0.5107973217964172
1610,5,122,0.36159205436706543
1611,5,123,0.4055394232273102
1612,5,124,0.6165893077850342
1613,5,125,0.37931767106056213
1614,5,126,0.5146530866622925
1615,5,127,0.4990078806877136
1616,5,128,0.4371723532676697
1617,5,129,0.3974253535270691
1618,5,130,0.38417336344718933
1619,5,131,0.44306597113609314
1620,5,132,0.3868545889854431
1621,5,133,0.4748208522796631
1622,5,134,0.40513530373573303
1623,5,135,0.4537073075771332
1624,5,136,0.5323425531387329
1625,5,137,0.45893582701683044
1626,5,138,0.3973793387413025
1627,5,139,0.36764395236968994
1628,5,140,0.41331616044044495
1629,5,141,0.39494237303733826
1630,5,142,0.3938058018684387
1631,5,143,0.39015406370162964
1632,5,144,0.41562432050704956
1633,5,145,0.5079760551452637
1634,5,146,0.3849022388458252
1635,5,147,0.4150920808315277
1636,5,148,0.4122218191623688
1637,5,149,0.44871950149536133
1638,5,150,0.4339146018028259
1639,5,151,0.3519853949546814
1640,5,152,0.4116062521934509
1641,5,153,0.3888610303401947
1642,5,154,0.5130444765090942
1643,5,155,0.5051673650741577
1644,5,156,0.5253880023956299
1645,5,157,0.3960520327091217
1646,5,158,0.4004121422767639
1647,5,159,0.555769681930542
1648,5,160,0.41492968797683716
1649,5,161,0.42848801612854004
1650,5,162,0.4811150133609772
1651,5,163,0.4095742106437683
1652,5,164,0.42112603783607483
1653,5,165,0.4623342454433441
1654,5,166,0.4076426029205322
1655,5,167,0.3910442590713501
1656,5,168,0.36638492345809937
1657,5,169,0.45142143964767456
1658,5,170,0.7538818120956421
1659,5,171,0.4212528169155121
1660,5,172,0.4645819067955017
1661,5,173,0.4414895176887512
1662,5,174,0.3745393455028534
1663,5,175,0.4169486165046692
1664,5,176,0.4627658724784851
1665,5,177,0.47001415491104126
1666,5,178,0.48139485716819763
1667,5,179,0.5058460235595703
1668,5,180,0.4508069157600403
1669,5,181,0.5051987171173096
1670,5,182,0.42749103903770447
1671,5,183,0.40860065817832947
1672,5,184,0.4203854501247406
1673,5,185,0.39959537982940674
1674,5,186,0.37995338439941406
1675,5,187,0.458036333322525
1676,5,188,0.37871068716049194
1677,5,189,0.40566959977149963
1678,5,190,0.4290847182273865
1679,5,191,0.37746334075927734
1680,5,192,0.44377079606056213
1681,5,193,0.41930389404296875
1682,5,194,0.33316898345947266
1683,5,195,0.3613191843032837
1684,5,196,0.4291672706604004
1685,5,197,0.643830418586731
1686,5,198,0.35927924513816833
1687,5,199,0.3463108539581299
1688,5,200,0.48419189453125
1689,5,201,0.42002835869789124
1690,5,202,0.42982664704322815
1691,5,203,0.7809210419654846
1692,5,204,0.5107430219650269
1693,5,205,0.4401109218597412
1694,5,206,0.42156559228897095
1695,5,207,0.42230433225631714
1696,5,208,0.41966795921325684
1697,5,209,0.43220415711402893
1698,5,210,0.3576745390892029
1699,5,211,0.4621047079563141
1700,5,212,0.485727459192276
1701,5,213,0.39431461691856384
1702,5,214,0.40167003870010376
1703,5,215,0.38899707794189453
1704,5,216,0.380964070558548
1705,5,217,0.3391747772693634
1706,5,218,0.4674217104911804
1707,5,219,0.45959368348121643
1708,5,220,0.4133792519569397
1709,5,221,0.3619661331176758
1710,5,222,0.3851313591003418
1711,5,223,0.5225771069526672
1712,5,224,0.46843886375427246
1713,5,225,0.35702839493751526
1714,5,226,0.3510904908180237
1715,5,227,0.4127134680747986
1716,5,228,0.4458858072757721
1717,5,229,0.38635528087615967
1718,5,230,0.3909984529018402
1719,5,231,0.5841595530509949
1720,5,232,0.5183690190315247
1721,5,233,0.3805895149707794
1722,5,234,0.43134135007858276
1723,5,235,0.4309569001197815
1724,5,236,0.36264321208000183
1725,5,237,0.4583548903465271
1726,5,238,0.39849427342414856
1727,5,239,0.463483989238739
1728,5,240,0.3982073664665222
1729,5,241,0.33407071232795715
1730,5,242,0.43919795751571655
1731,5,243,0.39919283986091614
1732,5,244,0.3649214208126068
1733,5,245,0.4680449962615967
1734,5,246,0.5990291833877563
1735,5,247,0.38478580117225647
1736,5,248,0.4321732521057129
1737,5,249,0.3462264835834503
1738,5,250,0.6337853670120239
1739,5,251,0.44049397110939026
1740,5,252,0.4010397493839264
1741,5,253,0.37829121947288513
1742,5,254,0.40715447068214417
1743,5,255,0.4217798113822937
1744,5,256,0.42853832244873047
1745,5,257,0.5120579600334167
1746,5,258,0.4351302683353424
1747,5,259,0.4839426577091217
1748,5,260,0.46207523345947266
1749,5,261,0.3524479269981384
1750,5,262,0.36119407415390015
1751,5,263,0.4065023362636566
1752,5,264,0.36219528317451477
1753,5,265,0.44977235794067383
1754,5,266,0.4104189872741699
1755,5,267,0.3716120719909668
1756,5,268,0.34296539425849915
1757,5,269,0.7126835584640503
1758,5,270,0.46567922830581665
1759,5,271,0.4508674144744873
1760,5,272,0.4043373167514801
1761,5,273,0.3562745451927185
1762,5,274,0.415536493062973
1763,5,275,0.39712411165237427
1764,5,276,0.5152822732925415
1765,5,277,0.399475634098053
1766,5,278,0.45132437348365784
1767,5,279,0.38865941762924194
1768,5,280,0.6232461929321289
1769,5,281,0.38459908962249756
1770,5,282,0.39791569113731384
1771,5,283,0.38036656379699707
1772,5,284,0.3931651711463928
1773,5,285,0.3923391103744507
1774,5,286,0.4093501567840576
1775,5,287,0.43568116426467896
1776,5,288,0.427659809589386
1777,5,289,0.33926302194595337
1778,5,290,0.4416566491127014
1779,5,291,0.40515846014022827
1780,5,292,0.4522581696510315
1781,5,293,0.40887951850891113
1782,5,294,0.4734562933444977
1783,5,295,0.37260767817497253
1784,5,296,0.6417235136032104
1785,5,297,0.42516010999679565
1786,5,298,0.3982948660850525
1787,5,299,0.3552296757698059
1788,5,300,0.40135660767555237
1789,5,301,0.43487101793289185
1790,5,302,0.41053658723831177
1791,5,303,0.4362425208091736
1792,5,304,0.48428067564964294
1793,5,305,0.40855416655540466
1794,5,306,0.383829802274704
1795,5,307,0.4201315939426422
1796,5,308,0.3680233359336853
1797,5,309,0.36215126514434814
1798,5,310,0.4074760377407074
1799,5,311,0.44671139121055603
1800,5,312,0.40572357177734375
1801,5,313,0.5393149852752686
1802,5,314,0.4088681638240814
1803,5,315,0.4545830190181732
1804,5,316,0.39904525876045227
1805,5,317,0.4242871403694153
1806,5,318,0.42459636926651
1807,5,319,0.5306071043014526
1808,5,320,0.47420716285705566
1809,5,321,0.45483899116516113
1810,5,322,0.40325212478637695
1811,5,323,0.5185374021530151
1812,5,324,0.4451044499874115
1813,5,325,0.37239429354667664
1814,5,326,0.4003145098686218
1815,5,327,0.4071114659309387
1816,5,328,0.3690609037876129
1817,5,329,0.4001830518245697
1818,5,330,0.36817657947540283
1819,5,331,0.43407630920410156
1820,5,332,0.43023768067359924
1821,5,333,0.3776887357234955
1822,5,334,0.38584429025650024
1823,5,335,0.4097827076911926
1824,5,336,0.41356927156448364
1825,5,337,0.378797709941864
1826,5,338,0.5060427784919739
1827,5,339,0.3058084547519684
1828,5,340,0.40931087732315063
1829,5,341,0.3712882101535797
1830,5,342,0.39923563599586487
1831,5,343,0.31691813468933105
1832,5,344,0.3715687692165375
1833,5,345,0.35737401247024536
1834,5,346,0.3811141848564148
1835,5,347,0.33157533407211304
1836,5,348,0.4070747494697571
1837,5,349,0.38284069299697876
1838,5,350,0.4544525146484375
1839,5,351,0.4166807234287262
1840,5,352,0.5761227607727051
1841,5,353,0.3389413058757782
1842,5,354,0.5933986902236938
1843,5,355,0.39746594429016113
1844,5,356,0.809350311756134
1845,5,357,0.3921816647052765
1846,5,358,0.37988904118537903
1847,5,359,0.30577993392944336
1848,5,360,0.3878278434276581
1849,5,361,0.4605029225349426
1850,5,362,0.3620995283126831
1851,5,363,0.5510517358779907
1852,5,364,0.4057777523994446
1853,5,365,0.34207025170326233
1854,5,366,0.38198354840278625
1855,5,367,0.33537277579307556
1856,5,368,0.43100014328956604
1857,5,369,0.43181997537612915
1858,5,370,0.37614282965660095
1859,5,371,0.4332381784915924
1860,5,372,0.4105848968029022
1861,6,1,0.4475955069065094
1862,6,2,0.3959307074546814
1863,6,3,0.3656267523765564
1864,6,4,0.47247448563575745
1865,6,5,0.40933123230934143
1866,6,6,0.4166301190853119
1867,6,7,0.36801719665527344
1868,6,8,0.33768948912620544
1869,6,9,0.44631218910217285
1870,6,10,0.41651153564453125
1871,6,11,0.31472334265708923
1872,6,12,0.4525417685508728
1873,6,13,0.3651459217071533
1874,6,14,0.37198585271835327
1875,6,15,0.3920880854129791
1876,6,16,0.4314279556274414
1877,6,17,0.40980106592178345
1878,6,18,0.39932024478912354
1879,6,19,0.3854210078716278
1880,6,20,0.3070277273654938
1881,6,21,0.3518056273460388
1882,6,22,0.42733049392700195
1883,6,23,0.38449597358703613
1884,6,24,0.4266698956489563
1885,6,25,0.37099695205688477
1886,6,26,0.3855636715888977
1887,6,27,0.3653858006000519
1888,6,28,0.30779796838760376
1889,6,29,0.5405433177947998
1890,6,30,0.3844554126262665
1891,6,31,0.3426574468612671
1892,6,32,0.33181023597717285
1893,6,33,0.41977137327194214
1894,6,34,0.394533634185791
1895,6,35,0.36047932505607605
1896,6,36,0.2946130931377411
1897,6,37,0.3512630760669708
1898,6,38,0.37558647990226746
1899,6,39,0.3661291003227234
1900,6,40,0.42574343085289
1901,6,41,0.8421469926834106
1902,6,42,0.3608587384223938
1903,6,43,0.3341531753540039
1904,6,44,0.6909120082855225
1905,6,45,0.3542450964450836
1906,6,46,0.3419088125228882
1907,6,47,0.36445751786231995
1908,6,48,0.33752375841140747
1909,6,49,0.3649534583091736
1910,6,50,0.36583417654037476
1911,6,51,0.3646860122680664
1912,6,52,0.32957831025123596
1913,6,53,0.3808044493198395
1914,6,54,0.42271938920021057
1915,6,55,0.296322762966156
1916,6,56,0.4001603126525879
1917,6,57,0.2923021614551544
1918,6,58,0.4267851710319519
1919,6,59,0.5229102373123169
1920,6,60,0.32122841477394104
1921,6,61,0.3526768684387207
1922,6,62,0.35641175508499146
1923,6,63,0.31574732065200806
1924,6,64,0.36476150155067444
1925,6,65,0.35474225878715515
1926,6,66,0.3956594467163086
1927,6,67,0.40948572754859924
1928,6,68,0.3946514129638672
1929,6,69,0.37865859270095825
1930,6,70,0.5388169288635254
1931,6,71,0.4625164568424225
1932,6,72,0.3433651328086853
1933,6,73,0.31170910596847534
1934,6,74,0.32218605279922485
1935,6,75,0.3916909098625183
1936,6,76,0.39423301815986633
1937,6,77,0.30901816487312317
1938,6,78,0.4009777009487152
1939,6,79,0.3672519624233246
1940,6,80,0.342691034078598
1941,6,81,0.3377554714679718
1942,6,82,0.426229327917099
1943,6,83,0.4333481788635254
1944,6,84,0.4121536612510681
1945,6,85,0.4463222622871399
1946,6,86,0.42835885286331177
1947,6,87,0.3890934884548187
1948,6,88,0.34628695249557495
1949,6,89,0.40414929389953613
1950,6,90,0.3155825734138489
1951,6,91,0.4365510940551758
1952,6,92,0.4125756621360779
1953,6,93,0.3204610049724579
1954,6,94,0.3312452733516693
1955,6,95,0.3315688967704773
1956,6,96,0.298750102519989
1957,6,97,0.3448207974433899
1958,6,98,0.2996942102909088
1959,6,99,0.3043122887611389
1960,6,100,0.31375476717948914
1961,6,101,0.3278495669364929
1962,6,102,0.279006689786911
1963,6,103,0.3276665508747101
1964,6,104,0.411578506231308
1965,6,105,0.3381015658378601
1966,6,106,0.32929307222366333
1967,6,107,0.4515724182128906
1968,6,108,0.3191071152687073
1969,6,109,0.3833647668361664
1970,6,110,0.6831350326538086
1971,6,111,0.32737454771995544
1972,6,112,0.5004896521568298
1973,6,113,0.29939404129981995
1974,6,114,0.34168723225593567
1975,6,115,0.35124310851097107
1976,6,116,0.3707817792892456
1977,6,117,0.3508407771587372
1978,6,118,0.49594512581825256
1979,6,119,0.3484383225440979
1980,6,120,0.3759779632091522
1981,6,121,0.32176846265792847
1982,6,122,0.37263378500938416
1983,6,123,0.3594745993614197
1984,6,124,0.3268505930900574
1985,6,125,0.3424975872039795
1986,6,126,0.32231730222702026
1987,6,127,0.3729100823402405
1988,6,128,0.29420751333236694
1989,6,129,0.320650190114975
1990,6,130,0.44237932562828064
1991,6,131,0.3661194443702698
1992,6,132,0.38604509830474854
1993,6,133,0.34203797578811646
1994,6,134,0.4512088894844055
1995,6,135,0.37749651074409485
1996,6,136,0.4597701132297516
1997,6,137,0.40928593277931213
1998,6,138,0.4130866527557373
1999,6,139,0.3510649502277374
2000,6,140,0.3255528509616852
2001,6,141,0.41060012578964233
2002,6,142,0.3413035273551941
2003,6,143,0.38131076097488403
2004,6,144,0.3363570272922516
2005,6,145,0.41012677550315857
2006,6,146,0.2668004631996155
2007,6,147,0.335210919380188
2008,6,148,0.405663400888443
2009,6,149,0.3482988476753235
2010,6,150,0.38464123010635376
2011,6,151,0.4285227358341217
2012,6,152,0.30292508006095886
2013,6,153,0.43834996223449707
2014,6,154,0.3366272449493408
2015,6,155,0.34747177362442017
2016,6,156,0.41873377561569214
2017,6,157,0.3515872061252594
2018,6,158,0.32367023825645447
2019,6,159,0.3905639350414276
2020,6,160,0.4282543659210205
2021,6,161,0.33514994382858276
2022,6,162,0.32201942801475525
2023,6,163,0.3157791197299957
2024,6,164,0.30202019214630127
2025,6,165,0.33926135301589966
2026,6,166,0.3866651654243469
2027,6,167,0.38767093420028687
2028,6,168,0.35189899802207947
2029,6,169,0.28952938318252563
2030,6,170,0.38352280855178833
2031,6,171,0.44952064752578735
2032,6,172,0.2933143079280853
2033,6,173,0.2805749773979187
2034,6,174,0.3873569667339325
2035,6,175,0.3116534352302551
2036,6,176,0.3783973753452301
2037,6,177,0.36806899309158325
2038,6,178,0.30286940932273865
2039,6,179,0.4525386393070221
2040,6,180,0.37525081634521484
2041,6,181,0.3321089446544647
2042,6,182,0.2992234230041504
2043,6,183,0.30157145857810974
2044,6,184,0.2939642369747162
2045,6,185,0.44864144921302795
2046,6,186,0.34328827261924744
2047,6,187,0.3131757974624634
2048,6,188,0.3089924454689026
2049,6,189,0.34110602736473083
2050,6,190,0.28032344579696655
2051,6,191,0.3227075934410095
2052,6,192,0.6114582419395447
2053,6,193,0.3683311343193054
2054,6,194,0.3007180988788605
2055,6,195,0.5696602463722229
2056,6,196,0.34155380725860596
2057,6,197,0.2976679801940918
2058,6,198,0.331554651260376
2059,6,199,0.351057767868042
2060,6,200,0.3415754437446594
2061,6,201,0.3362331986427307
2062,6,202,0.30877014994621277
2063,6,203,0.6282933950424194
2064,6,204,0.30407223105430603
2065,6,205,0.29833856225013733
2066,6,206,0.29331013560295105
2067,6,207,0.31331866979599
2068,6,208,0.3941364884376526
2069,6,209,0.38108202815055847
2070,6,210,0.4352589547634125
2071,6,211,0.3642612099647522
2072,6,212,0.3349136412143707
2073,6,213,0.43121927976608276
2074,6,214,0.4335072934627533
2075,6,215,0.3709806203842163
2076,6,216,0.3254269063472748
2077,6,217,0.39844435453414917
2078,6,218,0.292244017124176
2079,6,219,0.3950420916080475
2080,6,220,0.42108601331710815
2081,6,221,0.5476577281951904
2082,6,222,0.27665090560913086
2083,6,223,0.338581383228302
2084,6,224,0.3547716736793518
2085,6,225,0.3159331679344177
2086,6,226,0.6303442120552063
2087,6,227,0.4033254086971283
2088,6,228,0.38587066531181335
2089,6,229,0.49164628982543945
2090,6,230,0.319610595703125
2091,6,231,0.39073342084884644
2092,6,232,0.3496546745300293
2093,6,233,0.3639492690563202
2094,6,234,0.29594337940216064
2095,6,235,0.35265403985977173
2096,6,236,0.4050510823726654
2097,6,237,0.30608341097831726
2098,6,238,0.37170490622520447
2099,6,239,0.3839074969291687
2100,6,240,0.27873435616493225
2101,6,241,0.36686021089553833
2102,6,242,0.34780997037887573
2103,6,243,0.36010196805000305
2104,6,244,0.5879795551300049
2105,6,245,0.36265772581100464
2106,6,246,0.33449840545654297
2107,6,247,0.34668079018592834
2108,6,248,0.38103610277175903
2109,6,249,0.4389268755912781
2110,6,250,0.6120380163192749
2111,6,251,0.4402993619441986
2112,6,252,0.3380061984062195
2113,6,253,0.40134182572364807
2114,6,254,0.3523370325565338
2115,6,255,0.3839050233364105
2116,6,256,0.3768535256385803
2117,6,257,0.37593874335289
2118,6,258,0.32094916701316833
2119,6,259,0.39885661005973816
2120,6,260,0.36350470781326294
2121,6,261,0.32177314162254333
2122,6,262,0.33849358558654785
2123,6,263,0.29227423667907715
2124,6,264,0.3708208203315735
2125,6,265,0.2881403863430023
2126,6,266,0.3076487183570862
2127,6,267,0.34763216972351074
2128,6,268,0.302839457988739
2129,6,269,0.3355852961540222
2130,6,270,0.3230946362018585
2131,6,271,0.35521557927131653
2132,6,272,0.3260887861251831
2133,6,273,0.42482590675354004
2134,6,274,0.27890661358833313
2135,6,275,0.32007238268852234
2136,6,276,0.4385000765323639
2137,6,277,0.3015666604042053
2138,6,278,0.28929126262664795
2139,6,279,0.42234474420547485
2140,6,280,0.3488786816596985
2141,6,281,0.2904816269874573
2142,6,282,0.3297037184238434
2143,6,283,0.33654066920280457
2144,6,284,0.40995925664901733
2145,6,285,0.3309805989265442
2146,6,286,0.32721757888793945
2147,6,287,0.30069074034690857
2148,6,288,0.3415655195713043
2149,6,289,0.3306159973144531
2150,6,290,0.28073394298553467
2151,6,291,0.2651578485965729
2152,6,292,0.27674710750579834
2153,6,293,0.3273753523826599
2154,6,294,0.37963247299194336
2155,6,295,0.40332144498825073
2156,6,296,0.32559120655059814
2157,6,297,0.33884039521217346
2158,6,298,0.44087696075439453
2159,6,299,0.35492196679115295
2160,6,300,0.3591439127922058
2161,6,301,0.3064911961555481
2162,6,302,0.3151687979698181
2163,6,303,0.3428228199481964
2164,6,304,0.3315906822681427
2165,6,305,0.2901197373867035
2166,6,306,0.3177012801170349
2167,6,307,0.2830728590488434
2168,6,308,0.3672717213630676
2169,6,309,0.3441477119922638
2170,6,310,0.3250889480113983
2171,6,311,0.3876444697380066
2172,6,312,0.38594746589660645
2173,6,313,0.2614322006702423
2174,6,314,0.3566511869430542
2175,6,315,0.30823972821235657
2176,6,316,0.3042633831501007
2177,6,317,0.33282992243766785
2178,6,318,0.26937857270240784
2179,6,319,0.4065003991127014
2180,6,320,0.2682468891143799
2181,6,321,0.3519380986690521
2182,6,322,0.2838437557220459
2183,6,323,0.3077794909477234
2184,6,324,0.2990548014640808
2185,6,325,0.3452993929386139
2186,6,326,0.3109692931175232
2187,6,327,0.39514726400375366
2188,6,328,0.3570095896720886
2189,6,329,0.35630521178245544
2190,6,330,0.3411647379398346
2191,6,331,0.277596652507782
2192,6,332,0.42233362793922424
2193,6,333,0.3119677007198334
2194,6,334,0.3154742419719696
2195,6,335,0.36056268215179443
2196,6,336,0.41734856367111206
2197,6,337,0.42085060477256775
2198,6,338,0.36102139949798584
2199,6,339,0.26949337124824524
2200,6,340,0.2867659032344818
2201,6,341,0.3841298520565033
2202,6,342,0.3186987042427063
2203,6,343,0.28284889459609985
2204,6,344,0.334416925907135
2205,6,345,0.25694864988327026
2206,6,346,0.27710217237472534
2207,6,347,0.34482449293136597
2208,6,348,0.39178839325904846
2209,6,349,0.3398248553276062
2210,6,350,0.3196079134941101
2211,6,351,0.30697101354599
2212,6,352,0.33241167664527893
2213,6,353,0.3178592622280121
2214,6,354,0.2577947974205017
2215,6,355,0.3138783872127533
2216,6,356,0.3170090615749359
2217,6,357,0.3359425663948059
2218,6,358,0.5944658517837524
2219,6,359,0.27068519592285156
2220,6,360,0.3365839719772339
2221,6,361,0.3342466652393341
2222,6,362,0.376312792301178
2223,6,363,0.26879870891571045
2224,6,364,0.35754433274269104
2225,6,365,0.38640138506889343
2226,6,366,0.3528914153575897
2227,6,367,0.3081989586353302
2228,6,368,0.2528238296508789
2229,6,369,0.30306512117385864
2230,6,370,0.3325291574001312
2231,6,371,0.3605954051017761
2232,6,372,0.7431727051734924
2233,7,1,0.42405709624290466
2234,7,2,0.34400272369384766
2235,7,3,0.28792279958724976
2236,7,4,0.3505721688270569
2237,7,5,0.28536680340766907
2238,7,6,0.41123032569885254
2239,7,7,0.2989031672477722
2240,7,8,0.3052198886871338
2241,7,9,0.3197863698005676
2242,7,10,0.30217114090919495
2243,7,11,0.3051265478134155
2244,7,12,0.27408766746520996
2245,7,13,0.28952544927597046
2246,7,14,0.32412195205688477
2247,7,15,0.44503456354141235
2248,7,16,0.30594295263290405
2249,7,17,0.35257551074028015
2250,7,18,0.4451877474784851
2251,7,19,0.3491038382053375
2252,7,20,0.33096447587013245
2253,7,21,0.26579025387763977
2254,7,22,0.29028433561325073
2255,7,23,0.3847082555294037
2256,7,24,0.2798365652561188
2257,7,25,0.3870415687561035
2258,7,26,0.2733357548713684
2259,7,27,0.3376883268356323
2260,7,28,0.28290897607803345
2261,7,29,0.2684515118598938
2262,7,30,0.3138243556022644
2263,7,31,0.26641225814819336
2264,7,32,0.30334144830703735
2265,7,33,0.3008721172809601
2266,7,34,0.3202161192893982
2267,7,35,0.3615707755088806
2268,7,36,0.318911075592041
2269,7,37,0.41313228011131287
2270,7,38,0.3505001664161682
2271,7,39,0.31811678409576416
2272,7,40,0.32565680146217346
2273,7,41,0.41951075196266174
2274,7,42,0.26666462421417236
2275,7,43,0.3236728310585022
2276,7,44,0.3535911440849304
2277,7,45,0.35800066590309143
2278,7,46,0.3785053491592407
2279,7,47,0.3065212666988373
2280,7,48,0.26524361968040466
2281,7,49,0.3047737181186676
2282,7,50,0.302373468875885
2283,7,51,0.30864113569259644
2284,7,52,0.37126103043556213
2285,7,53,0.2841297686100006
2286,7,54,0.2934124171733856
2287,7,55,0.2599070966243744
2288,7,56,0.295375794172287
2289,7,57,0.4007699489593506
2290,7,58,0.3661470413208008
2291,7,59,0.26635247468948364
2292,7,60,0.5103244781494141
2293,7,61,0.2617289125919342
2294,7,62,0.3630177974700928
2295,7,63,0.3170413374900818
2296,7,64,0.2853931188583374
2297,7,65,0.32131439447402954
2298,7,66,0.2894779145717621
2299,7,67,0.3408745229244232
2300,7,68,0.33726221323013306
2301,7,69,0.31528598070144653
2302,7,70,0.29023265838623047
2303,7,71,0.3276698887348175
2304,7,72,0.2557280957698822
2305,7,73,0.37321585416793823
2306,7,74,0.2607860267162323
2307,7,75,0.299649715423584
2308,7,76,0.2819569408893585
2309,7,77,0.30365148186683655
2310,7,78,0.2675389051437378
2311,7,79,0.32179775834083557
2312,7,80,0.2559194564819336
2313,7,81,0.28571417927742004
2314,7,82,0.3348189890384674
2315,7,83,0.3303601145744324
2316,7,84,0.24457070231437683
2317,7,85,0.3206309378147125
2318,7,86,0.2495204657316208
2319,7,87,0.31111088395118713
2320,7,88,0.265951007604599
2321,7,89,0.303627073764801
2322,7,90,0.33938851952552795
2323,7,91,0.2727120816707611
2324,7,92,0.2940114140510559
2325,7,93,0.3142208158969879
2326,7,94,0.3387822210788727
2327,7,95,0.31833967566490173
2328,7,96,0.3342578709125519
2329,7,97,0.5688715577125549
2330,7,98,0.32145723700523376
2331,7,99,0.2730538249015808
2332,7,100,0.3471197485923767
2333,7,101,0.26998192071914673
2334,7,102,0.2703835666179657
2335,7,103,0.29146233201026917
2336,7,104,0.29997071623802185
2337,7,105,0.392498642206192
2338,7,106,0.33365750312805176
2339,7,107,0.39009252190589905
2340,7,108,0.3061273396015167
2341,7,109,0.30327099561691284
2342,7,110,0.31892532110214233
2343,7,111,0.28482213616371155
2344,7,112,0.26608526706695557
2345,7,113,0.2574760913848877
2346,7,114,0.2536318898200989
2347,7,115,0.26743417978286743
2348,7,116,0.3296201229095459
2349,7,117,0.3866446912288666
2350,7,118,0.3005490303039551
2351,7,119,0.2897696793079376
2352,7,120,0.2609500288963318
2353,7,121,0.573806881904602
2354,7,122,0.2781287133693695
2355,7,123,0.28553450107574463
2356,7,124,0.3308589458465576
2357,7,125,0.2885685861110687
2358,7,126,0.24267081916332245
2359,7,127,0.2962873876094818
2360,7,128,0.3894471228122711
2361,7,129,0.4140135645866394
2362,7,130,0.3562554717063904
2363,7,131,0.3725345730781555
2364,7,132,0.27411508560180664
2365,7,133,0.34196606278419495
2366,7,134,0.29325613379478455
2367,7,135,0.2755560278892517
2368,7,136,0.32289373874664307
2369,7,137,0.2862631380558014
2370,7,138,0.30259647965431213
2371,7,139,0.2580406963825226
2372,7,140,0.3183894753456116
2373,7,141,0.2639762759208679
2374,7,142,0.29300230741500854
2375,7,143,0.32496213912963867
2376,7,144,0.29482921957969666
2377,7,145,0.31927117705345154
2378,7,146,0.269659161567688
2379,7,147,0.2579304575920105
2380,7,148,0.3456090986728668
2381,7,149,0.2762494683265686
2382,7,150,0.2655426859855652
2383,7,151,0.33009156584739685
2384,7,152,0.31573984026908875
2385,7,153,0.31710633635520935
2386,7,154,0.47402897477149963
2387,7,155,0.26828694343566895
2388,7,156,0.40298113226890564
2389,7,157,0.2835385203361511
2390,7,158,0.3577057421207428
2391,7,159,0.2661598324775696
2392,7,160,0.2882310450077057
2393,7,161,0.2975577414035797
2394,7,162,0.2668651044368744
2395,7,163,0.28349125385284424
2396,7,164,0.32736319303512573
2397,7,165,0.28174203634262085
2398,7,166,0.2880108058452606
2399,7,167,0.26051297783851624
2400,7,168,0.29421547055244446
2401,7,169,0.4012138247489929
2402,7,170,0.24924075603485107
2403,7,171,0.3039746880531311
2404,7,172,0.26384103298187256
2405,7,173,0.3315730392932892
2406,7,174,0.30236878991127014
2407,7,175,0.3042668402194977
2408,7,176,0.2945824861526489
2409,7,177,0.27927473187446594
2410,7,178,0.28144535422325134
2411,7,179,0.26353055238723755
2412,7,180,0.3710998296737671
2413,7,181,0.31673628091812134
2414,7,182,0.28566116094589233
2415,7,183,0.31707558035850525
2416,7,184,0.28676697611808777
2417,7,185,0.38047850131988525
2418,7,186,0.27695155143737793
2419,7,187,0.33780160546302795
2420,7,188,0.30494481325149536
2421,7,189,0.308224081993103
2422,7,190,0.2314775288105011
2423,7,191,0.44094401597976685
2424,7,192,0.26143503189086914
2425,7,193,0.2663488984107971
2426,7,194,0.5257595777511597
2427,7,195,0.2776164710521698
2428,7,196,0.27050909399986267
2429,7,197,0.24683913588523865
2430,7,198,0.3027902841567993
2431,7,199,0.2889661192893982
2432,7,200,0.35128435492515564
2433,7,201,0.27022865414619446
2434,7,202,0.24601347744464874
2435,7,203,0.31251341104507446
2436,7,204,0.300142765045166
2437,7,205,0.2562606930732727
2438,7,206,0.3699646592140198
2439,7,207,0.2558852434158325
2440,7,208,0.329925537109375
2441,7,209,0.3347432017326355
2442,7,210,0.24915418028831482
2443,7,211,0.314028799533844
2444,7,212,0.29396218061447144
2445,7,213,0.27045196294784546
2446,7,214,0.2640313506126404
2447,7,215,0.24199490249156952
2448,7,216,0.2678023874759674
2449,7,217,0.24687831103801727
2450,7,218,0.26018962264060974
2451,7,219,0.27035197615623474
2452,7,220,0.33616387844085693
2453,7,221,0.31579750776290894
2454,7,222,0.3626156449317932
2455,7,223,0.641323983669281
2456,7,224,0.22628717124462128
2457,7,225,0.30390799045562744
2458,7,226,0.3004366457462311
2459,7,227,0.3831782937049866
2460,7,228,0.3369688391685486
2461,7,229,0.29075807332992554
2462,7,230,0.32188495993614197
2463,7,231,0.24156101047992706
2464,7,232,0.5933114290237427
2465,7,233,0.2678474187850952
2466,7,234,0.35303375124931335
2467,7,235,0.32947486639022827
2468,7,236,0.25567924976348877
2469,7,237,0.3369136452674866
2470,7,238,0.29486897587776184
2471,7,239,0.3921899199485779
2472,7,240,0.3052973449230194
2473,7,241,0.5944024324417114
2474,7,242,0.29630130529403687
2475,7,243,0.27702710032463074
2476,7,244,0.34546196460723877
2477,7,245,0.27433282136917114
2478,7,246,0.29757019877433777
2479,7,247,0.3062291741371155
2480,7,248,0.28925183415412903
2481,7,249,0.29742148518562317
2482,7,250,0.2947707772254944
2483,7,251,0.2612926661968231
2484,7,252,0.3297331929206848
2485,7,253,0.31187009811401367
2486,7,254,0.2620106637477875
2487,7,255,0.297105610370636
2488,7,256,0.24578562378883362
2489,7,257,0.3159150779247284
2490,7,258,0.2622162699699402
2491,7,259,0.3069011867046356
2492,7,260,0.26979923248291016
2493,7,261,0.344749391078949
2494,7,262,0.2691667973995209
2495,7,263,0.35103631019592285
2496,7,264,0.28332817554473877
2497,7,265,0.25960755348205566
2498,7,266,0.22450438141822815
2499,7,267,0.35465139150619507
2500,7,268,0.36517858505249023
2501,7,269,0.2968708872795105
2502,7,270,0.24650590121746063
2503,7,271,0.2665244936943054
2504,7,272,0.34332579374313354
2505,7,273,0.23505182564258575
2506,7,274,0.3487723767757416
2507,7,275,0.2723549008369446
2508,7,276,0.2782193124294281
2509,7,277,0.3648379445075989
2510,7,278,0.3006034791469574
2511,7,279,0.21420392394065857
2512,7,280,0.27983444929122925
2513,7,281,0.259694904088974
2514,7,282,0.3103330135345459
2515,7,283,0.28630632162094116
2516,7,284,0.28640496730804443
2517,7,285,0.28536900877952576
2518,7,286,0.31202229857444763
2519,7,287,0.25047972798347473
2520,7,288,0.26220330595970154
2521,7,289,0.21452756226062775
2522,7,290,0.2709156274795532
2523,7,291,0.2936488091945648
2524,7,292,0.3081441819667816
2525,7,293,0.36941272020339966
2526,7,294,0.3753792345523834
2527,7,295,0.3453216552734375
2528,7,296,0.2800746560096741
2529,7,297,0.34107905626296997
2530,7,298,0.35580331087112427
2531,7,299,0.2746138274669647
2532,7,300,0.28830525279045105
2533,7,301,0.25767582654953003
2534,7,302,0.22805264592170715
2535,7,303,0.2757701873779297
2536,7,304,0.22348761558532715
2537,7,305,0.25246891379356384
2538,7,306,0.2484983652830124
2539,7,307,0.3457181453704834
2540,7,308,0.29349297285079956
2541,7,309,0.31443387269973755
2542,7,310,0.24300599098205566
2543,7,311,0.2425154149532318
2544,7,312,0.4022397994995117
2545,7,313,0.2863156497478485
2546,7,314,0.2678176760673523
2547,7,315,0.24179205298423767
2548,7,316,0.3778972923755646
2549,7,317,0.35605260729789734
2550,7,318,0.3799327313899994
2551,7,319,0.2999933958053589
2552,7,320,0.23852673172950745
2553,7,321,0.2094765156507492
2554,7,322,0.29804784059524536
2555,7,323,0.3289859890937805
2556,7,324,0.3634898066520691
2557,7,325,0.29973357915878296
2558,7,326,0.32242923974990845
2559,7,327,0.3583093285560608
2560,7,328,0.2849279046058655
2561,7,329,0.25064903497695923
2562,7,330,0.284895122051239
2563,7,331,0.2641989588737488
2564,7,332,0.567588210105896
2565,7,333,0.41269993782043457
2566,7,334,0.3489057123661041
2567,7,335,0.3285297751426697
2568,7,336,0.2756991684436798
2569,7,337,0.36067891120910645
2570,7,338,0.27794647216796875
2571,7,339,0.27503663301467896
2572,7,340,0.3091772496700287
2573,7,341,0.25342047214508057
2574,7,342,0.3405795991420746
2575,7,343,0.3268381655216217
2576,7,344,0.3132054805755615
2577,7,345,0.2646709084510803
2578,7,346,0.26797550916671753
2579,7,347,0.37756967544555664
2580,7,348,0.2745932936668396
2581,7,349,0.35355857014656067
2582,7,350,0.3166002631187439
2583,7,351,0.3216966986656189
2584,7,352,0.26532623171806335
2585,7,353,0.3089657425880432
2586,7,354,0.2495577335357666
2587,7,355,0.29928284883499146
2588,7,356,0.3092130124568939
2589,7,357,0.2909558415412903
2590,7,358,0.630699098110199
2591,7,359,0.2921585142612457
2592,7,360,0.5849977135658264
2593,7,361,0.29221317172050476
2594,7,362,0.2934413552284241
2595,7,363,0.2751381993293762
2596,7,364,0.29061374068260193
2597,7,365,0.27307435870170593
2598,7,366,0.33901333808898926
2599,7,367,0.34507960081100464
2600,7,368,0.3246292471885681
2601,7,369,0.28757861256599426
2602,7,370,0.24872970581054688
2603,7,371,0.29300615191459656
2604,7,372,0.6868366003036499
2605,8,1,0.2602108418941498
2606,8,2,0.2737500071525574
2607,8,3,0.3381289541721344
2608,8,4,0.3228311240673065
2609,8,5,0.22193419933319092
2610,8,6,0.22940611839294434
2611,8,7,0.21992938220500946
2612,8,8,0.4388365149497986
2613,8,9,0.27087169885635376
2614,8,10,0.4341251254081726
2615,8,11,0.29543909430503845
2616,8,12,0.3333885073661804
2617,8,13,0.49080148339271545
2618,8,14,0.25362086296081543
2619,8,15,0.547955334186554
2620,8,16,0.2681429386138916
2621,8,17,0.2801094651222229
2622,8,18,0.21949224174022675
2623,8,19,0.30732449889183044
2624,8,20,0.2924085855484009
2625,8,21,0.3513636887073517
2626,8,22,0.2830387055873871
2627,8,23,0.24116817116737366
2628,8,24,0.25744038820266724
2629,8,25,0.24190326035022736
2630,8,26,0.25895434617996216
2631,8,27,0.26730796694755554
2632,8,28,0.2370111644268036
2633,8,29,0.2500877380371094
2634,8,30,0.25294220447540283
2635,8,31,0.31022197008132935
2636,8,32,0.29806700348854065
2637,8,33,0.47030434012413025
2638,8,34,0.1969650685787201
2639,8,35,0.23016595840454102
2640,8,36,0.3288823366165161
2641,8,37,0.3293331265449524
2642,8,38,0.2502332925796509
2643,8,39,0.2815348505973816
2644,8,40,0.2518620491027832
2645,8,41,0.26764050126075745
2646,8,42,0.36322060227394104
2647,8,43,0.3876219689846039
2648,8,44,0.24549178779125214
2649,8,45,0.2066938579082489
2650,8,46,0.309614360332489
2651,8,47,0.29743653535842896
2652,8,48,0.2858920097351074
2653,8,49,0.29088300466537476
2654,8,50,0.35064777731895447
2655,8,51,0.23323974013328552
2656,8,52,0.34658634662628174
2657,8,53,0.3125390410423279
2658,8,54,0.3272338807582855
2659,8,55,0.20048639178276062
2660,8,56,0.349659264087677
2661,8,57,0.27320757508277893
2662,8,58,0.2557011544704437
2663,8,59,0.23032577335834503
2664,8,60,0.30290478467941284
2665,8,61,0.2883222997188568
2666,8,62,0.2872745096683502
2667,8,63,0.34774401783943176
2668,8,64,0.30550724267959595
2669,8,65,0.3326430022716522
2670,8,66,0.2513909339904785
2671,8,67,0.30793505907058716
2672,8,68,0.24482624232769012
2673,8,69,0.28861379623413086
2674,8,70,0.2962196171283722
2675,8,71,0.28973114490509033
2676,8,72,0.23832030594348907
2677,8,73,0.23839974403381348
2678,8,74,0.24230368435382843
2679,8,75,0.2540929913520813
2680,8,76,0.2471100389957428
2681,8,77,0.26608753204345703
2682,8,78,0.24449291825294495
2683,8,79,0.5532546639442444
2684,8,80,0.33703911304473877
2685,8,81,0.26611727476119995
2686,8,82,0.27885353565216064
2687,8,83,0.43495112657546997
2688,8,84,0.23462219536304474
2689,8,85,0.35230985283851624
2690,8,86,0.2472071647644043
2691,8,87,0.2155119925737381
2692,8,88,0.2759479582309723
2693,8,89,0.31607526540756226
2694,8,90,0.27641087770462036
2695,8,91,0.3670212924480438
2696,8,92,0.25945085287094116
2697,8,93,0.2417554408311844
2698,8,94,0.26909199357032776
2699,8,95,0.31117522716522217
2700,8,96,0.2624363303184509
2701,8,97,0.2696320116519928
2702,8,98,0.2101273089647293
2703,8,99,0.2166159451007843
2704,8,100,0.34550637006759644
2705,8,101,0.30514729022979736
2706,8,102,0.25077423453330994
2707,8,103,0.2885424494743347
2708,8,104,0.25678861141204834
2709,8,105,0.2861599922180176
2710,8,106,0.23114514350891113
2711,8,107,0.2775326371192932
2712,8,108,0.3448256254196167
2713,8,109,0.26260557770729065
2714,8,110,0.2541230320930481
2715,8,111,0.33719533681869507
2716,8,112,0.22005800902843475
2717,8,113,0.2706100344657898
2718,8,114,0.24734142422676086
2719,8,115,0.30683591961860657
2720,8,116,0.5133289098739624
2721,8,117,0.2756178081035614
2722,8,118,0.23486129939556122
2723,8,119,0.28756844997406006
2724,8,120,0.325766384601593
2725,8,121,0.22982391715049744
2726,8,122,0.27446863055229187
2727,8,123,0.24110522866249084
2728,8,124,0.3040677607059479
2729,8,125,0.2528670132160187
2730,8,126,0.27881789207458496
2731,8,127,0.21437664330005646
2732,8,128,0.2199285328388214
2733,8,129,0.24781975150108337
2734,8,130,0.2811073660850525
2735,8,131,0.3121353089809418
2736,8,132,0.29244330525398254
2737,8,133,0.26640456914901733
2738,8,134,0.2119019776582718
2739,8,135,0.2881550192832947
2740,8,136,0.33189454674720764
2741,8,137,0.30806395411491394
2742,8,138,0.2455500364303589
2743,8,139,0.2351437509059906
2744,8,140,0.40553218126296997
2745,8,141,0.24360935389995575
2746,8,142,0.21108034253120422
2747,8,143,0.3082861006259918
2748,8,144,0.2689705491065979
2749,8,145,0.3587391972541809
2750,8,146,0.25724267959594727
2751,8,147,0.2458508461713791
2752,8,148,0.2821086347103119
2753,8,149,0.31148630380630493
2754,8,150,0.24666905403137207
2755,8,151,0.24789318442344666
2756,8,152,0.3028568625450134
2757,8,153,0.3360465466976166
2758,8,154,0.205890491604805
2759,8,155,0.22424869239330292
2760,8,156,0.32988354563713074
2761,8,157,0.224797323346138
2762,8,158,0.2534344494342804
2763,8,159,0.21520254015922546
2764,8,160,0.3202481269836426
2765,8,161,0.3660309612751007
2766,8,162,0.2342105656862259
2767,8,163,0.30175691843032837
2768,8,164,0.33229121565818787
2769,8,165,0.2449175864458084
2770,8,166,0.24885022640228271
2771,8,167,0.2344667613506317
2772,8,168,0.3235718607902527
2773,8,169,0.22040459513664246
2774,8,170,0.23738285899162292
2775,8,171,0.2595756947994232
2776,8,172,0.37376314401626587
2777,8,173,0.29502639174461365
2778,8,174,0.24858644604682922
2779,8,175,0.25503021478652954
2780,8,176,0.3395671546459198
2781,8,177,0.2441922128200531
2782,8,178,0.2292831689119339
2783,8,179,0.2877086400985718
2784,8,180,0.2575628161430359
2785,8,181,0.3355754315853119
2786,8,182,0.22877204418182373
2787,8,183,0.19692924618721008
2788,8,184,0.2751002013683319
2789,8,185,0.24969987571239471
2790,8,186,0.2842438220977783
2791,8,187,0.2809993624687195
2792,8,188,0.6175545454025269
2793,8,189,0.3295789659023285
2794,8,190,0.2166198045015335
2795,8,191,0.2872787117958069
2796,8,192,0.27580058574676514
2797,8,193,0.2303663045167923
2798,8,194,0.23060080409049988
2799,8,195,0.2225174456834793
2800,8,196,0.3258300721645355
2801,8,197,0.25999242067337036
2802,8,198,0.25120168924331665
2803,8,199,0.2773646414279938
2804,8,200,0.34997355937957764
2805,8,201,0.26773810386657715
2806,8,202,0.30445724725723267
2807,8,203,0.27890831232070923
2808,8,204,0.31129035353660583
2809,8,205,0.3084900975227356
2810,8,206,0.2511017620563507
2811,8,207,0.6247050762176514
2812,8,208,0.2730473577976227
2813,8,209,0.2943542003631592
2814,8,210,0.296967089176178
2815,8,211,0.277790367603302
2816,8,212,0.2530040442943573
2817,8,213,0.3017924726009369
2818,8,214,0.35442742705345154
2819,8,215,0.289448618888855
2820,8,216,0.3184088170528412
2821,8,217,0.27761006355285645
2822,8,218,0.22627273201942444
2823,8,219,0.24869266152381897
2824,8,220,0.26565131545066833
2825,8,221,0.2393990457057953
2826,8,222,0.2592099606990814
2827,8,223,0.25136038661003113
2828,8,224,0.316683828830719
2829,8,225,0.25107282400131226
2830,8,226,0.3078870177268982
2831,8,227,0.28933411836624146
2832,8,228,0.2838982939720154
2833,8,229,0.2807669937610626
2834,8,230,0.2801666855812073
2835,8,231,0.34030383825302124
2836,8,232,0.22336342930793762
2837,8,233,0.2610114812850952
2838,8,234,0.3497054874897003
2839,8,235,0.2608918249607086
2840,8,236,0.23759841918945312
2841,8,237,0.2645813524723053
2842,8,238,0.2888280153274536
2843,8,239,0.3081449568271637
2844,8,240,0.3015478551387787
2845,8,241,0.23777469992637634
2846,8,242,0.3301810622215271
2847,8,243,0.19441866874694824
2848,8,244,0.27411553263664246
2849,8,245,0.21602296829223633
2850,8,246,0.5581125020980835
2851,8,247,0.2695988714694977
2852,8,248,0.2343016117811203
2853,8,249,0.278476357460022
2854,8,250,0.28056660294532776
2855,8,251,0.29549726843833923
2856,8,252,0.3060743808746338
2857,8,253,0.30436331033706665
2858,8,254,0.24258717894554138
2859,8,255,0.26067298650741577
2860,8,256,0.26302477717399597
2861,8,257,0.24992318451404572
2862,8,258,0.2714155614376068
2863,8,259,0.21971866488456726
2864,8,260,0.277696430683136
2865,8,261,0.20168247818946838
2866,8,262,0.5273420810699463
2867,8,263,0.22262398898601532
2868,8,264,0.244136244058609
2869,8,265,0.29108959436416626
2870,8,266,0.23583273589611053
2871,8,267,0.23452749848365784
2872,8,268,0.26619869470596313
2873,8,269,0.2558623254299164
2874,8,270,0.24889898300170898
2875,8,271,0.26346129179000854
2876,8,272,0.2322271764278412
2877,8,273,0.24929948151111603
2878,8,274,0.2848789691925049
2879,8,275,0.22209104895591736
2880,8,276,0.28472843766212463
2881,8,277,0.2979733347892761
2882,8,278,0.2898029088973999
2883,8,279,0.20092535018920898
2884,8,280,0.22813887894153595
2885,8,281,0.27387624979019165
2886,8,282,0.27371945977211
2887,8,283,0.2199009358882904
2888,8,284,0.26967963576316833
2889,8,285,0.2975505292415619
2890,8,286,0.2376396656036377
2891,8,287,0.220981165766716
2892,8,288,0.2311016321182251
2893,8,289,0.21579226851463318
2894,8,290,0.234235480427742
2895,8,291,0.2442118227481842
2896,8,292,0.37545639276504517
2897,8,293,0.2322818487882614
2898,8,294,0.23891787230968475
2899,8,295,0.24392709136009216
2900,8,296,0.28548187017440796
2901,8,297,0.25857430696487427
2902,8,298,0.2297915667295456
2903,8,299,0.24803104996681213
2904,8,300,0.2218417376279831
2905,8,301,0.3140023350715637
2906,8,302,0.24428987503051758
2907,8,303,0.26815882325172424
2908,8,304,0.2595829963684082
2909,8,305,0.24252934753894806
2910,8,306,0.2479366958141327
2911,8,307,0.29884856939315796
2912,8,308,0.3934541940689087
2913,8,309,0.3117038905620575
2914,8,310,0.24801640212535858
2915,8,311,0.2868236303329468
2916,8,312,0.24264851212501526
2917,8,313,0.20926156640052795
2918,8,314,0.26172563433647156
2919,8,315,0.33996185660362244
2920,8,316,0.2021283358335495
2921,8,317,0.247567817568779
2922,8,318,0.3076344132423401
2923,8,319,0.2439941167831421
2924,8,320,0.24617640674114227
2925,8,321,0.24328653514385223
2926,8,322,0.28855401277542114
2927,8,323,0.26350241899490356
2928,8,324,0.3334558606147766
2929,8,325,0.1998109221458435
2930,8,326,0.24459724128246307
2931,8,327,0.21095120906829834
2932,8,328,0.23011437058448792
2933,8,329,0.25338321924209595
2934,8,330,0.31853175163269043
2935,8,331,0.21442070603370667
2936,8,332,0.2972888648509979
2937,8,333,0.32047122716903687
2938,8,334,0.24790310859680176
2939,8,335,0.5914618372917175
2940,8,336,0.2149859219789505
2941,8,337,0.5923584699630737
2942,8,338,0.3145616054534912
2943,8,339,0.21089693903923035
2944,8,340,0.2809006869792938
2945,8,341,0.25537073612213135
2946,8,342,0.238317608833313
2947,8,343,0.23615308105945587
2948,8,344,0.5272700190544128
2949,8,345,0.2719362676143646
2950,8,346,0.266566663980484
2951,8,347,0.2841838002204895
2952,8,348,0.22737152874469757
2953,8,349,0.24499531090259552
2954,8,350,0.23595571517944336
2955,8,351,0.24371512234210968
2956,8,352,0.22199475765228271
2957,8,353,0.24385635554790497
2958,8,354,0.32223790884017944
2959,8,355,0.21222183108329773
2960,8,356,0.23970064520835876
2961,8,357,0.2238471806049347
2962,8,358,0.25641122460365295
2963,8,359,0.26669663190841675
2964,8,360,0.2323496788740158
2965,8,361,0.23738214373588562
2966,8,362,0.2834368050098419
2967,8,363,0.26759904623031616
2968,8,364,0.2398664951324463
2969,8,365,0.2692944407463074
2970,8,366,0.23001115024089813
2971,8,367,0.19491539895534515
2972,8,368,0.2478034794330597
2973,8,369,0.3071886897087097
2974,8,370,0.21528324484825134
2975,8,371,0.368613064289093
2976,8,372,0.23871970176696777
2977,9,1,0.23364050686359406
2978,9,2,0.2530500292778015
2979,9,3,0.22265437245368958
2980,9,4,0.22586634755134583
2981,9,5,0.2500550150871277
2982,9,6,0.2287197858095169
2983,9,7,0.27104273438453674
2984,9,8,0.27340906858444214
2985,9,9,0.25558626651763916
2986,9,10,0.23166218400001526
2987,9,11,0.28519946336746216
2988,9,12,0.2881509065628052
2989,9,13,0.20922105014324188
2990,9,14,0.26650404930114746
2991,9,15,0.24994197487831116
2992,9,16,0.34857845306396484
2993,9,17,0.2111254632472992
2994,9,18,0.22790345549583435
2995,9,19,0.22310984134674072
2996,9,20,0.24451884627342224
2997,9,21,0.2889760136604309
2998,9,22,0.24521605670452118
2999,9,23,0.27576303482055664
3000,9,24,0.22381815314292908
3001,9,25,0.29457855224609375
3002,9,26,0.22163324058055878
3003,9,27,0.21810908615589142
3004,9,28,0.23953485488891602
3005,9,29,0.2482277899980545
3006,9,30,0.23006992042064667
3007,9,31,0.282573401927948
3008,9,32,0.25284603238105774
3009,9,33,0.2443910390138626
3010,9,34,0.22004440426826477
3011,9,35,0.23221847414970398
3012,9,36,0.26595476269721985
3013,9,37,0.294736385345459
3014,9,38,0.22585920989513397
3015,9,39,0.19336895644664764
3016,9,40,0.25887566804885864
3017,9,41,0.27930954098701477
3018,9,42,0.24109391868114471
3019,9,43,0.23279528319835663
3020,9,44,0.18768228590488434
3021,9,45,0.21717719733715057
3022,9,46,0.20886346697807312
3023,9,47,0.2584303617477417
3024,9,48,0.2378840148448944
3025,9,49,0.23333454132080078
3026,9,50,0.22749316692352295
3027,9,51,0.25067052245140076
3028,9,52,0.2500658631324768
3029,9,53,0.28248488903045654
3030,9,54,0.22864218056201935
3031,9,55,0.20288188755512238
3032,9,56,0.2483716905117035
3033,9,57,0.19742783904075623
3034,9,58,0.21110203862190247
3035,9,59,0.25931286811828613
3036,9,60,0.28245845437049866
3037,9,61,0.20196017622947693
3038,9,62,0.2080322951078415
3039,9,63,0.22429713606834412
3040,9,64,0.21996721625328064
3041,9,65,0.25090354681015015
3042,9,66,0.3238963782787323
3043,9,67,0.21613845229148865
3044,9,68,0.23533472418785095
3045,9,69,0.2709752917289734
3046,9,70,0.21304145455360413
3047,9,71,0.1821887493133545
3048,9,72,0.22749444842338562
3049,9,73,0.21786871552467346
3050,9,74,0.24142050743103027
3051,9,75,0.21387717127799988
3052,9,76,0.21506533026695251
3053,9,77,0.2430191934108734
3054,9,78,0.23468756675720215
3055,9,79,0.26582103967666626
3056,9,80,0.24786949157714844
3057,9,81,0.2385508269071579
3058,9,82,0.2803334891796112
3059,9,83,0.1943475902080536
3060,9,84,0.23369285464286804
3061,9,85,0.26989394426345825
3062,9,86,0.1784771978855133
3063,9,87,0.22999568283557892
3064,9,88,0.2751060724258423
3065,9,89,0.2193254679441452
3066,9,90,0.2384677678346634
3067,9,91,0.2572714388370514
3068,9,92,0.21740511059761047
3069,9,93,0.25627169013023376
3070,9,94,0.25395089387893677
3071,9,95,0.313669890165329
3072,9,96,0.27035465836524963
3073,9,97,0.2731150686740875
3074,9,98,0.22205039858818054
3075,9,99,0.2028214931488037
3076,9,100,0.20756855607032776
3077,9,101,0.24476678669452667
3078,9,102,0.24229249358177185
3079,9,103,0.2097616195678711
3080,9,104,0.22098597884178162
3081,9,105,0.26990723609924316
3082,9,106,0.18501579761505127
3083,9,107,0.23575028777122498
3084,9,108,0.20403532683849335
3085,9,109,0.2109772264957428
3086,9,110,0.3211061954498291
3087,9,111,0.23662006855010986
3088,9,112,0.2274380624294281
3089,9,113,0.2187786102294922
3090,9,114,0.2329285889863968
3091,9,115,0.2150406837463379
3092,9,116,0.1735498607158661
3093,9,117,0.23045912384986877
3094,9,118,0.22395043075084686
3095,9,119,0.28441518545150757
3096,9,120,0.1941148340702057
3097,9,121,0.19823649525642395
3098,9,122,0.2576170861721039
3099,9,123,0.5712254643440247
3100,9,124,0.2534601390361786
3101,9,125,0.18235841393470764
3102,9,126,0.21302254498004913
3103,9,127,0.22086961567401886
3104,9,128,0.2237585484981537
3105,9,129,0.22948892414569855
3106,9,130,0.23801274597644806
3107,9,131,0.18681326508522034
3108,9,132,0.26488563418388367
3109,9,133,0.20113186538219452
3110,9,134,0.3704375922679901
3111,9,135,0.8116557002067566
3112,9,136,0.1841515302658081
3113,9,137,0.20718471705913544
3114,9,138,0.23154346644878387
3115,9,139,0.24308428168296814
3116,9,140,0.26410946249961853
3117,9,141,0.22925123572349548
3118,9,142,0.25077733397483826
3119,9,143,0.2538771629333496
3120,9,144,0.30950912833213806
3121,9,145,0.229410320520401
3122,9,146,0.2910092771053314
3123,9,147,0.20058974623680115
3124,9,148,0.2659103274345398
3125,9,149,0.23143211007118225
3126,9,150,0.20716500282287598
3127,9,151,0.2627754807472229
3128,9,152,0.2488170862197876
3129,9,153,0.2291862517595291
3130,9,154,0.19956478476524353
3131,9,155,0.22018679976463318
3132,9,156,0.23566646873950958
3133,9,157,0.22159704566001892
3134,9,158,0.20911410450935364
3135,9,159,0.23534364998340607
3136,9,160,0.21108126640319824
3137,9,161,0.2727084159851074
3138,9,162,0.5015157461166382
3139,9,163,0.20169922709465027
3140,9,164,0.2451070249080658
3141,9,165,0.23079915344715118
3142,9,166,0.4444592595100403
3143,9,167,0.3409460783004761
3144,9,168,0.35662180185317993
3145,9,169,0.20518572628498077
3146,9,170,0.1820492446422577
3147,9,171,0.21073833107948303
3148,9,172,0.22240936756134033
3149,9,173,0.246736079454422
3150,9,174,0.2684829831123352
3151,9,175,0.1871337890625
3152,9,176,0.2208142727613449
3153,9,177,0.2345186173915863
3154,9,178,0.27249273657798767
3155,9,179,0.25075477361679077
3156,9,180,0.2357039898633957
3157,9,181,0.24586720764636993
3158,9,182,0.18225933611392975
3159,9,183,0.24681758880615234
3160,9,184,0.23569181561470032
3161,9,185,0.23507173359394073
3162,9,186,0.2590257525444031
3163,9,187,0.26386624574661255
3164,9,188,0.32164445519447327
3165,9,189,0.5393270254135132
3166,9,190,0.28762438893318176
3167,9,191,0.2431965321302414
3168,9,192,0.2124451845884323
3169,9,193,0.1999102532863617
3170,9,194,0.3564496636390686
3171,9,195,0.3176319897174835
3172,9,196,0.2129817008972168
3173,9,197,0.20894840359687805
3174,9,198,0.19160905480384827
3175,9,199,0.27595946192741394
3176,9,200,0.2182552069425583
3177,9,201,0.31644707918167114
3178,9,202,0.25301143527030945
3179,9,203,0.20198798179626465
3180,9,204,0.20786157250404358
3181,9,205,0.2985536456108093
3182,9,206,0.20887064933776855
3183,9,207,0.2030775547027588
3184,9,208,0.19089214503765106
3185,9,209,0.23556657135486603
3186,9,210,0.24686892330646515
3187,9,211,0.24611184000968933
3188,9,212,0.555366575717926
3189,9,213,0.23267510533332825
3190,9,214,0.25041401386260986
3191,9,215,0.21884939074516296
3192,9,216,0.28203392028808594
3193,9,217,0.3016895651817322
3194,9,218,0.25860175490379333
3195,9,219,0.2414863109588623
3196,9,220,0.21110983192920685
3197,9,221,0.22385957837104797
3198,9,222,0.26195016503334045
3199,9,223,0.31254398822784424
3200,9,224,0.2245786488056183
3201,9,225,0.2540404200553894
3202,9,226,0.32285135984420776
3203,9,227,0.38397783041000366
3204,9,228,0.26481351256370544
3205,9,229,0.3810696601867676
3206,9,230,0.27592575550079346
3207,9,231,0.2041538953781128
3208,9,232,0.21170684695243835
3209,9,233,0.26074448227882385
3210,9,234,0.25103697180747986
3211,9,235,0.23180535435676575
3212,9,236,0.22315266728401184
3213,9,237,0.21590352058410645
3214,9,238,0.23442094027996063
3215,9,239,0.21257400512695312
3216,9,240,0.21770517528057098
3217,9,241,0.21822185814380646
3218,9,242,0.23971490561962128
3219,9,243,0.2626740038394928
3220,9,244,0.19961687922477722
3221,9,245,0.22104713320732117
3222,9,246,0.22443035244941711
3223,9,247,0.24526433646678925
3224,9,248,0.21552713215351105
3225,9,249,0.2082834243774414
3226,9,250,0.22588281333446503
3227,9,251,0.21833784878253937
3228,9,252,0.23457841575145721
3229,9,253,0.18980631232261658
3230,9,254,0.26966536045074463
3231,9,255,0.21268320083618164
3232,9,256,0.23876313865184784
3233,9,257,0.24035227298736572
3234,9,258,0.23212166130542755
3235,9,259,0.20882554352283478
3236,9,260,0.24230971932411194
3237,9,261,0.2132411003112793
3238,9,262,0.2248145341873169
3239,9,263,0.22028546035289764
3240,9,264,0.3962615430355072
3241,9,265,0.2541329562664032
3242,9,266,0.25833556056022644
3243,9,267,0.2622188627719879
3244,9,268,0.2400636374950409
3245,9,269,0.21891531348228455
3246,9,270,0.24198727309703827
3247,9,271,0.2384636402130127
3248,9,272,0.24178235232830048
3249,9,273,0.28166651725769043
3250,9,274,0.3667943775653839
3251,9,275,0.26117220520973206
3252,9,276,0.2716524600982666
3253,9,277,0.26859593391418457
3254,9,278,0.20561034977436066
3255,9,279,0.2203245908021927
3256,9,280,0.26204514503479004
3257,9,281,0.22175002098083496
3258,9,282,0.2065044343471527
3259,9,283,0.20113499462604523
3260,9,284,0.2505437135696411
3261,9,285,0.49374380707740784
3262,9,286,0.35046565532684326
3263,9,287,0.21859049797058105
3264,9,288,0.25432440638542175
3265,9,289,0.2711735963821411
3266,9,290,0.2983918786048889
3267,9,291,0.29471591114997864
3268,9,292,0.23132601380348206
3269,9,293,0.3411613404750824
3270,9,294,0.2242196798324585
3271,9,295,0.23071321845054626
3272,9,296,0.28709158301353455
3273,9,297,0.2062039077281952
3274,9,298,0.20737075805664062
3275,9,299,0.25602635741233826
3276,9,300,0.25110921263694763
3277,9,301,0.22830963134765625
3278,9,302,0.1994466483592987
3279,9,303,0.23530802130699158
3280,9,304,0.23119564354419708
3281,9,305,0.3336390256881714
3282,9,306,0.18131065368652344
3283,9,307,0.237044095993042
3284,9,308,0.19064530730247498
3285,9,309,0.6393615007400513
3286,9,310,0.23767805099487305
3287,9,311,0.3099825084209442
3288,9,312,0.2993644177913666
3289,9,313,0.22719435393810272
3290,9,314,0.26270586252212524
3291,9,315,0.18751604855060577
3292,9,316,0.23215527832508087
3293,9,317,0.2702118754386902
3294,9,318,0.25253456830978394
3295,9,319,0.22558876872062683
3296,9,320,0.3179095387458801
3297,9,321,0.23854053020477295
3298,9,322,0.21012160181999207
3299,9,323,0.2313382923603058
3300,9,324,0.24572782218456268
3301,9,325,0.20240715146064758
3302,9,326,0.20801813900470734
3303,9,327,0.1805395781993866
3304,9,328,0.1935253143310547
3305,9,329,0.2611866593360901
3306,9,330,0.220424622297287
3307,9,331,0.24356265366077423
3308,9,332,0.24601784348487854
3309,9,333,0.22502370178699493
3310,9,334,0.2911688983440399
3311,9,335,0.19872500002384186
3312,9,336,0.17670182883739471
3313,9,337,0.22323855757713318
3314,9,338,0.3802552819252014
3315,9,339,0.23649820685386658
3316,9,340,0.2360890656709671
3317,9,341,0.20945675671100616
3318,9,342,0.2738150954246521
3319,9,343,0.21355681121349335
3320,9,344,0.2563245892524719
3321,9,345,0.21322903037071228
3322,9,346,0.54952073097229
3323,9,347,0.2797578275203705
3324,9,348,0.22679021954536438
3325,9,349,0.1992253065109253
3326,9,350,0.1932075321674347
3327,9,351,0.24866855144500732
3328,9,352,0.27181774377822876
3329,9,353,0.24177546799182892
3330,9,354,0.24771490693092346
3331,9,355,0.23164406418800354
3332,9,356,0.2283293753862381
3333,9,357,0.22949671745300293
3334,9,358,0.2330847680568695
3335,9,359,0.27892014384269714
3336,9,360,0.23202013969421387
3337,9,361,0.24807199835777283
3338,9,362,0.20152577757835388
3339,9,363,0.26220276951789856
3340,9,364,0.21366600692272186
3341,9,365,0.1945091336965561
3342,9,366,0.2470543086528778
3343,9,367,0.23592586815357208
3344,9,368,0.20371611416339874
3345,9,369,0.2678494453430176
3346,9,370,0.2911807894706726
3347,9,371,0.24150998890399933
3348,9,372,0.25986921787261963
3349,10,1,0.25044649839401245
3350,10,2,0.1938663274049759
3351,10,3,0.28186163306236267
3352,10,4,0.23841848969459534
3353,10,5,0.21471980214118958
3354,10,6,0.3542429804801941
3355,10,7,0.23525762557983398
3356,10,8,0.1893647462129593
3357,10,9,0.23128488659858704
3358,10,10,0.22657866775989532
3359,10,11,0.20379965007305145
3360,10,12,0.20100143551826477
3361,10,13,0.16437141597270966
3362,10,14,0.23172378540039062
3363,10,15,0.21700696647167206
3364,10,16,0.19901485741138458
3365,10,17,0.22956085205078125
3366,10,18,0.23927977681159973
3367,10,19,0.19835036993026733
3368,10,20,0.28330308198928833
3369,10,21,0.20419199764728546
3370,10,22,0.2369578778743744
3371,10,23,0.23869535326957703
3372,10,24,0.2699483633041382
3373,10,25,0.24235789477825165
3374,10,26,0.24774281680583954
3375,10,27,0.3061242997646332
3376,10,28,0.2589622437953949
3377,10,29,0.2151893824338913
3378,10,30,0.19669240713119507
3379,10,31,0.2584753632545471
3380,10,32,0.25545185804367065
3381,10,33,0.2149544656276703
3382,10,34,0.22027640044689178
3383,10,35,0.24052119255065918
3384,10,36,0.20023033022880554
3385,10,37,0.20441022515296936
3386,10,38,0.1950903832912445
3387,10,39,0.2302687168121338
3388,10,40,0.30480295419692993
3389,10,41,0.238046333193779
3390,10,42,0.21407151222229004
3391,10,43,0.19220587611198425
3392,10,44,0.18713220953941345
3393,10,45,0.2660466134548187
3394,10,46,0.18916833400726318
3395,10,47,0.22712723910808563
3396,10,48,0.1805289387702942
3397,10,49,0.2391761839389801
3398,10,50,0.24775247275829315
3399,10,51,0.24256332218647003
3400,10,52,0.18083582818508148
3401,10,53,0.1867741048336029
3402,10,54,0.2083350419998169
3403,10,55,0.16315846145153046
3404,10,56,0.2247130572795868
3405,10,57,0.20197096467018127
3406,10,58,0.22000256180763245
3407,10,59,0.23045869171619415
3408,10,60,0.2671695947647095
3409,10,61,0.22192411124706268
3410,10,62,0.29696133732795715
3411,10,63,0.2914462685585022
3412,10,64,0.1812894493341446
3413,10,65,0.282282292842865
3414,10,66,0.2375061959028244
3415,10,67,0.20836707949638367
3416,10,68,0.16889455914497375
3417,10,69,0.1875113844871521
3418,10,70,0.19699829816818237
3419,10,71,0.23700407147407532
3420,10,72,0.17109636962413788
3421,10,73,0.228178471326828
3422,10,74,0.4868411123752594
3423,10,75,0.214692622423172
3424,10,76,0.30124202370643616
3425,10,77,0.20474377274513245
3426,10,78,0.22879770398139954
3427,10,79,0.22537851333618164
3428,10,80,0.2367754727602005
3429,10,81,0.19404257833957672
3430,10,82,0.2669146656990051
3431,10,83,0.20458850264549255
3432,10,84,0.16592253744602203
3433,10,85,0.1778409481048584
3434,10,86,0.19322064518928528
3435,10,87,0.19198845326900482
3436,10,88,0.20501986145973206
3437,10,89,0.20954522490501404
3438,10,90,0.2293100655078888
3439,10,91,0.19302304089069366
3440,10,92,0.19358505308628082
3441,10,93,0.14910662174224854
3442,10,94,0.22462305426597595
3443,10,95,0.21095912158489227
3444,10,96,0.16230472922325134
3445,10,97,0.28042206168174744
3446,10,98,0.19420969486236572
3447,10,99,0.2155669927597046
3448,10,100,0.16908997297286987
3449,10,101,0.26393359899520874
3450,10,102,0.24141719937324524
3451,10,103,0.23916096985340118
3452,10,104,0.1959831416606903
3453,10,105,0.2285182923078537
3454,10,106,0.20421023666858673
3455,10,107,0.21400532126426697
3456,10,108,0.18960276246070862
3457,10,109,0.1998687982559204
3458,10,110,0.1971098780632019
3459,10,111,0.21455928683280945
3460,10,112,0.2112186700105667
3461,10,113,0.20426300168037415
3462,10,114,0.2392328977584839
3463,10,115,0.17780283093452454
3464,10,116,0.24107101559638977
3465,10,117,0.24936607480049133
3466,10,118,0.23567569255828857
3467,10,119,0.1724688559770584
3468,10,120,0.22965042293071747
3469,10,121,0.18774379789829254
3470,10,122,0.18226398527622223
3471,10,123,0.23243895173072815
3472,10,124,0.22253665328025818
3473,10,125,0.19933459162712097
3474,10,126,0.19641131162643433
3475,10,127,0.19195744395256042
3476,10,128,0.2802327871322632
3477,10,129,0.1937723457813263
3478,10,130,0.17500053346157074
3479,10,131,0.177552729845047
3480,10,132,0.20332372188568115
3481,10,133,0.18726690113544464
3482,10,134,0.16973742842674255
3483,10,135,0.23065629601478577
3484,10,136,0.23032860457897186
3485,10,137,0.2481875866651535
3486,10,138,0.17924323678016663
3487,10,139,0.2578985095024109
3488,10,140,0.21052393317222595
3489,10,141,0.22897657752037048
3490,10,142,0.23424145579338074
3491,10,143,0.22841425240039825
3492,10,144,0.16413569450378418
3493,10,145,0.24021466076374054
3494,10,146,0.24294579029083252
3495,10,147,0.21847832202911377
3496,10,148,0.22555330395698547
3497,10,149,0.21742697060108185
3498,10,150,0.20198972523212433
3499,10,151,0.20981410145759583
3500,10,152,0.1969805508852005
3501,10,153,0.17964588105678558
3502,10,154,0.18675287067890167
3503,10,155,0.18338553607463837
3504,10,156,0.21433503925800323
3505,10,157,0.23520180583000183
3506,10,158,0.18685932457447052
3507,10,159,0.21030275523662567
3508,10,160,0.17747855186462402
3509,10,161,0.19414681196212769
3510,10,162,0.1940733641386032
3511,10,163,0.21086648106575012
3512,10,164,0.20952017605304718
3513,10,165,0.26137733459472656
3514,10,166,0.1768399327993393
3515,10,167,0.2176860123872757
3516,10,168,0.2637161910533905
3517,10,169,0.28424742817878723
3518,10,170,0.24349644780158997
3519,10,171,0.18672354519367218
3520,10,172,0.17755049467086792
3521,10,173,0.3511088788509369
3522,10,174,0.16961590945720673
3523,10,175,0.30391716957092285
3524,10,176,0.219674751162529
3525,10,177,0.2669368386268616
3526,10,178,0.2369682788848877
3527,10,179,0.2697385847568512
3528,10,180,0.17798101902008057
3529,10,181,0.2374275028705597
3530,10,182,0.2128499448299408
3531,10,183,0.2412697821855545
3532,10,184,0.2212565392255783
3533,10,185,0.19032564759254456
3534,10,186,0.20008134841918945
3535,10,187,0.195144385099411
3536,10,188,0.2539009153842926
3537,10,189,0.24043118953704834
3538,10,190,0.17859700322151184
3539,10,191,0.24972739815711975
3540,10,192,0.2905396819114685
3541,10,193,0.22284433245658875
3542,10,194,0.1932927519083023
3543,10,195,0.22807136178016663
3544,10,196,0.21191450953483582
3545,10,197,0.16709540784358978
3546,10,198,0.21722057461738586
3547,10,199,0.21684762835502625
3548,10,200,0.49867191910743713
3549,10,201,0.1609700322151184
3550,10,202,0.22447912395000458
3551,10,203,0.2319437563419342
3552,10,204,0.41796407103538513
3553,10,205,0.24153971672058105
3554,10,206,0.17848870158195496
3555,10,207,0.19870491325855255
3556,10,208,0.24005126953125
3557,10,209,0.2952802777290344
3558,10,210,0.24197356402873993
3559,10,211,0.22555632889270782
3560,10,212,0.22697965800762177
3561,10,213,0.26581498980522156
3562,10,214,0.22146117687225342
3563,10,215,0.2272840440273285
3564,10,216,0.2900826334953308
3565,10,217,0.2660367488861084
3566,10,218,0.22434647381305695
3567,10,219,0.21233484148979187
3568,10,220,0.1903134435415268
3569,10,221,0.20514746010303497
3570,10,222,0.22973433136940002
3571,10,223,0.24339263141155243
3572,10,224,0.20553827285766602
3573,10,225,0.1955277919769287
3574,10,226,0.26571017503738403
3575,10,227,0.21073873341083527
3576,10,228,0.25754618644714355
3577,10,229,0.16791501641273499
3578,10,230,0.2076096534729004
3579,10,231,0.20451009273529053
3580,10,232,0.19946914911270142
3581,10,233,0.24538223445415497
3582,10,234,0.1860245317220688
3583,10,235,0.17557646334171295
3584,10,236,0.49389877915382385
3585,10,237,0.17518505454063416
3586,10,238,0.2133728563785553
3587,10,239,0.23215630650520325
3588,10,240,0.35034415125846863
3589,10,241,0.20209482312202454
3590,10,242,0.23547527194023132
3591,10,243,0.17894583940505981
3592,10,244,0.21793869137763977
3593,10,245,0.18510791659355164
3594,10,246,0.19916848838329315
3595,10,247,0.2304934710264206
3596,10,248,0.17145101726055145
3597,10,249,0.23632578551769257
3598,10,250,0.19497540593147278
3599,10,251,0.19214388728141785
3600,10,252,0.23994377255439758
3601,10,253,0.20284870266914368
3602,10,254,0.17837676405906677
3603,10,255,0.30734920501708984
3604,10,256,0.4684738218784332
3605,10,257,0.20227627456188202
3606,10,258,0.21656832098960876
3607,10,259,0.2146192491054535
3608,10,260,0.23130770027637482
3609,10,261,0.18043193221092224
3610,10,262,0.17490331828594208
3611,10,263,0.23048445582389832
3612,10,264,0.4081723093986511
3613,10,265,0.21949534118175507
3614,10,266,0.16465292870998383
3615,10,267,0.23935744166374207
3616,10,268,0.23426151275634766
3617,10,269,0.23860852420330048
3618,10,270,0.19144457578659058
3619,10,271,0.20289936661720276
3620,10,272,0.17939189076423645
3621,10,273,0.30973055958747864
3622,10,274,0.25964266061782837
3623,10,275,0.19036927819252014
3624,10,276,0.22492828965187073
3625,10,277,0.24117393791675568
3626,10,278,0.14593055844306946
3627,10,279,0.2376200407743454
3628,10,280,0.2773049473762512
3629,10,281,0.18091265857219696
3630,10,282,0.20775727927684784
3631,10,283,0.2711111903190613
3632,10,284,0.17622336745262146
3633,10,285,0.22112444043159485
3634,10,286,0.22796905040740967
3635,10,287,0.2304542511701584
3636,10,288,0.2048700749874115
3637,10,289,0.2093696892261505
3638,10,290,0.17310231924057007
3639,10,291,0.19883973896503448
3640,10,292,0.2777021527290344
3641,10,293,0.23186607658863068
3642,10,294,0.19983145594596863
3643,10,295,0.22104375064373016
3644,10,296,0.23615078628063202
3645,10,297,0.20588131248950958
3646,10,298,0.2834742069244385
3647,10,299,0.16939394176006317
3648,10,300,0.20601734519004822
3649,10,301,0.25263863801956177
3650,10,302,0.17555786669254303
3651,10,303,0.2869563102722168
3652,10,304,0.21370486915111542
3653,10,305,0.20702603459358215
3654,10,306,0.21720969676971436
3655,10,307,0.20688733458518982
3656,10,308,0.1844395101070404
3657,10,309,0.21716439723968506
3658,10,310,0.2536396086215973
3659,10,311,0.22355251014232635
3660,10,312,0.23834958672523499
3661,10,313,0.2100072205066681
3662,10,314,0.20299208164215088
3663,10,315,0.17327812314033508
3664,10,316,0.21900522708892822
3665,10,317,0.2366531640291214
3666,10,318,0.21836721897125244
3667,10,319,0.19740968942642212
3668,10,320,0.20091786980628967
3669,10,321,0.23346802592277527
3670,10,322,0.22121775150299072
3671,10,323,0.19712503254413605
3672,10,324,0.14695850014686584
3673,10,325,0.1773787885904312
3674,10,326,0.19075825810432434
3675,10,327,0.5964472889900208
3676,10,328,0.24009685218334198
3677,10,329,0.20429269969463348
3678,10,330,0.17989936470985413
3679,10,331,0.23281124234199524
3680,10,332,0.17162247002124786
3681,10,333,0.2600736618041992
3682,10,334,0.19552762806415558
3683,10,335,0.20217213034629822
3684,10,336,0.18422196805477142
3685,10,337,0.20932093262672424
3686,10,338,0.2067425698041916
3687,10,339,0.3003268837928772
3688,10,340,0.2253614217042923
3689,10,341,0.49096137285232544
3690,10,342,0.24791650474071503
3691,10,343,0.18920569121837616
3692,10,344,0.16829419136047363
3693,10,345,0.21200081706047058
3694,10,346,0.21969535946846008
3695,10,347,0.17955252528190613
3696,10,348,0.23947207629680634
3697,10,349,0.20453409850597382
3698,10,350,0.23095564544200897
3699,10,351,0.16799446940422058
3700,10,352,0.2040127068758011
3701,10,353,0.18046900629997253
3702,10,354,0.19367966055870056
3703,10,355,0.2372119128704071
3704,10,356,0.19909369945526123
3705,10,357,0.18041417002677917
3706,10,358,0.3326796889305115
3707,10,359,0.2114638090133667
3708,10,360,0.19452323019504547
3709,10,361,0.20630967617034912
3710,10,362,0.24576643109321594
3711,10,363,0.21175973117351532
3712,10,364,0.4776707589626312
3713,10,365,0.18045388162136078
3714,10,366,0.2183208018541336
3715,10,367,0.22052288055419922
3716,10,368,0.2114151418209076
3717,10,369,0.4544133245944977
3718,10,370,0.3090886175632477
3719,10,371,0.16313931345939636
3720,10,372,0.20458507537841797
