global_step,epoch,batch,train_loss
1,1,1,3.4750022888183594
2,1,2,3.2247307300567627
3,1,3,3.079613447189331
4,1,4,2.845050573348999
5,1,5,2.593723773956299
6,1,6,2.50773286819458
7,1,7,2.2814931869506836
8,1,8,2.024780511856079
9,1,9,1.9574754238128662
10,1,10,1.7870738506317139
11,1,11,1.6572294235229492
12,1,12,1.5993903875350952
13,1,13,1.3867361545562744
14,1,14,1.5137532949447632
15,1,15,1.2145168781280518
16,1,16,1.1851842403411865
17,1,17,1.2313587665557861
18,1,18,1.1768964529037476
19,1,19,1.1211378574371338
20,1,20,1.069496750831604
21,1,21,1.2691515684127808
22,1,22,1.093656301498413
23,1,23,1.2403883934020996
24,1,24,1.1619385480880737
25,1,25,1.091064453125
26,1,26,0.9543828964233398
27,1,27,1.0639054775238037
28,1,28,0.7991523742675781
29,1,29,0.9841561317443848
30,1,30,0.7872319221496582
31,1,31,0.8249810338020325
32,1,32,0.9579852819442749
33,1,33,1.0148173570632935
34,1,34,1.0113027095794678
35,1,35,1.2913789749145508
36,1,36,0.9447543025016785
37,1,37,0.9368988275527954
38,1,38,0.723279595375061
39,1,39,0.8301517367362976
40,1,40,0.661472737789154
41,1,41,0.876457691192627
42,1,42,0.8956276178359985
43,1,43,0.7689877152442932
44,1,44,0.7640997171401978
45,1,45,0.7699466943740845
46,1,46,0.9986688494682312
47,1,47,0.8386910557746887
48,1,48,0.6026369333267212
49,1,49,0.6061719655990601
50,1,50,0.6045993566513062
51,1,51,0.7775864005088806
52,1,52,0.9087615013122559
53,1,53,0.6848083734512329
54,1,54,0.6832138299942017
55,1,55,0.7916028499603271
56,1,56,0.6261299252510071
57,1,57,0.887362003326416
58,1,58,0.7514282464981079
59,1,59,0.7190495729446411
60,1,60,0.5090057253837585
61,1,61,0.6536564826965332
62,1,62,0.6430507898330688
63,1,63,0.7712208032608032
64,1,64,0.9293391108512878
65,1,65,0.5553944110870361
66,1,66,0.6609218716621399
67,1,67,0.5403943061828613
68,1,68,0.7621181011199951
69,1,69,0.5712696313858032
70,1,70,0.921118438243866
71,1,71,1.0376499891281128
72,1,72,0.6823015809059143
73,1,73,0.6608139276504517
74,1,74,0.5534564852714539
75,1,75,0.5144193768501282
76,1,76,0.6323937177658081
77,1,77,0.6701186895370483
78,1,78,0.6452876329421997
79,1,79,0.6052373051643372
80,1,80,0.5973678827285767
81,1,81,0.5975159406661987
82,1,82,0.6034440398216248
83,1,83,0.7086958289146423
84,1,84,0.685967206954956
85,1,85,0.5884811878204346
86,1,86,0.5861985683441162
87,1,87,0.6003231406211853
88,1,88,0.5177529454231262
89,1,89,0.9034000635147095
90,1,90,0.5171633958816528
91,1,91,0.6403648853302002
92,1,92,0.7744026184082031
93,1,93,0.5260934829711914
94,1,94,0.5287908911705017
95,1,95,0.6379405856132507
96,1,96,0.5927779078483582
97,1,97,0.5556260347366333
98,1,98,0.6309667825698853
99,1,99,0.5886832475662231
100,1,100,0.5768022537231445
101,1,101,0.6189874410629272
102,1,102,0.6500104665756226
103,1,103,0.5021592974662781
104,1,104,0.625421941280365
105,1,105,0.5694363117218018
106,1,106,0.6092350482940674
107,1,107,0.4781138300895691
108,1,108,0.6069501638412476
109,1,109,0.6195731163024902
110,1,110,0.5534719228744507
111,1,111,0.47642531991004944
112,1,112,0.48235470056533813
113,1,113,0.5112722516059875
114,1,114,0.5463146567344666
115,1,115,0.6604284048080444
116,1,116,0.5244384407997131
117,1,117,0.48526063561439514
118,1,118,0.5693994760513306
119,1,119,0.5211923718452454
120,1,120,0.591532289981842
121,1,121,0.4680570662021637
122,1,122,0.40582075715065
123,1,123,0.6286502480506897
124,1,124,0.5271466970443726
125,1,125,0.5746232271194458
126,1,126,0.6309394836425781
127,1,127,0.4769342839717865
128,1,128,0.5114473104476929
129,1,129,0.44643115997314453
130,1,130,0.5075469613075256
131,1,131,0.4586710035800934
132,1,132,0.5075661540031433
133,1,133,0.5519443154335022
134,1,134,0.4476396441459656
135,1,135,0.37900981307029724
136,1,136,0.5524834394454956
137,1,137,0.5034422874450684
138,1,138,0.4925331175327301
139,1,139,0.5059983134269714
140,1,140,0.5250722169876099
141,1,141,0.5357871651649475
142,1,142,0.5086703300476074
143,1,143,0.4657101631164551
144,1,144,0.42140883207321167
145,1,145,0.5840314030647278
146,1,146,0.5157145261764526
147,1,147,0.49891966581344604
148,1,148,0.6426056623458862
149,1,149,0.45992058515548706
150,1,150,0.5200655460357666
151,1,151,0.5770537257194519
152,1,152,0.5200890302658081
153,1,153,0.3952626585960388
154,1,154,0.6072470545768738
155,1,155,0.49551305174827576
156,1,156,0.4955383241176605
157,1,157,0.497225284576416
158,1,158,0.4873092770576477
159,1,159,0.45140203833580017
160,1,160,0.6301017999649048
161,1,161,0.47582167387008667
162,1,162,0.5590413212776184
163,1,163,0.3586880564689636
164,1,164,0.4019286036491394
165,1,165,0.5824586153030396
166,1,166,0.4106563925743103
167,1,167,0.8328772783279419
168,1,168,0.4663897156715393
169,1,169,0.4552813172340393
170,1,170,0.39702123403549194
171,1,171,0.554678738117218
172,1,172,0.45777711272239685
173,1,173,0.5886959433555603
174,1,174,0.5665280222892761
175,1,175,0.3679888844490051
176,1,176,0.4036324620246887
177,1,177,0.5205930471420288
178,1,178,0.45351773500442505
179,1,179,0.5400334596633911
180,1,180,0.4223657548427582
181,1,181,0.42210474610328674
182,1,182,0.46134239435195923
183,1,183,0.4859740138053894
184,1,184,0.5831149220466614
185,1,185,0.43757063150405884
186,1,186,0.5220848321914673
187,1,187,0.45175260305404663
188,1,188,0.560677170753479
189,1,189,0.47803401947021484
190,1,190,0.8168753385543823
191,1,191,0.42326122522354126
192,1,192,0.8046596646308899
193,1,193,0.42497825622558594
194,1,194,0.41368263959884644
195,1,195,0.6488749980926514
196,1,196,0.6259421110153198
197,1,197,0.4652051031589508
198,1,198,0.3911398947238922
199,1,199,0.46553167700767517
200,1,200,0.3919762670993805
201,1,201,0.39532899856567383
202,1,202,0.47138556838035583
203,1,203,0.4108571410179138
204,1,204,0.8145815134048462
205,1,205,0.3905615508556366
206,1,206,0.45960912108421326
207,1,207,0.4054746627807617
208,1,208,0.42422062158584595
209,1,209,0.3849697411060333
210,1,210,0.4132715165615082
211,1,211,0.5213346481323242
212,1,212,0.4622705578804016
213,1,213,0.516568660736084
214,1,214,0.36896467208862305
215,1,215,0.45626720786094666
216,1,216,0.464770644903183
217,1,217,0.4232630133628845
218,1,218,0.5785399675369263
219,1,219,0.38042810559272766
220,1,220,0.4097058176994324
221,1,221,0.284576416015625
222,1,222,0.40246254205703735
223,1,223,0.4561346173286438
224,1,224,0.3884718418121338
225,1,225,0.43115130066871643
226,1,226,0.39815881848335266
227,1,227,0.3907569944858551
228,1,228,0.5208359956741333
229,1,229,0.37484851479530334
230,1,230,0.42499762773513794
231,1,231,0.4339573383331299
232,1,232,0.4202898144721985
233,1,233,0.6731430888175964
234,1,234,0.3623875379562378
235,1,235,0.41902175545692444
236,1,236,0.4658506512641907
237,1,237,0.3903043866157532
238,1,238,0.3900798559188843
239,1,239,0.4651033282279968
240,1,240,0.5944886207580566
241,1,241,0.3984292447566986
242,1,242,0.8122612833976746
243,1,243,0.44340842962265015
244,1,244,0.7082101106643677
245,1,245,0.47800540924072266
246,1,246,0.6482576727867126
247,1,247,0.3795636296272278
248,1,248,0.3986841142177582
249,1,249,0.4126014709472656
250,1,250,0.3956299126148224
251,1,251,0.48162299394607544
252,1,252,0.4041963517665863
253,1,253,0.36470216512680054
254,1,254,0.4540840983390808
255,1,255,0.34126436710357666
256,1,256,0.3690473437309265
257,1,257,0.413400799036026
258,1,258,0.44487547874450684
259,1,259,0.4491059184074402
260,1,260,0.36666855216026306
261,1,261,0.30760157108306885
262,1,262,0.43340858817100525
263,1,263,0.4006703794002533
264,1,264,0.5505585670471191
265,1,265,0.3093065023422241
266,1,266,0.4113641679286957
267,1,267,0.3868284523487091
268,1,268,0.42760053277015686
269,1,269,0.3740677237510681
270,1,270,0.41793498396873474
271,1,271,0.413940966129303
272,1,272,0.3262564539909363
273,1,273,0.37777790427207947
274,1,274,0.4096055030822754
275,1,275,0.5103580951690674
276,1,276,0.4227822422981262
277,1,277,0.36485448479652405
278,1,278,0.4332442283630371
279,1,279,0.3500347137451172
280,1,280,0.31705671548843384
281,1,281,0.3555728793144226
282,1,282,0.30740925669670105
283,1,283,0.40528935194015503
284,1,284,0.39956170320510864
285,1,285,0.3769891560077667
286,1,286,0.351020872592926
287,1,287,0.7622365951538086
288,1,288,0.639763355255127
289,1,289,0.34514376521110535
290,1,290,0.43350911140441895
291,1,291,0.4001828730106354
292,1,292,0.3563586473464966
293,1,293,0.38382482528686523
294,1,294,0.373423308134079
295,1,295,0.27258771657943726
296,1,296,0.41051965951919556
297,1,297,0.4156443476676941
298,1,298,0.36894500255584717
299,1,299,0.3520634174346924
300,1,300,0.33512139320373535
301,1,301,0.31453800201416016
302,1,302,0.3863660395145416
303,1,303,0.42989587783813477
304,1,304,0.34380558133125305
305,1,305,0.6202704906463623
306,1,306,0.35431262850761414
307,1,307,0.3832923471927643
308,1,308,0.3561636805534363
309,1,309,0.361705482006073
310,1,310,0.6225813627243042
311,1,311,0.310886025428772
312,1,312,0.410186767578125
313,1,313,0.38044995069503784
314,1,314,0.44361695647239685
315,1,315,0.40920543670654297
316,1,316,0.40411752462387085
317,1,317,0.39255261421203613
318,1,318,0.30951422452926636
319,1,319,0.4446449279785156
320,1,320,0.3472689390182495
321,1,321,0.33247601985931396
322,1,322,0.32358425855636597
323,1,323,0.3967069685459137
324,1,324,0.29737257957458496
325,1,325,0.358857125043869
326,1,326,0.492041677236557
327,1,327,0.3396415412425995
328,1,328,0.44845929741859436
329,1,329,0.3324056565761566
330,1,330,0.35712307691574097
331,1,331,0.3363567590713501
332,1,332,0.3278252184391022
333,1,333,0.3801822066307068
334,1,334,0.31224697828292847
335,1,335,0.4351336359977722
336,1,336,0.44922471046447754
337,1,337,0.3545238971710205
338,1,338,0.401909202337265
339,1,339,0.35735034942626953
340,1,340,0.3979269564151764
341,1,341,0.38215070962905884
342,1,342,0.34173935651779175
343,1,343,0.432638555765152
344,1,344,0.43233031034469604
345,1,345,0.3929564654827118
346,1,346,0.40218544006347656
347,1,347,0.4924573004245758
348,1,348,0.29496777057647705
349,1,349,0.3465383052825928
350,1,350,0.37632298469543457
351,1,351,0.35897788405418396
352,1,352,0.39756330847740173
353,1,353,0.5097836256027222
354,1,354,0.4617902636528015
355,1,355,0.506596565246582
356,1,356,0.795800507068634
357,1,357,0.4202929437160492
358,1,358,0.4487845003604889
359,1,359,0.3316422998905182
360,1,360,0.3881991505622864
361,1,361,0.3546411097049713
362,1,362,0.3926551640033722
363,1,363,0.3647657632827759
364,1,364,0.26268377900123596
365,1,365,0.3938469886779785
366,1,366,0.3232526481151581
367,1,367,0.4222484230995178
368,1,368,0.485415518283844
369,1,369,0.40373730659484863
370,1,370,0.3907100260257721
371,1,371,0.32057711482048035
372,1,372,0.5357946753501892
373,2,1,0.33031466603279114
374,2,2,0.386795312166214
375,2,3,0.714623749256134
376,2,4,0.3189215064048767
377,2,5,0.2853603661060333
378,2,6,0.38710248470306396
379,2,7,0.29928773641586304
380,2,8,0.3512589931488037
381,2,9,0.34835851192474365
382,2,10,0.29426756501197815
383,2,11,0.2925380766391754
384,2,12,0.41387939453125
385,2,13,0.304243803024292
386,2,14,0.3985525667667389
387,2,15,0.3322153687477112
388,2,16,0.3925502896308899
389,2,17,0.3205623924732208
390,2,18,0.2934620976448059
391,2,19,0.36434873938560486
392,2,20,0.33518922328948975
393,2,21,0.37120431661605835
394,2,22,0.2906414866447449
395,2,23,0.3248973488807678
396,2,24,0.34728875756263733
397,2,25,0.31372225284576416
398,2,26,0.2944755554199219
399,2,27,0.3632201552391052
400,2,28,0.41830602288246155
401,2,29,0.3350338339805603
402,2,30,0.3125361502170563
403,2,31,0.3791807293891907
404,2,32,0.33944380283355713
405,2,33,0.35056063532829285
406,2,34,0.3050692677497864
407,2,35,0.40697798132896423
408,2,36,0.49710360169410706
409,2,37,0.30529966950416565
410,2,38,0.29958468675613403
411,2,39,0.3050961494445801
412,2,40,0.26525717973709106
413,2,41,0.32917237281799316
414,2,42,0.3123535215854645
415,2,43,0.28621017932891846
416,2,44,0.3064550459384918
417,2,45,0.3690788149833679
418,2,46,0.3367327153682709
419,2,47,0.3861413896083832
420,2,48,0.34201139211654663
421,2,49,0.3407914340496063
422,2,50,0.3764762282371521
423,2,51,0.25796130299568176
424,2,52,0.3698694705963135
425,2,53,0.33864134550094604
426,2,54,0.4189768433570862
427,2,55,0.31519144773483276
428,2,56,0.3017078638076782
429,2,57,0.40608325600624084
430,2,58,0.39483627676963806
431,2,59,0.36319494247436523
432,2,60,0.3960452377796173
433,2,61,0.367626428604126
434,2,62,0.43813076615333557
435,2,63,0.3332504630088806
436,2,64,0.4349762797355652
437,2,65,0.34857961535453796
438,2,66,0.3508528470993042
439,2,67,0.30860140919685364
440,2,68,0.35910308361053467
441,2,69,0.7670232653617859
442,2,70,0.27326810359954834
443,2,71,0.30809667706489563
444,2,72,0.37908676266670227
445,2,73,0.29440125823020935
446,2,74,0.3654915392398834
447,2,75,0.3965783715248108
448,2,76,0.27444934844970703
449,2,77,0.3445999026298523
450,2,78,0.3272355794906616
451,2,79,0.3069818913936615
452,2,80,0.3301524221897125
453,2,81,0.3092556595802307
454,2,82,0.3651384711265564
455,2,83,0.3136632740497589
456,2,84,0.2564433515071869
457,2,85,0.42226260900497437
458,2,86,0.3105947971343994
459,2,87,0.4380775988101959
460,2,88,0.46773988008499146
461,2,89,0.37582045793533325
462,2,90,0.33956199884414673
463,2,91,0.8155826330184937
464,2,92,0.3340519070625305
465,2,93,0.3777369558811188
466,2,94,0.3229988217353821
467,2,95,0.36376121640205383
468,2,96,0.37464043498039246
469,2,97,0.29298391938209534
470,2,98,0.26309365034103394
471,2,99,0.34591227769851685
472,2,100,0.4123201370239258
473,2,101,0.3898351192474365
474,2,102,0.33274325728416443
475,2,103,0.3428329527378082
476,2,104,0.3191244602203369
477,2,105,0.30160751938819885
478,2,106,0.27955323457717896
479,2,107,0.3685395121574402
480,2,108,0.3070063292980194
481,2,109,0.4233168959617615
482,2,110,0.2885310649871826
483,2,111,0.338838130235672
484,2,112,0.29937857389450073
485,2,113,0.2619207799434662
486,2,114,0.3122037351131439
487,2,115,0.26949119567871094
488,2,116,0.32276004552841187
489,2,117,0.31849923729896545
490,2,118,0.3853358328342438
491,2,119,0.3004153370857239
492,2,120,0.2798580527305603
493,2,121,0.34914785623550415
494,2,122,0.404575914144516
495,2,123,0.2840636372566223
496,2,124,0.2937238812446594
497,2,125,0.31363508105278015
498,2,126,0.3454923629760742
499,2,127,0.2999294400215149
500,2,128,0.30383116006851196
501,2,129,0.24805574119091034
502,2,130,0.46385136246681213
503,2,131,0.3039972484111786
504,2,132,0.3547804653644562
505,2,133,0.29000502824783325
506,2,134,0.3139644265174866
507,2,135,0.33510899543762207
508,2,136,0.40730443596839905
509,2,137,0.42239564657211304
510,2,138,0.430799663066864
511,2,139,0.7001868486404419
512,2,140,0.3444322347640991
513,2,141,0.27351710200309753
514,2,142,0.43802374601364136
515,2,143,0.34944775700569153
516,2,144,0.3486471474170685
517,2,145,0.31908372044563293
518,2,146,0.4367884695529938
519,2,147,0.3553045690059662
520,2,148,0.3097219467163086
521,2,149,0.3503704071044922
522,2,150,0.3379221260547638
523,2,151,0.41134220361709595
524,2,152,0.5487056970596313
525,2,153,0.5159911513328552
526,2,154,0.3385910391807556
527,2,155,0.3686865568161011
528,2,156,0.34879055619239807
529,2,157,0.34088391065597534
530,2,158,0.33262020349502563
531,2,159,0.6687566637992859
532,2,160,0.353796124458313
533,2,161,0.27204540371894836
534,2,162,0.2918514311313629
535,2,163,0.33172884583473206
536,2,164,0.538300633430481
537,2,165,0.35555019974708557
538,2,166,0.3636002242565155
539,2,167,0.3685295581817627
540,2,168,0.3471742868423462
541,2,169,0.2710532546043396
542,2,170,0.2451642006635666
543,2,171,0.3372952342033386
544,2,172,0.36206865310668945
545,2,173,0.2897479832172394
546,2,174,0.3366028964519501
547,2,175,0.30241531133651733
548,2,176,0.3280169665813446
549,2,177,0.3419683575630188
550,2,178,0.33693528175354004
551,2,179,0.26794448494911194
552,2,180,0.2792064845561981
553,2,181,0.3586621880531311
554,2,182,0.7085115909576416
555,2,183,0.26405930519104004
556,2,184,0.2654883563518524
557,2,185,0.32357338070869446
558,2,186,0.2976861596107483
559,2,187,0.2565150260925293
560,2,188,0.3362389802932739
561,2,189,0.30160099267959595
562,2,190,0.2833916246891022
563,2,191,0.2867542803287506
564,2,192,0.28298839926719666
565,2,193,0.33722376823425293
566,2,194,0.28234004974365234
567,2,195,0.2883751392364502
568,2,196,0.2646860182285309
569,2,197,0.33584707975387573
570,2,198,0.2947278916835785
571,2,199,0.3236927092075348
572,2,200,0.3269578814506531
573,2,201,0.2535603642463684
574,2,202,0.2418217658996582
575,2,203,0.3919086754322052
576,2,204,0.29618149995803833
577,2,205,0.4841906428337097
578,2,206,0.334036648273468
579,2,207,0.2415447235107422
580,2,208,0.29072195291519165
581,2,209,0.26079273223876953
582,2,210,0.28611958026885986
583,2,211,0.30717042088508606
584,2,212,0.2653951048851013
585,2,213,0.3227384090423584
586,2,214,0.41226500272750854
587,2,215,0.27443647384643555
588,2,216,0.35008376836776733
589,2,217,0.27404531836509705
590,2,218,0.3487129509449005
591,2,219,0.2564268410205841
592,2,220,0.2834438681602478
593,2,221,0.2839214503765106
594,2,222,0.5467674136161804
595,2,223,0.26941683888435364
596,2,224,0.2568751573562622
597,2,225,0.36610063910484314
598,2,226,0.2933654189109802
599,2,227,0.2523503005504608
600,2,228,0.44362038373947144
601,2,229,0.2793322801589966
602,2,230,0.2660806477069855
603,2,231,0.26024720072746277
604,2,232,0.36697497963905334
605,2,233,0.29478853940963745
606,2,234,0.2828013300895691
607,2,235,0.7167652249336243
608,2,236,0.3183044493198395
609,2,237,0.382694810628891
610,2,238,0.40390411019325256
611,2,239,0.3759887218475342
612,2,240,0.36381348967552185
613,2,241,0.32129067182540894
614,2,242,0.2834289073944092
615,2,243,0.2852281928062439
616,2,244,0.3305279612541199
617,2,245,0.35221847891807556
618,2,246,0.26863303780555725
619,2,247,0.46513932943344116
620,2,248,0.36122024059295654
621,2,249,0.3536146283149719
622,2,250,0.24865996837615967
623,2,251,0.3616489768028259
624,2,252,0.3256656229496002
625,2,253,0.25848615169525146
626,2,254,0.338365375995636
627,2,255,0.25660356879234314
628,2,256,0.3026040196418762
629,2,257,0.40551596879959106
630,2,258,0.27576911449432373
631,2,259,0.26896968483924866
632,2,260,0.2465953528881073
633,2,261,0.3115827441215515
634,2,262,0.2630356252193451
635,2,263,0.31910666823387146
636,2,264,0.2858520746231079
637,2,265,0.3410494923591614
638,2,266,0.27979233860969543
639,2,267,0.30255359411239624
640,2,268,0.33731353282928467
641,2,269,0.3186015486717224
642,2,270,0.3275007903575897
643,2,271,0.2754165828227997
644,2,272,0.27779579162597656
645,2,273,0.24977174401283264
646,2,274,0.4452788233757019
647,2,275,0.3802777826786041
648,2,276,0.3798496425151825
649,2,277,0.2890448570251465
650,2,278,0.3749920129776001
651,2,279,0.3149985074996948
652,2,280,0.3045039772987366
653,2,281,0.385090172290802
654,2,282,0.4387228488922119
655,2,283,0.8211601972579956
656,2,284,0.31753262877464294
657,2,285,0.3555682301521301
658,2,286,0.3352758288383484
659,2,287,0.3354950249195099
660,2,288,0.6883798837661743
661,2,289,0.2882731556892395
662,2,290,0.29208430647850037
663,2,291,0.3180076479911804
664,2,292,0.22769761085510254
665,2,293,0.2396114319562912
666,2,294,0.29088908433914185
667,2,295,0.2716591954231262
668,2,296,0.31024986505508423
669,2,297,0.28826281428337097
670,2,298,0.35352247953414917
671,2,299,0.27507737278938293
672,2,300,0.2741466164588928
673,2,301,0.2425037920475006
674,2,302,0.2831055223941803
675,2,303,0.3352106213569641
676,2,304,0.365705668926239
677,2,305,0.30161669850349426
678,2,306,0.24274584650993347
679,2,307,0.24151292443275452
680,2,308,0.7121266722679138
681,2,309,0.35243016481399536
682,2,310,0.2525652050971985
683,2,311,0.31615057587623596
684,2,312,0.24980857968330383
685,2,313,0.28742194175720215
686,2,314,0.26921728253364563
687,2,315,0.2520616054534912
688,2,316,0.3526814579963684
689,2,317,0.26006680727005005
690,2,318,0.3333231806755066
691,2,319,0.4588387906551361
692,2,320,0.4217742383480072
693,2,321,0.3419369161128998
694,2,322,0.29808342456817627
695,2,323,0.268108069896698
696,2,324,0.2554255425930023
697,2,325,0.3011927902698517
698,2,326,0.35445064306259155
699,2,327,0.3125808835029602
700,2,328,0.3255693316459656
701,2,329,0.29051774740219116
702,2,330,0.2802261412143707
703,2,331,0.29514405131340027
704,2,332,0.6686937212944031
705,2,333,0.2935757040977478
706,2,334,0.31152886152267456
707,2,335,0.33653774857521057
708,2,336,0.3468037247657776
709,2,337,0.29365789890289307
710,2,338,0.43468838930130005
711,2,339,0.29165884852409363
712,2,340,0.3169167935848236
713,2,341,0.2814890146255493
714,2,342,0.3613431751728058
715,2,343,0.32407963275909424
716,2,344,0.2974427342414856
717,2,345,0.3752668797969818
718,2,346,0.3080959916114807
719,2,347,0.26520001888275146
720,2,348,0.28904250264167786
721,2,349,0.3214492201805115
722,2,350,0.24635915458202362
723,2,351,0.3494783937931061
724,2,352,0.32585009932518005
725,2,353,0.2733475863933563
726,2,354,0.4137759804725647
727,2,355,0.36920642852783203
728,2,356,0.3155062794685364
729,2,357,0.24483168125152588
730,2,358,0.276275098323822
731,2,359,0.22367262840270996
732,2,360,0.3732951283454895
733,2,361,0.36216211318969727
734,2,362,0.3352586627006531
735,2,363,0.26157885789871216
736,2,364,0.23416845500469208
737,2,365,0.3205369710922241
738,2,366,0.2711174488067627
739,2,367,0.24723270535469055
740,2,368,0.2521717846393585
741,2,369,0.3012180030345917
742,2,370,0.31662559509277344
743,2,371,0.24701204895973206
744,2,372,0.26607978343963623
745,3,1,0.22485724091529846
746,3,2,0.2806536853313446
747,3,3,0.2303968220949173
748,3,4,0.3055611848831177
749,3,5,0.2287147343158722
750,3,6,0.3500460386276245
751,3,7,0.2763897776603699
752,3,8,0.2993927597999573
753,3,9,0.2644156813621521
754,3,10,0.25041237473487854
755,3,11,0.2549234926700592
756,3,12,0.32791951298713684
757,3,13,0.23939821124076843
758,3,14,0.26209205389022827
759,3,15,0.24221983551979065
760,3,16,0.3405112028121948
761,3,17,0.27866682410240173
762,3,18,0.3113451600074768
763,3,19,0.26540789008140564
764,3,20,0.2747533619403839
765,3,21,0.602465033531189
766,3,22,0.23706236481666565
767,3,23,0.28288915753364563
768,3,24,0.21861135959625244
769,3,25,0.34984344244003296
770,3,26,0.29579871892929077
771,3,27,0.2983735203742981
772,3,28,0.2513452172279358
773,3,29,0.2542933523654938
774,3,30,0.2771967649459839
775,3,31,0.2896937131881714
776,3,32,0.2908582091331482
777,3,33,0.29264289140701294
778,3,34,0.31439727544784546
779,3,35,0.30549877882003784
780,3,36,0.3134750723838806
781,3,37,0.30970174074172974
782,3,38,0.29990580677986145
783,3,39,0.2739928066730499
784,3,40,0.27886468172073364
785,3,41,0.2290641814470291
786,3,42,0.2827085852622986
787,3,43,0.39814677834510803
788,3,44,0.28379106521606445
789,3,45,0.23536010086536407
790,3,46,0.2666093409061432
791,3,47,0.23028337955474854
792,3,48,0.27188974618911743
793,3,49,0.28310662508010864
794,3,50,0.3377441465854645
795,3,51,0.6499925851821899
796,3,52,0.300701379776001
797,3,53,0.23412387073040009
798,3,54,0.24839620292186737
799,3,55,0.3261776566505432
800,3,56,0.32094138860702515
801,3,57,0.25806400179862976
802,3,58,0.22387070953845978
803,3,59,0.5733233690261841
804,3,60,0.28480300307273865
805,3,61,0.36636441946029663
806,3,62,0.2574560344219208
807,3,63,0.3552129864692688
808,3,64,0.28875213861465454
809,3,65,0.29358744621276855
810,3,66,0.2295965701341629
811,3,67,0.2593221068382263
812,3,68,0.3487340807914734
813,3,69,0.25232771039009094
814,3,70,0.31681662797927856
815,3,71,0.2605523467063904
816,3,72,0.22545573115348816
817,3,73,0.2661149203777313
818,3,74,0.26497095823287964
819,3,75,0.2417040318250656
820,3,76,0.3168860673904419
821,3,77,0.29807114601135254
822,3,78,0.2428620308637619
823,3,79,0.3049830198287964
824,3,80,0.20279569923877716
825,3,81,0.5389565229415894
826,3,82,0.32675430178642273
827,3,83,0.3676336109638214
828,3,84,0.2812412679195404
829,3,85,0.23550760746002197
830,3,86,0.33409708738327026
831,3,87,0.339589923620224
832,3,88,0.2879055142402649
833,3,89,0.2758089005947113
834,3,90,0.2492934912443161
835,3,91,0.25224074721336365
836,3,92,0.2848566174507141
837,3,93,0.31161192059516907
838,3,94,0.23778674006462097
839,3,95,0.24226327240467072
840,3,96,0.31981730461120605
841,3,97,0.3061981797218323
842,3,98,0.2717812657356262
843,3,99,0.29499584436416626
844,3,100,0.3259987235069275
845,3,101,0.43666642904281616
846,3,102,0.3356495797634125
847,3,103,0.25936105847358704
848,3,104,0.24716833233833313
849,3,105,0.26965561509132385
850,3,106,0.26371508836746216
851,3,107,0.319729745388031
852,3,108,0.2584419846534729
853,3,109,0.25294631719589233
854,3,110,0.23615089058876038
855,3,111,0.4563632905483246
856,3,112,0.2211245745420456
857,3,113,0.24018387496471405
858,3,114,0.27857285737991333
859,3,115,0.287190318107605
860,3,116,0.29168862104415894
861,3,117,0.2608826756477356
862,3,118,0.2444535791873932
863,3,119,0.26080015301704407
864,3,120,0.3029528260231018
865,3,121,0.3112674653530121
866,3,122,0.27744433283805847
867,3,123,0.2988753318786621
868,3,124,0.2326793670654297
869,3,125,0.3370704650878906
870,3,126,0.2981593608856201
871,3,127,0.2841872572898865
872,3,128,0.41521376371383667
873,3,129,0.2387138307094574
874,3,130,0.28679704666137695
875,3,131,0.2733335494995117
876,3,132,0.4278736114501953
877,3,133,0.24273273348808289
878,3,134,0.355950266122818
879,3,135,0.283150315284729
880,3,136,0.30010682344436646
881,3,137,0.44948887825012207
882,3,138,0.2771453261375427
883,3,139,0.5719723701477051
884,3,140,0.29406407475471497
885,3,141,0.26707592606544495
886,3,142,0.338479220867157
887,3,143,0.26423972845077515
888,3,144,0.2851511836051941
889,3,145,0.2643449604511261
890,3,146,0.2681920826435089
891,3,147,0.2781469523906708
892,3,148,0.3600446581840515
893,3,149,0.2836565673351288
894,3,150,0.4062890112400055
895,3,151,0.299092173576355
896,3,152,0.23923704028129578
897,3,153,0.27372339367866516
898,3,154,0.22316880524158478
899,3,155,0.2370559722185135
900,3,156,0.2660476565361023
901,3,157,0.340630441904068
902,3,158,0.25127920508384705
903,3,159,0.2953011393547058
904,3,160,0.3181641697883606
905,3,161,0.2608408033847809
906,3,162,0.31798139214515686
907,3,163,0.2947930693626404
908,3,164,0.25632554292678833
909,3,165,0.3233479857444763
910,3,166,0.24235817790031433
911,3,167,0.22073575854301453
912,3,168,0.44139808416366577
913,3,169,0.26833778619766235
914,3,170,0.29055652022361755
915,3,171,0.3290099799633026
916,3,172,0.31830328702926636
917,3,173,0.23670735955238342
918,3,174,0.26865154504776
919,3,175,0.2931509017944336
920,3,176,0.2926991581916809
921,3,177,0.2520607113838196
922,3,178,0.2275591790676117
923,3,179,0.3015609383583069
924,3,180,0.2229294776916504
925,3,181,0.25282996892929077
926,3,182,0.26111900806427
927,3,183,0.4753446578979492
928,3,184,0.2501162886619568
929,3,185,0.2714556157588959
930,3,186,0.3636612296104431
931,3,187,0.3252641260623932
932,3,188,0.2639622688293457
933,3,189,0.2844560742378235
934,3,190,0.7028580904006958
935,3,191,0.2884618639945984
936,3,192,0.2555847465991974
937,3,193,0.24211470782756805
938,3,194,0.3482940196990967
939,3,195,0.30094775557518005
940,3,196,0.7563757300376892
941,3,197,0.32154953479766846
942,3,198,0.2731214165687561
943,3,199,0.2653254270553589
944,3,200,0.27953943610191345
945,3,201,0.3256285488605499
946,3,202,0.3174467086791992
947,3,203,0.43392714858055115
948,3,204,0.1832362711429596
949,3,205,0.26551303267478943
950,3,206,0.40791064500808716
951,3,207,0.21700873970985413
952,3,208,0.311027467250824
953,3,209,0.25789594650268555
954,3,210,0.3327886462211609
955,3,211,0.2657597064971924
956,3,212,0.31959062814712524
957,3,213,0.3884788155555725
958,3,214,0.2087421417236328
959,3,215,0.33005934953689575
960,3,216,0.3131077289581299
961,3,217,0.25570976734161377
962,3,218,0.29715219140052795
963,3,219,0.2665516138076782
964,3,220,0.24800880253314972
965,3,221,0.2721644341945648
966,3,222,0.285901814699173
967,3,223,0.30027061700820923
968,3,224,0.2307184934616089
969,3,225,0.27008357644081116
970,3,226,0.34873172640800476
971,3,227,0.24691855907440186
972,3,228,0.26474660634994507
973,3,229,0.2501734495162964
974,3,230,0.3055585026741028
975,3,231,0.21553686261177063
976,3,232,0.4233027994632721
977,3,233,0.29638123512268066
978,3,234,0.25820761919021606
979,3,235,0.23622533679008484
980,3,236,0.6057751774787903
981,3,237,0.2805008292198181
982,3,238,0.25482499599456787
983,3,239,0.278294175863266
984,3,240,0.2735215425491333
985,3,241,0.23453783988952637
986,3,242,0.2609139084815979
987,3,243,0.24693891406059265
988,3,244,0.32021647691726685
989,3,245,0.22473447024822235
990,3,246,0.2867131233215332
991,3,247,0.3257153034210205
992,3,248,0.27995675802230835
993,3,249,0.2742078900337219
994,3,250,0.2771550714969635
995,3,251,0.26177114248275757
996,3,252,0.2547420561313629
997,3,253,0.6306985020637512
998,3,254,0.2678849697113037
999,3,255,0.3533075749874115
1000,3,256,0.27110832929611206
1001,3,257,0.2868730127811432
1002,3,258,0.30008232593536377
1003,3,259,0.25415271520614624
1004,3,260,0.26048970222473145
1005,3,261,0.28918731212615967
1006,3,262,0.28452378511428833
1007,3,263,0.24962565302848816
1008,3,264,0.35075321793556213
1009,3,265,0.20522825419902802
1010,3,266,0.7196269035339355
1011,3,267,0.3454422354698181
1012,3,268,0.25930675864219666
1013,3,269,0.2626914381980896
1014,3,270,0.2947445511817932
1015,3,271,0.2775513529777527
1016,3,272,0.23997752368450165
1017,3,273,0.2261180579662323
1018,3,274,0.2895916998386383
1019,3,275,0.29359370470046997
1020,3,276,0.24574768543243408
1021,3,277,0.286672979593277
1022,3,278,0.25884461402893066
1023,3,279,0.3139477074146271
1024,3,280,0.27601149678230286
1025,3,281,0.2971118092536926
1026,3,282,0.27991992235183716
1027,3,283,0.30066102743148804
1028,3,284,0.3175877034664154
1029,3,285,0.26616501808166504
1030,3,286,0.22562766075134277
1031,3,287,0.32545384764671326
1032,3,288,0.6747109293937683
1033,3,289,0.21794192492961884
1034,3,290,0.3847179412841797
1035,3,291,0.23362497985363007
1036,3,292,0.2949012219905853
1037,3,293,0.22552375495433807
1038,3,294,0.29179736971855164
1039,3,295,0.299241840839386
1040,3,296,0.20160052180290222
1041,3,297,0.26580703258514404
1042,3,298,0.2747555673122406
1043,3,299,0.24976274371147156
1044,3,300,0.2559026777744293
1045,3,301,0.3453834652900696
1046,3,302,0.43519648909568787
1047,3,303,0.25711625814437866
1048,3,304,0.3397964835166931
1049,3,305,0.31316640973091125
1050,3,306,0.261520117521286
1051,3,307,0.3162537217140198
1052,3,308,0.2454357147216797
1053,3,309,0.2421247661113739
1054,3,310,0.26388365030288696
1055,3,311,0.2008797824382782
1056,3,312,0.24352535605430603
1057,3,313,0.24329933524131775
1058,3,314,0.26922371983528137
1059,3,315,0.38374996185302734
1060,3,316,0.2859871983528137
1061,3,317,0.2232930213212967
1062,3,318,0.25512880086898804
1063,3,319,0.3218093514442444
1064,3,320,0.32383376359939575
1065,3,321,0.31931960582733154
1066,3,322,0.29301267862319946
1067,3,323,0.2198595106601715
1068,3,324,0.292735755443573
1069,3,325,0.2745858430862427
1070,3,326,0.2814902663230896
1071,3,327,0.24240529537200928
1072,3,328,0.27532097697257996
1073,3,329,0.24639156460762024
1074,3,330,0.2810099124908447
1075,3,331,0.23345443606376648
1076,3,332,0.3043507933616638
1077,3,333,0.4013369083404541
1078,3,334,0.28620174527168274
1079,3,335,0.2306673228740692
1080,3,336,0.24135562777519226
1081,3,337,0.23295822739601135
1082,3,338,0.29618698358535767
1083,3,339,0.3239886462688446
1084,3,340,0.23562760651111603
1085,3,341,0.258624792098999
1086,3,342,0.38828930258750916
1087,3,343,0.25222593545913696
1088,3,344,0.3177657127380371
1089,3,345,0.3031095564365387
1090,3,346,0.260063111782074
1091,3,347,0.30767732858657837
1092,3,348,0.2189086228609085
1093,3,349,0.2954309284687042
1094,3,350,0.2978959083557129
1095,3,351,0.2800208330154419
1096,3,352,0.23411241173744202
1097,3,353,0.20733101665973663
1098,3,354,0.2924405038356781
1099,3,355,0.21059171855449677
1100,3,356,0.30048632621765137
1101,3,357,0.23779574036598206
1102,3,358,0.27444541454315186
1103,3,359,0.2991713881492615
1104,3,360,0.2648065686225891
1105,3,361,0.2892773151397705
1106,3,362,0.25849679112434387
1107,3,363,0.29973411560058594
1108,3,364,0.24236412346363068
1109,3,365,0.36651578545570374
1110,3,366,0.2630487084388733
1111,3,367,0.31250789761543274
1112,3,368,0.33939120173454285
1113,3,369,0.24265003204345703
1114,3,370,0.2640678882598877
1115,3,371,0.29571932554244995
1116,3,372,0.29297196865081787
1117,4,1,0.3111158311367035
1118,4,2,0.3947224020957947
1119,4,3,0.22366252541542053
1120,4,4,0.2510144114494324
1121,4,5,0.3376995623111725
1122,4,6,0.29779377579689026
1123,4,7,0.25257474184036255
1124,4,8,0.3462236225605011
1125,4,9,0.27302616834640503
1126,4,10,0.23815612494945526
1127,4,11,0.23092100024223328
1128,4,12,0.2784580588340759
1129,4,13,0.256198525428772
1130,4,14,0.25922995805740356
1131,4,15,0.2542753219604492
1132,4,16,0.2661293148994446
1133,4,17,0.30492374300956726
1134,4,18,0.22696515917778015
1135,4,19,0.28214263916015625
1136,4,20,0.2746961712837219
1137,4,21,0.20041076838970184
1138,4,22,0.24255354702472687
1139,4,23,0.24193541705608368
1140,4,24,0.2816661298274994
1141,4,25,0.21268829703330994
1142,4,26,0.25848388671875
1143,4,27,0.25804635882377625
1144,4,28,0.23272395133972168
1145,4,29,0.270896852016449
1146,4,30,0.2520858347415924
1147,4,31,0.5831700563430786
1148,4,32,0.27890631556510925
1149,4,33,0.21924909949302673
1150,4,34,0.2257142812013626
1151,4,35,0.3491688370704651
1152,4,36,0.27568376064300537
1153,4,37,0.22774961590766907
1154,4,38,0.2439582794904709
1155,4,39,0.32720184326171875
1156,4,40,0.3443111777305603
1157,4,41,0.22281837463378906
1158,4,42,0.2150767594575882
1159,4,43,0.25352853536605835
1160,4,44,0.2613992691040039
1161,4,45,0.32140594720840454
1162,4,46,0.26519978046417236
1163,4,47,0.24584457278251648
1164,4,48,0.24198365211486816
1165,4,49,0.27214890718460083
1166,4,50,0.5139361619949341
1167,4,51,0.30301952362060547
1168,4,52,0.253904789686203
1169,4,53,0.2547789216041565
1170,4,54,0.36630815267562866
1171,4,55,0.21854403614997864
1172,4,56,0.17346176505088806
1173,4,57,0.3118446171283722
1174,4,58,0.2241307497024536
1175,4,59,0.5686569213867188
1176,4,60,0.3352898955345154
1177,4,61,0.2334168404340744
1178,4,62,0.23861069977283478
1179,4,63,0.30186784267425537
1180,4,64,0.21378307044506073
1181,4,65,0.24970729649066925
1182,4,66,0.2523200213909149
1183,4,67,0.2384362518787384
1184,4,68,0.24756291508674622
1185,4,69,0.27735385298728943
1186,4,70,0.2266228199005127
1187,4,71,0.21070413291454315
1188,4,72,0.32666683197021484
1189,4,73,0.27931472659111023
1190,4,74,0.26667430996894836
1191,4,75,0.28027576208114624
1192,4,76,0.2371199131011963
1193,4,77,0.2890389561653137
1194,4,78,0.19439619779586792
1195,4,79,0.2106814831495285
1196,4,80,0.23346753418445587
1197,4,81,0.19631043076515198
1198,4,82,0.20842798054218292
1199,4,83,0.27470555901527405
1200,4,84,0.2967081665992737
1201,4,85,0.34223324060440063
1202,4,86,0.3015328347682953
1203,4,87,0.20368044078350067
1204,4,88,0.22546055912971497
1205,4,89,0.28989672660827637
1206,4,90,0.2596288025379181
1207,4,91,0.287179559469223
1208,4,92,0.2479700744152069
1209,4,93,0.2834916412830353
1210,4,94,0.49272212386131287
1211,4,95,0.2375425100326538
1212,4,96,0.3299180865287781
1213,4,97,0.2359458953142166
1214,4,98,0.2527638375759125
1215,4,99,0.3143993020057678
1216,4,100,0.3055001199245453
1217,4,101,0.30752962827682495
1218,4,102,0.2636072635650635
1219,4,103,0.2857079803943634
1220,4,104,0.2436581403017044
1221,4,105,0.20102758705615997
1222,4,106,0.3225923478603363
1223,4,107,0.2914036512374878
1224,4,108,0.3350192904472351
1225,4,109,0.2943001389503479
1226,4,110,0.23278264701366425
1227,4,111,0.20679780840873718
1228,4,112,0.22708702087402344
1229,4,113,0.24906858801841736
1230,4,114,0.2662551701068878
1231,4,115,0.26816147565841675
1232,4,116,0.26247602701187134
1233,4,117,0.18810856342315674
1234,4,118,0.20358116924762726
1235,4,119,0.26589852571487427
1236,4,120,0.24314360320568085
1237,4,121,0.2843810021877289
1238,4,122,0.6405162811279297
1239,4,123,0.190238356590271
1240,4,124,0.24386075139045715
1241,4,125,0.22198083996772766
1242,4,126,0.2418159693479538
1243,4,127,0.27315253019332886
1244,4,128,0.25687935948371887
1245,4,129,0.2775709927082062
1246,4,130,0.239665225148201
1247,4,131,0.5048993825912476
1248,4,132,0.24820026755332947
1249,4,133,0.2804427444934845
1250,4,134,0.23709216713905334
1251,4,135,0.36004048585891724
1252,4,136,0.24981901049613953
1253,4,137,0.2512451708316803
1254,4,138,0.2525339126586914
1255,4,139,0.3659248650074005
1256,4,140,0.26348942518234253
1257,4,141,0.5357955694198608
1258,4,142,0.2775167226791382
1259,4,143,0.20160138607025146
1260,4,144,0.24957787990570068
1261,4,145,0.27283939719200134
1262,4,146,0.29992571473121643
1263,4,147,0.2888963520526886
1264,4,148,0.2093214988708496
1265,4,149,0.24097856879234314
1266,4,150,0.3025612533092499
1267,4,151,0.2226620614528656
1268,4,152,0.26050540804862976
1269,4,153,0.28820326924324036
1270,4,154,0.2560250759124756
1271,4,155,0.3224145472049713
1272,4,156,0.2540099024772644
1273,4,157,0.29978451132774353
1274,4,158,0.28197795152664185
1275,4,159,0.2691930830478668
1276,4,160,0.27579987049102783
1277,4,161,0.24011202156543732
1278,4,162,0.24649250507354736
1279,4,163,0.2422061413526535
1280,4,164,0.3183228373527527
1281,4,165,0.2989200949668884
1282,4,166,0.29666441679000854
1283,4,167,0.3070407509803772
1284,4,168,0.350490927696228
1285,4,169,0.25598520040512085
1286,4,170,0.24594219028949738
1287,4,171,0.2453344166278839
1288,4,172,0.23022277653217316
1289,4,173,0.2309572994709015
1290,4,174,0.3240922689437866
1291,4,175,0.3383437991142273
1292,4,176,0.30220216512680054
1293,4,177,0.25955623388290405
1294,4,178,0.20905959606170654
1295,4,179,0.2656950354576111
1296,4,180,0.23123426735401154
1297,4,181,0.3135276734828949
1298,4,182,0.19409401714801788
1299,4,183,0.26064199209213257
1300,4,184,0.2532286047935486
1301,4,185,0.25780269503593445
1302,4,186,0.261961966753006
1303,4,187,0.25925731658935547
1304,4,188,0.2681622803211212
1305,4,189,0.24209299683570862
1306,4,190,0.3086569905281067
1307,4,191,0.21619641780853271
1308,4,192,0.30482417345046997
1309,4,193,0.20769965648651123
1310,4,194,0.26075059175491333
1311,4,195,0.2279709279537201
1312,4,196,0.3087920546531677
1313,4,197,0.24461540579795837
1314,4,198,0.24288435280323029
1315,4,199,0.2107308804988861
1316,4,200,0.25648927688598633
1317,4,201,0.26530396938323975
1318,4,202,0.32156434655189514
1319,4,203,0.25351500511169434
1320,4,204,0.5562365651130676
1321,4,205,0.2761611342430115
1322,4,206,0.2501111626625061
1323,4,207,0.2391403615474701
1324,4,208,0.2962295413017273
1325,4,209,0.22800835967063904
1326,4,210,0.28962957859039307
1327,4,211,0.4592631459236145
1328,4,212,0.25480151176452637
1329,4,213,0.32418352365493774
1330,4,214,0.22109811007976532
1331,4,215,0.24291297793388367
1332,4,216,0.23676756024360657
1333,4,217,0.29869306087493896
1334,4,218,0.2813836634159088
1335,4,219,0.18996521830558777
1336,4,220,0.2523873448371887
1337,4,221,0.2629481852054596
1338,4,222,0.2459625005722046
1339,4,223,0.2507382035255432
1340,4,224,0.2946842908859253
1341,4,225,0.24053847789764404
1342,4,226,0.28108346462249756
1343,4,227,0.24956636130809784
1344,4,228,0.2879946231842041
1345,4,229,0.3958764672279358
1346,4,230,0.19391503930091858
1347,4,231,0.24754559993743896
1348,4,232,0.2013029307126999
1349,4,233,0.27537816762924194
1350,4,234,0.2515687346458435
1351,4,235,0.27768200635910034
1352,4,236,0.2860127389431
1353,4,237,0.2688017785549164
1354,4,238,0.3209768235683441
1355,4,239,0.22552844882011414
1356,4,240,0.20860616862773895
1357,4,241,0.24568545818328857
1358,4,242,0.22108669579029083
1359,4,243,0.2140342891216278
1360,4,244,0.2090323269367218
1361,4,245,0.24505312740802765
1362,4,246,0.2273315191268921
1363,4,247,0.3008328378200531
1364,4,248,0.22750286757946014
1365,4,249,0.2786223292350769
1366,4,250,0.22270986437797546
1367,4,251,0.32038992643356323
1368,4,252,0.2675486207008362
1369,4,253,0.25849229097366333
1370,4,254,0.19561225175857544
1371,4,255,0.2071252316236496
1372,4,256,0.18854427337646484
1373,4,257,0.24111422896385193
1374,4,258,0.2639617323875427
1375,4,259,0.2696922719478607
1376,4,260,0.23544056713581085
1377,4,261,0.34205010533332825
1378,4,262,0.25911158323287964
1379,4,263,0.41226035356521606
1380,4,264,0.2757066786289215
1381,4,265,0.2606082856655121
1382,4,266,0.29285866022109985
1383,4,267,0.2335561215877533
1384,4,268,0.25286024808883667
1385,4,269,0.23611783981323242
1386,4,270,0.4933013319969177
1387,4,271,0.21358183026313782
1388,4,272,0.28873831033706665
1389,4,273,0.2557501494884491
1390,4,274,0.25088343024253845
1391,4,275,0.3290635347366333
1392,4,276,0.26276087760925293
1393,4,277,0.22868895530700684
1394,4,278,0.3375505805015564
1395,4,279,0.23428568243980408
1396,4,280,0.2254355251789093
1397,4,281,0.24844899773597717
1398,4,282,0.302829384803772
1399,4,283,0.2785046100616455
1400,4,284,0.2692683935165405
1401,4,285,0.2160778045654297
1402,4,286,0.2327784299850464
1403,4,287,0.3049733340740204
1404,4,288,0.23934657871723175
1405,4,289,0.2686920762062073
1406,4,290,0.29522186517715454
1407,4,291,0.1709541529417038
1408,4,292,0.2727389931678772
1409,4,293,0.21702566742897034
1410,4,294,0.21874010562896729
1411,4,295,0.2808728814125061
1412,4,296,0.3098769783973694
1413,4,297,0.2753238379955292
1414,4,298,0.2688484489917755
1415,4,299,0.19441469013690948
1416,4,300,0.2599698007106781
1417,4,301,0.22983022034168243
1418,4,302,0.2544219493865967
1419,4,303,0.2436349093914032
1420,4,304,0.29935261607170105
1421,4,305,0.2593735158443451
1422,4,306,0.2698899209499359
1423,4,307,0.2530302107334137
1424,4,308,0.3195815980434418
1425,4,309,0.2642357349395752
1426,4,310,0.6385012865066528
1427,4,311,0.30354171991348267
1428,4,312,0.3059919476509094
1429,4,313,0.2913758456707001
1430,4,314,0.24975605309009552
1431,4,315,0.2973076403141022
1432,4,316,0.19746318459510803
1433,4,317,0.21007207036018372
1434,4,318,0.21734151244163513
1435,4,319,0.25473570823669434
1436,4,320,0.2413785457611084
1437,4,321,0.26790517568588257
1438,4,322,0.2503407895565033
1439,4,323,0.26533031463623047
1440,4,324,0.25321081280708313
1441,4,325,0.38543441891670227
1442,4,326,0.23096612095832825
1443,4,327,0.23443329334259033
1444,4,328,0.2545057237148285
1445,4,329,0.27873319387435913
1446,4,330,0.2440032958984375
1447,4,331,0.21842464804649353
1448,4,332,0.25905129313468933
1449,4,333,0.2493205964565277
1450,4,334,0.24999818205833435
1451,4,335,0.16363131999969482
1452,4,336,0.27003926038742065
1453,4,337,0.26822638511657715
1454,4,338,0.2561137080192566
1455,4,339,0.2934373915195465
1456,4,340,0.27366170287132263
1457,4,341,0.32247963547706604
1458,4,342,0.22935780882835388
1459,4,343,0.26812857389450073
1460,4,344,0.23735778033733368
1461,4,345,0.3009660542011261
1462,4,346,0.22788996994495392
1463,4,347,0.2767724394798279
1464,4,348,0.1797962188720703
1465,4,349,0.29295140504837036
1466,4,350,0.23974481225013733
1467,4,351,0.18679535388946533
1468,4,352,0.26608049869537354
1469,4,353,0.20819790661334991
1470,4,354,0.24680456519126892
1471,4,355,0.23062947392463684
1472,4,356,0.2627546787261963
1473,4,357,0.20612628757953644
1474,4,358,0.2792273163795471
1475,4,359,0.2536122500896454
1476,4,360,0.2006821185350418
1477,4,361,0.22682058811187744
1478,4,362,0.21326065063476562
1479,4,363,0.26073452830314636
1480,4,364,0.16696321964263916
1481,4,365,0.59715735912323
1482,4,366,0.23492427170276642
1483,4,367,0.28904762864112854
1484,4,368,0.29811400175094604
1485,4,369,0.24941512942314148
1486,4,370,0.2743639349937439
1487,4,371,0.32296302914619446
1488,4,372,0.22264045476913452
1489,5,1,0.20949506759643555
1490,5,2,0.20666134357452393
1491,5,3,0.2570662200450897
1492,5,4,0.22583648562431335
1493,5,5,0.21890835464000702
1494,5,6,0.22044336795806885
1495,5,7,0.2568366527557373
1496,5,8,0.23830237984657288
1497,5,9,0.25820285081863403
1498,5,10,0.2668417990207672
1499,5,11,0.22727999091148376
1500,5,12,0.5741737484931946
1501,5,13,0.29870373010635376
1502,5,14,0.22407826781272888
1503,5,15,0.6564191579818726
1504,5,16,0.24415621161460876
1505,5,17,0.28701096773147583
1506,5,18,0.30082449316978455
1507,5,19,0.26254281401634216
1508,5,20,0.19797444343566895
1509,5,21,0.23287621140480042
1510,5,22,0.3386666774749756
1511,5,23,0.1920570284128189
1512,5,24,0.24143731594085693
1513,5,25,0.26480114459991455
1514,5,26,0.29544493556022644
1515,5,27,0.25401726365089417
1516,5,28,0.27368196845054626
1517,5,29,0.18504443764686584
1518,5,30,0.283499151468277
1519,5,31,0.25874343514442444
1520,5,32,0.23113863170146942
1521,5,33,0.413311630487442
1522,5,34,0.2411237508058548
1523,5,35,0.29335033893585205
1524,5,36,0.2092328816652298
1525,5,37,0.20010657608509064
1526,5,38,0.21798186004161835
1527,5,39,0.30105894804000854
1528,5,40,0.20311260223388672
1529,5,41,0.1845971643924713
1530,5,42,0.24197354912757874
1531,5,43,0.2118215262889862
1532,5,44,0.26341623067855835
1533,5,45,0.26745057106018066
1534,5,46,0.21364402770996094
1535,5,47,0.24071410298347473
1536,5,48,0.22578749060630798
1537,5,49,0.21251285076141357
1538,5,50,0.34029731154441833
1539,5,51,0.27452462911605835
1540,5,52,0.2370186746120453
1541,5,53,0.23112089931964874
1542,5,54,0.2475932091474533
1543,5,55,0.25341683626174927
1544,5,56,0.528795599937439
1545,5,57,0.20037424564361572
1546,5,58,0.23577025532722473
1547,5,59,0.23972387611865997
1548,5,60,0.22154586017131805
1549,5,61,0.26816272735595703
1550,5,62,0.23982012271881104
1551,5,63,0.21706116199493408
1552,5,64,0.2399211823940277
1553,5,65,0.3201759457588196
1554,5,66,0.2026660442352295
1555,5,67,0.2561742067337036
1556,5,68,0.21740052103996277
1557,5,69,0.29402023553848267
1558,5,70,0.26803556084632874
1559,5,71,0.27136722207069397
1560,5,72,0.20033840835094452
1561,5,73,0.27238085865974426
1562,5,74,0.2990643382072449
1563,5,75,0.21697887778282166
1564,5,76,0.2914818823337555
1565,5,77,0.1864793449640274
1566,5,78,0.25618261098861694
1567,5,79,0.1967131793498993
1568,5,80,0.21976855397224426
1569,5,81,0.2826913595199585
1570,5,82,0.3029491603374481
1571,5,83,0.22924382984638214
1572,5,84,0.33438441157341003
1573,5,85,0.26675695180892944
1574,5,86,0.23263144493103027
1575,5,87,0.28845489025115967
1576,5,88,0.2634755074977875
1577,5,89,0.1949572116136551
1578,5,90,0.19719479978084564
1579,5,91,0.2597055435180664
1580,5,92,0.2347944974899292
1581,5,93,0.24319317936897278
1582,5,94,0.22073832154273987
1583,5,95,0.2487029731273651
1584,5,96,0.23367901146411896
1585,5,97,0.27528998255729675
1586,5,98,0.22279734909534454
1587,5,99,0.6248687505722046
1588,5,100,0.25090575218200684
1589,5,101,0.29184964299201965
1590,5,102,0.20814311504364014
1591,5,103,0.18846642971038818
1592,5,104,0.27341336011886597
1593,5,105,0.20735466480255127
1594,5,106,0.21369457244873047
1595,5,107,0.3119225800037384
1596,5,108,0.21008357405662537
1597,5,109,0.23532597720623016
1598,5,110,0.2143603265285492
1599,5,111,0.2170340120792389
1600,5,112,0.3706786632537842
1601,5,113,0.21319448947906494
1602,5,114,0.23535478115081787
1603,5,115,0.22327399253845215
1604,5,116,0.26580673456192017
1605,5,117,0.21328791975975037
1606,5,118,0.21097056567668915
1607,5,119,0.272201269865036
1608,5,120,0.41066622734069824
1609,5,121,0.25202658772468567
1610,5,122,0.2337956428527832
1611,5,123,0.23865175247192383
1612,5,124,0.20312058925628662
1613,5,125,0.28458526730537415
1614,5,126,0.26843783259391785
1615,5,127,0.27044564485549927
1616,5,128,0.30210813879966736
1617,5,129,0.25207072496414185
1618,5,130,0.23323559761047363
1619,5,131,0.2522455155849457
1620,5,132,0.2597702741622925
1621,5,133,0.20485012233257294
1622,5,134,0.2240031510591507
1623,5,135,0.23783394694328308
1624,5,136,0.22548742592334747
1625,5,137,0.22592946887016296
1626,5,138,0.42127132415771484
1627,5,139,0.23118087649345398
1628,5,140,0.24747462570667267
1629,5,141,0.23399674892425537
1630,5,142,0.25846266746520996
1631,5,143,0.2200576812028885
1632,5,144,0.27054038643836975
1633,5,145,0.4216367304325104
1634,5,146,0.26263341307640076
1635,5,147,0.31578320264816284
1636,5,148,0.21628841757774353
1637,5,149,0.27299976348876953
1638,5,150,0.2536613345146179
1639,5,151,0.2206408679485321
1640,5,152,0.22306370735168457
1641,5,153,0.28659990429878235
1642,5,154,0.22520509362220764
1643,5,155,0.2747129797935486
1644,5,156,0.2646695673465729
1645,5,157,0.2150249183177948
1646,5,158,0.22036997973918915
1647,5,159,0.2616710364818573
1648,5,160,0.28710535168647766
1649,5,161,0.26948994398117065
1650,5,162,0.2038561850786209
1651,5,163,0.19339166581630707
1652,5,164,0.19663503766059875
1653,5,165,0.23554721474647522
1654,5,166,0.2881626784801483
1655,5,167,0.21662016212940216
1656,5,168,0.20052818953990936
1657,5,169,0.26510047912597656
1658,5,170,0.2590027451515198
1659,5,171,0.2731114327907562
1660,5,172,0.23349419236183167
1661,5,173,0.23621566593647003
1662,5,174,0.22124561667442322
1663,5,175,0.2581656575202942
1664,5,176,0.24064965546131134
1665,5,177,0.22186946868896484
1666,5,178,0.23380477726459503
1667,5,179,0.23065738379955292
1668,5,180,0.2845998704433441
1669,5,181,0.2661186754703522
1670,5,182,0.2953692376613617
1671,5,183,0.21318192780017853
1672,5,184,0.33455607295036316
1673,5,185,0.24628588557243347
1674,5,186,0.24821734428405762
1675,5,187,0.17227216064929962
1676,5,188,0.25139111280441284
1677,5,189,0.24600860476493835
1678,5,190,0.25009292364120483
1679,5,191,0.21018341183662415
1680,5,192,0.27416113018989563
1681,5,193,0.20839352905750275
1682,5,194,0.2643195688724518
1683,5,195,0.20528559386730194
1684,5,196,0.21587367355823517
1685,5,197,0.20282968878746033
1686,5,198,0.23132829368114471
1687,5,199,0.30653122067451477
1688,5,200,0.21057848632335663
1689,5,201,0.3248692750930786
1690,5,202,0.1877109706401825
1691,5,203,0.5924109220504761
1692,5,204,0.2353038340806961
1693,5,205,0.2696046233177185
1694,5,206,0.2738957405090332
1695,5,207,0.2906416654586792
1696,5,208,0.27177590131759644
1697,5,209,0.2381782829761505
1698,5,210,0.21387524902820587
1699,5,211,0.2916339337825775
1700,5,212,0.2516018748283386
1701,5,213,0.24549928307533264
1702,5,214,0.27924445271492004
1703,5,215,0.2929700016975403
1704,5,216,0.19620545208454132
1705,5,217,0.3548124134540558
1706,5,218,0.20252332091331482
1707,5,219,0.18532595038414001
1708,5,220,0.22949659824371338
1709,5,221,0.22225014865398407
1710,5,222,0.2597326338291168
1711,5,223,0.244582861661911
1712,5,224,0.28216490149497986
1713,5,225,0.23110289871692657
1714,5,226,0.23825545608997345
1715,5,227,0.2797466218471527
1716,5,228,0.26319772005081177
1717,5,229,0.20127113163471222
1718,5,230,0.2457246035337448
1719,5,231,0.2171941101551056
1720,5,232,0.5783523321151733
1721,5,233,0.17071987688541412
1722,5,234,0.5867929458618164
1723,5,235,0.21361573040485382
1724,5,236,0.2446795403957367
1725,5,237,0.27906283736228943
1726,5,238,0.2618587613105774
1727,5,239,0.23848208785057068
1728,5,240,0.32517462968826294
1729,5,241,0.27721697092056274
1730,5,242,0.301983118057251
1731,5,243,0.2424403727054596
1732,5,244,0.18827630579471588
1733,5,245,0.24538858234882355
1734,5,246,0.49136224389076233
1735,5,247,0.2443677932024002
1736,5,248,0.22751903533935547
1737,5,249,0.3496294617652893
1738,5,250,0.26144903898239136
1739,5,251,0.18800750374794006
1740,5,252,0.21426574885845184
1741,5,253,0.2081986963748932
1742,5,254,0.24517986178398132
1743,5,255,0.22622065246105194
1744,5,256,0.26229777932167053
1745,5,257,0.20560041069984436
1746,5,258,0.24068966507911682
1747,5,259,0.25809359550476074
1748,5,260,0.2754684090614319
1749,5,261,0.20393764972686768
1750,5,262,0.20519571006298065
1751,5,263,0.27136510610580444
1752,5,264,0.2222118377685547
1753,5,265,0.1930583417415619
1754,5,266,0.22502616047859192
1755,5,267,0.2522432804107666
1756,5,268,0.204008549451828
1757,5,269,0.47200775146484375
1758,5,270,0.2635544240474701
1759,5,271,0.25648701190948486
1760,5,272,0.2101692408323288
1761,5,273,0.2247353047132492
1762,5,274,0.2827722728252411
1763,5,275,0.23714379966259003
1764,5,276,0.2540290951728821
1765,5,277,0.2398708611726761
1766,5,278,0.26064741611480713
1767,5,279,0.2437221109867096
1768,5,280,0.2531362771987915
1769,5,281,0.2162146270275116
1770,5,282,0.25142475962638855
1771,5,283,0.21233849227428436
1772,5,284,0.21915654838085175
1773,5,285,0.24270948767662048
1774,5,286,0.2697508633136749
1775,5,287,0.2406691610813141
1776,5,288,0.2992708086967468
1777,5,289,0.2707549035549164
1778,5,290,0.2591577172279358
1779,5,291,0.254401832818985
1780,5,292,0.2626335620880127
1781,5,293,0.2750428020954132
1782,5,294,0.2751706838607788
1783,5,295,0.44049492478370667
1784,5,296,0.26845115423202515
1785,5,297,0.23211435973644257
1786,5,298,0.2628175616264343
1787,5,299,0.27989083528518677
1788,5,300,0.2768188714981079
1789,5,301,0.26292288303375244
1790,5,302,0.22027269005775452
1791,5,303,0.214866042137146
1792,5,304,0.2368052750825882
1793,5,305,0.505347490310669
1794,5,306,0.224838525056839
1795,5,307,0.28493624925613403
1796,5,308,0.31114330887794495
1797,5,309,0.2661076486110687
1798,5,310,0.31766006350517273
1799,5,311,0.2557533383369446
1800,5,312,0.2352570742368698
1801,5,313,0.3110963702201843
1802,5,314,0.22937226295471191
1803,5,315,0.22592487931251526
1804,5,316,0.22610323131084442
1805,5,317,0.21805834770202637
1806,5,318,0.2517508864402771
1807,5,319,0.2566175162792206
1808,5,320,0.22225725650787354
1809,5,321,0.2373201549053192
1810,5,322,0.2695842385292053
1811,5,323,0.2683958411216736
1812,5,324,0.2866603136062622
1813,5,325,0.19127413630485535
1814,5,326,0.24982014298439026
1815,5,327,0.2120513617992401
1816,5,328,0.22425062954425812
1817,5,329,0.23783215880393982
1818,5,330,0.19105932116508484
1819,5,331,0.22871530055999756
1820,5,332,0.2562824785709381
1821,5,333,0.24168094992637634
1822,5,334,0.1982222944498062
1823,5,335,0.21188095211982727
1824,5,336,0.27131181955337524
1825,5,337,0.2094523161649704
1826,5,338,0.23766262829303741
1827,5,339,0.2746306359767914
1828,5,340,0.2876582741737366
1829,5,341,0.19965341687202454
1830,5,342,0.36385688185691833
1831,5,343,0.19896315038204193
1832,5,344,0.2726220488548279
1833,5,345,0.24543273448944092
1834,5,346,0.24062678217887878
1835,5,347,0.21660442650318146
1836,5,348,0.19224131107330322
1837,5,349,0.2501521706581116
1838,5,350,0.18277508020401
1839,5,351,0.21949973702430725
1840,5,352,0.21357300877571106
1841,5,353,0.28046125173568726
1842,5,354,0.24975159764289856
1843,5,355,0.20721063017845154
1844,5,356,0.26514244079589844
1845,5,357,0.7064090967178345
1846,5,358,0.3094397485256195
1847,5,359,0.28341373801231384
1848,5,360,0.1894562989473343
1849,5,361,0.29781779646873474
1850,5,362,0.23526298999786377
1851,5,363,0.22721049189567566
1852,5,364,0.24428074061870575
1853,5,365,0.24045686423778534
1854,5,366,0.22723349928855896
1855,5,367,0.2286946028470993
1856,5,368,0.23626704514026642
1857,5,369,0.25732025504112244
1858,5,370,0.23467043042182922
1859,5,371,0.24671907722949982
1860,5,372,0.2818731367588043
1861,6,1,0.23760691285133362
1862,6,2,0.2370017021894455
1863,6,3,0.2554158568382263
1864,6,4,0.25792163610458374
1865,6,5,0.20027577877044678
1866,6,6,0.2267354428768158
1867,6,7,0.25075629353523254
1868,6,8,0.2932566702365875
1869,6,9,0.24148592352867126
1870,6,10,0.2737376391887665
1871,6,11,0.2202509343624115
1872,6,12,0.20318107306957245
1873,6,13,0.24303440749645233
1874,6,14,0.22105605900287628
1875,6,15,0.16564974188804626
1876,6,16,0.21726293861865997
1877,6,17,0.27154454588890076
1878,6,18,0.22331979870796204
1879,6,19,0.2695676386356354
1880,6,20,0.2713247239589691
1881,6,21,0.2684243321418762
1882,6,22,0.19960029423236847
1883,6,23,0.21568052470684052
1884,6,24,0.3743601441383362
1885,6,25,0.19994425773620605
1886,6,26,0.22501203417778015
1887,6,27,0.1933024823665619
1888,6,28,0.19904442131519318
1889,6,29,0.2294086217880249
1890,6,30,0.23535192012786865
1891,6,31,0.26925545930862427
1892,6,32,0.20303373038768768
1893,6,33,0.210905522108078
1894,6,34,0.20339488983154297
1895,6,35,0.37885424494743347
1896,6,36,0.1668940782546997
1897,6,37,0.44401106238365173
1898,6,38,0.22115683555603027
1899,6,39,0.2166997194290161
1900,6,40,0.21290285885334015
1901,6,41,0.20483729243278503
1902,6,42,0.2100677490234375
1903,6,43,0.23876109719276428
1904,6,44,0.27906447649002075
1905,6,45,0.2221919745206833
1906,6,46,0.24728330969810486
1907,6,47,0.2287895679473877
1908,6,48,0.2500336766242981
1909,6,49,0.2475135326385498
1910,6,50,0.26063403487205505
1911,6,51,0.24896299839019775
1912,6,52,0.2082711011171341
1913,6,53,0.22557556629180908
1914,6,54,0.27970391511917114
1915,6,55,0.2584535479545593
1916,6,56,0.22492274641990662
1917,6,57,0.2402682602405548
1918,6,58,0.2846338152885437
1919,6,59,0.30322277545928955
1920,6,60,0.2022000104188919
1921,6,61,0.27230262756347656
1922,6,62,0.1887577474117279
1923,6,63,0.21352168917655945
1924,6,64,0.48307961225509644
1925,6,65,0.2612188458442688
1926,6,66,0.29747897386550903
1927,6,67,0.2552054226398468
1928,6,68,0.21518254280090332
1929,6,69,0.24095556139945984
1930,6,70,0.23058107495307922
1931,6,71,0.2213592529296875
1932,6,72,0.25504305958747864
1933,6,73,0.31357648968696594
1934,6,74,0.16203564405441284
1935,6,75,0.25914114713668823
1936,6,76,0.19599570333957672
1937,6,77,0.2063715010881424
1938,6,78,0.22828646004199982
1939,6,79,0.48247820138931274
1940,6,80,0.23124149441719055
1941,6,81,0.23842091858386993
1942,6,82,0.2245669811964035
1943,6,83,0.2090878039598465
1944,6,84,0.2694525420665741
1945,6,85,0.25763368606567383
1946,6,86,0.19516170024871826
1947,6,87,0.20057182013988495
1948,6,88,0.22567017376422882
1949,6,89,0.2628132700920105
1950,6,90,0.2095368355512619
1951,6,91,0.2812189757823944
1952,6,92,0.18790017068386078
1953,6,93,0.2606199085712433
1954,6,94,0.24474689364433289
1955,6,95,0.24132362008094788
1956,6,96,0.2024116814136505
1957,6,97,0.22707661986351013
1958,6,98,0.2667427062988281
1959,6,99,0.19346573948860168
1960,6,100,0.26388728618621826
1961,6,101,0.233134463429451
1962,6,102,0.19867485761642456
1963,6,103,0.7131346464157104
1964,6,104,0.18901512026786804
1965,6,105,0.21046975255012512
1966,6,106,0.2020094394683838
1967,6,107,0.1949877291917801
1968,6,108,0.21625152230262756
1969,6,109,0.3163124620914459
1970,6,110,0.18729202449321747
1971,6,111,0.21776238083839417
1972,6,112,0.2303280383348465
1973,6,113,0.22079864144325256
1974,6,114,0.40559038519859314
1975,6,115,0.26004692912101746
1976,6,116,0.18457280099391937
1977,6,117,0.2124658077955246
1978,6,118,0.2123575657606125
1979,6,119,0.18769465386867523
1980,6,120,0.22213220596313477
1981,6,121,0.21268586814403534
1982,6,122,0.19739416241645813
1983,6,123,0.2374936044216156
1984,6,124,0.22622303664684296
1985,6,125,0.19117318093776703
1986,6,126,0.20156535506248474
1987,6,127,0.21759891510009766
1988,6,128,0.19499729573726654
1989,6,129,0.19067342579364777
1990,6,130,0.20621514320373535
1991,6,131,0.2250988930463791
1992,6,132,0.3045656383037567
1993,6,133,0.24034933745861053
1994,6,134,0.25028640031814575
1995,6,135,0.2243305742740631
1996,6,136,0.24282777309417725
1997,6,137,0.20265033841133118
1998,6,138,0.26919135451316833
1999,6,139,0.24755463004112244
2000,6,140,0.22793540358543396
2001,6,141,0.390048623085022
2002,6,142,0.2759648859500885
2003,6,143,0.18877117335796356
2004,6,144,0.19861191511154175
2005,6,145,0.1877755969762802
2006,6,146,0.27137264609336853
2007,6,147,0.3131546974182129
2008,6,148,0.20294830203056335
2009,6,149,0.21687595546245575
2010,6,150,0.20867514610290527
2011,6,151,0.21729588508605957
2012,6,152,0.3915494382381439
2013,6,153,0.2299695909023285
2014,6,154,0.24643616378307343
2015,6,155,0.36644691228866577
2016,6,156,0.22314569354057312
2017,6,157,0.23627905547618866
2018,6,158,0.22986707091331482
2019,6,159,0.20413906872272491
2020,6,160,0.2847631573677063
2021,6,161,0.2598946690559387
2022,6,162,0.3358255922794342
2023,6,163,0.24695897102355957
2024,6,164,0.24084314703941345
2025,6,165,0.2471241056919098
2026,6,166,0.1787548065185547
2027,6,167,0.27476266026496887
2028,6,168,0.20966549217700958
2029,6,169,0.24637146294116974
2030,6,170,0.29431837797164917
2031,6,171,0.23414146900177002
2032,6,172,0.3281269669532776
2033,6,173,0.21447880566120148
2034,6,174,0.22402040660381317
2035,6,175,0.23224452137947083
2036,6,176,0.23457208275794983
2037,6,177,0.25016239285469055
2038,6,178,0.2390555590391159
2039,6,179,0.23532752692699432
2040,6,180,0.2582472860813141
2041,6,181,0.20504887402057648
2042,6,182,0.2069629728794098
2043,6,183,0.24820473790168762
2044,6,184,0.2311522215604782
2045,6,185,0.2226388156414032
2046,6,186,0.21479859948158264
2047,6,187,0.2338864803314209
2048,6,188,0.5080861449241638
2049,6,189,0.2038874626159668
2050,6,190,0.2357110232114792
2051,6,191,0.23122748732566833
2052,6,192,0.26334288716316223
2053,6,193,0.2476985901594162
2054,6,194,0.2572598159313202
2055,6,195,0.19529709219932556
2056,6,196,0.21786928176879883
2057,6,197,0.2176235020160675
2058,6,198,0.2242717742919922
2059,6,199,0.215986967086792
2060,6,200,0.2695521116256714
2061,6,201,0.19872820377349854
2062,6,202,0.20337644219398499
2063,6,203,0.24987049400806427
2064,6,204,0.1864796131849289
2065,6,205,0.27987226843833923
2066,6,206,0.2312581092119217
2067,6,207,0.23252983391284943
2068,6,208,0.24765734374523163
2069,6,209,0.2218264639377594
2070,6,210,0.21483075618743896
2071,6,211,0.2426663339138031
2072,6,212,0.22549781203269958
2073,6,213,0.2059919834136963
2074,6,214,0.32437020540237427
2075,6,215,0.4910501539707184
2076,6,216,0.17785128951072693
2077,6,217,0.21980032324790955
2078,6,218,0.19984430074691772
2079,6,219,0.2524428963661194
2080,6,220,0.2663153409957886
2081,6,221,0.14356629550457
2082,6,222,0.3162108063697815
2083,6,223,0.18898069858551025
2084,6,224,0.24349145591259003
2085,6,225,0.21647734940052032
2086,6,226,0.23225530982017517
2087,6,227,0.23132507503032684
2088,6,228,0.2892208695411682
2089,6,229,0.16673612594604492
2090,6,230,0.23075023293495178
2091,6,231,0.19583244621753693
2092,6,232,0.2575696110725403
2093,6,233,0.19172920286655426
2094,6,234,0.16993629932403564
2095,6,235,0.21963736414909363
2096,6,236,0.20789137482643127
2097,6,237,0.24553528428077698
2098,6,238,0.2040843516588211
2099,6,239,0.19608689844608307
2100,6,240,0.28728199005126953
2101,6,241,0.2320067137479782
2102,6,242,0.32776981592178345
2103,6,243,0.2433125525712967
2104,6,244,0.18234948813915253
2105,6,245,0.24354270100593567
2106,6,246,0.23487040400505066
2107,6,247,0.1894395649433136
2108,6,248,0.17111936211585999
2109,6,249,0.20548200607299805
2110,6,250,0.40842121839523315
2111,6,251,0.38626086711883545
2112,6,252,0.281560480594635
2113,6,253,0.2636595368385315
2114,6,254,0.22393444180488586
2115,6,255,0.370222270488739
2116,6,256,0.2590731978416443
2117,6,257,0.28765955567359924
2118,6,258,0.26155054569244385
2119,6,259,0.20349562168121338
2120,6,260,0.23561573028564453
2121,6,261,0.24229487776756287
2122,6,262,0.239411860704422
2123,6,263,0.2707749009132385
2124,6,264,0.23787769675254822
2125,6,265,0.23375007510185242
2126,6,266,0.22446060180664062
2127,6,267,0.28134292364120483
2128,6,268,0.3851068615913391
2129,6,269,0.29038506746292114
2130,6,270,0.23247548937797546
2131,6,271,0.3295770585536957
2132,6,272,0.25212061405181885
2133,6,273,0.28520095348358154
2134,6,274,0.23416921496391296
2135,6,275,0.2775123715400696
2136,6,276,0.21937724947929382
2137,6,277,0.25012528896331787
2138,6,278,0.25355640053749084
2139,6,279,0.17310531437397003
2140,6,280,0.24997131526470184
2141,6,281,0.21929574012756348
2142,6,282,0.22165635228157043
2143,6,283,0.18542537093162537
2144,6,284,0.24604785442352295
2145,6,285,0.19237646460533142
2146,6,286,0.25764331221580505
2147,6,287,0.23349955677986145
2148,6,288,0.22330895066261292
2149,6,289,0.3018895983695984
2150,6,290,0.19173535704612732
2151,6,291,0.2043260782957077
2152,6,292,0.23858952522277832
2153,6,293,0.2337050437927246
2154,6,294,0.20708854496479034
2155,6,295,0.2294272631406784
2156,6,296,0.24718770384788513
2157,6,297,0.19685761630535126
2158,6,298,0.9149815440177917
2159,6,299,0.21881838142871857
2160,6,300,0.25847071409225464
2161,6,301,0.21138957142829895
2162,6,302,0.17585697770118713
2163,6,303,0.22513771057128906
2164,6,304,0.22900381684303284
2165,6,305,0.47908884286880493
2166,6,306,0.27053767442703247
2167,6,307,0.22452692687511444
2168,6,308,0.23993079364299774
2169,6,309,0.25640222430229187
2170,6,310,0.2745640277862549
2171,6,311,0.22411517798900604
2172,6,312,0.24569037556648254
2173,6,313,0.21731558442115784
2174,6,314,0.21476753056049347
2175,6,315,0.2396043986082077
2176,6,316,0.18718691170215607
2177,6,317,0.3011673390865326
2178,6,318,0.2364172488451004
2179,6,319,0.2910321354866028
2180,6,320,0.2928466200828552
2181,6,321,0.24041199684143066
2182,6,322,0.209474116563797
2183,6,323,0.24809658527374268
2184,6,324,0.2673517167568207
2185,6,325,0.2440340518951416
2186,6,326,0.24487248063087463
2187,6,327,0.2683599591255188
2188,6,328,0.20907072722911835
2189,6,329,0.20073576271533966
2190,6,330,0.2751738131046295
2191,6,331,0.26092973351478577
2192,6,332,0.23784005641937256
2193,6,333,0.21948352456092834
2194,6,334,0.23310863971710205
2195,6,335,0.21828624606132507
2196,6,336,0.22459740936756134
2197,6,337,0.18781022727489471
2198,6,338,0.24192972481250763
2199,6,339,0.25863024592399597
2200,6,340,0.266828715801239
2201,6,341,0.24109384417533875
2202,6,342,0.23367711901664734
2203,6,343,0.35115715861320496
2204,6,344,0.2579532563686371
2205,6,345,0.2235599309206009
2206,6,346,0.31248459219932556
2207,6,347,0.25797218084335327
2208,6,348,0.2213609516620636
2209,6,349,0.2307269126176834
2210,6,350,0.25039738416671753
2211,6,351,0.27409255504608154
2212,6,352,0.2102559506893158
2213,6,353,0.22103866934776306
2214,6,354,0.2579682171344757
2215,6,355,0.21562302112579346
2216,6,356,0.22172340750694275
2217,6,357,0.2454833984375
2218,6,358,0.1831406056880951
2219,6,359,0.269641637802124
2220,6,360,0.25422796607017517
2221,6,361,0.30946946144104004
2222,6,362,0.1872776746749878
2223,6,363,0.20755834877490997
2224,6,364,0.21989209949970245
2225,6,365,0.20461814105510712
2226,6,366,0.28248924016952515
2227,6,367,0.30002233386039734
2228,6,368,0.27355045080184937
2229,6,369,0.22384612262248993
2230,6,370,0.1961878091096878
2231,6,371,0.21526527404785156
2232,6,372,0.21510522067546844
2233,7,1,0.2032201737165451
2234,7,2,0.20959553122520447
2235,7,3,0.5054715871810913
2236,7,4,0.26901429891586304
2237,7,5,0.20148000121116638
2238,7,6,0.2125350534915924
2239,7,7,0.23293855786323547
2240,7,8,0.22712819278240204
2241,7,9,0.24206730723381042
2242,7,10,0.20043392479419708
2243,7,11,0.19902607798576355
2244,7,12,0.20453491806983948
2245,7,13,0.24056832492351532
2246,7,14,0.19171209633350372
2247,7,15,0.21848240494728088
2248,7,16,0.22899028658866882
2249,7,17,0.19581782817840576
2250,7,18,0.21243801712989807
2251,7,19,0.19088974595069885
2252,7,20,0.22081467509269714
2253,7,21,0.17745523154735565
2254,7,22,0.21162350475788116
2255,7,23,0.15217921137809753
2256,7,24,0.3999921679496765
2257,7,25,0.18492470681667328
2258,7,26,0.20830638706684113
2259,7,27,0.2125389277935028
2260,7,28,0.22868332266807556
2261,7,29,0.28781649470329285
2262,7,30,0.19225150346755981
2263,7,31,0.23995192348957062
2264,7,32,0.247132807970047
2265,7,33,0.21311183273792267
2266,7,34,0.26203399896621704
2267,7,35,0.20574626326560974
2268,7,36,0.1553187072277069
2269,7,37,0.19044771790504456
2270,7,38,0.20386454463005066
2271,7,39,0.2170650064945221
2272,7,40,0.1785329133272171
2273,7,41,0.16331085562705994
2274,7,42,0.229580357670784
2275,7,43,0.20486855506896973
2276,7,44,0.2513786852359772
2277,7,45,0.20067563652992249
2278,7,46,0.20176737010478973
2279,7,47,0.21375341713428497
2280,7,48,0.20176585018634796
2281,7,49,0.2679596543312073
2282,7,50,0.23915982246398926
2283,7,51,0.2223937064409256
2284,7,52,0.23283949494361877
2285,7,53,0.17477062344551086
2286,7,54,0.19009268283843994
2287,7,55,0.2671326994895935
2288,7,56,0.2570955753326416
2289,7,57,0.21644186973571777
2290,7,58,0.29023343324661255
2291,7,59,0.20165038108825684
2292,7,60,0.18810024857521057
2293,7,61,0.194137305021286
2294,7,62,0.25204572081565857
2295,7,63,0.1629871428012848
2296,7,64,0.28803879022598267
2297,7,65,0.22501841187477112
2298,7,66,0.1917262226343155
2299,7,67,0.30351951718330383
2300,7,68,0.22549228370189667
2301,7,69,0.2787071764469147
2302,7,70,0.22320029139518738
2303,7,71,0.8153682947158813
2304,7,72,0.25698044896125793
2305,7,73,0.296735018491745
2306,7,74,0.17779822647571564
2307,7,75,0.24813386797904968
2308,7,76,0.24463053047657013
2309,7,77,0.28935378789901733
2310,7,78,0.20055213570594788
2311,7,79,0.1763918697834015
2312,7,80,0.25290220975875854
2313,7,81,0.2339775115251541
2314,7,82,0.2090691775083542
2315,7,83,0.26449623703956604
2316,7,84,0.29443907737731934
2317,7,85,0.23960356414318085
2318,7,86,0.18469561636447906
2319,7,87,0.22501102089881897
2320,7,88,0.19840708374977112
2321,7,89,0.2664913535118103
2322,7,90,0.5272180438041687
2323,7,91,0.19000878930091858
2324,7,92,0.2528061270713806
2325,7,93,0.2557350993156433
2326,7,94,0.1846284121274948
2327,7,95,0.20797200500965118
2328,7,96,0.21982455253601074
2329,7,97,0.2092994898557663
2330,7,98,0.19489923119544983
2331,7,99,0.2254376858472824
2332,7,100,0.25648921728134155
2333,7,101,0.3282949924468994
2334,7,102,0.26859205961227417
2335,7,103,0.23969320952892303
2336,7,104,0.2219051867723465
2337,7,105,0.23647460341453552
2338,7,106,0.24902288615703583
2339,7,107,0.22097346186637878
2340,7,108,0.2539873719215393
2341,7,109,0.23468637466430664
2342,7,110,0.20165130496025085
2343,7,111,0.22992849349975586
2344,7,112,0.23768851161003113
2345,7,113,0.2051440179347992
2346,7,114,0.26455235481262207
2347,7,115,0.2607697546482086
2348,7,116,0.2507092356681824
2349,7,117,0.2299475371837616
2350,7,118,0.2561835050582886
2351,7,119,0.20960208773612976
2352,7,120,0.44152531027793884
2353,7,121,0.18673691153526306
2354,7,122,0.213165283203125
2355,7,123,0.23879167437553406
2356,7,124,0.22922050952911377
2357,7,125,0.19883422553539276
2358,7,126,0.18151912093162537
2359,7,127,0.243193581700325
2360,7,128,0.2205740213394165
2361,7,129,0.17455722391605377
2362,7,130,0.2779476046562195
2363,7,131,0.17459818720817566
2364,7,132,0.22539551556110382
2365,7,133,0.21049661934375763
2366,7,134,0.21543726325035095
2367,7,135,0.21780864894390106
2368,7,136,0.21529057621955872
2369,7,137,0.19724313914775848
2370,7,138,0.270087867975235
2371,7,139,0.6832095980644226
2372,7,140,0.21418818831443787
2373,7,141,0.2076144963502884
2374,7,142,0.20224933326244354
2375,7,143,0.22911246120929718
2376,7,144,0.2727847695350647
2377,7,145,0.25223448872566223
2378,7,146,0.22743923962116241
2379,7,147,0.21498100459575653
2380,7,148,0.2509254813194275
2381,7,149,0.17705796658992767
2382,7,150,0.3024090528488159
2383,7,151,0.18944968283176422
2384,7,152,0.2269780933856964
2385,7,153,0.23391690850257874
2386,7,154,0.20776167511940002
2387,7,155,0.2216676026582718
2388,7,156,0.25217634439468384
2389,7,157,0.24229228496551514
2390,7,158,0.3128223717212677
2391,7,159,0.17729932069778442
2392,7,160,0.24303856492042542
2393,7,161,0.20219533145427704
2394,7,162,0.18086177110671997
2395,7,163,0.20436108112335205
2396,7,164,0.2227078229188919
2397,7,165,0.1634606420993805
2398,7,166,0.40266451239585876
2399,7,167,0.22417259216308594
2400,7,168,0.1742447167634964
2401,7,169,0.288499653339386
2402,7,170,0.2374992072582245
2403,7,171,0.162349671125412
2404,7,172,0.2251777946949005
2405,7,173,0.23195858299732208
2406,7,174,0.2044232189655304
2407,7,175,0.20017468929290771
2408,7,176,0.20358315110206604
2409,7,177,0.2672821879386902
2410,7,178,0.2336762696504593
2411,7,179,0.22923091053962708
2412,7,180,0.22680214047431946
2413,7,181,0.2546359598636627
2414,7,182,0.2616056501865387
2415,7,183,0.21623559296131134
2416,7,184,0.5427538752555847
2417,7,185,0.22515317797660828
2418,7,186,0.2266429364681244
2419,7,187,0.2001447230577469
2420,7,188,0.16838479042053223
2421,7,189,0.19322827458381653
2422,7,190,0.22909268736839294
2423,7,191,0.23508958518505096
2424,7,192,0.23728182911872864
2425,7,193,0.19856268167495728
2426,7,194,0.25934484601020813
2427,7,195,0.23667371273040771
2428,7,196,0.2563612163066864
2429,7,197,0.23740708827972412
2430,7,198,0.20205286145210266
2431,7,199,0.1568566858768463
2432,7,200,0.22634020447731018
2433,7,201,0.2489105761051178
2434,7,202,0.2829788029193878
2435,7,203,0.20201846957206726
2436,7,204,0.20546643435955048
2437,7,205,0.21666264533996582
2438,7,206,0.23707135021686554
2439,7,207,0.2608162760734558
2440,7,208,0.22012118995189667
2441,7,209,0.2565128207206726
2442,7,210,0.21547392010688782
2443,7,211,0.2580758035182953
2444,7,212,0.2756200432777405
2445,7,213,0.19035087525844574
2446,7,214,0.2086460143327713
2447,7,215,0.2541710138320923
2448,7,216,0.2430122196674347
2449,7,217,0.6077554821968079
2450,7,218,0.20168881118297577
2451,7,219,0.20597295463085175
2452,7,220,0.31794530153274536
2453,7,221,0.23471173644065857
2454,7,222,0.22458383440971375
2455,7,223,0.20614905655384064
2456,7,224,0.14554524421691895
2457,7,225,0.2162322998046875
2458,7,226,0.2174655944108963
2459,7,227,0.2654922604560852
2460,7,228,0.20269675552845
2461,7,229,0.23356565833091736
2462,7,230,0.2316024750471115
2463,7,231,0.2941937744617462
2464,7,232,0.21593205630779266
2465,7,233,0.25332584977149963
2466,7,234,0.20981033146381378
2467,7,235,0.2720857262611389
2468,7,236,0.3846716284751892
2469,7,237,0.1888166218996048
2470,7,238,0.20499984920024872
2471,7,239,0.14910897612571716
2472,7,240,0.20993418991565704
2473,7,241,0.19948583841323853
2474,7,242,0.3796173632144928
2475,7,243,0.24401803314685822
2476,7,244,0.18727466464042664
2477,7,245,0.18736532330513
2478,7,246,0.2757769227027893
2479,7,247,0.3052240014076233
2480,7,248,0.23678815364837646
2481,7,249,0.19924211502075195
2482,7,250,0.17805229127407074
2483,7,251,0.21868963539600372
2484,7,252,0.23709158599376678
2485,7,253,0.21554145216941833
2486,7,254,0.2072632759809494
2487,7,255,0.2160501480102539
2488,7,256,0.18449078500270844
2489,7,257,0.27905502915382385
2490,7,258,0.21717552840709686
2491,7,259,0.21023452281951904
2492,7,260,0.22747254371643066
2493,7,261,0.2137635052204132
2494,7,262,0.19648364186286926
2495,7,263,0.2192230522632599
2496,7,264,0.18365874886512756
2497,7,265,0.18110302090644836
2498,7,266,0.2362288534641266
2499,7,267,0.23499958217144012
2500,7,268,0.17914266884326935
2501,7,269,0.22787001729011536
2502,7,270,0.21120183169841766
2503,7,271,0.19618961215019226
2504,7,272,0.21874265372753143
2505,7,273,0.19233520328998566
2506,7,274,0.1858711540699005
2507,7,275,0.24365639686584473
2508,7,276,0.19570627808570862
2509,7,277,0.25594910979270935
2510,7,278,0.2501094341278076
2511,7,279,0.20608429610729218
2512,7,280,0.1797838807106018
2513,7,281,0.2660164535045624
2514,7,282,0.2611037492752075
2515,7,283,0.20746544003486633
2516,7,284,0.23819303512573242
2517,7,285,0.21116909384727478
2518,7,286,0.20821896195411682
2519,7,287,0.22201943397521973
2520,7,288,0.1977519541978836
2521,7,289,0.2828952372074127
2522,7,290,0.2458794116973877
2523,7,291,0.17385068535804749
2524,7,292,0.22061197459697723
2525,7,293,0.25337058305740356
2526,7,294,0.24359750747680664
2527,7,295,0.2888334095478058
2528,7,296,0.23815789818763733
2529,7,297,0.20021434128284454
2530,7,298,0.33314868807792664
2531,7,299,0.2283513993024826
2532,7,300,0.1762416511774063
2533,7,301,0.24962806701660156
2534,7,302,0.21065402030944824
2535,7,303,0.2497124969959259
2536,7,304,0.24261979758739471
2537,7,305,0.2624668478965759
2538,7,306,0.2760953903198242
2539,7,307,0.19111841917037964
2540,7,308,0.21528296172618866
2541,7,309,0.23161545395851135
2542,7,310,0.17943106591701508
2543,7,311,0.22147536277770996
2544,7,312,0.23597252368927002
2545,7,313,0.2385525405406952
2546,7,314,0.25088998675346375
2547,7,315,0.2612646222114563
2548,7,316,0.2363925725221634
2549,7,317,0.23059424757957458
2550,7,318,0.19091428816318512
2551,7,319,0.24259257316589355
2552,7,320,0.2066146582365036
2553,7,321,0.23954203724861145
2554,7,322,0.28960978984832764
2555,7,323,0.22563326358795166
2556,7,324,0.19894281029701233
2557,7,325,0.2030135691165924
2558,7,326,0.23327532410621643
2559,7,327,0.2730185389518738
2560,7,328,0.19245240092277527
2561,7,329,0.1871650218963623
2562,7,330,0.1953984946012497
2563,7,331,0.21789440512657166
2564,7,332,0.1821027547121048
2565,7,333,0.1837405264377594
2566,7,334,0.39757052063941956
2567,7,335,0.22649583220481873
2568,7,336,0.16742101311683655
2569,7,337,0.2166995257139206
2570,7,338,0.21344313025474548
2571,7,339,0.40981513261795044
2572,7,340,0.24109479784965515
2573,7,341,0.2361915558576584
2574,7,342,0.20998457074165344
2575,7,343,0.213565394282341
2576,7,344,0.20458194613456726
2577,7,345,0.2078571617603302
2578,7,346,0.23816943168640137
2579,7,347,0.21499887108802795
2580,7,348,0.22247783839702606
2581,7,349,0.2793683707714081
2582,7,350,0.1996733397245407
2583,7,351,0.2530807554721832
2584,7,352,0.2257029116153717
2585,7,353,0.2100934088230133
2586,7,354,0.23353472352027893
2587,7,355,0.17596694827079773
2588,7,356,0.277479350566864
2589,7,357,0.2454056739807129
2590,7,358,0.21503719687461853
2591,7,359,0.36153092980384827
2592,7,360,0.19792334735393524
2593,7,361,0.23510244488716125
2594,7,362,0.25295671820640564
2595,7,363,0.24138721823692322
2596,7,364,0.25807708501815796
2597,7,365,0.2248799353837967
2598,7,366,0.2145601063966751
2599,7,367,0.21543292701244354
2600,7,368,0.2137337476015091
2601,7,369,0.378375381231308
2602,7,370,0.16962476074695587
2603,7,371,0.27408987283706665
2604,7,372,0.25380024313926697
2605,8,1,0.19934086501598358
2606,8,2,0.24519772827625275
2607,8,3,0.18400932848453522
2608,8,4,0.19440144300460815
2609,8,5,0.49004659056663513
2610,8,6,0.21918408572673798
2611,8,7,0.2248246669769287
2612,8,8,0.26164501905441284
2613,8,9,0.2317645251750946
2614,8,10,0.20718851685523987
2615,8,11,0.28894364833831787
2616,8,12,0.21496610343456268
2617,8,13,0.18896929919719696
2618,8,14,0.25589868426322937
2619,8,15,0.29067856073379517
2620,8,16,0.23524978756904602
2621,8,17,0.23892784118652344
2622,8,18,0.21525880694389343
2623,8,19,0.3716351389884949
2624,8,20,0.28181594610214233
2625,8,21,0.20164382457733154
2626,8,22,0.1853485405445099
2627,8,23,0.221505805850029
2628,8,24,0.3446788191795349
2629,8,25,0.21530625224113464
2630,8,26,0.23644642531871796
2631,8,27,0.1968831866979599
2632,8,28,0.17477360367774963
2633,8,29,0.16647744178771973
2634,8,30,0.2341182678937912
2635,8,31,0.22579547762870789
2636,8,32,0.19108089804649353
2637,8,33,0.22692804038524628
2638,8,34,0.2051895409822464
2639,8,35,0.19296224415302277
2640,8,36,0.26139646768569946
2641,8,37,0.2512027621269226
2642,8,38,0.2125575840473175
2643,8,39,0.2133822739124298
2644,8,40,0.19062168896198273
2645,8,41,0.16969822347164154
2646,8,42,0.18955767154693604
2647,8,43,0.16643965244293213
2648,8,44,0.20707550644874573
2649,8,45,0.2100697010755539
2650,8,46,0.18856336176395416
2651,8,47,0.2584265470504761
2652,8,48,0.20953193306922913
2653,8,49,0.23291949927806854
2654,8,50,0.20436298847198486
2655,8,51,0.2295810729265213
2656,8,52,0.17431911826133728
2657,8,53,0.1971411108970642
2658,8,54,0.20301716029644012
2659,8,55,0.17537644505500793
2660,8,56,0.17839382588863373
2661,8,57,0.1577383279800415
2662,8,58,0.19104114174842834
2663,8,59,0.17338572442531586
2664,8,60,0.24554996192455292
2665,8,61,0.2372281551361084
2666,8,62,0.357970654964447
2667,8,63,0.2132226675748825
2668,8,64,0.2462679147720337
2669,8,65,0.1740036904811859
2670,8,66,0.213405042886734
2671,8,67,0.23949389159679413
2672,8,68,0.21957524120807648
2673,8,69,0.19713160395622253
2674,8,70,0.17802254855632782
2675,8,71,0.22467562556266785
2676,8,72,0.22437408566474915
2677,8,73,0.21332187950611115
2678,8,74,0.23865918815135956
2679,8,75,0.17293936014175415
2680,8,76,0.1829575002193451
2681,8,77,0.26165851950645447
2682,8,78,0.17652444541454315
2683,8,79,0.19329091906547546
2684,8,80,0.1927187144756317
2685,8,81,0.19088883697986603
2686,8,82,0.27504462003707886
2687,8,83,0.20685896277427673
2688,8,84,0.22014561295509338
2689,8,85,0.2395390272140503
2690,8,86,0.1991060972213745
2691,8,87,0.26426154375076294
2692,8,88,0.22785845398902893
2693,8,89,0.19384229183197021
2694,8,90,0.1767086386680603
2695,8,91,0.22159357368946075
2696,8,92,0.2359951287508011
2697,8,93,0.1935717761516571
2698,8,94,0.21170751750469208
2699,8,95,0.26467615365982056
2700,8,96,0.2371910810470581
2701,8,97,0.20070385932922363
2702,8,98,0.25001460313796997
2703,8,99,0.19074299931526184
2704,8,100,0.1973085105419159
2705,8,101,0.22098860144615173
2706,8,102,0.21279458701610565
2707,8,103,0.22562257945537567
2708,8,104,0.4589999318122864
2709,8,105,0.26472634077072144
2710,8,106,0.21700862050056458
2711,8,107,0.23110397160053253
2712,8,108,0.20106694102287292
2713,8,109,0.23699133098125458
2714,8,110,0.2070818841457367
2715,8,111,0.252895712852478
2716,8,112,0.20776772499084473
2717,8,113,0.28164973855018616
2718,8,114,0.2440183162689209
2719,8,115,0.19572219252586365
2720,8,116,0.20911236107349396
2721,8,117,0.2305999994277954
2722,8,118,0.19293010234832764
2723,8,119,0.24409595131874084
2724,8,120,0.18552729487419128
2725,8,121,0.15132030844688416
2726,8,122,0.24454955756664276
2727,8,123,0.20367255806922913
2728,8,124,0.2230718582868576
2729,8,125,0.18843045830726624
2730,8,126,0.26862141489982605
2731,8,127,0.1929662674665451
2732,8,128,0.1952950805425644
2733,8,129,0.24384264647960663
2734,8,130,0.19583864510059357
2735,8,131,0.2314155548810959
2736,8,132,0.26341667771339417
2737,8,133,0.21291491389274597
2738,8,134,0.22201327979564667
2739,8,135,0.19522687792778015
2740,8,136,0.19180284440517426
2741,8,137,0.4085807204246521
2742,8,138,0.1862928569316864
2743,8,139,0.28845420479774475
2744,8,140,0.2351764440536499
2745,8,141,0.21175992488861084
2746,8,142,0.2587633728981018
2747,8,143,0.2705978453159332
2748,8,144,0.21018436551094055
2749,8,145,0.24198034405708313
2750,8,146,0.20518562197685242
2751,8,147,0.190848708152771
2752,8,148,0.18323494493961334
2753,8,149,0.20955458283424377
2754,8,150,0.2204527109861374
2755,8,151,0.22836212813854218
2756,8,152,0.19760754704475403
2757,8,153,0.17473852634429932
2758,8,154,0.1941625028848648
2759,8,155,0.24972853064537048
2760,8,156,0.2294354885816574
2761,8,157,0.2143602818250656
2762,8,158,0.20672273635864258
2763,8,159,0.1890261024236679
2764,8,160,0.19730953872203827
2765,8,161,0.19128644466400146
2766,8,162,0.19375118613243103
2767,8,163,0.25596413016319275
2768,8,164,0.22104120254516602
2769,8,165,0.22976508736610413
2770,8,166,0.21090121567249298
2771,8,167,0.1765209436416626
2772,8,168,0.22937771677970886
2773,8,169,0.237643763422966
2774,8,170,0.17831331491470337
2775,8,171,0.20792552828788757
2776,8,172,0.26598113775253296
2777,8,173,0.25374677777290344
2778,8,174,0.1778986155986786
2779,8,175,0.18865010142326355
2780,8,176,0.21351131796836853
2781,8,177,0.22130624949932098
2782,8,178,0.2347310334444046
2783,8,179,0.23245064914226532
2784,8,180,0.22771558165550232
2785,8,181,0.24876312911510468
2786,8,182,0.2239694595336914
2787,8,183,0.20776967704296112
2788,8,184,0.1901589334011078
2789,8,185,0.2660976052284241
2790,8,186,0.21478426456451416
2791,8,187,0.22143539786338806
2792,8,188,0.21773171424865723
2793,8,189,0.19702419638633728
2794,8,190,0.18860772252082825
2795,8,191,0.22151362895965576
2796,8,192,0.2451750487089157
2797,8,193,0.29076287150382996
2798,8,194,0.26672470569610596
2799,8,195,0.21545401215553284
2800,8,196,0.2062816321849823
2801,8,197,0.23305591940879822
2802,8,198,0.22456951439380646
2803,8,199,0.19267600774765015
2804,8,200,0.17103280127048492
2805,8,201,0.2730775475502014
2806,8,202,0.1771399974822998
2807,8,203,0.2444332093000412
2808,8,204,0.21151280403137207
2809,8,205,0.3000198006629944
2810,8,206,0.24654264748096466
2811,8,207,0.20034196972846985
2812,8,208,0.23361000418663025
2813,8,209,0.21990597248077393
2814,8,210,0.24904116988182068
2815,8,211,0.2741852402687073
2816,8,212,0.2836586833000183
2817,8,213,0.23213601112365723
2818,8,214,0.21710269153118134
2819,8,215,0.18173573911190033
2820,8,216,0.18511125445365906
2821,8,217,0.17537268996238708
2822,8,218,0.23487739264965057
2823,8,219,0.23410573601722717
2824,8,220,0.2352142632007599
2825,8,221,0.1902085691690445
2826,8,222,0.17255081236362457
2827,8,223,0.241741344332695
2828,8,224,0.23783905804157257
2829,8,225,0.21399328112602234
2830,8,226,0.2097097635269165
2831,8,227,0.2208104133605957
2832,8,228,0.23639242351055145
2833,8,229,0.19762229919433594
2834,8,230,0.21109381318092346
2835,8,231,0.21004533767700195
2836,8,232,0.2220008373260498
2837,8,233,0.20833063125610352
2838,8,234,0.18107038736343384
2839,8,235,0.28983545303344727
2840,8,236,0.22060370445251465
2841,8,237,0.18430323898792267
2842,8,238,0.21379134058952332
2843,8,239,0.21316222846508026
2844,8,240,0.22853270173072815
2845,8,241,0.22438518702983856
2846,8,242,0.19223685562610626
2847,8,243,0.3250262439250946
2848,8,244,0.16739578545093536
2849,8,245,0.22097739577293396
2850,8,246,0.2011687308549881
2851,8,247,0.23271524906158447
2852,8,248,0.24230723083019257
2853,8,249,0.25016698241233826
2854,8,250,0.20805244147777557
2855,8,251,0.2380613386631012
2856,8,252,0.17957466840744019
2857,8,253,0.2008863240480423
2858,8,254,0.19248443841934204
2859,8,255,0.1985515058040619
2860,8,256,0.233141228556633
2861,8,257,0.34156161546707153
2862,8,258,0.1961396038532257
2863,8,259,0.24266621470451355
2864,8,260,0.19956760108470917
2865,8,261,0.1931847184896469
2866,8,262,0.21645240485668182
2867,8,263,0.25735026597976685
2868,8,264,0.20244094729423523
2869,8,265,0.21144883334636688
2870,8,266,0.2559398412704468
2871,8,267,0.2625451683998108
2872,8,268,0.21876128017902374
2873,8,269,0.524962306022644
2874,8,270,0.22099217772483826
2875,8,271,0.20540757477283478
2876,8,272,0.24547508358955383
2877,8,273,0.22477802634239197
2878,8,274,0.18877795338630676
2879,8,275,0.1898767650127411
2880,8,276,0.22212831676006317
2881,8,277,0.2304598093032837
2882,8,278,0.1911938488483429
2883,8,279,0.15294095873832703
2884,8,280,0.20835021138191223
2885,8,281,0.18729296326637268
2886,8,282,0.22789707779884338
2887,8,283,0.19201813638210297
2888,8,284,0.27660396695137024
2889,8,285,0.18307951092720032
2890,8,286,0.20287737250328064
2891,8,287,0.21103385090827942
2892,8,288,0.18516568839550018
2893,8,289,0.21512675285339355
2894,8,290,0.19872991740703583
2895,8,291,0.21587488055229187
2896,8,292,0.22594872117042542
2897,8,293,0.26402121782302856
2898,8,294,0.2551131844520569
2899,8,295,0.20921453833580017
2900,8,296,0.16698966920375824
2901,8,297,0.1927160769701004
2902,8,298,0.22902925312519073
2903,8,299,0.2147209644317627
2904,8,300,0.21540018916130066
2905,8,301,0.22342535853385925
2906,8,302,0.2211911380290985
2907,8,303,0.23481376469135284
2908,8,304,0.23983152210712433
2909,8,305,0.1946915090084076
2910,8,306,0.2089180201292038
2911,8,307,0.19299229979515076
2912,8,308,0.1931048035621643
2913,8,309,0.1768353432416916
2914,8,310,0.2151459902524948
2915,8,311,0.20011600852012634
2916,8,312,0.22882995009422302
2917,8,313,0.2759999632835388
2918,8,314,0.23777659237384796
2919,8,315,0.5122836828231812
2920,8,316,0.3982037901878357
2921,8,317,0.20830807089805603
2922,8,318,0.2002038061618805
2923,8,319,0.21293342113494873
2924,8,320,0.25186216831207275
2925,8,321,0.17434175312519073
2926,8,322,0.18925148248672485
2927,8,323,0.25333452224731445
2928,8,324,0.18492360413074493
2929,8,325,0.19027847051620483
2930,8,326,0.17731508612632751
2931,8,327,0.26119109988212585
2932,8,328,0.20301005244255066
2933,8,329,0.23241353034973145
2934,8,330,0.20503771305084229
2935,8,331,0.17901258170604706
2936,8,332,0.16208909451961517
2937,8,333,0.17861883342266083
2938,8,334,0.19122691452503204
2939,8,335,0.17102500796318054
2940,8,336,0.25246134400367737
2941,8,337,0.16791494190692902
2942,8,338,0.23804202675819397
2943,8,339,0.1807967722415924
2944,8,340,0.17954297363758087
2945,8,341,0.48355212807655334
2946,8,342,0.19150711596012115
2947,8,343,0.26775965094566345
2948,8,344,0.21259936690330505
2949,8,345,0.4377201497554779
2950,8,346,0.4196573793888092
2951,8,347,0.18637947738170624
2952,8,348,0.24225740134716034
2953,8,349,0.24464423954486847
2954,8,350,0.20034286379814148
2955,8,351,0.2481108009815216
2956,8,352,0.32217204570770264
2957,8,353,0.2678430378437042
2958,8,354,0.20151062309741974
2959,8,355,0.23873285949230194
2960,8,356,0.23186209797859192
2961,8,357,0.2218160331249237
2962,8,358,0.3037349283695221
2963,8,359,0.27818599343299866
2964,8,360,0.22439391911029816
2965,8,361,0.2114434689283371
2966,8,362,0.3614159822463989
2967,8,363,0.2462369203567505
2968,8,364,0.21168872714042664
2969,8,365,0.1853022575378418
2970,8,366,0.32059672474861145
2971,8,367,0.1723705679178238
2972,8,368,0.21693861484527588
2973,8,369,0.16642828285694122
2974,8,370,0.21950066089630127
2975,8,371,0.17982174456119537
2976,8,372,0.23426420986652374
2977,9,1,0.1863117218017578
2978,9,2,0.2321701943874359
2979,9,3,0.17619532346725464
2980,9,4,0.22027428448200226
2981,9,5,0.28827640414237976
2982,9,6,0.22765064239501953
2983,9,7,0.18992920219898224
2984,9,8,0.19839349389076233
2985,9,9,0.19835661351680756
2986,9,10,0.19525280594825745
2987,9,11,0.20106330513954163
2988,9,12,0.6392470598220825
2989,9,13,0.19152331352233887
2990,9,14,0.2062290608882904
2991,9,15,0.2579374611377716
2992,9,16,0.2233509123325348
2993,9,17,0.26878881454467773
2994,9,18,0.20502766966819763
2995,9,19,0.18969403207302094
2996,9,20,0.20398016273975372
2997,9,21,0.19535163044929504
2998,9,22,0.2341146171092987
2999,9,23,0.21425721049308777
3000,9,24,0.24320387840270996
3001,9,25,0.22608990967273712
3002,9,26,0.21985618770122528
3003,9,27,0.17940524220466614
3004,9,28,0.18314357101917267
3005,9,29,0.20044755935668945
3006,9,30,0.18786975741386414
3007,9,31,0.19926397502422333
3008,9,32,0.19412294030189514
3009,9,33,0.19800534844398499
3010,9,34,0.1951724737882614
3011,9,35,0.19846078753471375
3012,9,36,0.31235620379447937
3013,9,37,0.2781568467617035
3014,9,38,0.21172988414764404
3015,9,39,0.1878030002117157
3016,9,40,0.20654869079589844
3017,9,41,0.20995111763477325
3018,9,42,0.22567841410636902
3019,9,43,0.23226845264434814
3020,9,44,0.19039255380630493
3021,9,45,0.16059447824954987
3022,9,46,0.22081366181373596
3023,9,47,0.27184218168258667
3024,9,48,0.20727209746837616
3025,9,49,0.17864510416984558
3026,9,50,0.1877884417772293
3027,9,51,0.2133704125881195
3028,9,52,0.22120428085327148
3029,9,53,0.1771869957447052
3030,9,54,0.2519477903842926
3031,9,55,0.18451817333698273
3032,9,56,0.25057893991470337
3033,9,57,0.20756736397743225
3034,9,58,0.21641115844249725
3035,9,59,0.18589705228805542
3036,9,60,0.20770850777626038
3037,9,61,0.20135638117790222
3038,9,62,0.22014155983924866
3039,9,63,0.2609582245349884
3040,9,64,0.22643980383872986
3041,9,65,0.18677374720573425
3042,9,66,0.21655578911304474
3043,9,67,0.21134915947914124
3044,9,68,0.18980537354946136
3045,9,69,0.2528769075870514
3046,9,70,0.20008370280265808
3047,9,71,0.2156141996383667
3048,9,72,0.2196907103061676
3049,9,73,0.2193233221769333
3050,9,74,0.2032380849123001
3051,9,75,0.20782199501991272
3052,9,76,0.19830122590065002
3053,9,77,0.1973346471786499
3054,9,78,0.1953907459974289
3055,9,79,0.1601381003856659
3056,9,80,0.24370010197162628
3057,9,81,0.19278189539909363
3058,9,82,0.25337663292884827
3059,9,83,0.17890456318855286
3060,9,84,0.1699400544166565
3061,9,85,0.22535116970539093
3062,9,86,0.1870260387659073
3063,9,87,0.18239876627922058
3064,9,88,0.16114269196987152
3065,9,89,0.171720951795578
3066,9,90,0.1943148970603943
3067,9,91,0.16695968806743622
3068,9,92,0.21210543811321259
3069,9,93,0.20374271273612976
3070,9,94,0.20434515178203583
3071,9,95,0.2678799033164978
3072,9,96,0.198342964053154
3073,9,97,0.23384499549865723
3074,9,98,0.2344050109386444
3075,9,99,0.2695762515068054
3076,9,100,0.21861755847930908
3077,9,101,0.19976074993610382
3078,9,102,0.18285338580608368
3079,9,103,0.210201695561409
3080,9,104,0.18370366096496582
3081,9,105,0.14892977476119995
3082,9,106,0.1868792623281479
3083,9,107,0.16906499862670898
3084,9,108,0.17423725128173828
3085,9,109,0.17215220630168915
3086,9,110,0.16658464074134827
3087,9,111,0.20016400516033173
3088,9,112,0.20211848616600037
3089,9,113,0.23604726791381836
3090,9,114,0.22099106013774872
3091,9,115,0.2057768851518631
3092,9,116,0.24638812243938446
3093,9,117,0.22335655987262726
3094,9,118,0.23869462311267853
3095,9,119,0.19188611209392548
3096,9,120,0.24740438163280487
3097,9,121,0.2320825159549713
3098,9,122,0.195556640625
3099,9,123,0.2047307938337326
3100,9,124,0.2021758109331131
3101,9,125,0.16544263064861298
3102,9,126,0.21608848869800568
3103,9,127,0.16994225978851318
3104,9,128,0.2143162190914154
3105,9,129,0.2116125375032425
3106,9,130,0.24962258338928223
3107,9,131,0.20156323909759521
3108,9,132,0.1987731009721756
3109,9,133,0.16988028585910797
3110,9,134,0.16438239812850952
3111,9,135,0.2215862274169922
3112,9,136,0.18668022751808167
3113,9,137,0.19543735682964325
3114,9,138,0.21442675590515137
3115,9,139,0.17597998678684235
3116,9,140,0.222730353474617
3117,9,141,0.20058992505073547
3118,9,142,0.17573724687099457
3119,9,143,0.20250019431114197
3120,9,144,0.2467561513185501
3121,9,145,0.20228822529315948
3122,9,146,0.2257419377565384
3123,9,147,0.24503962695598602
3124,9,148,0.21058852970600128
3125,9,149,0.2356543093919754
3126,9,150,0.2072567641735077
3127,9,151,0.1918596774339676
3128,9,152,0.1800350695848465
3129,9,153,0.36767858266830444
3130,9,154,0.45008164644241333
3131,9,155,0.27786844968795776
3132,9,156,0.18123562633991241
3133,9,157,0.3411179780960083
3134,9,158,0.13419225811958313
3135,9,159,0.25663453340530396
3136,9,160,0.20191511511802673
3137,9,161,0.21992340683937073
3138,9,162,0.20424215495586395
3139,9,163,0.28978919982910156
3140,9,164,0.2514995038509369
3141,9,165,0.21333453059196472
3142,9,166,0.40038028359413147
3143,9,167,0.1848592907190323
3144,9,168,0.30024203658103943
3145,9,169,0.20656125247478485
3146,9,170,0.18184824287891388
3147,9,171,0.3816693425178528
3148,9,172,0.21164946258068085
3149,9,173,0.24968662858009338
3150,9,174,0.21821698546409607
3151,9,175,0.2117900848388672
3152,9,176,0.2152719795703888
3153,9,177,0.19839830696582794
3154,9,178,0.17227955162525177
3155,9,179,0.21666161715984344
3156,9,180,0.2078477442264557
3157,9,181,0.20456445217132568
3158,9,182,0.20336714386940002
3159,9,183,0.1773352324962616
3160,9,184,0.29039549827575684
3161,9,185,0.20958594977855682
3162,9,186,0.3902992308139801
3163,9,187,0.24194300174713135
3164,9,188,0.20121578872203827
3165,9,189,0.228544682264328
3166,9,190,0.2194778174161911
3167,9,191,0.22263798117637634
3168,9,192,0.2011832743883133
3169,9,193,0.24095702171325684
3170,9,194,0.2470385730266571
3171,9,195,0.25077810883522034
3172,9,196,0.24374525249004364
3173,9,197,0.2178511619567871
3174,9,198,0.18291118741035461
3175,9,199,0.18053564429283142
3176,9,200,0.25000959634780884
3177,9,201,0.2322959154844284
3178,9,202,0.22032558917999268
3179,9,203,0.25219443440437317
3180,9,204,0.22560755908489227
3181,9,205,0.20935535430908203
3182,9,206,0.2299843579530716
3183,9,207,0.22776155173778534
3184,9,208,0.20227007567882538
3185,9,209,0.24839897453784943
3186,9,210,0.19259114563465118
3187,9,211,0.18253891170024872
3188,9,212,0.21425485610961914
3189,9,213,0.21979489922523499
3190,9,214,0.2289234697818756
3191,9,215,0.21252545714378357
3192,9,216,0.20194485783576965
3193,9,217,0.23625747859477997
3194,9,218,0.19521960616111755
3195,9,219,0.18558421730995178
3196,9,220,0.15397295355796814
3197,9,221,0.1805163323879242
3198,9,222,0.18989038467407227
3199,9,223,0.27477890253067017
3200,9,224,0.2172008454799652
3201,9,225,0.1922011375427246
3202,9,226,0.17373724281787872
3203,9,227,0.3625936508178711
3204,9,228,0.1620212346315384
3205,9,229,0.20129148662090302
3206,9,230,0.1892552375793457
3207,9,231,0.179186150431633
3208,9,232,0.2054096907377243
3209,9,233,0.2577567994594574
3210,9,234,0.2386503666639328
3211,9,235,0.21922922134399414
3212,9,236,0.2109833061695099
3213,9,237,0.206913560628891
3214,9,238,0.28010788559913635
3215,9,239,0.22804053127765656
3216,9,240,0.18429255485534668
3217,9,241,0.24493193626403809
3218,9,242,0.20600521564483643
3219,9,243,0.19076623022556305
3220,9,244,0.21048279106616974
3221,9,245,0.2069433629512787
3222,9,246,0.17459455132484436
3223,9,247,0.2302236109972
3224,9,248,0.20329341292381287
3225,9,249,0.22252421081066132
3226,9,250,0.24593882262706757
3227,9,251,0.2366965264081955
3228,9,252,0.2168920785188675
3229,9,253,0.16864487528800964
3230,9,254,0.2567594051361084
3231,9,255,0.18223904073238373
3232,9,256,0.25989049673080444
3233,9,257,0.19210413098335266
3234,9,258,0.20069213211536407
3235,9,259,0.22103449702262878
3236,9,260,0.21372222900390625
3237,9,261,0.15769949555397034
3238,9,262,0.2141726315021515
3239,9,263,0.24307282269001007
3240,9,264,0.22149911522865295
3241,9,265,0.1697624921798706
3242,9,266,0.2051285207271576
3243,9,267,0.1664620339870453
3244,9,268,0.1862638294696808
3245,9,269,0.2302388846874237
3246,9,270,0.23652777075767517
3247,9,271,0.2635730803012848
3248,9,272,0.2068420946598053
3249,9,273,0.21842317283153534
3250,9,274,0.23299381136894226
3251,9,275,0.1695563793182373
3252,9,276,0.34801989793777466
3253,9,277,0.22059085965156555
3254,9,278,0.19106048345565796
3255,9,279,0.1999129354953766
3256,9,280,0.3347349762916565
3257,9,281,0.2504759430885315
3258,9,282,0.19209906458854675
3259,9,283,0.23315830528736115
3260,9,284,0.21540050208568573
3261,9,285,0.18203365802764893
3262,9,286,0.25055748224258423
3263,9,287,0.2266450673341751
3264,9,288,0.1741185486316681
3265,9,289,0.23345687985420227
3266,9,290,0.1751469224691391
3267,9,291,0.2372320145368576
3268,9,292,0.2093033343553543
3269,9,293,0.2266302853822708
3270,9,294,0.18020565807819366
3271,9,295,0.1979280412197113
3272,9,296,0.16035974025726318
3273,9,297,0.20731404423713684
3274,9,298,0.16961722075939178
3275,9,299,0.22961337864398956
3276,9,300,0.19805991649627686
3277,9,301,0.2603400647640228
3278,9,302,0.29420801997184753
3279,9,303,0.18840666115283966
3280,9,304,0.1987849771976471
3281,9,305,0.20775508880615234
3282,9,306,0.201565220952034
3283,9,307,0.18439799547195435
3284,9,308,0.17490041255950928
3285,9,309,0.18982715904712677
3286,9,310,0.20665034651756287
3287,9,311,0.17707133293151855
3288,9,312,0.2027140110731125
3289,9,313,0.20849363505840302
3290,9,314,0.17866620421409607
3291,9,315,0.2622648775577545
3292,9,316,0.20452284812927246
3293,9,317,0.22070017457008362
3294,9,318,0.1976299285888672
3295,9,319,0.19967922568321228
3296,9,320,0.1849043071269989
3297,9,321,0.19577381014823914
3298,9,322,0.17304924130439758
3299,9,323,0.20550470054149628
3300,9,324,0.21218881011009216
3301,9,325,0.19431035220623016
3302,9,326,0.21732521057128906
3303,9,327,0.25919073820114136
3304,9,328,0.20951518416404724
3305,9,329,0.1923684924840927
3306,9,330,0.21739129722118378
3307,9,331,0.20133602619171143
3308,9,332,0.19998100399971008
3309,9,333,0.17920245230197906
3310,9,334,0.21797196567058563
3311,9,335,0.234249085187912
3312,9,336,0.19247131049633026
3313,9,337,0.22667750716209412
3314,9,338,0.242018461227417
3315,9,339,0.1913650929927826
3316,9,340,0.1886252909898758
3317,9,341,0.19843319058418274
3318,9,342,0.23013165593147278
3319,9,343,0.21952667832374573
3320,9,344,0.15566010773181915
3321,9,345,0.4007026255130768
3322,9,346,0.21679338812828064
3323,9,347,0.2408200055360794
3324,9,348,0.1941884309053421
3325,9,349,0.1853884607553482
3326,9,350,0.2033662050962448
3327,9,351,0.33831146359443665
3328,9,352,0.2606969177722931
3329,9,353,0.2322431355714798
3330,9,354,0.2005825936794281
3331,9,355,0.22008223831653595
3332,9,356,0.21104398369789124
3333,9,357,0.38580048084259033
3334,9,358,0.21250712871551514
3335,9,359,0.20704114437103271
3336,9,360,0.18559685349464417
3337,9,361,0.3249989151954651
3338,9,362,0.21491804718971252
3339,9,363,0.22532470524311066
3340,9,364,0.2379668951034546
3341,9,365,0.19297672808170319
3342,9,366,0.20142927765846252
3343,9,367,0.20504991710186005
3344,9,368,0.23698338866233826
3345,9,369,0.22487790882587433
3346,9,370,0.43111205101013184
3347,9,371,0.18682271242141724
3348,9,372,0.1527525633573532
3349,10,1,0.19741739332675934
3350,10,2,0.2162127047777176
3351,10,3,0.1445101946592331
3352,10,4,0.1657296121120453
3353,10,5,0.20795981585979462
3354,10,6,0.19699858129024506
3355,10,7,0.2231789529323578
3356,10,8,0.23553228378295898
3357,10,9,0.17357364296913147
3358,10,10,0.16664114594459534
3359,10,11,0.2052195966243744
3360,10,12,0.2369844913482666
3361,10,13,0.199072927236557
3362,10,14,0.20399990677833557
3363,10,15,0.18278580904006958
3364,10,16,0.38550037145614624
3365,10,17,0.1526312530040741
3366,10,18,0.18529415130615234
3367,10,19,0.2380305528640747
3368,10,20,0.2760722041130066
3369,10,21,0.19950100779533386
3370,10,22,0.19311347603797913
3371,10,23,0.25180763006210327
3372,10,24,0.1909785121679306
3373,10,25,0.21762582659721375
3374,10,26,0.18910586833953857
3375,10,27,0.2393871545791626
3376,10,28,0.16807344555854797
3377,10,29,0.237289160490036
3378,10,30,0.1936763972043991
3379,10,31,0.20184369385242462
3380,10,32,0.20933611690998077
3381,10,33,0.20508095622062683
3382,10,34,0.2242400199174881
3383,10,35,0.2151269167661667
3384,10,36,0.20385758578777313
3385,10,37,0.19031335413455963
3386,10,38,0.2140647917985916
3387,10,39,0.18352392315864563
3388,10,40,0.22770659625530243
3389,10,41,0.17246362566947937
3390,10,42,0.45120200514793396
3391,10,43,0.21202559769153595
3392,10,44,0.20380878448486328
3393,10,45,0.24091103672981262
3394,10,46,0.1785508096218109
3395,10,47,0.17864423990249634
3396,10,48,0.1943962574005127
3397,10,49,0.20405814051628113
3398,10,50,0.21709613502025604
3399,10,51,0.2104800045490265
3400,10,52,0.16146287322044373
3401,10,53,0.1885380744934082
3402,10,54,0.17513135075569153
3403,10,55,0.18698552250862122
3404,10,56,0.39007502794265747
3405,10,57,0.2568924129009247
3406,10,58,0.23683051764965057
3407,10,59,0.21289411187171936
3408,10,60,0.4713524878025055
3409,10,61,0.22004440426826477
3410,10,62,0.1896623820066452
3411,10,63,0.18592098355293274
3412,10,64,0.23611226677894592
3413,10,65,0.18664145469665527
3414,10,66,0.2021154910326004
3415,10,67,0.24866488575935364
3416,10,68,0.21375128626823425
3417,10,69,0.2405465841293335
3418,10,70,0.18880222737789154
3419,10,71,0.19034910202026367
3420,10,72,0.19415494799613953
3421,10,73,0.18574628233909607
3422,10,74,0.2064014971256256
3423,10,75,0.19264540076255798
3424,10,76,0.19130870699882507
3425,10,77,0.23059482872486115
3426,10,78,0.19509142637252808
3427,10,79,0.18890848755836487
3428,10,80,0.21139764785766602
3429,10,81,0.23986339569091797
3430,10,82,0.1952233761548996
3431,10,83,0.1802356243133545
3432,10,84,0.16413897275924683
3433,10,85,0.1934264898300171
3434,10,86,0.20938341319561005
3435,10,87,0.20334263145923615
3436,10,88,0.17556925117969513
3437,10,89,0.2172921895980835
3438,10,90,0.19975149631500244
3439,10,91,0.2162182331085205
3440,10,92,0.2187608927488327
3441,10,93,0.1932973563671112
3442,10,94,0.17906658351421356
3443,10,95,0.18330790102481842
3444,10,96,0.2738378643989563
3445,10,97,0.1920498013496399
3446,10,98,0.17328567802906036
3447,10,99,0.19824649393558502
3448,10,100,0.2516111433506012
3449,10,101,0.23694734275341034
3450,10,102,0.1909884810447693
3451,10,103,0.21483555436134338
3452,10,104,0.1876380443572998
3453,10,105,0.19524982571601868
3454,10,106,0.2073681801557541
3455,10,107,0.20768146216869354
3456,10,108,0.19191060960292816
3457,10,109,0.18232588469982147
3458,10,110,0.1592606008052826
3459,10,111,0.20565709471702576
3460,10,112,0.21681508421897888
3461,10,113,0.2804419696331024
3462,10,114,0.20289936661720276
3463,10,115,0.20345787703990936
3464,10,116,0.18640632927417755
3465,10,117,0.2404499500989914
3466,10,118,0.2128678262233734
3467,10,119,0.20863699913024902
3468,10,120,0.16335180401802063
3469,10,121,0.2503184974193573
3470,10,122,0.20540209114551544
3471,10,123,0.23529815673828125
3472,10,124,0.21717342734336853
3473,10,125,0.25916048884391785
3474,10,126,0.161335751414299
3475,10,127,0.30315229296684265
3476,10,128,0.17784975469112396
3477,10,129,0.22025832533836365
3478,10,130,0.19681282341480255
3479,10,131,0.22006630897521973
3480,10,132,0.18159310519695282
3481,10,133,0.19521327316761017
3482,10,134,0.1994755119085312
3483,10,135,0.19165804982185364
3484,10,136,0.1784621924161911
3485,10,137,0.23181843757629395
3486,10,138,0.3501865565776825
3487,10,139,0.1952619105577469
3488,10,140,0.16065283119678497
3489,10,141,0.19111308455467224
3490,10,142,0.2705899178981781
3491,10,143,0.19764851033687592
3492,10,144,0.16659332811832428
3493,10,145,0.1979600042104721
3494,10,146,0.17578181624412537
3495,10,147,0.2187512367963791
3496,10,148,0.2069753110408783
3497,10,149,0.1685158610343933
3498,10,150,0.194215789437294
3499,10,151,0.2187863290309906
3500,10,152,0.17441996932029724
3501,10,153,0.18051926791667938
3502,10,154,0.20527315139770508
3503,10,155,0.1920952945947647
3504,10,156,0.233585923910141
3505,10,157,0.21672920882701874
3506,10,158,0.21813735365867615
3507,10,159,0.17972396314144135
3508,10,160,0.20024099946022034
3509,10,161,0.19527247548103333
3510,10,162,0.2042565792798996
3511,10,163,0.28984150290489197
3512,10,164,0.1827487051486969
3513,10,165,0.21336495876312256
3514,10,166,0.19624659419059753
3515,10,167,0.15651658177375793
3516,10,168,0.1978408843278885
3517,10,169,0.2368588000535965
3518,10,170,0.22557535767555237
3519,10,171,0.2199093997478485
3520,10,172,0.19027826189994812
3521,10,173,0.16989964246749878
3522,10,174,0.20971345901489258
3523,10,175,0.1731487214565277
3524,10,176,0.2371295988559723
3525,10,177,0.21961919963359833
3526,10,178,0.30074164271354675
3527,10,179,0.1683657020330429
3528,10,180,0.17050400376319885
3529,10,181,0.1902751624584198
3530,10,182,0.19750909507274628
3531,10,183,0.2313203066587448
3532,10,184,0.30831146240234375
3533,10,185,0.2409871369600296
3534,10,186,0.3549654483795166
3535,10,187,0.19657769799232483
3536,10,188,0.2817896008491516
3537,10,189,0.22158339619636536
3538,10,190,0.1835564225912094
3539,10,191,0.2016323357820511
3540,10,192,0.23553653061389923
3541,10,193,0.2283988893032074
3542,10,194,0.21528255939483643
3543,10,195,0.20977342128753662
3544,10,196,0.28419339656829834
3545,10,197,0.21073336899280548
3546,10,198,0.3147706389427185
3547,10,199,0.21214398741722107
3548,10,200,0.2295180857181549
3549,10,201,0.2236194908618927
3550,10,202,0.2345764935016632
3551,10,203,0.20772166550159454
3552,10,204,0.22258630394935608
3553,10,205,0.20989343523979187
3554,10,206,0.17575077712535858
3555,10,207,0.15661755204200745
3556,10,208,0.24513587355613708
3557,10,209,0.20219936966896057
3558,10,210,0.21844157576560974
3559,10,211,0.30859702825546265
3560,10,212,0.1833021491765976
3561,10,213,0.2186640053987503
3562,10,214,0.20033690333366394
3563,10,215,0.1900036633014679
3564,10,216,0.42773884534835815
3565,10,217,0.20973828434944153
3566,10,218,0.2342340648174286
3567,10,219,0.21250613033771515
3568,10,220,0.18964822590351105
3569,10,221,0.19325551390647888
3570,10,222,0.3072112500667572
3571,10,223,0.24301433563232422
3572,10,224,0.2070738524198532
3573,10,225,0.2949635684490204
3574,10,226,0.25185421109199524
3575,10,227,0.2009059488773346
3576,10,228,0.2668721079826355
3577,10,229,0.21851572394371033
3578,10,230,0.22756977379322052
3579,10,231,0.1991623342037201
3580,10,232,0.2170831263065338
3581,10,233,0.20283396542072296
3582,10,234,0.2086619883775711
3583,10,235,0.2039530724287033
3584,10,236,0.21389904618263245
3585,10,237,0.16176638007164001
3586,10,238,0.23359458148479462
3587,10,239,0.2107803374528885
3588,10,240,0.1766173243522644
3589,10,241,0.16975028812885284
3590,10,242,0.21417169272899628
3591,10,243,0.2408498078584671
3592,10,244,0.1887199878692627
3593,10,245,0.23486927151679993
3594,10,246,0.16082140803337097
3595,10,247,0.18202254176139832
3596,10,248,0.170281320810318
3597,10,249,0.20442190766334534
3598,10,250,0.25269708037376404
3599,10,251,0.20730602741241455
3600,10,252,0.23366253077983856
3601,10,253,0.24332869052886963
3602,10,254,0.16701090335845947
3603,10,255,0.21789821982383728
3604,10,256,0.18464258313179016
3605,10,257,0.25827282667160034
3606,10,258,0.192795068025589
3607,10,259,0.24191947281360626
3608,10,260,0.16393247246742249
3609,10,261,0.19527950882911682
3610,10,262,0.15676817297935486
3611,10,263,0.20074617862701416
3612,10,264,0.2102167159318924
3613,10,265,0.20536544919013977
3614,10,266,0.2394578903913498
3615,10,267,0.20838987827301025
3616,10,268,0.31167322397232056
3617,10,269,0.1852818727493286
3618,10,270,0.178725928068161
3619,10,271,0.23000569641590118
3620,10,272,0.19405508041381836
3621,10,273,0.20130951702594757
3622,10,274,0.18428757786750793
3623,10,275,0.20798692107200623
3624,10,276,0.20515048503875732
3625,10,277,0.1738814413547516
3626,10,278,0.1735030561685562
3627,10,279,0.17844054102897644
3628,10,280,0.20711453258991241
3629,10,281,0.15253928303718567
3630,10,282,0.2649371325969696
3631,10,283,0.22329548001289368
3632,10,284,0.17552486062049866
3633,10,285,0.17048999667167664
3634,10,286,0.21242651343345642
3635,10,287,0.19393546879291534
3636,10,288,0.19312696158885956
3637,10,289,0.20130655169487
3638,10,290,0.1683574914932251
3639,10,291,0.1456756740808487
3640,10,292,0.2447536438703537
3641,10,293,0.2640628218650818
3642,10,294,0.1884758472442627
3643,10,295,0.19754552841186523
3644,10,296,0.21070130169391632
3645,10,297,0.22174787521362305
3646,10,298,0.18162865936756134
3647,10,299,0.15970756113529205
3648,10,300,0.18854521214962006
3649,10,301,0.19455024600028992
3650,10,302,0.223139688372612
3651,10,303,0.1473471224308014
3652,10,304,0.2267465889453888
3653,10,305,0.21938438713550568
3654,10,306,0.22276997566223145
3655,10,307,0.18365077674388885
3656,10,308,0.22759313881397247
3657,10,309,0.24149663746356964
3658,10,310,0.18342287838459015
3659,10,311,0.1893160343170166
3660,10,312,0.20431549847126007
3661,10,313,0.21334215998649597
3662,10,314,0.19381102919578552
3663,10,315,0.20523278415203094
3664,10,316,0.18847759068012238
3665,10,317,0.21404533088207245
3666,10,318,0.20345139503479004
3667,10,319,0.18390622735023499
3668,10,320,0.23734858632087708
3669,10,321,0.23919513821601868
3670,10,322,0.19116012752056122
3671,10,323,0.20486116409301758
3672,10,324,0.17585548758506775
3673,10,325,0.17182080447673798
3674,10,326,0.16004511713981628
3675,10,327,0.185642808675766
3676,10,328,0.18205270171165466
3677,10,329,0.22107312083244324
3678,10,330,0.21088683605194092
3679,10,331,0.1803588569164276
3680,10,332,0.17969617247581482
3681,10,333,0.1804831326007843
3682,10,334,0.25469347834587097
3683,10,335,0.184417724609375
3684,10,336,0.19324743747711182
3685,10,337,0.18158048391342163
3686,10,338,0.200959250330925
3687,10,339,0.20216071605682373
3688,10,340,0.2002113312482834
3689,10,341,0.19144579768180847
3690,10,342,0.14717932045459747
3691,10,343,0.2036038190126419
3692,10,344,0.1770339459180832
3693,10,345,0.17124967277050018
3694,10,346,0.1546325385570526
3695,10,347,0.2066815346479416
3696,10,348,0.21591293811798096
3697,10,349,0.20096871256828308
3698,10,350,0.1995028257369995
3699,10,351,0.19160078465938568
3700,10,352,0.20028948783874512
3701,10,353,0.19031532108783722
3702,10,354,0.18362900614738464
3703,10,355,0.21729227900505066
3704,10,356,0.21943631768226624
3705,10,357,0.18749114871025085
3706,10,358,0.19935321807861328
3707,10,359,0.18391312658786774
3708,10,360,0.21097061038017273
3709,10,361,0.1983378827571869
3710,10,362,0.18875044584274292
3711,10,363,0.2286449372768402
3712,10,364,0.17455865442752838
3713,10,365,0.20135939121246338
3714,10,366,0.22579213976860046
3715,10,367,0.2117089331150055
3716,10,368,0.1649022102355957
3717,10,369,0.24533598124980927
3718,10,370,0.27076709270477295
3719,10,371,0.18532656133174896
3720,10,372,0.21758311986923218
