global_step,epoch,batch,train_loss
1,1,1,3.2908241748809814
2,1,2,3.2091946601867676
3,1,3,3.1581978797912598
4,1,4,3.096867084503174
5,1,5,3.0916800498962402
6,1,6,3.1197943687438965
7,1,7,2.9952921867370605
8,1,8,2.9552736282348633
9,1,9,2.942749261856079
10,1,10,2.8573689460754395
11,1,11,2.8780033588409424
12,1,12,2.838137149810791
13,1,13,2.759894609451294
14,1,14,2.778128147125244
15,1,15,2.737100124359131
16,1,16,2.771953582763672
17,1,17,2.7022478580474854
18,1,18,2.668276786804199
19,1,19,2.6507809162139893
20,1,20,2.6421360969543457
21,1,21,2.671710968017578
22,1,22,2.6260151863098145
23,1,23,2.605872631072998
24,1,24,2.556959867477417
25,1,25,2.6718225479125977
26,1,26,2.6119136810302734
27,1,27,2.549314022064209
28,1,28,2.480438709259033
29,1,29,2.5315444469451904
30,1,30,2.51603627204895
31,1,31,2.559565305709839
32,1,32,2.459052085876465
33,1,33,2.4556877613067627
34,1,34,2.5122900009155273
35,1,35,2.440100908279419
36,1,36,2.4168543815612793
37,1,37,2.4443838596343994
38,1,38,2.444091320037842
39,1,39,2.383237361907959
40,1,40,2.4368112087249756
41,1,41,2.5166831016540527
42,1,42,2.39197039604187
43,1,43,2.453962564468384
44,1,44,2.3766255378723145
45,1,45,2.453489303588867
46,1,46,2.3606340885162354
47,1,47,2.340252161026001
48,1,48,2.348458766937256
49,1,49,2.2696282863616943
50,1,50,2.342163562774658
51,1,51,2.3434417247772217
52,1,52,2.410102367401123
53,1,53,2.3777990341186523
54,1,54,2.2993876934051514
55,1,55,2.400290012359619
56,1,56,2.369002342224121
57,1,57,2.3725945949554443
58,1,58,2.257791519165039
59,1,59,2.3322668075561523
60,1,60,2.283552885055542
61,1,61,2.2575583457946777
62,1,62,2.4060275554656982
63,1,63,2.219308376312256
64,1,64,2.3204472064971924
65,1,65,2.328702211380005
66,1,66,2.237597942352295
67,1,67,2.193399429321289
68,1,68,2.266326427459717
69,1,69,2.252941608428955
70,1,70,2.210146427154541
71,1,71,2.228907823562622
72,1,72,2.2285256385803223
73,1,73,2.3645215034484863
74,1,74,2.1612236499786377
75,1,75,2.1620285511016846
76,1,76,2.2282626628875732
77,1,77,2.196589946746826
78,1,78,2.229985475540161
79,1,79,2.2249162197113037
80,1,80,2.190880298614502
81,1,81,2.238417863845825
82,1,82,2.181448459625244
83,1,83,2.173635244369507
84,1,84,2.114767551422119
85,1,85,2.186540126800537
86,1,86,2.2039146423339844
87,1,87,2.1394081115722656
88,1,88,2.1422088146209717
89,1,89,2.155644655227661
90,1,90,2.1266515254974365
91,1,91,2.0822508335113525
92,1,92,2.193178176879883
93,1,93,2.141153573989868
94,1,94,2.1331636905670166
95,1,95,2.1592297554016113
96,1,96,2.074826717376709
97,1,97,2.234560489654541
98,1,98,2.104218006134033
99,1,99,2.1088883876800537
100,1,100,2.148932695388794
101,1,101,2.1156656742095947
102,1,102,2.117643356323242
103,1,103,2.0956711769104004
104,1,104,2.150409460067749
105,1,105,2.103773593902588
106,1,106,2.041621208190918
107,1,107,2.1208531856536865
108,1,108,2.089174509048462
109,1,109,2.1117970943450928
110,1,110,2.0696523189544678
111,1,111,2.0437064170837402
112,1,112,2.1966278553009033
113,1,113,2.0202155113220215
114,1,114,2.0995445251464844
115,1,115,2.011720895767212
116,1,116,2.1563897132873535
117,1,117,2.1084818840026855
118,1,118,2.1426470279693604
119,1,119,2.1090357303619385
120,1,120,2.098456859588623
121,1,121,2.019744634628296
122,1,122,2.013474941253662
123,1,123,2.091204881668091
124,1,124,2.0435893535614014
125,1,125,1.990171194076538
126,1,126,2.08204984664917
127,1,127,2.122370958328247
128,1,128,2.0120863914489746
129,1,129,2.1998062133789062
130,1,130,2.02048921585083
131,1,131,2.120616912841797
132,1,132,2.065135955810547
133,1,133,2.079685688018799
134,1,134,2.0797016620635986
135,1,135,2.0943732261657715
136,1,136,2.002506732940674
137,1,137,2.0425381660461426
138,1,138,2.104721784591675
139,1,139,2.0484368801116943
140,1,140,2.063049554824829
141,1,141,1.9502098560333252
142,1,142,2.045706272125244
143,1,143,2.0195372104644775
144,1,144,1.9669225215911865
145,1,145,2.049623966217041
146,1,146,2.0267186164855957
147,1,147,2.0416769981384277
148,1,148,2.001283884048462
149,1,149,1.9831041097640991
150,1,150,2.017240047454834
151,1,151,1.9048206806182861
152,1,152,1.9462562799453735
153,1,153,2.0521581172943115
154,1,154,1.972978949546814
155,1,155,2.040257692337036
156,1,156,2.086832284927368
157,1,157,2.0075790882110596
158,1,158,1.9440399408340454
159,1,159,1.979997992515564
160,1,160,2.139744520187378
161,1,161,2.0214173793792725
162,1,162,1.995311975479126
163,1,163,2.000570058822632
164,1,164,1.9920648336410522
165,1,165,2.017287015914917
166,1,166,2.0072803497314453
167,1,167,1.9478938579559326
168,1,168,1.9800424575805664
169,1,169,1.9331566095352173
170,1,170,1.9935334920883179
171,1,171,2.0373024940490723
172,1,172,1.9432904720306396
173,1,173,1.9814128875732422
174,1,174,1.9489104747772217
175,1,175,1.9707229137420654
176,1,176,1.9582405090332031
177,1,177,1.919046401977539
178,1,178,1.9540445804595947
179,1,179,1.9729890823364258
180,1,180,1.9447834491729736
181,1,181,1.905142068862915
182,1,182,1.92665696144104
183,1,183,1.9332536458969116
184,1,184,1.9189332723617554
185,1,185,1.9411739110946655
186,1,186,1.909799575805664
187,1,187,1.9863780736923218
188,1,188,1.942352533340454
189,1,189,1.9107856750488281
190,1,190,1.945591688156128
191,1,191,1.8835569620132446
192,1,192,1.9432449340820312
193,1,193,1.9728561639785767
194,1,194,2.076205015182495
195,1,195,1.9827553033828735
196,1,196,1.9071311950683594
197,1,197,1.929496169090271
198,1,198,1.9572632312774658
199,1,199,1.9221233129501343
200,1,200,1.8919446468353271
201,1,201,1.9612061977386475
202,1,202,1.9175927639007568
203,1,203,1.915018081665039
204,1,204,1.9590193033218384
205,1,205,1.9416786432266235
206,1,206,1.9251976013183594
207,1,207,2.0865390300750732
208,1,208,1.9218347072601318
209,1,209,1.8861103057861328
210,1,210,1.8423106670379639
211,1,211,1.9078623056411743
212,1,212,1.8939005136489868
213,1,213,1.8498491048812866
214,1,214,1.8989908695220947
215,1,215,1.8365848064422607
216,1,216,1.870511770248413
217,1,217,1.9238700866699219
218,1,218,1.8369935750961304
219,1,219,1.8990767002105713
220,1,220,1.9714479446411133
221,1,221,1.9000396728515625
222,1,222,1.8405870199203491
223,1,223,1.890551209449768
224,1,224,1.8273026943206787
225,1,225,2.0916035175323486
226,1,226,1.8720630407333374
227,1,227,2.00789475440979
228,1,228,1.8789746761322021
229,1,229,1.9223464727401733
230,1,230,1.9426168203353882
231,1,231,1.8055047988891602
232,1,232,1.9401079416275024
233,1,233,1.8821607828140259
234,1,234,1.8519220352172852
235,1,235,1.9156863689422607
236,1,236,1.8556007146835327
237,1,237,1.8628145456314087
238,1,238,1.8297532796859741
239,1,239,1.9280128479003906
240,1,240,1.8316854238510132
241,1,241,1.9308431148529053
242,1,242,1.8082854747772217
243,1,243,1.8233306407928467
244,1,244,1.8433244228363037
245,1,245,1.7935218811035156
246,1,246,1.8333666324615479
247,1,247,1.799818992614746
248,1,248,1.8732563257217407
249,1,249,1.7864567041397095
250,1,250,1.8268871307373047
251,1,251,1.8664439916610718
252,1,252,1.8260633945465088
253,1,253,1.867915153503418
254,1,254,1.8138662576675415
255,1,255,1.8331565856933594
256,1,256,1.7717020511627197
257,1,257,1.8658339977264404
258,1,258,1.8443329334259033
259,1,259,1.864667534828186
260,1,260,1.831660509109497
261,1,261,1.8031870126724243
262,1,262,1.839578628540039
263,1,263,1.8086884021759033
264,1,264,1.7775243520736694
265,1,265,1.7920001745224
266,1,266,1.859228491783142
267,1,267,1.8291749954223633
268,1,268,1.8241984844207764
269,1,269,1.7851784229278564
270,1,270,1.7777687311172485
271,1,271,1.7849998474121094
272,1,272,1.8456175327301025
273,1,273,1.8451083898544312
274,1,274,1.7796857357025146
275,1,275,1.7351289987564087
276,1,276,1.8126156330108643
277,1,277,1.7719358205795288
278,1,278,1.7766664028167725
279,1,279,1.8972995281219482
280,1,280,1.7542701959609985
281,1,281,1.840196967124939
282,1,282,1.8189786672592163
283,1,283,1.8064018487930298
284,1,284,1.838730812072754
285,1,285,1.7962591648101807
286,1,286,1.759688377380371
287,1,287,1.7373594045639038
288,1,288,1.8001911640167236
289,1,289,1.8416175842285156
290,1,290,1.87490975856781
291,1,291,1.8000110387802124
292,1,292,1.79879891872406
293,1,293,1.8026087284088135
294,1,294,1.8039395809173584
295,1,295,1.7711334228515625
296,1,296,1.8227685689926147
297,1,297,1.7516982555389404
298,1,298,1.7995847463607788
299,1,299,1.8131669759750366
300,1,300,1.7674442529678345
301,1,301,1.6952203512191772
302,1,302,1.790169358253479
303,1,303,1.8143768310546875
304,1,304,1.7879292964935303
305,1,305,1.775460958480835
306,1,306,1.7050758600234985
307,1,307,1.7178401947021484
308,1,308,1.8131611347198486
309,1,309,1.8148088455200195
310,1,310,1.7680612802505493
311,1,311,1.785913109779358
312,1,312,1.7349774837493896
313,1,313,1.7678216695785522
314,1,314,1.7632602453231812
315,1,315,1.7591091394424438
316,1,316,1.7468191385269165
317,1,317,1.7492759227752686
318,1,318,1.767630934715271
319,1,319,1.765899658203125
320,1,320,1.7117128372192383
321,1,321,1.7728681564331055
322,1,322,1.7979780435562134
323,1,323,1.7487375736236572
324,1,324,1.8225698471069336
325,1,325,1.721217393875122
326,1,326,1.7044031620025635
327,1,327,1.7287521362304688
328,1,328,1.9191052913665771
329,1,329,1.7341744899749756
330,1,330,1.7530009746551514
331,1,331,1.7336314916610718
332,1,332,1.7308698892593384
333,1,333,1.7339975833892822
334,1,334,1.7125822305679321
335,1,335,1.6805517673492432
336,1,336,1.7861597537994385
337,1,337,1.8192908763885498
338,1,338,1.7615392208099365
339,1,339,1.904370665550232
340,1,340,1.6940057277679443
341,1,341,1.7453685998916626
342,1,342,1.7390483617782593
343,1,343,1.7222106456756592
344,1,344,1.7382936477661133
345,1,345,1.7191845178604126
346,1,346,1.6581357717514038
347,1,347,1.7816566228866577
348,1,348,1.7113088369369507
349,1,349,1.7420549392700195
350,1,350,1.7090317010879517
351,1,351,1.6368026733398438
352,1,352,1.731450080871582
353,1,353,1.7328029870986938
354,1,354,1.698180913925171
355,1,355,1.8476053476333618
356,1,356,1.696555495262146
357,1,357,1.712728500366211
358,1,358,1.75627863407135
359,1,359,1.658803939819336
360,1,360,1.7188581228256226
361,1,361,1.700181245803833
362,1,362,1.7057344913482666
363,1,363,1.6768629550933838
364,1,364,1.8189008235931396
365,1,365,1.7500803470611572
366,1,366,1.705995798110962
367,1,367,1.6688216924667358
368,1,368,1.6172492504119873
369,1,369,1.6901975870132446
370,1,370,1.6897096633911133
371,1,371,1.688926100730896
372,1,372,1.8059548139572144
373,2,1,1.7198842763900757
374,2,2,1.6701924800872803
375,2,3,1.628788709640503
376,2,4,1.6361770629882812
377,2,5,1.6141668558120728
378,2,6,1.6429294347763062
379,2,7,1.61283278465271
380,2,8,1.739854097366333
381,2,9,1.6277574300765991
382,2,10,1.7073566913604736
383,2,11,1.6656068563461304
384,2,12,1.6786092519760132
385,2,13,1.6741082668304443
386,2,14,1.6538546085357666
387,2,15,1.6984561681747437
388,2,16,1.652381181716919
389,2,17,1.6276012659072876
390,2,18,1.668712854385376
391,2,19,1.6880264282226562
392,2,20,1.822021722793579
393,2,21,1.6481351852416992
394,2,22,1.6290256977081299
395,2,23,1.6645056009292603
396,2,24,1.7583205699920654
397,2,25,1.6754802465438843
398,2,26,1.6472179889678955
399,2,27,1.6706806421279907
400,2,28,1.6412427425384521
401,2,29,1.6180946826934814
402,2,30,1.6135101318359375
403,2,31,1.6785190105438232
404,2,32,1.6349576711654663
405,2,33,1.6469275951385498
406,2,34,1.639369249343872
407,2,35,1.6519861221313477
408,2,36,1.61749267578125
409,2,37,1.6078605651855469
410,2,38,1.6827068328857422
411,2,39,1.6349890232086182
412,2,40,1.6679565906524658
413,2,41,1.6613256931304932
414,2,42,1.66890549659729
415,2,43,1.657994270324707
416,2,44,1.5769230127334595
417,2,45,1.6110891103744507
418,2,46,1.5714342594146729
419,2,47,1.6191380023956299
420,2,48,1.5698738098144531
421,2,49,1.5335304737091064
422,2,50,1.61417555809021
423,2,51,1.5898209810256958
424,2,52,1.6604549884796143
425,2,53,1.6818506717681885
426,2,54,1.5925688743591309
427,2,55,1.5974254608154297
428,2,56,1.6111427545547485
429,2,57,1.640494704246521
430,2,58,1.6302449703216553
431,2,59,1.6675809621810913
432,2,60,1.6480863094329834
433,2,61,1.6573604345321655
434,2,62,1.5580002069473267
435,2,63,1.6211332082748413
436,2,64,1.6458656787872314
437,2,65,1.6504771709442139
438,2,66,1.6530399322509766
439,2,67,1.5885370969772339
440,2,68,1.6199910640716553
441,2,69,1.6017166376113892
442,2,70,1.6180025339126587
443,2,71,1.6145246028900146
444,2,72,1.5542738437652588
445,2,73,1.61813223361969
446,2,74,1.5684871673583984
447,2,75,1.6152849197387695
448,2,76,1.5369069576263428
449,2,77,1.60201096534729
450,2,78,1.6722259521484375
451,2,79,1.5616689920425415
452,2,80,1.594050645828247
453,2,81,1.7952430248260498
454,2,82,1.58266282081604
455,2,83,1.550249457359314
456,2,84,1.546058177947998
457,2,85,1.5676525831222534
458,2,86,1.6420570611953735
459,2,87,1.5139155387878418
460,2,88,1.5732141733169556
461,2,89,1.6354484558105469
462,2,90,1.6032606363296509
463,2,91,1.583270788192749
464,2,92,1.6265509128570557
465,2,93,1.5801163911819458
466,2,94,1.633143663406372
467,2,95,1.5792030096054077
468,2,96,1.5156246423721313
469,2,97,1.571526288986206
470,2,98,1.5693565607070923
471,2,99,1.63882315158844
472,2,100,1.5657097101211548
473,2,101,1.5205625295639038
474,2,102,1.5911916494369507
475,2,103,1.5386909246444702
476,2,104,1.5795924663543701
477,2,105,1.6772483587265015
478,2,106,1.5778400897979736
479,2,107,1.5786556005477905
480,2,108,1.612786054611206
481,2,109,1.5139577388763428
482,2,110,1.5429584980010986
483,2,111,1.5323269367218018
484,2,112,1.588425874710083
485,2,113,1.511163592338562
486,2,114,1.544135332107544
487,2,115,1.5624066591262817
488,2,116,1.5591237545013428
489,2,117,1.5308640003204346
490,2,118,1.537089467048645
491,2,119,1.560835599899292
492,2,120,1.5294129848480225
493,2,121,1.5349029302597046
494,2,122,1.5799676179885864
495,2,123,1.5165575742721558
496,2,124,1.5403305292129517
497,2,125,1.4842225313186646
498,2,126,1.5481860637664795
499,2,127,1.5109690427780151
500,2,128,1.5040173530578613
501,2,129,1.5754348039627075
502,2,130,1.529553771018982
503,2,131,1.5504941940307617
504,2,132,1.5302289724349976
505,2,133,1.5150500535964966
506,2,134,1.660101294517517
507,2,135,1.5738346576690674
508,2,136,1.5706183910369873
509,2,137,1.5526105165481567
510,2,138,1.48943293094635
511,2,139,1.5106213092803955
512,2,140,1.452312707901001
513,2,141,1.5509599447250366
514,2,142,1.5918548107147217
515,2,143,1.5566327571868896
516,2,144,1.5865395069122314
517,2,145,1.5203304290771484
518,2,146,1.5032957792282104
519,2,147,1.5098121166229248
520,2,148,1.5580449104309082
521,2,149,1.5183755159378052
522,2,150,1.479008674621582
523,2,151,1.5001912117004395
524,2,152,1.4277681112289429
525,2,153,1.4878427982330322
526,2,154,1.648498296737671
527,2,155,1.4940979480743408
528,2,156,1.5289595127105713
529,2,157,1.449751615524292
530,2,158,1.4922553300857544
531,2,159,1.5338518619537354
532,2,160,1.5176762342453003
533,2,161,1.5983879566192627
534,2,162,1.4092979431152344
535,2,163,1.4315636157989502
536,2,164,1.5260229110717773
537,2,165,1.619203805923462
538,2,166,1.45960533618927
539,2,167,1.5680277347564697
540,2,168,1.4491984844207764
541,2,169,1.5147732496261597
542,2,170,1.4880903959274292
543,2,171,1.4916102886199951
544,2,172,1.4253884553909302
545,2,173,1.4429348707199097
546,2,174,1.5166490077972412
547,2,175,1.4898898601531982
548,2,176,1.4717209339141846
549,2,177,1.4928829669952393
550,2,178,1.5140780210494995
551,2,179,1.4880259037017822
552,2,180,1.5050910711288452
553,2,181,1.6156623363494873
554,2,182,1.4970704317092896
555,2,183,1.46840500831604
556,2,184,1.4486240148544312
557,2,185,1.5319513082504272
558,2,186,1.6657555103302002
559,2,187,1.5034492015838623
560,2,188,1.4091116189956665
561,2,189,1.420145869255066
562,2,190,1.4789597988128662
563,2,191,1.5227110385894775
564,2,192,1.449694037437439
565,2,193,1.5207997560501099
566,2,194,1.5031764507293701
567,2,195,1.558816909790039
568,2,196,1.4860540628433228
569,2,197,1.5967031717300415
570,2,198,1.5626543760299683
571,2,199,1.495795488357544
572,2,200,1.40911066532135
573,2,201,1.5134966373443604
574,2,202,1.4709279537200928
575,2,203,1.4795314073562622
576,2,204,1.4237380027770996
577,2,205,1.4572404623031616
578,2,206,1.4874696731567383
579,2,207,1.433606505393982
580,2,208,1.5403228998184204
581,2,209,1.4786298274993896
582,2,210,1.5314233303070068
583,2,211,1.4431040287017822
584,2,212,1.4466803073883057
585,2,213,1.4247071743011475
586,2,214,1.4609967470169067
587,2,215,1.4498250484466553
588,2,216,1.4396508932113647
589,2,217,1.410871982574463
590,2,218,1.4870296716690063
591,2,219,1.4640045166015625
592,2,220,1.4639675617218018
593,2,221,1.4435081481933594
594,2,222,1.4348801374435425
595,2,223,1.3853538036346436
596,2,224,1.6333835124969482
597,2,225,1.5393600463867188
598,2,226,1.5009937286376953
599,2,227,1.4122542142868042
600,2,228,1.473881483078003
601,2,229,1.4300734996795654
602,2,230,1.4877283573150635
603,2,231,1.4167671203613281
604,2,232,1.4053293466567993
605,2,233,1.405746579170227
606,2,234,1.5118850469589233
607,2,235,1.4142696857452393
608,2,236,1.4218895435333252
609,2,237,1.3956494331359863
610,2,238,1.3881425857543945
611,2,239,1.4150875806808472
612,2,240,1.485662817955017
613,2,241,1.377345085144043
614,2,242,1.4018179178237915
615,2,243,1.4764931201934814
616,2,244,1.3979283571243286
617,2,245,1.4103199243545532
618,2,246,1.3994417190551758
619,2,247,1.406783103942871
620,2,248,1.3680893182754517
621,2,249,1.4075665473937988
622,2,250,1.4042783975601196
623,2,251,1.423513650894165
624,2,252,1.444596290588379
625,2,253,1.4171350002288818
626,2,254,1.3929296731948853
627,2,255,1.4264800548553467
628,2,256,1.439815878868103
629,2,257,1.3793352842330933
630,2,258,1.4319920539855957
631,2,259,1.3915531635284424
632,2,260,1.5898184776306152
633,2,261,1.3706793785095215
634,2,262,1.3264782428741455
635,2,263,1.3921940326690674
636,2,264,1.3471994400024414
637,2,265,1.395668387413025
638,2,266,1.4568370580673218
639,2,267,1.385448694229126
640,2,268,1.3363735675811768
641,2,269,1.443699598312378
642,2,270,1.480672836303711
643,2,271,1.3330988883972168
644,2,272,1.3877403736114502
645,2,273,1.3589863777160645
646,2,274,1.348257303237915
647,2,275,1.3969104290008545
648,2,276,1.3700822591781616
649,2,277,1.4419257640838623
650,2,278,1.5703134536743164
651,2,279,1.4294183254241943
652,2,280,1.4131977558135986
653,2,281,1.3637242317199707
654,2,282,1.4403713941574097
655,2,283,1.4571797847747803
656,2,284,1.3941857814788818
657,2,285,1.3747767210006714
658,2,286,1.4023441076278687
659,2,287,1.3669309616088867
660,2,288,1.409283995628357
661,2,289,1.3558295965194702
662,2,290,1.4015637636184692
663,2,291,1.3455886840820312
664,2,292,1.3698982000350952
665,2,293,1.403477430343628
666,2,294,1.4129043817520142
667,2,295,1.426440954208374
668,2,296,1.3139373064041138
669,2,297,1.336572289466858
670,2,298,1.383562445640564
671,2,299,1.4069147109985352
672,2,300,1.318882703781128
673,2,301,1.409932017326355
674,2,302,1.4096366167068481
675,2,303,1.3113632202148438
676,2,304,1.3178011178970337
677,2,305,1.355533480644226
678,2,306,1.2971937656402588
679,2,307,1.3775765895843506
680,2,308,1.4665045738220215
681,2,309,1.3785070180892944
682,2,310,1.3124486207962036
683,2,311,1.4116463661193848
684,2,312,1.4256666898727417
685,2,313,1.4512006044387817
686,2,314,1.3233520984649658
687,2,315,1.3474371433258057
688,2,316,1.3769395351409912
689,2,317,1.312617301940918
690,2,318,1.4493041038513184
691,2,319,1.3443259000778198
692,2,320,1.3542091846466064
693,2,321,1.3568370342254639
694,2,322,1.3757808208465576
695,2,323,1.404628038406372
696,2,324,1.3631207942962646
697,2,325,1.326826810836792
698,2,326,1.4034568071365356
699,2,327,1.3261935710906982
700,2,328,1.4128611087799072
701,2,329,1.3446989059448242
702,2,330,1.3724792003631592
703,2,331,1.3342465162277222
704,2,332,1.3729398250579834
705,2,333,1.3553434610366821
706,2,334,1.3398783206939697
707,2,335,1.2813434600830078
708,2,336,1.3461275100708008
709,2,337,1.3341959714889526
710,2,338,1.3963619470596313
711,2,339,1.2958496809005737
712,2,340,1.3799643516540527
713,2,341,1.5237815380096436
714,2,342,1.2937862873077393
715,2,343,1.2867358922958374
716,2,344,1.3496150970458984
717,2,345,1.387399435043335
718,2,346,1.3205262422561646
719,2,347,1.288905382156372
720,2,348,1.295849084854126
721,2,349,1.3696856498718262
722,2,350,1.3157460689544678
723,2,351,1.3540769815444946
724,2,352,1.275928258895874
725,2,353,1.2857500314712524
726,2,354,1.361391305923462
727,2,355,1.2784088850021362
728,2,356,1.3603311777114868
729,2,357,1.3469340801239014
730,2,358,1.2446025609970093
731,2,359,1.3268446922302246
732,2,360,1.3077142238616943
733,2,361,1.3187288045883179
734,2,362,1.2917306423187256
735,2,363,1.2584364414215088
736,2,364,1.4424779415130615
737,2,365,1.2890303134918213
738,2,366,1.4085053205490112
739,2,367,1.3230798244476318
740,2,368,1.3231208324432373
741,2,369,1.3425838947296143
742,2,370,1.2421962022781372
743,2,371,1.3320837020874023
744,2,372,1.3147951364517212
745,3,1,1.2696869373321533
746,3,2,1.32967209815979
747,3,3,1.2909926176071167
748,3,4,1.2477219104766846
749,3,5,1.395275354385376
750,3,6,1.2738454341888428
751,3,7,1.3006412982940674
752,3,8,1.236971378326416
753,3,9,1.3193671703338623
754,3,10,1.3182051181793213
755,3,11,1.253253698348999
756,3,12,1.3467020988464355
757,3,13,1.3030985593795776
758,3,14,1.3336925506591797
759,3,15,1.3232316970825195
760,3,16,1.2605059146881104
761,3,17,1.3682210445404053
762,3,18,1.23380708694458
763,3,19,1.280775785446167
764,3,20,1.247840166091919
765,3,21,1.2738289833068848
766,3,22,1.2783857583999634
767,3,23,1.306152582168579
768,3,24,1.2431786060333252
769,3,25,1.187321662902832
770,3,26,1.2678934335708618
771,3,27,1.415630578994751
772,3,28,1.2997525930404663
773,3,29,1.329999566078186
774,3,30,1.271194338798523
775,3,31,1.2826361656188965
776,3,32,1.2324260473251343
777,3,33,1.2492742538452148
778,3,34,1.3135470151901245
779,3,35,1.2900917530059814
780,3,36,1.3461498022079468
781,3,37,1.25119149684906
782,3,38,1.2749056816101074
783,3,39,1.2091410160064697
784,3,40,1.4031336307525635
785,3,41,1.3848121166229248
786,3,42,1.1990323066711426
787,3,43,1.223657250404358
788,3,44,1.2693440914154053
789,3,45,1.2489341497421265
790,3,46,1.2581093311309814
791,3,47,1.2515208721160889
792,3,48,1.2332651615142822
793,3,49,1.2777608633041382
794,3,50,1.2459447383880615
795,3,51,1.230468988418579
796,3,52,1.2721558809280396
797,3,53,1.2267003059387207
798,3,54,1.2523434162139893
799,3,55,1.3849194049835205
800,3,56,1.203256368637085
801,3,57,1.2159618139266968
802,3,58,1.1838459968566895
803,3,59,1.2105228900909424
804,3,60,1.2299692630767822
805,3,61,1.2357724905014038
806,3,62,1.189339280128479
807,3,63,1.2313185930252075
808,3,64,1.2686879634857178
809,3,65,1.3958303928375244
810,3,66,1.227958083152771
811,3,67,1.2369701862335205
812,3,68,1.3092262744903564
813,3,69,1.2135727405548096
814,3,70,1.2150863409042358
815,3,71,1.2746678590774536
816,3,72,1.2047263383865356
817,3,73,1.182266354560852
818,3,74,1.2164534330368042
819,3,75,1.1967403888702393
820,3,76,1.1816307306289673
821,3,77,1.2174607515335083
822,3,78,1.1700104475021362
823,3,79,1.222186803817749
824,3,80,1.21440851688385
825,3,81,1.216554880142212
826,3,82,1.1848224401474
827,3,83,1.2704055309295654
828,3,84,1.1988707780838013
829,3,85,1.3221254348754883
830,3,86,1.2061728239059448
831,3,87,1.219592809677124
832,3,88,1.2594317197799683
833,3,89,1.204611897468567
834,3,90,1.2184644937515259
835,3,91,1.1661876440048218
836,3,92,1.1928941011428833
837,3,93,1.249405026435852
838,3,94,1.2665199041366577
839,3,95,1.2009657621383667
840,3,96,1.1682771444320679
841,3,97,1.2286288738250732
842,3,98,1.1593101024627686
843,3,99,1.2079732418060303
844,3,100,1.2225751876831055
845,3,101,1.153182864189148
846,3,102,1.2338227033615112
847,3,103,1.1701116561889648
848,3,104,1.1902403831481934
849,3,105,1.188530445098877
850,3,106,1.2523138523101807
851,3,107,1.1581047773361206
852,3,108,1.1453540325164795
853,3,109,1.1684625148773193
854,3,110,1.1878764629364014
855,3,111,1.212091088294983
856,3,112,1.221084713935852
857,3,113,1.247774362564087
858,3,114,1.1555685997009277
859,3,115,1.252282738685608
860,3,116,1.225390076637268
861,3,117,1.1680463552474976
862,3,118,1.1597299575805664
863,3,119,1.1902331113815308
864,3,120,1.1621308326721191
865,3,121,1.1750428676605225
866,3,122,1.1831046342849731
867,3,123,1.2346858978271484
868,3,124,1.1910779476165771
869,3,125,1.1797236204147339
870,3,126,1.239319920539856
871,3,127,1.140035629272461
872,3,128,1.2556562423706055
873,3,129,1.202906608581543
874,3,130,1.2150859832763672
875,3,131,1.1343762874603271
876,3,132,1.2084057331085205
877,3,133,1.1929266452789307
878,3,134,1.1553515195846558
879,3,135,1.1628671884536743
880,3,136,1.1615549325942993
881,3,137,1.133103609085083
882,3,138,1.1250169277191162
883,3,139,1.151583194732666
884,3,140,1.2744663953781128
885,3,141,1.183032751083374
886,3,142,1.131559133529663
887,3,143,1.3069590330123901
888,3,144,1.2267162799835205
889,3,145,1.1818310022354126
890,3,146,1.1428344249725342
891,3,147,1.0675194263458252
892,3,148,1.1614630222320557
893,3,149,1.2331209182739258
894,3,150,1.0962380170822144
895,3,151,1.2190624475479126
896,3,152,1.199157476425171
897,3,153,1.1850439310073853
898,3,154,1.159888744354248
899,3,155,1.1251075267791748
900,3,156,1.1802186965942383
901,3,157,1.3104021549224854
902,3,158,1.188293218612671
903,3,159,1.200248122215271
904,3,160,1.167427659034729
905,3,161,1.151147484779358
906,3,162,1.1500537395477295
907,3,163,1.1210263967514038
908,3,164,1.1750794649124146
909,3,165,1.235809087753296
910,3,166,1.1808102130889893
911,3,167,1.1035741567611694
912,3,168,1.1089588403701782
913,3,169,1.197507619857788
914,3,170,1.2485599517822266
915,3,171,1.1767449378967285
916,3,172,1.116937279701233
917,3,173,1.1510564088821411
918,3,174,1.1822305917739868
919,3,175,1.2844747304916382
920,3,176,1.2092063426971436
921,3,177,1.084836721420288
922,3,178,1.1212775707244873
923,3,179,1.148207187652588
924,3,180,1.1914548873901367
925,3,181,1.1686651706695557
926,3,182,1.1234004497528076
927,3,183,1.2285553216934204
928,3,184,1.2316900491714478
929,3,185,1.1477408409118652
930,3,186,1.1083762645721436
931,3,187,1.0893832445144653
932,3,188,1.189774751663208
933,3,189,1.1065537929534912
934,3,190,1.105533242225647
935,3,191,1.1533360481262207
936,3,192,1.19032621383667
937,3,193,1.0997519493103027
938,3,194,1.1818821430206299
939,3,195,1.168511152267456
940,3,196,1.1624107360839844
941,3,197,1.142383337020874
942,3,198,1.1098037958145142
943,3,199,1.1412055492401123
944,3,200,1.1698973178863525
945,3,201,1.0971474647521973
946,3,202,1.157118558883667
947,3,203,1.1184511184692383
948,3,204,1.0963703393936157
949,3,205,1.153747797012329
950,3,206,1.0786088705062866
951,3,207,1.0853320360183716
952,3,208,1.1794898509979248
953,3,209,1.1353986263275146
954,3,210,1.1344252824783325
955,3,211,1.2687309980392456
956,3,212,1.160662293434143
957,3,213,1.1360012292861938
958,3,214,1.1608062982559204
959,3,215,1.10331130027771
960,3,216,1.154792070388794
961,3,217,1.0905706882476807
962,3,218,1.1417173147201538
963,3,219,1.1074491739273071
964,3,220,1.0940775871276855
965,3,221,1.1760365962982178
966,3,222,1.1862809658050537
967,3,223,1.0948493480682373
968,3,224,1.0825393199920654
969,3,225,1.0800377130508423
970,3,226,1.129707932472229
971,3,227,1.18719482421875
972,3,228,1.1596746444702148
973,3,229,1.0801628828048706
974,3,230,1.1466119289398193
975,3,231,1.1145490407943726
976,3,232,1.1624454259872437
977,3,233,1.046417474746704
978,3,234,1.1400421857833862
979,3,235,1.0951687097549438
980,3,236,1.0739974975585938
981,3,237,1.1029746532440186
982,3,238,1.0460494756698608
983,3,239,1.1635974645614624
984,3,240,1.0747352838516235
985,3,241,1.049509882926941
986,3,242,1.0944081544876099
987,3,243,1.1576387882232666
988,3,244,1.060198187828064
989,3,245,1.1201162338256836
990,3,246,1.1956112384796143
991,3,247,1.0899028778076172
992,3,248,1.0942366123199463
993,3,249,1.1257115602493286
994,3,250,1.1927982568740845
995,3,251,1.1240508556365967
996,3,252,1.097557783126831
997,3,253,1.0796682834625244
998,3,254,1.0673582553863525
999,3,255,1.164448618888855
1000,3,256,1.0906847715377808
1001,3,257,1.0915558338165283
1002,3,258,1.0558178424835205
1003,3,259,1.1013429164886475
1004,3,260,1.0802772045135498
1005,3,261,1.2020972967147827
1006,3,262,1.0523102283477783
1007,3,263,1.1036139726638794
1008,3,264,1.0720961093902588
1009,3,265,1.126875400543213
1010,3,266,1.0804870128631592
1011,3,267,1.1360316276550293
1012,3,268,1.0536129474639893
1013,3,269,1.1250197887420654
1014,3,270,1.1245521306991577
1015,3,271,1.1168339252471924
1016,3,272,1.0432560443878174
1017,3,273,1.075842261314392
1018,3,274,1.0219064950942993
1019,3,275,1.0790128707885742
1020,3,276,1.071540117263794
1021,3,277,1.0783283710479736
1022,3,278,1.0448284149169922
1023,3,279,1.0559356212615967
1024,3,280,1.0513843297958374
1025,3,281,1.090272307395935
1026,3,282,1.1396270990371704
1027,3,283,1.1671539545059204
1028,3,284,1.067075490951538
1029,3,285,1.0554978847503662
1030,3,286,1.1467117071151733
1031,3,287,1.1578071117401123
1032,3,288,1.0831161737442017
1033,3,289,1.1701381206512451
1034,3,290,1.0554094314575195
1035,3,291,1.0695656538009644
1036,3,292,1.030683159828186
1037,3,293,1.1136128902435303
1038,3,294,1.1220076084136963
1039,3,295,1.028420329093933
1040,3,296,1.0772960186004639
1041,3,297,1.0565639734268188
1042,3,298,1.0152881145477295
1043,3,299,1.2061487436294556
1044,3,300,1.051844596862793
1045,3,301,1.096778154373169
1046,3,302,1.0836536884307861
1047,3,303,1.0876868963241577
1048,3,304,1.0534436702728271
1049,3,305,1.142556071281433
1050,3,306,1.0767205953598022
1051,3,307,1.104302167892456
1052,3,308,1.0706499814987183
1053,3,309,1.0087052583694458
1054,3,310,1.0671271085739136
1055,3,311,1.0869377851486206
1056,3,312,1.0359477996826172
1057,3,313,1.0655524730682373
1058,3,314,1.0342966318130493
1059,3,315,1.0482676029205322
1060,3,316,1.1481684446334839
1061,3,317,1.302367925643921
1062,3,318,1.0390427112579346
1063,3,319,1.036460518836975
1064,3,320,1.0606350898742676
1065,3,321,1.0144797563552856
1066,3,322,1.201506495475769
1067,3,323,1.0261198282241821
1068,3,324,1.014898419380188
1069,3,325,1.0576667785644531
1070,3,326,1.0616800785064697
1071,3,327,0.9972370266914368
1072,3,328,1.0804919004440308
1073,3,329,1.1536740064620972
1074,3,330,1.1459338665008545
1075,3,331,1.0326693058013916
1076,3,332,1.0688574314117432
1077,3,333,1.015467882156372
1078,3,334,0.9939860105514526
1079,3,335,1.0213167667388916
1080,3,336,0.9926819801330566
1081,3,337,1.139137864112854
1082,3,338,0.9994860887527466
1083,3,339,1.1488969326019287
1084,3,340,1.0163601636886597
1085,3,341,0.9811631441116333
1086,3,342,1.0394591093063354
1087,3,343,1.0528925657272339
1088,3,344,1.0161162614822388
1089,3,345,1.0983744859695435
1090,3,346,1.015687108039856
1091,3,347,1.0460891723632812
1092,3,348,1.1053130626678467
1093,3,349,0.9857519268989563
1094,3,350,1.082334280014038
1095,3,351,1.0131511688232422
1096,3,352,0.9979501962661743
1097,3,353,1.0271283388137817
1098,3,354,1.08152174949646
1099,3,355,1.0386043787002563
1100,3,356,0.9972413182258606
1101,3,357,0.9859383702278137
1102,3,358,1.0225040912628174
1103,3,359,1.0398480892181396
1104,3,360,1.0712226629257202
1105,3,361,1.019967794418335
1106,3,362,0.957017719745636
1107,3,363,0.9712400436401367
1108,3,364,1.012575387954712
1109,3,365,0.9640962481498718
1110,3,366,1.0226601362228394
1111,3,367,1.0240919589996338
1112,3,368,0.9779664874076843
1113,3,369,0.9734636545181274
1114,3,370,1.0053316354751587
1115,3,371,0.9987009763717651
1116,3,372,0.969001054763794
1117,4,1,0.9574306607246399
1118,4,2,0.9710782766342163
1119,4,3,0.9882714152336121
1120,4,4,0.9500262141227722
1121,4,5,0.9853048324584961
1122,4,6,0.9299381375312805
1123,4,7,0.9901226162910461
1124,4,8,0.9535518884658813
1125,4,9,0.9850785136222839
1126,4,10,0.9703060984611511
1127,4,11,0.9588426351547241
1128,4,12,1.0117982625961304
1129,4,13,0.9494221806526184
1130,4,14,1.0089234113693237
1131,4,15,0.9574069976806641
1132,4,16,0.9299334287643433
1133,4,17,1.0449340343475342
1134,4,18,0.9460543394088745
1135,4,19,0.9715961217880249
1136,4,20,1.0434348583221436
1137,4,21,0.9381049275398254
1138,4,22,0.9433270692825317
1139,4,23,0.9689856767654419
1140,4,24,1.0656521320343018
1141,4,25,0.9405441284179688
1142,4,26,1.0620265007019043
1143,4,27,0.9273747205734253
1144,4,28,0.9325500726699829
1145,4,29,0.9396108388900757
1146,4,30,1.0031039714813232
1147,4,31,1.172602653503418
1148,4,32,1.0217711925506592
1149,4,33,0.9911934733390808
1150,4,34,0.9639296531677246
1151,4,35,0.9593947529792786
1152,4,36,1.0067126750946045
1153,4,37,0.9108301401138306
1154,4,38,1.0127367973327637
1155,4,39,0.907719612121582
1156,4,40,0.9118960499763489
1157,4,41,0.9624472856521606
1158,4,42,0.9545373916625977
1159,4,43,1.015256643295288
1160,4,44,0.9575920104980469
1161,4,45,0.9930820465087891
1162,4,46,0.9683316946029663
1163,4,47,0.9810824394226074
1164,4,48,0.9407411813735962
1165,4,49,0.9339377284049988
1166,4,50,0.9369804263114929
1167,4,51,1.0054097175598145
1168,4,52,0.9560667276382446
1169,4,53,0.9511905908584595
1170,4,54,0.9163466691970825
1171,4,55,0.9256922602653503
1172,4,56,0.8946142196655273
1173,4,57,0.9674875140190125
1174,4,58,0.9031162261962891
1175,4,59,0.9030214548110962
1176,4,60,0.9557067155838013
1177,4,61,0.959129810333252
1178,4,62,0.9185376167297363
1179,4,63,1.00064218044281
1180,4,64,1.0004794597625732
1181,4,65,0.8986603021621704
1182,4,66,0.9343552589416504
1183,4,67,1.014611840248108
1184,4,68,1.005511999130249
1185,4,69,0.9413302540779114
1186,4,70,0.8688178062438965
1187,4,71,0.8962963819503784
1188,4,72,0.9661370515823364
1189,4,73,0.9591576457023621
1190,4,74,0.9763657450675964
1191,4,75,0.9697273969650269
1192,4,76,0.9196162223815918
1193,4,77,1.0309172868728638
1194,4,78,0.8650552034378052
1195,4,79,0.9999022483825684
1196,4,80,0.9145342111587524
1197,4,81,0.9720392227172852
1198,4,82,0.8908597826957703
1199,4,83,0.8831923604011536
1200,4,84,0.9610123634338379
1201,4,85,0.9003236889839172
1202,4,86,0.8871091604232788
1203,4,87,0.9530292749404907
1204,4,88,0.8929706811904907
1205,4,89,0.9100934267044067
1206,4,90,0.958672046661377
1207,4,91,0.9688989520072937
1208,4,92,0.8965972661972046
1209,4,93,0.9137407541275024
1210,4,94,0.9350332021713257
1211,4,95,0.9303159713745117
1212,4,96,0.9284186363220215
1213,4,97,0.9843947291374207
1214,4,98,0.9544379115104675
1215,4,99,0.956089973449707
1216,4,100,0.8703745603561401
1217,4,101,0.9180927276611328
1218,4,102,1.0171221494674683
1219,4,103,0.8957880735397339
1220,4,104,1.1102077960968018
1221,4,105,0.8862287402153015
1222,4,106,0.9292631149291992
1223,4,107,0.8902188539505005
1224,4,108,0.909326434135437
1225,4,109,0.931130588054657
1226,4,110,0.9294699430465698
1227,4,111,0.9489668011665344
1228,4,112,0.9142574071884155
1229,4,113,0.8864395022392273
1230,4,114,0.8673125505447388
1231,4,115,0.9381276965141296
1232,4,116,0.9264761805534363
1233,4,117,0.8904576301574707
1234,4,118,0.9340689778327942
1235,4,119,0.93775475025177
1236,4,120,0.9106929898262024
1237,4,121,0.8977683782577515
1238,4,122,0.8771710395812988
1239,4,123,0.891508936882019
1240,4,124,0.9835947155952454
1241,4,125,0.8759255409240723
1242,4,126,0.9543817639350891
1243,4,127,0.9622219204902649
1244,4,128,0.880903422832489
1245,4,129,0.9967401623725891
1246,4,130,0.8452452421188354
1247,4,131,0.9287004470825195
1248,4,132,0.8966310620307922
1249,4,133,0.9570645093917847
1250,4,134,0.8861597776412964
1251,4,135,0.8817230463027954
1252,4,136,0.8919140696525574
1253,4,137,0.9050092697143555
1254,4,138,0.9409540295600891
1255,4,139,0.8966781497001648
1256,4,140,0.8702295422554016
1257,4,141,0.8957101106643677
1258,4,142,0.8512789011001587
1259,4,143,0.9315721392631531
1260,4,144,0.8805920481681824
1261,4,145,0.9133794903755188
1262,4,146,0.8726140856742859
1263,4,147,0.9111766815185547
1264,4,148,0.904026210308075
1265,4,149,0.9086704254150391
1266,4,150,0.9573418498039246
1267,4,151,0.908549964427948
1268,4,152,1.038967490196228
1269,4,153,0.8701480627059937
1270,4,154,0.8794112205505371
1271,4,155,0.881646990776062
1272,4,156,0.8618725538253784
1273,4,157,0.8649522066116333
1274,4,158,0.871250331401825
1275,4,159,0.9651386141777039
1276,4,160,0.9656446576118469
1277,4,161,0.8545902371406555
1278,4,162,0.8605055809020996
1279,4,163,0.8646009564399719
1280,4,164,0.9389631152153015
1281,4,165,0.8648300170898438
1282,4,166,0.9806802868843079
1283,4,167,0.9337087869644165
1284,4,168,0.8537918925285339
1285,4,169,0.8692280650138855
1286,4,170,0.8610360026359558
1287,4,171,0.8667432069778442
1288,4,172,0.8821293115615845
1289,4,173,0.8874454498291016
1290,4,174,1.0317509174346924
1291,4,175,0.8732295036315918
1292,4,176,0.8555194139480591
1293,4,177,1.0801398754119873
1294,4,178,0.9330897331237793
1295,4,179,0.9246938824653625
1296,4,180,0.8051608800888062
1297,4,181,0.9128932952880859
1298,4,182,0.8702429533004761
1299,4,183,0.9539868235588074
1300,4,184,0.936315655708313
1301,4,185,0.871374785900116
1302,4,186,0.8920040130615234
1303,4,187,0.7974957823753357
1304,4,188,0.8609832525253296
1305,4,189,0.8885208964347839
1306,4,190,0.8974750638008118
1307,4,191,0.8400962948799133
1308,4,192,0.8883712887763977
1309,4,193,0.9391788244247437
1310,4,194,0.8332875370979309
1311,4,195,0.9260910153388977
1312,4,196,0.8723002672195435
1313,4,197,0.8782175183296204
1314,4,198,0.8682370185852051
1315,4,199,0.835488498210907
1316,4,200,0.926665186882019
1317,4,201,0.8693801164627075
1318,4,202,0.8096989393234253
1319,4,203,0.9455267786979675
1320,4,204,0.8304349780082703
1321,4,205,0.8462971448898315
1322,4,206,0.8035904765129089
1323,4,207,0.8331431150436401
1324,4,208,0.8539431691169739
1325,4,209,0.9049469232559204
1326,4,210,0.925972580909729
1327,4,211,0.8601864576339722
1328,4,212,0.8280197381973267
1329,4,213,0.7869294881820679
1330,4,214,0.8335364460945129
1331,4,215,0.8155509233474731
1332,4,216,0.9219123125076294
1333,4,217,0.8292196393013
1334,4,218,0.8682793378829956
1335,4,219,0.9022067189216614
1336,4,220,0.8697084188461304
1337,4,221,0.8316190838813782
1338,4,222,0.8756120800971985
1339,4,223,0.9819289445877075
1340,4,224,0.8151729702949524
1341,4,225,0.9307268857955933
1342,4,226,0.8439788818359375
1343,4,227,0.7649383544921875
1344,4,228,0.8469651937484741
1345,4,229,0.8613885641098022
1346,4,230,0.8615826368331909
1347,4,231,0.8559437990188599
1348,4,232,0.8680146336555481
1349,4,233,0.8109620213508606
1350,4,234,0.8092672228813171
1351,4,235,0.8027645945549011
1352,4,236,0.9131850004196167
1353,4,237,0.8638512492179871
1354,4,238,0.8064374923706055
1355,4,239,0.796389102935791
1356,4,240,0.789017379283905
1357,4,241,0.8606969714164734
1358,4,242,0.80256587266922
1359,4,243,0.7881144881248474
1360,4,244,0.9097867012023926
1361,4,245,0.894058346748352
1362,4,246,0.8415093421936035
1363,4,247,0.8684794306755066
1364,4,248,0.9540810585021973
1365,4,249,0.8624435663223267
1366,4,250,0.8689273595809937
1367,4,251,0.7930023074150085
1368,4,252,0.8356056213378906
1369,4,253,0.7699209451675415
1370,4,254,0.8006625175476074
1371,4,255,1.1240906715393066
1372,4,256,0.820635199546814
1373,4,257,0.8218764066696167
1374,4,258,0.9006791114807129
1375,4,259,0.8106600046157837
1376,4,260,0.8423328399658203
1377,4,261,0.8102980852127075
1378,4,262,0.8473416566848755
1379,4,263,0.8141258955001831
1380,4,264,0.7972618937492371
1381,4,265,0.822535514831543
1382,4,266,0.9521705508232117
1383,4,267,0.8097212910652161
1384,4,268,0.7707158327102661
1385,4,269,0.7462800145149231
1386,4,270,0.8244339823722839
1387,4,271,0.8567434549331665
1388,4,272,0.8208243250846863
1389,4,273,0.8190512657165527
1390,4,274,0.9010961651802063
1391,4,275,0.849224865436554
1392,4,276,0.7834401726722717
1393,4,277,0.857319176197052
1394,4,278,0.7715558409690857
1395,4,279,0.863161563873291
1396,4,280,0.7949842214584351
1397,4,281,0.8208077549934387
1398,4,282,0.8231037855148315
1399,4,283,0.8395199775695801
1400,4,284,0.7771570086479187
1401,4,285,0.815453827381134
1402,4,286,0.8339536786079407
1403,4,287,0.9185803532600403
1404,4,288,0.8432555198669434
1405,4,289,0.792059063911438
1406,4,290,0.7515283823013306
1407,4,291,0.8034698367118835
1408,4,292,0.8659862279891968
1409,4,293,0.7604590654373169
1410,4,294,0.7647879719734192
1411,4,295,0.8166006207466125
1412,4,296,0.8400333523750305
1413,4,297,0.782458484172821
1414,4,298,0.8551768064498901
1415,4,299,0.7922531962394714
1416,4,300,0.8559678196907043
1417,4,301,0.7809654474258423
1418,4,302,0.7799767255783081
1419,4,303,0.7696437239646912
1420,4,304,1.0277494192123413
1421,4,305,0.8735162019729614
1422,4,306,0.7890661954879761
1423,4,307,0.8409835696220398
1424,4,308,0.7755051851272583
1425,4,309,0.7659816741943359
1426,4,310,0.8234214782714844
1427,4,311,0.7918760776519775
1428,4,312,0.7676633596420288
1429,4,313,0.8451468348503113
1430,4,314,0.8159459829330444
1431,4,315,0.7998968362808228
1432,4,316,0.8319258689880371
1433,4,317,0.8362461924552917
1434,4,318,0.7875189781188965
1435,4,319,0.8023049235343933
1436,4,320,0.7869724035263062
1437,4,321,0.8034318089485168
1438,4,322,0.798859179019928
1439,4,323,0.8665508031845093
1440,4,324,0.7902170419692993
1441,4,325,1.0731908082962036
1442,4,326,0.9928398132324219
1443,4,327,0.7708981037139893
1444,4,328,1.1247334480285645
1445,4,329,0.782757580280304
1446,4,330,0.7983541488647461
1447,4,331,0.8986204862594604
1448,4,332,0.7914550304412842
1449,4,333,0.7562786340713501
1450,4,334,0.7227877378463745
1451,4,335,0.8031681180000305
1452,4,336,0.7820752859115601
1453,4,337,0.8040100336074829
1454,4,338,0.8302966356277466
1455,4,339,0.8478895425796509
1456,4,340,0.8083620071411133
1457,4,341,0.8064223527908325
1458,4,342,0.7950378656387329
1459,4,343,0.796715497970581
1460,4,344,0.8090731501579285
1461,4,345,0.8443735241889954
1462,4,346,0.730351448059082
1463,4,347,0.7762178778648376
1464,4,348,0.8544787168502808
1465,4,349,0.7351586818695068
1466,4,350,0.7616240978240967
1467,4,351,0.7817427515983582
1468,4,352,0.7604371309280396
1469,4,353,0.7632826566696167
1470,4,354,0.8234426379203796
1471,4,355,0.7733762264251709
1472,4,356,0.7661276459693909
1473,4,357,0.8060646057128906
1474,4,358,0.7649274468421936
1475,4,359,0.7320377826690674
1476,4,360,0.7286480665206909
1477,4,361,0.8321402668952942
1478,4,362,0.7385691404342651
1479,4,363,0.8791738748550415
1480,4,364,0.7373815774917603
1481,4,365,0.699752926826477
1482,4,366,0.7497090101242065
1483,4,367,0.790136992931366
1484,4,368,0.7612754106521606
1485,4,369,0.7416521906852722
1486,4,370,0.7536092400550842
1487,4,371,0.8251309394836426
1488,4,372,0.8474220633506775
1489,5,1,0.7322052121162415
1490,5,2,0.7094290852546692
1491,5,3,0.7371838092803955
1492,5,4,0.7330344915390015
1493,5,5,0.7423135042190552
1494,5,6,0.7499783039093018
1495,5,7,0.7145689725875854
1496,5,8,0.74931800365448
1497,5,9,0.7340643405914307
1498,5,10,0.7583379745483398
1499,5,11,0.710164487361908
1500,5,12,0.7944287061691284
1501,5,13,0.7706258893013
1502,5,14,0.737849771976471
1503,5,15,0.7983479499816895
1504,5,16,0.7522481083869934
1505,5,17,0.7365895509719849
1506,5,18,0.6723737120628357
1507,5,19,0.7423245310783386
1508,5,20,0.824708104133606
1509,5,21,0.7544324994087219
1510,5,22,0.7769350409507751
1511,5,23,0.6760054230690002
1512,5,24,0.7970584034919739
1513,5,25,0.7971130609512329
1514,5,26,0.7657821178436279
1515,5,27,0.7898904085159302
1516,5,28,0.7461891770362854
1517,5,29,0.7333468198776245
1518,5,30,0.8210492134094238
1519,5,31,0.7391846179962158
1520,5,32,0.7365878224372864
1521,5,33,0.9774545431137085
1522,5,34,0.6826724410057068
1523,5,35,0.7124953866004944
1524,5,36,0.7687962055206299
1525,5,37,0.6984357237815857
1526,5,38,0.8192299604415894
1527,5,39,0.7407821416854858
1528,5,40,0.7280763983726501
1529,5,41,0.8361900448799133
1530,5,42,0.774228572845459
1531,5,43,0.7594929337501526
1532,5,44,0.7520345449447632
1533,5,45,0.7092689871788025
1534,5,46,0.7693840265274048
1535,5,47,0.7917644381523132
1536,5,48,0.7268648147583008
1537,5,49,0.7660802602767944
1538,5,50,0.7379924654960632
1539,5,51,0.7017148733139038
1540,5,52,0.7204629778862
1541,5,53,0.7216709852218628
1542,5,54,0.7374235987663269
1543,5,55,0.7364979982376099
1544,5,56,0.7040882110595703
1545,5,57,0.7956881523132324
1546,5,58,0.6835376620292664
1547,5,59,0.9345143437385559
1548,5,60,0.8482636213302612
1549,5,61,0.7723891139030457
1550,5,62,0.9049180150032043
1551,5,63,0.7453494071960449
1552,5,64,0.7693060636520386
1553,5,65,0.6771150827407837
1554,5,66,0.7876392602920532
1555,5,67,0.6919397711753845
1556,5,68,0.7478259205818176
1557,5,69,0.7181512117385864
1558,5,70,0.7048165798187256
1559,5,71,0.7075271606445312
1560,5,72,0.6808373332023621
1561,5,73,0.7576515078544617
1562,5,74,0.6944054961204529
1563,5,75,0.7006377577781677
1564,5,76,0.6829694509506226
1565,5,77,0.7266133427619934
1566,5,78,0.7155038714408875
1567,5,79,0.6608337163925171
1568,5,80,0.7044640779495239
1569,5,81,0.8982537984848022
1570,5,82,0.7541791200637817
1571,5,83,0.7089000344276428
1572,5,84,0.7621558904647827
1573,5,85,0.8982684016227722
1574,5,86,0.728787899017334
1575,5,87,0.8279388546943665
1576,5,88,0.7920681238174438
1577,5,89,0.7144163846969604
1578,5,90,0.7182193994522095
1579,5,91,0.7166013121604919
1580,5,92,0.9676179885864258
1581,5,93,0.6679537892341614
1582,5,94,0.7972963452339172
1583,5,95,0.7374768853187561
1584,5,96,0.7849293947219849
1585,5,97,0.7675080299377441
1586,5,98,0.7636047005653381
1587,5,99,0.6931020617485046
1588,5,100,0.8173912763595581
1589,5,101,0.7468443512916565
1590,5,102,0.6873697638511658
1591,5,103,0.7505633234977722
1592,5,104,0.6603900194168091
1593,5,105,0.6937311291694641
1594,5,106,0.7128738760948181
1595,5,107,0.6890058517456055
1596,5,108,0.6898664236068726
1597,5,109,0.7001025080680847
1598,5,110,0.7198976278305054
1599,5,111,0.7419129014015198
1600,5,112,0.6711513996124268
1601,5,113,0.6792119741439819
1602,5,114,0.7464597821235657
1603,5,115,0.6897181272506714
1604,5,116,0.7071597576141357
1605,5,117,0.7040051221847534
1606,5,118,0.8496478796005249
1607,5,119,0.7212113738059998
1608,5,120,0.6695047616958618
1609,5,121,0.7788009643554688
1610,5,122,0.6520201563835144
1611,5,123,0.6649436354637146
1612,5,124,0.8780533075332642
1613,5,125,0.6863145232200623
1614,5,126,0.7692328691482544
1615,5,127,0.7775794863700867
1616,5,128,0.7056747674942017
1617,5,129,0.6608802676200867
1618,5,130,0.6816520690917969
1619,5,131,0.715114414691925
1620,5,132,0.6792781352996826
1621,5,133,0.7469016313552856
1622,5,134,0.6934901475906372
1623,5,135,0.7183704376220703
1624,5,136,0.7741116285324097
1625,5,137,0.7248324751853943
1626,5,138,0.6819669604301453
1627,5,139,0.646548867225647
1628,5,140,0.6769482493400574
1629,5,141,0.6827579736709595
1630,5,142,0.6612943410873413
1631,5,143,0.656234622001648
1632,5,144,0.7114348411560059
1633,5,145,0.7589901685714722
1634,5,146,0.662081778049469
1635,5,147,0.6827491521835327
1636,5,148,0.6882624626159668
1637,5,149,0.7285817861557007
1638,5,150,0.7330498695373535
1639,5,151,0.6489269733428955
1640,5,152,0.6624184250831604
1641,5,153,0.6604452729225159
1642,5,154,0.7677062749862671
1643,5,155,0.7536786794662476
1644,5,156,0.7597478628158569
1645,5,157,0.6626901030540466
1646,5,158,0.6936525106430054
1647,5,159,0.7959316968917847
1648,5,160,0.6628015041351318
1649,5,161,0.7534765005111694
1650,5,162,0.7256046533584595
1651,5,163,0.6620688438415527
1652,5,164,0.7072036862373352
1653,5,165,0.6788688898086548
1654,5,166,0.683899462223053
1655,5,167,0.6776784658432007
1656,5,168,0.638824999332428
1657,5,169,0.6822684407234192
1658,5,170,0.933871865272522
1659,5,171,0.6810455918312073
1660,5,172,0.7254437804222107
1661,5,173,0.7020114660263062
1662,5,174,0.6655558347702026
1663,5,175,0.6891425848007202
1664,5,176,0.7189245223999023
1665,5,177,0.7275183200836182
1666,5,178,0.7309934496879578
1667,5,179,0.759175181388855
1668,5,180,0.6913960576057434
1669,5,181,0.7198525667190552
1670,5,182,0.6947451233863831
1671,5,183,0.6823092699050903
1672,5,184,0.6924489736557007
1673,5,185,0.6735323071479797
1674,5,186,0.6105784177780151
1675,5,187,0.6757580041885376
1676,5,188,0.6488573551177979
1677,5,189,0.6705015897750854
1678,5,190,0.6857892274856567
1679,5,191,0.6416910886764526
1680,5,192,0.7136856913566589
1681,5,193,0.6800204515457153
1682,5,194,0.6137998104095459
1683,5,195,0.6517712473869324
1684,5,196,0.6796914339065552
1685,5,197,0.8174522519111633
1686,5,198,0.6417306661605835
1687,5,199,0.6221429109573364
1688,5,200,0.7257751822471619
1689,5,201,0.670007586479187
1690,5,202,0.6820841431617737
1691,5,203,1.0144989490509033
1692,5,204,0.7589219212532043
1693,5,205,0.671648383140564
1694,5,206,0.6669601202011108
1695,5,207,0.6767109632492065
1696,5,208,0.6694024205207825
1697,5,209,0.6866500973701477
1698,5,210,0.6433671116828918
1699,5,211,0.7241812348365784
1700,5,212,0.7137368321418762
1701,5,213,0.6495440602302551
1702,5,214,0.6412855982780457
1703,5,215,0.6475671529769897
1704,5,216,0.6292406320571899
1705,5,217,0.6103821992874146
1706,5,218,0.6722813248634338
1707,5,219,0.6994858980178833
1708,5,220,0.6898174285888672
1709,5,221,0.6431418061256409
1710,5,222,0.6562615633010864
1711,5,223,0.7729529738426208
1712,5,224,0.8502377271652222
1713,5,225,0.6236525774002075
1714,5,226,0.6150014400482178
1715,5,227,0.6854771971702576
1716,5,228,0.700464129447937
1717,5,229,0.673801600933075
1718,5,230,0.6451422572135925
1719,5,231,0.7803506851196289
1720,5,232,0.7667793035507202
1721,5,233,0.67237389087677
1722,5,234,0.6934899687767029
1723,5,235,0.6427633762359619
1724,5,236,0.6238936185836792
1725,5,237,0.6927598118782043
1726,5,238,0.7277934551239014
1727,5,239,0.6872370839118958
1728,5,240,0.7201035022735596
1729,5,241,0.6035243272781372
1730,5,242,0.7052672505378723
1731,5,243,0.6525400876998901
1732,5,244,0.6330834627151489
1733,5,245,0.7289785742759705
1734,5,246,0.8131621479988098
1735,5,247,0.6345299482345581
1736,5,248,0.702605128288269
1737,5,249,0.6355375051498413
1738,5,250,0.8519671559333801
1739,5,251,0.6913397908210754
1740,5,252,0.70445317029953
1741,5,253,0.6333110332489014
1742,5,254,0.6777249574661255
1743,5,255,0.670916736125946
1744,5,256,0.7003636360168457
1745,5,257,0.76646488904953
1746,5,258,0.7496910095214844
1747,5,259,0.72835373878479
1748,5,260,0.7636791467666626
1749,5,261,0.6137615442276001
1750,5,262,0.6212384700775146
1751,5,263,0.6905457973480225
1752,5,264,0.6261333227157593
1753,5,265,0.7024741172790527
1754,5,266,0.6529104113578796
1755,5,267,0.6419968008995056
1756,5,268,0.6067663431167603
1757,5,269,0.9065777659416199
1758,5,270,0.6927808523178101
1759,5,271,0.6910631060600281
1760,5,272,0.6770604252815247
1761,5,273,0.6154822111129761
1762,5,274,0.6909357905387878
1763,5,275,0.6850661039352417
1764,5,276,0.7373784780502319
1765,5,277,0.6291549801826477
1766,5,278,0.7048225998878479
1767,5,279,0.6563023328781128
1768,5,280,0.8772217035293579
1769,5,281,0.6633569002151489
1770,5,282,0.6682922840118408
1771,5,283,0.6351161003112793
1772,5,284,0.6497184038162231
1773,5,285,0.6344316005706787
1774,5,286,0.6758948564529419
1775,5,287,0.688979983329773
1776,5,288,0.6528317332267761
1777,5,289,0.5938657522201538
1778,5,290,0.6788262128829956
1779,5,291,0.6485158205032349
1780,5,292,0.7023669481277466
1781,5,293,0.6553168296813965
1782,5,294,0.7455767393112183
1783,5,295,0.6337329149246216
1784,5,296,0.8487668037414551
1785,5,297,0.6814428567886353
1786,5,298,0.6562669277191162
1787,5,299,0.6168478727340698
1788,5,300,0.6313193440437317
1789,5,301,0.6553434133529663
1790,5,302,0.6598411202430725
1791,5,303,0.6482776403427124
1792,5,304,0.6518266797065735
1793,5,305,0.650047242641449
1794,5,306,0.614437997341156
1795,5,307,0.640762209892273
1796,5,308,0.6198140978813171
1797,5,309,0.5991925597190857
1798,5,310,0.6612716913223267
1799,5,311,0.6820785403251648
1800,5,312,0.6302576065063477
1801,5,313,0.7564728856086731
1802,5,314,0.6703518629074097
1803,5,315,0.6929638981819153
1804,5,316,0.6875928044319153
1805,5,317,0.6502156853675842
1806,5,318,0.6392197608947754
1807,5,319,0.7267028093338013
1808,5,320,0.6891404986381531
1809,5,321,0.6854785680770874
1810,5,322,0.6660183072090149
1811,5,323,0.7106122374534607
1812,5,324,0.6094870567321777
1813,5,325,0.624238133430481
1814,5,326,0.6344102025032043
1815,5,327,0.6468526124954224
1816,5,328,0.586727499961853
1817,5,329,0.6237245798110962
1818,5,330,0.6240355968475342
1819,5,331,0.659533679485321
1820,5,332,0.6489661931991577
1821,5,333,0.6406689286231995
1822,5,334,0.6085661053657532
1823,5,335,0.6367720365524292
1824,5,336,0.637437105178833
1825,5,337,0.6037927269935608
1826,5,338,0.7176522612571716
1827,5,339,0.5694853067398071
1828,5,340,0.6539334058761597
1829,5,341,0.6003268957138062
1830,5,342,0.6575151681900024
1831,5,343,0.5473731756210327
1832,5,344,0.5935218334197998
1833,5,345,0.5939719080924988
1834,5,346,0.6164016127586365
1835,5,347,0.5917398929595947
1836,5,348,0.6558212637901306
1837,5,349,0.6211395859718323
1838,5,350,0.655686616897583
1839,5,351,0.6393460035324097
1840,5,352,0.7607032060623169
1841,5,353,0.6180158853530884
1842,5,354,0.7440956234931946
1843,5,355,0.6062232255935669
1844,5,356,0.9570112228393555
1845,5,357,0.6056181788444519
1846,5,358,0.6176967024803162
1847,5,359,0.5542928576469421
1848,5,360,0.595710813999176
1849,5,361,0.6696115732192993
1850,5,362,0.594515860080719
1851,5,363,0.7144064903259277
1852,5,364,0.5983944535255432
1853,5,365,0.5541349053382874
1854,5,366,0.6333893537521362
1855,5,367,0.5747179388999939
1856,5,368,0.6286941170692444
1857,5,369,0.6597062349319458
1858,5,370,0.6150421500205994
1859,5,371,0.6537496447563171
1860,5,372,0.6354641318321228
1861,6,1,0.6636431217193604
1862,6,2,0.6068423986434937
1863,6,3,0.6265572905540466
1864,6,4,0.7126346230506897
1865,6,5,0.637610137462616
1866,6,6,0.6421132683753967
1867,6,7,0.6067756414413452
1868,6,8,0.5728582739830017
1869,6,9,0.6674692630767822
1870,6,10,0.6850000619888306
1871,6,11,0.5866368412971497
1872,6,12,0.657361626625061
1873,6,13,0.5774416923522949
1874,6,14,0.6119095087051392
1875,6,15,0.592671275138855
1876,6,16,0.6585115194320679
1877,6,17,0.6226025819778442
1878,6,18,0.6302042007446289
1879,6,19,0.5939038991928101
1880,6,20,0.5500275492668152
1881,6,21,0.5843433141708374
1882,6,22,0.6450754404067993
1883,6,23,0.6217573881149292
1884,6,24,0.6617541909217834
1885,6,25,0.6246326565742493
1886,6,26,0.6274774670600891
1887,6,27,0.5773317217826843
1888,6,28,0.5511504411697388
1889,6,29,0.7087448835372925
1890,6,30,0.5825674533843994
1891,6,31,0.5760467052459717
1892,6,32,0.55247563123703
1893,6,33,0.6249595284461975
1894,6,34,0.6298288106918335
1895,6,35,0.6053169369697571
1896,6,36,0.5113300681114197
1897,6,37,0.6027268171310425
1898,6,38,0.5969995260238647
1899,6,39,0.6077512502670288
1900,6,40,0.6416312456130981
1901,6,41,1.0051383972167969
1902,6,42,0.5660305023193359
1903,6,43,0.566412627696991
1904,6,44,0.825282871723175
1905,6,45,0.5969743132591248
1906,6,46,0.5664108395576477
1907,6,47,0.5836039185523987
1908,6,48,0.5804012417793274
1909,6,49,0.632051408290863
1910,6,50,0.5852161645889282
1911,6,51,0.6169467568397522
1912,6,52,0.5335859060287476
1913,6,53,0.6170763373374939
1914,6,54,0.6216934323310852
1915,6,55,0.5191227197647095
1916,6,56,0.6313425302505493
1917,6,57,0.5318065881729126
1918,6,58,0.6530500650405884
1919,6,59,0.7119068503379822
1920,6,60,0.544522762298584
1921,6,61,0.5964668393135071
1922,6,62,0.561815619468689
1923,6,63,0.5386390089988708
1924,6,64,0.5851262211799622
1925,6,65,0.5786073207855225
1926,6,66,0.6277652382850647
1927,6,67,0.6429023146629333
1928,6,68,0.6378477811813354
1929,6,69,0.5973281264305115
1930,6,70,0.7532213926315308
1931,6,71,0.6557751893997192
1932,6,72,0.5868233442306519
1933,6,73,0.519747257232666
1934,6,74,0.5541191101074219
1935,6,75,0.5992041826248169
1936,6,76,0.6072136163711548
1937,6,77,0.53900146484375
1938,6,78,0.6022301912307739
1939,6,79,0.6035324335098267
1940,6,80,0.5591015219688416
1941,6,81,0.5720586776733398
1942,6,82,0.6736588478088379
1943,6,83,0.6548115611076355
1944,6,84,0.622462809085846
1945,6,85,0.6415976285934448
1946,6,86,0.6359468698501587
1947,6,87,0.6137821078300476
1948,6,88,0.5913122296333313
1949,6,89,0.6193620562553406
1950,6,90,0.5266891717910767
1951,6,91,0.6514832377433777
1952,6,92,0.6407067775726318
1953,6,93,0.5384165048599243
1954,6,94,0.5561107397079468
1955,6,95,0.564792275428772
1956,6,96,0.5281303524971008
1957,6,97,0.5778920650482178
1958,6,98,0.5171788334846497
1959,6,99,0.5166943669319153
1960,6,100,0.5253161787986755
1961,6,101,0.5477451086044312
1962,6,102,0.49619317054748535
1963,6,103,0.5480602383613586
1964,6,104,0.618732213973999
1965,6,105,0.5589843988418579
1966,6,106,0.5360770225524902
1967,6,107,0.6778873205184937
1968,6,108,0.5547680854797363
1969,6,109,0.5820115804672241
1970,6,110,0.848823070526123
1971,6,111,0.5400352478027344
1972,6,112,0.6504828929901123
1973,6,113,0.5007219314575195
1974,6,114,0.561847984790802
1975,6,115,0.5690792202949524
1976,6,116,0.583289384841919
1977,6,117,0.5753263831138611
1978,6,118,0.6920722723007202
1979,6,119,0.5541789531707764
1980,6,120,0.5704368352890015
1981,6,121,0.5332125425338745
1982,6,122,0.5821149945259094
1983,6,123,0.564725399017334
1984,6,124,0.5350154638290405
1985,6,125,0.5402959585189819
1986,6,126,0.5483236908912659
1987,6,127,0.5932345986366272
1988,6,128,0.5231021046638489
1989,6,129,0.5368074178695679
1990,6,130,0.6540060639381409
1991,6,131,0.591675877571106
1992,6,132,0.5855868458747864
1993,6,133,0.5608981847763062
1994,6,134,0.6401990652084351
1995,6,135,0.6170927882194519
1996,6,136,0.6648363471031189
1997,6,137,0.626071572303772
1998,6,138,0.6072810292243958
1999,6,139,0.5623704791069031
2000,6,140,0.5378547310829163
2001,6,141,0.6305606961250305
2002,6,142,0.575796902179718
2003,6,143,0.591406524181366
2004,6,144,0.5432964563369751
2005,6,145,0.6092323064804077
2006,6,146,0.4902678430080414
2007,6,147,0.5265447497367859
2008,6,148,0.5860961079597473
2009,6,149,0.537837028503418
2010,6,150,0.5926348567008972
2011,6,151,0.6253260970115662
2012,6,152,0.5179567933082581
2013,6,153,0.6389271020889282
2014,6,154,0.555808424949646
2015,6,155,0.569232165813446
2016,6,156,0.6314282417297363
2017,6,157,0.5393443703651428
2018,6,158,0.5336406230926514
2019,6,159,0.6000767946243286
2020,6,160,0.6340096592903137
2021,6,161,0.5368092060089111
2022,6,162,0.5225266218185425
2023,6,163,0.5215240120887756
2024,6,164,0.4987871050834656
2025,6,165,0.570283830165863
2026,6,166,0.5929871201515198
2027,6,167,0.5894438624382019
2028,6,168,0.5513656139373779
2029,6,169,0.5121027827262878
2030,6,170,0.5964692831039429
2031,6,171,0.6441769003868103
2032,6,172,0.5081342458724976
2033,6,173,0.49383050203323364
2034,6,174,0.5850156545639038
2035,6,175,0.532511830329895
2036,6,176,0.582075297832489
2037,6,177,0.5880047082901001
2038,6,178,0.5099901556968689
2039,6,179,0.6631373167037964
2040,6,180,0.5749373435974121
2041,6,181,0.5229264497756958
2042,6,182,0.5083895325660706
2043,6,183,0.5110381245613098
2044,6,184,0.5034385919570923
2045,6,185,0.6444146037101746
2046,6,186,0.5661234259605408
2047,6,187,0.5270599126815796
2048,6,188,0.502331018447876
2049,6,189,0.5428608655929565
2050,6,190,0.49302682280540466
2051,6,191,0.5395313501358032
2052,6,192,0.7374715209007263
2053,6,193,0.5591305494308472
2054,6,194,0.5099998712539673
2055,6,195,0.730665385723114
2056,6,196,0.5456532835960388
2057,6,197,0.5069040060043335
2058,6,198,0.5221188068389893
2059,6,199,0.5550288558006287
2060,6,200,0.5469620227813721
2061,6,201,0.5621756315231323
2062,6,202,0.5182498693466187
2063,6,203,0.7653385400772095
2064,6,204,0.5068992972373962
2065,6,205,0.4995695650577545
2066,6,206,0.4978258013725281
2067,6,207,0.5169504880905151
2068,6,208,0.5776750445365906
2069,6,209,0.5700380802154541
2070,6,210,0.6059603095054626
2071,6,211,0.5758723020553589
2072,6,212,0.5418485403060913
2073,6,213,0.6189709901809692
2074,6,214,0.6135338544845581
2075,6,215,0.569214940071106
2076,6,216,0.5272287130355835
2077,6,217,0.598689615726471
2078,6,218,0.5086928606033325
2079,6,219,0.5937548875808716
2080,6,220,0.6074464917182922
2081,6,221,0.7366982698440552
2082,6,222,0.4792684018611908
2083,6,223,0.5199342370033264
2084,6,224,0.5302896499633789
2085,6,225,0.5069273114204407
2086,6,226,0.7680820226669312
2087,6,227,0.6173826456069946
2088,6,228,0.5823569297790527
2089,6,229,0.67059326171875
2090,6,230,0.5115004181861877
2091,6,231,0.5768842101097107
2092,6,232,0.5437325239181519
2093,6,233,0.5656594038009644
2094,6,234,0.5169819593429565
2095,6,235,0.5572243332862854
2096,6,236,0.6213539838790894
2097,6,237,0.5189376473426819
2098,6,238,0.5689709782600403
2099,6,239,0.5742634534835815
2100,6,240,0.47075051069259644
2101,6,241,0.5597112774848938
2102,6,242,0.5490319132804871
2103,6,243,0.5528310537338257
2104,6,244,0.7090822458267212
2105,6,245,0.5808590650558472
2106,6,246,0.5297480821609497
2107,6,247,0.5494719743728638
2108,6,248,0.5726962685585022
2109,6,249,0.6338461637496948
2110,6,250,0.7424980998039246
2111,6,251,0.5970396399497986
2112,6,252,0.5387601852416992
2113,6,253,0.5737753510475159
2114,6,254,0.5610272884368896
2115,6,255,0.5735034942626953
2116,6,256,0.5794854164123535
2117,6,257,0.5686310529708862
2118,6,258,0.5174869298934937
2119,6,259,0.5923913717269897
2120,6,260,0.5671910047531128
2121,6,261,0.5168923139572144
2122,6,262,0.5121136903762817
2123,6,263,0.4896792769432068
2124,6,264,0.5519262552261353
2125,6,265,0.4912439286708832
2126,6,266,0.4989844262599945
2127,6,267,0.5575910806655884
2128,6,268,0.5003584623336792
2129,6,269,0.5140954852104187
2130,6,270,0.5059235692024231
2131,6,271,0.5662257075309753
2132,6,272,0.5183591246604919
2133,6,273,0.6238594055175781
2134,6,274,0.4730154871940613
2135,6,275,0.5049668550491333
2136,6,276,0.6057494282722473
2137,6,277,0.4917672574520111
2138,6,278,0.4946676194667816
2139,6,279,0.6102132797241211
2140,6,280,0.5359097719192505
2141,6,281,0.4752863049507141
2142,6,282,0.5109657645225525
2143,6,283,0.5216381549835205
2144,6,284,0.5873616337776184
2145,6,285,0.5127544403076172
2146,6,286,0.5808733701705933
2147,6,287,0.4980553984642029
2148,6,288,0.5333141684532166
2149,6,289,0.523237943649292
2150,6,290,0.48540830612182617
2151,6,291,0.4740673005580902
2152,6,292,0.47674769163131714
2153,6,293,0.5284625887870789
2154,6,294,0.5237415432929993
2155,6,295,0.6180840730667114
2156,6,296,0.4974237084388733
2157,6,297,0.5373480916023254
2158,6,298,0.6183123588562012
2159,6,299,0.5577274560928345
2160,6,300,0.5897136926651001
2161,6,301,0.5086686611175537
2162,6,302,0.5072927474975586
2163,6,303,0.5167858600616455
2164,6,304,0.5235836505889893
2165,6,305,0.47994035482406616
2166,6,306,0.5412635803222656
2167,6,307,0.48417097330093384
2168,6,308,0.5703942179679871
2169,6,309,0.5382397770881653
2170,6,310,0.4961945116519928
2171,6,311,0.5635958909988403
2172,6,312,0.5956438779830933
2173,6,313,0.4851340353488922
2174,6,314,0.5426206588745117
2175,6,315,0.4968135952949524
2176,6,316,0.49112558364868164
2177,6,317,0.5248008966445923
2178,6,318,0.46917906403541565
2179,6,319,0.5808554887771606
2180,6,320,0.45191892981529236
2181,6,321,0.5338295698165894
2182,6,322,0.4725417494773865
2183,6,323,0.49015337228775024
2184,6,324,0.48788952827453613
2185,6,325,0.4945479929447174
2186,6,326,0.48547595739364624
2187,6,327,0.5909568071365356
2188,6,328,0.5236802101135254
2189,6,329,0.535122275352478
2190,6,330,0.546061635017395
2191,6,331,0.46517252922058105
2192,6,332,0.5957051515579224
2193,6,333,0.49111899733543396
2194,6,334,0.51223224401474
2195,6,335,0.5337544679641724
2196,6,336,0.6013294458389282
2197,6,337,0.6001599431037903
2198,6,338,0.5382586717605591
2199,6,339,0.4630473256111145
2200,6,340,0.45596733689308167
2201,6,341,0.5866463780403137
2202,6,342,0.5171497464179993
2203,6,343,0.46281471848487854
2204,6,344,0.5178354978561401
2205,6,345,0.4385877251625061
2206,6,346,0.4710826277732849
2207,6,347,0.5183112025260925
2208,6,348,0.5666120648384094
2209,6,349,0.5245617032051086
2210,6,350,0.49919334053993225
2211,6,351,0.49276137351989746
2212,6,352,0.5162594318389893
2213,6,353,0.5080951452255249
2214,6,354,0.4407587945461273
2215,6,355,0.492804616689682
2216,6,356,0.4962022304534912
2217,6,357,0.5467618107795715
2218,6,358,0.7236284017562866
2219,6,359,0.4556736946105957
2220,6,360,0.5139442682266235
2221,6,361,0.5218610763549805
2222,6,362,0.5781094431877136
2223,6,363,0.44480809569358826
2224,6,364,0.5460734963417053
2225,6,365,0.5466065406799316
2226,6,366,0.4767448306083679
2227,6,367,0.4880312979221344
2228,6,368,0.438605934381485
2229,6,369,0.4973585605621338
2230,6,370,0.47600165009498596
2231,6,371,0.5404102802276611
2232,6,372,0.8598181009292603
2233,7,1,0.5921454429626465
2234,7,2,0.5278142690658569
2235,7,3,0.4840429425239563
2236,7,4,0.551266074180603
2237,7,5,0.47186797857284546
2238,7,6,0.5903555750846863
2239,7,7,0.46428194642066956
2240,7,8,0.4983897805213928
2241,7,9,0.4850333333015442
2242,7,10,0.4783245921134949
2243,7,11,0.46525582671165466
2244,7,12,0.4444444179534912
2245,7,13,0.45483526587486267
2246,7,14,0.515924334526062
2247,7,15,0.6046200394630432
2248,7,16,0.4928494989871979
2249,7,17,0.5422075986862183
2250,7,18,0.5947221517562866
2251,7,19,0.5360937714576721
2252,7,20,0.5194898843765259
2253,7,21,0.4413570463657379
2254,7,22,0.47172293066978455
2255,7,23,0.5739021897315979
2256,7,24,0.47076162695884705
2257,7,25,0.5345309972763062
2258,7,26,0.45872968435287476
2259,7,27,0.5218560695648193
2260,7,28,0.4576960504055023
2261,7,29,0.4486171305179596
2262,7,30,0.47835931181907654
2263,7,31,0.465275377035141
2264,7,32,0.4870632290840149
2265,7,33,0.47648054361343384
2266,7,34,0.4938676953315735
2267,7,35,0.5128666162490845
2268,7,36,0.4862481653690338
2269,7,37,0.4925547242164612
2270,7,38,0.5059345364570618
2271,7,39,0.490526020526886
2272,7,40,0.502945065498352
2273,7,41,0.5887215733528137
2274,7,42,0.43321317434310913
2275,7,43,0.4863956570625305
2276,7,44,0.4928037226200104
2277,7,45,0.51899653673172
2278,7,46,0.5471235513687134
2279,7,47,0.4876844882965088
2280,7,48,0.4255926012992859
2281,7,49,0.47595271468162537
2282,7,50,0.4716266691684723
2283,7,51,0.4621756076812744
2284,7,52,0.5403513312339783
2285,7,53,0.45743951201438904
2286,7,54,0.46605053544044495
2287,7,55,0.44016703963279724
2288,7,56,0.45831412076950073
2289,7,57,0.569628894329071
2290,7,58,0.5443093180656433
2291,7,59,0.4339478015899658
2292,7,60,0.6198505163192749
2293,7,61,0.42102527618408203
2294,7,62,0.5215071439743042
2295,7,63,0.48919495940208435
2296,7,64,0.4475540220737457
2297,7,65,0.4976285994052887
2298,7,66,0.44704025983810425
2299,7,67,0.5228118300437927
2300,7,68,0.4868643879890442
2301,7,69,0.4621543884277344
2302,7,70,0.4491109848022461
2303,7,71,0.5325408577919006
2304,7,72,0.42398351430892944
2305,7,73,0.5424638390541077
2306,7,74,0.4359411597251892
2307,7,75,0.46002650260925293
2308,7,76,0.44664716720581055
2309,7,77,0.49250054359436035
2310,7,78,0.4170049726963043
2311,7,79,0.49878185987472534
2312,7,80,0.4291812479496002
2313,7,81,0.4775143265724182
2314,7,82,0.49906760454177856
2315,7,83,0.4956629276275635
2316,7,84,0.4310856759548187
2317,7,85,0.49572324752807617
2318,7,86,0.42765313386917114
2319,7,87,0.4875299334526062
2320,7,88,0.4311312735080719
2321,7,89,0.4821758270263672
2322,7,90,0.5092186331748962
2323,7,91,0.4543200135231018
2324,7,92,0.48337990045547485
2325,7,93,0.48145079612731934
2326,7,94,0.5157347917556763
2327,7,95,0.4924008846282959
2328,7,96,0.5025275945663452
2329,7,97,0.6634238362312317
2330,7,98,0.48808497190475464
2331,7,99,0.4413229525089264
2332,7,100,0.5323754549026489
2333,7,101,0.4520587921142578
2334,7,102,0.4435770511627197
2335,7,103,0.47008180618286133
2336,7,104,0.47705522179603577
2337,7,105,0.5622986555099487
2338,7,106,0.47323837876319885
2339,7,107,0.5846216678619385
2340,7,108,0.4778505861759186
2341,7,109,0.4905725121498108
2342,7,110,0.4817196726799011
2343,7,111,0.43346601724624634
2344,7,112,0.4356091022491455
2345,7,113,0.4229865074157715
2346,7,114,0.43537312746047974
2347,7,115,0.43694132566452026
2348,7,116,0.4929903447628021
2349,7,117,0.5384035110473633
2350,7,118,0.47677502036094666
2351,7,119,0.46122369170188904
2352,7,120,0.4185713231563568
2353,7,121,0.6956308484077454
2354,7,122,0.4448021948337555
2355,7,123,0.45930418372154236
2356,7,124,0.5039847493171692
2357,7,125,0.4539743959903717
2358,7,126,0.40403395891189575
2359,7,127,0.47320452332496643
2360,7,128,0.5630906224250793
2361,7,129,0.6025106310844421
2362,7,130,0.5291231870651245
2363,7,131,0.5316599607467651
2364,7,132,0.43518733978271484
2365,7,133,0.5484240651130676
2366,7,134,0.46311479806900024
2367,7,135,0.44517436623573303
2368,7,136,0.515222430229187
2369,7,137,0.4718961715698242
2370,7,138,0.47931528091430664
2371,7,139,0.4093654751777649
2372,7,140,0.4920300543308258
2373,7,141,0.4355783462524414
2374,7,142,0.4699755609035492
2375,7,143,0.48146671056747437
2376,7,144,0.4601293206214905
2377,7,145,0.48327016830444336
2378,7,146,0.43381237983703613
2379,7,147,0.4319861829280853
2380,7,148,0.5001034736633301
2381,7,149,0.4580124020576477
2382,7,150,0.4339917302131653
2383,7,151,0.5060389041900635
2384,7,152,0.48269638419151306
2385,7,153,0.4854412078857422
2386,7,154,0.5760024189949036
2387,7,155,0.43720903992652893
2388,7,156,0.5543941855430603
2389,7,157,0.4541918635368347
2390,7,158,0.5143543481826782
2391,7,159,0.4274992048740387
2392,7,160,0.4543013572692871
2393,7,161,0.47219938039779663
2394,7,162,0.43765202164649963
2395,7,163,0.45523256063461304
2396,7,164,0.5036463141441345
2397,7,165,0.4308493733406067
2398,7,166,0.44974392652511597
2399,7,167,0.4248167872428894
2400,7,168,0.4489763379096985
2401,7,169,0.5647245645523071
2402,7,170,0.4123072028160095
2403,7,171,0.47016778588294983
2404,7,172,0.4333357810974121
2405,7,173,0.5106132626533508
2406,7,174,0.437421977519989
2407,7,175,0.4543289244174957
2408,7,176,0.44785627722740173
2409,7,177,0.45467615127563477
2410,7,178,0.4429895877838135
2411,7,179,0.4416715204715729
2412,7,180,0.5205389261245728
2413,7,181,0.46733394265174866
2414,7,182,0.42237043380737305
2415,7,183,0.46981000900268555
2416,7,184,0.43689966201782227
2417,7,185,0.532452404499054
2418,7,186,0.4336969256401062
2419,7,187,0.4850698411464691
2420,7,188,0.4415738582611084
2421,7,189,0.4613703787326813
2422,7,190,0.3789973855018616
2423,7,191,0.6367480158805847
2424,7,192,0.43035563826560974
2425,7,193,0.43867263197898865
2426,7,194,0.6004265546798706
2427,7,195,0.43331581354141235
2428,7,196,0.43499135971069336
2429,7,197,0.39354464411735535
2430,7,198,0.45893731713294983
2431,7,199,0.45161527395248413
2432,7,200,0.49241891503334045
2433,7,201,0.4324371814727783
2434,7,202,0.41186437010765076
2435,7,203,0.4576745927333832
2436,7,204,0.44708722829818726
2437,7,205,0.41794681549072266
2438,7,206,0.4890667498111725
2439,7,207,0.41455474495887756
2440,7,208,0.5155039429664612
2441,7,209,0.5012387037277222
2442,7,210,0.4105873703956604
2443,7,211,0.4796662926673889
2444,7,212,0.4530414938926697
2445,7,213,0.4425574243068695
2446,7,214,0.4061879515647888
2447,7,215,0.4178439974784851
2448,7,216,0.42525577545166016
2449,7,217,0.4150766432285309
2450,7,218,0.4208541810512543
2451,7,219,0.41345781087875366
2452,7,220,0.5085915327072144
2453,7,221,0.49417662620544434
2454,7,222,0.5165368318557739
2455,7,223,0.7435997724533081
2456,7,224,0.3885795474052429
2457,7,225,0.4536324441432953
2458,7,226,0.4671862721443176
2459,7,227,0.561057448387146
2460,7,228,0.492412805557251
2461,7,229,0.43838152289390564
2462,7,230,0.4671791195869446
2463,7,231,0.39698585867881775
2464,7,232,0.6896674633026123
2465,7,233,0.41983065009117126
2466,7,234,0.47070303559303284
2467,7,235,0.48642247915267944
2468,7,236,0.40404099225997925
2469,7,237,0.4849839210510254
2470,7,238,0.44216567277908325
2471,7,239,0.5126727819442749
2472,7,240,0.46654874086380005
2473,7,241,0.7131333947181702
2474,7,242,0.45463675260543823
2475,7,243,0.4193600118160248
2476,7,244,0.48668748140335083
2477,7,245,0.4249403476715088
2478,7,246,0.457350492477417
2479,7,247,0.4389336109161377
2480,7,248,0.4345795512199402
2481,7,249,0.44461140036582947
2482,7,250,0.46226024627685547
2483,7,251,0.39594459533691406
2484,7,252,0.47596222162246704
2485,7,253,0.4578213691711426
2486,7,254,0.41708678007125854
2487,7,255,0.4432382583618164
2488,7,256,0.410860151052475
2489,7,257,0.48260053992271423
2490,7,258,0.4099830687046051
2491,7,259,0.4423070549964905
2492,7,260,0.4417235851287842
2493,7,261,0.4993361532688141
2494,7,262,0.3980587124824524
2495,7,263,0.509082555770874
2496,7,264,0.431993305683136
2497,7,265,0.4000631272792816
2498,7,266,0.3670555353164673
2499,7,267,0.5147074460983276
2500,7,268,0.4895540177822113
2501,7,269,0.40947285294532776
2502,7,270,0.3885069489479065
2503,7,271,0.41726160049438477
2504,7,272,0.5014460682868958
2505,7,273,0.383991003036499
2506,7,274,0.47383904457092285
2507,7,275,0.41993585228919983
2508,7,276,0.4518151879310608
2509,7,277,0.5229150652885437
2510,7,278,0.450380802154541
2511,7,279,0.36362504959106445
2512,7,280,0.4278480112552643
2513,7,281,0.4020377993583679
2514,7,282,0.45440348982810974
2515,7,283,0.4389092028141022
2516,7,284,0.44431358575820923
2517,7,285,0.44270992279052734
2518,7,286,0.4522506594657898
2519,7,287,0.40565425157546997
2520,7,288,0.4236057698726654
2521,7,289,0.3690199851989746
2522,7,290,0.41615429520606995
2523,7,291,0.4437703490257263
2524,7,292,0.44436535239219666
2525,7,293,0.5094320774078369
2526,7,294,0.5498768091201782
2527,7,295,0.461658775806427
2528,7,296,0.443622887134552
2529,7,297,0.49781695008277893
2530,7,298,0.4762183725833893
2531,7,299,0.4085232615470886
2532,7,300,0.45571574568748474
2533,7,301,0.4022359848022461
2534,7,302,0.37528178095817566
2535,7,303,0.4087446630001068
2536,7,304,0.3662109971046448
2537,7,305,0.4010032117366791
2538,7,306,0.391395628452301
2539,7,307,0.4820919930934906
2540,7,308,0.4516003131866455
2541,7,309,0.44622603058815
2542,7,310,0.3957046568393707
2543,7,311,0.39643028378486633
2544,7,312,0.5307130813598633
2545,7,313,0.4350738525390625
2546,7,314,0.41222018003463745
2547,7,315,0.387268990278244
2548,7,316,0.5359146595001221
2549,7,317,0.503741443157196
2550,7,318,0.5162028074264526
2551,7,319,0.4352571368217468
2552,7,320,0.3883257508277893
2553,7,321,0.3485458195209503
2554,7,322,0.43233782052993774
2555,7,323,0.46554240584373474
2556,7,324,0.49938106536865234
2557,7,325,0.44686204195022583
2558,7,326,0.48060542345046997
2559,7,327,0.5041970610618591
2560,7,328,0.41851896047592163
2561,7,329,0.39655616879463196
2562,7,330,0.44510021805763245
2563,7,331,0.4028383791446686
2564,7,332,0.6470195055007935
2565,7,333,0.5161828398704529
2566,7,334,0.5215752720832825
2567,7,335,0.47550058364868164
2568,7,336,0.4144774079322815
2569,7,337,0.5232371091842651
2570,7,338,0.42657899856567383
2571,7,339,0.40227165818214417
2572,7,340,0.45165500044822693
2573,7,341,0.39251166582107544
2574,7,342,0.5046042203903198
2575,7,343,0.4344896674156189
2576,7,344,0.4329991936683655
2577,7,345,0.3985695242881775
2578,7,346,0.39755892753601074
2579,7,347,0.49026861786842346
2580,7,348,0.4257860779762268
2581,7,349,0.515616774559021
2582,7,350,0.47812074422836304
2583,7,351,0.4761642515659332
2584,7,352,0.41533976793289185
2585,7,353,0.45155707001686096
2586,7,354,0.3918134570121765
2587,7,355,0.4521578252315521
2588,7,356,0.45062732696533203
2589,7,357,0.4307693541049957
2590,7,358,0.6951237916946411
2591,7,359,0.4294770658016205
2592,7,360,0.6683129072189331
2593,7,361,0.43212929368019104
2594,7,362,0.4187980592250824
2595,7,363,0.4160541892051697
2596,7,364,0.4288632273674011
2597,7,365,0.40442293882369995
2598,7,366,0.5157678127288818
2599,7,367,0.45952361822128296
2600,7,368,0.4625672399997711
2601,7,369,0.44557419419288635
2602,7,370,0.40473228693008423
2603,7,371,0.4131965637207031
2604,7,372,0.7706748843193054
2605,8,1,0.4026385247707367
2606,8,2,0.42320775985717773
2607,8,3,0.437844842672348
2608,8,4,0.4750380516052246
2609,8,5,0.3545852303504944
2610,8,6,0.3609434962272644
2611,8,7,0.3513266444206238
2612,8,8,0.589735746383667
2613,8,9,0.40759459137916565
2614,8,10,0.5594428181648254
2615,8,11,0.4156281054019928
2616,8,12,0.4538404047489166
2617,8,13,0.5851887464523315
2618,8,14,0.4093800485134125
2619,8,15,0.6408609747886658
2620,8,16,0.40385547280311584
2621,8,17,0.39983588457107544
2622,8,18,0.3591967523097992
2623,8,19,0.46457773447036743
2624,8,20,0.42901039123535156
2625,8,21,0.5192326307296753
2626,8,22,0.4034520983695984
2627,8,23,0.37089231610298157
2628,8,24,0.41434088349342346
2629,8,25,0.3735639452934265
2630,8,26,0.3991158902645111
2631,8,27,0.39896348118782043
2632,8,28,0.39473411440849304
2633,8,29,0.39366811513900757
2634,8,30,0.4123789370059967
2635,8,31,0.45851802825927734
2636,8,32,0.43556851148605347
2637,8,33,0.561376690864563
2638,8,34,0.3292546272277832
2639,8,35,0.3709082305431366
2640,8,36,0.4692758619785309
2641,8,37,0.4749647080898285
2642,8,38,0.40725773572921753
2643,8,39,0.442222535610199
2644,8,40,0.3834467828273773
2645,8,41,0.4029555320739746
2646,8,42,0.47901058197021484
2647,8,43,0.5337424874305725
2648,8,44,0.38379091024398804
2649,8,45,0.3538101613521576
2650,8,46,0.46276015043258667
2651,8,47,0.4309732913970947
2652,8,48,0.4219053387641907
2653,8,49,0.4187631607055664
2654,8,50,0.4901650547981262
2655,8,51,0.3835112154483795
2656,8,52,0.49329519271850586
2657,8,53,0.4277130663394928
2658,8,54,0.4681757390499115
2659,8,55,0.3449649214744568
2660,8,56,0.5176544785499573
2661,8,57,0.3984176516532898
2662,8,58,0.38470950722694397
2663,8,59,0.36507827043533325
2664,8,60,0.4660358428955078
2665,8,61,0.41902631521224976
2666,8,62,0.42064905166625977
2667,8,63,0.5063201189041138
2668,8,64,0.4465502202510834
2669,8,65,0.45840930938720703
2670,8,66,0.40370973944664
2671,8,67,0.4287715554237366
2672,8,68,0.39194026589393616
2673,8,69,0.4268738627433777
2674,8,70,0.4020978510379791
2675,8,71,0.44923830032348633
2676,8,72,0.3760865330696106
2677,8,73,0.3774995505809784
2678,8,74,0.3649154603481293
2679,8,75,0.3616796135902405
2680,8,76,0.40206313133239746
2681,8,77,0.40880244970321655
2682,8,78,0.360762357711792
2683,8,79,0.6096633076667786
2684,8,80,0.4611053466796875
2685,8,81,0.40142926573753357
2686,8,82,0.4286201596260071
2687,8,83,0.5374415516853333
2688,8,84,0.3705555498600006
2689,8,85,0.42577749490737915
2690,8,86,0.3971644341945648
2691,8,87,0.35105952620506287
2692,8,88,0.40293973684310913
2693,8,89,0.4391031265258789
2694,8,90,0.38973361253738403
2695,8,91,0.46992960572242737
2696,8,92,0.3736671507358551
2697,8,93,0.36382097005844116
2698,8,94,0.3847898840904236
2699,8,95,0.4419284462928772
2700,8,96,0.42822155356407166
2701,8,97,0.41323843598365784
2702,8,98,0.3323761522769928
2703,8,99,0.33092954754829407
2704,8,100,0.5157496333122253
2705,8,101,0.4372885823249817
2706,8,102,0.3825817108154297
2707,8,103,0.4275113046169281
2708,8,104,0.36874857544898987
2709,8,105,0.4313698410987854
2710,8,106,0.35336825251579285
2711,8,107,0.39353299140930176
2712,8,108,0.4712495803833008
2713,8,109,0.38030892610549927
2714,8,110,0.3862242102622986
2715,8,111,0.4791645109653473
2716,8,112,0.34130722284317017
2717,8,113,0.39913320541381836
2718,8,114,0.3731282353401184
2719,8,115,0.4212013781070709
2720,8,116,0.5974748730659485
2721,8,117,0.41352400183677673
2722,8,118,0.3763570189476013
2723,8,119,0.43641382455825806
2724,8,120,0.4507732391357422
2725,8,121,0.35465165972709656
2726,8,122,0.41090208292007446
2727,8,123,0.3661198019981384
2728,8,124,0.4566074013710022
2729,8,125,0.39018702507019043
2730,8,126,0.4181040823459625
2731,8,127,0.33835679292678833
2732,8,128,0.345899760723114
2733,8,129,0.3690083622932434
2734,8,130,0.4496935307979584
2735,8,131,0.4294222295284271
2736,8,132,0.4276300370693207
2737,8,133,0.39941802620887756
2738,8,134,0.32975074648857117
2739,8,135,0.4007973074913025
2740,8,136,0.4514450132846832
2741,8,137,0.4230039715766907
2742,8,138,0.3723169267177582
2743,8,139,0.36194539070129395
2744,8,140,0.49366340041160583
2745,8,141,0.3720341920852661
2746,8,142,0.332182914018631
2747,8,143,0.4462130069732666
2748,8,144,0.38329267501831055
2749,8,145,0.46100321412086487
2750,8,146,0.3937305510044098
2751,8,147,0.35934945940971375
2752,8,148,0.41720715165138245
2753,8,149,0.4331304132938385
2754,8,150,0.38747158646583557
2755,8,151,0.36695587635040283
2756,8,152,0.39733701944351196
2757,8,153,0.4595785140991211
2758,8,154,0.32225146889686584
2759,8,155,0.3591395318508148
2760,8,156,0.4575170874595642
2761,8,157,0.33080756664276123
2762,8,158,0.3617284893989563
2763,8,159,0.343696653842926
2764,8,160,0.4850150942802429
2765,8,161,0.4597865045070648
2766,8,162,0.34969601035118103
2767,8,163,0.4383509159088135
2768,8,164,0.4645662307739258
2769,8,165,0.38303035497665405
2770,8,166,0.3974679112434387
2771,8,167,0.39047324657440186
2772,8,168,0.4549497961997986
2773,8,169,0.3536834716796875
2774,8,170,0.37072205543518066
2775,8,171,0.4015020430088043
2776,8,172,0.46858900785446167
2777,8,173,0.4103050231933594
2778,8,174,0.3735615611076355
2779,8,175,0.367719441652298
2780,8,176,0.3994525671005249
2781,8,177,0.3600642681121826
2782,8,178,0.3489544987678528
2783,8,179,0.41989946365356445
2784,8,180,0.3922629952430725
2785,8,181,0.45480480790138245
2786,8,182,0.33369654417037964
2787,8,183,0.31788820028305054
2788,8,184,0.4152300953865051
2789,8,185,0.38673797249794006
2790,8,186,0.3671361207962036
2791,8,187,0.4404755234718323
2792,8,188,0.6611624956130981
2793,8,189,0.45028480887413025
2794,8,190,0.34266188740730286
2795,8,191,0.4140608310699463
2796,8,192,0.40274444222450256
2797,8,193,0.3432680368423462
2798,8,194,0.35466042160987854
2799,8,195,0.3470603823661804
2800,8,196,0.4324555993080139
2801,8,197,0.38200142979621887
2802,8,198,0.37631478905677795
2803,8,199,0.39720121026039124
2804,8,200,0.4222245216369629
2805,8,201,0.4100334644317627
2806,8,202,0.42057618498802185
2807,8,203,0.4212828576564789
2808,8,204,0.43315497040748596
2809,8,205,0.39514249563217163
2810,8,206,0.3648412823677063
2811,8,207,0.6730073094367981
2812,8,208,0.3935595452785492
2813,8,209,0.40600910782814026
2814,8,210,0.3897726535797119
2815,8,211,0.3883996307849884
2816,8,212,0.3774001896381378
2817,8,213,0.4737633764743805
2818,8,214,0.4511650502681732
2819,8,215,0.4195258617401123
2820,8,216,0.4165889322757721
2821,8,217,0.39915695786476135
2822,8,218,0.3338732123374939
2823,8,219,0.3880806267261505
2824,8,220,0.3821945786476135
2825,8,221,0.3428005576133728
2826,8,222,0.3826027512550354
2827,8,223,0.3568785488605499
2828,8,224,0.4418676495552063
2829,8,225,0.37467196583747864
2830,8,226,0.39183616638183594
2831,8,227,0.37830036878585815
2832,8,228,0.40417909622192383
2833,8,229,0.4044336676597595
2834,8,230,0.3747407793998718
2835,8,231,0.4454549252986908
2836,8,232,0.3612213730812073
2837,8,233,0.35755160450935364
2838,8,234,0.4685767590999603
2839,8,235,0.3817988932132721
2840,8,236,0.3694981336593628
2841,8,237,0.3840146064758301
2842,8,238,0.40192437171936035
2843,8,239,0.4115793704986572
2844,8,240,0.4298993647098541
2845,8,241,0.36183249950408936
2846,8,242,0.43750256299972534
2847,8,243,0.30841532349586487
2848,8,244,0.3970828652381897
2849,8,245,0.3150913715362549
2850,8,246,0.6363810300827026
2851,8,247,0.3866947889328003
2852,8,248,0.3581390380859375
2853,8,249,0.45898786187171936
2854,8,250,0.4017777442932129
2855,8,251,0.39253658056259155
2856,8,252,0.4152238368988037
2857,8,253,0.4336325228214264
2858,8,254,0.3575683534145355
2859,8,255,0.40455278754234314
2860,8,256,0.3704403042793274
2861,8,257,0.37291958928108215
2862,8,258,0.4055324196815491
2863,8,259,0.34743332862854004
2864,8,260,0.4094765782356262
2865,8,261,0.323402464389801
2866,8,262,0.5906090140342712
2867,8,263,0.3547500967979431
2868,8,264,0.3673211634159088
2869,8,265,0.4428112506866455
2870,8,266,0.3713776171207428
2871,8,267,0.3672106862068176
2872,8,268,0.38815051317214966
2873,8,269,0.37409475445747375
2874,8,270,0.362988144159317
2875,8,271,0.38700392842292786
2876,8,272,0.3823266625404358
2877,8,273,0.35234275460243225
2878,8,274,0.4193313717842102
2879,8,275,0.328510582447052
2880,8,276,0.41824841499328613
2881,8,277,0.4037020802497864
2882,8,278,0.42131415009498596
2883,8,279,0.326742947101593
2884,8,280,0.338350385427475
2885,8,281,0.41179466247558594
2886,8,282,0.39586108922958374
2887,8,283,0.3316372334957123
2888,8,284,0.404153436422348
2889,8,285,0.4565630555152893
2890,8,286,0.35347071290016174
2891,8,287,0.33622369170188904
2892,8,288,0.3700339198112488
2893,8,289,0.33503079414367676
2894,8,290,0.36187586188316345
2895,8,291,0.37325146794319153
2896,8,292,0.46934327483177185
2897,8,293,0.3604758381843567
2898,8,294,0.34893929958343506
2899,8,295,0.36128661036491394
2900,8,296,0.391024649143219
2901,8,297,0.3888680040836334
2902,8,298,0.3402651250362396
2903,8,299,0.35770195722579956
2904,8,300,0.34099215269088745
2905,8,301,0.4377904534339905
2906,8,302,0.3665059208869934
2907,8,303,0.37300634384155273
2908,8,304,0.4034382700920105
2909,8,305,0.3709178566932678
2910,8,306,0.35250091552734375
2911,8,307,0.3872293531894684
2912,8,308,0.46946996450424194
2913,8,309,0.43354541063308716
2914,8,310,0.38341423869132996
2915,8,311,0.4092511534690857
2916,8,312,0.3613531291484833
2917,8,313,0.30464211106300354
2918,8,314,0.368380606174469
2919,8,315,0.4768790602684021
2920,8,316,0.31813904643058777
2921,8,317,0.3761276304721832
2922,8,318,0.4452036917209625
2923,8,319,0.37046998739242554
2924,8,320,0.36150509119033813
2925,8,321,0.36475318670272827
2926,8,322,0.3996681571006775
2927,8,323,0.34426602721214294
2928,8,324,0.4498665928840637
2929,8,325,0.3080403804779053
2930,8,326,0.3341234028339386
2931,8,327,0.31869328022003174
2932,8,328,0.3334577977657318
2933,8,329,0.3840803802013397
2934,8,330,0.46756353974342346
2935,8,331,0.32191115617752075
2936,8,332,0.4408118724822998
2937,8,333,0.4295451045036316
2938,8,334,0.33920055627822876
2939,8,335,0.6646839380264282
2940,8,336,0.34071892499923706
2941,8,337,0.6475261449813843
2942,8,338,0.4077146649360657
2943,8,339,0.32419949769973755
2944,8,340,0.41700926423072815
2945,8,341,0.37801554799079895
2946,8,342,0.364296019077301
2947,8,343,0.3464714586734772
2948,8,344,0.5610080361366272
2949,8,345,0.3761127293109894
2950,8,346,0.38666290044784546
2951,8,347,0.3681878447532654
2952,8,348,0.33665668964385986
2953,8,349,0.35179367661476135
2954,8,350,0.3491050601005554
2955,8,351,0.3808418810367584
2956,8,352,0.34788966178894043
2957,8,353,0.38281017541885376
2958,8,354,0.42680245637893677
2959,8,355,0.32864803075790405
2960,8,356,0.3467468023300171
2961,8,357,0.3505382537841797
2962,8,358,0.4043673574924469
2963,8,359,0.41252294182777405
2964,8,360,0.37408873438835144
2965,8,361,0.3509489893913269
2966,8,362,0.3859001398086548
2967,8,363,0.3906213045120239
2968,8,364,0.3339308500289917
2969,8,365,0.38861262798309326
2970,8,366,0.3452850580215454
2971,8,367,0.29969072341918945
2972,8,368,0.3488627076148987
2973,8,369,0.43301042914390564
2974,8,370,0.3189381957054138
2975,8,371,0.47288942337036133
2976,8,372,0.365732878446579
2977,9,1,0.36843687295913696
2978,9,2,0.36532214283943176
2979,9,3,0.33031922578811646
2980,9,4,0.3512537479400635
2981,9,5,0.3638283312320709
2982,9,6,0.3342539370059967
2983,9,7,0.3955687880516052
2984,9,8,0.4007563591003418
2985,9,9,0.36252689361572266
2986,9,10,0.3423856198787689
2987,9,11,0.4319635331630707
2988,9,12,0.40792685747146606
2989,9,13,0.3248727321624756
2990,9,14,0.3855942189693451
2991,9,15,0.3376949429512024
2992,9,16,0.4446660876274109
2993,9,17,0.34137070178985596
2994,9,18,0.33865755796432495
2995,9,19,0.3353576064109802
2996,9,20,0.32017582654953003
2997,9,21,0.43673592805862427
2998,9,22,0.3696107268333435
2999,9,23,0.4059514105319977
3000,9,24,0.33870813250541687
3001,9,25,0.43191584944725037
3002,9,26,0.3273121118545532
3003,9,27,0.3514827489852905
3004,9,28,0.36032721400260925
3005,9,29,0.3669675290584564
3006,9,30,0.35995596647262573
3007,9,31,0.41740864515304565
3008,9,32,0.3586055636405945
3009,9,33,0.3586147427558899
3010,9,34,0.33136406540870667
3011,9,35,0.3475387990474701
3012,9,36,0.389798104763031
3013,9,37,0.3892754912376404
3014,9,38,0.34254249930381775
3015,9,39,0.31299465894699097
3016,9,40,0.37175044417381287
3017,9,41,0.3886718451976776
3018,9,42,0.34980374574661255
3019,9,43,0.3392307460308075
3020,9,44,0.2994067966938019
3021,9,45,0.3269551694393158
3022,9,46,0.3322572112083435
3023,9,47,0.3798450529575348
3024,9,48,0.3547384738922119
3025,9,49,0.33140143752098083
3026,9,50,0.3288637101650238
3027,9,51,0.3560984134674072
3028,9,52,0.3689989447593689
3029,9,53,0.3762229084968567
3030,9,54,0.3420749306678772
3031,9,55,0.30667901039123535
3032,9,56,0.37654826045036316
3033,9,57,0.29924657940864563
3034,9,58,0.31993958353996277
3035,9,59,0.37925413250923157
3036,9,60,0.41917505860328674
3037,9,61,0.3162038028240204
3038,9,62,0.31273800134658813
3039,9,63,0.3299376964569092
3040,9,64,0.3493472933769226
3041,9,65,0.3707050085067749
3042,9,66,0.464937686920166
3043,9,67,0.33879396319389343
3044,9,68,0.3340713381767273
3045,9,69,0.379123717546463
3046,9,70,0.3186773657798767
3047,9,71,0.2856740951538086
3048,9,72,0.33538955450057983
3049,9,73,0.31832385063171387
3050,9,74,0.32842957973480225
3051,9,75,0.338247150182724
3052,9,76,0.33134111762046814
3053,9,77,0.3690303564071655
3054,9,78,0.3299226760864258
3055,9,79,0.39282166957855225
3056,9,80,0.34281277656555176
3057,9,81,0.3442731201648712
3058,9,82,0.40742915868759155
3059,9,83,0.29634785652160645
3060,9,84,0.34230947494506836
3061,9,85,0.3847367763519287
3062,9,86,0.286691814661026
3063,9,87,0.3128872811794281
3064,9,88,0.403057336807251
3065,9,89,0.31535929441452026
3066,9,90,0.3560408651828766
3067,9,91,0.367143839597702
3068,9,92,0.3299846053123474
3069,9,93,0.3583432137966156
3070,9,94,0.3849659562110901
3071,9,95,0.4091109335422516
3072,9,96,0.41201528906822205
3073,9,97,0.39440542459487915
3074,9,98,0.3258473575115204
3075,9,99,0.31640875339508057
3076,9,100,0.3121334910392761
3077,9,101,0.3593098521232605
3078,9,102,0.3487558364868164
3079,9,103,0.3248390555381775
3080,9,104,0.30585169792175293
3081,9,105,0.371430903673172
3082,9,106,0.2849316895008087
3083,9,107,0.32340389490127563
3084,9,108,0.3143864572048187
3085,9,109,0.31142690777778625
3086,9,110,0.42382580041885376
3087,9,111,0.3298451602458954
3088,9,112,0.3494763672351837
3089,9,113,0.32922282814979553
3090,9,114,0.3316780924797058
3091,9,115,0.3324422240257263
3092,9,116,0.27035707235336304
3093,9,117,0.34298473596572876
3094,9,118,0.34640395641326904
3095,9,119,0.4064842164516449
3096,9,120,0.3033481240272522
3097,9,121,0.313569575548172
3098,9,122,0.37308353185653687
3099,9,123,0.6136826276779175
3100,9,124,0.3530052900314331
3101,9,125,0.2734474837779999
3102,9,126,0.31985485553741455
3103,9,127,0.3374246060848236
3104,9,128,0.3326037526130676
3105,9,129,0.35166651010513306
3106,9,130,0.34772440791130066
3107,9,131,0.2944353520870209
3108,9,132,0.37331005930900574
3109,9,133,0.3135787546634674
3110,9,134,0.5265224575996399
3111,9,135,0.8529467582702637
3112,9,136,0.29000163078308105
3113,9,137,0.3148462772369385
3114,9,138,0.34457188844680786
3115,9,139,0.3370526432991028
3116,9,140,0.37031733989715576
3117,9,141,0.3226274847984314
3118,9,142,0.3687202036380768
3119,9,143,0.35207033157348633
3120,9,144,0.3915320336818695
3121,9,145,0.319740355014801
3122,9,146,0.430690199136734
3123,9,147,0.30285611748695374
3124,9,148,0.37294572591781616
3125,9,149,0.33327487111091614
3126,9,150,0.3128926157951355
3127,9,151,0.38014793395996094
3128,9,152,0.3402943015098572
3129,9,153,0.3190782070159912
3130,9,154,0.3042306900024414
3131,9,155,0.33101755380630493
3132,9,156,0.33145320415496826
3133,9,157,0.3433179557323456
3134,9,158,0.3307639956474304
3135,9,159,0.3613869547843933
3136,9,160,0.2995527684688568
3137,9,161,0.3521156907081604
3138,9,162,0.587511420249939
3139,9,163,0.3103383481502533
3140,9,164,0.3306450843811035
3141,9,165,0.32525190711021423
3142,9,166,0.5038890838623047
3143,9,167,0.435553640127182
3144,9,168,0.53500896692276
3145,9,169,0.29153749346733093
3146,9,170,0.27666211128234863
3147,9,171,0.31343740224838257
3148,9,172,0.32127469778060913
3149,9,173,0.3801472783088684
3150,9,174,0.3600243628025055
3151,9,175,0.31000006198883057
3152,9,176,0.31950947642326355
3153,9,177,0.3389013409614563
3154,9,178,0.39077791571617126
3155,9,179,0.36457398533821106
3156,9,180,0.3281096816062927
3157,9,181,0.3524472713470459
3158,9,182,0.2902388572692871
3159,9,183,0.3669215142726898
3160,9,184,0.3545592427253723
3161,9,185,0.3327140212059021
3162,9,186,0.3660418391227722
3163,9,187,0.3228496313095093
3164,9,188,0.38302916288375854
3165,9,189,0.5970503091812134
3166,9,190,0.3889670670032501
3167,9,191,0.3307647109031677
3168,9,192,0.3122482895851135
3169,9,193,0.2943035960197449
3170,9,194,0.4523904323577881
3171,9,195,0.42712053656578064
3172,9,196,0.32340651750564575
3173,9,197,0.32319751381874084
3174,9,198,0.2995114028453827
3175,9,199,0.36910948157310486
3176,9,200,0.3185344636440277
3177,9,201,0.4236186146736145
3178,9,202,0.36444950103759766
3179,9,203,0.2951524257659912
3180,9,204,0.3146250545978546
3181,9,205,0.4039105772972107
3182,9,206,0.3023228049278259
3183,9,207,0.2890075743198395
3184,9,208,0.2769131064414978
3185,9,209,0.33349743485450745
3186,9,210,0.3703920543193817
3187,9,211,0.3541628122329712
3188,9,212,0.6076132655143738
3189,9,213,0.29789143800735474
3190,9,214,0.3587377667427063
3191,9,215,0.3152090311050415
3192,9,216,0.423744261264801
3193,9,217,0.4117458760738373
3194,9,218,0.35347336530685425
3195,9,219,0.3492521345615387
3196,9,220,0.31537944078445435
3197,9,221,0.3115299344062805
3198,9,222,0.3570307493209839
3199,9,223,0.41287145018577576
3200,9,224,0.2929237484931946
3201,9,225,0.34580183029174805
3202,9,226,0.4516311585903168
3203,9,227,0.4611923098564148
3204,9,228,0.35434168577194214
3205,9,229,0.4625679552555084
3206,9,230,0.3643803894519806
3207,9,231,0.29509320855140686
3208,9,232,0.30358797311782837
3209,9,233,0.34696316719055176
3210,9,234,0.3547437787055969
3211,9,235,0.35547319054603577
3212,9,236,0.31630343198776245
3213,9,237,0.30537348985671997
3214,9,238,0.342637836933136
3215,9,239,0.2916053831577301
3216,9,240,0.3399465084075928
3217,9,241,0.33242267370224
3218,9,242,0.3668912351131439
3219,9,243,0.3921063244342804
3220,9,244,0.2854495644569397
3221,9,245,0.32065293192863464
3222,9,246,0.3155953586101532
3223,9,247,0.33649981021881104
3224,9,248,0.3224894404411316
3225,9,249,0.3039382994174957
3226,9,250,0.34685757756233215
3227,9,251,0.320607990026474
3228,9,252,0.3301522731781006
3229,9,253,0.2784952223300934
3230,9,254,0.34193602204322815
3231,9,255,0.2893787920475006
3232,9,256,0.33780643343925476
3233,9,257,0.3170636296272278
3234,9,258,0.3127742409706116
3235,9,259,0.29804879426956177
3236,9,260,0.32690030336380005
3237,9,261,0.31175604462623596
3238,9,262,0.30789023637771606
3239,9,263,0.30899518728256226
3240,9,264,0.4543277323246002
3241,9,265,0.36168888211250305
3242,9,266,0.36509233713150024
3243,9,267,0.35615307092666626
3244,9,268,0.3452427387237549
3245,9,269,0.3207094669342041
3246,9,270,0.3008601665496826
3247,9,271,0.33195987343788147
3248,9,272,0.3681022524833679
3249,9,273,0.3725125193595886
3250,9,274,0.4770934581756592
3251,9,275,0.3643803000450134
3252,9,276,0.3455304205417633
3253,9,277,0.35295745730400085
3254,9,278,0.2822907567024231
3255,9,279,0.29950907826423645
3256,9,280,0.3488750755786896
3257,9,281,0.33162394165992737
3258,9,282,0.2953922152519226
3259,9,283,0.28808873891830444
3260,9,284,0.36005133390426636
3261,9,285,0.5877932906150818
3262,9,286,0.42509064078330994
3263,9,287,0.32192549109458923
3264,9,288,0.3280943036079407
3265,9,289,0.37154877185821533
3266,9,290,0.3847610354423523
3267,9,291,0.41094541549682617
3268,9,292,0.2970772087574005
3269,9,293,0.40243443846702576
3270,9,294,0.3303292393684387
3271,9,295,0.30775314569473267
3272,9,296,0.37820497155189514
3273,9,297,0.3000102639198303
3274,9,298,0.32444873452186584
3275,9,299,0.36252519488334656
3276,9,300,0.38764137029647827
3277,9,301,0.32163479924201965
3278,9,302,0.29768455028533936
3279,9,303,0.31660982966423035
3280,9,304,0.3164042830467224
3281,9,305,0.4375479221343994
3282,9,306,0.26503297686576843
3283,9,307,0.3455829322338104
3284,9,308,0.2783909738063812
3285,9,309,0.6911846995353699
3286,9,310,0.34295451641082764
3287,9,311,0.39386993646621704
3288,9,312,0.40149760246276855
3289,9,313,0.3003677725791931
3290,9,314,0.39559558033943176
3291,9,315,0.26740482449531555
3292,9,316,0.3403794467449188
3293,9,317,0.37238365411758423
3294,9,318,0.3341415822505951
3295,9,319,0.31978338956832886
3296,9,320,0.387251615524292
3297,9,321,0.3509337902069092
3298,9,322,0.2853763699531555
3299,9,323,0.3065043091773987
3300,9,324,0.3444940447807312
3301,9,325,0.27334529161453247
3302,9,326,0.2878112494945526
3303,9,327,0.25865763425827026
3304,9,328,0.2935165762901306
3305,9,329,0.3369366526603699
3306,9,330,0.31438738107681274
3307,9,331,0.34752357006073
3308,9,332,0.36766117811203003
3309,9,333,0.3390547037124634
3310,9,334,0.3959454894065857
3311,9,335,0.2818039059638977
3312,9,336,0.263102263212204
3313,9,337,0.2962642312049866
3314,9,338,0.45637646317481995
3315,9,339,0.356841504573822
3316,9,340,0.3648199737071991
3317,9,341,0.30435794591903687
3318,9,342,0.4085812568664551
3319,9,343,0.32074791193008423
3320,9,344,0.35583746433258057
3321,9,345,0.2947848439216614
3322,9,346,0.6033562421798706
3323,9,347,0.3503662645816803
3324,9,348,0.3127460479736328
3325,9,349,0.272763192653656
3326,9,350,0.2801576554775238
3327,9,351,0.33518391847610474
3328,9,352,0.37882786989212036
3329,9,353,0.3375700116157532
3330,9,354,0.3305826187133789
3331,9,355,0.33520638942718506
3332,9,356,0.33403220772743225
3333,9,357,0.3558270335197449
3334,9,358,0.3339537978172302
3335,9,359,0.3747921586036682
3336,9,360,0.30836474895477295
3337,9,361,0.3139875829219818
3338,9,362,0.2736772894859314
3339,9,363,0.34025001525878906
3340,9,364,0.31775960326194763
3341,9,365,0.28107500076293945
3342,9,366,0.35247713327407837
3343,9,367,0.3042774796485901
3344,9,368,0.2968125343322754
3345,9,369,0.3566480576992035
3346,9,370,0.4085443615913391
3347,9,371,0.3389940857887268
3348,9,372,0.37185823917388916
3349,10,1,0.33382469415664673
3350,10,2,0.2894466817378998
3351,10,3,0.3817131221294403
3352,10,4,0.35403555631637573
3353,10,5,0.30460286140441895
3354,10,6,0.48900705575942993
3355,10,7,0.3133392930030823
3356,10,8,0.2895198464393616
3357,10,9,0.3384841978549957
3358,10,10,0.32006046175956726
3359,10,11,0.30228298902511597
3360,10,12,0.30907249450683594
3361,10,13,0.2519686818122864
3362,10,14,0.3440535366535187
3363,10,15,0.32670658826828003
3364,10,16,0.28880295157432556
3365,10,17,0.3165883719921112
3366,10,18,0.3676389753818512
3367,10,19,0.303574800491333
3368,10,20,0.3899158835411072
3369,10,21,0.299563467502594
3370,10,22,0.34187284111976624
3371,10,23,0.31871548295021057
3372,10,24,0.3190082609653473
3373,10,25,0.323003351688385
3374,10,26,0.34013479948043823
3375,10,27,0.4245127737522125
3376,10,28,0.38146695494651794
3377,10,29,0.31925633549690247
3378,10,30,0.29145529866218567
3379,10,31,0.3809395134449005
3380,10,32,0.3615330159664154
3381,10,33,0.3067355751991272
3382,10,34,0.32492923736572266
3383,10,35,0.3333643078804016
3384,10,36,0.31400662660598755
3385,10,37,0.2967512905597687
3386,10,38,0.30033445358276367
3387,10,39,0.3297881484031677
3388,10,40,0.41086873412132263
3389,10,41,0.33424147963523865
3390,10,42,0.3120325207710266
3391,10,43,0.29386648535728455
3392,10,44,0.2808606028556824
3393,10,45,0.3460056781768799
3394,10,46,0.2990444600582123
3395,10,47,0.31810253858566284
3396,10,48,0.2682414948940277
3397,10,49,0.33180952072143555
3398,10,50,0.35836297273635864
3399,10,51,0.33279621601104736
3400,10,52,0.2678356468677521
3401,10,53,0.30137625336647034
3402,10,54,0.3011847734451294
3403,10,55,0.25154608488082886
3404,10,56,0.30430954694747925
3405,10,57,0.28139957785606384
3406,10,58,0.2878924012184143
3407,10,59,0.30458030104637146
3408,10,60,0.3659801483154297
3409,10,61,0.29140231013298035
3410,10,62,0.4105796217918396
3411,10,63,0.38407474756240845
3412,10,64,0.255948007106781
3413,10,65,0.3297554552555084
3414,10,66,0.32178765535354614
3415,10,67,0.3066090941429138
3416,10,68,0.2608133554458618
3417,10,69,0.275436669588089
3418,10,70,0.2769012749195099
3419,10,71,0.34852883219718933
3420,10,72,0.2731694281101227
3421,10,73,0.3071446716785431
3422,10,74,0.6043286323547363
3423,10,75,0.3062957227230072
3424,10,76,0.41689109802246094
3425,10,77,0.30037936568260193
3426,10,78,0.31281906366348267
3427,10,79,0.34235936403274536
3428,10,80,0.3189501464366913
3429,10,81,0.2804614007472992
3430,10,82,0.3509988784790039
3431,10,83,0.28079164028167725
3432,10,84,0.24591870605945587
3433,10,85,0.2612239718437195
3434,10,86,0.27706068754196167
3435,10,87,0.2650572657585144
3436,10,88,0.32567912340164185
3437,10,89,0.29531627893447876
3438,10,90,0.31714457273483276
3439,10,91,0.26638758182525635
3440,10,92,0.3024105727672577
3441,10,93,0.23586709797382355
3442,10,94,0.335239976644516
3443,10,95,0.30282169580459595
3444,10,96,0.2373235672712326
3445,10,97,0.43263182044029236
3446,10,98,0.26567474007606506
3447,10,99,0.3075183629989624
3448,10,100,0.2478204220533371
3449,10,101,0.3505251705646515
3450,10,102,0.31572669744491577
3451,10,103,0.34305819869041443
3452,10,104,0.29265522956848145
3453,10,105,0.2965420186519623
3454,10,106,0.2730880081653595
3455,10,107,0.298465758562088
3456,10,108,0.2645440995693207
3457,10,109,0.3066738247871399
3458,10,110,0.28274279832839966
3459,10,111,0.32570648193359375
3460,10,112,0.3034918010234833
3461,10,113,0.28431424498558044
3462,10,114,0.3695499300956726
3463,10,115,0.2550170421600342
3464,10,116,0.3517209589481354
3465,10,117,0.36592626571655273
3466,10,118,0.3271372318267822
3467,10,119,0.2514520585536957
3468,10,120,0.3170505464076996
3469,10,121,0.27433913946151733
3470,10,122,0.2949303090572357
3471,10,123,0.32218489050865173
3472,10,124,0.3349089026451111
3473,10,125,0.3003927767276764
3474,10,126,0.27169907093048096
3475,10,127,0.25419938564300537
3476,10,128,0.3637906312942505
3477,10,129,0.27779892086982727
3478,10,130,0.2579481601715088
3479,10,131,0.24596655368804932
3480,10,132,0.27737587690353394
3481,10,133,0.27330201864242554
3482,10,134,0.25436514616012573
3483,10,135,0.33128821849823
3484,10,136,0.3346443772315979
3485,10,137,0.31526511907577515
3486,10,138,0.2778392434120178
3487,10,139,0.35271766781806946
3488,10,140,0.2988376021385193
3489,10,141,0.3486572206020355
3490,10,142,0.32166630029678345
3491,10,143,0.31345149874687195
3492,10,144,0.24899046123027802
3493,10,145,0.35240381956100464
3494,10,146,0.3283078670501709
3495,10,147,0.3186376988887787
3496,10,148,0.3236571252346039
3497,10,149,0.2835204303264618
3498,10,150,0.28718239068984985
3499,10,151,0.3165770173072815
3500,10,152,0.2719772756099701
3501,10,153,0.2813488245010376
3502,10,154,0.2724062502384186
3503,10,155,0.25721490383148193
3504,10,156,0.30506905913352966
3505,10,157,0.34213316440582275
3506,10,158,0.29818978905677795
3507,10,159,0.28353816270828247
3508,10,160,0.2577196955680847
3509,10,161,0.31473013758659363
3510,10,162,0.26990312337875366
3511,10,163,0.2902684211730957
3512,10,164,0.3031536936759949
3513,10,165,0.35364842414855957
3514,10,166,0.2445104867219925
3515,10,167,0.3142533600330353
3516,10,168,0.36249595880508423
3517,10,169,0.34963247179985046
3518,10,170,0.34024494886398315
3519,10,171,0.27052295207977295
3520,10,172,0.28320369124412537
3521,10,173,0.3786768913269043
3522,10,174,0.26204490661621094
3523,10,175,0.3742767870426178
3524,10,176,0.30323830246925354
3525,10,177,0.38933587074279785
3526,10,178,0.3233993649482727
3527,10,179,0.3758496642112732
3528,10,180,0.25826001167297363
3529,10,181,0.32168498635292053
3530,10,182,0.3095223605632782
3531,10,183,0.32043319940567017
3532,10,184,0.3250897526741028
3533,10,185,0.2993450164794922
3534,10,186,0.2692270576953888
3535,10,187,0.2754668593406677
3536,10,188,0.3417357802391052
3537,10,189,0.33844634890556335
3538,10,190,0.26532435417175293
3539,10,191,0.3170503079891205
3540,10,192,0.4330877661705017
3541,10,193,0.2997186779975891
3542,10,194,0.27517881989479065
3543,10,195,0.3398270308971405
3544,10,196,0.29844292998313904
3545,10,197,0.2534081041812897
3546,10,198,0.2884651720523834
3547,10,199,0.29993969202041626
3548,10,200,0.5882879495620728
3549,10,201,0.2434464991092682
3550,10,202,0.3126937747001648
3551,10,203,0.3263566493988037
3552,10,204,0.5411950349807739
3553,10,205,0.3205021619796753
3554,10,206,0.24614199995994568
3555,10,207,0.25664788484573364
3556,10,208,0.33056625723838806
3557,10,209,0.3830127716064453
3558,10,210,0.32129281759262085
3559,10,211,0.30059003829956055
3560,10,212,0.3214800953865051
3561,10,213,0.31960394978523254
3562,10,214,0.32569456100463867
3563,10,215,0.2836707830429077
3564,10,216,0.36875754594802856
3565,10,217,0.3588230013847351
3566,10,218,0.303189754486084
3567,10,219,0.301868736743927
3568,10,220,0.2800195813179016
3569,10,221,0.29748356342315674
3570,10,222,0.3354208469390869
3571,10,223,0.31146445870399475
3572,10,224,0.30226510763168335
3573,10,225,0.25969916582107544
3574,10,226,0.3652365207672119
3575,10,227,0.27354830503463745
3576,10,228,0.33382648229599
3577,10,229,0.23692834377288818
3578,10,230,0.3037203252315521
3579,10,231,0.2700202465057373
3580,10,232,0.28210532665252686
3581,10,233,0.31694960594177246
3582,10,234,0.24581250548362732
3583,10,235,0.25014984607696533
3584,10,236,0.5369471311569214
3585,10,237,0.24863454699516296
3586,10,238,0.29251837730407715
3587,10,239,0.3088599443435669
3588,10,240,0.4429287910461426
3589,10,241,0.2794072926044464
3590,10,242,0.321980357170105
3591,10,243,0.2512599527835846
3592,10,244,0.3148912787437439
3593,10,245,0.26182466745376587
3594,10,246,0.2629322111606598
3595,10,247,0.32039111852645874
3596,10,248,0.24787461757659912
3597,10,249,0.2866502106189728
3598,10,250,0.2964017391204834
3599,10,251,0.2688937187194824
3600,10,252,0.3502240777015686
3601,10,253,0.2936360836029053
3602,10,254,0.24669566750526428
3603,10,255,0.3906242549419403
3604,10,256,0.4462088644504547
3605,10,257,0.2914617955684662
3606,10,258,0.2969418466091156
3607,10,259,0.32367342710494995
3608,10,260,0.3135623335838318
3609,10,261,0.25696876645088196
3610,10,262,0.23157203197479248
3611,10,263,0.34696489572525024
3612,10,264,0.5208949446678162
3613,10,265,0.27264338731765747
3614,10,266,0.25072091817855835
3615,10,267,0.3331986963748932
3616,10,268,0.2905881106853485
3617,10,269,0.3081272840499878
3618,10,270,0.2848847806453705
3619,10,271,0.27102169394493103
3620,10,272,0.26408156752586365
3621,10,273,0.3609027862548828
3622,10,274,0.32287484407424927
3623,10,275,0.27963224053382874
3624,10,276,0.30926281213760376
3625,10,277,0.33019137382507324
3626,10,278,0.21231654286384583
3627,10,279,0.3380188047885895
3628,10,280,0.2980402112007141
3629,10,281,0.2778915464878082
3630,10,282,0.2832067608833313
3631,10,283,0.33968251943588257
3632,10,284,0.23922352492809296
3633,10,285,0.32085368037223816
3634,10,286,0.3194679319858551
3635,10,287,0.281031996011734
3636,10,288,0.2730998396873474
3637,10,289,0.2895923852920532
3638,10,290,0.2439982146024704
3639,10,291,0.26332584023475647
3640,10,292,0.34388619661331177
3641,10,293,0.304754376411438
3642,10,294,0.29489126801490784
3643,10,295,0.3091756999492645
3644,10,296,0.31550222635269165
3645,10,297,0.2598192095756531
3646,10,298,0.34173959493637085
3647,10,299,0.27104055881500244
3648,10,300,0.2742668092250824
3649,10,301,0.3124086856842041
3650,10,302,0.2553499639034271
3651,10,303,0.3382273316383362
3652,10,304,0.27988553047180176
3653,10,305,0.27778539061546326
3654,10,306,0.27619338035583496
3655,10,307,0.2895521819591522
3656,10,308,0.2597571909427643
3657,10,309,0.2806379199028015
3658,10,310,0.3379916250705719
3659,10,311,0.2946898937225342
3660,10,312,0.317341148853302
3661,10,313,0.2881374955177307
3662,10,314,0.2698800563812256
3663,10,315,0.24415214359760284
3664,10,316,0.30115455389022827
3665,10,317,0.33833208680152893
3666,10,318,0.3295120596885681
3667,10,319,0.2679981291294098
3668,10,320,0.2802775502204895
3669,10,321,0.32912585139274597
3670,10,322,0.29444965720176697
3671,10,323,0.2700633108615875
3672,10,324,0.2073272466659546
3673,10,325,0.24610702693462372
3674,10,326,0.29447680711746216
3675,10,327,0.6185117959976196
3676,10,328,0.3152844309806824
3677,10,329,0.2741217017173767
3678,10,330,0.24650152027606964
3679,10,331,0.31124982237815857
3680,10,332,0.23492331802845
3681,10,333,0.29868704080581665
3682,10,334,0.24887695908546448
3683,10,335,0.2717977464199066
3684,10,336,0.2652856409549713
3685,10,337,0.2888246774673462
3686,10,338,0.28730031847953796
3687,10,339,0.38023465871810913
3688,10,340,0.2993601858615875
3689,10,341,0.5476399064064026
3690,10,342,0.3301040232181549
3691,10,343,0.25623616576194763
3692,10,344,0.25946617126464844
3693,10,345,0.2853409945964813
3694,10,346,0.29394757747650146
3695,10,347,0.2518283426761627
3696,10,348,0.2923848330974579
3697,10,349,0.2765379548072815
3698,10,350,0.3056115210056305
3699,10,351,0.24199549853801727
3700,10,352,0.2909930348396301
3701,10,353,0.2579978406429291
3702,10,354,0.2673850357532501
3703,10,355,0.2973777651786804
3704,10,356,0.28604474663734436
3705,10,357,0.2641449570655823
3706,10,358,0.42031246423721313
3707,10,359,0.263570100069046
3708,10,360,0.2732679545879364
3709,10,361,0.28672629594802856
3710,10,362,0.3126266598701477
3711,10,363,0.3057215213775635
3712,10,364,0.5592626929283142
3713,10,365,0.25073665380477905
3714,10,366,0.2558911144733429
3715,10,367,0.29601404070854187
3716,10,368,0.2960914671421051
3717,10,369,0.5333388447761536
3718,10,370,0.38586196303367615
3719,10,371,0.2223992645740509
3720,10,372,0.28071603178977966
