global_step,epoch,batch,train_loss
1,1,1,3.2994320392608643
2,1,2,3.2140002250671387
3,1,3,3.072401285171509
4,1,4,2.991393566131592
5,1,5,2.982586145401001
6,1,6,3.038886308670044
7,1,7,2.891911745071411
8,1,8,2.859666585922241
9,1,9,2.845350980758667
10,1,10,2.777107000350952
11,1,11,2.810314893722534
12,1,12,2.751990795135498
13,1,13,2.678908109664917
14,1,14,2.6720662117004395
15,1,15,2.6704068183898926
16,1,16,2.6880831718444824
17,1,17,2.7096076011657715
18,1,18,2.6093087196350098
19,1,19,2.609938383102417
20,1,20,2.5601937770843506
21,1,21,2.5922844409942627
22,1,22,2.5961720943450928
23,1,23,2.534526824951172
24,1,24,2.448866605758667
25,1,25,2.55893611907959
26,1,26,2.5524046421051025
27,1,27,2.478745698928833
28,1,28,2.4248836040496826
29,1,29,2.4516749382019043
30,1,30,2.4464151859283447
31,1,31,2.5131163597106934
32,1,32,2.392042398452759
33,1,33,2.4316720962524414
34,1,34,2.504652500152588
35,1,35,2.3575594425201416
36,1,36,2.414519786834717
37,1,37,2.377322196960449
38,1,38,2.460385322570801
39,1,39,2.3722541332244873
40,1,40,2.4261326789855957
41,1,41,2.5124926567077637
42,1,42,2.357391834259033
43,1,43,2.440969705581665
44,1,44,2.3316051959991455
45,1,45,2.365954637527466
46,1,46,2.384582757949829
47,1,47,2.3385133743286133
48,1,48,2.3169193267822266
49,1,49,2.1926369667053223
50,1,50,2.2812259197235107
51,1,51,2.303626537322998
52,1,52,2.305277109146118
53,1,53,2.369676351547241
54,1,54,2.230194330215454
55,1,55,2.3412938117980957
56,1,56,2.300238609313965
57,1,57,2.34428334236145
58,1,58,2.2309675216674805
59,1,59,2.339606761932373
60,1,60,2.258782386779785
61,1,61,2.207198143005371
62,1,62,2.391761302947998
63,1,63,2.134270429611206
64,1,64,2.3494222164154053
65,1,65,2.222747802734375
66,1,66,2.1628665924072266
67,1,67,2.1026453971862793
68,1,68,2.189085006713867
69,1,69,2.216844081878662
70,1,70,2.2606821060180664
71,1,71,2.1480960845947266
72,1,72,2.165243148803711
73,1,73,2.288053274154663
74,1,74,2.1680445671081543
75,1,75,2.1388087272644043
76,1,76,2.2049460411071777
77,1,77,2.198809862136841
78,1,78,2.198981761932373
79,1,79,2.2551803588867188
80,1,80,2.142427444458008
81,1,81,2.2313640117645264
82,1,82,2.165956974029541
83,1,83,2.1276700496673584
84,1,84,2.070050001144409
85,1,85,2.1286444664001465
86,1,86,2.1367764472961426
87,1,87,2.133363723754883
88,1,88,2.0690805912017822
89,1,89,2.146423816680908
90,1,90,2.1602511405944824
91,1,91,2.1199214458465576
92,1,92,2.128413438796997
93,1,93,2.0276296138763428
94,1,94,2.0607354640960693
95,1,95,2.0879204273223877
96,1,96,2.0154953002929688
97,1,97,2.2146451473236084
98,1,98,2.0555777549743652
99,1,99,2.0818066596984863
100,1,100,2.0817039012908936
101,1,101,2.031930446624756
102,1,102,2.0649657249450684
103,1,103,2.1244733333587646
104,1,104,2.1722235679626465
105,1,105,2.068197727203369
106,1,106,1.9587322473526
107,1,107,2.006314516067505
108,1,108,2.040769100189209
109,1,109,2.056969165802002
110,1,110,2.027475118637085
111,1,111,2.0458555221557617
112,1,112,2.17999005317688
113,1,113,2.093010663986206
114,1,114,2.015427589416504
115,1,115,1.9793884754180908
116,1,116,2.068833112716675
117,1,117,2.0993854999542236
118,1,118,2.018749475479126
119,1,119,2.0903685092926025
120,1,120,2.062013864517212
121,1,121,1.9562461376190186
122,1,122,2.029758930206299
123,1,123,2.0137314796447754
124,1,124,1.9999685287475586
125,1,125,1.9366512298583984
126,1,126,2.004586696624756
127,1,127,2.1117045879364014
128,1,128,2.000082015991211
129,1,129,2.10154390335083
130,1,130,1.9340639114379883
131,1,131,2.0092222690582275
132,1,132,1.979644775390625
133,1,133,1.9507341384887695
134,1,134,2.0045602321624756
135,1,135,2.079379081726074
136,1,136,1.8868640661239624
137,1,137,1.9976106882095337
138,1,138,2.0068302154541016
139,1,139,1.9178663492202759
140,1,140,1.9735361337661743
141,1,141,1.9111907482147217
142,1,142,2.045358419418335
143,1,143,1.9688247442245483
144,1,144,1.8913853168487549
145,1,145,1.9694982767105103
146,1,146,2.002156972885132
147,1,147,1.9756704568862915
148,1,148,1.9016425609588623
149,1,149,1.8876889944076538
150,1,150,1.972447156906128
151,1,151,1.917435646057129
152,1,152,1.8757137060165405
153,1,153,1.928786277770996
154,1,154,1.9173616170883179
155,1,155,1.947431206703186
156,1,156,2.0381808280944824
157,1,157,1.959162712097168
158,1,158,1.9055761098861694
159,1,159,1.9540579319000244
160,1,160,1.985445261001587
161,1,161,1.9267280101776123
162,1,162,1.8961604833602905
163,1,163,1.944434404373169
164,1,164,1.953587293624878
165,1,165,1.937880277633667
166,1,166,2.026776075363159
167,1,167,1.9510622024536133
168,1,168,1.925572156906128
169,1,169,1.8316195011138916
170,1,170,1.9253394603729248
171,1,171,1.925510048866272
172,1,172,1.8609787225723267
173,1,173,1.9188045263290405
174,1,174,1.9471285343170166
175,1,175,1.8144220113754272
176,1,176,1.893334984779358
177,1,177,1.8497165441513062
178,1,178,1.8821824789047241
179,1,179,1.8949353694915771
180,1,180,1.8363832235336304
181,1,181,1.81307053565979
182,1,182,1.8903019428253174
183,1,183,1.8296387195587158
184,1,184,1.8196979761123657
185,1,185,1.873443603515625
186,1,186,1.8893158435821533
187,1,187,1.8380905389785767
188,1,188,1.8677059412002563
189,1,189,1.8559446334838867
190,1,190,1.8662599325180054
191,1,191,1.783249855041504
192,1,192,1.8126331567764282
193,1,193,1.8664491176605225
194,1,194,2.0522043704986572
195,1,195,1.9396584033966064
196,1,196,1.8635263442993164
197,1,197,1.834032654762268
198,1,198,1.9296785593032837
199,1,199,1.8070285320281982
200,1,200,1.7786089181900024
201,1,201,1.8819935321807861
202,1,202,1.7510986328125
203,1,203,1.8618881702423096
204,1,204,1.8447977304458618
205,1,205,1.8970409631729126
206,1,206,1.8454927206039429
207,1,207,1.9854005575180054
208,1,208,1.8986892700195312
209,1,209,1.803524374961853
210,1,210,1.7062294483184814
211,1,211,1.800911545753479
212,1,212,1.7910022735595703
213,1,213,1.7780576944351196
214,1,214,1.7662689685821533
215,1,215,1.7344777584075928
216,1,216,1.7663148641586304
217,1,217,1.8250373601913452
218,1,218,1.7715377807617188
219,1,219,1.7911250591278076
220,1,220,1.8325202465057373
221,1,221,1.7414369583129883
222,1,222,1.7822335958480835
223,1,223,1.738891363143921
224,1,224,1.6723387241363525
225,1,225,2.012930154800415
226,1,226,1.824376106262207
227,1,227,1.9092479944229126
228,1,228,1.7598693370819092
229,1,229,1.8458789587020874
230,1,230,1.8855375051498413
231,1,231,1.738587737083435
232,1,232,1.7815135717391968
233,1,233,1.6849216222763062
234,1,234,1.72260320186615
235,1,235,1.810529112815857
236,1,236,1.6828413009643555
237,1,237,1.8278961181640625
238,1,238,1.7237135171890259
239,1,239,1.7193663120269775
240,1,240,1.6438324451446533
241,1,241,1.7211246490478516
242,1,242,1.6788089275360107
243,1,243,1.7206405401229858
244,1,244,1.6493453979492188
245,1,245,1.6145254373550415
246,1,246,1.830957055091858
247,1,247,1.6874220371246338
248,1,248,1.744593620300293
249,1,249,1.6547458171844482
250,1,250,1.6812677383422852
251,1,251,1.764992117881775
252,1,252,1.6796718835830688
253,1,253,1.696640968322754
254,1,254,1.6822223663330078
255,1,255,1.699033498764038
256,1,256,1.6732765436172485
257,1,257,1.6749837398529053
258,1,258,1.7061169147491455
259,1,259,1.7209335565567017
260,1,260,1.6580584049224854
261,1,261,1.6455261707305908
262,1,262,1.7034082412719727
263,1,263,1.5969330072402954
264,1,264,1.6840198040008545
265,1,265,1.7030338048934937
266,1,266,1.6952139139175415
267,1,267,1.6735880374908447
268,1,268,1.7021152973175049
269,1,269,1.669406533241272
270,1,270,1.6530964374542236
271,1,271,1.6582372188568115
272,1,272,1.6683002710342407
273,1,273,1.6855361461639404
274,1,274,1.6640474796295166
275,1,275,1.58241868019104
276,1,276,1.6846272945404053
277,1,277,1.5956426858901978
278,1,278,1.6008516550064087
279,1,279,1.6679680347442627
280,1,280,1.5968888998031616
281,1,281,1.7236402034759521
282,1,282,1.6951156854629517
283,1,283,1.614201307296753
284,1,284,1.676828145980835
285,1,285,1.6252071857452393
286,1,286,1.6101274490356445
287,1,287,1.603481650352478
288,1,288,1.6277406215667725
289,1,289,1.6932485103607178
290,1,290,1.7229808568954468
291,1,291,1.699138879776001
292,1,292,1.6570100784301758
293,1,293,1.6613714694976807
294,1,294,1.6094757318496704
295,1,295,1.5823111534118652
296,1,296,1.6249210834503174
297,1,297,1.5343396663665771
298,1,298,1.6018447875976562
299,1,299,1.7572710514068604
300,1,300,1.6520668268203735
301,1,301,1.5458608865737915
302,1,302,1.600968360900879
303,1,303,1.6972156763076782
304,1,304,1.5632679462432861
305,1,305,1.5893874168395996
306,1,306,1.5605688095092773
307,1,307,1.5426172018051147
308,1,308,1.6680008172988892
309,1,309,1.5863189697265625
310,1,310,1.5687386989593506
311,1,311,1.58353590965271
312,1,312,1.5846855640411377
313,1,313,1.5024372339248657
314,1,314,1.6237592697143555
315,1,315,1.6292552947998047
316,1,316,1.5710564851760864
317,1,317,1.5056402683258057
318,1,318,1.6362253427505493
319,1,319,1.6045469045639038
320,1,320,1.5160348415374756
321,1,321,1.537513017654419
322,1,322,1.6084051132202148
323,1,323,1.5684783458709717
324,1,324,1.597798466682434
325,1,325,1.5430572032928467
326,1,326,1.4874345064163208
327,1,327,1.5529310703277588
328,1,328,1.7145583629608154
329,1,329,1.553259253501892
330,1,330,1.5371897220611572
331,1,331,1.5031688213348389
332,1,332,1.4939744472503662
333,1,333,1.5290733575820923
334,1,334,1.525449514389038
335,1,335,1.5228480100631714
336,1,336,1.5668675899505615
337,1,337,1.6028995513916016
338,1,338,1.5503222942352295
339,1,339,1.6187999248504639
340,1,340,1.4494221210479736
341,1,341,1.5405256748199463
342,1,342,1.4578012228012085
343,1,343,1.5394351482391357
344,1,344,1.516028642654419
345,1,345,1.5173344612121582
346,1,346,1.448527455329895
347,1,347,1.565464735031128
348,1,348,1.493980050086975
349,1,349,1.5157389640808105
350,1,350,1.4743738174438477
351,1,351,1.4606961011886597
352,1,352,1.4472606182098389
353,1,353,1.5498316287994385
354,1,354,1.4509588479995728
355,1,355,1.6558208465576172
356,1,356,1.5170915126800537
357,1,357,1.4994962215423584
358,1,358,1.4941041469573975
359,1,359,1.465456247329712
360,1,360,1.4905173778533936
361,1,361,1.4516160488128662
362,1,362,1.4465640783309937
363,1,363,1.5244982242584229
364,1,364,1.5401664972305298
365,1,365,1.5010395050048828
366,1,366,1.4034059047698975
367,1,367,1.4703360795974731
368,1,368,1.4082188606262207
369,1,369,1.4352679252624512
370,1,370,1.396943211555481
371,1,371,1.4779736995697021
372,1,372,1.6934205293655396
373,2,1,1.4374566078186035
374,2,2,1.4160754680633545
375,2,3,1.3821487426757812
376,2,4,1.516486406326294
377,2,5,1.392971158027649
378,2,6,1.3904268741607666
379,2,7,1.42220139503479
380,2,8,1.4663138389587402
381,2,9,1.3841787576675415
382,2,10,1.4534060955047607
383,2,11,1.4670658111572266
384,2,12,1.3928277492523193
385,2,13,1.3975751399993896
386,2,14,1.4339479207992554
387,2,15,1.4473527669906616
388,2,16,1.370576024055481
389,2,17,1.315716028213501
390,2,18,1.355934739112854
391,2,19,1.4596179723739624
392,2,20,1.5708866119384766
393,2,21,1.4493076801300049
394,2,22,1.360934853553772
395,2,23,1.4319932460784912
396,2,24,1.5107431411743164
397,2,25,1.3362265825271606
398,2,26,1.4529054164886475
399,2,27,1.4679101705551147
400,2,28,1.3895204067230225
401,2,29,1.3595212697982788
402,2,30,1.3858277797698975
403,2,31,1.4937375783920288
404,2,32,1.396841287612915
405,2,33,1.4189188480377197
406,2,34,1.3794552087783813
407,2,35,1.3427760601043701
408,2,36,1.3879314661026
409,2,37,1.352985143661499
410,2,38,1.3923629522323608
411,2,39,1.3988463878631592
412,2,40,1.3943190574645996
413,2,41,1.3854156732559204
414,2,42,1.4646294116973877
415,2,43,1.4915306568145752
416,2,44,1.3152923583984375
417,2,45,1.3530528545379639
418,2,46,1.3096888065338135
419,2,47,1.398977279663086
420,2,48,1.27463698387146
421,2,49,1.3206794261932373
422,2,50,1.3781830072402954
423,2,51,1.3512049913406372
424,2,52,1.3859241008758545
425,2,53,1.4131020307540894
426,2,54,1.362717628479004
427,2,55,1.3631086349487305
428,2,56,1.3352097272872925
429,2,57,1.3122904300689697
430,2,58,1.414801836013794
431,2,59,1.3538296222686768
432,2,60,1.3298710584640503
433,2,61,1.381861925125122
434,2,62,1.366317868232727
435,2,63,1.3310624361038208
436,2,64,1.384124755859375
437,2,65,1.3720088005065918
438,2,66,1.4268187284469604
439,2,67,1.3101531267166138
440,2,68,1.3810877799987793
441,2,69,1.3724586963653564
442,2,70,1.383531928062439
443,2,71,1.343879222869873
444,2,72,1.3876895904541016
445,2,73,1.3167425394058228
446,2,74,1.2489973306655884
447,2,75,1.2994496822357178
448,2,76,1.2755905389785767
449,2,77,1.3573575019836426
450,2,78,1.3815878629684448
451,2,79,1.305896520614624
452,2,80,1.3263375759124756
453,2,81,1.6428585052490234
454,2,82,1.2955915927886963
455,2,83,1.2200696468353271
456,2,84,1.2856909036636353
457,2,85,1.3066803216934204
458,2,86,1.3807333707809448
459,2,87,1.243667483329773
460,2,88,1.350769281387329
461,2,89,1.402939796447754
462,2,90,1.3337066173553467
463,2,91,1.3650645017623901
464,2,92,1.370091199874878
465,2,93,1.3269155025482178
466,2,94,1.3511039018630981
467,2,95,1.2424745559692383
468,2,96,1.1921305656433105
469,2,97,1.285302758216858
470,2,98,1.2837622165679932
471,2,99,1.3730013370513916
472,2,100,1.2468181848526
473,2,101,1.2126977443695068
474,2,102,1.2762107849121094
475,2,103,1.2470104694366455
476,2,104,1.3051968812942505
477,2,105,1.3950464725494385
478,2,106,1.2594377994537354
479,2,107,1.2156157493591309
480,2,108,1.2960145473480225
481,2,109,1.3399217128753662
482,2,110,1.2028981447219849
483,2,111,1.3216304779052734
484,2,112,1.3220980167388916
485,2,113,1.2364318370819092
486,2,114,1.2538225650787354
487,2,115,1.2858262062072754
488,2,116,1.2471487522125244
489,2,117,1.2267045974731445
490,2,118,1.2857041358947754
491,2,119,1.186457872390747
492,2,120,1.2536799907684326
493,2,121,1.2360979318618774
494,2,122,1.2627761363983154
495,2,123,1.2723634243011475
496,2,124,1.2668462991714478
497,2,125,1.2350499629974365
498,2,126,1.335487723350525
499,2,127,1.198427438735962
500,2,128,1.176924467086792
501,2,129,1.2454025745391846
502,2,130,1.20029616355896
503,2,131,1.2307844161987305
504,2,132,1.1927560567855835
505,2,133,1.1823132038116455
506,2,134,1.3970407247543335
507,2,135,1.3401951789855957
508,2,136,1.3107341527938843
509,2,137,1.2701046466827393
510,2,138,1.1976491212844849
511,2,139,1.1999547481536865
512,2,140,1.1366535425186157
513,2,141,1.2707465887069702
514,2,142,1.3128219842910767
515,2,143,1.2416832447052002
516,2,144,1.3248430490493774
517,2,145,1.272615909576416
518,2,146,1.2469046115875244
519,2,147,1.1665396690368652
520,2,148,1.3141438961029053
521,2,149,1.2274525165557861
522,2,150,1.1758456230163574
523,2,151,1.221649408340454
524,2,152,1.1223900318145752
525,2,153,1.1932988166809082
526,2,154,1.3091402053833008
527,2,155,1.1540191173553467
528,2,156,1.2123305797576904
529,2,157,1.2178184986114502
530,2,158,1.1511852741241455
531,2,159,1.1733198165893555
532,2,160,1.163024663925171
533,2,161,1.349108099937439
534,2,162,1.1445587873458862
535,2,163,1.1366660594940186
536,2,164,1.2172294855117798
537,2,165,1.219438910484314
538,2,166,1.1564810276031494
539,2,167,1.1960445642471313
540,2,168,1.168730616569519
541,2,169,1.1676709651947021
542,2,170,1.160682201385498
543,2,171,1.1873507499694824
544,2,172,1.1505423784255981
545,2,173,1.1294434070587158
546,2,174,1.1821492910385132
547,2,175,1.1175552606582642
548,2,176,1.1583820581436157
549,2,177,1.2260162830352783
550,2,178,1.150956392288208
551,2,179,1.1647682189941406
552,2,180,1.2146155834197998
553,2,181,1.3216190338134766
554,2,182,1.1666592359542847
555,2,183,1.2013901472091675
556,2,184,1.1228212118148804
557,2,185,1.22023606300354
558,2,186,1.3863177299499512
559,2,187,1.177338719367981
560,2,188,1.2365491390228271
561,2,189,1.1341819763183594
562,2,190,1.1925806999206543
563,2,191,1.1685822010040283
564,2,192,1.1113626956939697
565,2,193,1.2037497758865356
566,2,194,1.202540636062622
567,2,195,1.2645900249481201
568,2,196,1.166874885559082
569,2,197,1.2953969240188599
570,2,198,1.3702423572540283
571,2,199,1.1639432907104492
572,2,200,1.093405842781067
573,2,201,1.1826534271240234
574,2,202,1.2280921936035156
575,2,203,1.118610143661499
576,2,204,1.057150959968567
577,2,205,1.1881768703460693
578,2,206,1.1097129583358765
579,2,207,1.1052987575531006
580,2,208,1.2821292877197266
581,2,209,1.1431457996368408
582,2,210,1.3106433153152466
583,2,211,1.1581673622131348
584,2,212,1.1450544595718384
585,2,213,1.123541235923767
586,2,214,1.1017706394195557
587,2,215,1.0995200872421265
588,2,216,1.1196801662445068
589,2,217,1.0664408206939697
590,2,218,1.0433976650238037
591,2,219,1.1604535579681396
592,2,220,1.1804702281951904
593,2,221,1.1645557880401611
594,2,222,1.0796287059783936
595,2,223,1.02550208568573
596,2,224,1.4599018096923828
597,2,225,1.1480693817138672
598,2,226,1.229029893875122
599,2,227,1.1255700588226318
600,2,228,1.229709267616272
601,2,229,1.1080477237701416
602,2,230,1.142815113067627
603,2,231,1.0644636154174805
604,2,232,1.0368760824203491
605,2,233,1.076054334640503
606,2,234,1.2260533571243286
607,2,235,1.1428585052490234
608,2,236,1.112297773361206
609,2,237,1.0311132669448853
610,2,238,1.0772345066070557
611,2,239,1.0302822589874268
612,2,240,1.1173932552337646
613,2,241,1.0296412706375122
614,2,242,1.080450177192688
615,2,243,1.0586618185043335
616,2,244,1.027390956878662
617,2,245,1.0734554529190063
618,2,246,1.0686417818069458
619,2,247,1.0913177728652954
620,2,248,1.0118951797485352
621,2,249,1.0077093839645386
622,2,250,1.0762991905212402
623,2,251,1.055098295211792
624,2,252,1.1544899940490723
625,2,253,1.1320581436157227
626,2,254,1.1084948778152466
627,2,255,1.069535255432129
628,2,256,1.016143560409546
629,2,257,1.0179420709609985
630,2,258,1.0663425922393799
631,2,259,1.0970337390899658
632,2,260,1.242387056350708
633,2,261,1.055936574935913
634,2,262,0.9869416952133179
635,2,263,0.9961923360824585
636,2,264,1.0109469890594482
637,2,265,1.0322908163070679
638,2,266,1.1217310428619385
639,2,267,1.111029028892517
640,2,268,0.9358078837394714
641,2,269,1.0314728021621704
642,2,270,1.1967413425445557
643,2,271,0.9887657165527344
644,2,272,1.0377089977264404
645,2,273,0.9606138467788696
646,2,274,1.0342786312103271
647,2,275,1.0459437370300293
648,2,276,1.0087531805038452
649,2,277,1.2382432222366333
650,2,278,1.2186782360076904
651,2,279,1.010114073753357
652,2,280,1.0233756303787231
653,2,281,1.0523258447647095
654,2,282,1.1438038349151611
655,2,283,0.9914264678955078
656,2,284,1.0419564247131348
657,2,285,1.0542453527450562
658,2,286,1.0231075286865234
659,2,287,0.9777597188949585
660,2,288,1.0746986865997314
661,2,289,1.0844690799713135
662,2,290,0.968869686126709
663,2,291,0.9967070817947388
664,2,292,1.0143340826034546
665,2,293,1.0624921321868896
666,2,294,1.0244941711425781
667,2,295,1.0935578346252441
668,2,296,0.9523611068725586
669,2,297,0.9271599650382996
670,2,298,0.9448944330215454
671,2,299,1.1067575216293335
672,2,300,0.9697822332382202
673,2,301,1.105975866317749
674,2,302,1.1017581224441528
675,2,303,0.9789975881576538
676,2,304,1.0011370182037354
677,2,305,0.9997623562812805
678,2,306,0.9382630586624146
679,2,307,1.0701067447662354
680,2,308,1.1870076656341553
681,2,309,1.0421020984649658
682,2,310,0.9653064608573914
683,2,311,1.0681551694869995
684,2,312,1.119727611541748
685,2,313,1.1166584491729736
686,2,314,1.01247239112854
687,2,315,0.9987484216690063
688,2,316,0.9785205721855164
689,2,317,0.9828611612319946
690,2,318,1.1119402647018433
691,2,319,0.9397464990615845
692,2,320,0.9530012011528015
693,2,321,0.967201828956604
694,2,322,1.013018250465393
695,2,323,1.1060631275177002
696,2,324,0.9725226163864136
697,2,325,1.020208477973938
698,2,326,1.0264198780059814
699,2,327,0.9916973114013672
700,2,328,1.0540797710418701
701,2,329,1.0858519077301025
702,2,330,1.0568785667419434
703,2,331,0.9342136383056641
704,2,332,1.0734202861785889
705,2,333,1.0027172565460205
706,2,334,0.9270197153091431
707,2,335,0.9604897499084473
708,2,336,1.0382230281829834
709,2,337,0.9700586199760437
710,2,338,1.0845164060592651
711,2,339,0.995123028755188
712,2,340,0.9553701281547546
713,2,341,1.20022714138031
714,2,342,0.9149847030639648
715,2,343,0.965251624584198
716,2,344,0.9920378923416138
717,2,345,0.9997473955154419
718,2,346,0.9426524043083191
719,2,347,0.9611037969589233
720,2,348,0.9412481188774109
721,2,349,1.1742287874221802
722,2,350,0.9396341443061829
723,2,351,1.0061918497085571
724,2,352,0.9816571474075317
725,2,353,0.9180620908737183
726,2,354,1.0567758083343506
727,2,355,0.9322634935379028
728,2,356,1.0044679641723633
729,2,357,0.9933344721794128
730,2,358,0.864071249961853
731,2,359,0.9571810960769653
732,2,360,0.902072548866272
733,2,361,0.914298415184021
734,2,362,0.9751807451248169
735,2,363,0.8683398962020874
736,2,364,1.163635015487671
737,2,365,0.9507367014884949
738,2,366,1.0048482418060303
739,2,367,0.9189870953559875
740,2,368,1.0132644176483154
741,2,369,1.0333043336868286
742,2,370,0.849094033241272
743,2,371,0.9011651277542114
744,2,372,1.01883065700531
745,3,1,0.9039615392684937
746,3,2,1.0224523544311523
747,3,3,0.9432529211044312
748,3,4,0.8960564732551575
749,3,5,1.1695754528045654
750,3,6,0.956133246421814
751,3,7,0.8910303115844727
752,3,8,0.8235108256340027
753,3,9,1.0044726133346558
754,3,10,1.0246837139129639
755,3,11,0.9764673113822937
756,3,12,1.0311435461044312
757,3,13,0.9442896842956543
758,3,14,0.958182692527771
759,3,15,0.9569409489631653
760,3,16,0.9455617666244507
761,3,17,1.1438217163085938
762,3,18,0.8652355074882507
763,3,19,0.8865081667900085
764,3,20,0.9189130663871765
765,3,21,0.9288395643234253
766,3,22,0.8649863004684448
767,3,23,0.9440382719039917
768,3,24,0.7922414541244507
769,3,25,0.8336246609687805
770,3,26,0.8691619038581848
771,3,27,1.1652538776397705
772,3,28,0.887356162071228
773,3,29,0.9871078729629517
774,3,30,0.901669979095459
775,3,31,0.9395326375961304
776,3,32,0.8315178751945496
777,3,33,0.9590789675712585
778,3,34,1.0709844827651978
779,3,35,0.9324911236763
780,3,36,1.0249133110046387
781,3,37,0.833213210105896
782,3,38,0.886823832988739
783,3,39,0.8469176292419434
784,3,40,1.09895920753479
785,3,41,1.2114614248275757
786,3,42,0.8612205386161804
787,3,43,0.8917505145072937
788,3,44,0.8413907289505005
789,3,45,0.9431263208389282
790,3,46,0.8655926585197449
791,3,47,0.8520827293395996
792,3,48,0.8906821012496948
793,3,49,0.9185017347335815
794,3,50,0.9067152738571167
795,3,51,0.8018921613693237
796,3,52,0.9984989166259766
797,3,53,0.8368171453475952
798,3,54,0.822759747505188
799,3,55,1.0408680438995361
800,3,56,0.7580758333206177
801,3,57,0.9383374452590942
802,3,58,0.8196232914924622
803,3,59,0.9269765615463257
804,3,60,0.820411205291748
805,3,61,0.8787304759025574
806,3,62,0.8440227508544922
807,3,63,0.8801065683364868
808,3,64,0.9231483340263367
809,3,65,1.0309908390045166
810,3,66,0.7955857515335083
811,3,67,0.8966320753097534
812,3,68,0.8856021165847778
813,3,69,0.8451095819473267
814,3,70,0.8653520345687866
815,3,71,0.9263805150985718
816,3,72,0.8583064079284668
817,3,73,0.8757303357124329
818,3,74,0.8263403177261353
819,3,75,0.8981022834777832
820,3,76,0.8024486303329468
821,3,77,0.9299529790878296
822,3,78,0.7826164960861206
823,3,79,0.8293421864509583
824,3,80,0.8099939227104187
825,3,81,0.8983701467514038
826,3,82,0.8473062515258789
827,3,83,0.8709551095962524
828,3,84,0.7860889434814453
829,3,85,0.9735407829284668
830,3,86,0.8741903305053711
831,3,87,0.8996462821960449
832,3,88,0.9085796475410461
833,3,89,0.8579269647598267
834,3,90,0.9113782644271851
835,3,91,0.7947458624839783
836,3,92,0.7587227821350098
837,3,93,0.8464997410774231
838,3,94,1.003367304801941
839,3,95,0.8425348401069641
840,3,96,0.8108257055282593
841,3,97,0.8129547238349915
842,3,98,0.8493927121162415
843,3,99,0.759838879108429
844,3,100,0.9349746704101562
845,3,101,0.7525819540023804
846,3,102,0.9061341285705566
847,3,103,0.7459518313407898
848,3,104,0.956088662147522
849,3,105,0.7791983485221863
850,3,106,0.9002137184143066
851,3,107,0.8080006837844849
852,3,108,0.8090372085571289
853,3,109,0.8355386853218079
854,3,110,0.7837111353874207
855,3,111,0.8675920367240906
856,3,112,0.8410165905952454
857,3,113,0.8708137273788452
858,3,114,0.7711073160171509
859,3,115,0.8776920437812805
860,3,116,0.860595703125
861,3,117,0.7915520668029785
862,3,118,0.8089691400527954
863,3,119,0.802568256855011
864,3,120,0.7422991991043091
865,3,121,0.762651801109314
866,3,122,0.8553616404533386
867,3,123,0.9359060525894165
868,3,124,0.8382250070571899
869,3,125,0.7993764877319336
870,3,126,0.8286795616149902
871,3,127,0.7823706269264221
872,3,128,1.0109306573867798
873,3,129,0.9327748417854309
874,3,130,0.8237722516059875
875,3,131,0.7683025598526001
876,3,132,0.776284396648407
877,3,133,0.8500797152519226
878,3,134,0.8268629908561707
879,3,135,0.774255633354187
880,3,136,0.833469033241272
881,3,137,0.7929038405418396
882,3,138,0.7381336092948914
883,3,139,0.7690416574478149
884,3,140,0.9394793510437012
885,3,141,0.7692651748657227
886,3,142,0.7452613115310669
887,3,143,1.0122076272964478
888,3,144,0.8824969530105591
889,3,145,0.8170548677444458
890,3,146,0.6882008910179138
891,3,147,0.6820544004440308
892,3,148,0.7281099557876587
893,3,149,1.0006006956100464
894,3,150,0.7014825344085693
895,3,151,0.8592150807380676
896,3,152,0.8188843727111816
897,3,153,0.8389388918876648
898,3,154,0.7522646188735962
899,3,155,0.7524851560592651
900,3,156,0.7864365577697754
901,3,157,0.987078070640564
902,3,158,0.8681915998458862
903,3,159,0.9004026651382446
904,3,160,0.8134781718254089
905,3,161,0.8379769325256348
906,3,162,0.718817412853241
907,3,163,0.7763122320175171
908,3,164,0.8166977167129517
909,3,165,1.0220259428024292
910,3,166,0.8389685750007629
911,3,167,0.7435427904129028
912,3,168,0.7961656451225281
913,3,169,0.8724689483642578
914,3,170,0.919684886932373
915,3,171,0.8514164686203003
916,3,172,0.7831932902336121
917,3,173,0.7318366765975952
918,3,174,0.9333265423774719
919,3,175,0.9350792765617371
920,3,176,0.8224334716796875
921,3,177,0.7301364541053772
922,3,178,0.7437148094177246
923,3,179,0.7806190848350525
924,3,180,0.8488699793815613
925,3,181,0.9143169522285461
926,3,182,0.7715909481048584
927,3,183,0.8503653407096863
928,3,184,0.8872705698013306
929,3,185,0.8242579698562622
930,3,186,0.7817280888557434
931,3,187,0.6943966150283813
932,3,188,0.8035548329353333
933,3,189,0.751895010471344
934,3,190,0.7234243154525757
935,3,191,0.8176739811897278
936,3,192,0.791567862033844
937,3,193,0.7365258932113647
938,3,194,0.9403678178787231
939,3,195,0.8010618090629578
940,3,196,0.7901989221572876
941,3,197,0.7197275161743164
942,3,198,0.806537926197052
943,3,199,0.7924816012382507
944,3,200,0.7893288731575012
945,3,201,0.707827627658844
946,3,202,0.7863742113113403
947,3,203,0.6940581798553467
948,3,204,0.7360606789588928
949,3,205,0.7708349823951721
950,3,206,0.7220338582992554
951,3,207,0.7372692823410034
952,3,208,0.8261033296585083
953,3,209,0.8223884701728821
954,3,210,0.7859737277030945
955,3,211,0.9738419651985168
956,3,212,0.841164231300354
957,3,213,0.8274549245834351
958,3,214,0.7529652118682861
959,3,215,0.6883280873298645
960,3,216,0.8365654945373535
961,3,217,0.8249799609184265
962,3,218,0.785148561000824
963,3,219,0.7973645925521851
964,3,220,0.7089095711708069
965,3,221,0.8374514579772949
966,3,222,0.8795077204704285
967,3,223,0.6634228825569153
968,3,224,0.7345651388168335
969,3,225,0.7360303997993469
970,3,226,0.9112926721572876
971,3,227,0.8856036067008972
972,3,228,0.9283416867256165
973,3,229,0.6999070048332214
974,3,230,0.8975776433944702
975,3,231,0.7303305864334106
976,3,232,0.7742053866386414
977,3,233,0.7564200162887573
978,3,234,0.7460412979125977
979,3,235,0.7328997850418091
980,3,236,0.6346521377563477
981,3,237,0.7394691705703735
982,3,238,0.6965107917785645
983,3,239,0.8579685091972351
984,3,240,0.8124220967292786
985,3,241,0.7116075754165649
986,3,242,0.7204946875572205
987,3,243,0.7611541152000427
988,3,244,0.705973744392395
989,3,245,0.7464002370834351
990,3,246,0.7720800638198853
991,3,247,0.7051886320114136
992,3,248,0.6699815988540649
993,3,249,0.7084369659423828
994,3,250,0.864020049571991
995,3,251,0.7464854121208191
996,3,252,0.7265620827674866
997,3,253,0.6971039175987244
998,3,254,0.7839375138282776
999,3,255,0.7093529105186462
1000,3,256,0.6856938004493713
1001,3,257,0.7228982448577881
1002,3,258,0.6430373787879944
1003,3,259,0.7571386098861694
1004,3,260,0.6904354095458984
1005,3,261,0.8615378141403198
1006,3,262,0.7132790684700012
1007,3,263,0.7889353036880493
1008,3,264,0.7030235528945923
1009,3,265,0.855821430683136
1010,3,266,0.6911001205444336
1011,3,267,0.7606853246688843
1012,3,268,0.7191306352615356
1013,3,269,0.7274861335754395
1014,3,270,0.7299513816833496
1015,3,271,0.7403172850608826
1016,3,272,0.6603142023086548
1017,3,273,0.743451714515686
1018,3,274,0.6922200918197632
1019,3,275,0.9399620890617371
1020,3,276,0.6663183569908142
1021,3,277,0.7775813341140747
1022,3,278,0.6022629737854004
1023,3,279,0.6572728157043457
1024,3,280,0.7419940233230591
1025,3,281,0.7256525754928589
1026,3,282,0.8218280076980591
1027,3,283,0.9134845733642578
1028,3,284,0.7218777537345886
1029,3,285,0.6532227993011475
1030,3,286,0.9093144536018372
1031,3,287,0.8707391619682312
1032,3,288,0.711118757724762
1033,3,289,0.8434416651725769
1034,3,290,0.6943346261978149
1035,3,291,0.681222677230835
1036,3,292,0.6495155692100525
1037,3,293,0.7749301791191101
1038,3,294,0.8231694102287292
1039,3,295,0.6751299500465393
1040,3,296,0.7015088200569153
1041,3,297,0.6334913969039917
1042,3,298,0.8394390344619751
1043,3,299,0.9842293858528137
1044,3,300,0.7013353109359741
1045,3,301,0.7560430765151978
1046,3,302,0.7307446599006653
1047,3,303,0.7602211833000183
1048,3,304,0.6843819618225098
1049,3,305,0.8795537948608398
1050,3,306,0.7346774339675903
1051,3,307,0.7937023043632507
1052,3,308,0.792509913444519
1053,3,309,0.5941386222839355
1054,3,310,0.7024471163749695
1055,3,311,0.9536319971084595
1056,3,312,0.6752434968948364
1057,3,313,0.7169978022575378
1058,3,314,0.755165696144104
1059,3,315,0.7688000202178955
1060,3,316,0.830241322517395
1061,3,317,1.0577454566955566
1062,3,318,0.7040814161300659
1063,3,319,0.6793840527534485
1064,3,320,0.7408888339996338
1065,3,321,0.650598406791687
1066,3,322,0.9643586277961731
1067,3,323,0.6245213747024536
1068,3,324,0.744765043258667
1069,3,325,0.7358646988868713
1070,3,326,0.7350962162017822
1071,3,327,0.6994770169258118
1072,3,328,0.7650507688522339
1073,3,329,0.9157035946846008
1074,3,330,0.7545127868652344
1075,3,331,0.5914904475212097
1076,3,332,0.6690887212753296
1077,3,333,0.6213926672935486
1078,3,334,0.6366077661514282
1079,3,335,0.6162723302841187
1080,3,336,0.606663703918457
1081,3,337,0.8268485069274902
1082,3,338,0.6387985944747925
1083,3,339,0.7970702052116394
1084,3,340,0.6936084032058716
1085,3,341,0.6534665822982788
1086,3,342,0.6189311742782593
1087,3,343,0.6437427401542664
1088,3,344,0.6550108194351196
1089,3,345,0.7199599146842957
1090,3,346,0.6394650340080261
1091,3,347,0.6560198068618774
1092,3,348,0.7169477939605713
1093,3,349,0.6287912726402283
1094,3,350,0.7331054210662842
1095,3,351,0.6183470487594604
1096,3,352,0.6190282106399536
1097,3,353,0.7704044580459595
1098,3,354,0.7544015049934387
1099,3,355,0.7928679585456848
1100,3,356,0.6467720866203308
1101,3,357,0.6408178806304932
1102,3,358,0.6857225298881531
1103,3,359,0.7033703923225403
1104,3,360,0.7425535321235657
1105,3,361,0.7426254749298096
1106,3,362,0.5797873735427856
1107,3,363,0.6646417379379272
1108,3,364,0.668373167514801
1109,3,365,0.6105300188064575
1110,3,366,0.6507536768913269
1111,3,367,0.7823092341423035
1112,3,368,0.6054921746253967
1113,3,369,0.608115017414093
1114,3,370,0.6862801313400269
1115,3,371,0.7570906281471252
1116,3,372,0.5605332255363464
1117,4,1,0.5488168597221375
1118,4,2,0.6328984498977661
1119,4,3,0.7023058533668518
1120,4,4,0.6003819704055786
1121,4,5,0.6477521061897278
1122,4,6,0.6125506162643433
1123,4,7,0.7129650712013245
1124,4,8,0.599307656288147
1125,4,9,0.7302719354629517
1126,4,10,0.6229049563407898
1127,4,11,0.6448715925216675
1128,4,12,0.6805159449577332
1129,4,13,0.6396355032920837
1130,4,14,0.6351455450057983
1131,4,15,0.6146339178085327
1132,4,16,0.5820254683494568
1133,4,17,0.6919654011726379
1134,4,18,0.6498622298240662
1135,4,19,0.6700734496116638
1136,4,20,0.762879490852356
1137,4,21,0.6234247088432312
1138,4,22,0.6351016759872437
1139,4,23,0.6248540878295898
1140,4,24,0.7612593173980713
1141,4,25,0.6077576875686646
1142,4,26,0.7601101994514465
1143,4,27,0.6099738478660583
1144,4,28,0.5725074410438538
1145,4,29,0.6006175875663757
1146,4,30,0.7112398147583008
1147,4,31,0.9278319478034973
1148,4,32,0.7321628928184509
1149,4,33,0.6721280813217163
1150,4,34,0.6254191994667053
1151,4,35,0.6238563060760498
1152,4,36,0.6681062579154968
1153,4,37,0.5565807223320007
1154,4,38,0.7113033533096313
1155,4,39,0.7028790712356567
1156,4,40,0.5852464437484741
1157,4,41,0.6721076965332031
1158,4,42,0.5976797342300415
1159,4,43,0.740655779838562
1160,4,44,0.6458286046981812
1161,4,45,0.6003621816635132
1162,4,46,0.6298089623451233
1163,4,47,0.8098980188369751
1164,4,48,0.5563881397247314
1165,4,49,0.6874774694442749
1166,4,50,0.5749300718307495
1167,4,51,0.754274308681488
1168,4,52,0.6346421241760254
1169,4,53,0.5698087811470032
1170,4,54,0.6286121606826782
1171,4,55,0.6255966424942017
1172,4,56,0.5921016335487366
1173,4,57,0.6418536901473999
1174,4,58,0.5942813158035278
1175,4,59,0.6379192471504211
1176,4,60,0.6828717589378357
1177,4,61,0.6768940687179565
1178,4,62,0.5800896883010864
1179,4,63,0.7007639408111572
1180,4,64,0.6772984266281128
1181,4,65,0.6253126859664917
1182,4,66,0.6334856152534485
1183,4,67,0.8359464406967163
1184,4,68,0.7585899233818054
1185,4,69,0.6422162055969238
1186,4,70,0.6049529314041138
1187,4,71,0.5787021517753601
1188,4,72,0.6453534960746765
1189,4,73,0.7468171119689941
1190,4,74,0.7400220036506653
1191,4,75,0.6761847734451294
1192,4,76,0.5524722933769226
1193,4,77,0.8565346002578735
1194,4,78,0.6170691251754761
1195,4,79,0.7601732015609741
1196,4,80,0.6104032397270203
1197,4,81,0.7173299789428711
1198,4,82,0.5382234454154968
1199,4,83,0.6095887422561646
1200,4,84,0.6894094347953796
1201,4,85,0.6513757109642029
1202,4,86,0.5230647921562195
1203,4,87,0.633880615234375
1204,4,88,0.6114971041679382
1205,4,89,0.6414011716842651
1206,4,90,0.7327383160591125
1207,4,91,0.6798392534255981
1208,4,92,0.6110188364982605
1209,4,93,0.6422860026359558
1210,4,94,0.5721622705459595
1211,4,95,0.5270065665245056
1212,4,96,0.6385437250137329
1213,4,97,0.6458110213279724
1214,4,98,0.618768572807312
1215,4,99,0.6647329330444336
1216,4,100,0.543770968914032
1217,4,101,0.7345668077468872
1218,4,102,0.7746713161468506
1219,4,103,0.6113352179527283
1220,4,104,0.8180408477783203
1221,4,105,0.6092307567596436
1222,4,106,0.6022977828979492
1223,4,107,0.5223742723464966
1224,4,108,0.6091388463973999
1225,4,109,0.6159595847129822
1226,4,110,0.7703705430030823
1227,4,111,0.673352837562561
1228,4,112,0.6215211153030396
1229,4,113,0.5531300902366638
1230,4,114,0.5460387468338013
1231,4,115,0.6712728142738342
1232,4,116,0.6436769366264343
1233,4,117,0.6262008547782898
1234,4,118,0.6324120759963989
1235,4,119,0.6374134421348572
1236,4,120,0.572332501411438
1237,4,121,0.6064693331718445
1238,4,122,0.6289043426513672
1239,4,123,0.6249849796295166
1240,4,124,0.8252556920051575
1241,4,125,0.612301230430603
1242,4,126,0.7758148908615112
1243,4,127,0.690415620803833
1244,4,128,0.6037507653236389
1245,4,129,0.8291670680046082
1246,4,130,0.573935866355896
1247,4,131,0.5955506563186646
1248,4,132,0.6633613109588623
1249,4,133,0.6721833944320679
1250,4,134,0.5804610252380371
1251,4,135,0.5587140321731567
1252,4,136,0.5966615080833435
1253,4,137,0.6773943901062012
1254,4,138,0.7008153200149536
1255,4,139,0.6256129145622253
1256,4,140,0.5421484112739563
1257,4,141,0.5578597784042358
1258,4,142,0.6498290300369263
1259,4,143,0.7376533150672913
1260,4,144,0.6425631642341614
1261,4,145,0.6742871999740601
1262,4,146,0.5736979246139526
1263,4,147,0.5933393239974976
1264,4,148,0.6399818658828735
1265,4,149,0.6664577126502991
1266,4,150,0.7085024118423462
1267,4,151,0.6758280992507935
1268,4,152,0.895534873008728
1269,4,153,0.6081129908561707
1270,4,154,0.5992068648338318
1271,4,155,0.6720916032791138
1272,4,156,0.5738989114761353
1273,4,157,0.6412432789802551
1274,4,158,0.6606065630912781
1275,4,159,0.7202602624893188
1276,4,160,0.7373534440994263
1277,4,161,0.6115285158157349
1278,4,162,0.5605583786964417
1279,4,163,0.6117923855781555
1280,4,164,0.7719632387161255
1281,4,165,0.5402200222015381
1282,4,166,0.7393763661384583
1283,4,167,0.712971031665802
1284,4,168,0.5744630098342896
1285,4,169,0.560824990272522
1286,4,170,0.6308904886245728
1287,4,171,0.5546337962150574
1288,4,172,0.5879637002944946
1289,4,173,0.6003844141960144
1290,4,174,0.7920354604721069
1291,4,175,0.5304094552993774
1292,4,176,0.6133970618247986
1293,4,177,0.9163590669631958
1294,4,178,0.6738187670707703
1295,4,179,0.6649997234344482
1296,4,180,0.5096932053565979
1297,4,181,0.6622655987739563
1298,4,182,0.6188760995864868
1299,4,183,0.6627855896949768
1300,4,184,0.6962596774101257
1301,4,185,0.6308059096336365
1302,4,186,0.6844115853309631
1303,4,187,0.49045902490615845
1304,4,188,0.5192050337791443
1305,4,189,0.5913854837417603
1306,4,190,0.5933070778846741
1307,4,191,0.5754369497299194
1308,4,192,0.5935995578765869
1309,4,193,0.7188793420791626
1310,4,194,0.5373567938804626
1311,4,195,0.6753533482551575
1312,4,196,0.6240400671958923
1313,4,197,0.6025508642196655
1314,4,198,0.6293061971664429
1315,4,199,0.5826017260551453
1316,4,200,0.632421612739563
1317,4,201,0.6160848140716553
1318,4,202,0.5616840720176697
1319,4,203,0.6682838797569275
1320,4,204,0.5007308125495911
1321,4,205,0.5974518060684204
1322,4,206,0.5887644290924072
1323,4,207,0.5541656017303467
1324,4,208,0.5815914273262024
1325,4,209,0.7257736921310425
1326,4,210,0.688461184501648
1327,4,211,0.5674846172332764
1328,4,212,0.5632575154304504
1329,4,213,0.4990308880805969
1330,4,214,0.5830522179603577
1331,4,215,0.5193766355514526
1332,4,216,0.7213226556777954
1333,4,217,0.5329964756965637
1334,4,218,0.6726812720298767
1335,4,219,0.6666259765625
1336,4,220,0.6755310297012329
1337,4,221,0.5863913297653198
1338,4,222,0.6169198751449585
1339,4,223,0.7249825596809387
1340,4,224,0.547238826751709
1341,4,225,0.7602535486221313
1342,4,226,0.6513386964797974
1343,4,227,0.49102264642715454
1344,4,228,0.6298261880874634
1345,4,229,0.6126309633255005
1346,4,230,0.6206872463226318
1347,4,231,0.5871621966362
1348,4,232,0.6394820213317871
1349,4,233,0.5022215247154236
1350,4,234,0.5712254047393799
1351,4,235,0.5246449112892151
1352,4,236,0.7255331873893738
1353,4,237,0.6346613168716431
1354,4,238,0.5603705048561096
1355,4,239,0.5640485882759094
1356,4,240,0.4886387288570404
1357,4,241,0.5857648849487305
1358,4,242,0.6055510640144348
1359,4,243,0.5438685417175293
1360,4,244,0.6380189657211304
1361,4,245,0.5972777605056763
1362,4,246,0.5500974059104919
1363,4,247,0.596739649772644
1364,4,248,0.6586444973945618
1365,4,249,0.6524145603179932
1366,4,250,0.6847295761108398
1367,4,251,0.5507246255874634
1368,4,252,0.5916663408279419
1369,4,253,0.47409605979919434
1370,4,254,0.5354253649711609
1371,4,255,1.0694255828857422
1372,4,256,0.54317706823349
1373,4,257,0.5609932541847229
1374,4,258,0.6200742721557617
1375,4,259,0.607578694820404
1376,4,260,0.5599030256271362
1377,4,261,0.5107526779174805
1378,4,262,0.5893548130989075
1379,4,263,0.541637122631073
1380,4,264,0.5419308543205261
1381,4,265,0.5493165254592896
1382,4,266,0.5862587690353394
1383,4,267,0.5353997349739075
1384,4,268,0.4692882001399994
1385,4,269,0.4466138780117035
1386,4,270,0.5339006781578064
1387,4,271,0.5926443934440613
1388,4,272,0.5294731855392456
1389,4,273,0.5841355919837952
1390,4,274,0.6704767346382141
1391,4,275,0.5860888361930847
1392,4,276,0.48687630891799927
1393,4,277,0.6398976445198059
1394,4,278,0.47084856033325195
1395,4,279,0.6642356514930725
1396,4,280,0.5690493583679199
1397,4,281,0.5176243185997009
1398,4,282,0.543745756149292
1399,4,283,0.6738736033439636
1400,4,284,0.5061179399490356
1401,4,285,0.48662614822387695
1402,4,286,0.6270529627799988
1403,4,287,0.6911532878875732
1404,4,288,0.6217640042304993
1405,4,289,0.6337676644325256
1406,4,290,0.47224149107933044
1407,4,291,0.5692456364631653
1408,4,292,0.5872086882591248
1409,4,293,0.5336018204689026
1410,4,294,0.4938496947288513
1411,4,295,0.5897837281227112
1412,4,296,0.5770188570022583
1413,4,297,0.5003292560577393
1414,4,298,0.6114122271537781
1415,4,299,0.5196791887283325
1416,4,300,0.5313534140586853
1417,4,301,0.4949948191642761
1418,4,302,0.4970700740814209
1419,4,303,0.5051116943359375
1420,4,304,0.927770733833313
1421,4,305,0.6849290132522583
1422,4,306,0.492177814245224
1423,4,307,0.5859662294387817
1424,4,308,0.5157309770584106
1425,4,309,0.48525652289390564
1426,4,310,0.5520989298820496
1427,4,311,0.5400519371032715
1428,4,312,0.487592875957489
1429,4,313,0.6437827348709106
1430,4,314,0.5914465188980103
1431,4,315,0.5086736679077148
1432,4,316,0.5089465975761414
1433,4,317,0.5770874619483948
1434,4,318,0.5432416200637817
1435,4,319,0.5250136256217957
1436,4,320,0.4937872886657715
1437,4,321,0.536713719367981
1438,4,322,0.5373114943504333
1439,4,323,0.6464070677757263
1440,4,324,0.6084677577018738
1441,4,325,0.8564890623092651
1442,4,326,0.8561888933181763
1443,4,327,0.507951557636261
1444,4,328,1.0550000667572021
1445,4,329,0.5727423429489136
1446,4,330,0.6043921113014221
1447,4,331,0.6535555124282837
1448,4,332,0.5511205792427063
1449,4,333,0.5091314315795898
1450,4,334,0.4454222619533539
1451,4,335,0.6440678834915161
1452,4,336,0.545932412147522
1453,4,337,0.5388170480728149
1454,4,338,0.5907816290855408
1455,4,339,0.5922738313674927
1456,4,340,0.5608307123184204
1457,4,341,0.6269004344940186
1458,4,342,0.5061711668968201
1459,4,343,0.581354022026062
1460,4,344,0.6322523355484009
1461,4,345,0.6454784274101257
1462,4,346,0.5455182790756226
1463,4,347,0.4699907898902893
1464,4,348,0.5855873227119446
1465,4,349,0.4758557677268982
1466,4,350,0.5406481027603149
1467,4,351,0.649019718170166
1468,4,352,0.45317476987838745
1469,4,353,0.5698292255401611
1470,4,354,0.6630522012710571
1471,4,355,0.5455769300460815
1472,4,356,0.48211541771888733
1473,4,357,0.5955735445022583
1474,4,358,0.5937272310256958
1475,4,359,0.5260178446769714
1476,4,360,0.4748690128326416
1477,4,361,0.606263279914856
1478,4,362,0.5318522453308105
1479,4,363,0.6423775553703308
1480,4,364,0.45010289549827576
1481,4,365,0.4627012610435486
1482,4,366,0.45223698019981384
1483,4,367,0.5529662370681763
1484,4,368,0.5250381231307983
1485,4,369,0.5335461497306824
1486,4,370,0.5228139758110046
1487,4,371,0.6172154545783997
1488,4,372,0.6646900177001953
1489,5,1,0.45701852440834045
1490,5,2,0.4002852439880371
1491,5,3,0.5144432783126831
1492,5,4,0.4972083568572998
1493,5,5,0.5147959589958191
1494,5,6,0.5518854260444641
1495,5,7,0.545183002948761
1496,5,8,0.507973313331604
1497,5,9,0.45828500390052795
1498,5,10,0.4542543292045593
1499,5,11,0.5101491212844849
1500,5,12,0.597990870475769
1501,5,13,0.5153957605361938
1502,5,14,0.5075293779373169
1503,5,15,0.6169391870498657
1504,5,16,0.5765396952629089
1505,5,17,0.5025873780250549
1506,5,18,0.4037139415740967
1507,5,19,0.5386584997177124
1508,5,20,0.6603037118911743
1509,5,21,0.48305240273475647
1510,5,22,0.5295647978782654
1511,5,23,0.4290998578071594
1512,5,24,0.6209743618965149
1513,5,25,0.5626792907714844
1514,5,26,0.5936480760574341
1515,5,27,0.5407863259315491
1516,5,28,0.5071418285369873
1517,5,29,0.5177019238471985
1518,5,30,0.6081068515777588
1519,5,31,0.5351424813270569
1520,5,32,0.5442279577255249
1521,5,33,0.9366690516471863
1522,5,34,0.3990057110786438
1523,5,35,0.4943400025367737
1524,5,36,0.5745223760604858
1525,5,37,0.46578994393348694
1526,5,38,0.5988934636116028
1527,5,39,0.5076974630355835
1528,5,40,0.5181384682655334
1529,5,41,0.6450735330581665
1530,5,42,0.5809255838394165
1531,5,43,0.49345770478248596
1532,5,44,0.5692631006240845
1533,5,45,0.46445074677467346
1534,5,46,0.6201709508895874
1535,5,47,0.6198089718818665
1536,5,48,0.4970690608024597
1537,5,49,0.5262891054153442
1538,5,50,0.5908705592155457
1539,5,51,0.5082768201828003
1540,5,52,0.5756009817123413
1541,5,53,0.5179380178451538
1542,5,54,0.5103814005851746
1543,5,55,0.5225834250450134
1544,5,56,0.43844714760780334
1545,5,57,0.6110459566116333
1546,5,58,0.40499335527420044
1547,5,59,0.8192585706710815
1548,5,60,0.6998999118804932
1549,5,61,0.5477902293205261
1550,5,62,0.6766371726989746
1551,5,63,0.5569589734077454
1552,5,64,0.5777980089187622
1553,5,65,0.3995283842086792
1554,5,66,0.6627722978591919
1555,5,67,0.4914014935493469
1556,5,68,0.5103594064712524
1557,5,69,0.5184327363967896
1558,5,70,0.5391429662704468
1559,5,71,0.508823037147522
1560,5,72,0.46355119347572327
1561,5,73,0.543231189250946
1562,5,74,0.48077577352523804
1563,5,75,0.4366934299468994
1564,5,76,0.4394236207008362
1565,5,77,0.5330387949943542
1566,5,78,0.49059778451919556
1567,5,79,0.4571016728878021
1568,5,80,0.44765982031822205
1569,5,81,0.728760838508606
1570,5,82,0.5286953449249268
1571,5,83,0.53570556640625
1572,5,84,0.5268357396125793
1573,5,85,0.7503716349601746
1574,5,86,0.5818315148353577
1575,5,87,0.6370247602462769
1576,5,88,0.5433012247085571
1577,5,89,0.5065303444862366
1578,5,90,0.5119333863258362
1579,5,91,0.47419673204421997
1580,5,92,0.779591977596283
1581,5,93,0.4927559792995453
1582,5,94,0.598779559135437
1583,5,95,0.5233169198036194
1584,5,96,0.5835851430892944
1585,5,97,0.5530037879943848
1586,5,98,0.5916354060173035
1587,5,99,0.4886806011199951
1588,5,100,0.638992428779602
1589,5,101,0.5316040515899658
1590,5,102,0.469329297542572
1591,5,103,0.5816038250923157
1592,5,104,0.47667255997657776
1593,5,105,0.4585128724575043
1594,5,106,0.5602415800094604
1595,5,107,0.4683133661746979
1596,5,108,0.5272946953773499
1597,5,109,0.4799545705318451
1598,5,110,0.5677580237388611
1599,5,111,0.5400677919387817
1600,5,112,0.4311099648475647
1601,5,113,0.4543837904930115
1602,5,114,0.5661725401878357
1603,5,115,0.4531516134738922
1604,5,116,0.5042496919631958
1605,5,117,0.48565226793289185
1606,5,118,0.6294353008270264
1607,5,119,0.6661843657493591
1608,5,120,0.4779508113861084
1609,5,121,0.5974207520484924
1610,5,122,0.4055800437927246
1611,5,123,0.4728304445743561
1612,5,124,0.7819065451622009
1613,5,125,0.4368019700050354
1614,5,126,0.6024558544158936
1615,5,127,0.6732354760169983
1616,5,128,0.49482136964797974
1617,5,129,0.4416620135307312
1618,5,130,0.4084499478340149
1619,5,131,0.5220959186553955
1620,5,132,0.4160708487033844
1621,5,133,0.5523537397384644
1622,5,134,0.44457608461380005
1623,5,135,0.5311087965965271
1624,5,136,0.6343890428543091
1625,5,137,0.5172038674354553
1626,5,138,0.4899168908596039
1627,5,139,0.4881060719490051
1628,5,140,0.4694797992706299
1629,5,141,0.4398368000984192
1630,5,142,0.46397241950035095
1631,5,143,0.48307496309280396
1632,5,144,0.5660891532897949
1633,5,145,0.6135009527206421
1634,5,146,0.4474773406982422
1635,5,147,0.49288639426231384
1636,5,148,0.5051084160804749
1637,5,149,0.5812510251998901
1638,5,150,0.5597342252731323
1639,5,151,0.4193897843360901
1640,5,152,0.5146906971931458
1641,5,153,0.519508957862854
1642,5,154,0.5651552677154541
1643,5,155,0.6575067639350891
1644,5,156,0.5967966914176941
1645,5,157,0.45559191703796387
1646,5,158,0.4357786178588867
1647,5,159,0.623041033744812
1648,5,160,0.4906648099422455
1649,5,161,0.5146535634994507
1650,5,162,0.6255367994308472
1651,5,163,0.5072808861732483
1652,5,164,0.5302984118461609
1653,5,165,0.5176358222961426
1654,5,166,0.45942455530166626
1655,5,167,0.5002488493919373
1656,5,168,0.42476487159729004
1657,5,169,0.555925190448761
1658,5,170,0.9061398506164551
1659,5,171,0.45339059829711914
1660,5,172,0.5259316563606262
1661,5,173,0.4731009602546692
1662,5,174,0.4302583634853363
1663,5,175,0.5333516597747803
1664,5,176,0.5345999002456665
1665,5,177,0.5278958082199097
1666,5,178,0.5545573830604553
1667,5,179,0.5798966884613037
1668,5,180,0.5480908751487732
1669,5,181,0.5369184613227844
1670,5,182,0.5255429744720459
1671,5,183,0.4688131809234619
1672,5,184,0.5319965481758118
1673,5,185,0.4353705942630768
1674,5,186,0.37973082065582275
1675,5,187,0.5075806975364685
1676,5,188,0.4251834750175476
1677,5,189,0.4828823208808899
1678,5,190,0.49403220415115356
1679,5,191,0.4088923931121826
1680,5,192,0.6353610754013062
1681,5,193,0.49488455057144165
1682,5,194,0.3848399817943573
1683,5,195,0.4724082052707672
1684,5,196,0.5316532850265503
1685,5,197,0.8374983072280884
1686,5,198,0.3929176330566406
1687,5,199,0.4055175185203552
1688,5,200,0.5412119626998901
1689,5,201,0.43469613790512085
1690,5,202,0.49233144521713257
1691,5,203,0.931929886341095
1692,5,204,0.6103234887123108
1693,5,205,0.5440130829811096
1694,5,206,0.5126675963401794
1695,5,207,0.47424402832984924
1696,5,208,0.5229002237319946
1697,5,209,0.46811023354530334
1698,5,210,0.3843170702457428
1699,5,211,0.521503210067749
1700,5,212,0.5864390134811401
1701,5,213,0.44647279381752014
1702,5,214,0.4185224175453186
1703,5,215,0.42171406745910645
1704,5,216,0.4398459494113922
1705,5,217,0.36190369725227356
1706,5,218,0.5245234966278076
1707,5,219,0.6110057234764099
1708,5,220,0.5564335584640503
1709,5,221,0.4086340069770813
1710,5,222,0.5102991461753845
1711,5,223,0.5801312327384949
1712,5,224,0.5900903940200806
1713,5,225,0.4004914164543152
1714,5,226,0.40992823243141174
1715,5,227,0.4941408634185791
1716,5,228,0.4936153292655945
1717,5,229,0.4225916266441345
1718,5,230,0.4865989685058594
1719,5,231,0.6519531011581421
1720,5,232,0.6124848127365112
1721,5,233,0.41103261709213257
1722,5,234,0.5936250686645508
1723,5,235,0.469735711812973
1724,5,236,0.38735559582710266
1725,5,237,0.47892260551452637
1726,5,238,0.4501482844352722
1727,5,239,0.5614672899246216
1728,5,240,0.5350878834724426
1729,5,241,0.3895471692085266
1730,5,242,0.591808021068573
1731,5,243,0.4530593454837799
1732,5,244,0.4234955906867981
1733,5,245,0.5680539011955261
1734,5,246,0.677864670753479
1735,5,247,0.4419873356819153
1736,5,248,0.4897595942020416
1737,5,249,0.40191850066185
1738,5,250,0.7157453298568726
1739,5,251,0.5164055824279785
1740,5,252,0.4645506739616394
1741,5,253,0.47168081998825073
1742,5,254,0.48199114203453064
1743,5,255,0.4604273736476898
1744,5,256,0.5463947057723999
1745,5,257,0.5472362041473389
1746,5,258,0.46857938170433044
1747,5,259,0.5552119016647339
1748,5,260,0.5232359766960144
1749,5,261,0.38773828744888306
1750,5,262,0.4047996997833252
1751,5,263,0.46018916368484497
1752,5,264,0.3909631669521332
1753,5,265,0.49793878197669983
1754,5,266,0.4545031189918518
1755,5,267,0.42584967613220215
1756,5,268,0.3655394911766052
1757,5,269,0.7664188742637634
1758,5,270,0.5044869184494019
1759,5,271,0.5127789974212646
1760,5,272,0.49811094999313354
1761,5,273,0.4101034998893738
1762,5,274,0.4862350523471832
1763,5,275,0.48729056119918823
1764,5,276,0.6097789406776428
1765,5,277,0.5157192349433899
1766,5,278,0.522944986820221
1767,5,279,0.45702776312828064
1768,5,280,0.688614010810852
1769,5,281,0.5210772752761841
1770,5,282,0.49401646852493286
1771,5,283,0.4815765917301178
1772,5,284,0.4498637318611145
1773,5,285,0.44010502099990845
1774,5,286,0.5005368590354919
1775,5,287,0.5143821835517883
1776,5,288,0.5064562559127808
1777,5,289,0.3993651270866394
1778,5,290,0.5217005610466003
1779,5,291,0.481696754693985
1780,5,292,0.5631306767463684
1781,5,293,0.48616331815719604
1782,5,294,0.5814390182495117
1783,5,295,0.45681649446487427
1784,5,296,0.7427511811256409
1785,5,297,0.5787163972854614
1786,5,298,0.5116263628005981
1787,5,299,0.390544593334198
1788,5,300,0.44834232330322266
1789,5,301,0.5078247785568237
1790,5,302,0.4918542504310608
1791,5,303,0.5114498138427734
1792,5,304,0.47445598244667053
1793,5,305,0.4665340483188629
1794,5,306,0.4672446846961975
1795,5,307,0.5015082955360413
1796,5,308,0.49585336446762085
1797,5,309,0.4692193865776062
1798,5,310,0.5123142004013062
1799,5,311,0.5138942003250122
1800,5,312,0.43608030676841736
1801,5,313,0.6207333207130432
1802,5,314,0.5256124138832092
1803,5,315,0.5088034868240356
1804,5,316,0.5576139688491821
1805,5,317,0.49563807249069214
1806,5,318,0.49376043677330017
1807,5,319,0.6121744513511658
1808,5,320,0.532727062702179
1809,5,321,0.5252799391746521
1810,5,322,0.5286126136779785
1811,5,323,0.602225124835968
1812,5,324,0.4268217086791992
1813,5,325,0.49820131063461304
1814,5,326,0.44492918252944946
1815,5,327,0.49138230085372925
1816,5,328,0.46677809953689575
1817,5,329,0.48921775817871094
1818,5,330,0.433502733707428
1819,5,331,0.5956992506980896
1820,5,332,0.5648387670516968
1821,5,333,0.4841424822807312
1822,5,334,0.5079126358032227
1823,5,335,0.5021725296974182
1824,5,336,0.5010771155357361
1825,5,337,0.5239476561546326
1826,5,338,0.6276366710662842
1827,5,339,0.3726007044315338
1828,5,340,0.5109003782272339
1829,5,341,0.39669477939605713
1830,5,342,0.5015655755996704
1831,5,343,0.40731292963027954
1832,5,344,0.4155450463294983
1833,5,345,0.4886924624443054
1834,5,346,0.4597286581993103
1835,5,347,0.4692245423793793
1836,5,348,0.4767621159553528
1837,5,349,0.44937610626220703
1838,5,350,0.5028809309005737
1839,5,351,0.48432379961013794
1840,5,352,0.6415514945983887
1841,5,353,0.4521085321903229
1842,5,354,0.6017941236495972
1843,5,355,0.4824467599391937
1844,5,356,0.9414365887641907
1845,5,357,0.4579378664493561
1846,5,358,0.46075835824012756
1847,5,359,0.34089773893356323
1848,5,360,0.4554007053375244
1849,5,361,0.5077745318412781
1850,5,362,0.40891140699386597
1851,5,363,0.6558154821395874
1852,5,364,0.46832603216171265
1853,5,365,0.3641069531440735
1854,5,366,0.43893203139305115
1855,5,367,0.3649072051048279
1856,5,368,0.4698730409145355
1857,5,369,0.5427992939949036
1858,5,370,0.4410625398159027
1859,5,371,0.4944290518760681
1860,5,372,0.4959023594856262
1861,6,1,0.535400927066803
1862,6,2,0.40219321846961975
1863,6,3,0.5334237813949585
1864,6,4,0.5943377017974854
1865,6,5,0.46851497888565063
1866,6,6,0.4629307687282562
1867,6,7,0.4517213702201843
1868,6,8,0.4168561100959778
1869,6,9,0.5261952877044678
1870,6,10,0.49200811982154846
1871,6,11,0.3818199038505554
1872,6,12,0.5128291845321655
1873,6,13,0.44638457894325256
1874,6,14,0.47493976354599
1875,6,15,0.46389347314834595
1876,6,16,0.5115295648574829
1877,6,17,0.4961402416229248
1878,6,18,0.4557410776615143
1879,6,19,0.4358397126197815
1880,6,20,0.37158697843551636
1881,6,21,0.3908340334892273
1882,6,22,0.5164374709129333
1883,6,23,0.5168527960777283
1884,6,24,0.45988139510154724
1885,6,25,0.4174109101295471
1886,6,26,0.4455873370170593
1887,6,27,0.4518190324306488
1888,6,28,0.42365017533302307
1889,6,29,0.6222852468490601
1890,6,30,0.4713044762611389
1891,6,31,0.3928530514240265
1892,6,32,0.3813008666038513
1893,6,33,0.5179691314697266
1894,6,34,0.47200632095336914
1895,6,35,0.42171233892440796
1896,6,36,0.35772258043289185
1897,6,37,0.44974905252456665
1898,6,38,0.4910411238670349
1899,6,39,0.46177563071250916
1900,6,40,0.4978604316711426
1901,6,41,0.9528557062149048
1902,6,42,0.4610799252986908
1903,6,43,0.3781938850879669
1904,6,44,0.8650908470153809
1905,6,45,0.41254663467407227
1906,6,46,0.42948466539382935
1907,6,47,0.45770153403282166
1908,6,48,0.39316320419311523
1909,6,49,0.4219945967197418
1910,6,50,0.42422476410865784
1911,6,51,0.485292911529541
1912,6,52,0.4391489028930664
1913,6,53,0.4474460184574127
1914,6,54,0.5051501989364624
1915,6,55,0.3322483003139496
1916,6,56,0.4928939938545227
1917,6,57,0.380991131067276
1918,6,58,0.5559604167938232
1919,6,59,0.5905662775039673
1920,6,60,0.43636757135391235
1921,6,61,0.44692549109458923
1922,6,62,0.43931323289871216
1923,6,63,0.37740376591682434
1924,6,64,0.43231019377708435
1925,6,65,0.38973483443260193
1926,6,66,0.4197230339050293
1927,6,67,0.5508619546890259
1928,6,68,0.46820253133773804
1929,6,69,0.47082552313804626
1930,6,70,0.6519841551780701
1931,6,71,0.5481497049331665
1932,6,72,0.41775432229042053
1933,6,73,0.4169730246067047
1934,6,74,0.4140101969242096
1935,6,75,0.45924267172813416
1936,6,76,0.4755171835422516
1937,6,77,0.368533194065094
1938,6,78,0.48391133546829224
1939,6,79,0.42798781394958496
1940,6,80,0.43252167105674744
1941,6,81,0.42282524704933167
1942,6,82,0.4593028426170349
1943,6,83,0.5293360948562622
1944,6,84,0.5288764834403992
1945,6,85,0.6197417378425598
1946,6,86,0.5141698122024536
1947,6,87,0.47989368438720703
1948,6,88,0.45822468400001526
1949,6,89,0.4877775311470032
1950,6,90,0.36948293447494507
1951,6,91,0.514474630355835
1952,6,92,0.5202699899673462
1953,6,93,0.39013490080833435
1954,6,94,0.4118139147758484
1955,6,95,0.48422011733055115
1956,6,96,0.38253307342529297
1957,6,97,0.4289324879646301
1958,6,98,0.35565483570098877
1959,6,99,0.36786407232284546
1960,6,100,0.41116490960121155
1961,6,101,0.4296486973762512
1962,6,102,0.3477700352668762
1963,6,103,0.4525357782840729
1964,6,104,0.5284368991851807
1965,6,105,0.3661324381828308
1966,6,106,0.3845174014568329
1967,6,107,0.5619661211967468
1968,6,108,0.4072466790676117
1969,6,109,0.4690841734409332
1970,6,110,0.7610204815864563
1971,6,111,0.42735275626182556
1972,6,112,0.5963909029960632
1973,6,113,0.3523823618888855
1974,6,114,0.46155065298080444
1975,6,115,0.4623875021934509
1976,6,116,0.45787134766578674
1977,6,117,0.43964847922325134
1978,6,118,0.6515519022941589
1979,6,119,0.41393107175827026
1980,6,120,0.4830569326877594
1981,6,121,0.3948085904121399
1982,6,122,0.451748788356781
1983,6,123,0.4040800929069519
1984,6,124,0.42752617597579956
1985,6,125,0.43979811668395996
1986,6,126,0.4010719656944275
1987,6,127,0.48883572220802307
1988,6,128,0.3970809578895569
1989,6,129,0.41345781087875366
1990,6,130,0.5354868173599243
1991,6,131,0.5129138231277466
1992,6,132,0.48362645506858826
1993,6,133,0.4380156993865967
1994,6,134,0.5761357545852661
1995,6,135,0.49321693181991577
1996,6,136,0.5364905595779419
1997,6,137,0.45972689986228943
1998,6,138,0.5170960426330566
1999,6,139,0.4191257357597351
2000,6,140,0.4044806957244873
2001,6,141,0.536660373210907
2002,6,142,0.4903341829776764
2003,6,143,0.47538644075393677
2004,6,144,0.4174209535121918
2005,6,145,0.546788215637207
2006,6,146,0.3435945212841034
2007,6,147,0.38108378648757935
2008,6,148,0.4885050654411316
2009,6,149,0.41388145089149475
2010,6,150,0.43490076065063477
2011,6,151,0.5456070899963379
2012,6,152,0.398084819316864
2013,6,153,0.689172625541687
2014,6,154,0.40173324942588806
2015,6,155,0.44769877195358276
2016,6,156,0.523520290851593
2017,6,157,0.46436113119125366
2018,6,158,0.40050840377807617
2019,6,159,0.43841081857681274
2020,6,160,0.5061494708061218
2021,6,161,0.435208797454834
2022,6,162,0.4257078170776367
2023,6,163,0.37037256360054016
2024,6,164,0.40569067001342773
2025,6,165,0.42956653237342834
2026,6,166,0.50639808177948
2027,6,167,0.5027067065238953
2028,6,168,0.38883811235427856
2029,6,169,0.40320712327957153
2030,6,170,0.5269741415977478
2031,6,171,0.5070385932922363
2032,6,172,0.33260372281074524
2033,6,173,0.34792816638946533
2034,6,174,0.4447294771671295
2035,6,175,0.39787226915359497
2036,6,176,0.5021001100540161
2037,6,177,0.4277869760990143
2038,6,178,0.3896907567977905
2039,6,179,0.5482642650604248
2040,6,180,0.4371660351753235
2041,6,181,0.41281113028526306
2042,6,182,0.36077791452407837
2043,6,183,0.41790634393692017
2044,6,184,0.4173409044742584
2045,6,185,0.49590030312538147
2046,6,186,0.4666847288608551
2047,6,187,0.3480096757411957
2048,6,188,0.3900187015533447
2049,6,189,0.3899686932563782
2050,6,190,0.3424270749092102
2051,6,191,0.38789162039756775
2052,6,192,0.6804026365280151
2053,6,193,0.4450131356716156
2054,6,194,0.3548579216003418
2055,6,195,0.6949917674064636
2056,6,196,0.4549109935760498
2057,6,197,0.3404355049133301
2058,6,198,0.4062615931034088
2059,6,199,0.4819716513156891
2060,6,200,0.4099625051021576
2061,6,201,0.4109594225883484
2062,6,202,0.3612857162952423
2063,6,203,0.6839665174484253
2064,6,204,0.34207767248153687
2065,6,205,0.42153048515319824
2066,6,206,0.3646153509616852
2067,6,207,0.37927526235580444
2068,6,208,0.4561119079589844
2069,6,209,0.4431563913822174
2070,6,210,0.5205787420272827
2071,6,211,0.44011959433555603
2072,6,212,0.4155144691467285
2073,6,213,0.5454326868057251
2074,6,214,0.49339810013771057
2075,6,215,0.47739481925964355
2076,6,216,0.3780073821544647
2077,6,217,0.4692557752132416
2078,6,218,0.3663909435272217
2079,6,219,0.4646070599555969
2080,6,220,0.4976825714111328
2081,6,221,0.6953046321868896
2082,6,222,0.35136961936950684
2083,6,223,0.3816225826740265
2084,6,224,0.40567857027053833
2085,6,225,0.3639928698539734
2086,6,226,0.6835158467292786
2087,6,227,0.524265706539154
2088,6,228,0.46314185857772827
2089,6,229,0.6689537167549133
2090,6,230,0.4387919008731842
2091,6,231,0.4684060215950012
2092,6,232,0.4258207380771637
2093,6,233,0.4949093759059906
2094,6,234,0.3926219940185547
2095,6,235,0.44441741704940796
2096,6,236,0.521351158618927
2097,6,237,0.3756483197212219
2098,6,238,0.5169779062271118
2099,6,239,0.5262478590011597
2100,6,240,0.32266709208488464
2101,6,241,0.4993831217288971
2102,6,242,0.4956759512424469
2103,6,243,0.4873782694339752
2104,6,244,0.7027857899665833
2105,6,245,0.48557719588279724
2106,6,246,0.41638755798339844
2107,6,247,0.4542771875858307
2108,6,248,0.47538915276527405
2109,6,249,0.5203918218612671
2110,6,250,0.758826494216919
2111,6,251,0.5250949263572693
2112,6,252,0.44051593542099
2113,6,253,0.5243939161300659
2114,6,254,0.5269588828086853
2115,6,255,0.464385986328125
2116,6,256,0.43135350942611694
2117,6,257,0.4870457649230957
2118,6,258,0.4212723672389984
2119,6,259,0.46012645959854126
2120,6,260,0.4445430636405945
2121,6,261,0.43857240676879883
2122,6,262,0.4159879684448242
2123,6,263,0.3903922736644745
2124,6,264,0.4724574685096741
2125,6,265,0.38499921560287476
2126,6,266,0.4205021858215332
2127,6,267,0.41928601264953613
2128,6,268,0.36242544651031494
2129,6,269,0.4315676689147949
2130,6,270,0.4385908544063568
2131,6,271,0.49367159605026245
2132,6,272,0.39290541410446167
2133,6,273,0.5561495423316956
2134,6,274,0.36756661534309387
2135,6,275,0.39642441272735596
2136,6,276,0.4962344169616699
2137,6,277,0.3849698305130005
2138,6,278,0.3779869079589844
2139,6,279,0.5186188220977783
2140,6,280,0.4730454385280609
2141,6,281,0.34687432646751404
2142,6,282,0.46226969361305237
2143,6,283,0.4277873635292053
2144,6,284,0.44829559326171875
2145,6,285,0.38234272599220276
2146,6,286,0.3929663896560669
2147,6,287,0.3553113341331482
2148,6,288,0.41011935472488403
2149,6,289,0.40243062376976013
2150,6,290,0.3380116820335388
2151,6,291,0.31907594203948975
2152,6,292,0.3196137249469757
2153,6,293,0.42998895049095154
2154,6,294,0.3863835036754608
2155,6,295,0.4558931887149811
2156,6,296,0.4101065993309021
2157,6,297,0.47963109612464905
2158,6,298,0.618601381778717
2159,6,299,0.42730554938316345
2160,6,300,0.4368908405303955
2161,6,301,0.35472169518470764
2162,6,302,0.39059653878211975
2163,6,303,0.4020300507545471
2164,6,304,0.4544591009616852
2165,6,305,0.354221373796463
2166,6,306,0.36506763100624084
2167,6,307,0.34987083077430725
2168,6,308,0.42544373869895935
2169,6,309,0.4013727605342865
2170,6,310,0.4469871520996094
2171,6,311,0.5364166498184204
2172,6,312,0.4524025022983551
2173,6,313,0.32225221395492554
2174,6,314,0.4055677354335785
2175,6,315,0.3499184250831604
2176,6,316,0.3590136170387268
2177,6,317,0.4075070321559906
2178,6,318,0.32566383481025696
2179,6,319,0.5273226499557495
2180,6,320,0.31185704469680786
2181,6,321,0.42368191480636597
2182,6,322,0.3180527091026306
2183,6,323,0.36113241314888
2184,6,324,0.33668890595436096
2185,6,325,0.4946397840976715
2186,6,326,0.3952876031398773
2187,6,327,0.4479433000087738
2188,6,328,0.4032168984413147
2189,6,329,0.42214030027389526
2190,6,330,0.43592357635498047
2191,6,331,0.32843735814094543
2192,6,332,0.5043174624443054
2193,6,333,0.4023352265357971
2194,6,334,0.3848499357700348
2195,6,335,0.4159408211708069
2196,6,336,0.45335158705711365
2197,6,337,0.4669564664363861
2198,6,338,0.4261934161186218
2199,6,339,0.32645609974861145
2200,6,340,0.31831094622612
2201,6,341,0.503957211971283
2202,6,342,0.4814651608467102
2203,6,343,0.3306046724319458
2204,6,344,0.3980615735054016
2205,6,345,0.3121129870414734
2206,6,346,0.3497753441333771
2207,6,347,0.3776807188987732
2208,6,348,0.42602500319480896
2209,6,349,0.3679784834384918
2210,6,350,0.3742036819458008
2211,6,351,0.37630289793014526
2212,6,352,0.4347829818725586
2213,6,353,0.36592018604278564
2214,6,354,0.31293782591819763
2215,6,355,0.4010860323905945
2216,6,356,0.3767924904823303
2217,6,357,0.3925948739051819
2218,6,358,0.6506562829017639
2219,6,359,0.2994512915611267
2220,6,360,0.3884332478046417
2221,6,361,0.40712761878967285
2222,6,362,0.564284086227417
2223,6,363,0.28512781858444214
2224,6,364,0.4106616973876953
2225,6,365,0.49314993619918823
2226,6,366,0.361321359872818
2227,6,367,0.38318073749542236
2228,6,368,0.2928714156150818
2229,6,369,0.33770057559013367
2230,6,370,0.3359229564666748
2231,6,371,0.4617520272731781
2232,6,372,0.9436563849449158
2233,7,1,0.4955475926399231
2234,7,2,0.41903743147850037
2235,7,3,0.37120434641838074
2236,7,4,0.402923583984375
2237,7,5,0.328563928604126
2238,7,6,0.5752269625663757
2239,7,7,0.386825293302536
2240,7,8,0.3784938156604767
2241,7,9,0.42650073766708374
2242,7,10,0.37678033113479614
2243,7,11,0.39448457956314087
2244,7,12,0.33451223373413086
2245,7,13,0.34127065539360046
2246,7,14,0.37375566363334656
2247,7,15,0.5493056178092957
2248,7,16,0.38089412450790405
2249,7,17,0.44267377257347107
2250,7,18,0.568498969078064
2251,7,19,0.4262281358242035
2252,7,20,0.40614596009254456
2253,7,21,0.3691054880619049
2254,7,22,0.37524476647377014
2255,7,23,0.49378761649131775
2256,7,24,0.3611057698726654
2257,7,25,0.537272036075592
2258,7,26,0.3199172616004944
2259,7,27,0.4134855270385742
2260,7,28,0.36236172914505005
2261,7,29,0.3465578258037567
2262,7,30,0.4134593605995178
2263,7,31,0.34854209423065186
2264,7,32,0.36777305603027344
2265,7,33,0.377991646528244
2266,7,34,0.40835756063461304
2267,7,35,0.4240425229072571
2268,7,36,0.38843828439712524
2269,7,37,0.450644314289093
2270,7,38,0.414442777633667
2271,7,39,0.4346071779727936
2272,7,40,0.38177990913391113
2273,7,41,0.5219368934631348
2274,7,42,0.32463669776916504
2275,7,43,0.4125005304813385
2276,7,44,0.4005933403968811
2277,7,45,0.4569782614707947
2278,7,46,0.4722491204738617
2279,7,47,0.38957566022872925
2280,7,48,0.318107932806015
2281,7,49,0.35603639483451843
2282,7,50,0.3552681803703308
2283,7,51,0.42365995049476624
2284,7,52,0.5434973239898682
2285,7,53,0.3854702413082123
2286,7,54,0.38297903537750244
2287,7,55,0.34086814522743225
2288,7,56,0.3655162751674652
2289,7,57,0.47114863991737366
2290,7,58,0.4563318192958832
2291,7,59,0.32516470551490784
2292,7,60,0.5904697775840759
2293,7,61,0.35276228189468384
2294,7,62,0.44720539450645447
2295,7,63,0.34278377890586853
2296,7,64,0.3872598707675934
2297,7,65,0.44339409470558167
2298,7,66,0.3511679768562317
2299,7,67,0.3887181878089905
2300,7,68,0.43419307470321655
2301,7,69,0.4788154065608978
2302,7,70,0.39890649914741516
2303,7,71,0.4001935124397278
2304,7,72,0.3469533622264862
2305,7,73,0.46602678298950195
2306,7,74,0.3153810203075409
2307,7,75,0.3430241346359253
2308,7,76,0.3591437041759491
2309,7,77,0.4114724099636078
2310,7,78,0.33017975091934204
2311,7,79,0.44597920775413513
2312,7,80,0.3228718638420105
2313,7,81,0.37469393014907837
2314,7,82,0.42903047800064087
2315,7,83,0.45382195711135864
2316,7,84,0.3062301278114319
2317,7,85,0.40784549713134766
2318,7,86,0.3296537399291992
2319,7,87,0.3782211244106293
2320,7,88,0.32560375332832336
2321,7,89,0.34916266798973083
2322,7,90,0.4203612208366394
2323,7,91,0.31973761320114136
2324,7,92,0.3919652998447418
2325,7,93,0.388861745595932
2326,7,94,0.4177301824092865
2327,7,95,0.37537556886672974
2328,7,96,0.4130933880805969
2329,7,97,0.6442199945449829
2330,7,98,0.3877630829811096
2331,7,99,0.30336713790893555
2332,7,100,0.4255780279636383
2333,7,101,0.35635867714881897
2334,7,102,0.37396863102912903
2335,7,103,0.3600267767906189
2336,7,104,0.34125107526779175
2337,7,105,0.4655572474002838
2338,7,106,0.397111713886261
2339,7,107,0.4972313940525055
2340,7,108,0.3842533826828003
2341,7,109,0.4253389239311218
2342,7,110,0.38345736265182495
2343,7,111,0.33554837107658386
2344,7,112,0.326401025056839
2345,7,113,0.3171922564506531
2346,7,114,0.3770653307437897
2347,7,115,0.3018956482410431
2348,7,116,0.43598318099975586
2349,7,117,0.49431896209716797
2350,7,118,0.38830792903900146
2351,7,119,0.39552897214889526
2352,7,120,0.32749152183532715
2353,7,121,0.7650296092033386
2354,7,122,0.3607936501502991
2355,7,123,0.36632224917411804
2356,7,124,0.4695967137813568
2357,7,125,0.3686476945877075
2358,7,126,0.2799804210662842
2359,7,127,0.4109461307525635
2360,7,128,0.5476896166801453
2361,7,129,0.5802628993988037
2362,7,130,0.44345322251319885
2363,7,131,0.444648414850235
2364,7,132,0.38406628370285034
2365,7,133,0.4229219853878021
2366,7,134,0.4042709469795227
2367,7,135,0.32733994722366333
2368,7,136,0.4062694013118744
2369,7,137,0.3490987718105316
2370,7,138,0.3687630593776703
2371,7,139,0.33678945899009705
2372,7,140,0.4398021101951599
2373,7,141,0.3422001302242279
2374,7,142,0.3613918721675873
2375,7,143,0.47045427560806274
2376,7,144,0.39059704542160034
2377,7,145,0.43655118346214294
2378,7,146,0.31439119577407837
2379,7,147,0.381955087184906
2380,7,148,0.42860373854637146
2381,7,149,0.37054863572120667
2382,7,150,0.3536781966686249
2383,7,151,0.44558262825012207
2384,7,152,0.43442001938819885
2385,7,153,0.44199323654174805
2386,7,154,0.6176484823226929
2387,7,155,0.3634493947029114
2388,7,156,0.4921329915523529
2389,7,157,0.33677512407302856
2390,7,158,0.43702197074890137
2391,7,159,0.3841090798377991
2392,7,160,0.3452156186103821
2393,7,161,0.41254639625549316
2394,7,162,0.3870105743408203
2395,7,163,0.3422124981880188
2396,7,164,0.3981846868991852
2397,7,165,0.3373255729675293
2398,7,166,0.39029163122177124
2399,7,167,0.3255040943622589
2400,7,168,0.3637674152851105
2401,7,169,0.586044430732727
2402,7,170,0.3046489357948303
2403,7,171,0.38001102209091187
2404,7,172,0.3160102069377899
2405,7,173,0.43707913160324097
2406,7,174,0.3936532139778137
2407,7,175,0.36439797282218933
2408,7,176,0.3861692249774933
2409,7,177,0.3847018778324127
2410,7,178,0.354529470205307
2411,7,179,0.3726479411125183
2412,7,180,0.41460689902305603
2413,7,181,0.3912186920642853
2414,7,182,0.4265664517879486
2415,7,183,0.4028305113315582
2416,7,184,0.3480162024497986
2417,7,185,0.5173216462135315
2418,7,186,0.37903958559036255
2419,7,187,0.3920440971851349
2420,7,188,0.3457878828048706
2421,7,189,0.37601470947265625
2422,7,190,0.29597797989845276
2423,7,191,0.4525427222251892
2424,7,192,0.33181506395339966
2425,7,193,0.3261047303676605
2426,7,194,0.6680880784988403
2427,7,195,0.3414727449417114
2428,7,196,0.3467639982700348
2429,7,197,0.29789894819259644
2430,7,198,0.3664528429508209
2431,7,199,0.40567559003829956
2432,7,200,0.4367617666721344
2433,7,201,0.3241306245326996
2434,7,202,0.32381096482276917
2435,7,203,0.36800089478492737
2436,7,204,0.3856361508369446
2437,7,205,0.33796781301498413
2438,7,206,0.46847739815711975
2439,7,207,0.30655211210250854
2440,7,208,0.4471597671508789
2441,7,209,0.42359358072280884
2442,7,210,0.2996993064880371
2443,7,211,0.4577224850654602
2444,7,212,0.3626250922679901
2445,7,213,0.42329978942871094
2446,7,214,0.3405112028121948
2447,7,215,0.31895729899406433
2448,7,216,0.3481425940990448
2449,7,217,0.3219238519668579
2450,7,218,0.3285086750984192
2451,7,219,0.37368515133857727
2452,7,220,0.4122858941555023
2453,7,221,0.3981337249279022
2454,7,222,0.5948539972305298
2455,7,223,0.7419381737709045
2456,7,224,0.3207007348537445
2457,7,225,0.3801611065864563
2458,7,226,0.36933276057243347
2459,7,227,0.48785901069641113
2460,7,228,0.4087027907371521
2461,7,229,0.315878301858902
2462,7,230,0.4212547838687897
2463,7,231,0.2984820306301117
2464,7,232,0.6724833250045776
2465,7,233,0.3365437090396881
2466,7,234,0.39365142583847046
2467,7,235,0.46179619431495667
2468,7,236,0.32800012826919556
2469,7,237,0.42346853017807007
2470,7,238,0.36486151814460754
2471,7,239,0.4652794301509857
2472,7,240,0.35794538259506226
2473,7,241,0.6602574586868286
2474,7,242,0.3577422499656677
2475,7,243,0.3620242476463318
2476,7,244,0.4138094484806061
2477,7,245,0.3590858578681946
2478,7,246,0.3887370228767395
2479,7,247,0.4057682156562805
2480,7,248,0.3502146303653717
2481,7,249,0.36520060896873474
2482,7,250,0.36919069290161133
2483,7,251,0.32007259130477905
2484,7,252,0.40713343024253845
2485,7,253,0.375654399394989
2486,7,254,0.3542066812515259
2487,7,255,0.3804040253162384
2488,7,256,0.34283167123794556
2489,7,257,0.4331604540348053
2490,7,258,0.33325666189193726
2491,7,259,0.4073564410209656
2492,7,260,0.34603384137153625
2493,7,261,0.40621623396873474
2494,7,262,0.3544313311576843
2495,7,263,0.4201882481575012
2496,7,264,0.34106746315956116
2497,7,265,0.332949161529541
2498,7,266,0.2912279963493347
2499,7,267,0.4216928482055664
2500,7,268,0.44125694036483765
2501,7,269,0.36796465516090393
2502,7,270,0.34855300188064575
2503,7,271,0.3302275538444519
2504,7,272,0.4218813478946686
2505,7,273,0.30388396978378296
2506,7,274,0.48774608969688416
2507,7,275,0.31107935309410095
2508,7,276,0.38696014881134033
2509,7,277,0.5013372302055359
2510,7,278,0.3626329302787781
2511,7,279,0.2715964913368225
2512,7,280,0.4036664068698883
2513,7,281,0.3519030809402466
2514,7,282,0.40242132544517517
2515,7,283,0.3561808466911316
2516,7,284,0.3935001492500305
2517,7,285,0.39682263135910034
2518,7,286,0.3908247649669647
2519,7,287,0.3293948769569397
2520,7,288,0.3410322368144989
2521,7,289,0.3104347884654999
2522,7,290,0.34244972467422485
2523,7,291,0.3449587821960449
2524,7,292,0.40405741333961487
2525,7,293,0.48367276787757874
2526,7,294,0.4449685215950012
2527,7,295,0.5132765769958496
2528,7,296,0.32316020131111145
2529,7,297,0.38422542810440063
2530,7,298,0.41292887926101685
2531,7,299,0.3698934018611908
2532,7,300,0.3574574589729309
2533,7,301,0.34649857878685
2534,7,302,0.2918054163455963
2535,7,303,0.33289211988449097
2536,7,304,0.26823097467422485
2537,7,305,0.2895829975605011
2538,7,306,0.34304696321487427
2539,7,307,0.47213810682296753
2540,7,308,0.45393428206443787
2541,7,309,0.40301403403282166
2542,7,310,0.30249449610710144
2543,7,311,0.32471099495887756
2544,7,312,0.5099009871482849
2545,7,313,0.3486519455909729
2546,7,314,0.3981514275074005
2547,7,315,0.2924897074699402
2548,7,316,0.501755952835083
2549,7,317,0.4251895546913147
2550,7,318,0.45495739579200745
2551,7,319,0.37983590364456177
2552,7,320,0.3178005814552307
2553,7,321,0.2815574109554291
2554,7,322,0.3719866871833801
2555,7,323,0.42656761407852173
2556,7,324,0.40482884645462036
2557,7,325,0.391113817691803
2558,7,326,0.4336824417114258
2559,7,327,0.4904383718967438
2560,7,328,0.34546709060668945
2561,7,329,0.3049996495246887
2562,7,330,0.42339617013931274
2563,7,331,0.3169636130332947
2564,7,332,0.653365433216095
2565,7,333,0.49165090918540955
2566,7,334,0.43461331725120544
2567,7,335,0.4022888243198395
2568,7,336,0.3310930132865906
2569,7,337,0.4412061274051666
2570,7,338,0.34183269739151
2571,7,339,0.39710918068885803
2572,7,340,0.3732735514640808
2573,7,341,0.30685555934906006
2574,7,342,0.4179050326347351
2575,7,343,0.40394240617752075
2576,7,344,0.35707831382751465
2577,7,345,0.3484669625759125
2578,7,346,0.3359887897968292
2579,7,347,0.44058480858802795
2580,7,348,0.34172824025154114
2581,7,349,0.4506223797798157
2582,7,350,0.42537742853164673
2583,7,351,0.3887275457382202
2584,7,352,0.3462212383747101
2585,7,353,0.41543450951576233
2586,7,354,0.30764490365982056
2587,7,355,0.4196034371852875
2588,7,356,0.38710910081863403
2589,7,357,0.40260958671569824
2590,7,358,0.6950331926345825
2591,7,359,0.3755715489387512
2592,7,360,0.6915714144706726
2593,7,361,0.38875848054885864
2594,7,362,0.3907606303691864
2595,7,363,0.32847610116004944
2596,7,364,0.3856357932090759
2597,7,365,0.3817574083805084
2598,7,366,0.4276405870914459
2599,7,367,0.42966389656066895
2600,7,368,0.44409114122390747
2601,7,369,0.37755462527275085
2602,7,370,0.38327866792678833
2603,7,371,0.4163390100002289
2604,7,372,0.8259020447731018
2605,8,1,0.3333246111869812
2606,8,2,0.34562093019485474
2607,8,3,0.5682010650634766
2608,8,4,0.4107937812805176
2609,8,5,0.2829064428806305
2610,8,6,0.3178180456161499
2611,8,7,0.26198405027389526
2612,8,8,0.616003155708313
2613,8,9,0.36802753806114197
2614,8,10,0.5548585653305054
2615,8,11,0.3739430606365204
2616,8,12,0.42459702491760254
2617,8,13,0.634638786315918
2618,8,14,0.3385571837425232
2619,8,15,0.768875777721405
2620,8,16,0.44270509481430054
2621,8,17,0.36447879672050476
2622,8,18,0.29344677925109863
2623,8,19,0.3790651857852936
2624,8,20,0.371023029088974
2625,8,21,0.4263579845428467
2626,8,22,0.35990792512893677
2627,8,23,0.3231297433376312
2628,8,24,0.3966430723667145
2629,8,25,0.32042640447616577
2630,8,26,0.4045794606208801
2631,8,27,0.3782707154750824
2632,8,28,0.3145713210105896
2633,8,29,0.30039793252944946
2634,8,30,0.3460429310798645
2635,8,31,0.4777769148349762
2636,8,32,0.42313331365585327
2637,8,33,0.6766316294670105
2638,8,34,0.28678667545318604
2639,8,35,0.3425852954387665
2640,8,36,0.44508832693099976
2641,8,37,0.5674844980239868
2642,8,38,0.4352141320705414
2643,8,39,0.4488925039768219
2644,8,40,0.3403635025024414
2645,8,41,0.3613784909248352
2646,8,42,0.4620397090911865
2647,8,43,0.5055882334709167
2648,8,44,0.3528934717178345
2649,8,45,0.27806100249290466
2650,8,46,0.40214699506759644
2651,8,47,0.3645119071006775
2652,8,48,0.40441519021987915
2653,8,49,0.4679015278816223
2654,8,50,0.45581895112991333
2655,8,51,0.31690284609794617
2656,8,52,0.4268995225429535
2657,8,53,0.5103101134300232
2658,8,54,0.42658430337905884
2659,8,55,0.3145955204963684
2660,8,56,0.48849934339523315
2661,8,57,0.40864643454551697
2662,8,58,0.31509846448898315
2663,8,59,0.32249966263771057
2664,8,60,0.4475335478782654
2665,8,61,0.3956771790981293
2666,8,62,0.3700737953186035
2667,8,63,0.514442503452301
2668,8,64,0.39411357045173645
2669,8,65,0.4663730561733246
2670,8,66,0.3760514259338379
2671,8,67,0.407991498708725
2672,8,68,0.4017407298088074
2673,8,69,0.4579860270023346
2674,8,70,0.3723268508911133
2675,8,71,0.37914979457855225
2676,8,72,0.30642029643058777
2677,8,73,0.3551040291786194
2678,8,74,0.30027762055397034
2679,8,75,0.3090462386608124
2680,8,76,0.4163569509983063
2681,8,77,0.3888466954231262
2682,8,78,0.34179288148880005
2683,8,79,0.6650476455688477
2684,8,80,0.47984200716018677
2685,8,81,0.39288538694381714
2686,8,82,0.37596771121025085
2687,8,83,0.5194367170333862
2688,8,84,0.3248467445373535
2689,8,85,0.40633663535118103
2690,8,86,0.3161374628543854
2691,8,87,0.296720027923584
2692,8,88,0.35441678762435913
2693,8,89,0.42255789041519165
2694,8,90,0.31301194429397583
2695,8,91,0.456508070230484
2696,8,92,0.32074084877967834
2697,8,93,0.3046996593475342
2698,8,94,0.34874796867370605
2699,8,95,0.3927530348300934
2700,8,96,0.35493016242980957
2701,8,97,0.3324507176876068
2702,8,98,0.30643993616104126
2703,8,99,0.2659046947956085
2704,8,100,0.47342929244041443
2705,8,101,0.4415157437324524
2706,8,102,0.34838488698005676
2707,8,103,0.4396316111087799
2708,8,104,0.30238789319992065
2709,8,105,0.3737178444862366
2710,8,106,0.3508250117301941
2711,8,107,0.3444194793701172
2712,8,108,0.5267038941383362
2713,8,109,0.3320682942867279
2714,8,110,0.3604493737220764
2715,8,111,0.4462262690067291
2716,8,112,0.2574065327644348
2717,8,113,0.35033151507377625
2718,8,114,0.3415519595146179
2719,8,115,0.42961186170578003
2720,8,116,0.6210900545120239
2721,8,117,0.39244529604911804
2722,8,118,0.29428452253341675
2723,8,119,0.445021390914917
2724,8,120,0.40452632308006287
2725,8,121,0.3446880578994751
2726,8,122,0.425845205783844
2727,8,123,0.36140087246894836
2728,8,124,0.3837301433086395
2729,8,125,0.32121583819389343
2730,8,126,0.39113324880599976
2731,8,127,0.2831066846847534
2732,8,128,0.33071646094322205
2733,8,129,0.31281042098999023
2734,8,130,0.39349645376205444
2735,8,131,0.3835298717021942
2736,8,132,0.4664749503135681
2737,8,133,0.34829920530319214
2738,8,134,0.24782602488994598
2739,8,135,0.3899919390678406
2740,8,136,0.46194687485694885
2741,8,137,0.34114423394203186
2742,8,138,0.3353356122970581
2743,8,139,0.2883621156215668
2744,8,140,0.47434496879577637
2745,8,141,0.2963810861110687
2746,8,142,0.310259610414505
2747,8,143,0.3442608416080475
2748,8,144,0.4154025614261627
2749,8,145,0.44559845328330994
2750,8,146,0.30317097902297974
2751,8,147,0.2925902307033539
2752,8,148,0.35268616676330566
2753,8,149,0.3874019980430603
2754,8,150,0.32149192690849304
2755,8,151,0.30811822414398193
2756,8,152,0.3613509237766266
2757,8,153,0.4186743199825287
2758,8,154,0.26532286405563354
2759,8,155,0.2927773594856262
2760,8,156,0.4030952453613281
2761,8,157,0.27686256170272827
2762,8,158,0.3077089190483093
2763,8,159,0.2843325138092041
2764,8,160,0.3960038423538208
2765,8,161,0.4031035900115967
2766,8,162,0.29729434847831726
2767,8,163,0.38794898986816406
2768,8,164,0.4114951491355896
2769,8,165,0.33559900522232056
2770,8,166,0.3054191768169403
2771,8,167,0.34695306420326233
2772,8,168,0.42370468378067017
2773,8,169,0.2710115313529968
2774,8,170,0.31992095708847046
2775,8,171,0.33327269554138184
2776,8,172,0.46468958258628845
2777,8,173,0.3342284560203552
2778,8,174,0.3228346109390259
2779,8,175,0.35426750779151917
2780,8,176,0.3964954614639282
2781,8,177,0.3237091302871704
2782,8,178,0.29184597730636597
2783,8,179,0.34478703141212463
2784,8,180,0.3234635293483734
2785,8,181,0.4363698959350586
2786,8,182,0.29862695932388306
2787,8,183,0.23574356734752655
2788,8,184,0.3378591239452362
2789,8,185,0.33834898471832275
2790,8,186,0.32692262530326843
2791,8,187,0.33881744742393494
2792,8,188,0.7268173098564148
2793,8,189,0.43431296944618225
2794,8,190,0.3453013002872467
2795,8,191,0.36435794830322266
2796,8,192,0.34055280685424805
2797,8,193,0.2760041058063507
2798,8,194,0.2866578698158264
2799,8,195,0.29042619466781616
2800,8,196,0.3981487452983856
2801,8,197,0.3492279052734375
2802,8,198,0.3283120393753052
2803,8,199,0.5090645551681519
2804,8,200,0.41702452301979065
2805,8,201,0.32654768228530884
2806,8,202,0.4161764681339264
2807,8,203,0.3276575803756714
2808,8,204,0.36602336168289185
2809,8,205,0.31714484095573425
2810,8,206,0.3189712166786194
2811,8,207,0.7614861726760864
2812,8,208,0.37297192215919495
2813,8,209,0.3472755551338196
2814,8,210,0.41203761100769043
2815,8,211,0.3822515308856964
2816,8,212,0.32673317193984985
2817,8,213,0.43529385328292847
2818,8,214,0.40488505363464355
2819,8,215,0.3867422044277191
2820,8,216,0.4404711127281189
2821,8,217,0.34189480543136597
2822,8,218,0.29747503995895386
2823,8,219,0.29825177788734436
2824,8,220,0.3023238778114319
2825,8,221,0.29398366808891296
2826,8,222,0.30787280201911926
2827,8,223,0.3245113790035248
2828,8,224,0.45481935143470764
2829,8,225,0.3415588438510895
2830,8,226,0.3729095458984375
2831,8,227,0.3641757369041443
2832,8,228,0.3507392704486847
2833,8,229,0.3604045510292053
2834,8,230,0.38149935007095337
2835,8,231,0.4407274127006531
2836,8,232,0.27595776319503784
2837,8,233,0.30459514260292053
2838,8,234,0.43268531560897827
2839,8,235,0.3101194202899933
2840,8,236,0.2965526878833771
2841,8,237,0.32831501960754395
2842,8,238,0.3363918960094452
2843,8,239,0.38598209619522095
2844,8,240,0.3940191864967346
2845,8,241,0.30241891741752625
2846,8,242,0.39739471673965454
2847,8,243,0.25855952501296997
2848,8,244,0.36056074500083923
2849,8,245,0.2520066797733307
2850,8,246,0.6866064071655273
2851,8,247,0.3337720036506653
2852,8,248,0.36404624581336975
2853,8,249,0.5353848934173584
2854,8,250,0.3264288008213043
2855,8,251,0.3875134289264679
2856,8,252,0.3633105158805847
2857,8,253,0.379684716463089
2858,8,254,0.3291422724723816
2859,8,255,0.33909136056900024
2860,8,256,0.3596664369106293
2861,8,257,0.3407825827598572
2862,8,258,0.3515116572380066
2863,8,259,0.3294872045516968
2864,8,260,0.34135544300079346
2865,8,261,0.266327828168869
2866,8,262,0.7082427144050598
2867,8,263,0.3255855441093445
2868,8,264,0.3011006712913513
2869,8,265,0.37788447737693787
2870,8,266,0.28633370995521545
2871,8,267,0.3049963414669037
2872,8,268,0.3825743794441223
2873,8,269,0.33489447832107544
2874,8,270,0.3280351758003235
2875,8,271,0.3310868740081787
2876,8,272,0.31681451201438904
2877,8,273,0.3250526189804077
2878,8,274,0.3829163610935211
2879,8,275,0.2862752079963684
2880,8,276,0.3651820421218872
2881,8,277,0.366039514541626
2882,8,278,0.44130000472068787
2883,8,279,0.27807700634002686
2884,8,280,0.2770967185497284
2885,8,281,0.33803054690361023
2886,8,282,0.3432377278804779
2887,8,283,0.2859395146369934
2888,8,284,0.3572745621204376
2889,8,285,0.5153228044509888
2890,8,286,0.29298871755599976
2891,8,287,0.2742735743522644
2892,8,288,0.30261045694351196
2893,8,289,0.25677305459976196
2894,8,290,0.2814261019229889
2895,8,291,0.2934698462486267
2896,8,292,0.5748166441917419
2897,8,293,0.30383187532424927
2898,8,294,0.3012007772922516
2899,8,295,0.3002646267414093
2900,8,296,0.3705024719238281
2901,8,297,0.312838077545166
2902,8,298,0.31694653630256653
2903,8,299,0.3046197295188904
2904,8,300,0.2769530415534973
2905,8,301,0.40580660104751587
2906,8,302,0.3418271839618683
2907,8,303,0.3869330585002899
2908,8,304,0.35814565420150757
2909,8,305,0.3354220986366272
2910,8,306,0.3249590992927551
2911,8,307,0.3612670600414276
2912,8,308,0.4957958161830902
2913,8,309,0.4152103066444397
2914,8,310,0.34443724155426025
2915,8,311,0.3634248673915863
2916,8,312,0.35662218928337097
2917,8,313,0.26064154505729675
2918,8,314,0.3081618547439575
2919,8,315,0.4042682647705078
2920,8,316,0.25074905157089233
2921,8,317,0.31143131852149963
2922,8,318,0.4173135757446289
2923,8,319,0.3508027493953705
2924,8,320,0.32691580057144165
2925,8,321,0.29714900255203247
2926,8,322,0.33752545714378357
2927,8,323,0.3588846027851105
2928,8,324,0.41182583570480347
2929,8,325,0.24691908061504364
2930,8,326,0.3135635256767273
2931,8,327,0.26973122358322144
2932,8,328,0.3167375922203064
2933,8,329,0.34678810834884644
2934,8,330,0.40139278769493103
2935,8,331,0.2778910994529724
2936,8,332,0.4323393404483795
2937,8,333,0.386292427778244
2938,8,334,0.29751384258270264
2939,8,335,0.6643068194389343
2940,8,336,0.292768657207489
2941,8,337,0.6703859567642212
2942,8,338,0.36927786469459534
2943,8,339,0.306262344121933
2944,8,340,0.3893470764160156
2945,8,341,0.3177511394023895
2946,8,342,0.30511176586151123
2947,8,343,0.34306830167770386
2948,8,344,0.5759755373001099
2949,8,345,0.3397386074066162
2950,8,346,0.358474463224411
2951,8,347,0.37830063700675964
2952,8,348,0.28116652369499207
2953,8,349,0.2897716462612152
2954,8,350,0.28181445598602295
2955,8,351,0.327614963054657
2956,8,352,0.323716402053833
2957,8,353,0.3111399710178375
2958,8,354,0.38658270239830017
2959,8,355,0.2639632821083069
2960,8,356,0.32227152585983276
2961,8,357,0.27883273363113403
2962,8,358,0.3423254191875458
2963,8,359,0.4003733992576599
2964,8,360,0.3269515633583069
2965,8,361,0.28059500455856323
2966,8,362,0.3823072612285614
2967,8,363,0.3285514712333679
2968,8,364,0.3597128987312317
2969,8,365,0.370577335357666
2970,8,366,0.3592678904533386
2971,8,367,0.24539963901042938
2972,8,368,0.3113742470741272
2973,8,369,0.3843482732772827
2974,8,370,0.25878381729125977
2975,8,371,0.45059457421302795
2976,8,372,0.32500362396240234
2977,9,1,0.34750252962112427
2978,9,2,0.297871857881546
2979,9,3,0.29848814010620117
2980,9,4,0.31024935841560364
2981,9,5,0.3315397799015045
2982,9,6,0.39688411355018616
2983,9,7,0.3664860129356384
2984,9,8,0.3541930019855499
2985,9,9,0.38017815351486206
2986,9,10,0.3750792145729065
2987,9,11,0.37275785207748413
2988,9,12,0.5559238195419312
2989,9,13,0.304177850484848
2990,9,14,0.33396875858306885
2991,9,15,0.41411739587783813
2992,9,16,0.6446778774261475
2993,9,17,0.2745128273963928
2994,9,18,0.33432063460350037
2995,9,19,0.34725311398506165
2996,9,20,0.2888949513435364
2997,9,21,0.40290650725364685
2998,9,22,0.3445570468902588
2999,9,23,0.3845215439796448
3000,9,24,0.3023518919944763
3001,9,25,0.38586488366127014
3002,9,26,0.36285871267318726
3003,9,27,0.30541497468948364
3004,9,28,0.3584589660167694
3005,9,29,0.31492748856544495
3006,9,30,0.32332873344421387
3007,9,31,0.43737587332725525
3008,9,32,0.3422074317932129
3009,9,33,0.4254706799983978
3010,9,34,0.3408485949039459
3011,9,35,0.30250436067581177
3012,9,36,0.3920121490955353
3013,9,37,0.38389331102371216
3014,9,38,0.31440579891204834
3015,9,39,0.32239237427711487
3016,9,40,0.3655964732170105
3017,9,41,0.43233925104141235
3018,9,42,0.3182087540626526
3019,9,43,0.2917064130306244
3020,9,44,0.27852943539619446
3021,9,45,0.35392338037490845
3022,9,46,0.27041852474212646
3023,9,47,0.40136900544166565
3024,9,48,0.29899880290031433
3025,9,49,0.3517402410507202
3026,9,50,0.2950761616230011
3027,9,51,0.3532048761844635
3028,9,52,0.34082791209220886
3029,9,53,0.3305731415748596
3030,9,54,0.35686439275741577
3031,9,55,0.3777281939983368
3032,9,56,0.3688468337059021
3033,9,57,0.25895804166793823
3034,9,58,0.2681603729724884
3035,9,59,0.33836814761161804
3036,9,60,0.39355725049972534
3037,9,61,0.2662406265735626
3038,9,62,0.26281267404556274
3039,9,63,0.3159918189048767
3040,9,64,0.35056599974632263
3041,9,65,0.335927277803421
3042,9,66,0.3911351263523102
3043,9,67,0.30737289786338806
3044,9,68,0.36655348539352417
3045,9,69,0.38447409868240356
3046,9,70,0.33036506175994873
3047,9,71,0.2737351059913635
3048,9,72,0.32565051317214966
3049,9,73,0.32008519768714905
3050,9,74,0.29264408349990845
3051,9,75,0.30419614911079407
3052,9,76,0.2959144115447998
3053,9,77,0.3414982855319977
3054,9,78,0.3267429769039154
3055,9,79,0.38534870743751526
3056,9,80,0.3439578115940094
3057,9,81,0.3368564248085022
3058,9,82,0.37883052229881287
3059,9,83,0.26850032806396484
3060,9,84,0.3588874936103821
3061,9,85,0.42673259973526
3062,9,86,0.27235421538352966
3063,9,87,0.30324020981788635
3064,9,88,0.39793187379837036
3065,9,89,0.2984998822212219
3066,9,90,0.28617164492607117
3067,9,91,0.3884078562259674
3068,9,92,0.279371440410614
3069,9,93,0.3831591010093689
3070,9,94,0.35439690947532654
3071,9,95,0.4287874102592468
3072,9,96,0.3603462874889374
3073,9,97,0.35900306701660156
3074,9,98,0.2955029606819153
3075,9,99,0.31949523091316223
3076,9,100,0.2767394483089447
3077,9,101,0.30637064576148987
3078,9,102,0.31355515122413635
3079,9,103,0.2681068778038025
3080,9,104,0.30269670486450195
3081,9,105,0.32590141892433167
3082,9,106,0.2502132058143616
3083,9,107,0.3178066313266754
3084,9,108,0.3159351348876953
3085,9,109,0.2902413606643677
3086,9,110,0.4490884840488434
3087,9,111,0.3020869195461273
3088,9,112,0.3186785578727722
3089,9,113,0.3072997033596039
3090,9,114,0.30509963631629944
3091,9,115,0.31745028495788574
3092,9,116,0.25971415638923645
3093,9,117,0.27591800689697266
3094,9,118,0.2911929190158844
3095,9,119,0.38531970977783203
3096,9,120,0.27277326583862305
3097,9,121,0.26067623496055603
3098,9,122,0.340151309967041
3099,9,123,0.6894725561141968
3100,9,124,0.34713858366012573
3101,9,125,0.24024522304534912
3102,9,126,0.2864926755428314
3103,9,127,0.36860933899879456
3104,9,128,0.3054393529891968
3105,9,129,0.3066198229789734
3106,9,130,0.32988232374191284
3107,9,131,0.2795920968055725
3108,9,132,0.3528631329536438
3109,9,133,0.2917000651359558
3110,9,134,0.4586809277534485
3111,9,135,1.0583486557006836
3112,9,136,0.2520926296710968
3113,9,137,0.3130378723144531
3114,9,138,0.2840527594089508
3115,9,139,0.3190130293369293
3116,9,140,0.33708125352859497
3117,9,141,0.3118985891342163
3118,9,142,0.34883299469947815
3119,9,143,0.3741295635700226
3120,9,144,0.383301317691803
3121,9,145,0.3089730143547058
3122,9,146,0.40668240189552307
3123,9,147,0.27192237973213196
3124,9,148,0.3010227680206299
3125,9,149,0.310990571975708
3126,9,150,0.27622079849243164
3127,9,151,0.3831351697444916
3128,9,152,0.346903920173645
3129,9,153,0.3057747185230255
3130,9,154,0.2887060046195984
3131,9,155,0.33339250087738037
3132,9,156,0.3347616195678711
3133,9,157,0.36727261543273926
3134,9,158,0.2764989733695984
3135,9,159,0.3262334167957306
3136,9,160,0.27952492237091064
3137,9,161,0.367634654045105
3138,9,162,0.681267261505127
3139,9,163,0.27130740880966187
3140,9,164,0.3408850431442261
3141,9,165,0.32120078802108765
3142,9,166,0.5945044159889221
3143,9,167,0.4355994164943695
3144,9,168,0.5134605765342712
3145,9,169,0.2608194947242737
3146,9,170,0.24993757903575897
3147,9,171,0.2692599594593048
3148,9,172,0.3062574863433838
3149,9,173,0.33504578471183777
3150,9,174,0.36263900995254517
3151,9,175,0.2656072974205017
3152,9,176,0.3103727698326111
3153,9,177,0.30152636766433716
3154,9,178,0.3868812322616577
3155,9,179,0.31149595975875854
3156,9,180,0.2860252261161804
3157,9,181,0.3244653046131134
3158,9,182,0.22747273743152618
3159,9,183,0.29434528946876526
3160,9,184,0.2916046380996704
3161,9,185,0.3383811116218567
3162,9,186,0.33133837580680847
3163,9,187,0.30734503269195557
3164,9,188,0.4434489607810974
3165,9,189,0.5905512571334839
3166,9,190,0.36485999822616577
3167,9,191,0.3042907118797302
3168,9,192,0.26719027757644653
3169,9,193,0.23653407394886017
3170,9,194,0.45561426877975464
3171,9,195,0.47148481011390686
3172,9,196,0.2648138999938965
3173,9,197,0.3579929769039154
3174,9,198,0.3069576323032379
3175,9,199,0.3597732484340668
3176,9,200,0.32956069707870483
3177,9,201,0.4587883949279785
3178,9,202,0.3890915513038635
3179,9,203,0.29976990818977356
3180,9,204,0.29710036516189575
3181,9,205,0.4097183644771576
3182,9,206,0.25919514894485474
3183,9,207,0.2736165523529053
3184,9,208,0.25184959173202515
3185,9,209,0.3227471709251404
3186,9,210,0.3211894631385803
3187,9,211,0.37135639786720276
3188,9,212,0.638731837272644
3189,9,213,0.29773372411727905
3190,9,214,0.3382847309112549
3191,9,215,0.27054718136787415
3192,9,216,0.3926407992839813
3193,9,217,0.3675228953361511
3194,9,218,0.3425726294517517
3195,9,219,0.33585742115974426
3196,9,220,0.28228461742401123
3197,9,221,0.27790701389312744
3198,9,222,0.32092493772506714
3199,9,223,0.49145030975341797
3200,9,224,0.26513513922691345
3201,9,225,0.3082452118396759
3202,9,226,0.4595717787742615
3203,9,227,0.6010574102401733
3204,9,228,0.34023135900497437
3205,9,229,0.47053828835487366
3206,9,230,0.37454646825790405
3207,9,231,0.28883546590805054
3208,9,232,0.29915061593055725
3209,9,233,0.3991667330265045
3210,9,234,0.32656869292259216
3211,9,235,0.3385540544986725
3212,9,236,0.2867107689380646
3213,9,237,0.3076537549495697
3214,9,238,0.32759541273117065
3215,9,239,0.27972888946533203
3216,9,240,0.30097323656082153
3217,9,241,0.3047797381877899
3218,9,242,0.33273473381996155
3219,9,243,0.39991849660873413
3220,9,244,0.26409345865249634
3221,9,245,0.28405314683914185
3222,9,246,0.30279970169067383
3223,9,247,0.3669942021369934
3224,9,248,0.2753239870071411
3225,9,249,0.26719242334365845
3226,9,250,0.30768021941185
3227,9,251,0.29999595880508423
3228,9,252,0.30636364221572876
3229,9,253,0.24728238582611084
3230,9,254,0.31902915239334106
3231,9,255,0.3297039866447449
3232,9,256,0.3265560567378998
3233,9,257,0.3564755320549011
3234,9,258,0.3088051676750183
3235,9,259,0.23197431862354279
3236,9,260,0.3194144368171692
3237,9,261,0.2865561842918396
3238,9,262,0.3078359067440033
3239,9,263,0.30386000871658325
3240,9,264,0.46766310930252075
3241,9,265,0.3957229554653168
3242,9,266,0.33459293842315674
3243,9,267,0.3363500237464905
3244,9,268,0.2910515069961548
3245,9,269,0.2621326148509979
3246,9,270,0.3053963780403137
3247,9,271,0.30542778968811035
3248,9,272,0.29527708888053894
3249,9,273,0.3424392342567444
3250,9,274,0.5136115550994873
3251,9,275,0.40898194909095764
3252,9,276,0.3577952980995178
3253,9,277,0.3498011529445648
3254,9,278,0.2648699879646301
3255,9,279,0.29259192943573
3256,9,280,0.35099977254867554
3257,9,281,0.3525731563568115
3258,9,282,0.2850758135318756
3259,9,283,0.28410404920578003
3260,9,284,0.3267372250556946
3261,9,285,0.6815654039382935
3262,9,286,0.4510326385498047
3263,9,287,0.2983132004737854
3264,9,288,0.3037090003490448
3265,9,289,0.38632863759994507
3266,9,290,0.4400719106197357
3267,9,291,0.4003636837005615
3268,9,292,0.28029921650886536
3269,9,293,0.4185822606086731
3270,9,294,0.29696545004844666
3271,9,295,0.30337876081466675
3272,9,296,0.3875039219856262
3273,9,297,0.2612122595310211
3274,9,298,0.30318203568458557
3275,9,299,0.3319516181945801
3276,9,300,0.3337517976760864
3277,9,301,0.2871725559234619
3278,9,302,0.26080745458602905
3279,9,303,0.31093764305114746
3280,9,304,0.31252938508987427
3281,9,305,0.4426167607307434
3282,9,306,0.2605610489845276
3283,9,307,0.3165934979915619
3284,9,308,0.251481294631958
3285,9,309,0.764639675617218
3286,9,310,0.35009700059890747
3287,9,311,0.3211103081703186
3288,9,312,0.3750973045825958
3289,9,313,0.28279048204421997
3290,9,314,0.3330895006656647
3291,9,315,0.25005701184272766
3292,9,316,0.31811434030532837
3293,9,317,0.39185255765914917
3294,9,318,0.29737791419029236
3295,9,319,0.258857786655426
3296,9,320,0.4396904408931732
3297,9,321,0.3386072516441345
3298,9,322,0.3060450553894043
3299,9,323,0.3609011769294739
3300,9,324,0.329607754945755
3301,9,325,0.3085416853427887
3302,9,326,0.2723373770713806
3303,9,327,0.2936866283416748
3304,9,328,0.2915056347846985
3305,9,329,0.36806100606918335
3306,9,330,0.3014754056930542
3307,9,331,0.30517902970314026
3308,9,332,0.3405662178993225
3309,9,333,0.3067381978034973
3310,9,334,0.3969368636608124
3311,9,335,0.2545088231563568
3312,9,336,0.2394164800643921
3313,9,337,0.26809340715408325
3314,9,338,0.4680511951446533
3315,9,339,0.3107622265815735
3316,9,340,0.38617056608200073
3317,9,341,0.29347971081733704
3318,9,342,0.39665573835372925
3319,9,343,0.25581586360931396
3320,9,344,0.32468438148498535
3321,9,345,0.301933228969574
3322,9,346,0.6946690082550049
3323,9,347,0.4265154302120209
3324,9,348,0.29261213541030884
3325,9,349,0.25805366039276123
3326,9,350,0.2583222985267639
3327,9,351,0.35098880529403687
3328,9,352,0.3386138379573822
3329,9,353,0.3011343777179718
3330,9,354,0.3183273375034332
3331,9,355,0.31182050704956055
3332,9,356,0.3037329912185669
3333,9,357,0.30503880977630615
3334,9,358,0.3035324811935425
3335,9,359,0.31077343225479126
3336,9,360,0.3081569969654083
3337,9,361,0.3402910828590393
3338,9,362,0.2535441517829895
3339,9,363,0.3660952150821686
3340,9,364,0.26425811648368835
3341,9,365,0.2382241189479828
3342,9,366,0.33090370893478394
3343,9,367,0.33459869027137756
3344,9,368,0.2644592821598053
3345,9,369,0.3688369691371918
3346,9,370,0.34912461042404175
3347,9,371,0.35284918546676636
3348,9,372,0.3719058334827423
3349,10,1,0.3644709587097168
3350,10,2,0.2752322256565094
3351,10,3,0.38489624857902527
3352,10,4,0.29779642820358276
3353,10,5,0.3060199022293091
3354,10,6,0.511030912399292
3355,10,7,0.30354541540145874
3356,10,8,0.24952800571918488
3357,10,9,0.30859610438346863
3358,10,10,0.3249827027320862
3359,10,11,0.2833290994167328
3360,10,12,0.3080115020275116
3361,10,13,0.23059633374214172
3362,10,14,0.3060663938522339
3363,10,15,0.2799164950847626
3364,10,16,0.2610416114330292
3365,10,17,0.29498597979545593
3366,10,18,0.3552461564540863
3367,10,19,0.3054354190826416
3368,10,20,0.35797959566116333
3369,10,21,0.2630715072154999
3370,10,22,0.32835790514945984
3371,10,23,0.355225145816803
3372,10,24,0.36123329401016235
3373,10,25,0.32759127020835876
3374,10,26,0.28480786085128784
3375,10,27,0.441068172454834
3376,10,28,0.3533342480659485
3377,10,29,0.29406169056892395
3378,10,30,0.2715221643447876
3379,10,31,0.3416330814361572
3380,10,32,0.4015539288520813
3381,10,33,0.3200577199459076
3382,10,34,0.31198006868362427
3383,10,35,0.35213804244995117
3384,10,36,0.25620460510253906
3385,10,37,0.31171321868896484
3386,10,38,0.2915155291557312
3387,10,39,0.3134427070617676
3388,10,40,0.4800620973110199
3389,10,41,0.3561829924583435
3390,10,42,0.3042054772377014
3391,10,43,0.30151262879371643
3392,10,44,0.23041117191314697
3393,10,45,0.36960068345069885
3394,10,46,0.2803637981414795
3395,10,47,0.3120774030685425
3396,10,48,0.2550686001777649
3397,10,49,0.3165434002876282
3398,10,50,0.37032386660575867
3399,10,51,0.40146613121032715
3400,10,52,0.23902931809425354
3401,10,53,0.2583230137825012
3402,10,54,0.3050669729709625
3403,10,55,0.22683139145374298
3404,10,56,0.3168272376060486
3405,10,57,0.28593748807907104
3406,10,58,0.29497984051704407
3407,10,59,0.3422988951206207
3408,10,60,0.3826434910297394
3409,10,61,0.3622477650642395
3410,10,62,0.43404993414878845
3411,10,63,0.38605400919914246
3412,10,64,0.275479257106781
3413,10,65,0.4420537054538727
3414,10,66,0.3147697448730469
3415,10,67,0.33533573150634766
3416,10,68,0.2526302635669708
3417,10,69,0.2742472290992737
3418,10,70,0.2566642165184021
3419,10,71,0.34712716937065125
3420,10,72,0.21676114201545715
3421,10,73,0.2895541787147522
3422,10,74,0.6138337850570679
3423,10,75,0.29892024397850037
3424,10,76,0.5095450282096863
3425,10,77,0.3097284734249115
3426,10,78,0.30411165952682495
3427,10,79,0.3387969136238098
3428,10,80,0.30864280462265015
3429,10,81,0.3114839196205139
3430,10,82,0.3545383810997009
3431,10,83,0.28767186403274536
3432,10,84,0.23460161685943604
3433,10,85,0.24322840571403503
3434,10,86,0.2526302635669708
3435,10,87,0.2365417778491974
3436,10,88,0.29680150747299194
3437,10,89,0.3244130611419678
3438,10,90,0.341816246509552
3439,10,91,0.2672279477119446
3440,10,92,0.24828505516052246
3441,10,93,0.18732400238513947
3442,10,94,0.40209755301475525
3443,10,95,0.32214266061782837
3444,10,96,0.2576104402542114
3445,10,97,0.4095314145088196
3446,10,98,0.237849622964859
3447,10,99,0.31935495138168335
3448,10,100,0.23328526318073273
3449,10,101,0.468660831451416
3450,10,102,0.33457571268081665
3451,10,103,0.3263055682182312
3452,10,104,0.27707886695861816
3453,10,105,0.29793867468833923
3454,10,106,0.23079058527946472
3455,10,107,0.32036906480789185
3456,10,108,0.23827096819877625
3457,10,109,0.2493724822998047
3458,10,110,0.3072689175605774
3459,10,111,0.26617446541786194
3460,10,112,0.31684547662734985
3461,10,113,0.2626226544380188
3462,10,114,0.3084445595741272
3463,10,115,0.2999579608440399
3464,10,116,0.31669726967811584
3465,10,117,0.333190381526947
3466,10,118,0.30760762095451355
3467,10,119,0.2600523829460144
3468,10,120,0.3214678168296814
3469,10,121,0.28109675645828247
3470,10,122,0.24828585982322693
3471,10,123,0.358061283826828
3472,10,124,0.3244442343711853
3473,10,125,0.303368479013443
3474,10,126,0.2797418534755707
3475,10,127,0.25249820947647095
3476,10,128,0.3817635178565979
3477,10,129,0.2533482611179352
3478,10,130,0.24583633244037628
3479,10,131,0.23896531760692596
3480,10,132,0.26644495129585266
3481,10,133,0.27958306670188904
3482,10,134,0.23997588455677032
3483,10,135,0.3270699679851532
3484,10,136,0.3100953996181488
3485,10,137,0.319492369890213
3486,10,138,0.25106334686279297
3487,10,139,0.419180691242218
3488,10,140,0.33073559403419495
3489,10,141,0.3004334568977356
3490,10,142,0.32789358496665955
3491,10,143,0.31017398834228516
3492,10,144,0.2399458885192871
3493,10,145,0.3951415419578552
3494,10,146,0.3474230170249939
3495,10,147,0.31840991973876953
3496,10,148,0.3745587170124054
3497,10,149,0.2754901051521301
3498,10,150,0.283791720867157
3499,10,151,0.3173457980155945
3500,10,152,0.28187131881713867
3501,10,153,0.2571852207183838
3502,10,154,0.267475426197052
3503,10,155,0.23585279285907745
3504,10,156,0.2990483045578003
3505,10,157,0.35333389043807983
3506,10,158,0.2685580849647522
3507,10,159,0.3207525908946991
3508,10,160,0.25126245617866516
3509,10,161,0.2707672715187073
3510,10,162,0.25335970520973206
3511,10,163,0.2986317276954651
3512,10,164,0.27347949147224426
3513,10,165,0.38773688673973083
3514,10,166,0.27056950330734253
3515,10,167,0.36959078907966614
3516,10,168,0.3588486611843109
3517,10,169,0.33688148856163025
3518,10,170,0.30213552713394165
3519,10,171,0.27551305294036865
3520,10,172,0.23178920149803162
3521,10,173,0.38329535722732544
3522,10,174,0.2803007662296295
3523,10,175,0.4108738303184509
3524,10,176,0.28006961941719055
3525,10,177,0.4283994138240814
3526,10,178,0.3148091435432434
3527,10,179,0.3502059578895569
3528,10,180,0.26043200492858887
3529,10,181,0.32706254720687866
3530,10,182,0.27061280608177185
3531,10,183,0.3263174593448639
3532,10,184,0.29354047775268555
3533,10,185,0.26522812247276306
3534,10,186,0.30465343594551086
3535,10,187,0.24573108553886414
3536,10,188,0.4014747738838196
3537,10,189,0.34375661611557007
3538,10,190,0.2601704001426697
3539,10,191,0.31132152676582336
3540,10,192,0.40681585669517517
3541,10,193,0.29304957389831543
3542,10,194,0.25156959891319275
3543,10,195,0.31191617250442505
3544,10,196,0.35747241973876953
3545,10,197,0.2386612594127655
3546,10,198,0.33555305004119873
3547,10,199,0.3020743727684021
3548,10,200,0.6500155925750732
3549,10,201,0.23303458094596863
3550,10,202,0.3707716464996338
3551,10,203,0.3022337853908539
3552,10,204,0.6170663237571716
3553,10,205,0.30796223878860474
3554,10,206,0.25591617822647095
3555,10,207,0.2537982165813446
3556,10,208,0.3231194317340851
3557,10,209,0.40167561173439026
3558,10,210,0.33973175287246704
3559,10,211,0.2933333218097687
3560,10,212,0.30935150384902954
3561,10,213,0.3370642066001892
3562,10,214,0.30062443017959595
3563,10,215,0.2932245135307312
3564,10,216,0.4673677384853363
3565,10,217,0.35658714175224304
3566,10,218,0.31747114658355713
3567,10,219,0.35202670097351074
3568,10,220,0.25481483340263367
3569,10,221,0.3081299066543579
3570,10,222,0.3052181899547577
3571,10,223,0.33834704756736755
3572,10,224,0.25421974062919617
3573,10,225,0.2898123860359192
3574,10,226,0.3480765223503113
3575,10,227,0.2890714406967163
3576,10,228,0.35998600721359253
3577,10,229,0.20904850959777832
3578,10,230,0.30402278900146484
3579,10,231,0.26147401332855225
3580,10,232,0.26142337918281555
3581,10,233,0.3554019033908844
3582,10,234,0.2241298258304596
3583,10,235,0.23596243560314178
3584,10,236,0.7075393199920654
3585,10,237,0.24702253937721252
3586,10,238,0.2977556586265564
3587,10,239,0.3000263571739197
3588,10,240,0.4688252806663513
3589,10,241,0.2937263250350952
3590,10,242,0.30360323190689087
3591,10,243,0.27591800689697266
3592,10,244,0.34233903884887695
3593,10,245,0.23736074566841125
3594,10,246,0.2882942855358124
3595,10,247,0.3322904407978058
3596,10,248,0.26856932044029236
3597,10,249,0.3135492503643036
3598,10,250,0.25955069065093994
3599,10,251,0.2362915575504303
3600,10,252,0.358416885137558
3601,10,253,0.2856959402561188
3602,10,254,0.27455031871795654
3603,10,255,0.4222796559333801
3604,10,256,0.6195647716522217
3605,10,257,0.3062213361263275
3606,10,258,0.3439333140850067
3607,10,259,0.31132304668426514
3608,10,260,0.2777074873447418
3609,10,261,0.24618056416511536
3610,10,262,0.2808681130409241
3611,10,263,0.33529162406921387
3612,10,264,0.6017540693283081
3613,10,265,0.31006452441215515
3614,10,266,0.2118276059627533
3615,10,267,0.32406148314476013
3616,10,268,0.31132516264915466
3617,10,269,0.42328137159347534
3618,10,270,0.2807573676109314
3619,10,271,0.2610461115837097
3620,10,272,0.22028477489948273
3621,10,273,0.3996235132217407
3622,10,274,0.48816338181495667
3623,10,275,0.25824597477912903
3624,10,276,0.3038254678249359
3625,10,277,0.3764072060585022
3626,10,278,0.19419068098068237
3627,10,279,0.3349579870700836
3628,10,280,0.37335366010665894
3629,10,281,0.3489319086074829
3630,10,282,0.2966633141040802
3631,10,283,0.37194904685020447
3632,10,284,0.23421576619148254
3633,10,285,0.3492371141910553
3634,10,286,0.3306976556777954
3635,10,287,0.3579123914241791
3636,10,288,0.31661027669906616
3637,10,289,0.2479291409254074
3638,10,290,0.2475108653306961
3639,10,291,0.23379138112068176
3640,10,292,0.3654646873474121
3641,10,293,0.2853240966796875
3642,10,294,0.25154003500938416
3643,10,295,0.2968176305294037
3644,10,296,0.34302571415901184
3645,10,297,0.24493317306041718
3646,10,298,0.382396399974823
3647,10,299,0.22289404273033142
3648,10,300,0.27854615449905396
3649,10,301,0.34571966528892517
3650,10,302,0.23840609192848206
3651,10,303,0.35983556509017944
3652,10,304,0.27988848090171814
3653,10,305,0.27866053581237793
3654,10,306,0.2669251561164856
3655,10,307,0.2943950593471527
3656,10,308,0.3127403259277344
3657,10,309,0.299981951713562
3658,10,310,0.33504873514175415
3659,10,311,0.31095993518829346
3660,10,312,0.34161630272865295
3661,10,313,0.26535987854003906
3662,10,314,0.2715662121772766
3663,10,315,0.2512231171131134
3664,10,316,0.2794261872768402
3665,10,317,0.30152028799057007
3666,10,318,0.3308507800102234
3667,10,319,0.26123619079589844
3668,10,320,0.29412534832954407
3669,10,321,0.3215735852718353
3670,10,322,0.3064969778060913
3671,10,323,0.3748307228088379
3672,10,324,0.18931171298027039
3673,10,325,0.22565129399299622
3674,10,326,0.26962077617645264
3675,10,327,0.7960865497589111
3676,10,328,0.31603217124938965
3677,10,329,0.30534878373146057
3678,10,330,0.2612503170967102
3679,10,331,0.33908674120903015
3680,10,332,0.229412242770195
3681,10,333,0.37626680731773376
3682,10,334,0.2574148178100586
3683,10,335,0.27117031812667847
3684,10,336,0.26964467763900757
3685,10,337,0.30214935541152954
3686,10,338,0.2588321268558502
3687,10,339,0.44775885343551636
3688,10,340,0.3125135898590088
3689,10,341,0.6468884944915771
3690,10,342,0.3133818507194519
3691,10,343,0.25506556034088135
3692,10,344,0.21418869495391846
3693,10,345,0.31600743532180786
3694,10,346,0.3102668225765228
3695,10,347,0.25438204407691956
3696,10,348,0.286327600479126
3697,10,349,0.3118407130241394
3698,10,350,0.3134628236293793
3699,10,351,0.21122057735919952
3700,10,352,0.2731250524520874
3701,10,353,0.2645115554332733
3702,10,354,0.24236945807933807
3703,10,355,0.2907768785953522
3704,10,356,0.30630287528038025
3705,10,357,0.27446621656417847
3706,10,358,0.6134616732597351
3707,10,359,0.26614290475845337
3708,10,360,0.27076229453086853
3709,10,361,0.287788987159729
3710,10,362,0.30843842029571533
3711,10,363,0.3000626266002655
3712,10,364,0.6676557660102844
3713,10,365,0.24146385490894318
3714,10,366,0.2927490770816803
3715,10,367,0.30486929416656494
3716,10,368,0.2616121768951416
3717,10,369,0.6196992993354797
3718,10,370,0.4204786717891693
3719,10,371,0.24801671504974365
3720,10,372,0.30603983998298645
3721,11,1,0.3839993476867676
3722,11,2,0.6276085376739502
3723,11,3,0.23412556946277618
3724,11,4,0.26343247294425964
3725,11,5,0.3410571813583374
3726,11,6,0.2752522826194763
3727,11,7,0.2559935450553894
3728,11,8,0.30006009340286255
3729,11,9,0.25126364827156067
3730,11,10,0.2968817353248596
3731,11,11,0.2783358693122864
3732,11,12,0.2987422049045563
3733,11,13,0.2348242700099945
3734,11,14,0.7492810487747192
3735,11,15,0.3161168098449707
3736,11,16,0.3176596164703369
3737,11,17,0.2947915494441986
3738,11,18,0.30449777841567993
3739,11,19,0.37664252519607544
3740,11,20,0.3132801651954651
3741,11,21,0.3194984495639801
3742,11,22,0.2731491029262543
3743,11,23,0.28726726770401
3744,11,24,0.2932615578174591
3745,11,25,0.32451921701431274
3746,11,26,0.367779403924942
3747,11,27,0.41149911284446716
3748,11,28,0.34257328510284424
3749,11,29,0.26936882734298706
3750,11,30,0.2834797501564026
3751,11,31,0.3253963589668274
3752,11,32,0.26209452748298645
3753,11,33,0.24695296585559845
3754,11,34,0.3116319477558136
3755,11,35,0.39600831270217896
3756,11,36,0.3221070468425751
3757,11,37,0.36308467388153076
3758,11,38,0.4019702970981598
3759,11,39,0.3133224546909332
3760,11,40,0.652263343334198
3761,11,41,0.3128838539123535
3762,11,42,0.3281266391277313
3763,11,43,0.7037823796272278
3764,11,44,0.4202956259250641
3765,11,45,0.5397558212280273
3766,11,46,0.35477930307388306
3767,11,47,0.4012511670589447
3768,11,48,0.33367592096328735
3769,11,49,0.22495655715465546
3770,11,50,0.3114163875579834
3771,11,51,0.347404420375824
3772,11,52,0.4811055064201355
3773,11,53,0.3498079180717468
3774,11,54,0.29343554377555847
3775,11,55,0.3069007396697998
3776,11,56,0.40976595878601074
3777,11,57,0.5100991129875183
3778,11,58,0.3310602307319641
3779,11,59,0.3297053575515747
3780,11,60,0.2730933725833893
3781,11,61,0.37169039249420166
3782,11,62,0.3629631996154785
3783,11,63,0.38684406876564026
3784,11,64,0.318131685256958
3785,11,65,0.29536518454551697
3786,11,66,0.2913993299007416
3787,11,67,0.5781051516532898
3788,11,68,0.2695768475532532
3789,11,69,0.2578265368938446
3790,11,70,0.39676427841186523
3791,11,71,0.2875266969203949
3792,11,72,0.28895723819732666
3793,11,73,0.3517611622810364
3794,11,74,0.3356793522834778
3795,11,75,0.306965172290802
3796,11,76,0.2841225862503052
3797,11,77,0.28291213512420654
3798,11,78,0.2698938250541687
3799,11,79,0.3282044529914856
3800,11,80,0.26457479596138
3801,11,81,0.3307276666164398
3802,11,82,0.2387264221906662
3803,11,83,0.42096835374832153
3804,11,84,0.2861921489238739
3805,11,85,0.272113174200058
3806,11,86,0.283974826335907
3807,11,87,0.29069679975509644
3808,11,88,0.3672791123390198
3809,11,89,0.2393268644809723
3810,11,90,0.2690429389476776
3811,11,91,0.2563534379005432
3812,11,92,0.24191443622112274
3813,11,93,0.3223262131214142
3814,11,94,0.2768491208553314
3815,11,95,0.38624832034111023
3816,11,96,0.2753629684448242
3817,11,97,0.32310500741004944
3818,11,98,0.2879229784011841
3819,11,99,0.26008036732673645
3820,11,100,0.277110755443573
3821,11,101,0.26968520879745483
3822,11,102,0.2809583842754364
3823,11,103,0.29458555579185486
3824,11,104,0.3596559762954712
3825,11,105,0.32912689447402954
3826,11,106,0.2768888473510742
3827,11,107,0.3122703433036804
3828,11,108,0.3058158755302429
3829,11,109,0.28933316469192505
3830,11,110,0.2638745605945587
3831,11,111,0.2662404775619507
3832,11,112,0.39478960633277893
3833,11,113,0.2518896758556366
3834,11,114,0.2623869478702545
3835,11,115,0.28357183933258057
3836,11,116,0.22815506160259247
3837,11,117,0.2912406623363495
3838,11,118,0.25454533100128174
3839,11,119,0.2480720728635788
3840,11,120,0.3074074685573578
3841,11,121,0.26831361651420593
3842,11,122,0.37234044075012207
3843,11,123,0.32471033930778503
3844,11,124,0.279446542263031
3845,11,125,0.2568666338920593
3846,11,126,0.2595348358154297
3847,11,127,0.4031699299812317
3848,11,128,0.31255704164505005
3849,11,129,0.2849312424659729
3850,11,130,0.39514920115470886
3851,11,131,0.4161205291748047
3852,11,132,0.35299861431121826
3853,11,133,0.26965320110321045
3854,11,134,0.2840654253959656
3855,11,135,0.35695144534111023
3856,11,136,0.32881438732147217
3857,11,137,0.3325793147087097
3858,11,138,0.2345285415649414
3859,11,139,0.3433978259563446
3860,11,140,0.30701926350593567
3861,11,141,0.4188545346260071
3862,11,142,0.2673446536064148
3863,11,143,0.5370532274246216
3864,11,144,0.2761493921279907
3865,11,145,0.40601906180381775
3866,11,146,0.2620859742164612
3867,11,147,0.2711363732814789
3868,11,148,0.2129226177930832
3869,11,149,0.258682519197464
3870,11,150,0.4424000382423401
3871,11,151,0.31861111521720886
3872,11,152,0.27921420335769653
3873,11,153,0.3534049689769745
3874,11,154,0.26378029584884644
3875,11,155,0.30012765526771545
3876,11,156,0.2879883348941803
3877,11,157,0.2631569802761078
3878,11,158,0.2944336533546448
3879,11,159,0.3284258544445038
3880,11,160,0.325999915599823
3881,11,161,0.34135037660598755
3882,11,162,0.6082284450531006
3883,11,163,0.27474337816238403
3884,11,164,0.21921424567699432
3885,11,165,0.2953822910785675
3886,11,166,0.199728861451149
3887,11,167,0.46690163016319275
3888,11,168,0.27619287371635437
3889,11,169,0.291838139295578
3890,11,170,0.2815660536289215
3891,11,171,0.31141340732574463
3892,11,172,0.2613866627216339
3893,11,173,0.3211830258369446
3894,11,174,0.3169235289096832
3895,11,175,0.24238495528697968
3896,11,176,0.3105650246143341
3897,11,177,0.2909359931945801
3898,11,178,0.3396369516849518
3899,11,179,0.3855023980140686
3900,11,180,0.2887713313102722
3901,11,181,0.2833893895149231
3902,11,182,0.22428400814533234
3903,11,183,0.24157002568244934
3904,11,184,0.30468863248825073
3905,11,185,0.35594967007637024
3906,11,186,0.39206117391586304
3907,11,187,0.28550243377685547
3908,11,188,0.252998024225235
3909,11,189,0.32165807485580444
3910,11,190,0.2671550214290619
3911,11,191,0.336873859167099
3912,11,192,0.29604870080947876
3913,11,193,0.27302807569503784
3914,11,194,0.33250802755355835
3915,11,195,0.28461262583732605
3916,11,196,0.25921180844306946
3917,11,197,0.22171561419963837
3918,11,198,0.33236947655677795
3919,11,199,0.32533758878707886
3920,11,200,0.3081967234611511
3921,11,201,0.25946974754333496
3922,11,202,0.26305943727493286
3923,11,203,0.3089655041694641
3924,11,204,0.22722415626049042
3925,11,205,0.2718998193740845
3926,11,206,0.6279191374778748
3927,11,207,0.2187228500843048
3928,11,208,0.3927401602268219
3929,11,209,0.22562730312347412
3930,11,210,0.2844688892364502
3931,11,211,0.3406222462654114
3932,11,212,0.32600539922714233
3933,11,213,0.20892997086048126
3934,11,214,0.3993130326271057
3935,11,215,0.2911517024040222
3936,11,216,0.3002760112285614
3937,11,217,0.28091007471084595
3938,11,218,0.3993683457374573
3939,11,219,0.22887122631072998
3940,11,220,0.32255426049232483
3941,11,221,0.40418046712875366
3942,11,222,0.25303584337234497
3943,11,223,0.24311375617980957
3944,11,224,0.3379196226596832
3945,11,225,0.3004288971424103
3946,11,226,0.4251996874809265
3947,11,227,0.24521629512310028
3948,11,228,0.6136958003044128
3949,11,229,0.2399950474500656
3950,11,230,0.3068220019340515
3951,11,231,0.1969788372516632
3952,11,232,0.30308470129966736
3953,11,233,0.3159326910972595
3954,11,234,0.34335118532180786
3955,11,235,0.18435931205749512
3956,11,236,0.21396832168102264
3957,11,237,0.3217761814594269
3958,11,238,0.3161868155002594
3959,11,239,0.3667166829109192
3960,11,240,0.2719353139400482
3961,11,241,0.3175683617591858
3962,11,242,0.3348565697669983
3963,11,243,0.2383165806531906
3964,11,244,0.23029613494873047
3965,11,245,0.25827035307884216
3966,11,246,0.2918680012226105
3967,11,247,0.2645311653614044
3968,11,248,0.25419682264328003
3969,11,249,0.21827332675457
3970,11,250,0.31780919432640076
3971,11,251,0.2887703776359558
3972,11,252,0.2033900022506714
3973,11,253,0.28757035732269287
3974,11,254,0.22092673182487488
3975,11,255,0.2537078857421875
3976,11,256,0.26084545254707336
3977,11,257,0.26455992460250854
3978,11,258,0.30877238512039185
3979,11,259,0.3909263014793396
3980,11,260,0.2267346829175949
3981,11,261,0.2981218993663788
3982,11,262,0.2407047003507614
3983,11,263,0.6298751831054688
3984,11,264,0.3043173551559448
3985,11,265,0.1925918161869049
3986,11,266,0.31914475560188293
3987,11,267,0.21311445534229279
3988,11,268,0.2067074477672577
3989,11,269,0.35706496238708496
3990,11,270,0.2498844861984253
3991,11,271,0.27361077070236206
3992,11,272,0.3553674817085266
3993,11,273,0.23771214485168457
3994,11,274,0.22566008567810059
3995,11,275,0.3368493914604187
3996,11,276,0.26933783292770386
3997,11,277,0.24915893375873566
3998,11,278,0.2311972826719284
3999,11,279,0.3115878105163574
4000,11,280,0.2821839153766632
4001,11,281,0.26739904284477234
4002,11,282,0.226252943277359
4003,11,283,0.6553902626037598
4004,11,284,0.24501223862171173
4005,11,285,0.30987611413002014
4006,11,286,0.27688196301460266
4007,11,287,0.2584027647972107
4008,11,288,0.30795982480049133
4009,11,289,0.26836538314819336
4010,11,290,0.29560351371765137
4011,11,291,0.2994404137134552
4012,11,292,0.27935874462127686
4013,11,293,0.2547283470630646
4014,11,294,0.24632573127746582
4015,11,295,0.2661328911781311
4016,11,296,0.30421897768974304
4017,11,297,0.27683982253074646
4018,11,298,0.22293689846992493
4019,11,299,0.2535073757171631
4020,11,300,0.24937352538108826
4021,11,301,0.3283810019493103
4022,11,302,0.311515748500824
4023,11,303,0.31630364060401917
4024,11,304,0.2916101813316345
4025,11,305,0.3004114031791687
4026,11,306,0.2611209750175476
4027,11,307,0.523048996925354
4028,11,308,0.31511861085891724
4029,11,309,0.2659298777580261
4030,11,310,0.360173761844635
4031,11,311,0.2591932415962219
4032,11,312,0.28396373987197876
4033,11,313,0.25471100211143494
4034,11,314,0.23909029364585876
4035,11,315,0.2782275676727295
4036,11,316,0.1969422847032547
4037,11,317,0.2514335513114929
4038,11,318,0.29281318187713623
4039,11,319,0.20907750725746155
4040,11,320,0.29121360182762146
4041,11,321,0.2582366168498993
4042,11,322,0.275454580783844
4043,11,323,0.3113504648208618
4044,11,324,0.2985168993473053
4045,11,325,0.24108150601387024
4046,11,326,0.2398063838481903
4047,11,327,0.24983319640159607
4048,11,328,0.45241761207580566
4049,11,329,0.3052312731742859
4050,11,330,0.23794953525066376
4051,11,331,0.2529163062572479
4052,11,332,0.30511608719825745
4053,11,333,0.25676122307777405
4054,11,334,0.33297160267829895
4055,11,335,0.5687775611877441
4056,11,336,0.23098409175872803
4057,11,337,0.3361753225326538
4058,11,338,0.307711660861969
4059,11,339,0.2587015628814697
4060,11,340,0.3295011520385742
4061,11,341,0.3033885359764099
4062,11,342,0.2585981786251068
4063,11,343,0.23671773076057434
4064,11,344,0.27084019780158997
4065,11,345,0.27749907970428467
4066,11,346,0.3022227883338928
4067,11,347,0.29320937395095825
4068,11,348,0.23115845024585724
4069,11,349,0.26574474573135376
4070,11,350,0.3024919033050537
4071,11,351,0.24026688933372498
4072,11,352,0.24985480308532715
4073,11,353,0.2673048973083496
4074,11,354,0.27859824895858765
4075,11,355,0.3228374123573303
4076,11,356,0.2823285460472107
4077,11,357,0.3489838242530823
4078,11,358,0.283710777759552
4079,11,359,0.3319873809814453
4080,11,360,0.2813073694705963
4081,11,361,0.2994951903820038
4082,11,362,0.2362406700849533
4083,11,363,0.3000960648059845
4084,11,364,0.2831777334213257
4085,11,365,0.2001020461320877
4086,11,366,0.2409205436706543
4087,11,367,0.2733992636203766
4088,11,368,0.29645809531211853
4089,11,369,0.2596125304698944
4090,11,370,0.32069072127342224
4091,11,371,0.3438950181007385
4092,11,372,0.2639787495136261
4093,12,1,0.20129284262657166
4094,12,2,0.1977306604385376
4095,12,3,0.2284020632505417
4096,12,4,0.2771050035953522
4097,12,5,0.3453653156757355
4098,12,6,0.22302654385566711
4099,12,7,0.22749260067939758
4100,12,8,0.24585148692131042
4101,12,9,0.29358017444610596
4102,12,10,0.31862062215805054
4103,12,11,0.275967538356781
4104,12,12,0.23996314406394958
4105,12,13,0.2288726270198822
4106,12,14,0.26555347442626953
4107,12,15,0.24295492470264435
4108,12,16,0.25973936915397644
4109,12,17,0.20579740405082703
4110,12,18,0.26040878891944885
4111,12,19,0.3643452823162079
4112,12,20,0.29077696800231934
4113,12,21,0.2176695317029953
4114,12,22,0.22845113277435303
4115,12,23,0.3112215995788574
4116,12,24,0.23375609517097473
4117,12,25,0.2913314402103424
4118,12,26,0.2820640206336975
4119,12,27,0.25619155168533325
4120,12,28,0.2513360381126404
4121,12,29,0.2219299077987671
4122,12,30,0.3241685926914215
4123,12,31,0.2738646864891052
4124,12,32,0.2960703372955322
4125,12,33,0.2680080533027649
4126,12,34,0.32049357891082764
4127,12,35,0.22095999121665955
4128,12,36,0.2448922097682953
4129,12,37,0.30038052797317505
4130,12,38,0.27669697999954224
4131,12,39,0.340974897146225
4132,12,40,0.29533150792121887
4133,12,41,0.2534799575805664
4134,12,42,0.27913621068000793
4135,12,43,0.28863832354545593
4136,12,44,0.24999681115150452
4137,12,45,0.24111738801002502
4138,12,46,0.2194308042526245
4139,12,47,0.5849414467811584
4140,12,48,0.28757187724113464
4141,12,49,0.21753129363059998
4142,12,50,0.2398795634508133
4143,12,51,0.2127961367368698
4144,12,52,0.2881762683391571
4145,12,53,0.24139992892742157
4146,12,54,0.21440160274505615
4147,12,55,0.21275290846824646
4148,12,56,0.21089863777160645
4149,12,57,0.24642610549926758
4150,12,58,0.2242308408021927
4151,12,59,0.30793413519859314
4152,12,60,0.21158497035503387
4153,12,61,0.25144705176353455
4154,12,62,0.28819552063941956
4155,12,63,0.3183303475379944
4156,12,64,0.22034454345703125
4157,12,65,0.2511417269706726
4158,12,66,0.2581852376461029
4159,12,67,0.25397127866744995
4160,12,68,0.25894179940223694
4161,12,69,0.22685153782367706
4162,12,70,0.2466295063495636
4163,12,71,0.276467502117157
4164,12,72,0.2794947326183319
4165,12,73,0.3180328607559204
4166,12,74,0.22581791877746582
4167,12,75,0.19565746188163757
4168,12,76,0.24407418072223663
4169,12,77,0.36590561270713806
4170,12,78,0.276877224445343
4171,12,79,0.31178027391433716
4172,12,80,0.24830453097820282
4173,12,81,0.260627806186676
4174,12,82,0.3244207203388214
4175,12,83,0.25279372930526733
4176,12,84,0.30360937118530273
4177,12,85,0.3116697371006012
4178,12,86,0.41908931732177734
4179,12,87,0.3273202180862427
4180,12,88,0.2290850579738617
4181,12,89,0.3099111020565033
4182,12,90,0.26818162202835083
4183,12,91,0.6505956649780273
4184,12,92,0.5633746385574341
4185,12,93,0.2490285336971283
4186,12,94,0.33395475149154663
4187,12,95,0.26269131898880005
4188,12,96,0.26729443669319153
4189,12,97,0.25219982862472534
4190,12,98,0.2567106783390045
4191,12,99,0.2543850541114807
4192,12,100,0.2680651843547821
4193,12,101,0.30505305528640747
4194,12,102,0.35893288254737854
4195,12,103,0.24447114765644073
4196,12,104,0.25505542755126953
4197,12,105,0.3330429196357727
4198,12,106,0.1959896981716156
4199,12,107,0.20385488867759705
4200,12,108,0.28762418031692505
4201,12,109,0.23381933569908142
4202,12,110,0.2301187813282013
4203,12,111,0.3015008568763733
4204,12,112,0.3073047697544098
4205,12,113,0.2585721015930176
4206,12,114,0.32115915417671204
4207,12,115,0.20249442756175995
4208,12,116,0.603432834148407
4209,12,117,0.22433538734912872
4210,12,118,0.26101383566856384
4211,12,119,0.27164652943611145
4212,12,120,0.23123988509178162
4213,12,121,0.26684966683387756
4214,12,122,0.30681905150413513
4215,12,123,0.2569454312324524
4216,12,124,0.24275755882263184
4217,12,125,0.28345146775245667
4218,12,126,0.24555297195911407
4219,12,127,0.2586188018321991
4220,12,128,0.2522073984146118
4221,12,129,0.20102079212665558
4222,12,130,0.36393919587135315
4223,12,131,0.25594401359558105
4224,12,132,0.3716389238834381
4225,12,133,0.3379576802253723
4226,12,134,0.22260136902332306
4227,12,135,0.6673887968063354
4228,12,136,0.24327349662780762
4229,12,137,0.2908981442451477
4230,12,138,0.287001371383667
4231,12,139,0.24656429886817932
4232,12,140,0.25248223543167114
4233,12,141,0.2531603276729584
4234,12,142,0.24193322658538818
4235,12,143,0.323119193315506
4236,12,144,0.21752986311912537
4237,12,145,0.22611546516418457
4238,12,146,0.22637614607810974
4239,12,147,0.23144130408763885
4240,12,148,0.28576332330703735
4241,12,149,0.2813098430633545
4242,12,150,0.2116629183292389
4243,12,151,0.251272052526474
4244,12,152,0.24906742572784424
4245,12,153,0.24653294682502747
4246,12,154,0.2500220537185669
4247,12,155,0.28091126680374146
4248,12,156,0.26097503304481506
4249,12,157,0.27898380160331726
4250,12,158,0.278644859790802
4251,12,159,0.34119516611099243
4252,12,160,0.25179705023765564
4253,12,161,0.30283570289611816
4254,12,162,0.43761834502220154
4255,12,163,0.2507420480251312
4256,12,164,0.23664574325084686
4257,12,165,0.2772962152957916
4258,12,166,0.5717470049858093
4259,12,167,0.31231603026390076
4260,12,168,0.400878369808197
4261,12,169,0.2514950931072235
4262,12,170,0.26905208826065063
4263,12,171,0.25693386793136597
4264,12,172,0.26657983660697937
4265,12,173,0.27287358045578003
4266,12,174,0.23954620957374573
4267,12,175,0.3143652677536011
4268,12,176,0.1837167888879776
4269,12,177,0.29849666357040405
4270,12,178,0.330456018447876
4271,12,179,0.22965817153453827
4272,12,180,0.34428638219833374
4273,12,181,0.23898935317993164
4274,12,182,0.34688588976860046
4275,12,183,0.26457032561302185
4276,12,184,0.2863544225692749
4277,12,185,0.23558935523033142
4278,12,186,0.19314303994178772
4279,12,187,0.2990606725215912
4280,12,188,0.2154642641544342
4281,12,189,0.21222051978111267
4282,12,190,0.2730122208595276
4283,12,191,0.24834123253822327
4284,12,192,0.24303396046161652
4285,12,193,0.24647685885429382
4286,12,194,0.3278034031391144
4287,12,195,0.2598113417625427
4288,12,196,0.23234868049621582
4289,12,197,0.3201560080051422
4290,12,198,0.21830542385578156
4291,12,199,0.32166555523872375
4292,12,200,0.35674476623535156
4293,12,201,0.218535378575325
4294,12,202,0.490601122379303
4295,12,203,0.2937994599342346
4296,12,204,0.30071350932121277
4297,12,205,0.27003225684165955
4298,12,206,0.31062546372413635
4299,12,207,0.2477300614118576
4300,12,208,0.3175370693206787
4301,12,209,0.22202172875404358
4302,12,210,0.2651979327201843
4303,12,211,0.302595317363739
4304,12,212,0.22361955046653748
4305,12,213,0.2901497483253479
4306,12,214,0.30027469992637634
4307,12,215,0.25036129355430603
4308,12,216,0.3462284505367279
4309,12,217,0.2743525505065918
4310,12,218,0.32403236627578735
4311,12,219,0.2521035075187683
4312,12,220,0.6408844590187073
4313,12,221,0.28317612409591675
4314,12,222,0.3250962793827057
4315,12,223,0.37380945682525635
4316,12,224,0.24567289650440216
4317,12,225,0.2883525788784027
4318,12,226,0.26880407333374023
4319,12,227,0.25752925872802734
4320,12,228,0.31857889890670776
4321,12,229,0.33176153898239136
4322,12,230,0.2680589258670807
4323,12,231,0.2934545874595642
4324,12,232,0.32730063796043396
4325,12,233,0.3809770941734314
4326,12,234,0.325213760137558
4327,12,235,0.3003549873828888
4328,12,236,0.27358683943748474
4329,12,237,0.2726078927516937
4330,12,238,0.21135640144348145
4331,12,239,0.19114035367965698
4332,12,240,0.2962217628955841
4333,12,241,0.23961952328681946
4334,12,242,0.23534901440143585
4335,12,243,0.41248783469200134
4336,12,244,0.23926635086536407
4337,12,245,0.26964259147644043
4338,12,246,0.3356429934501648
4339,12,247,0.2965311110019684
4340,12,248,0.30881044268608093
4341,12,249,0.29200634360313416
4342,12,250,0.23389026522636414
4343,12,251,0.22541360557079315
4344,12,252,0.41426172852516174
4345,12,253,0.3304890990257263
4346,12,254,0.28574174642562866
4347,12,255,0.2806335389614105
4348,12,256,0.3559746742248535
4349,12,257,0.2965559959411621
4350,12,258,0.2508452534675598
4351,12,259,0.2908387780189514
4352,12,260,0.2588197886943817
4353,12,261,0.3263121545314789
4354,12,262,0.34895747900009155
4355,12,263,0.3248334527015686
4356,12,264,0.24673831462860107
4357,12,265,0.31641313433647156
4358,12,266,0.2545612156391144
4359,12,267,0.24060814082622528
4360,12,268,0.2865884304046631
4361,12,269,0.2644537389278412
4362,12,270,0.21013882756233215
4363,12,271,0.31327757239341736
4364,12,272,0.2699940800666809
4365,12,273,0.2677140235900879
4366,12,274,0.28777605295181274
4367,12,275,0.2295888215303421
4368,12,276,0.32100769877433777
4369,12,277,0.28125274181365967
4370,12,278,0.29608121514320374
4371,12,279,0.28192150592803955
4372,12,280,0.2992812693119049
4373,12,281,0.2827455699443817
4374,12,282,0.28847581148147583
4375,12,283,0.23564854264259338
4376,12,284,0.3245476186275482
4377,12,285,0.27838021516799927
4378,12,286,0.2686977684497833
4379,12,287,0.29804712533950806
4380,12,288,0.2967861294746399
4381,12,289,0.3922750651836395
4382,12,290,0.18746733665466309
4383,12,291,0.27259713411331177
4384,12,292,0.2853235602378845
4385,12,293,0.22814829647541046
4386,12,294,0.22991660237312317
4387,12,295,0.26995357871055603
4388,12,296,0.2824178636074066
4389,12,297,0.2693104147911072
4390,12,298,0.42354291677474976
4391,12,299,0.2943872809410095
4392,12,300,0.2735235095024109
4393,12,301,0.270636647939682
4394,12,302,0.24449971318244934
4395,12,303,0.36525100469589233
4396,12,304,0.44724026322364807
4397,12,305,0.29219287633895874
4398,12,306,0.22076764702796936
4399,12,307,0.2980259954929352
4400,12,308,0.4521942734718323
4401,12,309,0.2236618548631668
4402,12,310,0.3959205746650696
4403,12,311,0.3373444974422455
4404,12,312,0.2674140930175781
4405,12,313,0.30280449986457825
4406,12,314,0.3261321783065796
4407,12,315,0.2551591992378235
4408,12,316,0.2572712302207947
4409,12,317,0.26923269033432007
4410,12,318,0.2303875982761383
4411,12,319,0.2819056212902069
4412,12,320,0.2684696912765503
4413,12,321,0.26066258549690247
4414,12,322,0.2593938708305359
4415,12,323,0.24183686077594757
4416,12,324,0.3295598030090332
4417,12,325,0.2782747745513916
4418,12,326,0.27638357877731323
4419,12,327,0.24804949760437012
4420,12,328,0.2426760196685791
4421,12,329,0.27301186323165894
4422,12,330,0.24159923195838928
4423,12,331,0.3478776514530182
4424,12,332,0.25850552320480347
4425,12,333,0.37221667170524597
4426,12,334,0.2360716611146927
4427,12,335,0.24008068442344666
4428,12,336,0.24676482379436493
4429,12,337,0.24194379150867462
4430,12,338,0.1961015909910202
4431,12,339,0.31938162446022034
4432,12,340,0.22702209651470184
4433,12,341,0.24405917525291443
4434,12,342,0.24934367835521698
4435,12,343,0.32694464921951294
4436,12,344,0.2650832235813141
4437,12,345,0.735325038433075
4438,12,346,0.22168366611003876
4439,12,347,0.2819499373435974
4440,12,348,0.43370693922042847
4441,12,349,0.24349352717399597
4442,12,350,0.25314441323280334
4443,12,351,0.36406588554382324
4444,12,352,0.2748359441757202
4445,12,353,0.3410513997077942
4446,12,354,0.33027732372283936
4447,12,355,0.6877550482749939
4448,12,356,0.317349910736084
4449,12,357,0.3648550808429718
4450,12,358,0.2893826365470886
4451,12,359,0.39799147844314575
4452,12,360,0.3327046036720276
4453,12,361,0.25269222259521484
4454,12,362,0.25697630643844604
4455,12,363,0.21509294211864471
4456,12,364,0.6543616652488708
4457,12,365,0.2865332067012787
4458,12,366,0.735031008720398
4459,12,367,0.2332354038953781
4460,12,368,0.2674790620803833
4461,12,369,0.28513509035110474
4462,12,370,0.29418763518333435
4463,12,371,0.30471110343933105
4464,12,372,0.24079132080078125
4465,13,1,0.24334755539894104
4466,13,2,0.24145369231700897
4467,13,3,0.2629777193069458
4468,13,4,0.22784876823425293
4469,13,5,0.24529938399791718
4470,13,6,0.24299637973308563
4471,13,7,0.20996880531311035
4472,13,8,0.2566632330417633
4473,13,9,0.2759130299091339
4474,13,10,0.24775557219982147
4475,13,11,0.314247727394104
4476,13,12,0.35571449995040894
4477,13,13,0.2861365079879761
4478,13,14,0.2170540988445282
4479,13,15,0.2967040538787842
4480,13,16,0.30820077657699585
4481,13,17,0.2512301504611969
4482,13,18,0.28251415491104126
4483,13,19,0.21698816120624542
4484,13,20,0.2806486487388611
4485,13,21,0.25726160407066345
4486,13,22,0.34546467661857605
4487,13,23,0.25817590951919556
4488,13,24,0.7316758632659912
4489,13,25,0.2623952329158783
4490,13,26,0.568622350692749
4491,13,27,0.34998050332069397
4492,13,28,0.26281920075416565
4493,13,29,0.3134084641933441
4494,13,30,0.263896644115448
4495,13,31,0.26450133323669434
4496,13,32,0.2546667456626892
4497,13,33,0.352125346660614
4498,13,34,0.2368299514055252
4499,13,35,0.2427927702665329
4500,13,36,0.2796594500541687
4501,13,37,0.2840237021446228
4502,13,38,0.20853182673454285
4503,13,39,0.26316994428634644
4504,13,40,0.25942251086235046
4505,13,41,0.31205588579177856
4506,13,42,0.37099704146385193
4507,13,43,0.25751399993896484
4508,13,44,0.26739558577537537
4509,13,45,0.2654520869255066
4510,13,46,0.30974310636520386
4511,13,47,0.24162384867668152
4512,13,48,0.23871663212776184
4513,13,49,0.20866994559764862
4514,13,50,0.22780993580818176
4515,13,51,0.2168632298707962
4516,13,52,0.24372832477092743
4517,13,53,0.28981906175613403
4518,13,54,0.23537084460258484
4519,13,55,0.34476467967033386
4520,13,56,0.2723843455314636
4521,13,57,0.2532365918159485
4522,13,58,0.23035410046577454
4523,13,59,0.2751930356025696
4524,13,60,0.26920387148857117
4525,13,61,0.29722756147384644
4526,13,62,0.26617974042892456
4527,13,63,0.29023870825767517
4528,13,64,0.29212242364883423
4529,13,65,0.26122134923934937
4530,13,66,0.32764607667922974
4531,13,67,0.29700997471809387
4532,13,68,0.26350897550582886
4533,13,69,0.19100801646709442
4534,13,70,0.245336651802063
4535,13,71,0.21759065985679626
4536,13,72,0.23078450560569763
4537,13,73,0.24190545082092285
4538,13,74,0.24678945541381836
4539,13,75,0.22747802734375
4540,13,76,0.29018619656562805
4541,13,77,0.19339141249656677
4542,13,78,0.26464444398880005
4543,13,79,0.2337374985218048
4544,13,80,0.33834418654441833
4545,13,81,0.21534928679466248
4546,13,82,0.26981356739997864
4547,13,83,0.21072430908679962
4548,13,84,0.28088539838790894
4549,13,85,0.2728983461856842
4550,13,86,0.2724657654762268
4551,13,87,0.3260820508003235
4552,13,88,0.2295999526977539
4553,13,89,0.267316609621048
4554,13,90,0.25064617395401
4555,13,91,0.5922919511795044
4556,13,92,0.3119437098503113
4557,13,93,0.23837533593177795
4558,13,94,0.22040942311286926
4559,13,95,0.20983166992664337
4560,13,96,0.19139757752418518
4561,13,97,0.24803069233894348
4562,13,98,0.20025093853473663
4563,13,99,0.2289872169494629
4564,13,100,0.2305576056241989
4565,13,101,0.5750975608825684
4566,13,102,0.20715641975402832
4567,13,103,0.32056793570518494
4568,13,104,0.22582276165485382
4569,13,105,0.26401346921920776
4570,13,106,0.29786211252212524
4571,13,107,0.327908456325531
4572,13,108,0.23971812427043915
4573,13,109,0.26803338527679443
4574,13,110,0.24476118385791779
4575,13,111,0.24350419640541077
4576,13,112,0.29180148243904114
4577,13,113,0.2515835165977478
4578,13,114,0.3094522953033447
4579,13,115,0.24732546508312225
4580,13,116,0.2499898225069046
4581,13,117,0.3539004325866699
4582,13,118,0.259113609790802
4583,13,119,0.2642371654510498
4584,13,120,0.27999892830848694
4585,13,121,0.27681249380111694
4586,13,122,0.24034304916858673
4587,13,123,0.2402847707271576
4588,13,124,0.23068735003471375
4589,13,125,0.3133220970630646
4590,13,126,0.26498928666114807
4591,13,127,0.5917514562606812
4592,13,128,0.2624475359916687
4593,13,129,0.21357020735740662
4594,13,130,0.3241954445838928
4595,13,131,0.24232153594493866
4596,13,132,0.20263108611106873
4597,13,133,0.20088627934455872
4598,13,134,0.23268096148967743
4599,13,135,0.2241637408733368
4600,13,136,0.22436606884002686
4601,13,137,0.2823764979839325
4602,13,138,0.2274942398071289
4603,13,139,0.26936084032058716
4604,13,140,0.25048333406448364
4605,13,141,0.311337947845459
4606,13,142,0.3240894079208374
4607,13,143,0.27100828289985657
4608,13,144,0.25783079862594604
4609,13,145,0.24537153542041779
4610,13,146,0.2699364125728607
4611,13,147,0.21086940169334412
4612,13,148,0.20730078220367432
4613,13,149,0.22552302479743958
4614,13,150,0.291253000497818
4615,13,151,0.24443301558494568
4616,13,152,0.2650902271270752
4617,13,153,0.24384813010692596
4618,13,154,0.21201471984386444
4619,13,155,0.24651281535625458
4620,13,156,0.24428844451904297
4621,13,157,0.24353191256523132
4622,13,158,0.2442648708820343
4623,13,159,0.2221401184797287
4624,13,160,0.3394820988178253
4625,13,161,0.2722472846508026
4626,13,162,0.25367075204849243
4627,13,163,0.2312891185283661
4628,13,164,0.23926571011543274
4629,13,165,0.18668770790100098
4630,13,166,0.23257748782634735
4631,13,167,0.207218736410141
4632,13,168,0.5971229672431946
4633,13,169,0.246186763048172
4634,13,170,0.31527483463287354
4635,13,171,0.22589047253131866
4636,13,172,0.2528354227542877
4637,13,173,0.23392388224601746
4638,13,174,0.20053760707378387
4639,13,175,0.3175857961177826
4640,13,176,0.26153773069381714
4641,13,177,0.3085825443267822
4642,13,178,0.27710509300231934
4643,13,179,0.2561437785625458
4644,13,180,0.23424032330513
4645,13,181,0.2616948187351227
4646,13,182,0.20267316699028015
4647,13,183,0.22867338359355927
4648,13,184,0.32833415269851685
4649,13,185,0.3737524747848511
4650,13,186,0.2780223786830902
4651,13,187,0.22709748148918152
4652,13,188,0.20399503409862518
4653,13,189,0.21166543662548065
4654,13,190,0.33573758602142334
4655,13,191,0.273458331823349
4656,13,192,0.25809720158576965
4657,13,193,0.22455982863903046
4658,13,194,0.2513318657875061
4659,13,195,0.19255395233631134
4660,13,196,0.25663313269615173
4661,13,197,0.23709090054035187
4662,13,198,0.6061554551124573
4663,13,199,0.20553962886333466
4664,13,200,0.33149081468582153
4665,13,201,0.31687965989112854
4666,13,202,0.4441468119621277
4667,13,203,0.3379557728767395
4668,13,204,0.22906215488910675
4669,13,205,0.35909074544906616
4670,13,206,0.22697603702545166
4671,13,207,0.34260138869285583
4672,13,208,0.2883772552013397
4673,13,209,0.251600056886673
4674,13,210,0.23928168416023254
4675,13,211,0.26024723052978516
4676,13,212,0.2095036506652832
4677,13,213,0.27243244647979736
4678,13,214,0.27597782015800476
4679,13,215,0.21747367084026337
4680,13,216,0.2142905741930008
4681,13,217,0.25099945068359375
4682,13,218,0.2519647777080536
4683,13,219,0.2770861089229584
4684,13,220,0.26937657594680786
4685,13,221,0.4221820831298828
4686,13,222,0.5552156567573547
4687,13,223,0.3582443296909332
4688,13,224,0.21576640009880066
4689,13,225,0.5753637552261353
4690,13,226,0.23146016895771027
4691,13,227,0.2581658959388733
4692,13,228,0.25710606575012207
4693,13,229,0.2224818766117096
4694,13,230,0.35493430495262146
4695,13,231,0.2634783089160919
4696,13,232,0.20840159058570862
4697,13,233,0.2977450489997864
4698,13,234,0.2541455030441284
4699,13,235,0.20989885926246643
4700,13,236,0.2743232846260071
4701,13,237,0.29009854793548584
4702,13,238,0.28374427556991577
4703,13,239,0.21800775825977325
4704,13,240,0.2894617021083832
4705,13,241,0.3193243741989136
4706,13,242,0.24207141995429993
4707,13,243,0.25279438495635986
4708,13,244,0.25416460633277893
4709,13,245,0.2108038365840912
4710,13,246,0.24031853675842285
4711,13,247,0.2809739410877228
4712,13,248,0.2197437584400177
4713,13,249,0.20783455669879913
4714,13,250,0.22275209426879883
4715,13,251,0.6818404793739319
4716,13,252,0.46613845229148865
4717,13,253,0.2035398930311203
4718,13,254,0.3218547999858856
4719,13,255,0.23667633533477783
4720,13,256,0.2675219476222992
4721,13,257,0.2027120292186737
4722,13,258,0.6527451872825623
4723,13,259,0.2846449315547943
4724,13,260,0.2565973401069641
4725,13,261,0.2706905007362366
4726,13,262,0.2938377261161804
4727,13,263,0.29070669412612915
4728,13,264,0.37216076254844666
4729,13,265,0.25966763496398926
4730,13,266,0.253140389919281
4731,13,267,0.2935013175010681
4732,13,268,0.30096763372421265
4733,13,269,0.22744891047477722
4734,13,270,0.21634045243263245
4735,13,271,0.2501775920391083
4736,13,272,0.24797073006629944
4737,13,273,0.22059424221515656
4738,13,274,0.2601253092288971
4739,13,275,0.32652944326400757
4740,13,276,0.33830490708351135
4741,13,277,0.2958289384841919
4742,13,278,0.23145365715026855
4743,13,279,0.267760694026947
4744,13,280,0.19689667224884033
4745,13,281,0.23365816473960876
4746,13,282,0.22505326569080353
4747,13,283,0.24603410065174103
4748,13,284,0.20397648215293884
4749,13,285,0.25930237770080566
4750,13,286,0.27185720205307007
4751,13,287,0.21507176756858826
4752,13,288,0.18650393187999725
4753,13,289,0.18144604563713074
4754,13,290,0.23093628883361816
4755,13,291,0.24135136604309082
4756,13,292,0.25899702310562134
4757,13,293,0.29427817463874817
4758,13,294,0.23945574462413788
4759,13,295,0.22418543696403503
4760,13,296,0.24432960152626038
4761,13,297,0.31861943006515503
4762,13,298,0.27479785680770874
4763,13,299,0.28262513875961304
4764,13,300,0.23885753750801086
4765,13,301,0.36207979917526245
4766,13,302,0.2118086814880371
4767,13,303,0.21031400561332703
4768,13,304,0.20683272182941437
4769,13,305,0.23496489226818085
4770,13,306,0.25543609261512756
4771,13,307,0.31824082136154175
4772,13,308,0.24629779160022736
4773,13,309,0.22397467494010925
4774,13,310,0.2522141933441162
4775,13,311,0.2552322447299957
4776,13,312,0.25898370146751404
4777,13,313,0.3631603419780731
4778,13,314,0.21904003620147705
4779,13,315,0.2471403181552887
4780,13,316,0.23004785180091858
4781,13,317,0.18598750233650208
4782,13,318,0.24334923923015594
4783,13,319,0.21216940879821777
4784,13,320,0.26361507177352905
4785,13,321,0.22507822513580322
4786,13,322,0.16989906132221222
4787,13,323,0.32176902890205383
4788,13,324,0.27081769704818726
4789,13,325,0.336578905582428
4790,13,326,0.26903796195983887
4791,13,327,0.3162405788898468
4792,13,328,0.25896745920181274
4793,13,329,0.25935816764831543
4794,13,330,0.35186511278152466
4795,13,331,0.22000303864479065
4796,13,332,0.30132347345352173
4797,13,333,0.40250951051712036
4798,13,334,0.2421695739030838
4799,13,335,0.2461204081773758
4800,13,336,0.2725670039653778
4801,13,337,0.28542226552963257
4802,13,338,0.2726209759712219
4803,13,339,0.2523147463798523
4804,13,340,0.2671815752983093
4805,13,341,0.2659599483013153
4806,13,342,0.3053719997406006
4807,13,343,0.22549104690551758
4808,13,344,0.27099305391311646
4809,13,345,0.26552677154541016
4810,13,346,0.22452886402606964
4811,13,347,0.30067557096481323
4812,13,348,0.21320681273937225
4813,13,349,0.24072492122650146
4814,13,350,0.4679865837097168
4815,13,351,0.25107327103614807
4816,13,352,0.24780389666557312
4817,13,353,0.34693747758865356
4818,13,354,0.1904609501361847
4819,13,355,0.32057932019233704
4820,13,356,0.28449735045433044
4821,13,357,0.22839383780956268
4822,13,358,0.25926339626312256
4823,13,359,0.2814820110797882
4824,13,360,0.24602265655994415
4825,13,361,0.2620575428009033
4826,13,362,0.35845571756362915
4827,13,363,0.30055510997772217
4828,13,364,0.2660794258117676
4829,13,365,0.30657804012298584
4830,13,366,0.23098984360694885
4831,13,367,0.22092469036579132
4832,13,368,0.22232027351856232
4833,13,369,0.2922307848930359
4834,13,370,0.3139098882675171
4835,13,371,0.1933748871088028
4836,13,372,0.3012460768222809
4837,14,1,0.24793314933776855
4838,14,2,0.278618186712265
4839,14,3,0.2848818600177765
4840,14,4,0.2590237557888031
4841,14,5,0.2705601155757904
4842,14,6,0.33500033617019653
4843,14,7,0.25817498564720154
4844,14,8,0.28298258781433105
4845,14,9,0.25259214639663696
4846,14,10,0.24410982429981232
4847,14,11,0.2444486916065216
4848,14,12,0.26246190071105957
4849,14,13,0.31874704360961914
4850,14,14,0.2418670654296875
4851,14,15,0.2555280923843384
4852,14,16,0.21917343139648438
4853,14,17,0.22111734747886658
4854,14,18,0.20600995421409607
4855,14,19,0.2339072972536087
4856,14,20,0.2528243660926819
4857,14,21,0.42228227853775024
4858,14,22,0.2356417179107666
4859,14,23,0.287783145904541
4860,14,24,0.6378272771835327
4861,14,25,0.2928648889064789
4862,14,26,0.3298628032207489
4863,14,27,0.21520617604255676
4864,14,28,0.30652111768722534
4865,14,29,0.27191561460494995
4866,14,30,0.19356301426887512
4867,14,31,0.3112978935241699
4868,14,32,0.24409909546375275
4869,14,33,0.2434813529253006
4870,14,34,0.3089403510093689
4871,14,35,0.2580244839191437
4872,14,36,0.291657954454422
4873,14,37,0.2193673849105835
4874,14,38,0.20254027843475342
4875,14,39,0.28328850865364075
4876,14,40,0.21327194571495056
4877,14,41,0.394980251789093
4878,14,42,0.2712242007255554
4879,14,43,0.22440119087696075
4880,14,44,0.1976998895406723
4881,14,45,0.17685723304748535
4882,14,46,0.2572595477104187
4883,14,47,0.24245858192443848
4884,14,48,0.2498798668384552
4885,14,49,0.25221094489097595
4886,14,50,0.2264287918806076
4887,14,51,0.21894395351409912
4888,14,52,0.17348109185695648
4889,14,53,0.2140277624130249
4890,14,54,0.20152167975902557
4891,14,55,0.25903600454330444
4892,14,56,0.3074239492416382
4893,14,57,0.2367376834154129
4894,14,58,0.22940918803215027
4895,14,59,0.2429056614637375
4896,14,60,0.2745761275291443
4897,14,61,0.2618477940559387
4898,14,62,0.30834612250328064
4899,14,63,0.23280000686645508
4900,14,64,0.22201526165008545
4901,14,65,0.2943090498447418
4902,14,66,0.26394400000572205
4903,14,67,0.22862175107002258
4904,14,68,0.21555976569652557
4905,14,69,0.1895621120929718
4906,14,70,0.17285647988319397
4907,14,71,0.2754134237766266
4908,14,72,0.22368916869163513
4909,14,73,0.21828500926494598
4910,14,74,0.24341972172260284
4911,14,75,0.21634316444396973
4912,14,76,0.2260361909866333
4913,14,77,0.19780150055885315
4914,14,78,0.3514578640460968
4915,14,79,0.19596904516220093
4916,14,80,0.2844080328941345
4917,14,81,0.2545202672481537
4918,14,82,0.27750131487846375
4919,14,83,0.2556111216545105
4920,14,84,0.2191379815340042
4921,14,85,0.22680671513080597
4922,14,86,0.22650031745433807
4923,14,87,0.2507951259613037
4924,14,88,0.19950561225414276
4925,14,89,0.2140096127986908
4926,14,90,0.21602380275726318
4927,14,91,0.2480570524930954
4928,14,92,0.602092981338501
4929,14,93,0.2517017722129822
4930,14,94,0.26434746384620667
4931,14,95,0.3241906464099884
4932,14,96,0.21885259449481964
4933,14,97,0.19754473865032196
4934,14,98,0.17951448261737823
4935,14,99,0.248295858502388
4936,14,100,0.22690364718437195
4937,14,101,0.29351842403411865
4938,14,102,0.23999205231666565
4939,14,103,0.2711373269557953
4940,14,104,0.261109322309494
4941,14,105,0.3563246428966522
4942,14,106,0.27073943614959717
4943,14,107,0.2752090096473694
4944,14,108,0.20471826195716858
4945,14,109,0.22511088848114014
4946,14,110,0.27943718433380127
4947,14,111,0.2522883713245392
4948,14,112,0.2303733378648758
4949,14,113,0.2721267640590668
4950,14,114,0.2677738070487976
4951,14,115,0.21808595955371857
4952,14,116,0.5409365892410278
4953,14,117,0.3041922152042389
4954,14,118,0.25281935930252075
4955,14,119,0.248160719871521
4956,14,120,0.2682023346424103
4957,14,121,0.24130526185035706
4958,14,122,0.24640950560569763
4959,14,123,0.24043938517570496
4960,14,124,0.191419318318367
4961,14,125,0.285645455121994
4962,14,126,0.23717179894447327
4963,14,127,0.2252032309770584
4964,14,128,0.2466665506362915
4965,14,129,0.21666796505451202
4966,14,130,0.20420527458190918
4967,14,131,0.260317862033844
4968,14,132,0.238522008061409
4969,14,133,0.2491527795791626
4970,14,134,0.520653486251831
4971,14,135,0.238384410738945
4972,14,136,0.22162771224975586
4973,14,137,0.28000691533088684
4974,14,138,0.18399828672409058
4975,14,139,0.20140786468982697
4976,14,140,0.2927417755126953
4977,14,141,0.290766179561615
4978,14,142,0.2967204451560974
4979,14,143,0.32551634311676025
4980,14,144,0.3047581613063812
4981,14,145,0.19782862067222595
4982,14,146,0.3021203279495239
4983,14,147,0.2460751086473465
4984,14,148,0.22342446446418762
4985,14,149,0.22770416736602783
4986,14,150,0.2706841826438904
4987,14,151,0.3186487853527069
4988,14,152,0.27161073684692383
4989,14,153,0.2382504940032959
4990,14,154,0.3061741292476654
4991,14,155,0.29023271799087524
4992,14,156,0.2214716374874115
4993,14,157,0.21419253945350647
4994,14,158,0.24320253729820251
4995,14,159,0.4897511601448059
4996,14,160,0.2539874315261841
4997,14,161,0.24471347033977509
4998,14,162,0.24188721179962158
4999,14,163,0.24399936199188232
5000,14,164,0.2755323648452759
5001,14,165,0.32974401116371155
5002,14,166,0.2623504102230072
5003,14,167,0.23270663619041443
5004,14,168,0.26865243911743164
5005,14,169,0.23395851254463196
5006,14,170,0.23856882750988007
5007,14,171,0.23258796334266663
5008,14,172,0.2520914077758789
5009,14,173,0.23499400913715363
5010,14,174,0.24119453132152557
5011,14,175,0.2722876965999603
5012,14,176,0.23550300300121307
5013,14,177,0.2157195508480072
5014,14,178,0.23128309845924377
5015,14,179,0.6147433519363403
5016,14,180,0.22621861100196838
5017,14,181,0.2827208638191223
5018,14,182,0.2585049271583557
5019,14,183,0.2884841859340668
5020,14,184,0.25698551535606384
5021,14,185,0.27183443307876587
5022,14,186,0.556017279624939
5023,14,187,0.22529692947864532
5024,14,188,0.3471594750881195
5025,14,189,0.18167464435100555
5026,14,190,0.3347489833831787
5027,14,191,0.26123133301734924
5028,14,192,0.2805823087692261
5029,14,193,0.25979453325271606
5030,14,194,0.20957836508750916
5031,14,195,0.24226629734039307
5032,14,196,0.25372353196144104
5033,14,197,0.184295654296875
5034,14,198,0.22226078808307648
5035,14,199,0.2530324161052704
5036,14,200,0.22995531558990479
5037,14,201,0.2125348597764969
5038,14,202,0.1944117546081543
5039,14,203,0.22356119751930237
5040,14,204,0.19866909086704254
5041,14,205,0.3607010543346405
5042,14,206,0.2512335181236267
5043,14,207,0.32637113332748413
5044,14,208,0.22554552555084229
5045,14,209,0.18401609361171722
5046,14,210,0.2027938812971115
5047,14,211,0.20837223529815674
5048,14,212,0.3039570748806
5049,14,213,0.1962881237268448
5050,14,214,0.22028812766075134
5051,14,215,0.2750994563102722
5052,14,216,0.2491045743227005
5053,14,217,0.24651575088500977
5054,14,218,0.22639426589012146
5055,14,219,0.22578179836273193
5056,14,220,0.2155735194683075
5057,14,221,0.29849734902381897
5058,14,222,0.2272295504808426
5059,14,223,0.3878108859062195
5060,14,224,0.280907541513443
5061,14,225,0.2061922252178192
5062,14,226,0.23564913868904114
5063,14,227,0.22002878785133362
5064,14,228,0.3121459484100342
5065,14,229,0.23273444175720215
5066,14,230,0.3535008132457733
5067,14,231,0.2789532542228699
5068,14,232,0.24625810980796814
5069,14,233,0.22217431664466858
5070,14,234,0.2269076555967331
5071,14,235,0.21973392367362976
5072,14,236,0.27501100301742554
5073,14,237,0.2639380097389221
5074,14,238,0.21754758059978485
5075,14,239,0.19070366024971008
5076,14,240,0.21634356677532196
5077,14,241,0.22498980164527893
5078,14,242,0.3943454623222351
5079,14,243,0.1990005522966385
5080,14,244,0.22402234375476837
5081,14,245,0.18304309248924255
5082,14,246,0.21202917397022247
5083,14,247,0.1956745982170105
5084,14,248,0.2434341162443161
5085,14,249,0.3219050467014313
5086,14,250,0.24218888580799103
5087,14,251,0.30241018533706665
5088,14,252,0.2585396468639374
5089,14,253,0.20536136627197266
5090,14,254,0.3133036494255066
5091,14,255,0.1915161907672882
5092,14,256,0.2153853476047516
5093,14,257,0.3224629759788513
5094,14,258,0.2600283622741699
5095,14,259,0.24972069263458252
5096,14,260,0.2966011166572571
5097,14,261,0.32229480147361755
5098,14,262,0.21523785591125488
5099,14,263,0.20991885662078857
5100,14,264,0.18131664395332336
5101,14,265,0.2221006602048874
5102,14,266,0.2367682009935379
5103,14,267,0.23943965137004852
5104,14,268,0.24939410388469696
5105,14,269,0.26512160897254944
5106,14,270,0.22136516869068146
5107,14,271,0.27986329793930054
5108,14,272,0.2522111237049103
5109,14,273,0.21231424808502197
5110,14,274,0.3201678395271301
5111,14,275,0.18960338830947876
5112,14,276,0.2229997217655182
5113,14,277,0.25699788331985474
5114,14,278,0.2476985901594162
5115,14,279,0.21911528706550598
5116,14,280,0.1595374047756195
5117,14,281,0.6441606879234314
5118,14,282,0.2208406627178192
5119,14,283,0.26483941078186035
5120,14,284,0.25030770897865295
5121,14,285,0.300577312707901
5122,14,286,0.2657011151313782
5123,14,287,0.2364482581615448
5124,14,288,0.37745991349220276
5125,14,289,0.26329052448272705
5126,14,290,0.21029067039489746
5127,14,291,0.3413260579109192
5128,14,292,0.22831852734088898
5129,14,293,0.24643409252166748
5130,14,294,0.5906424522399902
5131,14,295,0.2521149814128876
5132,14,296,0.24179312586784363
5133,14,297,0.27563342452049255
5134,14,298,0.2178996503353119
5135,14,299,0.2620845437049866
5136,14,300,0.2180415838956833
5137,14,301,0.2768925130367279
5138,14,302,0.25210410356521606
5139,14,303,0.23194456100463867
5140,14,304,0.28420817852020264
5141,14,305,0.6331411600112915
5142,14,306,0.2491312474012375
5143,14,307,0.23909302055835724
5144,14,308,0.2756417393684387
5145,14,309,0.2372482717037201
5146,14,310,0.18570876121520996
5147,14,311,0.2510068118572235
5148,14,312,0.23041348159313202
5149,14,313,0.30162692070007324
5150,14,314,0.21953614056110382
5151,14,315,0.2520703673362732
5152,14,316,0.22704975306987762
5153,14,317,0.2144324779510498
5154,14,318,0.228840634226799
5155,14,319,0.23977771401405334
5156,14,320,0.19664266705513
5157,14,321,0.21800751984119415
5158,14,322,0.38403773307800293
5159,14,323,0.358289510011673
5160,14,324,0.23080869019031525
5161,14,325,0.3146388828754425
5162,14,326,0.3085896670818329
5163,14,327,0.23133878409862518
5164,14,328,0.23269693553447723
5165,14,329,0.24142687022686005
5166,14,330,0.2571943700313568
5167,14,331,0.26087579131126404
5168,14,332,0.33552441000938416
5169,14,333,0.25454825162887573
5170,14,334,0.2594902813434601
5171,14,335,0.27089378237724304
5172,14,336,0.21598172187805176
5173,14,337,0.30202943086624146
5174,14,338,0.2952996790409088
5175,14,339,0.23713362216949463
5176,14,340,0.21367590129375458
5177,14,341,0.3873550593852997
5178,14,342,0.2229592353105545
5179,14,343,0.24339613318443298
5180,14,344,0.3326002061367035
5181,14,345,0.2705761790275574
5182,14,346,0.21963422000408173
5183,14,347,0.2570630609989166
5184,14,348,0.2297092229127884
5185,14,349,0.23943006992340088
5186,14,350,0.268559992313385
5187,14,351,0.23481686413288116
5188,14,352,0.29783719778060913
5189,14,353,0.3388484716415405
5190,14,354,0.34177204966545105
5191,14,355,0.21947741508483887
5192,14,356,0.23364169895648956
5193,14,357,0.24578872323036194
5194,14,358,0.2716785669326782
5195,14,359,0.5613038539886475
5196,14,360,0.2828778624534607
5197,14,361,0.3143123984336853
5198,14,362,0.20989863574504852
5199,14,363,0.30917537212371826
5200,14,364,0.21654605865478516
5201,14,365,0.5876694917678833
5202,14,366,0.3299691081047058
5203,14,367,0.2558518946170807
5204,14,368,0.2781826853752136
5205,14,369,0.2340278923511505
5206,14,370,0.25305643677711487
5207,14,371,0.2839110493659973
5208,14,372,0.22112925350666046
5209,15,1,0.2994816303253174
5210,15,2,0.20040443539619446
5211,15,3,0.23480698466300964
5212,15,4,0.2140437364578247
5213,15,5,0.24347051978111267
5214,15,6,0.26652413606643677
5215,15,7,0.22001543641090393
5216,15,8,0.29427212476730347
5217,15,9,0.21148228645324707
5218,15,10,0.24174103140830994
5219,15,11,0.21890738606452942
5220,15,12,0.24376893043518066
5221,15,13,0.23337654769420624
5222,15,14,0.251970112323761
5223,15,15,0.2098330557346344
5224,15,16,0.2740853428840637
5225,15,17,0.21963834762573242
5226,15,18,0.23186933994293213
5227,15,19,0.2151806354522705
5228,15,20,0.21909956634044647
5229,15,21,0.20403225719928741
5230,15,22,0.20505087077617645
5231,15,23,0.22793681919574738
5232,15,24,0.2620615065097809
5233,15,25,0.25493288040161133
5234,15,26,0.24707463383674622
5235,15,27,0.2847954332828522
5236,15,28,0.3212038576602936
5237,15,29,0.2353345900774002
5238,15,30,0.27859920263290405
5239,15,31,0.1898796260356903
5240,15,32,0.18489961326122284
5241,15,33,0.22087042033672333
5242,15,34,0.21439266204833984
5243,15,35,0.280743271112442
5244,15,36,0.34870466589927673
5245,15,37,0.27730244398117065
5246,15,38,0.20939147472381592
5247,15,39,0.25695520639419556
5248,15,40,0.36489370465278625
5249,15,41,0.20255737006664276
5250,15,42,0.3828328847885132
5251,15,43,0.24865290522575378
5252,15,44,0.2706928551197052
5253,15,45,0.24464051425457
5254,15,46,0.2275947779417038
5255,15,47,0.2178964912891388
5256,15,48,0.31610724329948425
5257,15,49,0.2820255160331726
5258,15,50,0.2696678042411804
5259,15,51,0.2618471086025238
5260,15,52,0.20056240260601044
5261,15,53,0.24771085381507874
5262,15,54,0.2180267572402954
5263,15,55,0.2226591557264328
5264,15,56,0.2427273541688919
5265,15,57,0.20757153630256653
5266,15,58,0.24029144644737244
5267,15,59,0.24174471199512482
5268,15,60,0.22185495495796204
5269,15,61,0.19393469393253326
5270,15,62,0.24516625702381134
5271,15,63,0.24832329154014587
5272,15,64,0.25319424271583557
5273,15,65,0.21619835495948792
5274,15,66,0.2014327496290207
5275,15,67,0.27735787630081177
5276,15,68,0.2747681140899658
5277,15,69,0.2708718776702881
5278,15,70,0.2198689728975296
5279,15,71,0.27820372581481934
5280,15,72,0.22962796688079834
5281,15,73,0.2646118104457855
5282,15,74,0.6662005186080933
5283,15,75,0.26393434405326843
5284,15,76,0.2579044997692108
5285,15,77,0.190643772482872
5286,15,78,0.21606874465942383
5287,15,79,0.2644265294075012
5288,15,80,0.20565780997276306
5289,15,81,0.22278264164924622
5290,15,82,0.24705639481544495
5291,15,83,0.26962700486183167
5292,15,84,0.24331554770469666
5293,15,85,0.18464449048042297
5294,15,86,0.2555343508720398
5295,15,87,0.22806763648986816
5296,15,88,0.24870255589485168
5297,15,89,0.229551762342453
5298,15,90,0.20731332898139954
5299,15,91,0.18770171701908112
5300,15,92,0.19340397417545319
5301,15,93,0.2055126130580902
5302,15,94,0.2664854824542999
5303,15,95,0.2614991068840027
5304,15,96,0.2613552212715149
5305,15,97,0.3020086884498596
5306,15,98,0.2529071867465973
5307,15,99,0.1868867129087448
5308,15,100,0.18101345002651215
5309,15,101,0.2149466574192047
5310,15,102,0.27708449959754944
5311,15,103,0.19973960518836975
5312,15,104,0.31865406036376953
5313,15,105,0.18952889740467072
5314,15,106,0.1872222125530243
5315,15,107,0.19988729059696198
5316,15,108,0.15671800076961517
5317,15,109,0.33912861347198486
5318,15,110,0.237808495759964
5319,15,111,0.19735103845596313
5320,15,112,0.27234405279159546
5321,15,113,0.17020449042320251
5322,15,114,0.2071089744567871
5323,15,115,0.22266748547554016
5324,15,116,0.20312198996543884
5325,15,117,0.5091485381126404
5326,15,118,0.24812671542167664
5327,15,119,0.2072189301252365
5328,15,120,0.2555846571922302
5329,15,121,0.22933852672576904
5330,15,122,0.2147609442472458
5331,15,123,0.2143581211566925
5332,15,124,0.28188470005989075
5333,15,125,0.28477969765663147
5334,15,126,0.2295874059200287
5335,15,127,0.23548093438148499
5336,15,128,0.2631700038909912
5337,15,129,0.1894780695438385
5338,15,130,0.23927101492881775
5339,15,131,0.2184445858001709
5340,15,132,0.23841409385204315
5341,15,133,0.22166557610034943
5342,15,134,0.24074213206768036
5343,15,135,0.24587707221508026
5344,15,136,0.23256421089172363
5345,15,137,0.2098391354084015
5346,15,138,0.2546081840991974
5347,15,139,0.22955529391765594
5348,15,140,0.19085706770420074
5349,15,141,0.19683460891246796
5350,15,142,0.6077213883399963
5351,15,143,0.31843775510787964
5352,15,144,0.5956117510795593
5353,15,145,0.2787091135978699
5354,15,146,0.35924506187438965
5355,15,147,0.2428869903087616
5356,15,148,0.5293859243392944
5357,15,149,0.22213046252727509
5358,15,150,0.21802425384521484
5359,15,151,0.22891554236412048
5360,15,152,0.25566786527633667
5361,15,153,0.20029786229133606
5362,15,154,0.201485276222229
5363,15,155,0.18280194699764252
5364,15,156,0.1771470010280609
5365,15,157,0.250733345746994
5366,15,158,0.22286805510520935
5367,15,159,0.2493574172258377
5368,15,160,0.2802789807319641
5369,15,161,0.2121719866991043
5370,15,162,0.18805639445781708
5371,15,163,0.2409282922744751
5372,15,164,0.23111112415790558
5373,15,165,0.2148338258266449
5374,15,166,0.2666324973106384
5375,15,167,0.17153984308242798
5376,15,168,0.1540452390909195
5377,15,169,0.2243516445159912
5378,15,170,0.2213527411222458
5379,15,171,0.44438427686691284
5380,15,172,0.2730477750301361
5381,15,173,0.20278315246105194
5382,15,174,0.24430644512176514
5383,15,175,0.21820136904716492
5384,15,176,0.20804853737354279
5385,15,177,0.22978445887565613
5386,15,178,0.2794405221939087
5387,15,179,0.21677502989768982
5388,15,180,0.5294665098190308
5389,15,181,0.250850111246109
5390,15,182,0.20141470432281494
5391,15,183,0.19340567290782928
5392,15,184,0.23800413310527802
5393,15,185,0.25906458497047424
5394,15,186,0.6116154789924622
5395,15,187,0.26146528124809265
5396,15,188,0.2687685191631317
5397,15,189,0.2032216489315033
5398,15,190,0.23720118403434753
5399,15,191,0.20333847403526306
5400,15,192,0.26382607221603394
5401,15,193,0.2245255708694458
5402,15,194,0.23389092087745667
5403,15,195,0.2337411344051361
5404,15,196,0.23428252339363098
5405,15,197,0.25205129384994507
5406,15,198,0.294479638338089
5407,15,199,0.29066115617752075
5408,15,200,0.20633909106254578
5409,15,201,0.26185518503189087
5410,15,202,0.677628755569458
5411,15,203,0.21581415832042694
5412,15,204,0.18615321815013885
5413,15,205,0.2309335470199585
5414,15,206,0.2963846027851105
5415,15,207,0.24885010719299316
5416,15,208,0.22800680994987488
5417,15,209,0.2501099705696106
5418,15,210,0.20758578181266785
5419,15,211,0.24747951328754425
5420,15,212,0.27676302194595337
5421,15,213,0.2257447987794876
5422,15,214,0.2131543606519699
5423,15,215,0.19798514246940613
5424,15,216,0.24640731513500214
5425,15,217,0.22933463752269745
5426,15,218,0.17109420895576477
5427,15,219,0.26497000455856323
5428,15,220,0.21846893429756165
5429,15,221,0.2143443375825882
5430,15,222,0.17402198910713196
5431,15,223,0.2632957696914673
5432,15,224,0.21403440833091736
5433,15,225,0.18734104931354523
5434,15,226,0.24452519416809082
5435,15,227,0.2813407778739929
5436,15,228,0.21605053544044495
5437,15,229,0.3067629337310791
5438,15,230,0.24421215057373047
5439,15,231,0.2375430315732956
5440,15,232,0.19636008143424988
5441,15,233,0.23773837089538574
5442,15,234,0.16130179166793823
5443,15,235,0.3964514136314392
5444,15,236,0.20610551536083221
5445,15,237,0.20616278052330017
5446,15,238,0.2523905336856842
5447,15,239,0.20638194680213928
5448,15,240,0.24491631984710693
5449,15,241,0.20437118411064148
5450,15,242,0.3022989332675934
5451,15,243,0.2195616066455841
5452,15,244,0.28726890683174133
5453,15,245,0.37006908655166626
5454,15,246,0.24614444375038147
5455,15,247,0.25559768080711365
5456,15,248,0.24129414558410645
5457,15,249,0.18982458114624023
5458,15,250,0.22130362689495087
5459,15,251,0.20367486774921417
5460,15,252,0.1770373284816742
5461,15,253,0.24520480632781982
5462,15,254,0.2783028483390808
5463,15,255,0.19971440732479095
5464,15,256,0.5172249674797058
5465,15,257,0.17518511414527893
5466,15,258,0.20654794573783875
5467,15,259,0.41153448820114136
5468,15,260,0.35009443759918213
5469,15,261,0.23007488250732422
5470,15,262,0.22309115529060364
5471,15,263,0.2549542784690857
5472,15,264,0.22535736858844757
5473,15,265,0.22397394478321075
5474,15,266,0.351352334022522
5475,15,267,0.23996886610984802
5476,15,268,0.24577105045318604
5477,15,269,0.22969648241996765
5478,15,270,0.22041961550712585
5479,15,271,0.18911948800086975
5480,15,272,0.22363464534282684
5481,15,273,0.2032792866230011
5482,15,274,0.21947884559631348
5483,15,275,0.2672535479068756
5484,15,276,0.2486732006072998
5485,15,277,0.197077676653862
5486,15,278,0.23113684356212616
5487,15,279,0.1913469433784485
5488,15,280,0.18753650784492493
5489,15,281,0.22360281646251678
5490,15,282,0.19340090453624725
5491,15,283,0.2545306086540222
5492,15,284,0.18644434213638306
5493,15,285,0.2536642849445343
5494,15,286,0.1961507648229599
5495,15,287,0.23553845286369324
5496,15,288,0.21742042899131775
5497,15,289,0.19148637354373932
5498,15,290,0.22981485724449158
5499,15,291,0.22472217679023743
5500,15,292,0.19599512219429016
5501,15,293,0.2001667469739914
5502,15,294,0.2497323453426361
5503,15,295,0.2604110836982727
5504,15,296,0.23942331969738007
5505,15,297,0.26523956656455994
5506,15,298,0.22046872973442078
5507,15,299,0.2056305855512619
5508,15,300,0.1981397569179535
5509,15,301,0.19959644973278046
5510,15,302,0.2440195083618164
5511,15,303,0.22281022369861603
5512,15,304,0.24728353321552277
5513,15,305,0.15790091454982758
5514,15,306,0.22195640206336975
5515,15,307,0.19853810966014862
5516,15,308,0.24207839369773865
5517,15,309,0.2416779100894928
5518,15,310,0.256134569644928
5519,15,311,0.2710164785385132
5520,15,312,0.18201890587806702
5521,15,313,0.2675938010215759
5522,15,314,0.5608730316162109
5523,15,315,0.24708731472492218
5524,15,316,0.1998678743839264
5525,15,317,0.21094076335430145
5526,15,318,0.25958681106567383
5527,15,319,0.2219478338956833
5528,15,320,0.26225730776786804
5529,15,321,0.3046686053276062
5530,15,322,0.23266012966632843
5531,15,323,0.2426847219467163
5532,15,324,0.28020957112312317
5533,15,325,0.25280389189720154
5534,15,326,0.24120564758777618
5535,15,327,0.2052077054977417
5536,15,328,0.5971203446388245
5537,15,329,0.19837811589241028
5538,15,330,0.1883624643087387
5539,15,331,0.1811111867427826
5540,15,332,0.2701631188392639
5541,15,333,0.26433128118515015
5542,15,334,0.1994679868221283
5543,15,335,0.22594556212425232
5544,15,336,0.24023786187171936
5545,15,337,0.29587435722351074
5546,15,338,0.1974022090435028
5547,15,339,0.250201553106308
5548,15,340,0.19610261917114258
5549,15,341,0.2385903298854828
5550,15,342,0.22397950291633606
5551,15,343,0.24400022625923157
5552,15,344,0.22475817799568176
5553,15,345,0.21211686730384827
5554,15,346,0.23267202079296112
5555,15,347,0.2547149956226349
5556,15,348,0.30675143003463745
5557,15,349,0.19248808920383453
5558,15,350,0.2793492376804352
5559,15,351,0.1820584237575531
5560,15,352,0.275199294090271
5561,15,353,0.3044118285179138
5562,15,354,0.23621933162212372
5563,15,355,0.2848755717277527
5564,15,356,0.26200342178344727
5565,15,357,0.30182644724845886
5566,15,358,0.2276494801044464
5567,15,359,0.2659061849117279
5568,15,360,0.21911323070526123
5569,15,361,0.1983703374862671
5570,15,362,0.23038163781166077
5571,15,363,0.22563739120960236
5572,15,364,0.21036915481090546
5573,15,365,0.2363179624080658
5574,15,366,0.21454867720603943
5575,15,367,0.20212598145008087
5576,15,368,0.2155170887708664
5577,15,369,0.23493686318397522
5578,15,370,0.25088152289390564
5579,15,371,0.23151016235351562
5580,15,372,0.24019953608512878
5581,16,1,0.19708016514778137
5582,16,2,0.19082807004451752
5583,16,3,0.2234969437122345
5584,16,4,0.24035146832466125
5585,16,5,0.18875974416732788
5586,16,6,0.20240318775177002
5587,16,7,0.2127181738615036
5588,16,8,0.33458298444747925
5589,16,9,0.19093462824821472
5590,16,10,0.18247099220752716
5591,16,11,0.20831942558288574
5592,16,12,0.27662524580955505
5593,16,13,0.22401133179664612
5594,16,14,0.23820018768310547
5595,16,15,0.21192872524261475
5596,16,16,0.3377208709716797
5597,16,17,0.1835269331932068
5598,16,18,0.29130181670188904
5599,16,19,0.2017374038696289
5600,16,20,0.24224476516246796
5601,16,21,0.24310508370399475
5602,16,22,0.26853829622268677
5603,16,23,0.5692108273506165
5604,16,24,0.1996152400970459
5605,16,25,0.26774001121520996
5606,16,26,0.2723318934440613
5607,16,27,0.25268107652664185
5608,16,28,0.24380075931549072
5609,16,29,0.17396441102027893
5610,16,30,0.33872804045677185
5611,16,31,0.2791391909122467
5612,16,32,0.25626689195632935
5613,16,33,0.20761755108833313
5614,16,34,0.2494640052318573
5615,16,35,0.1756582111120224
5616,16,36,0.1885451078414917
5617,16,37,0.2711143493652344
5618,16,38,0.2128719985485077
5619,16,39,0.19329342246055603
5620,16,40,0.3572266697883606
5621,16,41,0.22278520464897156
5622,16,42,0.30881786346435547
5623,16,43,0.2066483050584793
5624,16,44,0.19054625928401947
5625,16,45,0.21136069297790527
5626,16,46,0.21610084176063538
5627,16,47,0.2774236798286438
5628,16,48,0.2839517891407013
5629,16,49,0.22498604655265808
5630,16,50,0.24114565551280975
5631,16,51,0.24689893424510956
5632,16,52,0.17858190834522247
5633,16,53,0.20370705425739288
5634,16,54,0.22878172993659973
5635,16,55,0.1905607432126999
5636,16,56,0.23713918030261993
5637,16,57,0.2305881232023239
5638,16,58,0.22452299296855927
5639,16,59,0.2285744845867157
5640,16,60,0.22138521075248718
5641,16,61,0.2394605427980423
5642,16,62,0.19098427891731262
5643,16,63,0.22184781730175018
5644,16,64,0.24530375003814697
5645,16,65,0.18126434087753296
5646,16,66,0.252681165933609
5647,16,67,0.21345296502113342
5648,16,68,0.21468374133110046
5649,16,69,0.19767317175865173
5650,16,70,0.2625523805618286
5651,16,71,0.21110861003398895
5652,16,72,0.5553938746452332
5653,16,73,0.8682287335395813
5654,16,74,0.2212771475315094
5655,16,75,0.2015862762928009
5656,16,76,0.22532343864440918
5657,16,77,0.20032520592212677
5658,16,78,0.24574990570545197
5659,16,79,0.24690565466880798
5660,16,80,0.2393805980682373
5661,16,81,0.26886940002441406
5662,16,82,0.2380383461713791
5663,16,83,0.2757420539855957
5664,16,84,0.21400995552539825
5665,16,85,0.1841537058353424
5666,16,86,0.21881818771362305
5667,16,87,0.2133994996547699
5668,16,88,0.353452205657959
5669,16,89,0.2274695634841919
5670,16,90,0.19018161296844482
5671,16,91,0.2302851676940918
5672,16,92,0.20162184536457062
5673,16,93,0.28419336676597595
5674,16,94,0.18663476407527924
5675,16,95,0.17937663197517395
5676,16,96,0.20059755444526672
5677,16,97,0.5460730791091919
5678,16,98,0.22415003180503845
5679,16,99,0.2619212567806244
5680,16,100,0.25702133774757385
5681,16,101,0.2380862683057785
5682,16,102,0.2259162962436676
5683,16,103,0.20126433670520782
5684,16,104,0.283966600894928
5685,16,105,0.19949471950531006
5686,16,106,0.26090678572654724
5687,16,107,0.37827268242836
5688,16,108,0.18695670366287231
5689,16,109,0.23702695965766907
5690,16,110,0.18216213583946228
5691,16,111,0.2268790900707245
5692,16,112,0.27785152196884155
5693,16,113,0.29192811250686646
5694,16,114,0.2263074368238449
5695,16,115,0.26793771982192993
5696,16,116,0.2282802313566208
5697,16,117,0.18857082724571228
5698,16,118,0.17168383300304413
5699,16,119,0.2591772675514221
5700,16,120,0.18637964129447937
5701,16,121,0.1910582184791565
5702,16,122,0.2402237355709076
5703,16,123,0.2432672530412674
5704,16,124,0.20250651240348816
5705,16,125,0.23307056725025177
5706,16,126,0.20204010605812073
5707,16,127,0.20775747299194336
5708,16,128,0.24274905025959015
5709,16,129,0.2294120490550995
5710,16,130,0.19702570140361786
5711,16,131,0.19400152564048767
5712,16,132,0.23263707756996155
5713,16,133,0.1979101151227951
5714,16,134,0.2510567307472229
5715,16,135,0.23690518736839294
5716,16,136,0.24032072722911835
5717,16,137,0.5305794477462769
5718,16,138,0.5330264568328857
5719,16,139,0.1956920325756073
5720,16,140,0.1889500617980957
5721,16,141,0.19166961312294006
5722,16,142,0.263851135969162
5723,16,143,0.2190607786178589
5724,16,144,0.2444547861814499
5725,16,145,0.22734935581684113
5726,16,146,0.18851549923419952
5727,16,147,0.2429906129837036
5728,16,148,0.23548290133476257
5729,16,149,0.22535786032676697
5730,16,150,0.25961679220199585
5731,16,151,0.20367296040058136
5732,16,152,0.21334311366081238
5733,16,153,0.19479632377624512
5734,16,154,0.22312426567077637
5735,16,155,0.20806825160980225
5736,16,156,0.1684340238571167
5737,16,157,0.2645382285118103
5738,16,158,0.20913207530975342
5739,16,159,0.4998103678226471
5740,16,160,0.20535311102867126
5741,16,161,0.1807139664888382
5742,16,162,0.17092165350914001
5743,16,163,0.2229934185743332
5744,16,164,0.2400832176208496
5745,16,165,0.28741005063056946
5746,16,166,0.22758272290229797
5747,16,167,0.24641461670398712
5748,16,168,0.30627334117889404
5749,16,169,0.2540118396282196
5750,16,170,0.2660841643810272
5751,16,171,0.2124013453722
5752,16,172,0.20335634052753448
5753,16,173,0.22199153900146484
5754,16,174,0.18133965134620667
5755,16,175,0.2742294669151306
5756,16,176,0.18977881968021393
5757,16,177,0.2007501870393753
5758,16,178,0.224345400929451
5759,16,179,0.22277331352233887
5760,16,180,0.21528522670269012
5761,16,181,0.26790910959243774
5762,16,182,0.1771925985813141
5763,16,183,0.20283837616443634
5764,16,184,0.20853285491466522
5765,16,185,0.21960823237895966
5766,16,186,0.22457364201545715
5767,16,187,0.28778594732284546
5768,16,188,0.25103065371513367
5769,16,189,0.19541718065738678
5770,16,190,0.2674087882041931
5771,16,191,0.2512965202331543
5772,16,192,0.1972319781780243
5773,16,193,0.24889318645000458
5774,16,194,0.19767390191555023
5775,16,195,0.19227507710456848
5776,16,196,0.3041037321090698
5777,16,197,0.1983422040939331
5778,16,198,0.23424983024597168
5779,16,199,0.22505736351013184
5780,16,200,0.23951764404773712
5781,16,201,0.29007601737976074
5782,16,202,0.3282244801521301
5783,16,203,0.16415654122829437
5784,16,204,0.2211627960205078
5785,16,205,0.22111563384532928
5786,16,206,0.24486079812049866
5787,16,207,0.16423293948173523
5788,16,208,0.217091366648674
5789,16,209,0.17564672231674194
5790,16,210,0.22988367080688477
5791,16,211,0.27530840039253235
5792,16,212,0.2525486946105957
5793,16,213,0.19569909572601318
5794,16,214,0.18408778309822083
5795,16,215,0.22178694605827332
5796,16,216,0.25757962465286255
5797,16,217,0.24184003472328186
5798,16,218,0.42432814836502075
5799,16,219,0.17069485783576965
5800,16,220,0.22273823618888855
5801,16,221,0.25771579146385193
5802,16,222,0.2043353021144867
5803,16,223,0.2396305799484253
5804,16,224,0.33423906564712524
5805,16,225,0.2896026372909546
5806,16,226,0.24299311637878418
5807,16,227,0.20685350894927979
5808,16,228,0.20923328399658203
5809,16,229,0.22542151808738708
5810,16,230,0.23542499542236328
5811,16,231,0.2666500210762024
5812,16,232,0.24284501373767853
5813,16,233,0.20573261380195618
5814,16,234,0.2382432222366333
5815,16,235,0.21958687901496887
5816,16,236,0.2230747938156128
5817,16,237,0.26834365725517273
5818,16,238,0.2250518500804901
5819,16,239,0.25177428126335144
5820,16,240,0.6138138175010681
5821,16,241,0.23570001125335693
5822,16,242,0.22106532752513885
5823,16,243,0.21187150478363037
5824,16,244,0.20321890711784363
5825,16,245,0.2071191966533661
5826,16,246,0.23473279178142548
5827,16,247,0.19746477901935577
5828,16,248,0.27030494809150696
5829,16,249,0.2249891310930252
5830,16,250,0.22538304328918457
5831,16,251,0.3061150014400482
5832,16,252,0.21734781563282013
5833,16,253,0.2698819041252136
5834,16,254,0.24408206343650818
5835,16,255,0.22860375046730042
5836,16,256,0.23683592677116394
5837,16,257,0.2719079256057739
5838,16,258,0.340930312871933
5839,16,259,0.20042204856872559
5840,16,260,0.21996381878852844
5841,16,261,0.2011905461549759
5842,16,262,0.3038148283958435
5843,16,263,0.2763959467411041
5844,16,264,0.21556656062602997
5845,16,265,0.23563404381275177
5846,16,266,0.22330765426158905
5847,16,267,0.24215443432331085
5848,16,268,0.23661255836486816
5849,16,269,0.248383566737175
5850,16,270,0.22546251118183136
5851,16,271,0.2959194481372833
5852,16,272,0.21528343856334686
5853,16,273,0.18365736305713654
5854,16,274,0.20706212520599365
5855,16,275,0.2204848974943161
5856,16,276,0.1941584199666977
5857,16,277,0.26237690448760986
5858,16,278,0.2336883544921875
5859,16,279,0.25092047452926636
5860,16,280,0.2925373613834381
5861,16,281,0.18646880984306335
5862,16,282,0.2113693654537201
5863,16,283,0.22561350464820862
5864,16,284,0.17060938477516174
5865,16,285,0.19128501415252686
5866,16,286,0.22051510214805603
5867,16,287,0.2585218846797943
5868,16,288,0.2295956164598465
5869,16,289,0.22578728199005127
5870,16,290,0.195461243391037
5871,16,291,0.24773052334785461
5872,16,292,0.2087450921535492
5873,16,293,0.20402979850769043
5874,16,294,0.2815534770488739
5875,16,295,0.19295498728752136
5876,16,296,0.29668188095092773
5877,16,297,0.2327001839876175
5878,16,298,0.34937146306037903
5879,16,299,0.2443436086177826
5880,16,300,0.21552634239196777
5881,16,301,0.19890166819095612
5882,16,302,0.2741665244102478
5883,16,303,0.23992983996868134
5884,16,304,0.22883634269237518
5885,16,305,0.22682206332683563
5886,16,306,0.26346758008003235
5887,16,307,0.18336990475654602
5888,16,308,0.20533616840839386
5889,16,309,0.33912304043769836
5890,16,310,0.2379351556301117
5891,16,311,0.22853703796863556
5892,16,312,0.24695709347724915
5893,16,313,0.2119188755750656
5894,16,314,0.21989428997039795
5895,16,315,0.23228470981121063
5896,16,316,0.19683268666267395
5897,16,317,0.628198504447937
5898,16,318,0.24101383984088898
5899,16,319,0.2230469286441803
5900,16,320,0.24148210883140564
5901,16,321,0.24086704850196838
5902,16,322,0.2447209358215332
5903,16,323,0.19448938965797424
5904,16,324,0.2774266004562378
5905,16,325,0.17597270011901855
5906,16,326,0.2892431616783142
5907,16,327,0.2607528865337372
5908,16,328,0.2370067834854126
5909,16,329,0.16184647381305695
5910,16,330,0.21520192921161652
5911,16,331,0.29260993003845215
5912,16,332,0.19990356266498566
5913,16,333,0.23378686606884003
5914,16,334,0.23145052790641785
5915,16,335,0.3008350729942322
5916,16,336,0.2280866652727127
5917,16,337,0.19528047740459442
5918,16,338,0.27144911885261536
5919,16,339,0.19581590592861176
5920,16,340,0.2088368684053421
5921,16,341,0.28976699709892273
5922,16,342,0.498748242855072
5923,16,343,0.181008979678154
5924,16,344,0.22597794234752655
5925,16,345,0.19729523360729218
5926,16,346,0.24450631439685822
5927,16,347,0.2574155032634735
5928,16,348,0.26143091917037964
5929,16,349,0.200046107172966
5930,16,350,0.21882155537605286
5931,16,351,0.1852894127368927
5932,16,352,0.5467502474784851
5933,16,353,0.17889894545078278
5934,16,354,0.22463619709014893
5935,16,355,0.20386052131652832
5936,16,356,0.2357943058013916
5937,16,357,0.25240644812583923
5938,16,358,0.23468032479286194
5939,16,359,0.18937566876411438
5940,16,360,0.2346174716949463
5941,16,361,0.23295409977436066
5942,16,362,0.2835172414779663
5943,16,363,0.2381742298603058
5944,16,364,0.2285599708557129
5945,16,365,0.22934122383594513
5946,16,366,0.2230282723903656
5947,16,367,0.2456599473953247
5948,16,368,0.3078663647174835
5949,16,369,0.2461349070072174
5950,16,370,0.1927300989627838
5951,16,371,0.2118871957063675
5952,16,372,0.3036108613014221
5953,17,1,0.3245270550251007
5954,17,2,0.2700071334838867
5955,17,3,0.20671701431274414
5956,17,4,0.16536109149456024
5957,17,5,0.17103257775306702
5958,17,6,0.20207154750823975
5959,17,7,0.6026690006256104
5960,17,8,0.2141892910003662
5961,17,9,0.24808147549629211
5962,17,10,0.240249902009964
5963,17,11,0.17810629308223724
5964,17,12,0.22828908264636993
5965,17,13,0.2025192528963089
5966,17,14,0.2006528079509735
5967,17,15,0.22282683849334717
5968,17,16,0.24429447948932648
5969,17,17,0.19480791687965393
5970,17,18,0.23666846752166748
5971,17,19,0.23464736342430115
5972,17,20,0.1890522837638855
5973,17,21,0.2387864887714386
5974,17,22,0.187090203166008
5975,17,23,0.19396629929542542
5976,17,24,0.23179419338703156
5977,17,25,0.22911402583122253
5978,17,26,0.2988088130950928
5979,17,27,0.1655096858739853
5980,17,28,0.22986452281475067
5981,17,29,0.334447979927063
5982,17,30,0.2974837124347687
5983,17,31,0.1944321244955063
5984,17,32,0.19440485537052155
5985,17,33,0.2302597016096115
5986,17,34,0.2187940776348114
5987,17,35,0.28200119733810425
5988,17,36,0.24094927310943604
5989,17,37,0.241048663854599
5990,17,38,0.2565033435821533
5991,17,39,0.19520047307014465
5992,17,40,0.16682632267475128
5993,17,41,0.18512579798698425
5994,17,42,0.2529812455177307
5995,17,43,0.18823841214179993
5996,17,44,0.19244293868541718
5997,17,45,0.20597675442695618
5998,17,46,0.19571013748645782
5999,17,47,0.48909106850624084
6000,17,48,0.18204177916049957
6001,17,49,0.2901107966899872
6002,17,50,0.30596688389778137
6003,17,51,0.26520389318466187
6004,17,52,0.24969932436943054
6005,17,53,0.19838199019432068
6006,17,54,0.37606462836265564
6007,17,55,0.2299659252166748
6008,17,56,0.18190808594226837
6009,17,57,0.2527863383293152
6010,17,58,0.26228979229927063
6011,17,59,0.2548260986804962
6012,17,60,0.2651841938495636
6013,17,61,0.254344642162323
6014,17,62,0.23466399312019348
6015,17,63,0.24392573535442352
6016,17,64,0.19392773509025574
6017,17,65,0.34684833884239197
6018,17,66,0.4151145815849304
6019,17,67,0.30065083503723145
6020,17,68,0.21857590973377228
6021,17,69,0.2783866822719574
6022,17,70,0.28233203291893005
6023,17,71,0.2961214482784271
6024,17,72,0.3949112892150879
6025,17,73,0.23237402737140656
6026,17,74,0.300380676984787
6027,17,75,0.21003489196300507
6028,17,76,0.32227635383605957
6029,17,77,0.24735784530639648
6030,17,78,0.5201257467269897
6031,17,79,0.23144090175628662
6032,17,80,0.3379594385623932
6033,17,81,0.26603594422340393
6034,17,82,0.2383691817522049
6035,17,83,0.30456018447875977
6036,17,84,0.22577007114887238
6037,17,85,0.2481120079755783
6038,17,86,0.2849973142147064
6039,17,87,0.28410738706588745
6040,17,88,0.2550983130931854
6041,17,89,0.2640725076198578
6042,17,90,0.3327445387840271
6043,17,91,0.28921782970428467
6044,17,92,0.21186137199401855
6045,17,93,0.2556256651878357
6046,17,94,0.28873664140701294
6047,17,95,0.2485765516757965
6048,17,96,0.280147910118103
6049,17,97,0.34163373708724976
6050,17,98,0.24589399993419647
6051,17,99,0.218784898519516
6052,17,100,0.3007851541042328
6053,17,101,0.20675773918628693
6054,17,102,0.23495027422904968
6055,17,103,0.19011065363883972
6056,17,104,0.3159872889518738
6057,17,105,0.3238060772418976
6058,17,106,0.21836575865745544
6059,17,107,0.22947272658348083
6060,17,108,0.30605190992355347
6061,17,109,0.2509700655937195
6062,17,110,0.20645026862621307
6063,17,111,0.31298041343688965
6064,17,112,0.24024248123168945
6065,17,113,0.21578434109687805
6066,17,114,0.2723678946495056
6067,17,115,0.21342948079109192
6068,17,116,0.30934011936187744
6069,17,117,0.21187284588813782
6070,17,118,0.2517540156841278
6071,17,119,0.3389762043952942
6072,17,120,0.33698996901512146
6073,17,121,0.2617235779762268
6074,17,122,0.2401162087917328
6075,17,123,0.26843175292015076
6076,17,124,0.3305487632751465
6077,17,125,0.28058287501335144
6078,17,126,0.20846597850322723
6079,17,127,0.17920193076133728
6080,17,128,0.22036807239055634
6081,17,129,0.2518208920955658
6082,17,130,0.3219766318798065
6083,17,131,0.20461323857307434
6084,17,132,0.24430422484874725
6085,17,133,0.19088301062583923
6086,17,134,0.19922342896461487
6087,17,135,0.25535517930984497
6088,17,136,0.29060637950897217
6089,17,137,0.24266043305397034
6090,17,138,0.19066205620765686
6091,17,139,0.1920437514781952
6092,17,140,0.29083842039108276
6093,17,141,0.2607816755771637
6094,17,142,0.5322875380516052
6095,17,143,0.20722493529319763
6096,17,144,0.26625752449035645
6097,17,145,0.2562483847141266
6098,17,146,0.28770530223846436
6099,17,147,0.21529273688793182
6100,17,148,0.21347923576831818
6101,17,149,0.23884649574756622
6102,17,150,0.27582037448883057
6103,17,151,0.22633473575115204
6104,17,152,0.19095860421657562
6105,17,153,0.22331371903419495
6106,17,154,0.22410592436790466
6107,17,155,0.2347678244113922
6108,17,156,0.1951887309551239
6109,17,157,0.1638365089893341
6110,17,158,0.2865906357765198
6111,17,159,0.24876601994037628
6112,17,160,0.21161918342113495
6113,17,161,0.2521682381629944
6114,17,162,0.19043755531311035
6115,17,163,0.1668740063905716
6116,17,164,0.2477860003709793
6117,17,165,0.271708220243454
6118,17,166,0.1872662454843521
6119,17,167,0.18581540882587433
6120,17,168,0.2039346694946289
6121,17,169,0.2512976825237274
6122,17,170,0.5628991723060608
6123,17,171,0.28491634130477905
6124,17,172,0.3217041492462158
6125,17,173,0.22819387912750244
6126,17,174,0.16720600426197052
6127,17,175,0.1511610448360443
6128,17,176,0.16272854804992676
6129,17,177,0.19619865715503693
6130,17,178,0.2003757655620575
6131,17,179,0.21801051497459412
6132,17,180,0.16887441277503967
6133,17,181,0.19329240918159485
6134,17,182,0.21364164352416992
6135,17,183,0.22320309281349182
6136,17,184,0.2092948704957962
6137,17,185,0.227890282869339
6138,17,186,0.27520161867141724
6139,17,187,0.16229769587516785
6140,17,188,0.20591023564338684
6141,17,189,0.23114243149757385
6142,17,190,0.2624478340148926
6143,17,191,0.24797165393829346
6144,17,192,0.21036338806152344
6145,17,193,0.2799246907234192
6146,17,194,0.20919466018676758
6147,17,195,0.2509526014328003
6148,17,196,0.20920464396476746
6149,17,197,0.25587984919548035
6150,17,198,0.5506869554519653
6151,17,199,0.22092676162719727
6152,17,200,0.19709065556526184
6153,17,201,0.18559448421001434
6154,17,202,0.25936299562454224
6155,17,203,0.25823789834976196
6156,17,204,0.24167504906654358
6157,17,205,0.213516503572464
6158,17,206,0.1816565841436386
6159,17,207,0.27546530961990356
6160,17,208,0.2260710746049881
6161,17,209,0.16567763686180115
6162,17,210,0.21399512887001038
6163,17,211,0.3615611791610718
6164,17,212,0.24349236488342285
6165,17,213,0.29916760325431824
6166,17,214,0.2392086684703827
6167,17,215,0.24107305705547333
6168,17,216,0.26245635747909546
6169,17,217,0.19629035890102386
6170,17,218,0.17126327753067017
6171,17,219,0.20750752091407776
6172,17,220,0.1655724048614502
6173,17,221,0.21304568648338318
6174,17,222,0.21504656970500946
6175,17,223,0.21662721037864685
6176,17,224,0.29055389761924744
6177,17,225,0.2080741673707962
6178,17,226,0.1944272816181183
6179,17,227,0.18929028511047363
6180,17,228,0.19280295073986053
6181,17,229,0.2986584007740021
6182,17,230,0.176167830824852
6183,17,231,0.2658555507659912
6184,17,232,0.553993284702301
6185,17,233,0.20877206325531006
6186,17,234,0.2343297004699707
6187,17,235,0.2359023541212082
6188,17,236,0.3056977689266205
6189,17,237,0.2176756113767624
6190,17,238,0.3024291396141052
6191,17,239,0.2553907632827759
6192,17,240,0.20680561661720276
6193,17,241,0.23891273140907288
6194,17,242,0.24811282753944397
6195,17,243,0.2504664361476898
6196,17,244,0.25143498182296753
6197,17,245,0.30704423785209656
6198,17,246,0.49844178557395935
6199,17,247,0.2648943364620209
6200,17,248,0.25423774123191833
6201,17,249,0.23978321254253387
6202,17,250,0.1969045102596283
6203,17,251,0.2970086932182312
6204,17,252,0.3539620041847229
6205,17,253,0.22295205295085907
6206,17,254,0.1912495493888855
6207,17,255,0.2032458782196045
6208,17,256,0.2682972848415375
6209,17,257,0.20478765666484833
6210,17,258,0.23283681273460388
6211,17,259,0.2537074089050293
6212,17,260,0.21332208812236786
6213,17,261,0.19236676394939423
6214,17,262,0.2266608476638794
6215,17,263,0.2455289363861084
6216,17,264,0.19049450755119324
6217,17,265,0.16961166262626648
6218,17,266,0.215901181101799
6219,17,267,0.18691904842853546
6220,17,268,0.23337189853191376
6221,17,269,0.23301498591899872
6222,17,270,0.25262758135795593
6223,17,271,0.22162890434265137
6224,17,272,0.18001028895378113
6225,17,273,0.23346491158008575
6226,17,274,0.18181650340557098
6227,17,275,0.21597695350646973
6228,17,276,0.21876442432403564
6229,17,277,0.14699219167232513
6230,17,278,0.2545817196369171
6231,17,279,0.22977447509765625
6232,17,280,0.2574933171272278
6233,17,281,0.1877637505531311
6234,17,282,0.21715088188648224
6235,17,283,0.17659816145896912
6236,17,284,0.2876395583152771
6237,17,285,0.21228595077991486
6238,17,286,0.17335227131843567
6239,17,287,0.19879832863807678
6240,17,288,0.21079476177692413
6241,17,289,0.20009204745292664
6242,17,290,0.23643776774406433
6243,17,291,0.2969271242618561
6244,17,292,0.22473248839378357
6245,17,293,0.26853519678115845
6246,17,294,0.19561676681041718
6247,17,295,0.14941544830799103
6248,17,296,0.20523862540721893
6249,17,297,0.2052096426486969
6250,17,298,0.20569534599781036
6251,17,299,0.20961031317710876
6252,17,300,0.1799410581588745
6253,17,301,0.26027944684028625
6254,17,302,0.2366480529308319
6255,17,303,0.18568861484527588
6256,17,304,0.2220088541507721
6257,17,305,0.22527830302715302
6258,17,306,0.18866226077079773
6259,17,307,0.19309891760349274
6260,17,308,0.1700391173362732
6261,17,309,0.18706612288951874
6262,17,310,0.21473665535449982
6263,17,311,0.3483389616012573
6264,17,312,0.23205678164958954
6265,17,313,0.2218252420425415
6266,17,314,0.2435794621706009
6267,17,315,0.23087218403816223
6268,17,316,0.25934386253356934
6269,17,317,0.30698245763778687
6270,17,318,0.2088877260684967
6271,17,319,0.2041926383972168
6272,17,320,0.2114381343126297
6273,17,321,0.3110139071941376
6274,17,322,0.20506182312965393
6275,17,323,0.18397511541843414
6276,17,324,0.1636263132095337
6277,17,325,0.18067820370197296
6278,17,326,0.20734229683876038
6279,17,327,0.27808311581611633
6280,17,328,0.2443518191576004
6281,17,329,0.2333032339811325
6282,17,330,0.6053028106689453
6283,17,331,0.2118968516588211
6284,17,332,0.2215687781572342
6285,17,333,0.6398204565048218
6286,17,334,0.2317781001329422
6287,17,335,0.2226729840040207
6288,17,336,0.23261094093322754
6289,17,337,0.243506520986557
6290,17,338,0.2344706505537033
6291,17,339,0.27123957872390747
6292,17,340,0.25990283489227295
6293,17,341,0.3043540120124817
6294,17,342,0.3143117427825928
6295,17,343,0.2988954782485962
6296,17,344,0.22206905484199524
6297,17,345,0.2620214819908142
6298,17,346,0.3188594877719879
6299,17,347,0.26025158166885376
6300,17,348,0.18177351355552673
6301,17,349,0.5996929407119751
6302,17,350,0.19431744515895844
6303,17,351,0.21815761923789978
6304,17,352,0.2491859644651413
6305,17,353,0.19926440715789795
6306,17,354,0.21828481554985046
6307,17,355,0.2889189124107361
6308,17,356,0.24560299515724182
6309,17,357,0.2235734909772873
6310,17,358,0.2553335726261139
6311,17,359,0.22107581794261932
6312,17,360,0.253976047039032
6313,17,361,0.2411777228116989
6314,17,362,0.22223520278930664
6315,17,363,0.22300176322460175
6316,17,364,0.20630232989788055
6317,17,365,0.5426836013793945
6318,17,366,0.207015722990036
6319,17,367,0.20630018413066864
6320,17,368,0.2046786993741989
6321,17,369,0.21113145351409912
6322,17,370,0.167423278093338
6323,17,371,0.2033737152814865
6324,17,372,0.27761656045913696
6325,18,1,0.2393863946199417
6326,18,2,0.19942781329154968
6327,18,3,0.2359979897737503
6328,18,4,0.3298680782318115
6329,18,5,0.1787087321281433
6330,18,6,0.19130486249923706
6331,18,7,0.311544269323349
6332,18,8,0.22738489508628845
6333,18,9,0.2047002613544464
6334,18,10,0.23532406985759735
6335,18,11,0.22617116570472717
6336,18,12,0.20567765831947327
6337,18,13,0.24694284796714783
6338,18,14,0.22098243236541748
6339,18,15,0.2106417864561081
6340,18,16,0.20700876414775848
6341,18,17,0.19075417518615723
6342,18,18,0.47138065099716187
6343,18,19,0.1920192986726761
6344,18,20,0.23448939621448517
6345,18,21,0.22011002898216248
6346,18,22,0.22514203190803528
6347,18,23,0.2747475504875183
6348,18,24,0.2149062156677246
6349,18,25,0.2164892852306366
6350,18,26,0.21874697506427765
6351,18,27,0.19271782040596008
6352,18,28,0.190553218126297
6353,18,29,0.24020925164222717
6354,18,30,0.19930900633335114
6355,18,31,0.24945226311683655
6356,18,32,0.22949925065040588
6357,18,33,0.1983415186405182
6358,18,34,0.17602130770683289
6359,18,35,0.21450230479240417
6360,18,36,0.18083105981349945
6361,18,37,0.22451958060264587
6362,18,38,0.19322505593299866
6363,18,39,0.18874399363994598
6364,18,40,0.19404330849647522
6365,18,41,0.17619644105434418
6366,18,42,0.18457087874412537
6367,18,43,0.22268016636371613
6368,18,44,0.2523062527179718
6369,18,45,0.2462736815214157
6370,18,46,0.23045048117637634
6371,18,47,0.23524698615074158
6372,18,48,0.1943719983100891
6373,18,49,0.2341633141040802
6374,18,50,0.19126169383525848
6375,18,51,0.23915788531303406
6376,18,52,0.2586863040924072
6377,18,53,0.21672558784484863
6378,18,54,0.26010674238204956
6379,18,55,0.24336719512939453
6380,18,56,0.21114464104175568
6381,18,57,0.1638534516096115
6382,18,58,0.21533207595348358
6383,18,59,0.2289884090423584
6384,18,60,0.23854894936084747
6385,18,61,0.2206401526927948
6386,18,62,0.1990443617105484
6387,18,63,0.23227913677692413
6388,18,64,0.23649129271507263
6389,18,65,0.1979713886976242
6390,18,66,0.5390300154685974
6391,18,67,0.22381961345672607
6392,18,68,0.19160404801368713
6393,18,69,0.1914142668247223
6394,18,70,0.1992858648300171
6395,18,71,0.22306028008460999
6396,18,72,0.18914613127708435
6397,18,73,0.2468654364347458
6398,18,74,0.19906601309776306
6399,18,75,0.21799056231975555
6400,18,76,0.22143776714801788
6401,18,77,0.20902368426322937
6402,18,78,0.2435896098613739
6403,18,79,0.26904526352882385
6404,18,80,0.4271603226661682
6405,18,81,0.1717001497745514
6406,18,82,0.26020708680152893
6407,18,83,0.22517180442810059
6408,18,84,0.2369338572025299
6409,18,85,0.2127809226512909
6410,18,86,0.24553783237934113
6411,18,87,0.18180586397647858
6412,18,88,0.21104726195335388
6413,18,89,0.18391713500022888
6414,18,90,0.3167947232723236
6415,18,91,0.1956290900707245
6416,18,92,0.24189016222953796
6417,18,93,0.17326290905475616
6418,18,94,0.28084129095077515
6419,18,95,0.19958385825157166
6420,18,96,0.22643251717090607
6421,18,97,0.18730738759040833
6422,18,98,0.5593656301498413
6423,18,99,0.21139971911907196
6424,18,100,0.23142027854919434
6425,18,101,0.20468337833881378
6426,18,102,0.291075736284256
6427,18,103,0.22280123829841614
6428,18,104,0.30395692586898804
6429,18,105,0.24978192150592804
6430,18,106,0.23045258224010468
6431,18,107,0.25169625878334045
6432,18,108,0.22464537620544434
6433,18,109,0.18831093609333038
6434,18,110,0.1829330176115036
6435,18,111,0.2335711419582367
6436,18,112,0.25964659452438354
6437,18,113,0.22727231681346893
6438,18,114,0.35465145111083984
6439,18,115,0.19572846591472626
6440,18,116,0.21976232528686523
6441,18,117,0.21873927116394043
6442,18,118,0.15128189325332642
6443,18,119,0.21296724677085876
6444,18,120,0.19388051331043243
6445,18,121,0.17752723395824432
6446,18,122,0.20763926208019257
6447,18,123,0.28972727060317993
6448,18,124,0.15109886229038239
6449,18,125,0.313145250082016
6450,18,126,0.2023426592350006
6451,18,127,0.18104439973831177
6452,18,128,0.24374942481517792
6453,18,129,0.1962062418460846
6454,18,130,0.22483332455158234
6455,18,131,0.2495226413011551
6456,18,132,0.1883234679698944
6457,18,133,0.2269710749387741
6458,18,134,0.23917026817798615
6459,18,135,0.1748882383108139
6460,18,136,0.23606082797050476
6461,18,137,0.18878409266471863
6462,18,138,0.196822389960289
6463,18,139,0.3036380410194397
6464,18,140,0.1734214723110199
6465,18,141,0.1916792392730713
6466,18,142,0.23087596893310547
6467,18,143,0.18381182849407196
6468,18,144,0.2027699053287506
6469,18,145,0.24188295006752014
6470,18,146,0.2199443280696869
6471,18,147,0.21324200928211212
6472,18,148,0.2465490847826004
6473,18,149,0.1766790896654129
6474,18,150,0.17256495356559753
6475,18,151,0.2708316445350647
6476,18,152,0.19293242692947388
6477,18,153,0.24118247628211975
6478,18,154,0.23400995135307312
6479,18,155,0.17254403233528137
6480,18,156,0.19328626990318298
6481,18,157,0.28711915016174316
6482,18,158,0.20401152968406677
6483,18,159,0.21489787101745605
6484,18,160,0.2133874148130417
6485,18,161,0.19695988297462463
6486,18,162,0.48320135474205017
6487,18,163,0.17005182802677155
6488,18,164,0.17581522464752197
6489,18,165,0.22827105224132538
6490,18,166,0.26216137409210205
6491,18,167,0.22905726730823517
6492,18,168,0.23510289192199707
6493,18,169,0.21183304488658905
6494,18,170,0.21018724143505096
6495,18,171,0.18030455708503723
6496,18,172,0.2735850214958191
6497,18,173,0.37221452593803406
6498,18,174,0.21864065527915955
6499,18,175,0.19421090185642242
6500,18,176,0.21739371120929718
6501,18,177,0.20170831680297852
6502,18,178,0.17862024903297424
6503,18,179,0.21596674621105194
6504,18,180,0.20638136565685272
6505,18,181,0.21200010180473328
6506,18,182,0.17581474781036377
6507,18,183,0.21115128695964813
6508,18,184,0.2303638905286789
6509,18,185,0.17954348027706146
6510,18,186,0.23053185641765594
6511,18,187,0.21244335174560547
6512,18,188,0.22743824124336243
6513,18,189,0.19762924313545227
6514,18,190,0.17441149055957794
6515,18,191,0.20135393738746643
6516,18,192,0.2169344425201416
6517,18,193,0.2078358232975006
6518,18,194,0.22361262142658234
6519,18,195,0.19666197896003723
6520,18,196,0.22179587185382843
6521,18,197,0.4265388548374176
6522,18,198,0.18392346799373627
6523,18,199,0.2622557282447815
6524,18,200,0.20844273269176483
6525,18,201,0.1996353566646576
6526,18,202,0.22766029834747314
6527,18,203,0.16240568459033966
6528,18,204,0.21354837715625763
6529,18,205,0.19744834303855896
6530,18,206,0.25051742792129517
6531,18,207,0.3727896809577942
6532,18,208,0.20698866248130798
6533,18,209,0.19719235599040985
6534,18,210,0.20142407715320587
6535,18,211,0.18205145001411438
6536,18,212,0.18614551424980164
6537,18,213,0.20600998401641846
6538,18,214,0.22264376282691956
6539,18,215,0.2331525981426239
6540,18,216,0.18457379937171936
6541,18,217,0.22887155413627625
6542,18,218,0.19291406869888306
6543,18,219,0.17691422998905182
6544,18,220,0.19002310931682587
6545,18,221,0.18337570130825043
6546,18,222,0.20399637520313263
6547,18,223,0.17931506037712097
6548,18,224,0.2511935830116272
6549,18,225,0.18665480613708496
6550,18,226,0.25370776653289795
6551,18,227,0.512243926525116
6552,18,228,0.24305863678455353
6553,18,229,0.2707250416278839
6554,18,230,0.1779036819934845
6555,18,231,0.18139289319515228
6556,18,232,0.2081359326839447
6557,18,233,0.177193284034729
6558,18,234,0.18701650202274323
6559,18,235,0.20440587401390076
6560,18,236,0.2550780475139618
6561,18,237,0.24289092421531677
6562,18,238,0.21865737438201904
6563,18,239,0.27249962091445923
6564,18,240,0.23073677718639374
6565,18,241,0.23553669452667236
6566,18,242,0.17982816696166992
6567,18,243,0.2480078637599945
6568,18,244,0.1825547218322754
6569,18,245,0.28577345609664917
6570,18,246,0.22196915745735168
6571,18,247,0.2413337230682373
6572,18,248,0.24316425621509552
6573,18,249,0.20462016761302948
6574,18,250,0.2148847132921219
6575,18,251,0.18327055871486664
6576,18,252,0.19189278781414032
6577,18,253,0.19500868022441864
6578,18,254,0.24845393002033234
6579,18,255,0.17694905400276184
6580,18,256,0.22907456755638123
6581,18,257,0.21617558598518372
6582,18,258,0.5222989320755005
6583,18,259,0.183485209941864
6584,18,260,0.16787424683570862
6585,18,261,0.1946699172258377
6586,18,262,0.1844634711742401
6587,18,263,0.29707565903663635
6588,18,264,0.19941958785057068
6589,18,265,0.3021317422389984
6590,18,266,0.22061268985271454
6591,18,267,0.25285249948501587
6592,18,268,0.23222124576568604
6593,18,269,0.23231199383735657
6594,18,270,0.20379328727722168
6595,18,271,0.19573484361171722
6596,18,272,0.2097204625606537
6597,18,273,0.24515394866466522
6598,18,274,0.26351651549339294
6599,18,275,0.20354405045509338
6600,18,276,0.23378083109855652
6601,18,277,0.22465789318084717
6602,18,278,0.17814020812511444
6603,18,279,0.18754638731479645
6604,18,280,0.23287880420684814
6605,18,281,0.22039218246936798
6606,18,282,0.2142694741487503
6607,18,283,0.233527272939682
6608,18,284,0.2834121286869049
6609,18,285,0.25464823842048645
6610,18,286,0.19034913182258606
6611,18,287,0.5866698026657104
6612,18,288,0.21685031056404114
6613,18,289,0.15214118361473083
6614,18,290,0.24951665103435516
6615,18,291,0.2631714642047882
6616,18,292,0.20947232842445374
6617,18,293,0.33211424946784973
6618,18,294,0.1868927925825119
6619,18,295,0.1827688366174698
6620,18,296,0.2175942361354828
6621,18,297,0.18520724773406982
6622,18,298,0.21198102831840515
6623,18,299,0.23860648274421692
6624,18,300,0.1954924762248993
6625,18,301,0.19580943882465363
6626,18,302,0.19104571640491486
6627,18,303,0.1911674439907074
6628,18,304,0.18591415882110596
6629,18,305,0.18913067877292633
6630,18,306,0.25065308809280396
6631,18,307,0.19918516278266907
6632,18,308,0.27632591128349304
6633,18,309,0.5975215435028076
6634,18,310,0.17334599792957306
6635,18,311,0.18501263856887817
6636,18,312,0.20485159754753113
6637,18,313,0.24173274636268616
6638,18,314,0.21274490654468536
6639,18,315,0.21181567013263702
6640,18,316,0.1750078648328781
6641,18,317,0.17345887422561646
6642,18,318,0.2330523282289505
6643,18,319,0.17824986577033997
6644,18,320,0.26184889674186707
6645,18,321,0.17214569449424744
6646,18,322,0.2044748067855835
6647,18,323,0.19054989516735077
6648,18,324,0.2558567523956299
6649,18,325,0.1977367103099823
6650,18,326,0.20008349418640137
6651,18,327,0.24926909804344177
6652,18,328,0.2087421417236328
6653,18,329,0.17934808135032654
6654,18,330,0.24657945334911346
6655,18,331,0.19516125321388245
6656,18,332,0.5449976325035095
6657,18,333,0.17000368237495422
6658,18,334,0.2419205605983734
6659,18,335,0.21783113479614258
6660,18,336,0.16998331248760223
6661,18,337,0.22914624214172363
6662,18,338,0.19870033860206604
6663,18,339,0.21398703753948212
6664,18,340,0.1811932772397995
6665,18,341,0.3104372024536133
6666,18,342,0.22631438076496124
6667,18,343,0.21337851881980896
6668,18,344,0.19174985587596893
6669,18,345,0.22443386912345886
6670,18,346,0.17934437096118927
6671,18,347,0.17532207071781158
6672,18,348,0.23626534640789032
6673,18,349,0.5277343392372131
6674,18,350,0.201664537191391
6675,18,351,0.17626968026161194
6676,18,352,0.1870887130498886
6677,18,353,0.1974310576915741
6678,18,354,0.24066773056983948
6679,18,355,0.17359128594398499
6680,18,356,0.24042034149169922
6681,18,357,0.20095786452293396
6682,18,358,0.2051723301410675
6683,18,359,0.23535588383674622
6684,18,360,0.1930980235338211
6685,18,361,0.2097312957048416
6686,18,362,0.21895404160022736
6687,18,363,0.19254112243652344
6688,18,364,0.2663764953613281
6689,18,365,0.34944698214530945
6690,18,366,0.17119137942790985
6691,18,367,0.19224216043949127
6692,18,368,0.19260334968566895
6693,18,369,0.2664199471473694
6694,18,370,0.20993070304393768
6695,18,371,0.2269945591688156
6696,18,372,0.1978711187839508
6697,19,1,0.2278277575969696
6698,19,2,0.20967181026935577
6699,19,3,0.17903491854667664
6700,19,4,0.21458490192890167
6701,19,5,0.20639750361442566
6702,19,6,0.2285643368959427
6703,19,7,0.3180158734321594
6704,19,8,0.21726632118225098
6705,19,9,0.1994815468788147
6706,19,10,0.26446935534477234
6707,19,11,0.33157822489738464
6708,19,12,0.21137043833732605
6709,19,13,0.19957351684570312
6710,19,14,0.19458702206611633
6711,19,15,0.2075280398130417
6712,19,16,0.21125464141368866
6713,19,17,0.24031773209571838
6714,19,18,0.21540966629981995
6715,19,19,0.20630092918872833
6716,19,20,0.22243914008140564
6717,19,21,0.17112210392951965
6718,19,22,0.2519141137599945
6719,19,23,0.17511045932769775
6720,19,24,0.47580623626708984
6721,19,25,0.2215394526720047
6722,19,26,0.27868908643722534
6723,19,27,0.17841379344463348
6724,19,28,0.1972082555294037
6725,19,29,0.2138281613588333
6726,19,30,0.2115582972764969
6727,19,31,0.19186261296272278
6728,19,32,0.2237437665462494
6729,19,33,0.22940096259117126
6730,19,34,0.18639639019966125
6731,19,35,0.15761104226112366
6732,19,36,0.15216568112373352
6733,19,37,0.1919587254524231
6734,19,38,0.23930275440216064
6735,19,39,0.23818650841712952
6736,19,40,0.20699937641620636
6737,19,41,0.1782839000225067
6738,19,42,0.22956936061382294
6739,19,43,0.17486386001110077
6740,19,44,0.16906696557998657
6741,19,45,0.18898658454418182
6742,19,46,0.5083942413330078
6743,19,47,0.2411569058895111
6744,19,48,0.24940523505210876
6745,19,49,0.1918107271194458
6746,19,50,0.21532490849494934
6747,19,51,0.17491991817951202
6748,19,52,0.20159712433815002
6749,19,53,0.22343572974205017
6750,19,54,0.1791056990623474
6751,19,55,0.23865608870983124
6752,19,56,0.4116377830505371
6753,19,57,0.19611617922782898
6754,19,58,0.21014586091041565
6755,19,59,0.19806405901908875
6756,19,60,0.2182578593492508
6757,19,61,0.15935924649238586
6758,19,62,0.20501062273979187
6759,19,63,0.14295849204063416
6760,19,64,0.2126704752445221
6761,19,65,0.20759132504463196
6762,19,66,0.24270792305469513
6763,19,67,0.1858365833759308
6764,19,68,0.15095239877700806
6765,19,69,0.22576169669628143
6766,19,70,0.20939061045646667
6767,19,71,0.15036270022392273
6768,19,72,0.19350199401378632
6769,19,73,0.21417367458343506
6770,19,74,0.23028616607189178
6771,19,75,0.16757850348949432
6772,19,76,0.21515712141990662
6773,19,77,0.1824200451374054
6774,19,78,0.5231944918632507
6775,19,79,0.1915290802717209
6776,19,80,0.20996852219104767
6777,19,81,0.16846393048763275
6778,19,82,0.2251875400543213
6779,19,83,0.1503068506717682
6780,19,84,0.20479080080986023
6781,19,85,0.20034785568714142
6782,19,86,0.19408062100410461
6783,19,87,0.20497533679008484
6784,19,88,0.1656961292028427
6785,19,89,0.24905729293823242
6786,19,90,0.19156590104103088
6787,19,91,0.25103896856307983
6788,19,92,0.19272923469543457
6789,19,93,0.2112157791852951
6790,19,94,0.18637299537658691
6791,19,95,0.23071956634521484
6792,19,96,0.19805005192756653
6793,19,97,0.2412751168012619
6794,19,98,0.20684072375297546
6795,19,99,0.2537531852722168
6796,19,100,0.2378169596195221
6797,19,101,0.22440946102142334
6798,19,102,0.2928939461708069
6799,19,103,0.19949178397655487
6800,19,104,0.26580971479415894
6801,19,105,0.1716812551021576
6802,19,106,0.1648276150226593
6803,19,107,0.256448358297348
6804,19,108,0.20282506942749023
6805,19,109,0.19590896368026733
6806,19,110,0.4680601954460144
6807,19,111,0.18550695478916168
6808,19,112,0.17651428282260895
6809,19,113,0.20659935474395752
6810,19,114,0.18994446098804474
6811,19,115,0.26586681604385376
6812,19,116,0.2224625051021576
6813,19,117,0.2045508325099945
6814,19,118,0.17689496278762817
6815,19,119,0.22073963284492493
6816,19,120,0.16079705953598022
6817,19,121,0.24881777167320251
6818,19,122,0.24528463184833527
6819,19,123,0.2316378653049469
6820,19,124,0.18685582280158997
6821,19,125,0.29144054651260376
6822,19,126,0.15392059087753296
6823,19,127,0.24559298157691956
6824,19,128,0.17662887275218964
6825,19,129,0.19823378324508667
6826,19,130,0.19211873412132263
6827,19,131,0.1925140917301178
6828,19,132,0.18592390418052673
6829,19,133,0.2704900801181793
6830,19,134,0.19873592257499695
6831,19,135,0.2482294738292694
6832,19,136,0.20574429631233215
6833,19,137,0.2195604145526886
6834,19,138,0.23226411640644073
6835,19,139,0.2588338255882263
6836,19,140,0.2314806878566742
6837,19,141,0.21916981041431427
6838,19,142,0.21911510825157166
6839,19,143,0.20475396513938904
6840,19,144,0.2174064666032791
6841,19,145,0.1988319754600525
6842,19,146,0.204173281788826
6843,19,147,0.19506900012493134
6844,19,148,0.20908120274543762
6845,19,149,0.16781164705753326
6846,19,150,0.26072508096694946
6847,19,151,0.2972904443740845
6848,19,152,0.6752482652664185
6849,19,153,0.18108204007148743
6850,19,154,0.19997034966945648
6851,19,155,0.2272685021162033
6852,19,156,0.13833148777484894
6853,19,157,0.2039184272289276
6854,19,158,0.18398484587669373
6855,19,159,0.22624917328357697
6856,19,160,0.20657959580421448
6857,19,161,0.22061176598072052
6858,19,162,0.16803006827831268
6859,19,163,0.19219999015331268
6860,19,164,0.2518066167831421
6861,19,165,0.25737884640693665
6862,19,166,0.2063572108745575
6863,19,167,0.22989889979362488
6864,19,168,0.27785149216651917
6865,19,169,0.16615746915340424
6866,19,170,0.17971067130565643
6867,19,171,0.18242725729942322
6868,19,172,0.19404682517051697
6869,19,173,0.20728012919425964
6870,19,174,0.22546494007110596
6871,19,175,0.2149287909269333
6872,19,176,0.21432891488075256
6873,19,177,0.20885522663593292
6874,19,178,0.21582119166851044
6875,19,179,0.20992593467235565
6876,19,180,0.22188015282154083
6877,19,181,0.16910216212272644
6878,19,182,0.2592341899871826
6879,19,183,0.3155074715614319
6880,19,184,0.2371690720319748
6881,19,185,0.23070590198040009
6882,19,186,0.22647759318351746
6883,19,187,0.258414089679718
6884,19,188,0.1560778021812439
6885,19,189,0.22255566716194153
6886,19,190,0.1663489043712616
6887,19,191,0.20423249900341034
6888,19,192,0.19380377233028412
6889,19,193,0.22452977299690247
6890,19,194,0.2088468074798584
6891,19,195,0.2165742814540863
6892,19,196,0.2354094684123993
6893,19,197,0.23064008355140686
6894,19,198,0.20989477634429932
6895,19,199,0.2033843994140625
6896,19,200,0.25715601444244385
6897,19,201,0.26204603910446167
6898,19,202,0.21741609275341034
6899,19,203,0.4613216519355774
6900,19,204,0.21060757339000702
6901,19,205,0.22371956706047058
6902,19,206,0.18016745150089264
6903,19,207,0.23828816413879395
6904,19,208,0.2123744934797287
6905,19,209,0.2165539711713791
6906,19,210,0.21253517270088196
6907,19,211,0.19348996877670288
6908,19,212,0.21794641017913818
6909,19,213,0.22464701533317566
6910,19,214,0.2249736785888672
6911,19,215,0.20844802260398865
6912,19,216,0.22846582531929016
6913,19,217,0.2649500370025635
6914,19,218,0.33093029260635376
6915,19,219,0.24377691745758057
6916,19,220,0.26676100492477417
6917,19,221,0.22803941369056702
6918,19,222,0.22814062237739563
6919,19,223,0.2540052831172943
6920,19,224,0.24162766337394714
6921,19,225,0.19330033659934998
6922,19,226,0.1812371164560318
6923,19,227,0.23215825855731964
6924,19,228,0.25962409377098083
6925,19,229,0.2166154384613037
6926,19,230,0.32292670011520386
6927,19,231,0.1749432384967804
6928,19,232,0.19706593453884125
6929,19,233,0.1898464411497116
6930,19,234,0.20322653651237488
6931,19,235,0.22044691443443298
6932,19,236,0.23424288630485535
6933,19,237,0.19127210974693298
6934,19,238,0.21250291168689728
6935,19,239,0.6844574213027954
6936,19,240,0.1434604972600937
6937,19,241,0.20866818726062775
6938,19,242,0.2002263069152832
6939,19,243,0.22190351784229279
6940,19,244,0.1914292275905609
6941,19,245,0.2156703770160675
6942,19,246,0.18070925772190094
6943,19,247,0.30227452516555786
6944,19,248,0.1579374521970749
6945,19,249,0.1699804663658142
6946,19,250,0.27040114998817444
6947,19,251,0.29393529891967773
6948,19,252,0.17968633770942688
6949,19,253,0.20047032833099365
6950,19,254,0.22935673594474792
6951,19,255,0.21198239922523499
6952,19,256,0.17699626088142395
6953,19,257,0.21205298602581024
6954,19,258,0.17918716371059418
6955,19,259,0.21187272667884827
6956,19,260,0.24172990024089813
6957,19,261,0.2138189822435379
6958,19,262,0.3219427466392517
6959,19,263,0.2935406267642975
6960,19,264,0.22539445757865906
6961,19,265,0.22241206467151642
6962,19,266,0.23682832717895508
6963,19,267,0.24771282076835632
6964,19,268,0.15887652337551117
6965,19,269,0.23372499644756317
6966,19,270,0.23446683585643768
6967,19,271,0.21210579574108124
6968,19,272,0.2126731127500534
6969,19,273,0.2448405772447586
6970,19,274,0.22014765441417694
6971,19,275,0.19236703217029572
6972,19,276,0.2333260029554367
6973,19,277,0.21678629517555237
6974,19,278,0.22300902009010315
6975,19,279,0.1913067102432251
6976,19,280,0.2562636733055115
6977,19,281,0.2689913213253021
6978,19,282,0.2274572104215622
6979,19,283,0.17737475037574768
6980,19,284,0.25225892663002014
6981,19,285,0.23413893580436707
6982,19,286,0.222197487950325
6983,19,287,0.16642263531684875
6984,19,288,0.18662536144256592
6985,19,289,0.18869030475616455
6986,19,290,0.18846818804740906
6987,19,291,0.1847793608903885
6988,19,292,0.24752357602119446
6989,19,293,0.1863635778427124
6990,19,294,0.2502824366092682
6991,19,295,0.19487127661705017
6992,19,296,0.24134621024131775
6993,19,297,0.21247589588165283
6994,19,298,0.21464645862579346
6995,19,299,0.2147659808397293
6996,19,300,0.22589612007141113
6997,19,301,0.17345091700553894
6998,19,302,0.2507641613483429
6999,19,303,0.23446562886238098
7000,19,304,0.17634117603302002
7001,19,305,0.1646891087293625
7002,19,306,0.17244595289230347
7003,19,307,0.19289174675941467
7004,19,308,0.2116624116897583
7005,19,309,0.23042941093444824
7006,19,310,0.19491322338581085
7007,19,311,0.200848788022995
7008,19,312,0.1964585781097412
7009,19,313,0.19070763885974884
7010,19,314,0.16590721905231476
7011,19,315,0.2046622335910797
7012,19,316,0.203696608543396
7013,19,317,0.2787987291812897
7014,19,318,0.16524454951286316
7015,19,319,0.18068675696849823
7016,19,320,0.21653743088245392
7017,19,321,0.21857237815856934
7018,19,322,0.209425687789917
7019,19,323,0.18859754502773285
7020,19,324,0.2259180247783661
7021,19,325,0.1623467355966568
7022,19,326,0.20298263430595398
7023,19,327,0.1955370306968689
7024,19,328,0.4335084855556488
7025,19,329,0.20597228407859802
7026,19,330,0.2180670201778412
7027,19,331,0.17180128395557404
7028,19,332,0.21588294208049774
7029,19,333,0.18683019280433655
7030,19,334,0.16059981286525726
7031,19,335,0.3407352566719055
7032,19,336,0.18740230798721313
7033,19,337,0.2086155116558075
7034,19,338,0.2053292691707611
7035,19,339,0.21729400753974915
7036,19,340,0.2193496972322464
7037,19,341,0.20421656966209412
7038,19,342,0.20288069546222687
7039,19,343,0.19327619671821594
7040,19,344,0.1841774731874466
7041,19,345,0.23546619713306427
7042,19,346,0.1632344275712967
7043,19,347,0.22933299839496613
7044,19,348,0.17535069584846497
7045,19,349,0.20582818984985352
7046,19,350,0.19854429364204407
7047,19,351,0.25551754236221313
7048,19,352,0.22368629276752472
7049,19,353,0.21567673981189728
7050,19,354,0.23000626266002655
7051,19,355,0.5537773370742798
7052,19,356,0.21736440062522888
7053,19,357,0.31812769174575806
7054,19,358,0.16398213803768158
7055,19,359,0.27661648392677307
7056,19,360,0.17610564827919006
7057,19,361,0.246941477060318
7058,19,362,0.19407173991203308
7059,19,363,0.17051231861114502
7060,19,364,0.513733446598053
7061,19,365,0.18466484546661377
7062,19,366,0.18160168826580048
7063,19,367,0.22063139081001282
7064,19,368,0.2095058709383011
7065,19,369,0.18912935256958008
7066,19,370,0.18540909886360168
7067,19,371,0.21895721554756165
7068,19,372,0.20069357752799988
7069,20,1,0.20028719305992126
7070,20,2,0.19723033905029297
7071,20,3,0.4405766427516937
7072,20,4,0.18365032970905304
7073,20,5,0.19201068580150604
7074,20,6,0.16751083731651306
7075,20,7,0.19785426557064056
7076,20,8,0.1792849600315094
7077,20,9,0.2629821300506592
7078,20,10,0.27137625217437744
7079,20,11,0.1960677206516266
7080,20,12,0.17746028304100037
7081,20,13,0.20957978069782257
7082,20,14,0.18269763886928558
7083,20,15,0.2433350384235382
7084,20,16,0.2077672928571701
7085,20,17,0.19238267838954926
7086,20,18,0.40056219696998596
7087,20,19,0.2100526988506317
7088,20,20,0.18649302423000336
7089,20,21,0.287270724773407
7090,20,22,0.2665060758590698
7091,20,23,0.2434750348329544
7092,20,24,0.194740891456604
7093,20,25,0.2001662701368332
7094,20,26,0.18919159471988678
7095,20,27,0.21232900023460388
7096,20,28,0.26194438338279724
7097,20,29,0.1592702567577362
7098,20,30,0.16011755168437958
7099,20,31,0.18089470267295837
7100,20,32,0.18401508033275604
7101,20,33,0.17901456356048584
7102,20,34,0.21326343715190887
7103,20,35,0.15027815103530884
7104,20,36,0.20642593502998352
7105,20,37,0.23823857307434082
7106,20,38,0.43889904022216797
7107,20,39,0.22306828200817108
7108,20,40,0.21142888069152832
7109,20,41,0.15732112526893616
7110,20,42,0.1831841915845871
7111,20,43,0.20654959976673126
7112,20,44,0.18820741772651672
7113,20,45,0.18874338269233704
7114,20,46,0.22872976958751678
7115,20,47,0.17432214319705963
7116,20,48,0.27311453223228455
7117,20,49,0.16904273629188538
7118,20,50,0.18690447509288788
7119,20,51,0.1859058439731598
7120,20,52,0.17643770575523376
7121,20,53,0.1835748255252838
7122,20,54,0.24204190075397491
7123,20,55,0.22767746448516846
7124,20,56,0.18763816356658936
7125,20,57,0.19224068522453308
7126,20,58,0.16060617566108704
7127,20,59,0.22460155189037323
7128,20,60,0.19775107502937317
7129,20,61,0.22827140986919403
7130,20,62,0.1844799816608429
7131,20,63,0.21437188982963562
7132,20,64,0.2644801437854767
7133,20,65,0.2960192859172821
7134,20,66,0.25228580832481384
7135,20,67,0.1746172457933426
7136,20,68,0.22682607173919678
7137,20,69,0.1655830442905426
7138,20,70,0.19552627205848694
7139,20,71,0.18424810469150543
7140,20,72,0.19925758242607117
7141,20,73,0.21173658967018127
7142,20,74,0.1647622287273407
7143,20,75,0.24028313159942627
7144,20,76,0.18843789398670197
7145,20,77,0.24724391102790833
7146,20,78,0.19075965881347656
7147,20,79,0.21958968043327332
7148,20,80,0.16415058076381683
7149,20,81,0.2590615153312683
7150,20,82,0.15958033502101898
7151,20,83,0.1773090660572052
7152,20,84,0.22307229042053223
7153,20,85,0.19872725009918213
7154,20,86,0.2642071545124054
7155,20,87,0.20134687423706055
7156,20,88,0.2162170708179474
7157,20,89,0.2772786617279053
7158,20,90,0.18530665338039398
7159,20,91,0.20753586292266846
7160,20,92,0.1642874777317047
7161,20,93,0.20862464606761932
7162,20,94,0.16773489117622375
7163,20,95,0.19526249170303345
7164,20,96,0.21169999241828918
7165,20,97,0.18690086901187897
7166,20,98,0.20077379047870636
7167,20,99,0.2095305472612381
7168,20,100,0.42418909072875977
7169,20,101,0.19386015832424164
7170,20,102,0.1908731460571289
7171,20,103,0.16465917229652405
7172,20,104,0.20761999487876892
7173,20,105,0.22323648631572723
7174,20,106,0.1688896119594574
7175,20,107,0.19771791994571686
7176,20,108,0.5014325380325317
7177,20,109,0.18556290864944458
7178,20,110,0.19329996407032013
7179,20,111,0.18072354793548584
7180,20,112,0.25350987911224365
7181,20,113,0.2230362594127655
7182,20,114,0.19476230442523956
7183,20,115,0.21907150745391846
7184,20,116,0.20868778228759766
7185,20,117,0.19201551377773285
7186,20,118,0.19179055094718933
7187,20,119,0.19472935795783997
7188,20,120,0.21266499161720276
7189,20,121,0.35696205496788025
7190,20,122,0.19016258418560028
7191,20,123,0.22658666968345642
7192,20,124,0.1992279589176178
7193,20,125,0.3637154698371887
7194,20,126,0.23362109065055847
7195,20,127,0.22578510642051697
7196,20,128,0.22384659945964813
7197,20,129,0.21807853877544403
7198,20,130,0.24362699687480927
7199,20,131,0.2087940275669098
7200,20,132,0.1997089385986328
7201,20,133,0.36917027831077576
7202,20,134,0.1964750736951828
7203,20,135,0.21332600712776184
7204,20,136,0.205159991979599
7205,20,137,0.2083812952041626
7206,20,138,0.201939657330513
7207,20,139,0.19265314936637878
7208,20,140,0.19263489544391632
7209,20,141,0.195866659283638
7210,20,142,0.2162318229675293
7211,20,143,0.27769580483436584
7212,20,144,0.26345163583755493
7213,20,145,0.19000041484832764
7214,20,146,0.18254391849040985
7215,20,147,0.20419800281524658
7216,20,148,0.259166955947876
7217,20,149,0.20477476716041565
7218,20,150,0.27050113677978516
7219,20,151,0.17275193333625793
7220,20,152,0.2706317603588104
7221,20,153,0.23071067035198212
7222,20,154,0.2006005346775055
7223,20,155,0.1835319697856903
7224,20,156,0.1892104297876358
7225,20,157,0.18871673941612244
7226,20,158,0.18954770267009735
7227,20,159,0.18589241802692413
7228,20,160,0.2307409793138504
7229,20,161,0.19517600536346436
7230,20,162,0.24105329811573029
7231,20,163,0.22876088321208954
7232,20,164,0.2234981805086136
7233,20,165,0.2046516388654709
7234,20,166,0.16720327734947205
7235,20,167,0.1792730987071991
7236,20,168,0.1890241652727127
7237,20,169,0.20105883479118347
7238,20,170,0.2088230550289154
7239,20,171,0.21256735920906067
7240,20,172,0.25773629546165466
7241,20,173,0.18351812660694122
7242,20,174,0.23807621002197266
7243,20,175,0.16330285370349884
7244,20,176,0.15957625210285187
7245,20,177,0.20202231407165527
7246,20,178,0.1859101951122284
7247,20,179,0.21353738009929657
7248,20,180,0.18228229880332947
7249,20,181,0.17034506797790527
7250,20,182,0.17381933331489563
7251,20,183,0.1989554464817047
7252,20,184,0.20330938696861267
7253,20,185,0.230259507894516
7254,20,186,0.2035369873046875
7255,20,187,0.18909133970737457
7256,20,188,0.19300362467765808
7257,20,189,0.16293486952781677
7258,20,190,0.1805422604084015
7259,20,191,0.18664172291755676
7260,20,192,0.1998501420021057
7261,20,193,0.21167783439159393
7262,20,194,0.15808771550655365
7263,20,195,0.2919744849205017
7264,20,196,0.22323736548423767
7265,20,197,0.19351932406425476
7266,20,198,0.20600810647010803
7267,20,199,0.16241060197353363
7268,20,200,0.2725452184677124
7269,20,201,0.2610953748226166
7270,20,202,0.17950403690338135
7271,20,203,0.22565889358520508
7272,20,204,0.15702736377716064
7273,20,205,0.21639606356620789
7274,20,206,0.2292899787425995
7275,20,207,0.23893260955810547
7276,20,208,0.15901531279087067
7277,20,209,0.1890091747045517
7278,20,210,0.21238307654857635
7279,20,211,0.17240722477436066
7280,20,212,0.23290403187274933
7281,20,213,0.17552992701530457
7282,20,214,0.18756912648677826
7283,20,215,0.1915401965379715
7284,20,216,0.1926603615283966
7285,20,217,0.20986433327198029
7286,20,218,0.18311543762683868
7287,20,219,0.18803176283836365
7288,20,220,0.1760769784450531
7289,20,221,0.19822528958320618
7290,20,222,0.2005760371685028
7291,20,223,0.21328742802143097
7292,20,224,0.18537716567516327
7293,20,225,0.21713373064994812
7294,20,226,0.16440871357917786
7295,20,227,0.2401351034641266
7296,20,228,0.20022296905517578
7297,20,229,0.2853345274925232
7298,20,230,0.217985600233078
7299,20,231,0.27613765001296997
7300,20,232,0.18951824307441711
7301,20,233,0.24226804077625275
7302,20,234,0.18954184651374817
7303,20,235,0.32487139105796814
7304,20,236,0.16835269331932068
7305,20,237,0.2825814485549927
7306,20,238,0.19417433440685272
7307,20,239,0.19680966436862946
7308,20,240,0.17762364447116852
7309,20,241,0.18611234426498413
7310,20,242,0.15104547142982483
7311,20,243,0.22212345898151398
7312,20,244,0.155033677816391
7313,20,245,0.20623192191123962
7314,20,246,0.21244283020496368
7315,20,247,0.17386455833911896
7316,20,248,0.22373223304748535
7317,20,249,0.18986566364765167
7318,20,250,0.1591452807188034
7319,20,251,0.1816748082637787
7320,20,252,0.1664077341556549
7321,20,253,0.16881832480430603
7322,20,254,0.20667636394500732
7323,20,255,0.19797146320343018
7324,20,256,0.1899147927761078
7325,20,257,0.1853603571653366
7326,20,258,0.18343783915042877
7327,20,259,0.16924192011356354
7328,20,260,0.21501728892326355
7329,20,261,0.21048815548419952
7330,20,262,0.1868172436952591
7331,20,263,0.19571521878242493
7332,20,264,0.1801634132862091
7333,20,265,0.18050892651081085
7334,20,266,0.19742350280284882
7335,20,267,0.18991191685199738
7336,20,268,0.15510836243629456
7337,20,269,0.44974690675735474
7338,20,270,0.15829125046730042
7339,20,271,0.1803779900074005
7340,20,272,0.19062790274620056
7341,20,273,0.22189493477344513
7342,20,274,0.21918436884880066
7343,20,275,0.2619544565677643
7344,20,276,0.1871252954006195
7345,20,277,0.17412523925304413
7346,20,278,0.19479510188102722
7347,20,279,0.1595962941646576
7348,20,280,0.18007728457450867
7349,20,281,0.2956492304801941
7350,20,282,0.5073481798171997
7351,20,283,0.20232009887695312
7352,20,284,0.18007314205169678
7353,20,285,0.22567708790302277
7354,20,286,0.16859233379364014
7355,20,287,0.25458213686943054
7356,20,288,0.2838535010814667
7357,20,289,0.17418600618839264
7358,20,290,0.17349635064601898
7359,20,291,0.17790824174880981
7360,20,292,0.19622528553009033
7361,20,293,0.17437508702278137
7362,20,294,0.23039761185646057
7363,20,295,0.27003994584083557
7364,20,296,0.2144191563129425
7365,20,297,0.1990828663110733
7366,20,298,0.19289571046829224
7367,20,299,0.2560686469078064
7368,20,300,0.19676193594932556
7369,20,301,0.21717306971549988
7370,20,302,0.2181488275527954
7371,20,303,0.26446467638015747
7372,20,304,0.17386017739772797
7373,20,305,0.22523121535778046
7374,20,306,0.24610535800457
7375,20,307,0.19603583216667175
7376,20,308,0.14319275319576263
7377,20,309,0.22561976313591003
7378,20,310,0.1847231686115265
7379,20,311,0.27559107542037964
7380,20,312,0.2367781698703766
7381,20,313,0.20280340313911438
7382,20,314,0.2795965075492859
7383,20,315,0.21095266938209534
7384,20,316,0.20631282031536102
7385,20,317,0.2358701229095459
7386,20,318,0.20411422848701477
7387,20,319,0.1890266090631485
7388,20,320,0.21292197704315186
7389,20,321,0.2499895989894867
7390,20,322,0.2382105588912964
7391,20,323,0.1897272765636444
7392,20,324,0.2872735559940338
7393,20,325,0.21121573448181152
7394,20,326,0.2686197757720947
7395,20,327,0.20519308745861053
7396,20,328,0.2094775140285492
7397,20,329,0.3227253556251526
7398,20,330,0.19698116183280945
7399,20,331,0.24133546650409698
7400,20,332,0.21567487716674805
7401,20,333,0.3390425145626068
7402,20,334,0.31982314586639404
7403,20,335,0.24507097899913788
7404,20,336,0.20274165272712708
7405,20,337,0.19386550784111023
7406,20,338,0.3442104756832123
7407,20,339,0.22242388129234314
7408,20,340,0.1932637095451355
7409,20,341,0.22968897223472595
7410,20,342,0.21211567521095276
7411,20,343,0.17582640051841736
7412,20,344,0.20531339943408966
7413,20,345,0.20875036716461182
7414,20,346,0.23501184582710266
7415,20,347,0.248268723487854
7416,20,348,0.20940208435058594
7417,20,349,0.2892152667045593
7418,20,350,0.19258058071136475
7419,20,351,0.23049798607826233
7420,20,352,0.18710191547870636
7421,20,353,0.16962644457817078
7422,20,354,0.2174331694841385
7423,20,355,0.23925897479057312
7424,20,356,0.2315036803483963
7425,20,357,0.18854863941669464
7426,20,358,0.2701764702796936
7427,20,359,0.19761061668395996
7428,20,360,0.2155577689409256
7429,20,361,0.3051416873931885
7430,20,362,0.20007812976837158
7431,20,363,0.18472769856452942
7432,20,364,0.17737650871276855
7433,20,365,0.22155502438545227
7434,20,366,0.1894298642873764
7435,20,367,0.25353559851646423
7436,20,368,0.28227293491363525
7437,20,369,0.5408284664154053
7438,20,370,0.2010791003704071
7439,20,371,0.1915355771780014
7440,20,372,0.23538213968276978
7441,21,1,0.20386862754821777
7442,21,2,0.29477646946907043
7443,21,3,0.17347005009651184
7444,21,4,0.21556827425956726
7445,21,5,0.21361024677753448
7446,21,6,0.20317523181438446
7447,21,7,0.21942687034606934
7448,21,8,0.20898433029651642
7449,21,9,0.21402010321617126
7450,21,10,0.2919881045818329
7451,21,11,0.20714624226093292
7452,21,12,0.28650471568107605
7453,21,13,0.1656123697757721
7454,21,14,0.2495613992214203
7455,21,15,0.18613550066947937
7456,21,16,0.19562432169914246
7457,21,17,0.21571996808052063
7458,21,18,0.2301236093044281
7459,21,19,0.18921402096748352
7460,21,20,0.19193479418754578
7461,21,21,0.22160322964191437
7462,21,22,0.20937108993530273
7463,21,23,0.1996324509382248
7464,21,24,0.19761542975902557
7465,21,25,0.2239263355731964
7466,21,26,0.18158884346485138
7467,21,27,0.19868047535419464
7468,21,28,0.22349146008491516
7469,21,29,0.25734537839889526
7470,21,30,0.2002790868282318
7471,21,31,0.19418880343437195
7472,21,32,0.24688038229942322
7473,21,33,0.1969727724790573
7474,21,34,0.23375937342643738
7475,21,35,0.18740728497505188
7476,21,36,0.24201789498329163
7477,21,37,0.17925667762756348
7478,21,38,0.22338242828845978
7479,21,39,0.22394327819347382
7480,21,40,0.23388902842998505
7481,21,41,0.17393794655799866
7482,21,42,0.2195274531841278
7483,21,43,0.22089676558971405
7484,21,44,0.2267252504825592
7485,21,45,0.1791328340768814
7486,21,46,0.20122449100017548
7487,21,47,0.21386830508708954
7488,21,48,0.20209014415740967
7489,21,49,0.18834438920021057
7490,21,50,0.18180900812149048
7491,21,51,0.21707606315612793
7492,21,52,0.19761697947978973
7493,21,53,0.22061796486377716
7494,21,54,0.23462145030498505
7495,21,55,0.19186067581176758
7496,21,56,0.20142503082752228
7497,21,57,0.18048223853111267
7498,21,58,0.30048447847366333
7499,21,59,0.22519564628601074
7500,21,60,0.19686178863048553
7501,21,61,0.16578707098960876
7502,21,62,0.20802578330039978
7503,21,63,0.2173050194978714
7504,21,64,0.19900362193584442
7505,21,65,0.21474066376686096
7506,21,66,0.17633166909217834
7507,21,67,0.2476605921983719
7508,21,68,0.2648584544658661
7509,21,69,0.16606739163398743
7510,21,70,0.19328872859477997
7511,21,71,0.24491801857948303
7512,21,72,0.19162693619728088
7513,21,73,0.28130778670310974
7514,21,74,0.16219660639762878
7515,21,75,0.2034759819507599
7516,21,76,0.34644919633865356
7517,21,77,0.16856148838996887
7518,21,78,0.20251555740833282
7519,21,79,0.1880127489566803
7520,21,80,0.21861223876476288
7521,21,81,0.15244193375110626
7522,21,82,0.20630666613578796
7523,21,83,0.2090720683336258
7524,21,84,0.20864279568195343
7525,21,85,0.18183615803718567
7526,21,86,0.23849892616271973
7527,21,87,0.16479243338108063
7528,21,88,0.26697438955307007
7529,21,89,0.24246668815612793
7530,21,90,0.21389345824718475
7531,21,91,0.4379984736442566
7532,21,92,0.18836669623851776
7533,21,93,0.20022554695606232
7534,21,94,0.235641211271286
7535,21,95,0.26185739040374756
7536,21,96,0.22416217625141144
7537,21,97,0.3033570349216461
7538,21,98,0.18192972242832184
7539,21,99,0.2074868232011795
7540,21,100,0.1911165416240692
7541,21,101,0.22748860716819763
7542,21,102,0.18808987736701965
7543,21,103,0.18602290749549866
7544,21,104,0.19700345396995544
7545,21,105,0.1989087611436844
7546,21,106,0.2122400999069214
7547,21,107,0.1707584708929062
7548,21,108,0.18338100612163544
7549,21,109,0.1738094836473465
7550,21,110,0.17453663051128387
7551,21,111,0.1758500039577484
7552,21,112,0.2183847874403
7553,21,113,0.2657841742038727
7554,21,114,0.21075494587421417
7555,21,115,0.19902190566062927
7556,21,116,0.19762706756591797
7557,21,117,0.2096821814775467
7558,21,118,0.1758888214826584
7559,21,119,0.23752593994140625
7560,21,120,0.17837858200073242
7561,21,121,0.16086605191230774
7562,21,122,0.2125626802444458
7563,21,123,0.16277295351028442
7564,21,124,0.14490628242492676
7565,21,125,0.18480059504508972
7566,21,126,0.19137994945049286
7567,21,127,0.21662060916423798
7568,21,128,0.4955498278141022
7569,21,129,0.1844244748353958
7570,21,130,0.18213112652301788
7571,21,131,0.1682523488998413
7572,21,132,0.22040648758411407
7573,21,133,0.2322675734758377
7574,21,134,0.1691213995218277
7575,21,135,0.2054857462644577
7576,21,136,0.22468671202659607
7577,21,137,0.13299426436424255
7578,21,138,0.25230172276496887
7579,21,139,0.17915059626102448
7580,21,140,0.18100039660930634
7581,21,141,0.15059268474578857
7582,21,142,0.17445287108421326
7583,21,143,0.21793314814567566
7584,21,144,0.1754411906003952
7585,21,145,0.18790984153747559
7586,21,146,0.17005077004432678
7587,21,147,0.23358480632305145
7588,21,148,0.17189837992191315
7589,21,149,0.20616421103477478
7590,21,150,0.22639736533164978
7591,21,151,0.25966471433639526
7592,21,152,0.20039761066436768
7593,21,153,0.17720739543437958
7594,21,154,0.2108016461133957
7595,21,155,0.21486453711986542
7596,21,156,0.178052619099617
7597,21,157,0.17832334339618683
7598,21,158,0.20040731132030487
7599,21,159,0.17805007100105286
7600,21,160,0.22233347594738007
7601,21,161,0.16350001096725464
7602,21,162,0.1749136745929718
7603,21,163,0.19698433578014374
7604,21,164,0.19148744642734528
7605,21,165,0.42872685194015503
7606,21,166,0.22415383160114288
7607,21,167,0.15913699567317963
7608,21,168,0.18447890877723694
7609,21,169,0.259416401386261
7610,21,170,0.21977534890174866
7611,21,171,0.19220471382141113
7612,21,172,0.3778981566429138
7613,21,173,0.19224266707897186
7614,21,174,0.1984683871269226
7615,21,175,0.17098453640937805
7616,21,176,0.2034120112657547
7617,21,177,0.18862882256507874
7618,21,178,0.1801900565624237
7619,21,179,0.17378868162631989
7620,21,180,0.18233102560043335
7621,21,181,0.16028472781181335
7622,21,182,0.1806851029396057
7623,21,183,0.17420563101768494
7624,21,184,0.17139779031276703
7625,21,185,0.21786484122276306
7626,21,186,0.219540074467659
7627,21,187,0.17279182374477386
7628,21,188,0.172220379114151
7629,21,189,0.20531228184700012
7630,21,190,0.37349647283554077
7631,21,191,0.188620924949646
7632,21,192,0.15662676095962524
7633,21,193,0.17798912525177002
7634,21,194,0.1794828176498413
7635,21,195,0.31797438859939575
7636,21,196,0.2267417013645172
7637,21,197,0.18860898911952972
7638,21,198,0.18253767490386963
7639,21,199,0.1668345332145691
7640,21,200,0.14926762878894806
7641,21,201,0.16490045189857483
7642,21,202,0.2577935457229614
7643,21,203,0.23384377360343933
7644,21,204,0.2676853537559509
7645,21,205,0.25929468870162964
7646,21,206,0.25295424461364746
7647,21,207,0.18762926757335663
7648,21,208,0.18085651099681854
7649,21,209,0.2370368242263794
7650,21,210,0.4249609112739563
7651,21,211,0.20703260600566864
7652,21,212,0.20247280597686768
7653,21,213,0.20986323058605194
7654,21,214,0.2233540117740631
7655,21,215,0.21597282588481903
7656,21,216,0.2052716761827469
7657,21,217,0.22793297469615936
7658,21,218,0.1799733191728592
7659,21,219,0.27281826734542847
7660,21,220,0.315359503030777
7661,21,221,0.17757444083690643
7662,21,222,0.22383876144886017
7663,21,223,0.211534783244133
7664,21,224,0.21455839276313782
7665,21,225,0.21791574358940125
7666,21,226,0.20677730441093445
7667,21,227,0.22916415333747864
7668,21,228,0.2110658586025238
7669,21,229,0.24411945044994354
7670,21,230,0.21389451622962952
7671,21,231,0.1997137814760208
7672,21,232,0.2022276371717453
7673,21,233,0.21879275143146515
7674,21,234,0.1865042746067047
7675,21,235,0.21895091235637665
7676,21,236,0.173859104514122
7677,21,237,0.23098444938659668
7678,21,238,0.2194400131702423
7679,21,239,0.21266420185565948
7680,21,240,0.3289134204387665
7681,21,241,0.20709320902824402
7682,21,242,0.3370271325111389
7683,21,243,0.23006539046764374
7684,21,244,0.27529093623161316
7685,21,245,0.2138492316007614
7686,21,246,0.1947675347328186
7687,21,247,0.22728197276592255
7688,21,248,0.24178366363048553
7689,21,249,0.19946683943271637
7690,21,250,0.19808363914489746
7691,21,251,0.2651037871837616
7692,21,252,0.19254204630851746
7693,21,253,0.21823780238628387
7694,21,254,0.1754802167415619
7695,21,255,0.15853175520896912
7696,21,256,0.1917247474193573
7697,21,257,0.16389653086662292
7698,21,258,0.2605183720588684
7699,21,259,0.25316092371940613
7700,21,260,0.249267578125
7701,21,261,0.2184840738773346
7702,21,262,0.22448687255382538
7703,21,263,0.19616618752479553
7704,21,264,0.16760319471359253
7705,21,265,0.22477619349956512
7706,21,266,0.16556961834430695
7707,21,267,0.22410348057746887
7708,21,268,0.16288237273693085
7709,21,269,0.20225605368614197
7710,21,270,0.17500615119934082
7711,21,271,0.19876781105995178
7712,21,272,0.19132474064826965
7713,21,273,0.1829698383808136
7714,21,274,0.236856147646904
7715,21,275,0.21619883179664612
7716,21,276,0.1846148669719696
7717,21,277,0.2146732360124588
7718,21,278,0.13275757431983948
7719,21,279,0.2249489575624466
7720,21,280,0.1951664388179779
7721,21,281,0.18293291330337524
7722,21,282,0.2084382027387619
7723,21,283,0.17457520961761475
7724,21,284,0.17479576170444489
7725,21,285,0.25864630937576294
7726,21,286,0.16046182811260223
7727,21,287,0.22545285522937775
7728,21,288,0.1807176023721695
7729,21,289,0.15085743367671967
7730,21,290,0.19250796735286713
7731,21,291,0.1819659322500229
7732,21,292,0.23359465599060059
7733,21,293,0.21443280577659607
7734,21,294,0.21140089631080627
7735,21,295,0.16469883918762207
7736,21,296,0.20877957344055176
7737,21,297,0.16818417608737946
7738,21,298,0.19571474194526672
7739,21,299,0.14647918939590454
7740,21,300,0.1615241914987564
7741,21,301,0.4162568151950836
7742,21,302,0.17445044219493866
7743,21,303,0.18990828096866608
7744,21,304,0.22159767150878906
7745,21,305,0.2603064179420471
7746,21,306,0.17372354865074158
7747,21,307,0.2055184543132782
7748,21,308,0.1581128090620041
7749,21,309,0.22444863617420197
7750,21,310,0.21633127331733704
7751,21,311,0.18292255699634552
7752,21,312,0.16721674799919128
7753,21,313,0.17877058684825897
7754,21,314,0.20635886490345
7755,21,315,0.19216899573802948
7756,21,316,0.2469261884689331
7757,21,317,0.21155552566051483
7758,21,318,0.18587657809257507
7759,21,319,0.19098587334156036
7760,21,320,0.22203533351421356
7761,21,321,0.20984192192554474
7762,21,322,0.19623084366321564
7763,21,323,0.22406616806983948
7764,21,324,0.22126564383506775
7765,21,325,0.14582863450050354
7766,21,326,0.19159741699695587
7767,21,327,0.21163491904735565
7768,21,328,0.16351543366909027
7769,21,329,0.18385031819343567
7770,21,330,0.23040850460529327
7771,21,331,0.22609484195709229
7772,21,332,0.18263275921344757
7773,21,333,0.19140401482582092
7774,21,334,0.1332603245973587
7775,21,335,0.20130495727062225
7776,21,336,0.16084380447864532
7777,21,337,0.1868588924407959
7778,21,338,0.16013994812965393
7779,21,339,0.1817854791879654
7780,21,340,0.19003793597221375
7781,21,341,0.18922556936740875
7782,21,342,0.3897455930709839
7783,21,343,0.1841578185558319
7784,21,344,0.1927446722984314
7785,21,345,0.5430416464805603
7786,21,346,0.24122485518455505
7787,21,347,0.22506026923656464
7788,21,348,0.2111455649137497
7789,21,349,0.16640909016132355
7790,21,350,0.17184193432331085
7791,21,351,0.30432265996932983
7792,21,352,0.22425444424152374
7793,21,353,0.41653600335121155
7794,21,354,0.22861972451210022
7795,21,355,0.18834826350212097
7796,21,356,0.21935558319091797
7797,21,357,0.22470474243164062
7798,21,358,0.20160584151744843
7799,21,359,0.22408223152160645
7800,21,360,0.23290464282035828
7801,21,361,0.22742852568626404
7802,21,362,0.19738097488880157
7803,21,363,0.23555846512317657
7804,21,364,0.19932591915130615
7805,21,365,0.20744749903678894
7806,21,366,0.21822810173034668
7807,21,367,0.19398090243339539
7808,21,368,0.4238583445549011
7809,21,369,0.2796263098716736
7810,21,370,0.20900920033454895
7811,21,371,0.21211890876293182
7812,21,372,0.16489453613758087
7813,22,1,0.21920457482337952
7814,22,2,0.16258244216442108
7815,22,3,0.1793355941772461
7816,22,4,0.18505467474460602
7817,22,5,0.21516983211040497
7818,22,6,0.2138752043247223
7819,22,7,0.20759610831737518
7820,22,8,0.21446092426776886
7821,22,9,0.20989224314689636
7822,22,10,0.205479696393013
7823,22,11,0.1859971582889557
7824,22,12,0.3386116623878479
7825,22,13,0.2421574592590332
7826,22,14,0.24103645980358124
7827,22,15,0.1901823729276657
7828,22,16,0.18858152627944946
7829,22,17,0.22989416122436523
7830,22,18,0.1697051078081131
7831,22,19,0.17526587843894958
7832,22,20,0.22893500328063965
7833,22,21,0.15708836913108826
7834,22,22,0.17783589661121368
7835,22,23,0.18384245038032532
7836,22,24,0.16814157366752625
7837,22,25,0.15672887861728668
7838,22,26,0.21220090985298157
7839,22,27,0.21396465599536896
7840,22,28,0.1931675225496292
7841,22,29,0.23303170502185822
7842,22,30,0.21807296574115753
7843,22,31,0.19821301102638245
7844,22,32,0.17820782959461212
7845,22,33,0.18505285680294037
7846,22,34,0.16983117163181305
7847,22,35,0.18673089146614075
7848,22,36,0.2129291296005249
7849,22,37,0.20034006237983704
7850,22,38,0.2755306363105774
7851,22,39,0.16165271401405334
7852,22,40,0.19000767171382904
7853,22,41,0.2274099886417389
7854,22,42,0.1929188072681427
7855,22,43,0.17136719822883606
7856,22,44,0.16134993731975555
7857,22,45,0.20710742473602295
7858,22,46,0.1503724604845047
7859,22,47,0.18983876705169678
7860,22,48,0.19447144865989685
7861,22,49,0.19572554528713226
7862,22,50,0.18811535835266113
7863,22,51,0.17253097891807556
7864,22,52,0.16265623271465302
7865,22,53,0.20912544429302216
7866,22,54,0.17705659568309784
7867,22,55,0.21492941677570343
7868,22,56,0.1846023052930832
7869,22,57,0.1746055632829666
7870,22,58,0.17365118861198425
7871,22,59,0.1432773768901825
7872,22,60,0.1912737488746643
7873,22,61,0.14440447092056274
7874,22,62,0.23572060465812683
7875,22,63,0.21333026885986328
7876,22,64,0.16355757415294647
7877,22,65,0.16102169454097748
7878,22,66,0.16618962585926056
7879,22,67,0.16799569129943848
7880,22,68,0.27630260586738586
7881,22,69,0.32514703273773193
7882,22,70,0.20013852417469025
7883,22,71,0.18182224035263062
7884,22,72,0.16340383887290955
7885,22,73,0.15131628513336182
7886,22,74,0.14043834805488586
7887,22,75,0.20710691809654236
7888,22,76,0.1866806447505951
7889,22,77,0.20730450749397278
7890,22,78,0.21356578171253204
7891,22,79,0.19523583352565765
7892,22,80,0.15602494776248932
7893,22,81,0.17485420405864716
7894,22,82,0.18713004887104034
7895,22,83,0.29548561573028564
7896,22,84,0.19957199692726135
7897,22,85,0.17884927988052368
7898,22,86,0.2571573555469513
7899,22,87,0.16052751243114471
7900,22,88,0.16482692956924438
7901,22,89,0.21027588844299316
7902,22,90,0.18787798285484314
7903,22,91,0.22175538539886475
7904,22,92,0.16175837814807892
7905,22,93,0.1665598452091217
7906,22,94,0.2024013102054596
7907,22,95,0.2064419686794281
7908,22,96,0.1314622461795807
7909,22,97,0.23155012726783752
7910,22,98,0.15350255370140076
7911,22,99,0.23107929527759552
7912,22,100,0.19674071669578552
7913,22,101,0.21189279854297638
7914,22,102,0.2070550173521042
7915,22,103,0.17091353237628937
7916,22,104,0.24123327434062958
7917,22,105,0.22943952679634094
7918,22,106,0.17773069441318512
7919,22,107,0.16119712591171265
7920,22,108,0.18839426338672638
7921,22,109,0.17456910014152527
7922,22,110,0.4594907760620117
7923,22,111,0.1815514862537384
7924,22,112,0.19055217504501343
7925,22,113,0.18063810467720032
7926,22,114,0.20071935653686523
7927,22,115,0.15552078187465668
7928,22,116,0.2009424865245819
7929,22,117,0.19845342636108398
7930,22,118,0.22270545363426208
7931,22,119,0.1886410117149353
7932,22,120,0.22754773497581482
7933,22,121,0.19424870610237122
7934,22,122,0.1624591052532196
7935,22,123,0.16690245270729065
7936,22,124,0.17281503975391388
7937,22,125,0.19268468022346497
7938,22,126,0.2047472894191742
7939,22,127,0.20273907482624054
7940,22,128,0.18357393145561218
7941,22,129,0.2082170695066452
7942,22,130,0.18695412576198578
7943,22,131,0.17122305929660797
7944,22,132,0.2232370376586914
7945,22,133,0.2310057133436203
7946,22,134,0.18454419076442719
7947,22,135,0.1675097495317459
7948,22,136,0.2513583302497864
7949,22,137,0.17851492762565613
7950,22,138,0.22781696915626526
7951,22,139,0.2731184661388397
7952,22,140,0.21561023592948914
7953,22,141,0.3316914141178131
7954,22,142,0.18958178162574768
7955,22,143,0.2789831757545471
7956,22,144,0.25283604860305786
7957,22,145,0.20645210146903992
7958,22,146,0.23799768090248108
7959,22,147,0.28489717841148376
7960,22,148,0.20484285056591034
7961,22,149,0.211534783244133
7962,22,150,0.26416051387786865
7963,22,151,0.19056645035743713
7964,22,152,0.23421725630760193
7965,22,153,0.19511210918426514
7966,22,154,0.2147561013698578
7967,22,155,0.1928221434354782
7968,22,156,0.22038979828357697
7969,22,157,0.1829218566417694
7970,22,158,0.25795483589172363
7971,22,159,0.22931702435016632
7972,22,160,0.19437596201896667
7973,22,161,0.18376792967319489
7974,22,162,0.22627969086170197
7975,22,163,0.18853318691253662
7976,22,164,0.1505133956670761
7977,22,165,0.23829369246959686
7978,22,166,0.15597748756408691
7979,22,167,0.2302870750427246
7980,22,168,0.24749383330345154
7981,22,169,0.1858064979314804
7982,22,170,0.20927992463111877
7983,22,171,0.3053615689277649
7984,22,172,0.1927466094493866
7985,22,173,0.16047073900699615
7986,22,174,0.22371096909046173
7987,22,175,0.22657032310962677
7988,22,176,0.1885564923286438
7989,22,177,0.17473900318145752
7990,22,178,0.15320353209972382
7991,22,179,0.23443636298179626
7992,22,180,0.259896457195282
7993,22,181,0.1529771387577057
7994,22,182,0.19298964738845825
7995,22,183,0.23190586268901825
7996,22,184,0.1807364821434021
7997,22,185,0.2079426348209381
7998,22,186,0.2235202044248581
7999,22,187,0.15927088260650635
8000,22,188,0.25201719999313354
8001,22,189,0.23356223106384277
8002,22,190,0.1827203631401062
8003,22,191,0.1764676421880722
8004,22,192,0.19853825867176056
8005,22,193,0.1927424520254135
8006,22,194,0.2371024340391159
8007,22,195,0.2150719165802002
8008,22,196,0.2325809895992279
8009,22,197,0.1888708770275116
8010,22,198,0.22265908122062683
8011,22,199,0.16745945811271667
8012,22,200,0.17910149693489075
8013,22,201,0.19988363981246948
8014,22,202,0.20712073147296906
8015,22,203,0.17249318957328796
8016,22,204,0.2185264378786087
8017,22,205,0.21636061370372772
8018,22,206,0.1843436360359192
8019,22,207,0.205214262008667
8020,22,208,0.2531644403934479
8021,22,209,0.2398764193058014
8022,22,210,0.15331456065177917
8023,22,211,0.15979880094528198
8024,22,212,0.16374747455120087
8025,22,213,0.20259518921375275
8026,22,214,0.17580977082252502
8027,22,215,0.21126370131969452
8028,22,216,0.15498265624046326
8029,22,217,0.15199342370033264
8030,22,218,0.20926706492900848
8031,22,219,0.20066717267036438
8032,22,220,0.20636379718780518
8033,22,221,0.2202850580215454
8034,22,222,0.15792877972126007
8035,22,223,0.1736069619655609
8036,22,224,0.1830410659313202
8037,22,225,0.2040070742368698
8038,22,226,0.14424993097782135
8039,22,227,0.17508020997047424
8040,22,228,0.2143360674381256
8041,22,229,0.17598041892051697
8042,22,230,0.15447327494621277
8043,22,231,0.1827576905488968
8044,22,232,0.18592779338359833
8045,22,233,0.21086254715919495
8046,22,234,0.23141074180603027
8047,22,235,0.21112379431724548
8048,22,236,0.17948086559772491
8049,22,237,0.1690451204776764
8050,22,238,0.16175948083400726
8051,22,239,0.17123748362064362
8052,22,240,0.1721232533454895
8053,22,241,0.2138054370880127
8054,22,242,0.2023421823978424
8055,22,243,0.15622581541538239
8056,22,244,0.16343525052070618
8057,22,245,0.1977234184741974
8058,22,246,0.5414594411849976
8059,22,247,0.20183631777763367
8060,22,248,0.14058496057987213
8061,22,249,0.16331711411476135
8062,22,250,0.23603062331676483
8063,22,251,0.47714662551879883
8064,22,252,0.1752878725528717
8065,22,253,0.20324735343456268
8066,22,254,0.1677255630493164
8067,22,255,0.1900903284549713
8068,22,256,0.2020268440246582
8069,22,257,0.20942501723766327
8070,22,258,0.2346007525920868
8071,22,259,0.2132270634174347
8072,22,260,0.20947042107582092
8073,22,261,0.23008647561073303
8074,22,262,0.1451602578163147
8075,22,263,0.20553743839263916
8076,22,264,0.40482020378112793
8077,22,265,0.3535638749599457
8078,22,266,0.18050161004066467
8079,22,267,0.18002711236476898
8080,22,268,0.38797497749328613
8081,22,269,0.1864476203918457
8082,22,270,0.2121557891368866
8083,22,271,0.22785548865795135
8084,22,272,0.2671138346195221
8085,22,273,0.16110149025917053
8086,22,274,0.20509867370128632
8087,22,275,0.24446502327919006
8088,22,276,0.21522493660449982
8089,22,277,0.22237685322761536
8090,22,278,0.20054881274700165
8091,22,279,0.14278462529182434
8092,22,280,0.25439202785491943
8093,22,281,0.2564951479434967
8094,22,282,0.30104029178619385
8095,22,283,0.17128202319145203
8096,22,284,0.19312253594398499
8097,22,285,0.19584853947162628
8098,22,286,0.21485090255737305
8099,22,287,0.20987896621227264
8100,22,288,0.172640860080719
8101,22,289,0.1267087161540985
8102,22,290,0.16981419920921326
8103,22,291,0.19622722268104553
8104,22,292,0.20135755836963654
8105,22,293,0.16746871173381805
8106,22,294,0.23994576930999756
8107,22,295,0.1997770369052887
8108,22,296,0.18895182013511658
8109,22,297,0.19511094689369202
8110,22,298,0.2460903376340866
8111,22,299,0.14422133564949036
8112,22,300,0.17781798541545868
8113,22,301,0.4851526618003845
8114,22,302,0.2110019028186798
8115,22,303,0.29499006271362305
8116,22,304,0.2514249086380005
8117,22,305,0.23670963943004608
8118,22,306,0.2258499413728714
8119,22,307,0.2723469138145447
8120,22,308,0.1998736560344696
8121,22,309,0.1945038139820099
8122,22,310,0.1909443885087967
8123,22,311,0.2714838981628418
8124,22,312,0.2209213525056839
8125,22,313,0.16389867663383484
8126,22,314,0.21486449241638184
8127,22,315,0.25474151968955994
8128,22,316,0.2389450967311859
8129,22,317,0.2345455437898636
8130,22,318,0.20200419425964355
8131,22,319,0.19266793131828308
8132,22,320,0.22184781730175018
8133,22,321,0.23238594830036163
8134,22,322,0.19166581332683563
8135,22,323,0.14332535862922668
8136,22,324,0.21331004798412323
8137,22,325,0.16636501252651215
8138,22,326,0.15242710709571838
8139,22,327,0.17803087830543518
8140,22,328,0.23142440617084503
8141,22,329,0.42723432183265686
8142,22,330,0.23318955302238464
8143,22,331,0.26781004667282104
8144,22,332,0.35580044984817505
8145,22,333,0.19641245901584625
8146,22,334,0.21454806625843048
8147,22,335,0.22491100430488586
8148,22,336,0.2916235625743866
8149,22,337,0.2629665732383728
8150,22,338,0.22439420223236084
8151,22,339,0.3210989534854889
8152,22,340,0.1740662008523941
8153,22,341,0.23533308506011963
8154,22,342,0.23918724060058594
8155,22,343,0.19771775603294373
8156,22,344,0.2585219740867615
8157,22,345,0.1997414380311966
8158,22,346,0.23283839225769043
8159,22,347,0.21898706257343292
8160,22,348,0.2008301317691803
8161,22,349,0.26726001501083374
8162,22,350,0.2108267843723297
8163,22,351,0.2152528315782547
8164,22,352,0.20988118648529053
8165,22,353,0.2187667191028595
8166,22,354,0.2389967143535614
8167,22,355,0.22230549156665802
8168,22,356,0.19142037630081177
8169,22,357,0.219803124666214
8170,22,358,0.21879227459430695
8171,22,359,0.22389590740203857
8172,22,360,0.26196664571762085
8173,22,361,0.18705296516418457
8174,22,362,0.2367241084575653
8175,22,363,0.20441560447216034
8176,22,364,0.2377461940050125
8177,22,365,0.25577598810195923
8178,22,366,0.23002569377422333
8179,22,367,0.22517211735248566
8180,22,368,0.17925478518009186
8181,22,369,0.1970057189464569
8182,22,370,0.1532699018716812
8183,22,371,0.1668727844953537
8184,22,372,0.17873358726501465
8185,23,1,0.17537453770637512
8186,23,2,0.2005486786365509
8187,23,3,0.1682901382446289
8188,23,4,0.18072129786014557
8189,23,5,0.16983065009117126
8190,23,6,0.1764422357082367
8191,23,7,0.21244677901268005
8192,23,8,0.1848289668560028
8193,23,9,0.19037583470344543
8194,23,10,0.21861593425273895
8195,23,11,0.14550797641277313
8196,23,12,0.23416420817375183
8197,23,13,0.17002137005329132
8198,23,14,0.24895696341991425
8199,23,15,0.18338559567928314
8200,23,16,0.1583825796842575
8201,23,17,0.1803387850522995
8202,23,18,0.19841350615024567
8203,23,19,0.15385566651821136
8204,23,20,0.1962864100933075
8205,23,21,0.20473888516426086
8206,23,22,0.17439451813697815
8207,23,23,0.368393212556839
8208,23,24,0.1462412178516388
8209,23,25,0.1627233475446701
8210,23,26,0.18000371754169464
8211,23,27,0.19980351626873016
8212,23,28,0.18349814414978027
8213,23,29,0.17192134261131287
8214,23,30,0.22458091378211975
8215,23,31,0.17129625380039215
8216,23,32,0.18710635602474213
8217,23,33,0.1795813888311386
8218,23,34,0.29559239745140076
8219,23,35,0.44928327202796936
8220,23,36,0.18647441267967224
8221,23,37,0.20095352828502655
8222,23,38,0.1592704951763153
8223,23,39,0.15484973788261414
8224,23,40,0.20022964477539062
8225,23,41,0.18060177564620972
8226,23,42,0.20382773876190186
8227,23,43,0.1540779173374176
8228,23,44,0.4208918511867523
8229,23,45,0.14387735724449158
8230,23,46,0.17712923884391785
8231,23,47,0.16713324189186096
8232,23,48,0.2233252078294754
8233,23,49,0.22604259848594666
8234,23,50,0.17372247576713562
8235,23,51,0.24520254135131836
8236,23,52,0.1447904109954834
8237,23,53,0.16699907183647156
8238,23,54,0.19983814656734467
8239,23,55,0.22837848961353302
8240,23,56,0.22518756985664368
8241,23,57,0.19848977029323578
8242,23,58,0.19746100902557373
8243,23,59,0.2578044533729553
8244,23,60,0.23086419701576233
8245,23,61,0.18443603813648224
8246,23,62,0.16355843842029572
8247,23,63,0.20313048362731934
8248,23,64,0.18355022370815277
8249,23,65,0.1983698308467865
8250,23,66,0.20865896344184875
8251,23,67,0.16205893456935883
8252,23,68,0.265884131193161
8253,23,69,0.24000363051891327
8254,23,70,0.17338737845420837
8255,23,71,0.19483627378940582
8256,23,72,0.16647157073020935
8257,23,73,0.16637486219406128
8258,23,74,0.15620838105678558
8259,23,75,0.18582788109779358
8260,23,76,0.174812912940979
8261,23,77,0.17150720953941345
8262,23,78,0.15206404030323029
8263,23,79,0.22159412503242493
8264,23,80,0.28103020787239075
8265,23,81,0.19636456668376923
8266,23,82,0.18084290623664856
8267,23,83,0.2154475897550583
8268,23,84,0.2169526368379593
8269,23,85,0.1830734759569168
8270,23,86,0.19356605410575867
8271,23,87,0.16891388595104218
8272,23,88,0.18991103768348694
8273,23,89,0.1647816151380539
8274,23,90,0.22918979823589325
8275,23,91,0.26663628220558167
8276,23,92,0.1554315984249115
8277,23,93,0.1572183072566986
8278,23,94,0.14886927604675293
8279,23,95,0.18222638964653015
8280,23,96,0.20805072784423828
8281,23,97,0.15088482201099396
8282,23,98,0.1739630550146103
8283,23,99,0.17187854647636414
8284,23,100,0.2183297574520111
8285,23,101,0.20796260237693787
8286,23,102,0.23344989120960236
8287,23,103,0.1486128270626068
8288,23,104,0.17758119106292725
8289,23,105,0.17616166174411774
8290,23,106,0.17128059267997742
8291,23,107,0.2468850165605545
8292,23,108,0.16703610122203827
8293,23,109,0.15726953744888306
8294,23,110,0.17260122299194336
8295,23,111,0.1458469182252884
8296,23,112,0.1894305944442749
8297,23,113,0.16716432571411133
8298,23,114,0.15076956152915955
8299,23,115,0.40913885831832886
8300,23,116,0.21162040531635284
8301,23,117,0.18397560715675354
8302,23,118,0.16593867540359497
8303,23,119,0.18715140223503113
8304,23,120,0.16990377008914948
8305,23,121,0.18814338743686676
8306,23,122,0.19367928802967072
8307,23,123,0.22526761889457703
8308,23,124,0.18856996297836304
8309,23,125,0.1583421379327774
8310,23,126,0.32010501623153687
8311,23,127,0.16367791593074799
8312,23,128,0.2241758555173874
8313,23,129,0.17253407835960388
8314,23,130,0.16361336410045624
8315,23,131,0.17685894668102264
8316,23,132,0.19460535049438477
8317,23,133,0.16878893971443176
8318,23,134,0.18914921581745148
8319,23,135,0.20694728195667267
8320,23,136,0.16067549586296082
8321,23,137,0.21032316982746124
8322,23,138,0.15464995801448822
8323,23,139,0.19605734944343567
8324,23,140,0.20606565475463867
8325,23,141,0.21057002246379852
8326,23,142,0.18328413367271423
8327,23,143,0.178745299577713
8328,23,144,0.18443194031715393
8329,23,145,0.1769072562456131
8330,23,146,0.21187043190002441
8331,23,147,0.17798379063606262
8332,23,148,0.17815901339054108
8333,23,149,0.1579871028661728
8334,23,150,0.16116324067115784
8335,23,151,0.20619428157806396
8336,23,152,0.20466916263103485
8337,23,153,0.1768220067024231
8338,23,154,0.1620205044746399
8339,23,155,0.14789365231990814
8340,23,156,0.12432794272899628
8341,23,157,0.15855921804904938
8342,23,158,0.18971794843673706
8343,23,159,0.24206900596618652
8344,23,160,0.181207537651062
8345,23,161,0.1331901103258133
8346,23,162,0.158755823969841
8347,23,163,0.18792259693145752
8348,23,164,0.1615411937236786
8349,23,165,0.14889127016067505
8350,23,166,0.24589073657989502
8351,23,167,0.20375914871692657
8352,23,168,0.1537868231534958
8353,23,169,0.1750485748052597
8354,23,170,0.18492300808429718
8355,23,171,0.386775404214859
8356,23,172,0.20505674183368683
8357,23,173,0.16153165698051453
8358,23,174,0.21221180260181427
8359,23,175,0.3689859211444855
8360,23,176,0.20393189787864685
8361,23,177,0.18125495314598083
8362,23,178,0.2599235475063324
8363,23,179,0.223458930850029
8364,23,180,0.25890877842903137
8365,23,181,0.2256593406200409
8366,23,182,0.23258621990680695
8367,23,183,0.2960500717163086
8368,23,184,0.245100736618042
8369,23,185,0.195733904838562
8370,23,186,0.19551756978034973
8371,23,187,0.2369977980852127
8372,23,188,0.17169949412345886
8373,23,189,0.20511214435100555
8374,23,190,0.20361089706420898
8375,23,191,0.23415835201740265
8376,23,192,0.21165983378887177
8377,23,193,0.22294458746910095
8378,23,194,0.2566309869289398
8379,23,195,0.2798537015914917
8380,23,196,0.21800942718982697
8381,23,197,0.21913424134254456
8382,23,198,0.2186308205127716
8383,23,199,0.1801447868347168
8384,23,200,0.2492453157901764
8385,23,201,0.20975303649902344
8386,23,202,0.15862655639648438
8387,23,203,0.2082170695066452
8388,23,204,0.21880283951759338
8389,23,205,0.22476735711097717
8390,23,206,0.25286251306533813
8391,23,207,0.3735157549381256
8392,23,208,0.20115891098976135
8393,23,209,0.14396101236343384
8394,23,210,0.2267787754535675
8395,23,211,0.20706860721111298
8396,23,212,0.21461717784404755
8397,23,213,0.19500097632408142
8398,23,214,0.1941683143377304
8399,23,215,0.21249303221702576
8400,23,216,0.24896104633808136
8401,23,217,0.21764203906059265
8402,23,218,0.18915939331054688
8403,23,219,0.19000403583049774
8404,23,220,0.17403458058834076
8405,23,221,0.2363661825656891
8406,23,222,0.20470817387104034
8407,23,223,0.17410041391849518
8408,23,224,0.24791841208934784
8409,23,225,0.1631699651479721
8410,23,226,0.1903250515460968
8411,23,227,0.18316668272018433
8412,23,228,0.15065722167491913
8413,23,229,0.19338059425354004
8414,23,230,0.19813495874404907
8415,23,231,0.20029310882091522
8416,23,232,0.21986660361289978
8417,23,233,0.5015832781791687
8418,23,234,0.26670199632644653
8419,23,235,0.23030121624469757
8420,23,236,0.2278366982936859
8421,23,237,0.21084225177764893
8422,23,238,0.20497147738933563
8423,23,239,0.29276031255722046
8424,23,240,0.15843482315540314
8425,23,241,0.2509518265724182
8426,23,242,0.14879612624645233
8427,23,243,0.18437135219573975
8428,23,244,0.16177771985530853
8429,23,245,0.32289907336235046
8430,23,246,0.1800275593996048
8431,23,247,0.17286460101604462
8432,23,248,0.19001194834709167
8433,23,249,0.17087528109550476
8434,23,250,0.1707582175731659
8435,23,251,0.23795287311077118
8436,23,252,0.17326755821704865
8437,23,253,0.21552801132202148
8438,23,254,0.21473929286003113
8439,23,255,0.20553509891033173
8440,23,256,0.22012755274772644
8441,23,257,0.17547005414962769
8442,23,258,0.24171467125415802
8443,23,259,0.23583924770355225
8444,23,260,0.23985233902931213
8445,23,261,0.19930917024612427
8446,23,262,0.15811727941036224
8447,23,263,0.22087883949279785
8448,23,264,0.20000991225242615
8449,23,265,0.19763289391994476
8450,23,266,0.3029063940048218
8451,23,267,0.17014697194099426
8452,23,268,0.14829692244529724
8453,23,269,0.17895302176475525
8454,23,270,0.22460050880908966
8455,23,271,0.16924475133419037
8456,23,272,0.24294798076152802
8457,23,273,0.16816446185112
8458,23,274,0.22070054709911346
8459,23,275,0.2017197161912918
8460,23,276,0.22450709342956543
8461,23,277,0.19610881805419922
8462,23,278,0.21446052193641663
8463,23,279,0.19342288374900818
8464,23,280,0.18552401661872864
8465,23,281,0.1783302128314972
8466,23,282,0.1539570689201355
8467,23,283,0.17234966158866882
8468,23,284,0.1822574883699417
8469,23,285,0.19590215384960175
8470,23,286,0.17846980690956116
8471,23,287,0.21307437121868134
8472,23,288,0.21912185847759247
8473,23,289,0.19675800204277039
8474,23,290,0.23105724155902863
8475,23,291,0.20459754765033722
8476,23,292,0.19820794463157654
8477,23,293,0.19009535014629364
8478,23,294,0.16029997169971466
8479,23,295,0.1842232346534729
8480,23,296,0.19281470775604248
8481,23,297,0.25210830569267273
8482,23,298,0.16467571258544922
8483,23,299,0.19321736693382263
8484,23,300,0.15104320645332336
8485,23,301,0.26538196206092834
8486,23,302,0.19427204132080078
8487,23,303,0.15964122116565704
8488,23,304,0.18701711297035217
8489,23,305,0.15882286429405212
8490,23,306,0.15226541459560394
8491,23,307,0.1964758038520813
8492,23,308,0.1932409107685089
8493,23,309,0.18886665999889374
8494,23,310,0.20670399069786072
8495,23,311,0.24772214889526367
8496,23,312,0.18339022994041443
8497,23,313,0.15945984423160553
8498,23,314,0.3344860374927521
8499,23,315,0.16904325783252716
8500,23,316,0.18417580425739288
8501,23,317,0.1842404305934906
8502,23,318,0.1790793389081955
8503,23,319,0.19169852137565613
8504,23,320,0.19469144940376282
8505,23,321,0.1587689220905304
8506,23,322,0.18620595335960388
8507,23,323,0.2230953425168991
8508,23,324,0.17692655324935913
8509,23,325,0.26381438970565796
8510,23,326,0.1866607666015625
8511,23,327,0.1396382749080658
8512,23,328,0.192268505692482
8513,23,329,0.2032981812953949
8514,23,330,0.1840137243270874
8515,23,331,0.17966172099113464
8516,23,332,0.24472972750663757
8517,23,333,0.18528467416763306
8518,23,334,0.2151496410369873
8519,23,335,0.17435333132743835
8520,23,336,0.21081852912902832
8521,23,337,0.19818565249443054
8522,23,338,0.16259333491325378
8523,23,339,0.15446946024894714
8524,23,340,0.19232794642448425
8525,23,341,0.21318383514881134
8526,23,342,0.17592334747314453
8527,23,343,0.19793614745140076
8528,23,344,0.19808554649353027
8529,23,345,0.1608554869890213
8530,23,346,0.17392916977405548
8531,23,347,0.18240176141262054
8532,23,348,0.18861784040927887
8533,23,349,0.16618116199970245
8534,23,350,0.1563272327184677
8535,23,351,0.19179992377758026
8536,23,352,0.19564516842365265
8537,23,353,0.2623116075992584
8538,23,354,0.1794547140598297
8539,23,355,0.18351951241493225
8540,23,356,0.18236032128334045
8541,23,357,0.28871211409568787
8542,23,358,0.1845993995666504
8543,23,359,0.20599365234375
8544,23,360,0.19781944155693054
8545,23,361,0.1702190339565277
8546,23,362,0.2001902163028717
8547,23,363,0.19311311841011047
8548,23,364,0.17011329531669617
8549,23,365,0.1997472643852234
8550,23,366,0.15195219218730927
8551,23,367,0.33675307035446167
8552,23,368,0.17335593700408936
8553,23,369,0.2249486893415451
8554,23,370,0.18557120859622955
8555,23,371,0.15861855447292328
8556,23,372,0.16274259984493256
8557,24,1,0.216218501329422
8558,24,2,0.18896833062171936
8559,24,3,0.16194027662277222
8560,24,4,0.15328927338123322
8561,24,5,0.1812991350889206
8562,24,6,0.17346802353858948
8563,24,7,0.16460676491260529
8564,24,8,0.15155372023582458
8565,24,9,0.17480523884296417
8566,24,10,0.15267053246498108
8567,24,11,0.15376226603984833
8568,24,12,0.15384253859519958
8569,24,13,0.14587286114692688
8570,24,14,0.1858978271484375
8571,24,15,0.14972226321697235
8572,24,16,0.15103188157081604
8573,24,17,0.22147515416145325
8574,24,18,0.17203712463378906
8575,24,19,0.22160403430461884
8576,24,20,0.17834199965000153
8577,24,21,0.15049110352993011
8578,24,22,0.16779878735542297
8579,24,23,0.14983002841472626
8580,24,24,0.21638663113117218
8581,24,25,0.17146837711334229
8582,24,26,0.13967838883399963
8583,24,27,0.1882200390100479
8584,24,28,0.17231018841266632
8585,24,29,0.1793612688779831
8586,24,30,0.20754198729991913
8587,24,31,0.1775205284357071
8588,24,32,0.13106676936149597
8589,24,33,0.15661467611789703
8590,24,34,0.16684845089912415
8591,24,35,0.23704198002815247
8592,24,36,0.18973594903945923
8593,24,37,0.17373135685920715
8594,24,38,0.18717491626739502
8595,24,39,0.15342286229133606
8596,24,40,0.16842636466026306
8597,24,41,0.43090152740478516
8598,24,42,0.21462726593017578
8599,24,43,0.15140989422798157
8600,24,44,0.18171189725399017
8601,24,45,0.29033899307250977
8602,24,46,0.22729668021202087
8603,24,47,0.20969600975513458
8604,24,48,0.17662635445594788
8605,24,49,0.17729797959327698
8606,24,50,0.18059399724006653
8607,24,51,0.21692316234111786
8608,24,52,0.19201937317848206
8609,24,53,0.2762133479118347
8610,24,54,0.21183571219444275
8611,24,55,0.20403602719306946
8612,24,56,0.1699932962656021
8613,24,57,0.19599418342113495
8614,24,58,0.14454498887062073
8615,24,59,0.14264357089996338
8616,24,60,0.2040211409330368
8617,24,61,0.13206440210342407
8618,24,62,0.19407974183559418
8619,24,63,0.22088027000427246
8620,24,64,0.17431920766830444
8621,24,65,0.16577264666557312
8622,24,66,0.1585807502269745
8623,24,67,0.17612120509147644
8624,24,68,0.1654520034790039
8625,24,69,0.19866342842578888
8626,24,70,0.1588021218776703
8627,24,71,0.18124067783355713
8628,24,72,0.14378182590007782
8629,24,73,0.14722123742103577
8630,24,74,0.16844086349010468
8631,24,75,0.16112419962882996
8632,24,76,0.16364823281764984
8633,24,77,0.1672196090221405
8634,24,78,0.11187045276165009
8635,24,79,0.1202046126127243
8636,24,80,0.21369552612304688
8637,24,81,0.17991667985916138
8638,24,82,0.1909753382205963
8639,24,83,0.15056554973125458
8640,24,84,0.18738165497779846
8641,24,85,0.17051534354686737
8642,24,86,0.19285407662391663
8643,24,87,0.1871717870235443
8644,24,88,0.18052567541599274
8645,24,89,0.15759900212287903
8646,24,90,0.17566263675689697
8647,24,91,0.17821691930294037
8648,24,92,0.1648312360048294
8649,24,93,0.2150557041168213
8650,24,94,0.18455110490322113
8651,24,95,0.16483895480632782
8652,24,96,0.2854597568511963
8653,24,97,0.20270535349845886
8654,24,98,0.15178611874580383
8655,24,99,0.1714373528957367
8656,24,100,0.17341075837612152
8657,24,101,0.16444085538387299
8658,24,102,0.15528233349323273
8659,24,103,0.32442185282707214
8660,24,104,0.1366424262523651
8661,24,105,0.19480744004249573
8662,24,106,0.15494486689567566
8663,24,107,0.15165773034095764
8664,24,108,0.21601104736328125
8665,24,109,0.1807001233100891
8666,24,110,0.22797755897045135
8667,24,111,0.173939511179924
8668,24,112,0.24807703495025635
8669,24,113,0.1483229249715805
8670,24,114,0.16376109421253204
8671,24,115,0.17244373261928558
8672,24,116,0.15140828490257263
8673,24,117,0.16112959384918213
8674,24,118,0.16079403460025787
8675,24,119,0.14726655185222626
8676,24,120,0.1843349188566208
8677,24,121,0.1383301466703415
8678,24,122,0.18300454318523407
8679,24,123,0.18031656742095947
8680,24,124,0.1737084835767746
8681,24,125,0.17095735669136047
8682,24,126,0.14057688415050507
8683,24,127,0.1811296045780182
8684,24,128,0.17502062022686005
8685,24,129,0.17737750709056854
8686,24,130,0.39743682742118835
8687,24,131,0.22876231372356415
8688,24,132,0.17290589213371277
8689,24,133,0.14874355494976044
8690,24,134,0.20283003151416779
8691,24,135,0.1498967856168747
8692,24,136,0.19688311219215393
8693,24,137,0.18169304728507996
8694,24,138,0.2021498680114746
8695,24,139,0.227131649851799
8696,24,140,0.2627584934234619
8697,24,141,0.17204760015010834
8698,24,142,0.15825840830802917
8699,24,143,0.22749197483062744
8700,24,144,0.43045321106910706
8701,24,145,0.2229429930448532
8702,24,146,0.1746375858783722
8703,24,147,0.1395973116159439
8704,24,148,0.1899736225605011
8705,24,149,0.1821938455104828
8706,24,150,0.19203093647956848
8707,24,151,0.15820840001106262
8708,24,152,0.1726011335849762
8709,24,153,0.1491699367761612
8710,24,154,0.21069493889808655
8711,24,155,0.1453033834695816
8712,24,156,0.19340869784355164
8713,24,157,0.21641811728477478
8714,24,158,0.19394074380397797
8715,24,159,0.1689637452363968
8716,24,160,0.21663475036621094
8717,24,161,0.1770092099905014
8718,24,162,0.18381401896476746
8719,24,163,0.17876660823822021
8720,24,164,0.20800288021564484
8721,24,165,0.15491648018360138
8722,24,166,0.1778169572353363
8723,24,167,0.19255726039409637
8724,24,168,0.1560215801000595
8725,24,169,0.22597606480121613
8726,24,170,0.21492405235767365
8727,24,171,0.18709896504878998
8728,24,172,0.15246744453907013
8729,24,173,0.28651538491249084
8730,24,174,0.20881274342536926
8731,24,175,0.1626477986574173
8732,24,176,0.18614211678504944
8733,24,177,0.22861461341381073
8734,24,178,0.18022660911083221
8735,24,179,0.21133486926555634
8736,24,180,0.27095532417297363
8737,24,181,0.17097991704940796
8738,24,182,0.17728586494922638
8739,24,183,0.17202821373939514
8740,24,184,0.34674185514450073
8741,24,185,0.15071852505207062
8742,24,186,0.16893592476844788
8743,24,187,0.17525072395801544
8744,24,188,0.15252624452114105
8745,24,189,0.17304620146751404
8746,24,190,0.19801273941993713
8747,24,191,0.1665762960910797
8748,24,192,0.155075803399086
8749,24,193,0.16818726062774658
8750,24,194,0.2942497730255127
8751,24,195,0.1581941545009613
8752,24,196,0.19551508128643036
8753,24,197,0.18039029836654663
8754,24,198,0.1735103577375412
8755,24,199,0.18238332867622375
8756,24,200,0.21130061149597168
8757,24,201,0.23076868057250977
8758,24,202,0.17926037311553955
8759,24,203,0.17275550961494446
8760,24,204,0.20082509517669678
8761,24,205,0.2042965590953827
8762,24,206,0.1834414005279541
8763,24,207,0.16329336166381836
8764,24,208,0.15771928429603577
8765,24,209,0.19407056272029877
8766,24,210,0.18203836679458618
8767,24,211,0.19285573065280914
8768,24,212,0.1524696797132492
8769,24,213,0.21867069602012634
8770,24,214,0.15774241089820862
8771,24,215,0.1755252182483673
8772,24,216,0.16185256838798523
8773,24,217,0.18904396891593933
8774,24,218,0.21837499737739563
8775,24,219,0.1898757666349411
8776,24,220,0.17657972872257233
8777,24,221,0.13703161478042603
8778,24,222,0.19721826910972595
8779,24,223,0.22757181525230408
8780,24,224,0.14519129693508148
8781,24,225,0.1893763244152069
8782,24,226,0.19274763762950897
8783,24,227,0.18047484755516052
8784,24,228,0.18275737762451172
8785,24,229,0.17022094130516052
8786,24,230,0.1736428439617157
8787,24,231,0.1922852247953415
8788,24,232,0.17701788246631622
8789,24,233,0.16727833449840546
8790,24,234,0.29456260800361633
8791,24,235,0.20863404870033264
8792,24,236,0.19548198580741882
8793,24,237,0.19812801480293274
8794,24,238,0.1688830554485321
8795,24,239,0.18912701308727264
8796,24,240,0.1866191327571869
8797,24,241,0.17003902792930603
8798,24,242,0.21167173981666565
8799,24,243,0.16958637535572052
8800,24,244,0.17713645100593567
8801,24,245,0.1434786021709442
8802,24,246,0.15798154473304749
8803,24,247,0.13959312438964844
8804,24,248,0.17038705945014954
8805,24,249,0.18872269988059998
8806,24,250,0.19091227650642395
8807,24,251,0.20372822880744934
8808,24,252,0.14765502512454987
8809,24,253,0.16445064544677734
8810,24,254,0.1543017327785492
8811,24,255,0.1910906881093979
8812,24,256,0.1702444851398468
8813,24,257,0.15432259440422058
8814,24,258,0.2086583822965622
8815,24,259,0.17961010336875916
8816,24,260,0.1896447241306305
8817,24,261,0.21821734309196472
8818,24,262,0.21822920441627502
8819,24,263,0.17722781002521515
8820,24,264,0.18632999062538147
8821,24,265,0.16934163868427277
8822,24,266,0.1959528625011444
8823,24,267,0.1368817239999771
8824,24,268,0.2803244888782501
8825,24,269,0.14647430181503296
8826,24,270,0.23102028667926788
8827,24,271,0.16637775301933289
8828,24,272,0.18276090919971466
8829,24,273,0.24257893860340118
8830,24,274,0.19522929191589355
8831,24,275,0.1565805822610855
8832,24,276,0.22456586360931396
8833,24,277,0.17518725991249084
8834,24,278,0.19456878304481506
8835,24,279,0.1956167221069336
8836,24,280,0.20130129158496857
8837,24,281,0.27936702966690063
8838,24,282,0.18415746092796326
8839,24,283,0.13358260691165924
8840,24,284,0.1393456757068634
8841,24,285,0.15799328684806824
8842,24,286,0.17394554615020752
8843,24,287,0.20893721282482147
8844,24,288,0.24623019993305206
8845,24,289,0.20180995762348175
8846,24,290,0.1679803431034088
8847,24,291,0.17280447483062744
8848,24,292,0.2055211067199707
8849,24,293,0.1846991628408432
8850,24,294,0.2140255719423294
8851,24,295,0.1797022819519043
8852,24,296,0.17199215292930603
8853,24,297,0.1726129949092865
8854,24,298,0.14394953846931458
8855,24,299,0.16780053079128265
8856,24,300,0.17251622676849365
8857,24,301,0.1812324970960617
8858,24,302,0.15921203792095184
8859,24,303,0.14116784930229187
8860,24,304,0.14874449372291565
8861,24,305,0.18242278695106506
8862,24,306,0.20361705124378204
8863,24,307,0.21734237670898438
8864,24,308,0.20276828110218048
8865,24,309,0.17187152802944183
8866,24,310,0.1929841935634613
8867,24,311,0.28925085067749023
8868,24,312,0.17100277543067932
8869,24,313,0.18209068477153778
8870,24,314,0.2198653221130371
8871,24,315,0.19121381640434265
8872,24,316,0.1988232433795929
8873,24,317,0.1820378303527832
8874,24,318,0.19249778985977173
8875,24,319,0.19631102681159973
8876,24,320,0.17131252586841583
8877,24,321,0.23941943049430847
8878,24,322,0.17423409223556519
8879,24,323,0.16921986639499664
8880,24,324,0.19908130168914795
8881,24,325,0.24314598739147186
8882,24,326,0.16326209902763367
8883,24,327,0.1889031082391739
8884,24,328,0.18135209381580353
8885,24,329,0.18838649988174438
8886,24,330,0.3131071925163269
8887,24,331,0.15648283064365387
8888,24,332,0.16948416829109192
8889,24,333,0.18417784571647644
8890,24,334,0.1779853254556656
8891,24,335,0.17835918068885803
8892,24,336,0.20280519127845764
8893,24,337,0.19619691371917725
8894,24,338,0.1396559327840805
8895,24,339,0.1942306011915207
8896,24,340,0.16911467909812927
8897,24,341,0.16267743706703186
8898,24,342,0.19279713928699493
8899,24,343,0.21299362182617188
8900,24,344,0.17287732660770416
8901,24,345,0.18171502649784088
8902,24,346,0.1727185845375061
8903,24,347,0.11543399095535278
8904,24,348,0.1743040382862091
8905,24,349,0.1373278796672821
8906,24,350,0.1779019981622696
8907,24,351,0.15013697743415833
8908,24,352,0.18996524810791016
8909,24,353,0.21366234123706818
8910,24,354,0.20486751198768616
8911,24,355,0.1929345428943634
8912,24,356,0.1819596141576767
8913,24,357,0.1546461433172226
8914,24,358,0.17809626460075378
8915,24,359,0.1654845029115677
8916,24,360,0.14219030737876892
8917,24,361,0.18208302557468414
8918,24,362,0.30071955919265747
8919,24,363,0.21502570807933807
8920,24,364,0.15897957980632782
8921,24,365,0.17287874221801758
8922,24,366,0.2103012502193451
8923,24,367,0.18766112625598907
8924,24,368,0.16511444747447968
8925,24,369,0.4158136248588562
8926,24,370,0.25402235984802246
8927,24,371,0.17978262901306152
8928,24,372,0.14392118155956268
8929,25,1,0.16811364889144897
8930,25,2,0.17719198763370514
8931,25,3,0.19665196537971497
8932,25,4,0.17089715600013733
8933,25,5,0.17836059629917145
8934,25,6,0.16140435636043549
8935,25,7,0.14592984318733215
8936,25,8,0.14101748168468475
8937,25,9,0.1813792586326599
8938,25,10,0.15998521447181702
8939,25,11,0.16836729645729065
8940,25,12,0.14917400479316711
8941,25,13,0.1743679940700531
8942,25,14,0.23884591460227966
8943,25,15,0.17259907722473145
8944,25,16,0.1448337733745575
8945,25,17,0.1450442522764206
8946,25,18,0.1691126525402069
8947,25,19,0.1663498878479004
8948,25,20,0.14199885725975037
8949,25,21,0.2198120355606079
8950,25,22,0.19368544220924377
8951,25,23,0.11972473561763763
8952,25,24,0.1810312569141388
8953,25,25,0.16207075119018555
8954,25,26,0.160552978515625
8955,25,27,0.1428678333759308
8956,25,28,0.1972421556711197
8957,25,29,0.17581245303153992
8958,25,30,0.1675589680671692
8959,25,31,0.2436610758304596
8960,25,32,0.18317219614982605
8961,25,33,0.17728132009506226
8962,25,34,0.13381896913051605
8963,25,35,0.17135439813137054
8964,25,36,0.18189653754234314
8965,25,37,0.16898517310619354
8966,25,38,0.2023625671863556
8967,25,39,0.16098347306251526
8968,25,40,0.16487151384353638
8969,25,41,0.15978311002254486
8970,25,42,0.18216967582702637
8971,25,43,0.19842199981212616
8972,25,44,0.18017883598804474
8973,25,45,0.15123167634010315
8974,25,46,0.17936137318611145
8975,25,47,0.15537773072719574
8976,25,48,0.1591957062482834
8977,25,49,0.1325097382068634
8978,25,50,0.2089834213256836
8979,25,51,0.20977027714252472
8980,25,52,0.1884283423423767
8981,25,53,0.1809958964586258
8982,25,54,0.1659870594739914
8983,25,55,0.15382611751556396
8984,25,56,0.1621769219636917
8985,25,57,0.15645067393779755
8986,25,58,0.20311148464679718
8987,25,59,0.1215599924325943
8988,25,60,0.1446188986301422
8989,25,61,0.13556236028671265
8990,25,62,0.2909899353981018
8991,25,63,0.17026671767234802
8992,25,64,0.17546752095222473
8993,25,65,0.19160118699073792
8994,25,66,0.18098881840705872
8995,25,67,0.19598542153835297
8996,25,68,0.1860707700252533
8997,25,69,0.1749899834394455
8998,25,70,0.1593989133834839
8999,25,71,0.13694246113300323
9000,25,72,0.19762153923511505
9001,25,73,0.17302954196929932
9002,25,74,0.17386078834533691
9003,25,75,0.1502057909965515
9004,25,76,0.16476945579051971
9005,25,77,0.17857591807842255
9006,25,78,0.15301449596881866
9007,25,79,0.1477242112159729
9008,25,80,0.22995209693908691
9009,25,81,0.13576211035251617
9010,25,82,0.14612972736358643
9011,25,83,0.17815276980400085
9012,25,84,0.16215187311172485
9013,25,85,0.231615349650383
9014,25,86,0.1859322488307953
9015,25,87,0.15133342146873474
9016,25,88,0.14278611540794373
9017,25,89,0.17736980319023132
9018,25,90,0.1653633564710617
9019,25,91,0.26247450709342957
9020,25,92,0.16524510085582733
9021,25,93,0.19454887509346008
9022,25,94,0.1836904138326645
9023,25,95,0.14154841005802155
9024,25,96,0.16895964741706848
9025,25,97,0.18713735044002533
9026,25,98,0.16641691327095032
9027,25,99,0.14114269614219666
9028,25,100,0.16984476149082184
9029,25,101,0.16420966386795044
9030,25,102,0.16902348399162292
9031,25,103,0.13598798215389252
9032,25,104,0.3160022795200348
9033,25,105,0.17594179511070251
9034,25,106,0.15154336392879486
9035,25,107,0.18628479540348053
9036,25,108,0.1643054038286209
9037,25,109,0.16966849565505981
9038,25,110,0.3041656017303467
9039,25,111,0.14504456520080566
9040,25,112,0.15646442770957947
9041,25,113,0.18502140045166016
9042,25,114,0.14167055487632751
9043,25,115,0.15365853905677795
9044,25,116,0.16175439953804016
9045,25,117,0.1793719381093979
9046,25,118,0.1722676008939743
9047,25,119,0.2151886224746704
9048,25,120,0.1756276786327362
9049,25,121,0.18451063334941864
9050,25,122,0.15929511189460754
9051,25,123,0.21339376270771027
9052,25,124,0.17190583050251007
9053,25,125,0.13660453259944916
9054,25,126,0.1846880316734314
9055,25,127,0.1768675148487091
9056,25,128,0.16525869071483612
9057,25,129,0.19090180099010468
9058,25,130,0.1870701014995575
9059,25,131,0.23457999527454376
9060,25,132,0.1409335434436798
9061,25,133,0.2158152312040329
9062,25,134,0.1749488264322281
9063,25,135,0.16534629464149475
9064,25,136,0.14875167608261108
9065,25,137,0.1419784277677536
9066,25,138,0.19237862527370453
9067,25,139,0.17054089903831482
9068,25,140,0.15473264455795288
9069,25,141,0.18530824780464172
9070,25,142,0.29423660039901733
9071,25,143,0.16532686352729797
9072,25,144,0.1490693986415863
9073,25,145,0.16879750788211823
9074,25,146,0.22876806557178497
9075,25,147,0.13353976607322693
9076,25,148,0.16814886033535004
9077,25,149,0.19358740746974945
9078,25,150,0.183413565158844
9079,25,151,0.19038355350494385
9080,25,152,0.15500511229038239
9081,25,153,0.162429541349411
9082,25,154,0.13522717356681824
9083,25,155,0.15873053669929504
9084,25,156,0.18747079372406006
9085,25,157,0.16243378818035126
9086,25,158,0.1621185690164566
9087,25,159,0.14998477697372437
9088,25,160,0.17471104860305786
9089,25,161,0.15457428991794586
9090,25,162,0.18536634743213654
9091,25,163,0.15538963675498962
9092,25,164,0.23466011881828308
9093,25,165,0.1721707284450531
9094,25,166,0.18291856348514557
9095,25,167,0.15293362736701965
9096,25,168,0.16720713675022125
9097,25,169,0.13158945739269257
9098,25,170,0.1870075762271881
9099,25,171,0.17037230730056763
9100,25,172,0.16696804761886597
9101,25,173,0.18303173780441284
9102,25,174,0.16112551093101501
9103,25,175,0.184850811958313
9104,25,176,0.20675913989543915
9105,25,177,0.15600615739822388
9106,25,178,0.23957102000713348
9107,25,179,0.19382405281066895
9108,25,180,0.2015995979309082
9109,25,181,0.16594503819942474
9110,25,182,0.2186526358127594
9111,25,183,0.15458258986473083
9112,25,184,0.17760048806667328
9113,25,185,0.17350783944129944
9114,25,186,0.23178426921367645
9115,25,187,0.2016703188419342
9116,25,188,0.16316719353199005
9117,25,189,0.1693924069404602
9118,25,190,0.14707393944263458
9119,25,191,0.1619279682636261
9120,25,192,0.17244760692119598
9121,25,193,0.19605165719985962
9122,25,194,0.17165330052375793
9123,25,195,0.2185090333223343
9124,25,196,0.16544577479362488
9125,25,197,0.16928458213806152
9126,25,198,0.17832699418067932
9127,25,199,0.1440306007862091
9128,25,200,0.1744307577610016
9129,25,201,0.1492280662059784
9130,25,202,0.19039152562618256
9131,25,203,0.1831817477941513
9132,25,204,0.19338718056678772
9133,25,205,0.18498024344444275
9134,25,206,0.17612674832344055
9135,25,207,0.20382125675678253
9136,25,208,0.14626561105251312
9137,25,209,0.13902977108955383
9138,25,210,0.34197068214416504
9139,25,211,0.2042437493801117
9140,25,212,0.159866064786911
9141,25,213,0.1734834611415863
9142,25,214,0.22350473701953888
9143,25,215,0.19264130294322968
9144,25,216,0.1641511470079422
9145,25,217,0.1449667513370514
9146,25,218,0.16956821084022522
9147,25,219,0.22267763316631317
9148,25,220,0.1874362826347351
9149,25,221,0.138786181807518
9150,25,222,0.19761361181735992
9151,25,223,0.22927585244178772
9152,25,224,0.17366012930870056
9153,25,225,0.19885805249214172
9154,25,226,0.16185441613197327
9155,25,227,0.18334847688674927
9156,25,228,0.15617579221725464
9157,25,229,0.14534687995910645
9158,25,230,0.22092366218566895
9159,25,231,0.16704075038433075
9160,25,232,0.2075977623462677
9161,25,233,0.17873655259609222
9162,25,234,0.20459787547588348
9163,25,235,0.26953357458114624
9164,25,236,0.1758166253566742
9165,25,237,0.21429987251758575
9166,25,238,0.1926208734512329
9167,25,239,0.19715973734855652
9168,25,240,0.2588178217411041
9169,25,241,0.16650263965129852
9170,25,242,0.22225484251976013
9171,25,243,0.13876113295555115
9172,25,244,0.21983346343040466
9173,25,245,0.17719034850597382
9174,25,246,0.18174955248832703
9175,25,247,0.16806647181510925
9176,25,248,0.17679204046726227
9177,25,249,0.17236551642417908
9178,25,250,0.1390405148267746
9179,25,251,0.14077666401863098
9180,25,252,0.16413778066635132
9181,25,253,0.2093386948108673
9182,25,254,0.1681092530488968
9183,25,255,0.19824005663394928
9184,25,256,0.1764531433582306
9185,25,257,0.192501500248909
9186,25,258,0.19572246074676514
9187,25,259,0.18006503582000732
9188,25,260,0.20297138392925262
9189,25,261,0.23989996314048767
9190,25,262,0.15961605310440063
9191,25,263,0.16611775755882263
9192,25,264,0.1706736981868744
9193,25,265,0.15546977519989014
9194,25,266,0.17797119915485382
9195,25,267,0.17361846566200256
9196,25,268,0.21287751197814941
9197,25,269,0.1857517659664154
9198,25,270,0.22067856788635254
9199,25,271,0.13144443929195404
9200,25,272,0.33845585584640503
9201,25,273,0.1893785446882248
9202,25,274,0.15363238751888275
9203,25,275,0.1439579725265503
9204,25,276,0.18832102417945862
9205,25,277,0.15706856548786163
9206,25,278,0.15116843581199646
9207,25,279,0.1899394690990448
9208,25,280,0.23201587796211243
9209,25,281,0.18500593304634094
9210,25,282,0.1858190894126892
9211,25,283,0.18013577163219452
9212,25,284,0.20273128151893616
9213,25,285,0.18905285000801086
9214,25,286,0.17909285426139832
9215,25,287,0.18062523007392883
9216,25,288,0.1944698542356491
9217,25,289,0.1874929815530777
9218,25,290,0.18751338124275208
9219,25,291,0.17093995213508606
9220,25,292,0.17519989609718323
9221,25,293,0.16707436740398407
9222,25,294,0.16703566908836365
9223,25,295,0.18090100586414337
9224,25,296,0.19818218052387238
9225,25,297,0.1387091428041458
9226,25,298,0.16171960532665253
9227,25,299,0.16032719612121582
9228,25,300,0.17274263501167297
9229,25,301,0.17133530974388123
9230,25,302,0.16855232417583466
9231,25,303,0.24649186432361603
9232,25,304,0.16176959872245789
9233,25,305,0.22898080945014954
9234,25,306,0.1836710274219513
9235,25,307,0.19028155505657196
9236,25,308,0.15821623802185059
9237,25,309,0.1889418363571167
9238,25,310,0.18816901743412018
9239,25,311,0.22986344993114471
9240,25,312,0.26038509607315063
9241,25,313,0.14825104176998138
9242,25,314,0.15752170979976654
9243,25,315,0.17731747031211853
9244,25,316,0.15180927515029907
9245,25,317,0.21947579085826874
9246,25,318,0.16267164051532745
9247,25,319,0.1597767025232315
9248,25,320,0.21448175609111786
9249,25,321,0.1793011575937271
9250,25,322,0.1756407618522644
9251,25,323,0.30680152773857117
9252,25,324,0.20587320625782013
9253,25,325,0.2076989710330963
9254,25,326,0.17411139607429504
9255,25,327,0.1592090129852295
9256,25,328,0.15880075097084045
9257,25,329,0.18540406227111816
9258,25,330,0.24785509705543518
9259,25,331,0.15739935636520386
9260,25,332,0.1645498126745224
9261,25,333,0.18639515340328217
9262,25,334,0.20048844814300537
9263,25,335,0.15276440978050232
9264,25,336,0.1339121162891388
9265,25,337,0.167983740568161
9266,25,338,0.16331793367862701
9267,25,339,0.19172871112823486
9268,25,340,0.167016863822937
9269,25,341,0.16765806078910828
9270,25,342,0.1550939381122589
9271,25,343,0.1852913796901703
9272,25,344,0.14587485790252686
9273,25,345,0.24497666954994202
9274,25,346,0.172843337059021
9275,25,347,0.1493675857782364
9276,25,348,0.20388558506965637
9277,25,349,0.18073886632919312
9278,25,350,0.16652312874794006
9279,25,351,0.18298739194869995
9280,25,352,0.16628728806972504
9281,25,353,0.16911663115024567
9282,25,354,0.1440393179655075
9283,25,355,0.14631284773349762
9284,25,356,0.3468828797340393
9285,25,357,0.16327056288719177
9286,25,358,0.2217269390821457
9287,25,359,0.1581803858280182
9288,25,360,0.14802953600883484
9289,25,361,0.1477593034505844
9290,25,362,0.1595170795917511
9291,25,363,0.13755381107330322
9292,25,364,0.17332866787910461
9293,25,365,0.13019590079784393
9294,25,366,0.16629768908023834
9295,25,367,0.16317081451416016
9296,25,368,0.17070406675338745
9297,25,369,0.17250297963619232
9298,25,370,0.1346195638179779
9299,25,371,0.20102891325950623
9300,25,372,0.23781798779964447
9301,26,1,0.1812284141778946
9302,26,2,0.1685134619474411
9303,26,3,0.23114438354969025
9304,26,4,0.14374633133411407
9305,26,5,0.1671164333820343
9306,26,6,0.1446940004825592
9307,26,7,0.1445990800857544
9308,26,8,0.1524360626935959
9309,26,9,0.1697482019662857
9310,26,10,0.13973966240882874
9311,26,11,0.19493362307548523
9312,26,12,0.1952221542596817
9313,26,13,0.14424332976341248
9314,26,14,0.14482131600379944
9315,26,15,0.19387024641036987
9316,26,16,0.13052727282047272
9317,26,17,0.19727101922035217
9318,26,18,0.1452600061893463
9319,26,19,0.14517319202423096
9320,26,20,0.1752973347902298
9321,26,21,0.18329229950904846
9322,26,22,0.1522006094455719
9323,26,23,0.19443796575069427
9324,26,24,0.16768242418766022
9325,26,25,0.17069004476070404
9326,26,26,0.16773757338523865
9327,26,27,0.12852005660533905
9328,26,28,0.14708812534809113
9329,26,29,0.13778431713581085
9330,26,30,0.17200884222984314
9331,26,31,0.1635928899049759
9332,26,32,0.18841445446014404
9333,26,33,0.14884421229362488
9334,26,34,0.1444045901298523
9335,26,35,0.13592860102653503
9336,26,36,0.1431112438440323
9337,26,37,0.17633987963199615
9338,26,38,0.17574886977672577
9339,26,39,0.13328151404857635
9340,26,40,0.14558447897434235
9341,26,41,0.18565808236598969
9342,26,42,0.18037395179271698
9343,26,43,0.16108371317386627
9344,26,44,0.12865331768989563
9345,26,45,0.11497384309768677
9346,26,46,0.15119688212871552
9347,26,47,0.14383140206336975
9348,26,48,0.15457049012184143
9349,26,49,0.1383570432662964
9350,26,50,0.13559165596961975
9351,26,51,0.171916201710701
9352,26,52,0.156768798828125
9353,26,53,0.14580532908439636
9354,26,54,0.24045300483703613
9355,26,55,0.18805599212646484
9356,26,56,0.28531914949417114
9357,26,57,0.14577443897724152
9358,26,58,0.16327035427093506
9359,26,59,0.15000632405281067
9360,26,60,0.14016911387443542
9361,26,61,0.14645323157310486
9362,26,62,0.15884770452976227
9363,26,63,0.15129779279232025
9364,26,64,0.12922236323356628
9365,26,65,0.20160678029060364
9366,26,66,0.1276618093252182
9367,26,67,0.1645638644695282
9368,26,68,0.1704913079738617
9369,26,69,0.1493251770734787
9370,26,70,0.13782790303230286
9371,26,71,0.1577978879213333
9372,26,72,0.19789618253707886
9373,26,73,0.23326461017131805
9374,26,74,0.20475701987743378
9375,26,75,0.1400739848613739
9376,26,76,0.1715196669101715
9377,26,77,0.1613561362028122
9378,26,78,0.16050058603286743
9379,26,79,0.18943050503730774
9380,26,80,0.19044095277786255
9381,26,81,0.17287829518318176
9382,26,82,0.1615675985813141
9383,26,83,0.1767830103635788
9384,26,84,0.14783452451229095
9385,26,85,0.1659710705280304
9386,26,86,0.17849993705749512
9387,26,87,0.1780223250389099
9388,26,88,0.14923937618732452
9389,26,89,0.2002345770597458
9390,26,90,0.17225632071495056
9391,26,91,0.1852332502603531
9392,26,92,0.191707581281662
9393,26,93,0.40980759263038635
9394,26,94,0.16536998748779297
9395,26,95,0.17248401045799255
9396,26,96,0.18309655785560608
9397,26,97,0.16251297295093536
9398,26,98,0.12501083314418793
9399,26,99,0.1938207745552063
9400,26,100,0.19955798983573914
9401,26,101,0.20200951397418976
9402,26,102,0.1619102954864502
9403,26,103,0.16792818903923035
9404,26,104,0.19945639371871948
9405,26,105,0.1348784863948822
9406,26,106,0.20669765770435333
9407,26,107,0.20435576140880585
9408,26,108,0.1850440949201584
9409,26,109,0.23480430245399475
9410,26,110,0.15377673506736755
9411,26,111,0.15737855434417725
9412,26,112,0.15910829603672028
9413,26,113,0.1917160004377365
9414,26,114,0.2013854682445526
9415,26,115,0.2149752676486969
9416,26,116,0.2290351390838623
9417,26,117,0.17173855006694794
9418,26,118,0.13398273289203644
9419,26,119,0.16043704748153687
9420,26,120,0.1620873510837555
9421,26,121,0.1631254404783249
9422,26,122,0.15779933333396912
9423,26,123,0.16599124670028687
9424,26,124,0.13679766654968262
9425,26,125,0.16111640632152557
9426,26,126,0.17004717886447906
9427,26,127,0.20053759217262268
9428,26,128,0.17543292045593262
9429,26,129,0.16552293300628662
9430,26,130,0.17130333185195923
9431,26,131,0.1764354258775711
9432,26,132,0.14598093926906586
9433,26,133,0.16711783409118652
9434,26,134,0.17481300234794617
9435,26,135,0.17458701133728027
9436,26,136,0.1696934998035431
9437,26,137,0.1352430135011673
9438,26,138,0.1961464285850525
9439,26,139,0.1791161745786667
9440,26,140,0.1566706746816635
9441,26,141,0.16663089394569397
9442,26,142,0.16006332635879517
9443,26,143,0.17524635791778564
9444,26,144,0.21964678168296814
9445,26,145,0.14848554134368896
9446,26,146,0.20230098068714142
9447,26,147,0.17597264051437378
9448,26,148,0.1452248990535736
9449,26,149,0.13419562578201294
9450,26,150,0.13834744691848755
9451,26,151,0.22278976440429688
9452,26,152,0.16761530935764313
9453,26,153,0.17796143889427185
9454,26,154,0.1423790156841278
9455,26,155,0.14861951768398285
9456,26,156,0.1522580236196518
9457,26,157,0.14711794257164001
9458,26,158,0.17464959621429443
9459,26,159,0.1839478313922882
9460,26,160,0.20537349581718445
9461,26,161,0.12286257743835449
9462,26,162,0.3378039598464966
9463,26,163,0.15606147050857544
9464,26,164,0.18040549755096436
9465,26,165,0.15274357795715332
9466,26,166,0.21779200434684753
9467,26,167,0.14189396798610687
9468,26,168,0.2011762410402298
9469,26,169,0.16693416237831116
9470,26,170,0.14814934134483337
9471,26,171,0.15405119955539703
9472,26,172,0.1763225495815277
9473,26,173,0.18437530100345612
9474,26,174,0.15054288506507874
9475,26,175,0.1441023349761963
9476,26,176,0.13557827472686768
9477,26,177,0.1575326770544052
9478,26,178,0.19120369851589203
9479,26,179,0.14995789527893066
9480,26,180,0.15912045538425446
9481,26,181,0.15783822536468506
9482,26,182,0.1528788059949875
9483,26,183,0.13370490074157715
9484,26,184,0.1414293646812439
9485,26,185,0.16753911972045898
9486,26,186,0.1929512470960617
9487,26,187,0.12931790947914124
9488,26,188,0.17559975385665894
9489,26,189,0.19375310838222504
9490,26,190,0.18556258082389832
9491,26,191,0.15135636925697327
9492,26,192,0.24344570934772491
9493,26,193,0.22376349568367004
9494,26,194,0.19644908607006073
9495,26,195,0.16583585739135742
9496,26,196,0.1411532610654831
9497,26,197,0.17720842361450195
9498,26,198,0.13844284415245056
9499,26,199,0.1453886479139328
9500,26,200,0.1902635097503662
9501,26,201,0.17171995341777802
9502,26,202,0.20619431138038635
9503,26,203,0.142863467335701
9504,26,204,0.1428682506084442
9505,26,205,0.17983058094978333
9506,26,206,0.186924546957016
9507,26,207,0.17341235280036926
9508,26,208,0.1658455729484558
9509,26,209,0.14059028029441833
9510,26,210,0.17152473330497742
9511,26,211,0.22379815578460693
9512,26,212,0.16588369011878967
9513,26,213,0.2046593725681305
9514,26,214,0.12843002378940582
9515,26,215,0.16069814562797546
9516,26,216,0.16498424112796783
9517,26,217,0.212212473154068
9518,26,218,0.1731620579957962
9519,26,219,0.1960585117340088
9520,26,220,0.2356806993484497
9521,26,221,0.1602087914943695
9522,26,222,0.18627068400382996
9523,26,223,0.213600754737854
9524,26,224,0.1694001406431198
9525,26,225,0.1738022416830063
9526,26,226,0.15643310546875
9527,26,227,0.15383312106132507
9528,26,228,0.20131289958953857
9529,26,229,0.1625029444694519
9530,26,230,0.19377881288528442
9531,26,231,0.16637608408927917
9532,26,232,0.20155110955238342
9533,26,233,0.17619788646697998
9534,26,234,0.16577720642089844
9535,26,235,0.13368116319179535
9536,26,236,0.18939432501792908
9537,26,237,0.1645354926586151
9538,26,238,0.14491765201091766
9539,26,239,0.14373287558555603
9540,26,240,0.14492546021938324
9541,26,241,0.15592464804649353
9542,26,242,0.17503982782363892
9543,26,243,0.16583839058876038
9544,26,244,0.14254489541053772
9545,26,245,0.14145582914352417
9546,26,246,0.1840643584728241
9547,26,247,0.1749383956193924
9548,26,248,0.1470586359500885
9549,26,249,0.1768292635679245
9550,26,250,0.3082655370235443
9551,26,251,0.21233490109443665
9552,26,252,0.17905905842781067
9553,26,253,0.1860271692276001
9554,26,254,0.13768243789672852
9555,26,255,0.15496337413787842
9556,26,256,0.17972086369991302
9557,26,257,0.21730761229991913
9558,26,258,0.11968990415334702
9559,26,259,0.14353230595588684
9560,26,260,0.1713913083076477
9561,26,261,0.264532208442688
9562,26,262,0.12367787212133408
9563,26,263,0.2065143585205078
9564,26,264,0.17427128553390503
9565,26,265,0.15938487648963928
9566,26,266,0.13732187449932098
9567,26,267,0.1848965585231781
9568,26,268,0.19364164769649506
9569,26,269,0.2671586871147156
9570,26,270,0.17100855708122253
9571,26,271,0.16446055471897125
9572,26,272,0.17433419823646545
9573,26,273,0.16964367032051086
9574,26,274,0.16961252689361572
9575,26,275,0.12413541227579117
9576,26,276,0.19992506504058838
9577,26,277,0.17767921090126038
9578,26,278,0.152304008603096
9579,26,279,0.17058949172496796
9580,26,280,0.14013072848320007
9581,26,281,0.13686513900756836
9582,26,282,0.15380145609378815
9583,26,283,0.18584351241588593
9584,26,284,0.18381209671497345
9585,26,285,0.1334187090396881
9586,26,286,0.1759231984615326
9587,26,287,0.206758052110672
9588,26,288,0.13144703209400177
9589,26,289,0.15930971503257751
9590,26,290,0.1644705832004547
9591,26,291,0.17314596474170685
9592,26,292,0.15382665395736694
9593,26,293,0.3011527955532074
9594,26,294,0.17252758145332336
9595,26,295,0.1453237235546112
9596,26,296,0.1830407679080963
9597,26,297,0.17123804986476898
9598,26,298,0.22120292484760284
9599,26,299,0.13055190443992615
9600,26,300,0.21203398704528809
9601,26,301,0.1913585364818573
9602,26,302,0.13105040788650513
9603,26,303,0.13320355117321014
9604,26,304,0.17851397395133972
9605,26,305,0.15996482968330383
9606,26,306,0.22228749096393585
9607,26,307,0.14692695438861847
9608,26,308,0.16594156622886658
9609,26,309,0.1848926991224289
9610,26,310,0.16449019312858582
9611,26,311,0.1388207972049713
9612,26,312,0.16093358397483826
9613,26,313,0.2166733741760254
9614,26,314,0.33787161111831665
9615,26,315,0.2535301744937897
9616,26,316,0.166527658700943
9617,26,317,0.14888137578964233
9618,26,318,0.19737625122070312
9619,26,319,0.1640244424343109
9620,26,320,0.18110308051109314
9621,26,321,0.17995919287204742
9622,26,322,0.15844117105007172
9623,26,323,0.1799025982618332
9624,26,324,0.19549204409122467
9625,26,325,0.2084464579820633
9626,26,326,0.1717909872531891
9627,26,327,0.16768506169319153
9628,26,328,0.2166939079761505
9629,26,329,0.23619167506694794
9630,26,330,0.15508833527565002
9631,26,331,0.1643591821193695
9632,26,332,0.1786832958459854
9633,26,333,0.15618371963500977
9634,26,334,0.1546371430158615
9635,26,335,0.16547812521457672
9636,26,336,0.12343090772628784
9637,26,337,0.18096041679382324
9638,26,338,0.16551803052425385
9639,26,339,0.1602095663547516
9640,26,340,0.15970394015312195
9641,26,341,0.2517031133174896
9642,26,342,0.14978541433811188
9643,26,343,0.1712092012166977
9644,26,344,0.17530077695846558
9645,26,345,0.17204855382442474
9646,26,346,0.16207008063793182
9647,26,347,0.16936783492565155
9648,26,348,0.1744139939546585
9649,26,349,0.1801818460226059
9650,26,350,0.3111916482448578
9651,26,351,0.15970180928707123
9652,26,352,0.17437098920345306
9653,26,353,0.15953366458415985
9654,26,354,0.1481645256280899
9655,26,355,0.19238197803497314
9656,26,356,0.19781562685966492
9657,26,357,0.18677248060703278
9658,26,358,0.17112024128437042
9659,26,359,0.18433697521686554
9660,26,360,0.1960289478302002
9661,26,361,0.1295117437839508
9662,26,362,0.16078664362430573
9663,26,363,0.1546570062637329
9664,26,364,0.19486692547798157
9665,26,365,0.17808684706687927
9666,26,366,0.2503757178783417
9667,26,367,0.1427883803844452
9668,26,368,0.14914986491203308
9669,26,369,0.16859394311904907
9670,26,370,0.15907268226146698
9671,26,371,0.16794121265411377
9672,26,372,0.16913579404354095
9673,27,1,0.13766679167747498
9674,27,2,0.18326151371002197
9675,27,3,0.13482460379600525
9676,27,4,0.16245542466640472
9677,27,5,0.16374507546424866
9678,27,6,0.17933303117752075
9679,27,7,0.14820708334445953
9680,27,8,0.1492832750082016
9681,27,9,0.1749134361743927
9682,27,10,0.12652936577796936
9683,27,11,0.17157423496246338
9684,27,12,0.18437394499778748
9685,27,13,0.2108750343322754
9686,27,14,0.14399881660938263
9687,27,15,0.18382032215595245
9688,27,16,0.2281322479248047
9689,27,17,0.19699347019195557
9690,27,18,0.1272687464952469
9691,27,19,0.1862531155347824
9692,27,20,0.15926821529865265
9693,27,21,0.14933335781097412
9694,27,22,0.15251854062080383
9695,27,23,0.15600703656673431
9696,27,24,0.14355625212192535
9697,27,25,0.21796801686286926
9698,27,26,0.1451987326145172
9699,27,27,0.16357417404651642
9700,27,28,0.14614562690258026
9701,27,29,0.1702384650707245
9702,27,30,0.12524466216564178
9703,27,31,0.16299287974834442
9704,27,32,0.14706194400787354
9705,27,33,0.17790569365024567
9706,27,34,0.17064860463142395
9707,27,35,0.14757855236530304
9708,27,36,0.18459349870681763
9709,27,37,0.17648515105247498
9710,27,38,0.16469426453113556
9711,27,39,0.1504923701286316
9712,27,40,0.15507283806800842
9713,27,41,0.13024882972240448
9714,27,42,0.14847873151302338
9715,27,43,0.15848393738269806
9716,27,44,0.1680465191602707
9717,27,45,0.20284028351306915
9718,27,46,0.17544472217559814
9719,27,47,0.16263048350811005
9720,27,48,0.1853564828634262
9721,27,49,0.17337025701999664
9722,27,50,0.15350620448589325
9723,27,51,0.20618291199207306
9724,27,52,0.14949466288089752
9725,27,53,0.18367032706737518
9726,27,54,0.1592462658882141
9727,27,55,0.17325828969478607
9728,27,56,0.15968917310237885
9729,27,57,0.17831756174564362
9730,27,58,0.12821556627750397
9731,27,59,0.23206397891044617
9732,27,60,0.15978023409843445
9733,27,61,0.15656501054763794
9734,27,62,0.12815111875534058
9735,27,63,0.132720947265625
9736,27,64,0.1606452614068985
9737,27,65,0.17782065272331238
9738,27,66,0.1486213356256485
9739,27,67,0.16024914383888245
9740,27,68,0.15197134017944336
9741,27,69,0.1477527618408203
9742,27,70,0.17253297567367554
9743,27,71,0.17247937619686127
9744,27,72,0.1743798702955246
9745,27,73,0.16865631937980652
9746,27,74,0.15799428522586823
9747,27,75,0.15626633167266846
9748,27,76,0.1601419448852539
9749,27,77,0.18499460816383362
9750,27,78,0.15958598256111145
9751,27,79,0.1583692878484726
9752,27,80,0.1730242520570755
9753,27,81,0.16088759899139404
9754,27,82,0.18862412869930267
9755,27,83,0.1555929034948349
9756,27,84,0.16433094441890717
9757,27,85,0.1405743509531021
9758,27,86,0.1861891746520996
9759,27,87,0.19619597494602203
9760,27,88,0.14015406370162964
9761,27,89,0.14920786023139954
9762,27,90,0.13300934433937073
9763,27,91,0.17616528272628784
9764,27,92,0.1585918366909027
9765,27,93,0.17973008751869202
9766,27,94,0.18062086403369904
9767,27,95,0.18794670701026917
9768,27,96,0.2103746235370636
9769,27,97,0.1522853523492813
9770,27,98,0.19557562470436096
9771,27,99,0.1396854817867279
9772,27,100,0.14211530983448029
9773,27,101,0.2016621083021164
9774,27,102,0.21907329559326172
9775,27,103,0.16572676599025726
9776,27,104,0.17005422711372375
9777,27,105,0.22314798831939697
9778,27,106,0.18102802336215973
9779,27,107,0.17850473523139954
9780,27,108,0.12518933415412903
9781,27,109,0.155975341796875
9782,27,110,0.16252049803733826
9783,27,111,0.16113229095935822
9784,27,112,0.18840709328651428
9785,27,113,0.133855938911438
9786,27,114,0.1721305251121521
9787,27,115,0.16477617621421814
9788,27,116,0.19311641156673431
9789,27,117,0.16153910756111145
9790,27,118,0.16416163742542267
9791,27,119,0.17128203809261322
9792,27,120,0.17085473239421844
9793,27,121,0.14954514801502228
9794,27,122,0.13322266936302185
9795,27,123,0.3138808608055115
9796,27,124,0.15130510926246643
9797,27,125,0.1917559653520584
9798,27,126,0.19714045524597168
9799,27,127,0.15585124492645264
9800,27,128,0.1873241662979126
9801,27,129,0.13393893837928772
9802,27,130,0.17722618579864502
9803,27,131,0.17919570207595825
9804,27,132,0.22521130740642548
9805,27,133,0.15141992270946503
9806,27,134,0.21885593235492706
9807,27,135,0.18085907399654388
9808,27,136,0.18489648401737213
9809,27,137,0.18229177594184875
9810,27,138,0.1783251315355301
9811,27,139,0.18466392159461975
9812,27,140,0.15055030584335327
9813,27,141,0.3293263018131256
9814,27,142,0.13993680477142334
9815,27,143,0.17944523692131042
9816,27,144,0.16579210758209229
9817,27,145,0.1466636061668396
9818,27,146,0.15472197532653809
9819,27,147,0.15506654977798462
9820,27,148,0.16831636428833008
9821,27,149,0.1516212522983551
9822,27,150,0.16687707602977753
9823,27,151,0.14389994740486145
9824,27,152,0.12873639166355133
9825,27,153,0.14608019590377808
9826,27,154,0.17611688375473022
9827,27,155,0.12829002737998962
9828,27,156,0.15294787287712097
9829,27,157,0.24905118346214294
9830,27,158,0.13879379630088806
9831,27,159,0.1482619345188141
9832,27,160,0.13428008556365967
9833,27,161,0.15612627565860748
9834,27,162,0.18915903568267822
9835,27,163,0.14540280401706696
9836,27,164,0.15708409249782562
9837,27,165,0.1611095368862152
9838,27,166,0.15963976085186005
9839,27,167,0.13708043098449707
9840,27,168,0.1579952985048294
9841,27,169,0.1617032140493393
9842,27,170,0.1657576709985733
9843,27,171,0.12932245433330536
9844,27,172,0.14546774327754974
9845,27,173,0.19940468668937683
9846,27,174,0.14736799895763397
9847,27,175,0.17319270968437195
9848,27,176,0.15785065293312073
9849,27,177,0.18059056997299194
9850,27,178,0.17809274792671204
9851,27,179,0.1695282757282257
9852,27,180,0.1487617939710617
9853,27,181,0.1598493754863739
9854,27,182,0.14858664572238922
9855,27,183,0.1461462527513504
9856,27,184,0.1934460550546646
9857,27,185,0.16539356112480164
9858,27,186,0.19390054047107697
9859,27,187,0.1697787344455719
9860,27,188,0.15541978180408478
9861,27,189,0.15989676117897034
9862,27,190,0.15897196531295776
9863,27,191,0.13415372371673584
9864,27,192,0.17108824849128723
9865,27,193,0.14872580766677856
9866,27,194,0.130954310297966
9867,27,195,0.1438925564289093
9868,27,196,0.14168331027030945
9869,27,197,0.15148690342903137
9870,27,198,0.2268543541431427
9871,27,199,0.1406629979610443
9872,27,200,0.1695863902568817
9873,27,201,0.1456102877855301
9874,27,202,0.2239823341369629
9875,27,203,0.13835111260414124
9876,27,204,0.16668395698070526
9877,27,205,0.2614280879497528
9878,27,206,0.18571342527866364
9879,27,207,0.1777927577495575
9880,27,208,0.19071221351623535
9881,27,209,0.1859978884458542
9882,27,210,0.1660439819097519
9883,27,211,0.15494300425052643
9884,27,212,0.19312003254890442
9885,27,213,0.14237123727798462
9886,27,214,0.17589038610458374
9887,27,215,0.19066451489925385
9888,27,216,0.19695906341075897
9889,27,217,0.17991289496421814
9890,27,218,0.16071340441703796
9891,27,219,0.15985095500946045
9892,27,220,0.16805262863636017
9893,27,221,0.14501650631427765
9894,27,222,0.17838993668556213
9895,27,223,0.16871055960655212
9896,27,224,0.1874852180480957
9897,27,225,0.14590199291706085
9898,27,226,0.15297672152519226
9899,27,227,0.1651529222726822
9900,27,228,0.16146069765090942
9901,27,229,0.19823260605335236
9902,27,230,0.1757820099592209
9903,27,231,0.14150315523147583
9904,27,232,0.1446336954832077
9905,27,233,0.1447441279888153
9906,27,234,0.12340404838323593
9907,27,235,0.14086678624153137
9908,27,236,0.1456977128982544
9909,27,237,0.1329294890165329
9910,27,238,0.1693463772535324
9911,27,239,0.20675328373908997
9912,27,240,0.1776757687330246
9913,27,241,0.15600627660751343
9914,27,242,0.19274291396141052
9915,27,243,0.16115587949752808
9916,27,244,0.15751509368419647
9917,27,245,0.17480698227882385
9918,27,246,0.16587547957897186
9919,27,247,0.18384705483913422
9920,27,248,0.14533865451812744
9921,27,249,0.14449572563171387
9922,27,250,0.16204982995986938
9923,27,251,0.17809897661209106
9924,27,252,0.16832123696804047
9925,27,253,0.13311812281608582
9926,27,254,0.14099261164665222
9927,27,255,0.14824852347373962
9928,27,256,0.14197523891925812
9929,27,257,0.1824076920747757
9930,27,258,0.12575046718120575
9931,27,259,0.17474976181983948
9932,27,260,0.150368794798851
9933,27,261,0.31812888383865356
9934,27,262,0.1633041799068451
9935,27,263,0.13619695603847504
9936,27,264,0.14942973852157593
9937,27,265,0.13040217757225037
9938,27,266,0.30509451031684875
9939,27,267,0.1804141402244568
9940,27,268,0.16937266290187836
9941,27,269,0.1862398087978363
9942,27,270,0.1722259372472763
9943,27,271,0.16679367423057556
9944,27,272,0.14725477993488312
9945,27,273,0.24295195937156677
9946,27,274,0.16670821607112885
9947,27,275,0.1661052405834198
9948,27,276,0.15279720723628998
9949,27,277,0.14571547508239746
9950,27,278,0.13567714393138885
9951,27,279,0.20585615932941437
9952,27,280,0.18866479396820068
9953,27,281,0.23141101002693176
9954,27,282,0.1832110434770584
9955,27,283,0.197260320186615
9956,27,284,0.17367775738239288
9957,27,285,0.20475785434246063
9958,27,286,0.16043907403945923
9959,27,287,0.22341856360435486
9960,27,288,0.13902547955513
9961,27,289,0.17551083862781525
9962,27,290,0.1603841632604599
9963,27,291,0.26349446177482605
9964,27,292,0.1479322612285614
9965,27,293,0.1437065601348877
9966,27,294,0.17056071758270264
9967,27,295,0.1865088790655136
9968,27,296,0.17681217193603516
9969,27,297,0.16776902973651886
9970,27,298,0.15073364973068237
9971,27,299,0.13629133999347687
9972,27,300,0.23156540095806122
9973,27,301,0.17923852801322937
9974,27,302,0.17343781888484955
9975,27,303,0.21788087487220764
9976,27,304,0.18001601099967957
9977,27,305,0.14264827966690063
9978,27,306,0.1744496375322342
9979,27,307,0.1719510853290558
9980,27,308,0.15216228365898132
9981,27,309,0.18352735042572021
9982,27,310,0.15744604170322418
9983,27,311,0.15505863726139069
9984,27,312,0.1367918998003006
9985,27,313,0.18820209801197052
9986,27,314,0.1609431952238083
9987,27,315,0.2057020664215088
9988,27,316,0.17729707062244415
9989,27,317,0.1929894983768463
9990,27,318,0.16808897256851196
9991,27,319,0.14973708987236023
9992,27,320,0.17724454402923584
9993,27,321,0.16977737843990326
9994,27,322,0.14139828085899353
9995,27,323,0.1697804480791092
9996,27,324,0.1534624993801117
9997,27,325,0.1985301822423935
9998,27,326,0.17703011631965637
9999,27,327,0.15243475139141083
10000,27,328,0.15352864563465118
10001,27,329,0.15845263004302979
10002,27,330,0.14363257586956024
10003,27,331,0.16126471757888794
10004,27,332,0.16161487996578217
10005,27,333,0.14616215229034424
10006,27,334,0.13957515358924866
10007,27,335,0.15861651301383972
10008,27,336,0.16626431047916412
10009,27,337,0.1826278120279312
10010,27,338,0.1744593232870102
10011,27,339,0.23265454173088074
10012,27,340,0.20512361824512482
10013,27,341,0.20771856606006622
10014,27,342,0.16009680926799774
10015,27,343,0.19056019186973572
10016,27,344,0.18996044993400574
10017,27,345,0.15504847466945648
10018,27,346,0.16592463850975037
10019,27,347,0.17529848217964172
10020,27,348,0.2092546969652176
10021,27,349,0.1965656578540802
10022,27,350,0.18042874336242676
10023,27,351,0.16002166271209717
10024,27,352,0.16439762711524963
10025,27,353,0.1467849612236023
10026,27,354,0.1999460756778717
10027,27,355,0.13769648969173431
10028,27,356,0.20663194358348846
10029,27,357,0.1531074047088623
10030,27,358,0.13869166374206543
10031,27,359,0.19659459590911865
10032,27,360,0.16684266924858093
10033,27,361,0.2115488499403
10034,27,362,0.19963860511779785
10035,27,363,0.1812242567539215
10036,27,364,0.1778106987476349
10037,27,365,0.1541173756122589
10038,27,366,0.17486433684825897
10039,27,367,0.1286608874797821
10040,27,368,0.16462603211402893
10041,27,369,0.15887786448001862
10042,27,370,0.15935933589935303
10043,27,371,0.20020528137683868
10044,27,372,0.16289396584033966
10045,28,1,0.1440218985080719
10046,28,2,0.17197826504707336
10047,28,3,0.13557973504066467
10048,28,4,0.16603577136993408
10049,28,5,0.18108560144901276
10050,28,6,0.19068509340286255
10051,28,7,0.16718198359012604
10052,28,8,0.1439805030822754
10053,28,9,0.1811860203742981
10054,28,10,0.28626489639282227
10055,28,11,0.17487859725952148
10056,28,12,0.14576905965805054
10057,28,13,0.14005757868289948
10058,28,14,0.15349838137626648
10059,28,15,0.15761016309261322
10060,28,16,0.14860519766807556
10061,28,17,0.2606106102466583
10062,28,18,0.15989401936531067
10063,28,19,0.16278383135795593
10064,28,20,0.18222685158252716
10065,28,21,0.16095265746116638
10066,28,22,0.1834009736776352
10067,28,23,0.1892366260290146
10068,28,24,0.16698162257671356
10069,28,25,0.13621583580970764
10070,28,26,0.14378249645233154
10071,28,27,0.2467900961637497
10072,28,28,0.22238512337207794
10073,28,29,0.16056141257286072
10074,28,30,0.21446886658668518
10075,28,31,0.161034494638443
10076,28,32,0.11300037056207657
10077,28,33,0.1742781102657318
10078,28,34,0.1747598797082901
10079,28,35,0.22689871490001678
10080,28,36,0.1446273922920227
10081,28,37,0.14350931346416473
10082,28,38,0.15344324707984924
10083,28,39,0.18195852637290955
10084,28,40,0.1788109838962555
10085,28,41,0.31512489914894104
10086,28,42,0.15180926024913788
10087,28,43,0.14639326930046082
10088,28,44,0.16885480284690857
10089,28,45,0.14987137913703918
10090,28,46,0.1721845418214798
10091,28,47,0.1610935628414154
10092,28,48,0.189991757273674
10093,28,49,0.1737464815378189
10094,28,50,0.1605745106935501
10095,28,51,0.13625197112560272
10096,28,52,0.15601159632205963
10097,28,53,0.14117178320884705
10098,28,54,0.1611183136701584
10099,28,55,0.1601688116788864
10100,28,56,0.15464256703853607
10101,28,57,0.1355065554380417
10102,28,58,0.16882716119289398
10103,28,59,0.1320948451757431
10104,28,60,0.16873252391815186
10105,28,61,0.18284139037132263
10106,28,62,0.2118668258190155
10107,28,63,0.14854291081428528
10108,28,64,0.13331250846385956
10109,28,65,0.16820086538791656
10110,28,66,0.18626074492931366
10111,28,67,0.15506508946418762
10112,28,68,0.1435949206352234
10113,28,69,0.15066275000572205
10114,28,70,0.20530609786510468
10115,28,71,0.15382666885852814
10116,28,72,0.13989269733428955
10117,28,73,0.16778366267681122
10118,28,74,0.1342964470386505
10119,28,75,0.13888366520404816
10120,28,76,0.14131459593772888
10121,28,77,0.162181094288826
10122,28,78,0.18706049025058746
10123,28,79,0.13763171434402466
10124,28,80,0.20913808047771454
10125,28,81,0.16326451301574707
10126,28,82,0.22367818653583527
10127,28,83,0.14175689220428467
10128,28,84,0.15418127179145813
10129,28,85,0.13898248970508575
10130,28,86,0.16971996426582336
10131,28,87,0.20434734225273132
10132,28,88,0.1448543667793274
10133,28,89,0.16038085520267487
10134,28,90,0.1667284518480301
10135,28,91,0.1658364087343216
10136,28,92,0.13612866401672363
10137,28,93,0.14550796151161194
10138,28,94,0.17704850435256958
10139,28,95,0.2026616781949997
10140,28,96,0.18506531417369843
10141,28,97,0.14897316694259644
10142,28,98,0.16971053183078766
10143,28,99,0.1814092993736267
10144,28,100,0.19986920058727264
10145,28,101,0.1839953362941742
10146,28,102,0.14761748909950256
10147,28,103,0.13481901586055756
10148,28,104,0.1551765650510788
10149,28,105,0.16335755586624146
10150,28,106,0.1616784930229187
10151,28,107,0.10992664098739624
10152,28,108,0.1503916084766388
10153,28,109,0.13260826468467712
10154,28,110,0.13009586930274963
10155,28,111,0.18816743791103363
10156,28,112,0.1551169455051422
10157,28,113,0.17311039566993713
10158,28,114,0.1550353467464447
10159,28,115,0.25994130969047546
10160,28,116,0.18218877911567688
10161,28,117,0.15879380702972412
10162,28,118,0.16575194895267487
10163,28,119,0.1428638994693756
10164,28,120,0.1808018684387207
10165,28,121,0.1370917558670044
10166,28,122,0.14817102253437042
10167,28,123,0.1524311602115631
10168,28,124,0.2779138684272766
10169,28,125,0.15904834866523743
10170,28,126,0.19227167963981628
10171,28,127,0.1626509130001068
10172,28,128,0.18553152680397034
10173,28,129,0.12748774886131287
10174,28,130,0.12241198867559433
10175,28,131,0.13395802676677704
10176,28,132,0.16608215868473053
10177,28,133,0.19034400582313538
10178,28,134,0.16074945032596588
10179,28,135,0.15751990675926208
10180,28,136,0.1646188348531723
10181,28,137,0.1445883959531784
10182,28,138,0.1846589744091034
10183,28,139,0.13992436230182648
10184,28,140,0.16388294100761414
10185,28,141,0.16584226489067078
10186,28,142,0.17830461263656616
10187,28,143,0.1638968288898468
10188,28,144,0.1696503907442093
10189,28,145,0.1715065985918045
10190,28,146,0.1553446650505066
10191,28,147,0.2223099172115326
10192,28,148,0.22885024547576904
10193,28,149,0.19777227938175201
10194,28,150,0.19163724780082703
10195,28,151,0.16939997673034668
10196,28,152,0.1648402065038681
10197,28,153,0.16232076287269592
10198,28,154,0.2529260814189911
10199,28,155,0.2042839080095291
10200,28,156,0.1445160061120987
10201,28,157,0.178385928273201
10202,28,158,0.14406436681747437
10203,28,159,0.23954124748706818
10204,28,160,0.18514341115951538
10205,28,161,0.158868670463562
10206,28,162,0.13941380381584167
10207,28,163,0.14502190053462982
10208,28,164,0.13835735619068146
10209,28,165,0.20197352766990662
10210,28,166,0.14423322677612305
10211,28,167,0.15035171806812286
10212,28,168,0.16252855956554413
10213,28,169,0.3006821870803833
10214,28,170,0.14897437393665314
10215,28,171,0.16692297160625458
10216,28,172,0.19283375144004822
10217,28,173,0.1516624093055725
10218,28,174,0.2189016044139862
10219,28,175,0.18989534676074982
10220,28,176,0.14219725131988525
10221,28,177,0.20413227379322052
10222,28,178,0.2389497011899948
10223,28,179,0.1318390965461731
10224,28,180,0.22311517596244812
10225,28,181,0.15545400977134705
10226,28,182,0.18693245947360992
10227,28,183,0.16813288629055023
10228,28,184,0.3228359520435333
10229,28,185,0.19461897015571594
10230,28,186,0.1512216180562973
10231,28,187,0.16168175637722015
10232,28,188,0.16816940903663635
10233,28,189,0.15288755297660828
10234,28,190,0.1739814728498459
10235,28,191,0.2112704962491989
10236,28,192,0.18839596211910248
10237,28,193,0.17199483513832092
10238,28,194,0.14247915148735046
10239,28,195,0.13766327500343323
10240,28,196,0.18899358808994293
10241,28,197,0.1929609477519989
10242,28,198,0.15310992300510406
10243,28,199,0.20639821887016296
10244,28,200,0.1922520101070404
10245,28,201,0.22223052382469177
10246,28,202,0.14572159945964813
10247,28,203,0.22947189211845398
10248,28,204,0.1798667460680008
10249,28,205,0.2072756290435791
10250,28,206,0.22653940320014954
10251,28,207,0.17282748222351074
10252,28,208,0.17541876435279846
10253,28,209,0.19312147796154022
10254,28,210,0.17434684932231903
10255,28,211,0.2368651181459427
10256,28,212,0.17768539488315582
10257,28,213,0.17988541722297668
10258,28,214,0.19078275561332703
10259,28,215,0.1940578669309616
10260,28,216,0.18770775198936462
10261,28,217,0.20573851466178894
10262,28,218,0.21547016501426697
10263,28,219,0.21884635090827942
10264,28,220,0.1583975851535797
10265,28,221,0.19399651885032654
10266,28,222,0.1360473930835724
10267,28,223,0.158420592546463
10268,28,224,0.16281773149967194
10269,28,225,0.1881849616765976
10270,28,226,0.1789383441209793
10271,28,227,0.16551867127418518
10272,28,228,0.1835724115371704
10273,28,229,0.17882758378982544
10274,28,230,0.21540069580078125
10275,28,231,0.24030213057994843
10276,28,232,0.18039098381996155
10277,28,233,0.16095198690891266
10278,28,234,0.17173713445663452
10279,28,235,0.18665197491645813
10280,28,236,0.2640332579612732
10281,28,237,0.17108842730522156
10282,28,238,0.39052024483680725
10283,28,239,0.15187455713748932
10284,28,240,0.1621290147304535
10285,28,241,0.1620400846004486
10286,28,242,0.19908387959003448
10287,28,243,0.32012540102005005
10288,28,244,0.22420959174633026
10289,28,245,0.17769579589366913
10290,28,246,0.21719539165496826
10291,28,247,0.36657780408859253
10292,28,248,0.16296075284481049
10293,28,249,0.17335373163223267
10294,28,250,0.17904821038246155
10295,28,251,0.18252234160900116
10296,28,252,0.18571358919143677
10297,28,253,0.17232295870780945
10298,28,254,0.1481986939907074
10299,28,255,0.15265041589736938
10300,28,256,0.1486901491880417
10301,28,257,0.17634981870651245
10302,28,258,0.17381256818771362
10303,28,259,0.17523930966854095
10304,28,260,0.15648509562015533
10305,28,261,0.1426199972629547
10306,28,262,0.28762251138687134
10307,28,263,0.16885490715503693
10308,28,264,0.163876011967659
10309,28,265,0.14836855232715607
10310,28,266,0.23454661667346954
10311,28,267,0.1685810536146164
10312,28,268,0.2216069996356964
10313,28,269,0.15166758000850677
10314,28,270,0.21333754062652588
10315,28,271,0.23512792587280273
10316,28,272,0.19080974161624908
10317,28,273,0.17367754876613617
10318,28,274,0.2807576060295105
10319,28,275,0.20441381633281708
10320,28,276,0.14730128645896912
10321,28,277,0.16193871200084686
10322,28,278,0.14220787584781647
10323,28,279,0.16593781113624573
10324,28,280,0.15624934434890747
10325,28,281,0.1820313036441803
10326,28,282,0.1484595686197281
10327,28,283,0.15045666694641113
10328,28,284,0.22298958897590637
10329,28,285,0.20425434410572052
10330,28,286,0.16557739675045013
10331,28,287,0.212413027882576
10332,28,288,0.21142368018627167
10333,28,289,0.1800679862499237
10334,28,290,0.17151865363121033
10335,28,291,0.19007202982902527
10336,28,292,0.2047857940196991
10337,28,293,0.15866351127624512
10338,28,294,0.21892444789409637
10339,28,295,0.20735004544258118
10340,28,296,0.15580210089683533
10341,28,297,0.179710254073143
10342,28,298,0.17513200640678406
10343,28,299,0.17922821640968323
10344,28,300,0.17604288458824158
10345,28,301,0.18350747227668762
10346,28,302,0.3155287802219391
10347,28,303,0.13426554203033447
10348,28,304,0.15546593070030212
10349,28,305,0.1744716614484787
10350,28,306,0.18258996307849884
10351,28,307,0.18078482151031494
10352,28,308,0.16452929377555847
10353,28,309,0.1670544147491455
10354,28,310,0.1552582085132599
10355,28,311,0.13914169371128082
10356,28,312,0.1617627739906311
10357,28,313,0.17728593945503235
10358,28,314,0.13746114075183868
10359,28,315,0.17402996122837067
10360,28,316,0.22834765911102295
10361,28,317,0.13493755459785461
10362,28,318,0.2032407522201538
10363,28,319,0.15775468945503235
10364,28,320,0.1940583437681198
10365,28,321,0.21929128468036652
10366,28,322,0.1537933647632599
10367,28,323,0.1809382140636444
10368,28,324,0.21143510937690735
10369,28,325,0.17877724766731262
10370,28,326,0.15767548978328705
10371,28,327,0.1591193974018097
10372,28,328,0.1720745861530304
10373,28,329,0.1858367621898651
10374,28,330,0.14842547476291656
10375,28,331,0.15168805420398712
10376,28,332,0.1615203469991684
10377,28,333,0.14777742326259613
10378,28,334,0.13317084312438965
10379,28,335,0.16355954110622406
10380,28,336,0.12242761999368668
10381,28,337,0.16241270303726196
10382,28,338,0.15813413262367249
10383,28,339,0.17645342648029327
10384,28,340,0.17525063455104828
10385,28,341,0.1446804702281952
10386,28,342,0.13877981901168823
10387,28,343,0.14508840441703796
10388,28,344,0.17005965113639832
10389,28,345,0.16203586757183075
10390,28,346,0.15277700126171112
10391,28,347,0.1483747959136963
10392,28,348,0.14300671219825745
10393,28,349,0.133042111992836
10394,28,350,0.17401428520679474
10395,28,351,0.15088339149951935
10396,28,352,0.13643762469291687
10397,28,353,0.13880065083503723
10398,28,354,0.14246971905231476
10399,28,355,0.15834592282772064
10400,28,356,0.17018604278564453
10401,28,357,0.22465136647224426
10402,28,358,0.1809966266155243
10403,28,359,0.14410705864429474
10404,28,360,0.12317533791065216
10405,28,361,0.1622128039598465
10406,28,362,0.1874045729637146
10407,28,363,0.2739301323890686
10408,28,364,0.16114935278892517
10409,28,365,0.14495791494846344
10410,28,366,0.19146592915058136
10411,28,367,0.17826132476329803
10412,28,368,0.143773153424263
10413,28,369,0.15247681736946106
10414,28,370,0.15063181519508362
10415,28,371,0.15756912529468536
10416,28,372,0.15496255457401276
10417,29,1,0.15617458522319794
10418,29,2,0.11969806253910065
10419,29,3,0.15528841316699982
10420,29,4,0.17261506617069244
10421,29,5,0.14443077147006989
10422,29,6,0.13368289172649384
10423,29,7,0.14902010560035706
10424,29,8,0.1313585340976715
10425,29,9,0.13460178673267365
10426,29,10,0.1638103723526001
10427,29,11,0.1689910739660263
10428,29,12,0.16607657074928284
10429,29,13,0.1223871111869812
10430,29,14,0.17090529203414917
10431,29,15,0.2070009708404541
10432,29,16,0.13690520823001862
10433,29,17,0.27551689743995667
10434,29,18,0.1667405366897583
10435,29,19,0.1590777337551117
10436,29,20,0.14626142382621765
10437,29,21,0.12251299619674683
10438,29,22,0.1278086006641388
10439,29,23,0.15417230129241943
10440,29,24,0.20486505329608917
10441,29,25,0.1788092851638794
10442,29,26,0.21636947989463806
10443,29,27,0.14969277381896973
10444,29,28,0.18540330231189728
10445,29,29,0.1285572201013565
10446,29,30,0.1919902116060257
10447,29,31,0.16629444062709808
10448,29,32,0.1592707335948944
10449,29,33,0.1467510312795639
10450,29,34,0.14691956341266632
10451,29,35,0.138524129986763
10452,29,36,0.14313411712646484
10453,29,37,0.14218565821647644
10454,29,38,0.1671573370695114
10455,29,39,0.13203027844429016
10456,29,40,0.14673291146755219
10457,29,41,0.17368550598621368
10458,29,42,0.16308952867984772
10459,29,43,0.16886182129383087
10460,29,44,0.13379427790641785
10461,29,45,0.19722026586532593
10462,29,46,0.1667788177728653
10463,29,47,0.1435379534959793
10464,29,48,0.14748327434062958
10465,29,49,0.1409168392419815
10466,29,50,0.1613791137933731
10467,29,51,0.1595740020275116
10468,29,52,0.2082749307155609
10469,29,53,0.15542909502983093
10470,29,54,0.18728522956371307
10471,29,55,0.15538237988948822
10472,29,56,0.1225653737783432
10473,29,57,0.1678084433078766
10474,29,58,0.127994105219841
10475,29,59,0.14882495999336243
10476,29,60,0.1282951384782791
10477,29,61,0.19043616950511932
10478,29,62,0.17449438571929932
10479,29,63,0.16061101853847504
10480,29,64,0.13429689407348633
10481,29,65,0.13474367558956146
10482,29,66,0.1447620391845703
10483,29,67,0.14480918645858765
10484,29,68,0.16077221930027008
10485,29,69,0.13626247644424438
10486,29,70,0.136214479804039
10487,29,71,0.14633330702781677
10488,29,72,0.15829753875732422
10489,29,73,0.1786457747220993
10490,29,74,0.1687859296798706
10491,29,75,0.1566976010799408
10492,29,76,0.16164889931678772
10493,29,77,0.1519668996334076
10494,29,78,0.15644410252571106
10495,29,79,0.15721818804740906
10496,29,80,0.13697689771652222
10497,29,81,0.12279325723648071
10498,29,82,0.14047834277153015
10499,29,83,0.17867855727672577
10500,29,84,0.1519266963005066
10501,29,85,0.14060518145561218
10502,29,86,0.1797192096710205
10503,29,87,0.16736748814582825
10504,29,88,0.180489182472229
10505,29,89,0.1702367514371872
10506,29,90,0.14868175983428955
10507,29,91,0.1415707767009735
10508,29,92,0.19719341397285461
10509,29,93,0.26503023505210876
10510,29,94,0.15926209092140198
10511,29,95,0.13729287683963776
10512,29,96,0.15154306590557098
10513,29,97,0.1448311060667038
10514,29,98,0.15124110877513885
10515,29,99,0.16932643949985504
10516,29,100,0.1759834736585617
10517,29,101,0.14053019881248474
10518,29,102,0.19956348836421967
10519,29,103,0.18187658488750458
10520,29,104,0.1261998414993286
10521,29,105,0.17582634091377258
10522,29,106,0.13193832337856293
10523,29,107,0.17469662427902222
10524,29,108,0.13503065705299377
10525,29,109,0.13790632784366608
10526,29,110,0.13373638689517975
10527,29,111,0.13559609651565552
10528,29,112,0.15435418486595154
10529,29,113,0.1477719247341156
10530,29,114,0.16429778933525085
10531,29,115,0.14334876835346222
10532,29,116,0.13118188083171844
10533,29,117,0.14837272465229034
10534,29,118,0.12230441719293594
10535,29,119,0.1348489224910736
10536,29,120,0.12699724733829498
10537,29,121,0.15813079476356506
10538,29,122,0.18030396103858948
10539,29,123,0.15589366853237152
10540,29,124,0.13992281258106232
10541,29,125,0.15341109037399292
10542,29,126,0.15719254314899445
10543,29,127,0.14121948182582855
10544,29,128,0.19046461582183838
10545,29,129,0.13471688330173492
10546,29,130,0.13161811232566833
10547,29,131,0.16636845469474792
10548,29,132,0.14084014296531677
10549,29,133,0.13876400887966156
10550,29,134,0.14482204616069794
10551,29,135,0.15973469614982605
10552,29,136,0.1529541313648224
10553,29,137,0.1733032763004303
10554,29,138,0.11909860372543335
10555,29,139,0.145903080701828
10556,29,140,0.1594889611005783
10557,29,141,0.22623884677886963
10558,29,142,0.1269959956407547
10559,29,143,0.312698632478714
10560,29,144,0.17818579077720642
10561,29,145,0.15656772255897522
10562,29,146,0.1526850461959839
10563,29,147,0.17666099965572357
10564,29,148,0.15281438827514648
10565,29,149,0.19144243001937866
10566,29,150,0.1714293658733368
10567,29,151,0.1856267899274826
10568,29,152,0.15518462657928467
10569,29,153,0.14231345057487488
10570,29,154,0.13282684981822968
10571,29,155,0.1549886167049408
10572,29,156,0.14962418377399445
10573,29,157,0.17982353270053864
10574,29,158,0.13854363560676575
10575,29,159,0.17183536291122437
10576,29,160,0.20834115147590637
10577,29,161,0.1442655324935913
10578,29,162,0.13799026608467102
10579,29,163,0.16884860396385193
10580,29,164,0.1451055109500885
10581,29,165,0.16054226458072662
10582,29,166,0.1864165961742401
10583,29,167,0.18137268722057343
10584,29,168,0.13599014282226562
10585,29,169,0.14391423761844635
10586,29,170,0.17508931457996368
10587,29,171,0.13226130604743958
10588,29,172,0.2018526792526245
10589,29,173,0.15425071120262146
10590,29,174,0.16723814606666565
10591,29,175,0.1730770766735077
10592,29,176,0.14054682850837708
10593,29,177,0.20511505007743835
10594,29,178,0.16809715330600739
10595,29,179,0.21146579086780548
10596,29,180,0.13964110612869263
10597,29,181,0.16351845860481262
10598,29,182,0.1626313030719757
10599,29,183,0.16374321281909943
10600,29,184,0.1720753163099289
10601,29,185,0.1575183868408203
10602,29,186,0.17660947144031525
10603,29,187,0.17933903634548187
10604,29,188,0.14998933672904968
10605,29,189,0.15606097877025604
10606,29,190,0.13049083948135376
10607,29,191,0.16573871672153473
10608,29,192,0.12667447328567505
10609,29,193,0.1621435582637787
10610,29,194,0.17463266849517822
10611,29,195,0.1539783775806427
10612,29,196,0.13485854864120483
10613,29,197,0.18733805418014526
10614,29,198,0.17170244455337524
10615,29,199,0.1885140836238861
10616,29,200,0.13266922533512115
10617,29,201,0.17975889146327972
10618,29,202,0.11397586762905121
10619,29,203,0.1570260226726532
10620,29,204,0.16797539591789246
10621,29,205,0.1460983008146286
10622,29,206,0.2131536453962326
10623,29,207,0.16217562556266785
10624,29,208,0.17888253927230835
10625,29,209,0.15327325463294983
10626,29,210,0.1825970709323883
10627,29,211,0.16410920023918152
10628,29,212,0.21832656860351562
10629,29,213,0.1793515384197235
10630,29,214,0.15473595261573792
10631,29,215,0.14351220428943634
10632,29,216,0.15450531244277954
10633,29,217,0.19494320452213287
10634,29,218,0.16305601596832275
10635,29,219,0.14721810817718506
10636,29,220,0.18254859745502472
10637,29,221,0.17136844992637634
10638,29,222,0.19609476625919342
10639,29,223,0.17189957201480865
10640,29,224,0.16705459356307983
10641,29,225,0.26054006814956665
10642,29,226,0.1356232911348343
10643,29,227,0.2181864082813263
10644,29,228,0.16381043195724487
10645,29,229,0.1888304054737091
10646,29,230,0.1620432287454605
10647,29,231,0.1394198089838028
10648,29,232,0.14603909850120544
10649,29,233,0.19160933792591095
10650,29,234,0.17740574479103088
10651,29,235,0.1422646939754486
10652,29,236,0.12648232281208038
10653,29,237,0.20124027132987976
10654,29,238,0.1717054545879364
10655,29,239,0.11579166352748871
10656,29,240,0.1744370013475418
10657,29,241,0.12500488758087158
10658,29,242,0.15864942967891693
10659,29,243,0.19144222140312195
10660,29,244,0.14982417225837708
10661,29,245,0.1835826337337494
10662,29,246,0.13851894438266754
10663,29,247,0.17283140122890472
10664,29,248,0.1864384412765503
10665,29,249,0.14338329434394836
10666,29,250,0.14731833338737488
10667,29,251,0.1325690895318985
10668,29,252,0.21237075328826904
10669,29,253,0.18830007314682007
10670,29,254,0.22070610523223877
10671,29,255,0.15693585574626923
10672,29,256,0.1740829050540924
10673,29,257,0.10965734720230103
10674,29,258,0.13572081923484802
10675,29,259,0.15958403050899506
10676,29,260,0.14854106307029724
10677,29,261,0.16708485782146454
10678,29,262,0.13730111718177795
10679,29,263,0.13389268517494202
10680,29,264,0.19065320491790771
10681,29,265,0.13710732758045197
10682,29,266,0.15383705496788025
10683,29,267,0.27187708020210266
10684,29,268,0.1521233767271042
10685,29,269,0.16062548756599426
10686,29,270,0.12940800189971924
10687,29,271,0.20868746936321259
10688,29,272,0.1607092022895813
10689,29,273,0.1539883017539978
10690,29,274,0.13623139262199402
10691,29,275,0.1500360518693924
10692,29,276,0.16385506093502045
10693,29,277,0.2669324278831482
10694,29,278,0.16008181869983673
10695,29,279,0.1652016043663025
10696,29,280,0.2449224889278412
10697,29,281,0.15906009078025818
10698,29,282,0.1417429894208908
10699,29,283,0.1446654349565506
10700,29,284,0.35859960317611694
10701,29,285,0.13929042220115662
10702,29,286,0.14099444448947906
10703,29,287,0.16825774312019348
10704,29,288,0.1341705471277237
10705,29,289,0.16163182258605957
10706,29,290,0.17113082110881805
10707,29,291,0.1375689059495926
10708,29,292,0.16009600460529327
10709,29,293,0.17144788801670074
10710,29,294,0.17519403994083405
10711,29,295,0.18507546186447144
10712,29,296,0.14609140157699585
10713,29,297,0.16627702116966248
10714,29,298,0.17746281623840332
10715,29,299,0.18375012278556824
10716,29,300,0.18639793992042542
10717,29,301,0.14068655669689178
10718,29,302,0.18176785111427307
10719,29,303,0.14900332689285278
10720,29,304,0.18874068558216095
10721,29,305,0.15325666964054108
10722,29,306,0.16467058658599854
10723,29,307,0.16498616337776184
10724,29,308,0.16558502614498138
10725,29,309,0.1632528007030487
10726,29,310,0.15370914340019226
10727,29,311,0.13336746394634247
10728,29,312,0.20597033202648163
10729,29,313,0.16191355884075165
10730,29,314,0.13997724652290344
10731,29,315,0.16305318474769592
10732,29,316,0.15831956267356873
10733,29,317,0.1743241846561432
10734,29,318,0.1798078417778015
10735,29,319,0.14804397523403168
10736,29,320,0.15016406774520874
10737,29,321,0.1315440833568573
10738,29,322,0.2111150473356247
10739,29,323,0.14212556183338165
10740,29,324,0.1669379621744156
10741,29,325,0.1338079422712326
10742,29,326,0.15142159163951874
10743,29,327,0.4206569194793701
10744,29,328,0.14047136902809143
10745,29,329,0.1981085240840912
10746,29,330,0.15794406831264496
10747,29,331,0.1545761525630951
10748,29,332,0.20017313957214355
10749,29,333,0.1868657022714615
10750,29,334,0.17668409645557404
10751,29,335,0.20359495282173157
10752,29,336,0.18955765664577484
10753,29,337,0.17891418933868408
10754,29,338,0.32081538438796997
10755,29,339,0.18373912572860718
10756,29,340,0.1514049470424652
10757,29,341,0.15729638934135437
10758,29,342,0.3266552686691284
10759,29,343,0.160234272480011
10760,29,344,0.16768541932106018
10761,29,345,0.19792404770851135
10762,29,346,0.19908584654331207
10763,29,347,0.17619021236896515
10764,29,348,0.17601045966148376
10765,29,349,0.1648901104927063
10766,29,350,0.17992337048053741
10767,29,351,0.20138487219810486
10768,29,352,0.17459778487682343
10769,29,353,0.16599413752555847
10770,29,354,0.16425736248493195
10771,29,355,0.2199781835079193
10772,29,356,0.17882753908634186
10773,29,357,0.22923466563224792
10774,29,358,0.15411892533302307
10775,29,359,0.2106090486049652
10776,29,360,0.21285030245780945
10777,29,361,0.153350368142128
10778,29,362,0.19464612007141113
10779,29,363,0.139752596616745
10780,29,364,0.15976981818675995
10781,29,365,0.15443161129951477
10782,29,366,0.14615710079669952
10783,29,367,0.14790219068527222
10784,29,368,0.2084183245897293
10785,29,369,0.14644324779510498
10786,29,370,0.18078461289405823
10787,29,371,0.18451163172721863
10788,29,372,0.1503904014825821
10789,30,1,0.12324770539999008
10790,30,2,0.15315857529640198
10791,30,3,0.1721726804971695
10792,30,4,0.15212112665176392
10793,30,5,0.17963498830795288
10794,30,6,0.14865300059318542
10795,30,7,0.16263648867607117
10796,30,8,0.1835254430770874
10797,30,9,0.13686849176883698
10798,30,10,0.14596675336360931
10799,30,11,0.16412749886512756
10800,30,12,0.16779521107673645
10801,30,13,0.13535571098327637
10802,30,14,0.157943993806839
10803,30,15,0.1523691713809967
10804,30,16,0.14678995311260223
10805,30,17,0.1408027708530426
10806,30,18,0.15886269509792328
10807,30,19,0.19404879212379456
10808,30,20,0.17802658677101135
10809,30,21,0.12838587164878845
10810,30,22,0.1550980657339096
10811,30,23,0.18123461306095123
10812,30,24,0.13391201198101044
10813,30,25,0.14726713299751282
10814,30,26,0.15117259323596954
10815,30,27,0.17249606549739838
10816,30,28,0.1420057862997055
10817,30,29,0.15012575685977936
10818,30,30,0.17351391911506653
10819,30,31,0.13964581489562988
10820,30,32,0.11860376596450806
10821,30,33,0.14529305696487427
10822,30,34,0.16403217613697052
10823,30,35,0.1270105242729187
10824,30,36,0.16163165867328644
10825,30,37,0.16617299616336823
10826,30,38,0.14002776145935059
10827,30,39,0.19088754057884216
10828,30,40,0.16073092818260193
10829,30,41,0.14307622611522675
10830,30,42,0.11714191734790802
10831,30,43,0.14708709716796875
10832,30,44,0.15830034017562866
10833,30,45,0.1399192363023758
10834,30,46,0.16734972596168518
10835,30,47,0.12883681058883667
10836,30,48,0.1492372304201126
10837,30,49,0.16506636142730713
10838,30,50,0.1776907742023468
10839,30,51,0.18172863125801086
10840,30,52,0.15089920163154602
10841,30,53,0.15924593806266785
10842,30,54,0.22234876453876495
10843,30,55,0.16116079688072205
10844,30,56,0.1621783822774887
10845,30,57,0.17033955454826355
10846,30,58,0.14309725165367126
10847,30,59,0.16113105416297913
10848,30,60,0.17350411415100098
10849,30,61,0.2016410082578659
10850,30,62,0.14440374076366425
10851,30,63,0.1209532767534256
10852,30,64,0.1560550481081009
10853,30,65,0.1754530817270279
10854,30,66,0.19488050043582916
10855,30,67,0.16677264869213104
10856,30,68,0.14609631896018982
10857,30,69,0.16393831372261047
10858,30,70,0.132070392370224
10859,30,71,0.14282166957855225
10860,30,72,0.1708810031414032
10861,30,73,0.28847643733024597
10862,30,74,0.1485937088727951
10863,30,75,0.13579785823822021
10864,30,76,0.18480554223060608
10865,30,77,0.21685492992401123
10866,30,78,0.1871212273836136
10867,30,79,0.13862240314483643
10868,30,80,0.14810286462306976
10869,30,81,0.1501484364271164
10870,30,82,0.15868529677391052
10871,30,83,0.13597248494625092
10872,30,84,0.1450314074754715
10873,30,85,0.14353406429290771
10874,30,86,0.13628163933753967
10875,30,87,0.187618225812912
10876,30,88,0.12545549869537354
10877,30,89,0.182105153799057
10878,30,90,0.1665242463350296
10879,30,91,0.14530298113822937
10880,30,92,0.1593145728111267
10881,30,93,0.1372879445552826
10882,30,94,0.1388019174337387
10883,30,95,0.12904132902622223
10884,30,96,0.14627060294151306
10885,30,97,0.20056071877479553
10886,30,98,0.13657858967781067
10887,30,99,0.1289471536874771
10888,30,100,0.1480969488620758
10889,30,101,0.14811210334300995
10890,30,102,0.1471453309059143
10891,30,103,0.14527669548988342
10892,30,104,0.14203062653541565
10893,30,105,0.17375114560127258
10894,30,106,0.1243627667427063
10895,30,107,0.1672658920288086
10896,30,108,0.15150485932826996
10897,30,109,0.15089797973632812
10898,30,110,0.14910706877708435
10899,30,111,0.16628974676132202
10900,30,112,0.1493636816740036
10901,30,113,0.1358916014432907
10902,30,114,0.13942989706993103
10903,30,115,0.1449114829301834
10904,30,116,0.15169793367385864
10905,30,117,0.12632471323013306
10906,30,118,0.12522993981838226
10907,30,119,0.16733300685882568
10908,30,120,0.1913532018661499
10909,30,121,0.1513596922159195
10910,30,122,0.11960955709218979
10911,30,123,0.1887781322002411
10912,30,124,0.16527500748634338
10913,30,125,0.13469228148460388
10914,30,126,0.17307107150554657
10915,30,127,0.12668274343013763
10916,30,128,0.13684114813804626
10917,30,129,0.20155417919158936
10918,30,130,0.1365543156862259
10919,30,131,0.15417523682117462
10920,30,132,0.17310206592082977
10921,30,133,0.11196810007095337
10922,30,134,0.12588366866111755
10923,30,135,0.144311785697937
10924,30,136,0.18354414403438568
10925,30,137,0.13399222493171692
10926,30,138,0.16465692222118378
10927,30,139,0.16568610072135925
10928,30,140,0.16454488039016724
10929,30,141,0.18275925517082214
10930,30,142,0.16452422738075256
10931,30,143,0.17550010979175568
10932,30,144,0.15003852546215057
10933,30,145,0.1368691623210907
10934,30,146,0.16374847292900085
10935,30,147,0.13367381691932678
10936,30,148,0.166883647441864
10937,30,149,0.14508579671382904
10938,30,150,0.15698809921741486
10939,30,151,0.18143603205680847
10940,30,152,0.15743522346019745
10941,30,153,0.13473865389823914
10942,30,154,0.1545795202255249
10943,30,155,0.14937511086463928
10944,30,156,0.12607762217521667
10945,30,157,0.1730278730392456
10946,30,158,0.15714089572429657
10947,30,159,0.1579071581363678
10948,30,160,0.13772937655448914
10949,30,161,0.14421698451042175
10950,30,162,0.22713199257850647
10951,30,163,0.1419685035943985
10952,30,164,0.16841748356819153
10953,30,165,0.1578553318977356
10954,30,166,0.15250585973262787
10955,30,167,0.14553841948509216
10956,30,168,0.15772958099842072
10957,30,169,0.18797750771045685
10958,30,170,0.15069660544395447
10959,30,171,0.15708386898040771
10960,30,172,0.13354772329330444
10961,30,173,0.12660667300224304
10962,30,174,0.12689568102359772
10963,30,175,0.1369839459657669
10964,30,176,0.1423940807580948
10965,30,177,0.10442749410867691
10966,30,178,0.15739765763282776
10967,30,179,0.12643441557884216
10968,30,180,0.17074507474899292
10969,30,181,0.1358945667743683
10970,30,182,0.15138691663742065
10971,30,183,0.13810977339744568
10972,30,184,0.1436903029680252
10973,30,185,0.184038445353508
10974,30,186,0.16723786294460297
10975,30,187,0.14968401193618774
10976,30,188,0.1276211142539978
10977,30,189,0.14049839973449707
10978,30,190,0.13805049657821655
10979,30,191,0.15397128462791443
10980,30,192,0.16060231626033783
10981,30,193,0.1487625688314438
10982,30,194,0.15106423199176788
10983,30,195,0.14982859790325165
10984,30,196,0.15290077030658722
10985,30,197,0.1779966652393341
10986,30,198,0.16373220086097717
10987,30,199,0.1413697600364685
10988,30,200,0.15206150710582733
10989,30,201,0.1387321650981903
10990,30,202,0.15739616751670837
10991,30,203,0.13548284769058228
10992,30,204,0.16222772002220154
10993,30,205,0.15486948192119598
10994,30,206,0.14623302221298218
10995,30,207,0.14686687290668488
10996,30,208,0.13451164960861206
10997,30,209,0.14454913139343262
10998,30,210,0.13495978713035583
10999,30,211,0.12966707348823547
11000,30,212,0.13618245720863342
11001,30,213,0.14471954107284546
11002,30,214,0.14333683252334595
11003,30,215,0.16680637001991272
11004,30,216,0.15696938335895538
11005,30,217,0.14675375819206238
11006,30,218,0.23235103487968445
11007,30,219,0.1485876441001892
11008,30,220,0.26243963837623596
11009,30,221,0.14926528930664062
11010,30,222,0.2013564556837082
11011,30,223,0.1505051553249359
11012,30,224,0.155847430229187
11013,30,225,0.17261846363544464
11014,30,226,0.1282661110162735
11015,30,227,0.15642091631889343
11016,30,228,0.12733636796474457
11017,30,229,0.1492217481136322
11018,30,230,0.14130544662475586
11019,30,231,0.15235349535942078
11020,30,232,0.184881791472435
11021,30,233,0.16503146290779114
11022,30,234,0.14014120399951935
11023,30,235,0.14275535941123962
11024,30,236,0.1450832039117813
11025,30,237,0.15273286402225494
11026,30,238,0.13940605521202087
11027,30,239,0.1256941258907318
11028,30,240,0.17709839344024658
11029,30,241,0.15194512903690338
11030,30,242,0.15274080634117126
11031,30,243,0.148863285779953
11032,30,244,0.15606403350830078
11033,30,245,0.1576770395040512
11034,30,246,0.14283518493175507
11035,30,247,0.14887741208076477
11036,30,248,0.14407779276371002
11037,30,249,0.1665269136428833
11038,30,250,0.161154106259346
11039,30,251,0.2035740315914154
11040,30,252,0.15595106780529022
11041,30,253,0.1603691279888153
11042,30,254,0.11327151209115982
11043,30,255,0.12381362915039062
11044,30,256,0.1794586181640625
11045,30,257,0.15120720863342285
11046,30,258,0.14385397732257843
11047,30,259,0.1423221379518509
11048,30,260,0.15306755900382996
11049,30,261,0.1578298807144165
11050,30,262,0.14307743310928345
11051,30,263,0.14393597841262817
11052,30,264,0.11336557567119598
11053,30,265,0.14459678530693054
11054,30,266,0.1573217362165451
11055,30,267,0.13053946197032928
11056,30,268,0.16407445073127747
11057,30,269,0.1568915843963623
11058,30,270,0.1310761719942093
11059,30,271,0.17223697900772095
11060,30,272,0.12455171346664429
11061,30,273,0.14439426362514496
11062,30,274,0.14847569167613983
11063,30,275,0.14918705821037292
11064,30,276,0.17129437625408173
11065,30,277,0.17907021939754486
11066,30,278,0.15193285048007965
11067,30,279,0.14943471550941467
11068,30,280,0.16907241940498352
11069,30,281,0.13733609020709991
11070,30,282,0.12746520340442657
11071,30,283,0.15379518270492554
11072,30,284,0.1561492383480072
11073,30,285,0.1774905025959015
11074,30,286,0.19790217280387878
11075,30,287,0.1520087569952011
11076,30,288,0.15312907099723816
11077,30,289,0.16530932486057281
11078,30,290,0.1669905036687851
11079,30,291,0.1336587369441986
11080,30,292,0.13466933369636536
11081,30,293,0.16205115616321564
11082,30,294,0.14224179089069366
11083,30,295,0.18644355237483978
11084,30,296,0.1250452995300293
11085,30,297,0.18345482647418976
11086,30,298,0.16312310099601746
11087,30,299,0.130610391497612
11088,30,300,0.13492688536643982
11089,30,301,0.17557218670845032
11090,30,302,0.16714319586753845
11091,30,303,0.17114531993865967
11092,30,304,0.17188075184822083
11093,30,305,0.1697644293308258
11094,30,306,0.15650121867656708
11095,30,307,0.14963562786579132
11096,30,308,0.1504444181919098
11097,30,309,0.12231747061014175
11098,30,310,0.13733702898025513
11099,30,311,0.23179230093955994
11100,30,312,0.17875413596630096
11101,30,313,0.1292898803949356
11102,30,314,0.21302178502082825
11103,30,315,0.1755431592464447
11104,30,316,0.1550436019897461
11105,30,317,0.11870018392801285
11106,30,318,0.2069595605134964
11107,30,319,0.13674916326999664
11108,30,320,0.17061685025691986
11109,30,321,0.16931317746639252
11110,30,322,0.15385954082012177
11111,30,323,0.1288752257823944
11112,30,324,0.14989089965820312
11113,30,325,0.14854855835437775
11114,30,326,0.19000127911567688
11115,30,327,0.14407794177532196
11116,30,328,0.16257119178771973
11117,30,329,0.11767029762268066
11118,30,330,0.12402336299419403
11119,30,331,0.12170251458883286
11120,30,332,0.1542106419801712
11121,30,333,0.1428874433040619
11122,30,334,0.18591268360614777
11123,30,335,0.14071397483348846
11124,30,336,0.15366587042808533
11125,30,337,0.1619585156440735
11126,30,338,0.14778245985507965
11127,30,339,0.17385704815387726
11128,30,340,0.20202970504760742
11129,30,341,0.14913849532604218
11130,30,342,0.1852087527513504
11131,30,343,0.1590922623872757
11132,30,344,0.15113072097301483
11133,30,345,0.14084544777870178
11134,30,346,0.152954563498497
11135,30,347,0.17624157667160034
11136,30,348,0.15851612389087677
11137,30,349,0.18761777877807617
11138,30,350,0.16188950836658478
11139,30,351,0.1575625240802765
11140,30,352,0.153753861784935
11141,30,353,0.16729049384593964
11142,30,354,0.13766750693321228
11143,30,355,0.14899413287639618
11144,30,356,0.17799463868141174
11145,30,357,0.16210289299488068
11146,30,358,0.16059111058712006
11147,30,359,0.13760614395141602
11148,30,360,0.1183081716299057
11149,30,361,0.1369866281747818
11150,30,362,0.17484787106513977
11151,30,363,0.1196688860654831
11152,30,364,0.17568615078926086
11153,30,365,0.19311095774173737
11154,30,366,0.14836183190345764
11155,30,367,0.1396128237247467
11156,30,368,0.19020436704158783
11157,30,369,0.17953966557979584
11158,30,370,0.14618021249771118
11159,30,371,0.1523418128490448
11160,30,372,0.15423740446567535
