global_step,epoch,batch,train_loss
1,1,1,3.2553272247314453
2,1,2,3.22796368598938
3,1,3,3.2188029289245605
4,1,4,3.221454620361328
5,1,5,3.202946901321411
6,1,6,3.1911423206329346
7,1,7,3.1364498138427734
8,1,8,3.133983612060547
9,1,9,3.1292240619659424
10,1,10,3.10481858253479
11,1,11,3.1196095943450928
12,1,12,3.090963840484619
13,1,13,3.0920779705047607
14,1,14,3.094019651412964
15,1,15,3.0749926567077637
16,1,16,2.993945598602295
17,1,17,3.0180840492248535
18,1,18,2.9990570545196533
19,1,19,2.958789110183716
20,1,20,2.9897546768188477
21,1,21,2.9177889823913574
22,1,22,2.9302258491516113
23,1,23,2.9216654300689697
24,1,24,2.9063305854797363
25,1,25,2.938236951828003
26,1,26,2.9326469898223877
27,1,27,2.888446807861328
28,1,28,2.8610706329345703
29,1,29,2.8285701274871826
30,1,30,2.8953757286071777
31,1,31,2.8412225246429443
32,1,32,2.861771583557129
33,1,33,2.780010938644409
34,1,34,2.7881293296813965
35,1,35,2.8303873538970947
36,1,36,2.812427043914795
37,1,37,2.763251304626465
38,1,38,2.763146162033081
39,1,39,2.7395992279052734
40,1,40,2.751894474029541
41,1,41,2.749652147293091
42,1,42,2.7361044883728027
43,1,43,2.6976115703582764
44,1,44,2.610743284225464
45,1,45,2.7006664276123047
46,1,46,2.658745288848877
47,1,47,2.641110897064209
48,1,48,2.6458048820495605
49,1,49,2.6258976459503174
50,1,50,2.6632142066955566
51,1,51,2.628904104232788
52,1,52,2.594466209411621
53,1,53,2.5661427974700928
54,1,54,2.607489824295044
55,1,55,2.5715744495391846
56,1,56,2.604727268218994
57,1,57,2.518686532974243
58,1,58,2.4883408546447754
59,1,59,2.59309720993042
60,1,60,2.6755356788635254
61,1,61,2.549835681915283
62,1,62,2.499265193939209
63,1,63,2.5187344551086426
64,1,64,2.474315881729126
65,1,65,2.4651050567626953
66,1,66,2.443277597427368
67,1,67,2.458667516708374
68,1,68,2.4659812450408936
69,1,69,2.432803153991699
70,1,70,2.385866165161133
71,1,71,2.4230704307556152
72,1,72,2.494845151901245
73,1,73,2.427034378051758
74,1,74,2.349491596221924
75,1,75,2.3964905738830566
76,1,76,2.398261785507202
77,1,77,2.341395854949951
78,1,78,2.320378303527832
79,1,79,2.2735416889190674
80,1,80,2.2613461017608643
81,1,81,2.2459068298339844
82,1,82,2.276824474334717
83,1,83,2.3691258430480957
84,1,84,2.2955422401428223
85,1,85,2.3592236042022705
86,1,86,2.1867733001708984
87,1,87,2.2412562370300293
88,1,88,2.3195624351501465
89,1,89,2.265268087387085
90,1,90,2.263530969619751
91,1,91,2.2676496505737305
92,1,92,2.1627209186553955
93,1,93,2.2394559383392334
94,1,94,2.1576790809631348
95,1,95,2.172579288482666
96,1,96,2.1983113288879395
97,1,97,2.195138454437256
98,1,98,2.1889469623565674
99,1,99,2.2008156776428223
100,1,100,2.228318691253662
101,1,101,2.143674373626709
102,1,102,2.1544337272644043
103,1,103,2.1710591316223145
104,1,104,2.1344852447509766
105,1,105,2.1123299598693848
106,1,106,2.1877424716949463
107,1,107,2.1114354133605957
108,1,108,2.0555620193481445
109,1,109,2.054980754852295
110,1,110,2.0636518001556396
111,1,111,2.119208335876465
112,1,112,2.0182101726531982
113,1,113,1.9982446432113647
114,1,114,2.108855724334717
115,1,115,1.9439315795898438
116,1,116,2.0284361839294434
117,1,117,2.0271201133728027
118,1,118,2.0303030014038086
119,1,119,1.9681174755096436
120,1,120,2.022324323654175
121,1,121,1.974469780921936
122,1,122,1.9649016857147217
123,1,123,2.0587363243103027
124,1,124,2.0617032051086426
125,1,125,1.9687798023223877
126,1,126,1.889859914779663
127,1,127,2.0416107177734375
128,1,128,2.0080642700195312
129,1,129,1.8873294591903687
130,1,130,1.9664337635040283
131,1,131,1.9231380224227905
132,1,132,1.9887768030166626
133,1,133,1.9241774082183838
134,1,134,1.9124138355255127
135,1,135,1.8879053592681885
136,1,136,1.8931891918182373
137,1,137,1.880997657775879
138,1,138,1.933476448059082
139,1,139,1.903294563293457
140,1,140,1.842473030090332
141,1,141,1.8441063165664673
142,1,142,1.9317916631698608
143,1,143,1.861903429031372
144,1,144,1.8826215267181396
145,1,145,1.9576900005340576
146,1,146,1.807045578956604
147,1,147,1.8747265338897705
148,1,148,1.874054193496704
149,1,149,1.9197158813476562
150,1,150,1.863067388534546
151,1,151,1.9047657251358032
152,1,152,1.870307207107544
153,1,153,1.8216114044189453
154,1,154,1.7679105997085571
155,1,155,1.822977066040039
156,1,156,1.7657949924468994
157,1,157,1.7585241794586182
158,1,158,1.8431522846221924
159,1,159,2.0024757385253906
160,1,160,1.9035285711288452
161,1,161,1.7937984466552734
162,1,162,1.72919499874115
163,1,163,1.760589361190796
164,1,164,1.8243070840835571
165,1,165,1.7444555759429932
166,1,166,1.784873604774475
167,1,167,1.7931852340698242
168,1,168,1.7932857275009155
169,1,169,1.7355906963348389
170,1,170,1.7429783344268799
171,1,171,1.7500301599502563
172,1,172,1.6843494176864624
173,1,173,1.7356456518173218
174,1,174,1.672181487083435
175,1,175,1.810927391052246
176,1,176,1.6021102666854858
177,1,177,1.741994857788086
178,1,178,1.6178197860717773
179,1,179,1.691828727722168
180,1,180,1.6609017848968506
181,1,181,1.7262006998062134
182,1,182,1.579200029373169
183,1,183,1.7124840021133423
184,1,184,1.689192771911621
185,1,185,1.6889545917510986
186,1,186,1.7164995670318604
187,1,187,1.5812281370162964
188,1,188,1.6026265621185303
189,1,189,1.744142770767212
190,1,190,1.6182916164398193
191,1,191,1.5175235271453857
192,1,192,1.5783017873764038
193,1,193,1.601228952407837
194,1,194,1.6049009561538696
195,1,195,1.6250674724578857
196,1,196,1.553580403327942
197,1,197,1.6626460552215576
198,1,198,1.648445725440979
199,1,199,1.6697471141815186
200,1,200,1.5567693710327148
201,1,201,1.5103565454483032
202,1,202,1.6100387573242188
203,1,203,1.6533896923065186
204,1,204,1.555577278137207
205,1,205,1.5769139528274536
206,1,206,1.5956757068634033
207,1,207,1.5894827842712402
208,1,208,1.5481359958648682
209,1,209,1.5639337301254272
210,1,210,1.5803754329681396
211,1,211,1.777081847190857
212,1,212,1.5591962337493896
213,1,213,1.5201404094696045
214,1,214,1.5623400211334229
215,1,215,1.5304619073867798
216,1,216,1.565673589706421
217,1,217,1.5192371606826782
218,1,218,1.6007373332977295
219,1,219,1.5086705684661865
220,1,220,1.4849002361297607
221,1,221,1.4363977909088135
222,1,222,1.4507231712341309
223,1,223,1.4849517345428467
224,1,224,1.490104079246521
225,1,225,1.5307635068893433
226,1,226,1.4821650981903076
227,1,227,1.56656813621521
228,1,228,1.4627817869186401
229,1,229,1.4923056364059448
230,1,230,1.5263490676879883
231,1,231,1.4425899982452393
232,1,232,1.4856992959976196
233,1,233,1.497802734375
234,1,234,1.4677408933639526
235,1,235,1.436840295791626
236,1,236,1.3668773174285889
237,1,237,1.4370176792144775
238,1,238,1.538988709449768
239,1,239,1.449876070022583
240,1,240,1.451938271522522
241,1,241,1.4500722885131836
242,1,242,1.5602412223815918
243,1,243,1.450197458267212
244,1,244,1.4736255407333374
245,1,245,1.3772761821746826
246,1,246,1.4485790729522705
247,1,247,1.3079347610473633
248,1,248,1.3815152645111084
249,1,249,1.366715908050537
250,1,250,1.3689712285995483
251,1,251,1.4731366634368896
252,1,252,1.4493666887283325
253,1,253,1.4531828165054321
254,1,254,1.4543527364730835
255,1,255,1.4718514680862427
256,1,256,1.4118527173995972
257,1,257,1.3819975852966309
258,1,258,1.5518875122070312
259,1,259,1.4367777109146118
260,1,260,1.4624650478363037
261,1,261,1.4074656963348389
262,1,262,1.3632564544677734
263,1,263,1.3410584926605225
264,1,264,1.3843128681182861
265,1,265,1.3083150386810303
266,1,266,1.3658623695373535
267,1,267,1.4575262069702148
268,1,268,1.353660225868225
269,1,269,1.2895647287368774
270,1,270,1.315893530845642
271,1,271,1.4324041604995728
272,1,272,1.4420249462127686
273,1,273,1.3165940046310425
274,1,274,1.2974662780761719
275,1,275,1.413727045059204
276,1,276,1.2619028091430664
277,1,277,1.38776433467865
278,1,278,1.2247133255004883
279,1,279,1.296514868736267
280,1,280,1.3557676076889038
281,1,281,1.342039704322815
282,1,282,1.42210853099823
283,1,283,1.2460542917251587
284,1,284,1.4328426122665405
285,1,285,1.256706714630127
286,1,286,1.2996242046356201
287,1,287,1.2994334697723389
288,1,288,1.3373085260391235
289,1,289,1.3341768980026245
290,1,290,1.2390244007110596
291,1,291,1.2327619791030884
292,1,292,1.3465968370437622
293,1,293,1.2543853521347046
294,1,294,1.2973411083221436
295,1,295,1.198710560798645
296,1,296,1.3184969425201416
297,1,297,1.2799835205078125
298,1,298,1.3517768383026123
299,1,299,1.3684706687927246
300,1,300,1.2011606693267822
301,1,301,1.2671194076538086
302,1,302,1.3229386806488037
303,1,303,1.4611923694610596
304,1,304,1.2151702642440796
305,1,305,1.3288620710372925
306,1,306,1.2645466327667236
307,1,307,1.1662667989730835
308,1,308,1.243273138999939
309,1,309,1.2222778797149658
310,1,310,1.2276954650878906
311,1,311,1.2812280654907227
312,1,312,1.2010395526885986
313,1,313,1.2510230541229248
314,1,314,1.2823516130447388
315,1,315,1.3276382684707642
316,1,316,1.4855687618255615
317,1,317,1.3310823440551758
318,1,318,1.3913586139678955
319,1,319,1.3665794134140015
320,1,320,1.2323877811431885
321,1,321,1.3551793098449707
322,1,322,1.2875151634216309
323,1,323,1.2096261978149414
324,1,324,1.2282006740570068
325,1,325,1.2115166187286377
326,1,326,1.1944901943206787
327,1,327,1.1780271530151367
328,1,328,1.2064130306243896
329,1,329,1.3130207061767578
330,1,330,1.1435139179229736
331,1,331,1.2037349939346313
332,1,332,1.1826403141021729
333,1,333,1.1888973712921143
334,1,334,1.17805016040802
335,1,335,1.280211091041565
336,1,336,1.279972791671753
337,1,337,1.1255321502685547
338,1,338,1.1473009586334229
339,1,339,1.2555664777755737
340,1,340,1.1143519878387451
341,1,341,1.3370387554168701
342,1,342,1.2022526264190674
343,1,343,1.1474138498306274
344,1,344,1.2040183544158936
345,1,345,1.1991426944732666
346,1,346,1.2332789897918701
347,1,347,1.2212556600570679
348,1,348,1.3050421476364136
349,1,349,1.1639811992645264
350,1,350,1.1572586297988892
351,1,351,1.1776905059814453
352,1,352,1.128171443939209
353,1,353,1.1628531217575073
354,1,354,1.1418899297714233
355,1,355,1.084437608718872
356,1,356,1.181227684020996
357,1,357,1.2592015266418457
358,1,358,1.1327334642410278
359,1,359,1.1667336225509644
360,1,360,1.1659294366836548
361,1,361,1.0782071352005005
362,1,362,1.2328590154647827
363,1,363,1.163863182067871
364,1,364,1.2907631397247314
365,1,365,1.1385523080825806
366,1,366,1.149872064590454
367,1,367,1.1242620944976807
368,1,368,1.0324023962020874
369,1,369,1.100064992904663
370,1,370,1.0819560289382935
371,1,371,1.1059114933013916
372,1,372,1.0848710536956787
373,2,1,1.1970616579055786
374,2,2,1.2368980646133423
375,2,3,1.1530908346176147
376,2,4,1.172589898109436
377,2,5,1.0726559162139893
378,2,6,1.2000503540039062
379,2,7,1.042404294013977
380,2,8,1.0124868154525757
381,2,9,1.104753851890564
382,2,10,1.1732635498046875
383,2,11,1.0722355842590332
384,2,12,1.0541738271713257
385,2,13,1.0363057851791382
386,2,14,1.121871829032898
387,2,15,1.1070955991744995
388,2,16,1.0982117652893066
389,2,17,1.2104192972183228
390,2,18,1.167585849761963
391,2,19,1.1268584728240967
392,2,20,1.1310220956802368
393,2,21,1.1010665893554688
394,2,22,1.1611765623092651
395,2,23,1.274562120437622
396,2,24,1.2003824710845947
397,2,25,1.0883132219314575
398,2,26,1.1244874000549316
399,2,27,1.133291482925415
400,2,28,0.9704585075378418
401,2,29,1.0992939472198486
402,2,30,1.1201212406158447
403,2,31,1.0787467956542969
404,2,32,1.1442935466766357
405,2,33,1.2636924982070923
406,2,34,1.065850019454956
407,2,35,1.063448429107666
408,2,36,1.1202176809310913
409,2,37,1.0227153301239014
410,2,38,1.1639596223831177
411,2,39,1.3087421655654907
412,2,40,1.0138823986053467
413,2,41,1.1293318271636963
414,2,42,1.0649957656860352
415,2,43,1.1951839923858643
416,2,44,1.1758686304092407
417,2,45,1.0137312412261963
418,2,46,0.998161792755127
419,2,47,1.314697027206421
420,2,48,1.1071666479110718
421,2,49,1.0560797452926636
422,2,50,1.0268285274505615
423,2,51,1.0615533590316772
424,2,52,1.0322692394256592
425,2,53,1.120113492012024
426,2,54,1.031574010848999
427,2,55,0.9832457304000854
428,2,56,0.9891430139541626
429,2,57,1.0001697540283203
430,2,58,1.01070237159729
431,2,59,1.0552475452423096
432,2,60,1.23770010471344
433,2,61,1.0696552991867065
434,2,62,1.0401079654693604
435,2,63,1.046042799949646
436,2,64,1.1359221935272217
437,2,65,0.986424446105957
438,2,66,1.0274577140808105
439,2,67,0.9514562487602234
440,2,68,1.0497641563415527
441,2,69,1.0044728517532349
442,2,70,1.126763105392456
443,2,71,1.084229826927185
444,2,72,1.0498467683792114
445,2,73,1.0408639907836914
446,2,74,0.9585873484611511
447,2,75,1.1667808294296265
448,2,76,1.0690889358520508
449,2,77,1.08170485496521
450,2,78,1.005254864692688
451,2,79,0.9625152349472046
452,2,80,0.9899855852127075
453,2,81,1.0215494632720947
454,2,82,0.9559746980667114
455,2,83,1.0456162691116333
456,2,84,0.9514967203140259
457,2,85,0.9667122960090637
458,2,86,1.03329598903656
459,2,87,1.0291157960891724
460,2,88,1.0121126174926758
461,2,89,1.0247048139572144
462,2,90,1.0845909118652344
463,2,91,0.9620885848999023
464,2,92,0.9785930514335632
465,2,93,0.9965972900390625
466,2,94,0.9429868459701538
467,2,95,0.9182174801826477
468,2,96,0.986613929271698
469,2,97,0.969566822052002
470,2,98,0.976229190826416
471,2,99,0.9859070777893066
472,2,100,0.9363840818405151
473,2,101,0.9845865368843079
474,2,102,0.9250819087028503
475,2,103,0.911821722984314
476,2,104,1.022693395614624
477,2,105,0.9401582479476929
478,2,106,0.9793035387992859
479,2,107,1.0490155220031738
480,2,108,0.9886091351509094
481,2,109,1.1843632459640503
482,2,110,1.0676215887069702
483,2,111,1.2319049835205078
484,2,112,1.0686695575714111
485,2,113,0.9328230023384094
486,2,114,1.0296193361282349
487,2,115,0.9557132720947266
488,2,116,0.8854674100875854
489,2,117,0.9390546679496765
490,2,118,1.0810670852661133
491,2,119,1.0235650539398193
492,2,120,0.9590743184089661
493,2,121,0.8948965072631836
494,2,122,0.9021834135055542
495,2,123,1.011056661605835
496,2,124,1.0463926792144775
497,2,125,0.963570237159729
498,2,126,1.0097925662994385
499,2,127,0.9601649045944214
500,2,128,0.8879124522209167
501,2,129,0.8799324035644531
502,2,130,0.8599168658256531
503,2,131,0.8987749814987183
504,2,132,0.8874602317810059
505,2,133,1.0958526134490967
506,2,134,0.8459316492080688
507,2,135,0.9093762636184692
508,2,136,0.931099534034729
509,2,137,0.9975709915161133
510,2,138,0.9418941736221313
511,2,139,0.9833029508590698
512,2,140,0.9983450770378113
513,2,141,0.9561023712158203
514,2,142,0.9522314071655273
515,2,143,0.8966438174247742
516,2,144,0.9890122413635254
517,2,145,0.9615215063095093
518,2,146,0.866623044013977
519,2,147,0.9445496797561646
520,2,148,1.1846275329589844
521,2,149,0.9565896987915039
522,2,150,0.9261595606803894
523,2,151,0.9621017575263977
524,2,152,1.0046855211257935
525,2,153,1.0256454944610596
526,2,154,0.9096611738204956
527,2,155,1.027280569076538
528,2,156,0.8726178407669067
529,2,157,0.8797016143798828
530,2,158,0.8372186422348022
531,2,159,0.9396616816520691
532,2,160,0.8501754999160767
533,2,161,0.9429006576538086
534,2,162,0.9465306997299194
535,2,163,0.9446085095405579
536,2,164,0.9530647993087769
537,2,165,1.0443501472473145
538,2,166,1.0357496738433838
539,2,167,0.8807501792907715
540,2,168,0.9439992904663086
541,2,169,1.0582457780838013
542,2,170,0.8909702301025391
543,2,171,0.8566102981567383
544,2,172,0.892569363117218
545,2,173,0.922875702381134
546,2,174,0.81609046459198
547,2,175,0.8277935981750488
548,2,176,0.9044369459152222
549,2,177,0.919730544090271
550,2,178,0.8819948434829712
551,2,179,1.0102225542068481
552,2,180,0.8624265789985657
553,2,181,0.9658452272415161
554,2,182,0.9703836441040039
555,2,183,0.8671134114265442
556,2,184,0.927032470703125
557,2,185,0.989558219909668
558,2,186,0.9272741079330444
559,2,187,0.9106385111808777
560,2,188,0.8857418298721313
561,2,189,0.8896608352661133
562,2,190,0.8817766904830933
563,2,191,0.915099024772644
564,2,192,0.9037187695503235
565,2,193,0.867212176322937
566,2,194,0.8925039172172546
567,2,195,1.0200432538986206
568,2,196,0.8493694067001343
569,2,197,0.9248401522636414
570,2,198,0.8489353060722351
571,2,199,0.8394266366958618
572,2,200,0.811636745929718
573,2,201,0.993033230304718
574,2,202,1.0566990375518799
575,2,203,1.0072978734970093
576,2,204,0.8367897868156433
577,2,205,0.8400614857673645
578,2,206,0.9003565907478333
579,2,207,0.9641688466072083
580,2,208,0.8889004588127136
581,2,209,0.8647257089614868
582,2,210,0.8314832448959351
583,2,211,0.8807390332221985
584,2,212,0.8064018487930298
585,2,213,0.9272842407226562
586,2,214,0.8817955851554871
587,2,215,0.9189761877059937
588,2,216,0.8839006423950195
589,2,217,0.8637596368789673
590,2,218,0.9102571606636047
591,2,219,0.9518824815750122
592,2,220,0.8200820684432983
593,2,221,0.9182731509208679
594,2,222,0.8327406048774719
595,2,223,0.8550833463668823
596,2,224,0.7859308123588562
597,2,225,0.8477723002433777
598,2,226,1.1030677556991577
599,2,227,0.9998957514762878
600,2,228,1.0038524866104126
601,2,229,0.9249369502067566
602,2,230,0.8919046521186829
603,2,231,0.8566431999206543
604,2,232,0.8832473754882812
605,2,233,0.8106557130813599
606,2,234,0.847908616065979
607,2,235,0.8780221939086914
608,2,236,0.8246110677719116
609,2,237,0.8679911494255066
610,2,238,0.7875480651855469
611,2,239,0.7955896854400635
612,2,240,0.845812976360321
613,2,241,0.8410782814025879
614,2,242,0.9842396974563599
615,2,243,0.8308833837509155
616,2,244,0.8130680918693542
617,2,245,0.7946330308914185
618,2,246,0.8067349195480347
619,2,247,0.8206686973571777
620,2,248,0.8404048681259155
621,2,249,0.7690327167510986
622,2,250,0.8585667610168457
623,2,251,0.7636967897415161
624,2,252,0.8177153468132019
625,2,253,0.831375241279602
626,2,254,0.9817566871643066
627,2,255,0.7936583757400513
628,2,256,0.8017793893814087
629,2,257,0.8588566780090332
630,2,258,0.8565869331359863
631,2,259,0.9469213485717773
632,2,260,0.7208890914916992
633,2,261,0.7901195287704468
634,2,262,0.8178205490112305
635,2,263,0.8045601844787598
636,2,264,0.7738213539123535
637,2,265,0.7891596555709839
638,2,266,0.8970578908920288
639,2,267,0.7805202007293701
640,2,268,0.8926690816879272
641,2,269,0.7662152051925659
642,2,270,0.7872549295425415
643,2,271,0.8337695002555847
644,2,272,0.8175565004348755
645,2,273,0.7573447823524475
646,2,274,0.7611275315284729
647,2,275,0.7760516405105591
648,2,276,0.7544710040092468
649,2,277,0.8149053454399109
650,2,278,0.9471573829650879
651,2,279,0.7862979769706726
652,2,280,0.7978197932243347
653,2,281,0.7606905102729797
654,2,282,0.7429766058921814
655,2,283,0.8068242073059082
656,2,284,0.94535893201828
657,2,285,0.8825541734695435
658,2,286,0.7999680638313293
659,2,287,0.8021131753921509
660,2,288,0.7815874218940735
661,2,289,0.8120819926261902
662,2,290,0.8049036860466003
663,2,291,0.9469520449638367
664,2,292,0.7708388566970825
665,2,293,0.8519460558891296
666,2,294,0.7474806904792786
667,2,295,0.8907973170280457
668,2,296,0.796873927116394
669,2,297,0.8425227403640747
670,2,298,0.7012306451797485
671,2,299,0.7787317037582397
672,2,300,0.9745306968688965
673,2,301,0.9170150756835938
674,2,302,0.7663623094558716
675,2,303,0.8124158978462219
676,2,304,0.7895711660385132
677,2,305,0.7849575877189636
678,2,306,0.7764241099357605
679,2,307,0.8212623596191406
680,2,308,0.6720255613327026
681,2,309,0.7665535807609558
682,2,310,0.7178730368614197
683,2,311,0.7307472825050354
684,2,312,0.9824559092521667
685,2,313,0.8449679613113403
686,2,314,0.7989469766616821
687,2,315,0.7423811554908752
688,2,316,0.7456015944480896
689,2,317,0.8266834020614624
690,2,318,0.8449209928512573
691,2,319,0.6835829019546509
692,2,320,0.7506623268127441
693,2,321,0.9176536798477173
694,2,322,0.7889293432235718
695,2,323,0.8853663206100464
696,2,324,0.9665244221687317
697,2,325,0.7193118333816528
698,2,326,0.7641803026199341
699,2,327,0.8423802256584167
700,2,328,0.9987982511520386
701,2,329,0.7894002199172974
702,2,330,0.7519541382789612
703,2,331,0.737917423248291
704,2,332,0.6968583464622498
705,2,333,0.8795803189277649
706,2,334,0.7384032011032104
707,2,335,0.79341059923172
708,2,336,0.71177738904953
709,2,337,0.9058526754379272
710,2,338,0.7630589604377747
711,2,339,0.6990563273429871
712,2,340,0.7428046464920044
713,2,341,0.8166000247001648
714,2,342,0.6948264241218567
715,2,343,1.0018632411956787
716,2,344,0.7514631152153015
717,2,345,0.8329263925552368
718,2,346,0.7997292280197144
719,2,347,0.7918024659156799
720,2,348,0.7432907223701477
721,2,349,0.8060541152954102
722,2,350,0.8631694912910461
723,2,351,0.7973372340202332
724,2,352,0.778530478477478
725,2,353,0.6468213200569153
726,2,354,0.7666840553283691
727,2,355,0.8376542329788208
728,2,356,0.8410870432853699
729,2,357,0.7369375824928284
730,2,358,0.8152579069137573
731,2,359,0.836687445640564
732,2,360,0.7275192737579346
733,2,361,0.708651065826416
734,2,362,0.7929283380508423
735,2,363,0.7922512292861938
736,2,364,0.792860746383667
737,2,365,0.7877565622329712
738,2,366,1.0127484798431396
739,2,367,0.804641842842102
740,2,368,0.8081973195075989
741,2,369,0.7688688039779663
742,2,370,0.825229287147522
743,2,371,0.752311110496521
744,2,372,0.8237104415893555
745,3,1,0.7557503581047058
746,3,2,0.656527042388916
747,3,3,0.6490159034729004
748,3,4,0.7691382169723511
749,3,5,0.7237018346786499
750,3,6,0.6493231058120728
751,3,7,0.8050416111946106
752,3,8,0.6849769353866577
753,3,9,0.7911316156387329
754,3,10,0.7254768013954163
755,3,11,0.813692569732666
756,3,12,0.7278932332992554
757,3,13,0.7577272057533264
758,3,14,0.7669447064399719
759,3,15,0.6494879722595215
760,3,16,0.918242335319519
761,3,17,0.7586003541946411
762,3,18,0.7138655781745911
763,3,19,0.6885617971420288
764,3,20,0.835411548614502
765,3,21,0.7847371697425842
766,3,22,0.6771618127822876
767,3,23,0.9391037821769714
768,3,24,0.7412746548652649
769,3,25,0.7118085622787476
770,3,26,0.766631007194519
771,3,27,0.7501324415206909
772,3,28,0.7259987592697144
773,3,29,0.8917776942253113
774,3,30,0.6239575147628784
775,3,31,0.7433524131774902
776,3,32,0.7330188751220703
777,3,33,0.7897507548332214
778,3,34,0.7409703135490417
779,3,35,0.7505106329917908
780,3,36,0.7267105579376221
781,3,37,0.6677725911140442
782,3,38,0.8138448596000671
783,3,39,0.8205035924911499
784,3,40,0.6982933878898621
785,3,41,0.854427695274353
786,3,42,0.8055095672607422
787,3,43,0.731113851070404
788,3,44,0.7804346680641174
789,3,45,0.7345723509788513
790,3,46,0.7647017240524292
791,3,47,0.7291061282157898
792,3,48,0.6969890594482422
793,3,49,0.7141597867012024
794,3,50,0.7111988067626953
795,3,51,0.743441641330719
796,3,52,0.7928569316864014
797,3,53,0.6526314616203308
798,3,54,0.7190066576004028
799,3,55,0.7110685706138611
800,3,56,0.7446352243423462
801,3,57,0.9450830221176147
802,3,58,0.8423398733139038
803,3,59,0.687603771686554
804,3,60,0.6363575458526611
805,3,61,0.6532342433929443
806,3,62,0.6645017862319946
807,3,63,0.6398578882217407
808,3,64,0.7546448111534119
809,3,65,0.6180290579795837
810,3,66,0.6877468824386597
811,3,67,0.6865809559822083
812,3,68,0.6442760825157166
813,3,69,0.6685966849327087
814,3,70,0.7464279532432556
815,3,71,0.7203387022018433
816,3,72,0.6798375844955444
817,3,73,0.8557190895080566
818,3,74,0.7699695229530334
819,3,75,0.6896084547042847
820,3,76,0.609996497631073
821,3,77,0.6984096765518188
822,3,78,0.687725841999054
823,3,79,0.6021229028701782
824,3,80,0.6629726886749268
825,3,81,0.6991448402404785
826,3,82,0.7253679037094116
827,3,83,0.8014901876449585
828,3,84,0.7220121622085571
829,3,85,0.6866446733474731
830,3,86,0.6880015134811401
831,3,87,0.7269376516342163
832,3,88,0.6869279146194458
833,3,89,0.6912893056869507
834,3,90,0.7568217515945435
835,3,91,0.799246609210968
836,3,92,0.6374983787536621
837,3,93,0.7814668416976929
838,3,94,0.6566143035888672
839,3,95,0.7681652307510376
840,3,96,0.9538216590881348
841,3,97,0.7317530512809753
842,3,98,0.7190828919410706
843,3,99,0.7229504585266113
844,3,100,0.6723967790603638
845,3,101,0.8160529136657715
846,3,102,0.6773737668991089
847,3,103,0.6376053094863892
848,3,104,0.7371437549591064
849,3,105,0.6885936856269836
850,3,106,0.6629816293716431
851,3,107,0.7122103571891785
852,3,108,0.6834272742271423
853,3,109,0.7207276225090027
854,3,110,0.8316499590873718
855,3,111,0.6425675749778748
856,3,112,0.59601891040802
857,3,113,0.7169168591499329
858,3,114,0.6686909794807434
859,3,115,0.8025062680244446
860,3,116,0.6856713891029358
861,3,117,0.6886457800865173
862,3,118,0.6788523197174072
863,3,119,0.7933312058448792
864,3,120,0.6787448525428772
865,3,121,0.8488126993179321
866,3,122,0.7085297703742981
867,3,123,0.6601536273956299
868,3,124,0.7214660048484802
869,3,125,0.6885650753974915
870,3,126,0.7175977826118469
871,3,127,0.776644229888916
872,3,128,0.6585291624069214
873,3,129,0.624770998954773
874,3,130,0.6056106090545654
875,3,131,0.7259567379951477
876,3,132,0.7381694316864014
877,3,133,0.6361370086669922
878,3,134,0.7636866569519043
879,3,135,0.686615526676178
880,3,136,0.6329479813575745
881,3,137,0.6817989349365234
882,3,138,0.6964163780212402
883,3,139,0.6242461800575256
884,3,140,0.8929028511047363
885,3,141,0.7823148965835571
886,3,142,0.7154491543769836
887,3,143,0.59271240234375
888,3,144,0.6470527052879333
889,3,145,0.6838138699531555
890,3,146,0.7005501985549927
891,3,147,0.7295939922332764
892,3,148,0.7207963466644287
893,3,149,0.6268907785415649
894,3,150,0.6895561218261719
895,3,151,0.6961137056350708
896,3,152,0.6884037852287292
897,3,153,0.6181339621543884
898,3,154,0.7505270838737488
899,3,155,0.6857321858406067
900,3,156,0.6349812746047974
901,3,157,0.8448361158370972
902,3,158,0.5837932229042053
903,3,159,0.7184766530990601
904,3,160,0.6713756322860718
905,3,161,0.702014148235321
906,3,162,0.6721804738044739
907,3,163,0.8236454725265503
908,3,164,0.5887370109558105
909,3,165,0.7731815576553345
910,3,166,0.7256653308868408
911,3,167,0.6327860951423645
912,3,168,0.5654908418655396
913,3,169,0.748479425907135
914,3,170,0.691940426826477
915,3,171,0.676902174949646
916,3,172,0.7810298204421997
917,3,173,0.6824613213539124
918,3,174,0.6665003895759583
919,3,175,0.8267224431037903
920,3,176,0.8423415422439575
921,3,177,0.687775194644928
922,3,178,0.7905043363571167
923,3,179,0.6757807731628418
924,3,180,0.6179023385047913
925,3,181,0.626192033290863
926,3,182,0.676416277885437
927,3,183,0.6410751342773438
928,3,184,0.6353907585144043
929,3,185,0.6146432161331177
930,3,186,0.7115906476974487
931,3,187,0.6722698211669922
932,3,188,0.6107788681983948
933,3,189,0.5783254504203796
934,3,190,0.6294904947280884
935,3,191,0.6205286979675293
936,3,192,0.7452843189239502
937,3,193,0.7516562342643738
938,3,194,0.7186170220375061
939,3,195,0.7042503952980042
940,3,196,0.6185893416404724
941,3,197,0.5785337090492249
942,3,198,0.6332374811172485
943,3,199,0.6842777729034424
944,3,200,0.7203274965286255
945,3,201,0.6856943368911743
946,3,202,0.6787238717079163
947,3,203,0.7694143652915955
948,3,204,0.6532264947891235
949,3,205,0.6127949357032776
950,3,206,0.7649921178817749
951,3,207,0.6876981854438782
952,3,208,0.6832325458526611
953,3,209,0.6537151336669922
954,3,210,0.5836250185966492
955,3,211,0.692385733127594
956,3,212,0.5643182992935181
957,3,213,0.6581875085830688
958,3,214,0.5986970067024231
959,3,215,0.5573745369911194
960,3,216,0.5617164969444275
961,3,217,0.6538991332054138
962,3,218,0.6050117611885071
963,3,219,0.5778510570526123
964,3,220,0.5818604230880737
965,3,221,0.750501275062561
966,3,222,0.6098994612693787
967,3,223,0.6352488994598389
968,3,224,0.6697805523872375
969,3,225,0.6491527557373047
970,3,226,1.1001263856887817
971,3,227,0.7427349090576172
972,3,228,0.7052310705184937
973,3,229,0.5473639965057373
974,3,230,0.7012087106704712
975,3,231,0.6251477003097534
976,3,232,0.676432728767395
977,3,233,0.608545184135437
978,3,234,0.6768778562545776
979,3,235,0.5568691492080688
980,3,236,0.6091254949569702
981,3,237,0.6139941811561584
982,3,238,0.6787620186805725
983,3,239,0.7195227742195129
984,3,240,0.7011405229568481
985,3,241,0.6346315145492554
986,3,242,0.5319660902023315
987,3,243,0.6213257908821106
988,3,244,0.5590735673904419
989,3,245,0.5856611132621765
990,3,246,0.9201081991195679
991,3,247,0.6673680543899536
992,3,248,0.6810109615325928
993,3,249,0.6205900311470032
994,3,250,0.580742359161377
995,3,251,0.6107357740402222
996,3,252,0.6292959451675415
997,3,253,0.6360118985176086
998,3,254,0.5866998434066772
999,3,255,0.6993101835250854
1000,3,256,0.6829668283462524
1001,3,257,0.6167100667953491
1002,3,258,0.6619514226913452
1003,3,259,0.6610524654388428
1004,3,260,0.57890385389328
1005,3,261,0.7786415219306946
1006,3,262,0.6488337516784668
1007,3,263,0.6850847005844116
1008,3,264,0.5991660952568054
1009,3,265,0.6795192956924438
1010,3,266,0.7936935424804688
1011,3,267,0.7401503920555115
1012,3,268,0.6648764610290527
1013,3,269,0.6345199346542358
1014,3,270,0.6428406834602356
1015,3,271,0.5005110502243042
1016,3,272,0.6520320177078247
1017,3,273,0.6836414933204651
1018,3,274,0.736477792263031
1019,3,275,0.5989527702331543
1020,3,276,0.6351751089096069
1021,3,277,0.6384773254394531
1022,3,278,0.6646366119384766
1023,3,279,0.7085202932357788
1024,3,280,0.6670283079147339
1025,3,281,0.5736554861068726
1026,3,282,0.6305946707725525
1027,3,283,0.6402543783187866
1028,3,284,0.6835123300552368
1029,3,285,0.6289742588996887
1030,3,286,0.7623574733734131
1031,3,287,0.7711281776428223
1032,3,288,0.814140796661377
1033,3,289,0.5339698195457458
1034,3,290,0.6106425523757935
1035,3,291,0.5753253698348999
1036,3,292,0.5855270624160767
1037,3,293,0.5979050397872925
1038,3,294,0.6341789364814758
1039,3,295,0.52326500415802
1040,3,296,0.5937114953994751
1041,3,297,0.5521073937416077
1042,3,298,0.8882172703742981
1043,3,299,0.6686198115348816
1044,3,300,0.6620686650276184
1045,3,301,0.5782549977302551
1046,3,302,0.6822539567947388
1047,3,303,0.7467268109321594
1048,3,304,0.6222336888313293
1049,3,305,0.6292840242385864
1050,3,306,0.5092660188674927
1051,3,307,0.6287063360214233
1052,3,308,0.7732860445976257
1053,3,309,0.6251720190048218
1054,3,310,0.5142126083374023
1055,3,311,0.5567509531974792
1056,3,312,0.5944179892539978
1057,3,313,0.5661459565162659
1058,3,314,0.6192778944969177
1059,3,315,0.7325454950332642
1060,3,316,0.61974036693573
1061,3,317,0.5902544856071472
1062,3,318,0.5560981035232544
1063,3,319,0.6885647773742676
1064,3,320,0.6313291788101196
1065,3,321,0.5457688570022583
1066,3,322,0.8621339797973633
1067,3,323,0.8681564331054688
1068,3,324,0.5808914303779602
1069,3,325,0.6297025680541992
1070,3,326,0.6432943344116211
1071,3,327,0.5504473447799683
1072,3,328,0.6103602647781372
1073,3,329,0.5465799570083618
1074,3,330,0.6547864675521851
1075,3,331,0.6044234037399292
1076,3,332,0.7724765539169312
1077,3,333,0.645498514175415
1078,3,334,0.5993854999542236
1079,3,335,0.5118376016616821
1080,3,336,0.6170057058334351
1081,3,337,0.7359507083892822
1082,3,338,0.701564610004425
1083,3,339,0.5844846963882446
1084,3,340,0.7118386626243591
1085,3,341,0.5746035575866699
1086,3,342,0.611731767654419
1087,3,343,0.5756739377975464
1088,3,344,0.5972305536270142
1089,3,345,0.6199498772621155
1090,3,346,0.5312440991401672
1091,3,347,0.523168683052063
1092,3,348,0.5743665099143982
1093,3,349,0.558990478515625
1094,3,350,0.5770483613014221
1095,3,351,0.6609162092208862
1096,3,352,0.7715941667556763
1097,3,353,0.6191377639770508
1098,3,354,0.7224036455154419
1099,3,355,0.6915663480758667
1100,3,356,0.6007189154624939
1101,3,357,0.5456894040107727
1102,3,358,0.6280884742736816
1103,3,359,0.655783474445343
1104,3,360,0.5882872343063354
1105,3,361,0.5467265248298645
1106,3,362,0.642196536064148
1107,3,363,0.6461721062660217
1108,3,364,0.5721327066421509
1109,3,365,0.5665263533592224
1110,3,366,0.5383517742156982
1111,3,367,0.6837164163589478
1112,3,368,0.5625684261322021
1113,3,369,0.8653472065925598
1114,3,370,0.6029542088508606
1115,3,371,0.6026070713996887
1116,3,372,0.5943536758422852
1117,4,1,0.6019768118858337
1118,4,2,0.5109294056892395
1119,4,3,0.6280640363693237
1120,4,4,0.5653213262557983
1121,4,5,0.5500000715255737
1122,4,6,0.6096161603927612
1123,4,7,0.5987728834152222
1124,4,8,0.5934216976165771
1125,4,9,0.5435938835144043
1126,4,10,0.6060166954994202
1127,4,11,0.6166893243789673
1128,4,12,0.5286350250244141
1129,4,13,0.5294665098190308
1130,4,14,0.6381110548973083
1131,4,15,0.5342882871627808
1132,4,16,0.58561110496521
1133,4,17,0.511508584022522
1134,4,18,0.5809556245803833
1135,4,19,0.6843960285186768
1136,4,20,0.6138936281204224
1137,4,21,0.6018630266189575
1138,4,22,0.6315075159072876
1139,4,23,0.6278420686721802
1140,4,24,0.5630567073822021
1141,4,25,0.6129916906356812
1142,4,26,0.5831020474433899
1143,4,27,0.5102506279945374
1144,4,28,0.5646384954452515
1145,4,29,0.6384194493293762
1146,4,30,1.0284101963043213
1147,4,31,0.5528428554534912
1148,4,32,0.5206587910652161
1149,4,33,0.5234297513961792
1150,4,34,0.5426944494247437
1151,4,35,0.6586422920227051
1152,4,36,0.546030580997467
1153,4,37,0.6622313261032104
1154,4,38,0.7766011953353882
1155,4,39,0.6208826899528503
1156,4,40,0.512702465057373
1157,4,41,0.5450214147567749
1158,4,42,0.5042939782142639
1159,4,43,0.5682021379470825
1160,4,44,0.5785382986068726
1161,4,45,0.5006141662597656
1162,4,46,0.5612580180168152
1163,4,47,0.5879719853401184
1164,4,48,0.5789483189582825
1165,4,49,0.5360296964645386
1166,4,50,0.466503381729126
1167,4,51,0.4890976846218109
1168,4,52,0.5899211764335632
1169,4,53,0.533311128616333
1170,4,54,0.5291998386383057
1171,4,55,0.5573409199714661
1172,4,56,0.5805630683898926
1173,4,57,0.600254237651825
1174,4,58,0.6115145683288574
1175,4,59,0.6031619310379028
1176,4,60,0.7031540870666504
1177,4,61,0.7359296083450317
1178,4,62,0.630587100982666
1179,4,63,0.5087991952896118
1180,4,64,0.49863308668136597
1181,4,65,0.5623866319656372
1182,4,66,0.6168977618217468
1183,4,67,0.5743166208267212
1184,4,68,0.5835791826248169
1185,4,69,0.7532570958137512
1186,4,70,0.5698726773262024
1187,4,71,0.6107344031333923
1188,4,72,0.6219617128372192
1189,4,73,0.6415243148803711
1190,4,74,0.5582014918327332
1191,4,75,0.6137694120407104
1192,4,76,0.6263003945350647
1193,4,77,0.6731425523757935
1194,4,78,0.5149627923965454
1195,4,79,0.7266786098480225
1196,4,80,0.7318111658096313
1197,4,81,0.6101086139678955
1198,4,82,0.5474794507026672
1199,4,83,0.635621190071106
1200,4,84,0.5141938924789429
1201,4,85,0.5148699283599854
1202,4,86,0.6006948947906494
1203,4,87,0.6116849184036255
1204,4,88,0.5457835793495178
1205,4,89,0.5309314131736755
1206,4,90,0.5725442171096802
1207,4,91,0.5541300773620605
1208,4,92,0.6418951153755188
1209,4,93,0.5731338858604431
1210,4,94,0.5412665009498596
1211,4,95,0.5491465330123901
1212,4,96,0.5716223120689392
1213,4,97,0.5200470089912415
1214,4,98,0.5686496496200562
1215,4,99,0.5431743264198303
1216,4,100,0.5465759038925171
1217,4,101,0.5241186618804932
1218,4,102,0.5408570170402527
1219,4,103,0.546722948551178
1220,4,104,0.505812406539917
1221,4,105,0.5779896378517151
1222,4,106,0.5542222261428833
1223,4,107,0.5533215403556824
1224,4,108,0.6095311045646667
1225,4,109,0.5320696830749512
1226,4,110,0.6099798083305359
1227,4,111,0.5596387982368469
1228,4,112,0.5011892318725586
1229,4,113,0.5531344413757324
1230,4,114,0.5991438031196594
1231,4,115,0.6658867597579956
1232,4,116,0.8744856119155884
1233,4,117,0.49433407187461853
1234,4,118,0.7736336588859558
1235,4,119,0.5007041692733765
1236,4,120,0.6169528961181641
1237,4,121,0.5228719711303711
1238,4,122,0.5177507996559143
1239,4,123,0.49982208013534546
1240,4,124,0.4992702603340149
1241,4,125,0.5867875218391418
1242,4,126,0.5748070478439331
1243,4,127,0.4987512230873108
1244,4,128,0.5347035527229309
1245,4,129,0.5773560404777527
1246,4,130,0.49145668745040894
1247,4,131,0.6897076964378357
1248,4,132,0.5822087526321411
1249,4,133,0.48604774475097656
1250,4,134,0.6178685426712036
1251,4,135,0.5662813782691956
1252,4,136,0.5483080148696899
1253,4,137,0.5635012984275818
1254,4,138,0.5717782974243164
1255,4,139,0.6157351732254028
1256,4,140,0.6015079021453857
1257,4,141,0.5528733134269714
1258,4,142,0.5411871671676636
1259,4,143,0.5456714034080505
1260,4,144,0.5669758915901184
1261,4,145,0.5640913248062134
1262,4,146,0.6220166087150574
1263,4,147,0.5267657041549683
1264,4,148,0.6016594171524048
1265,4,149,0.5630315542221069
1266,4,150,0.5033648014068604
1267,4,151,0.5334070324897766
1268,4,152,0.48138484358787537
1269,4,153,0.5520782470703125
1270,4,154,0.6197524070739746
1271,4,155,0.6290454864501953
1272,4,156,0.5667012929916382
1273,4,157,0.5308542847633362
1274,4,158,0.5473891496658325
1275,4,159,0.5269757509231567
1276,4,160,0.5016997456550598
1277,4,161,0.7626477479934692
1278,4,162,0.5539984703063965
1279,4,163,0.4755876958370209
1280,4,164,0.49899721145629883
1281,4,165,0.6385762095451355
1282,4,166,0.5339571833610535
1283,4,167,0.5325260758399963
1284,4,168,0.5151132941246033
1285,4,169,0.5822162628173828
1286,4,170,0.5321536064147949
1287,4,171,0.49963659048080444
1288,4,172,0.4939144253730774
1289,4,173,0.4786199629306793
1290,4,174,0.4690399765968323
1291,4,175,0.47123831510543823
1292,4,176,0.48840275406837463
1293,4,177,0.5530654191970825
1294,4,178,0.5340346097946167
1295,4,179,0.5172222256660461
1296,4,180,0.63201904296875
1297,4,181,0.5730389356613159
1298,4,182,0.6838387250900269
1299,4,183,0.5029643774032593
1300,4,184,0.5660316348075867
1301,4,185,0.5206310749053955
1302,4,186,0.5978349447250366
1303,4,187,0.4544585347175598
1304,4,188,0.8992013931274414
1305,4,189,0.526849627494812
1306,4,190,0.4949684143066406
1307,4,191,0.6010274887084961
1308,4,192,0.5207836627960205
1309,4,193,0.5395376086235046
1310,4,194,0.5250929594039917
1311,4,195,0.49541717767715454
1312,4,196,0.5158685445785522
1313,4,197,0.6190702319145203
1314,4,198,0.5477480888366699
1315,4,199,0.5107312202453613
1316,4,200,0.5341843366622925
1317,4,201,0.5638140439987183
1318,4,202,0.5224347710609436
1319,4,203,0.5685011744499207
1320,4,204,0.4950321614742279
1321,4,205,0.43976229429244995
1322,4,206,0.5302399396896362
1323,4,207,0.516912043094635
1324,4,208,0.5784668922424316
1325,4,209,0.56228107213974
1326,4,210,0.5619729161262512
1327,4,211,0.4238525331020355
1328,4,212,0.6228241920471191
1329,4,213,0.5252546072006226
1330,4,214,0.6083793044090271
1331,4,215,0.5232279896736145
1332,4,216,0.5768400430679321
1333,4,217,0.572504460811615
1334,4,218,0.5139668583869934
1335,4,219,0.6073960065841675
1336,4,220,0.472324937582016
1337,4,221,0.5185245871543884
1338,4,222,0.5340080857276917
1339,4,223,0.5670978426933289
1340,4,224,0.5456008911132812
1341,4,225,0.5254554152488708
1342,4,226,0.524842381477356
1343,4,227,0.5796483755111694
1344,4,228,0.6126937866210938
1345,4,229,0.6435109376907349
1346,4,230,0.6095972657203674
1347,4,231,0.5079121589660645
1348,4,232,0.49111050367355347
1349,4,233,0.48615431785583496
1350,4,234,0.5408033132553101
1351,4,235,0.5080579519271851
1352,4,236,0.4986582398414612
1353,4,237,0.5225054025650024
1354,4,238,0.5234802961349487
1355,4,239,0.5837892889976501
1356,4,240,0.46688753366470337
1357,4,241,0.7989663481712341
1358,4,242,0.8173604011535645
1359,4,243,0.5111513733863831
1360,4,244,0.5560398101806641
1361,4,245,0.5157917737960815
1362,4,246,0.4656425416469574
1363,4,247,0.5142604112625122
1364,4,248,0.6078048348426819
1365,4,249,0.6167823672294617
1366,4,250,0.527664303779602
1367,4,251,0.48103848099708557
1368,4,252,0.5049991607666016
1369,4,253,0.5345771908760071
1370,4,254,0.5299211740493774
1371,4,255,0.534054160118103
1372,4,256,0.5484861135482788
1373,4,257,0.5805239081382751
1374,4,258,0.517086923122406
1375,4,259,0.512700080871582
1376,4,260,0.5768297910690308
1377,4,261,0.4762822985649109
1378,4,262,0.463040828704834
1379,4,263,0.4550130367279053
1380,4,264,0.5112876296043396
1381,4,265,0.5144094228744507
1382,4,266,0.6471487283706665
1383,4,267,0.48419666290283203
1384,4,268,0.46750348806381226
1385,4,269,0.49126672744750977
1386,4,270,0.5736292004585266
1387,4,271,0.569377601146698
1388,4,272,0.5466650724411011
1389,4,273,0.467698872089386
1390,4,274,0.6147405505180359
1391,4,275,0.6648815274238586
1392,4,276,0.4764426648616791
1393,4,277,0.44632983207702637
1394,4,278,0.4926878809928894
1395,4,279,0.4869368076324463
1396,4,280,0.44229942560195923
1397,4,281,0.45040401816368103
1398,4,282,0.4338255822658539
1399,4,283,0.4531018137931824
1400,4,284,0.5339178442955017
1401,4,285,0.5043625831604004
1402,4,286,0.5401262044906616
1403,4,287,0.5162466764450073
1404,4,288,0.48527127504348755
1405,4,289,0.4888095259666443
1406,4,290,0.4853180944919586
1407,4,291,0.5464154481887817
1408,4,292,0.48636969923973083
1409,4,293,0.7631574273109436
1410,4,294,0.5320231914520264
1411,4,295,0.4939119815826416
1412,4,296,0.4791289269924164
1413,4,297,0.4859461784362793
1414,4,298,0.4663027226924896
1415,4,299,0.532926082611084
1416,4,300,0.4850251078605652
1417,4,301,0.4995476305484772
1418,4,302,0.4890536665916443
1419,4,303,0.5032822489738464
1420,4,304,0.5596435070037842
1421,4,305,0.5941991806030273
1422,4,306,0.45988065004348755
1423,4,307,0.5600059032440186
1424,4,308,0.5767370462417603
1425,4,309,0.48928767442703247
1426,4,310,0.6376410722732544
1427,4,311,0.5006443858146667
1428,4,312,0.5389790534973145
1429,4,313,0.5203927755355835
1430,4,314,0.5480817556381226
1431,4,315,0.826228141784668
1432,4,316,0.5875599980354309
1433,4,317,0.6275281310081482
1434,4,318,0.4528970718383789
1435,4,319,0.5542038679122925
1436,4,320,0.5141918659210205
1437,4,321,0.5206650495529175
1438,4,322,0.4769032597541809
1439,4,323,0.5005509257316589
1440,4,324,0.4859650731086731
1441,4,325,0.49296027421951294
1442,4,326,0.45683765411376953
1443,4,327,0.5042299032211304
1444,4,328,0.5310235023498535
1445,4,329,0.5269726514816284
1446,4,330,0.5016480684280396
1447,4,331,0.4460361897945404
1448,4,332,0.4744236469268799
1449,4,333,0.477430522441864
1450,4,334,0.47897034883499146
1451,4,335,0.6057895421981812
1452,4,336,0.449729859828949
1453,4,337,0.5319725275039673
1454,4,338,0.5751333236694336
1455,4,339,0.5448148846626282
1456,4,340,0.5570643544197083
1457,4,341,0.4400840699672699
1458,4,342,0.45801669359207153
1459,4,343,0.6291633248329163
1460,4,344,0.4928378164768219
1461,4,345,0.4928407073020935
1462,4,346,0.6171095967292786
1463,4,347,0.5382051467895508
1464,4,348,0.4717104434967041
1465,4,349,0.5207469463348389
1466,4,350,0.471306174993515
1467,4,351,0.4966302812099457
1468,4,352,0.49327197670936584
1469,4,353,0.4348173141479492
1470,4,354,0.4564588963985443
1471,4,355,0.4813965857028961
1472,4,356,0.49341216683387756
1473,4,357,0.4173838496208191
1474,4,358,0.5344239473342896
1475,4,359,0.5039250254631042
1476,4,360,0.635158896446228
1477,4,361,0.4354512095451355
1478,4,362,0.5989822745323181
1479,4,363,0.44695204496383667
1480,4,364,0.6635117530822754
1481,4,365,0.5364481806755066
1482,4,366,0.48306339979171753
1483,4,367,0.4931448996067047
1484,4,368,0.4782257676124573
1485,4,369,0.5530217885971069
1486,4,370,0.6158975958824158
1487,4,371,0.544258713722229
1488,4,372,0.526190459728241
1489,5,1,0.45021048188209534
1490,5,2,0.4344235360622406
1491,5,3,0.5368167161941528
1492,5,4,0.5035883784294128
1493,5,5,0.4623592495918274
1494,5,6,0.4918197691440582
1495,5,7,0.4795580804347992
1496,5,8,0.49563008546829224
1497,5,9,0.41288477182388306
1498,5,10,0.47398003935813904
1499,5,11,0.43598097562789917
1500,5,12,0.48080867528915405
1501,5,13,0.5133623480796814
1502,5,14,0.5935598611831665
1503,5,15,0.5000872611999512
1504,5,16,0.5200619697570801
1505,5,17,0.531265377998352
1506,5,18,0.4143138527870178
1507,5,19,0.5845798254013062
1508,5,20,0.4554360508918762
1509,5,21,0.4273501932621002
1510,5,22,0.7029905319213867
1511,5,23,0.5403394103050232
1512,5,24,0.5788360834121704
1513,5,25,0.48286885023117065
1514,5,26,0.52483069896698
1515,5,27,0.5048744082450867
1516,5,28,0.4570424556732178
1517,5,29,0.6126108169555664
1518,5,30,0.5382714867591858
1519,5,31,0.5629908442497253
1520,5,32,0.5174185037612915
1521,5,33,0.5330326557159424
1522,5,34,0.4540559649467468
1523,5,35,0.4771747589111328
1524,5,36,0.4344361424446106
1525,5,37,0.5015203952789307
1526,5,38,0.503072202205658
1527,5,39,0.45814409852027893
1528,5,40,0.4216127395629883
1529,5,41,0.46530333161354065
1530,5,42,0.5335931181907654
1531,5,43,0.5137766599655151
1532,5,44,0.4295186996459961
1533,5,45,0.4031146466732025
1534,5,46,0.5920637249946594
1535,5,47,0.42365995049476624
1536,5,48,0.40195971727371216
1537,5,49,0.4591805934906006
1538,5,50,0.43793559074401855
1539,5,51,0.4687660336494446
1540,5,52,0.5384684801101685
1541,5,53,0.43402615189552307
1542,5,54,0.43268918991088867
1543,5,55,0.566097617149353
1544,5,56,0.43572983145713806
1545,5,57,0.4400176405906677
1546,5,58,0.45303982496261597
1547,5,59,0.7693156599998474
1548,5,60,0.547950029373169
1549,5,61,0.4572996199131012
1550,5,62,0.5156834721565247
1551,5,63,0.5293400287628174
1552,5,64,0.4744986891746521
1553,5,65,0.4688882827758789
1554,5,66,0.4640830159187317
1555,5,67,0.44870471954345703
1556,5,68,0.5077378749847412
1557,5,69,0.4638773798942566
1558,5,70,0.47295984625816345
1559,5,71,0.40772971510887146
1560,5,72,0.5383909940719604
1561,5,73,0.4619700014591217
1562,5,74,0.4829038083553314
1563,5,75,0.436882346868515
1564,5,76,0.5124350786209106
1565,5,77,0.5110399127006531
1566,5,78,0.46234193444252014
1567,5,79,0.5076366662979126
1568,5,80,0.4933067262172699
1569,5,81,0.43796592950820923
1570,5,82,0.4745193123817444
1571,5,83,0.4167823791503906
1572,5,84,0.4576670527458191
1573,5,85,0.4089166224002838
1574,5,86,0.5144630670547485
1575,5,87,0.49176645278930664
1576,5,88,0.528785228729248
1577,5,89,0.44367966055870056
1578,5,90,0.544188380241394
1579,5,91,0.6072714328765869
1580,5,92,0.469219833612442
1581,5,93,0.47214260697364807
1582,5,94,0.3914930820465088
1583,5,95,0.4791606366634369
1584,5,96,0.41664448380470276
1585,5,97,0.51434725522995
1586,5,98,0.48590511083602905
1587,5,99,0.4451875686645508
1588,5,100,0.4722866117954254
1589,5,101,0.44519180059432983
1590,5,102,0.43056821823120117
1591,5,103,0.45174407958984375
1592,5,104,0.48409023880958557
1593,5,105,0.5484129190444946
1594,5,106,0.5029400587081909
1595,5,107,0.49570637941360474
1596,5,108,0.5288501977920532
1597,5,109,0.6575618982315063
1598,5,110,0.47842592000961304
1599,5,111,0.44950979948043823
1600,5,112,0.44740524888038635
1601,5,113,0.43947547674179077
1602,5,114,0.39200082421302795
1603,5,115,0.4901943802833557
1604,5,116,0.42447298765182495
1605,5,117,0.4527921676635742
1606,5,118,0.42193183302879333
1607,5,119,0.44891947507858276
1608,5,120,0.8958946466445923
1609,5,121,0.5372308492660522
1610,5,122,0.46317118406295776
1611,5,123,0.46671542525291443
1612,5,124,0.47747883200645447
1613,5,125,0.39296919107437134
1614,5,126,0.5108669996261597
1615,5,127,0.4561890661716461
1616,5,128,0.5377423167228699
1617,5,129,0.7385155558586121
1618,5,130,0.55561363697052
1619,5,131,0.4117559790611267
1620,5,132,0.36453914642333984
1621,5,133,0.5073100328445435
1622,5,134,0.44557875394821167
1623,5,135,0.6123529672622681
1624,5,136,0.3985971510410309
1625,5,137,0.4936097264289856
1626,5,138,0.4943842887878418
1627,5,139,0.5003534555435181
1628,5,140,0.41554030776023865
1629,5,141,0.4665192663669586
1630,5,142,0.45977672934532166
1631,5,143,0.4068226218223572
1632,5,144,0.3780074715614319
1633,5,145,0.4246206283569336
1634,5,146,0.4961667060852051
1635,5,147,0.4131893515586853
1636,5,148,0.42322421073913574
1637,5,149,0.4677298963069916
1638,5,150,0.6861975193023682
1639,5,151,0.47381576895713806
1640,5,152,0.4745294153690338
1641,5,153,0.42521196603775024
1642,5,154,0.42327871918678284
1643,5,155,0.49647194147109985
1644,5,156,0.5473195910453796
1645,5,157,0.43035560846328735
1646,5,158,0.4694131016731262
1647,5,159,0.37895432114601135
1648,5,160,0.46659693121910095
1649,5,161,0.4716992974281311
1650,5,162,0.4861115515232086
1651,5,163,0.5266052484512329
1652,5,164,0.393550843000412
1653,5,165,0.4712402820587158
1654,5,166,0.42274942994117737
1655,5,167,0.4083902835845947
1656,5,168,0.4585748314857483
1657,5,169,0.4195036292076111
1658,5,170,0.40471380949020386
1659,5,171,0.40728798508644104
1660,5,172,0.40067705512046814
1661,5,173,0.4654465317726135
1662,5,174,0.4940360188484192
1663,5,175,0.466040700674057
1664,5,176,0.6115780472755432
1665,5,177,0.49918332695961
1666,5,178,0.46298083662986755
1667,5,179,0.4520912170410156
1668,5,180,0.4042830467224121
1669,5,181,0.42521119117736816
1670,5,182,0.4555639326572418
1671,5,183,0.47207769751548767
1672,5,184,0.45188969373703003
1673,5,185,0.6166927814483643
1674,5,186,0.4806240499019623
1675,5,187,0.5083346366882324
1676,5,188,0.5659787058830261
1677,5,189,0.5822827816009521
1678,5,190,0.5344566702842712
1679,5,191,0.4884430766105652
1680,5,192,0.5360668897628784
1681,5,193,0.3635345995426178
1682,5,194,0.5228567123413086
1683,5,195,0.5163129568099976
1684,5,196,0.4229494035243988
1685,5,197,0.4343312680721283
1686,5,198,0.6163171529769897
1687,5,199,0.4390025734901428
1688,5,200,0.5003904104232788
1689,5,201,0.42451056838035583
1690,5,202,0.43177977204322815
1691,5,203,0.36358755826950073
1692,5,204,0.4468134939670563
1693,5,205,0.4529264569282532
1694,5,206,0.38460052013397217
1695,5,207,0.44854792952537537
1696,5,208,0.4457361102104187
1697,5,209,0.34674373269081116
1698,5,210,0.3809008002281189
1699,5,211,0.48981842398643494
1700,5,212,0.43418869376182556
1701,5,213,0.6718655228614807
1702,5,214,0.4777428209781647
1703,5,215,0.4077983498573303
1704,5,216,0.4650419354438782
1705,5,217,0.5277533531188965
1706,5,218,0.4148007929325104
1707,5,219,0.49719443917274475
1708,5,220,0.4039928913116455
1709,5,221,0.4290383458137512
1710,5,222,0.5072605609893799
1711,5,223,0.4560372233390808
1712,5,224,0.48739299178123474
1713,5,225,0.7583450078964233
1714,5,226,0.4551452696323395
1715,5,227,0.4589083790779114
1716,5,228,0.7673062086105347
1717,5,229,0.5058938264846802
1718,5,230,0.44405192136764526
1719,5,231,0.48738908767700195
1720,5,232,0.35689932107925415
1721,5,233,0.3841952979564667
1722,5,234,0.5634415149688721
1723,5,235,0.3982688784599304
1724,5,236,0.4810096323490143
1725,5,237,0.44216546416282654
1726,5,238,0.45603710412979126
1727,5,239,0.46065258979797363
1728,5,240,0.41316619515419006
1729,5,241,0.672521710395813
1730,5,242,0.45534300804138184
1731,5,243,0.4956016540527344
1732,5,244,0.41477513313293457
1733,5,245,0.5177115201950073
1734,5,246,0.4687064290046692
1735,5,247,0.47959548234939575
1736,5,248,0.4950779974460602
1737,5,249,0.5540432929992676
1738,5,250,0.42052045464515686
1739,5,251,0.5218706727027893
1740,5,252,0.7299450635910034
1741,5,253,0.4010421335697174
1742,5,254,0.47776809334754944
1743,5,255,0.4284234642982483
1744,5,256,0.3424251675605774
1745,5,257,0.44763773679733276
1746,5,258,0.37177374958992004
1747,5,259,0.5134681463241577
1748,5,260,0.7682692408561707
1749,5,261,0.4505167603492737
1750,5,262,0.46805232763290405
1751,5,263,0.4415344297885895
1752,5,264,0.4411538541316986
1753,5,265,0.5368305444717407
1754,5,266,0.40374940633773804
1755,5,267,0.4096323549747467
1756,5,268,0.42055925726890564
1757,5,269,0.3920661211013794
1758,5,270,0.5465734004974365
1759,5,271,0.36603331565856934
1760,5,272,0.4003679156303406
1761,5,273,0.44712701439857483
1762,5,274,0.41301995515823364
1763,5,275,0.5080362558364868
1764,5,276,0.4816649556159973
1765,5,277,0.4588239789009094
1766,5,278,0.5405031442642212
1767,5,279,0.43882912397384644
1768,5,280,0.6126931309700012
1769,5,281,0.3988119661808014
1770,5,282,0.5252273678779602
1771,5,283,0.46149149537086487
1772,5,284,0.44111162424087524
1773,5,285,0.4284977912902832
1774,5,286,0.3930386006832123
1775,5,287,0.49585145711898804
1776,5,288,0.3956470191478729
1777,5,289,0.41310691833496094
1778,5,290,0.5195417404174805
1779,5,291,0.5131751894950867
1780,5,292,0.40714961290359497
1781,5,293,0.5436573028564453
1782,5,294,0.47154369950294495
1783,5,295,0.4958767890930176
1784,5,296,0.4451439380645752
1785,5,297,0.48680099844932556
1786,5,298,0.5697729587554932
1787,5,299,0.46258416771888733
1788,5,300,0.5425752997398376
1789,5,301,0.40208226442337036
1790,5,302,0.4283137321472168
1791,5,303,0.4341396391391754
1792,5,304,0.4210914671421051
1793,5,305,0.4123409688472748
1794,5,306,0.38548022508621216
1795,5,307,0.46694216132164
1796,5,308,0.4401789605617523
1797,5,309,0.46623358130455017
1798,5,310,0.3711951971054077
1799,5,311,0.463468074798584
1800,5,312,0.49542075395584106
1801,5,313,0.5838084816932678
1802,5,314,0.45601505041122437
1803,5,315,0.4022088050842285
1804,5,316,0.4704086184501648
1805,5,317,0.38114315271377563
1806,5,318,0.45123910903930664
1807,5,319,0.4479043483734131
1808,5,320,0.3709367513656616
1809,5,321,0.3999691605567932
1810,5,322,0.3815537691116333
1811,5,323,0.4718734323978424
1812,5,324,0.45830607414245605
1813,5,325,0.5538792014122009
1814,5,326,0.4508284628391266
1815,5,327,0.3391798138618469
1816,5,328,0.49610671401023865
1817,5,329,0.4030439853668213
1818,5,330,0.3809535503387451
1819,5,331,0.42696017026901245
1820,5,332,0.4717814028263092
1821,5,333,0.4357225000858307
1822,5,334,0.3326069712638855
1823,5,335,0.46018853783607483
1824,5,336,0.35134902596473694
1825,5,337,0.3784239888191223
1826,5,338,0.4056674838066101
1827,5,339,0.4267439842224121
1828,5,340,0.46824902296066284
1829,5,341,0.4655350148677826
1830,5,342,0.4055674076080322
1831,5,343,0.49648886919021606
1832,5,344,0.3892039656639099
1833,5,345,0.43037885427474976
1834,5,346,0.3838322162628174
1835,5,347,0.5556505918502808
1836,5,348,0.382029265165329
1837,5,349,0.4493800699710846
1838,5,350,0.3618278503417969
1839,5,351,0.3700793385505676
1840,5,352,0.4324679970741272
1841,5,353,0.3800109922885895
1842,5,354,0.4303952157497406
1843,5,355,0.39544349908828735
1844,5,356,0.43977290391921997
1845,5,357,0.37465137243270874
1846,5,358,0.49839574098587036
1847,5,359,0.4151444435119629
1848,5,360,0.48607295751571655
1849,5,361,0.46299201250076294
1850,5,362,0.37962692975997925
1851,5,363,0.41630855202674866
1852,5,364,0.41035133600234985
1853,5,365,0.5468953847885132
1854,5,366,0.41698965430259705
1855,5,367,0.4471452832221985
1856,5,368,0.38499313592910767
1857,5,369,0.4528075158596039
1858,5,370,0.4348028302192688
1859,5,371,0.4778624176979065
1860,5,372,0.48825034499168396
1861,6,1,0.5433857440948486
1862,6,2,0.3886599540710449
1863,6,3,0.4808536469936371
1864,6,4,0.4056885838508606
1865,6,5,0.4837750792503357
1866,6,6,0.4545893669128418
1867,6,7,0.35865870118141174
1868,6,8,0.39123639464378357
1869,6,9,0.7169485092163086
1870,6,10,0.3543904423713684
1871,6,11,0.454495370388031
1872,6,12,0.39298000931739807
1873,6,13,0.36516207456588745
1874,6,14,0.35848861932754517
1875,6,15,0.410540908575058
1876,6,16,0.38066357374191284
1877,6,17,0.4270399510860443
1878,6,18,0.44103461503982544
1879,6,19,0.4036857485771179
1880,6,20,0.41184601187705994
1881,6,21,0.3607649505138397
1882,6,22,0.45883384346961975
1883,6,23,0.4707581400871277
1884,6,24,0.395064115524292
1885,6,25,0.3942580819129944
1886,6,26,0.4116554260253906
1887,6,27,0.39867469668388367
1888,6,28,0.5187535881996155
1889,6,29,0.37652549147605896
1890,6,30,0.4534311294555664
1891,6,31,0.4221328794956207
1892,6,32,0.36139121651649475
1893,6,33,0.4023353159427643
1894,6,34,0.49502167105674744
1895,6,35,0.4358283579349518
1896,6,36,0.48121991753578186
1897,6,37,0.420348584651947
1898,6,38,0.49623599648475647
1899,6,39,0.6795174479484558
1900,6,40,0.45401400327682495
1901,6,41,0.4579150676727295
1902,6,42,0.411224365234375
1903,6,43,0.43373075127601624
1904,6,44,0.4186251759529114
1905,6,45,0.420112282037735
1906,6,46,0.4346936345100403
1907,6,47,0.41927260160446167
1908,6,48,0.4856903553009033
1909,6,49,0.39694634079933167
1910,6,50,0.4614284932613373
1911,6,51,0.490445613861084
1912,6,52,0.41881394386291504
1913,6,53,0.40709948539733887
1914,6,54,0.3949756622314453
1915,6,55,0.39964190125465393
1916,6,56,0.3953133523464203
1917,6,57,0.3533239960670471
1918,6,58,0.4396565556526184
1919,6,59,0.3840387463569641
1920,6,60,0.39207741618156433
1921,6,61,0.41176319122314453
1922,6,62,0.4564618170261383
1923,6,63,0.36930111050605774
1924,6,64,0.34607651829719543
1925,6,65,0.6366236805915833
1926,6,66,0.44869598746299744
1927,6,67,0.3858349025249481
1928,6,68,0.49651679396629333
1929,6,69,0.4593568742275238
1930,6,70,0.44069743156433105
1931,6,71,0.41006749868392944
1932,6,72,0.42224544286727905
1933,6,73,0.5010858178138733
1934,6,74,0.43437880277633667
1935,6,75,0.4514067769050598
1936,6,76,0.47548937797546387
1937,6,77,0.4069797098636627
1938,6,78,0.4300399422645569
1939,6,79,0.36108309030532837
1940,6,80,0.4363647401332855
1941,6,81,0.41625896096229553
1942,6,82,0.36186665296554565
1943,6,83,0.40738072991371155
1944,6,84,0.3414539396762848
1945,6,85,0.3871085047721863
1946,6,86,0.4011009633541107
1947,6,87,0.4564252495765686
1948,6,88,0.42369890213012695
1949,6,89,0.4015342593193054
1950,6,90,0.4281652569770813
1951,6,91,0.412285715341568
1952,6,92,0.4326176047325134
1953,6,93,0.4422132074832916
1954,6,94,0.38474127650260925
1955,6,95,0.41349029541015625
1956,6,96,0.39494526386260986
1957,6,97,0.4034605026245117
1958,6,98,0.4458613395690918
1959,6,99,0.3906096816062927
1960,6,100,0.45526161789894104
1961,6,101,0.38506370782852173
1962,6,102,0.38751572370529175
1963,6,103,0.6758702397346497
1964,6,104,0.6092416644096375
1965,6,105,0.4177396297454834
1966,6,106,0.7766277194023132
1967,6,107,0.4803512692451477
1968,6,108,0.4403454661369324
1969,6,109,0.4810011386871338
1970,6,110,0.552813708782196
1971,6,111,0.3656631112098694
1972,6,112,0.3881723880767822
1973,6,113,0.4431033730506897
1974,6,114,0.449707567691803
1975,6,115,0.3653043508529663
1976,6,116,0.3803645670413971
1977,6,117,0.3658295273780823
1978,6,118,0.5270801186561584
1979,6,119,0.32289403676986694
1980,6,120,0.34067416191101074
1981,6,121,0.4261745810508728
1982,6,122,0.4307785630226135
1983,6,123,0.4208969473838806
1984,6,124,0.6588659286499023
1985,6,125,0.3844326436519623
1986,6,126,0.3870258927345276
1987,6,127,0.5001544952392578
1988,6,128,0.4204441010951996
1989,6,129,0.5474638342857361
1990,6,130,0.3833327889442444
1991,6,131,0.3626675009727478
1992,6,132,0.40105724334716797
1993,6,133,0.3910621702671051
1994,6,134,0.40881094336509705
1995,6,135,0.4944079518318176
1996,6,136,0.35681620240211487
1997,6,137,0.4376762807369232
1998,6,138,0.4519737660884857
1999,6,139,0.4115288257598877
2000,6,140,0.39204996824264526
2001,6,141,0.4632532000541687
2002,6,142,0.42119789123535156
2003,6,143,0.3540427088737488
2004,6,144,0.4614991247653961
2005,6,145,0.36615172028541565
2006,6,146,0.380310595035553
2007,6,147,0.36898744106292725
2008,6,148,0.36496543884277344
2009,6,149,0.40611544251441956
2010,6,150,0.4229033887386322
2011,6,151,0.47874221205711365
2012,6,152,0.4130823016166687
2013,6,153,0.3938804566860199
2014,6,154,0.37999188899993896
2015,6,155,0.41408079862594604
2016,6,156,0.4084863066673279
2017,6,157,0.42449474334716797
2018,6,158,0.5006145238876343
2019,6,159,0.4198066294193268
2020,6,160,0.4390767514705658
2021,6,161,0.37310853600502014
2022,6,162,0.4277547299861908
2023,6,163,0.5109328627586365
2024,6,164,0.4323059022426605
2025,6,165,0.3982427716255188
2026,6,166,0.40387025475502014
2027,6,167,0.380371630191803
2028,6,168,0.35710209608078003
2029,6,169,0.3804463744163513
2030,6,170,0.4317893087863922
2031,6,171,0.38434433937072754
2032,6,172,0.40115222334861755
2033,6,173,0.37907737493515015
2034,6,174,0.4204271733760834
2035,6,175,0.4374244213104248
2036,6,176,0.4499116837978363
2037,6,177,0.39132407307624817
2038,6,178,0.4413558542728424
2039,6,179,0.35652220249176025
2040,6,180,0.4018745422363281
2041,6,181,0.41744452714920044
2042,6,182,0.3631736636161804
2043,6,183,0.3919404447078705
2044,6,184,0.4244554042816162
2045,6,185,0.39159491658210754
2046,6,186,0.4485015869140625
2047,6,187,0.40660184621810913
2048,6,188,0.4315679967403412
2049,6,189,0.4746066927909851
2050,6,190,0.38767293095588684
2051,6,191,0.5330217480659485
2052,6,192,0.32271695137023926
2053,6,193,0.41690880060195923
2054,6,194,0.35973018407821655
2055,6,195,0.4125767648220062
2056,6,196,0.43098577857017517
2057,6,197,0.4220503866672516
2058,6,198,0.37250208854675293
2059,6,199,0.3309800624847412
2060,6,200,0.39870667457580566
2061,6,201,0.4396718144416809
2062,6,202,0.3966742157936096
2063,6,203,0.4530351758003235
2064,6,204,0.40313801169395447
2065,6,205,0.3952838182449341
2066,6,206,0.38892605900764465
2067,6,207,0.3606039583683014
2068,6,208,0.4883994162082672
2069,6,209,0.32493168115615845
2070,6,210,0.38159075379371643
2071,6,211,0.3245684504508972
2072,6,212,0.41179317235946655
2073,6,213,0.508638858795166
2074,6,214,0.40488266944885254
2075,6,215,0.44994038343429565
2076,6,216,0.3935498297214508
2077,6,217,0.35573527216911316
2078,6,218,0.38236087560653687
2079,6,219,0.3484666347503662
2080,6,220,0.42011576890945435
2081,6,221,0.3725948631763458
2082,6,222,0.3891092836856842
2083,6,223,0.4097885489463806
2084,6,224,0.3999807834625244
2085,6,225,0.39717230200767517
2086,6,226,0.42113032937049866
2087,6,227,0.3620622158050537
2088,6,228,0.40057772397994995
2089,6,229,0.332792729139328
2090,6,230,0.36347609758377075
2091,6,231,0.4132540822029114
2092,6,232,0.39104655385017395
2093,6,233,0.33828455209732056
2094,6,234,0.3721844255924225
2095,6,235,0.36386802792549133
2096,6,236,0.4091172218322754
2097,6,237,0.3465840816497803
2098,6,238,0.481447696685791
2099,6,239,0.4235215187072754
2100,6,240,0.43928390741348267
2101,6,241,0.43166813254356384
2102,6,242,0.4319111406803131
2103,6,243,0.34788259863853455
2104,6,244,0.35069894790649414
2105,6,245,0.3344530165195465
2106,6,246,0.31597739458084106
2107,6,247,0.38598164916038513
2108,6,248,0.4467870593070984
2109,6,249,0.38662800192832947
2110,6,250,0.6431839466094971
2111,6,251,0.37550610303878784
2112,6,252,0.32277560234069824
2113,6,253,0.3715132772922516
2114,6,254,0.3990756869316101
2115,6,255,0.4427073001861572
2116,6,256,0.3958456814289093
2117,6,257,0.3766946792602539
2118,6,258,0.4002271294593811
2119,6,259,0.3087453544139862
2120,6,260,0.42914924025535583
2121,6,261,0.37848690152168274
2122,6,262,0.4144001603126526
2123,6,263,0.5002274513244629
2124,6,264,0.36588484048843384
2125,6,265,0.3530980944633484
2126,6,266,0.4878773093223572
2127,6,267,0.44645851850509644
2128,6,268,0.560141921043396
2129,6,269,0.3647729754447937
2130,6,270,0.36459648609161377
2131,6,271,0.40237393975257874
2132,6,272,0.3512692451477051
2133,6,273,0.4367690086364746
2134,6,274,0.40116581320762634
2135,6,275,0.4050365388393402
2136,6,276,0.38383954763412476
2137,6,277,0.3505614399909973
2138,6,278,0.3610718250274658
2139,6,279,0.410818874835968
2140,6,280,0.36705532670021057
2141,6,281,0.3825097680091858
2142,6,282,0.40633392333984375
2143,6,283,0.43232613801956177
2144,6,284,0.3692154884338379
2145,6,285,0.4039075970649719
2146,6,286,0.37360453605651855
2147,6,287,0.3663455545902252
2148,6,288,0.48130306601524353
2149,6,289,0.3757026493549347
2150,6,290,0.43999379873275757
2151,6,291,0.395287424325943
2152,6,292,0.3738364279270172
2153,6,293,0.48225799202919006
2154,6,294,0.3459320664405823
2155,6,295,0.39959898591041565
2156,6,296,0.508478045463562
2157,6,297,0.34932416677474976
2158,6,298,0.35731297731399536
2159,6,299,0.34256061911582947
2160,6,300,0.3704434037208557
2161,6,301,0.3661033511161804
2162,6,302,0.37908756732940674
2163,6,303,0.3875699043273926
2164,6,304,0.4194183349609375
2165,6,305,0.3817513883113861
2166,6,306,0.33778446912765503
2167,6,307,0.5342637300491333
2168,6,308,0.3940483629703522
2169,6,309,0.34442630410194397
2170,6,310,0.41312122344970703
2171,6,311,0.3894532322883606
2172,6,312,0.36531582474708557
2173,6,313,0.3811383545398712
2174,6,314,0.3723708391189575
2175,6,315,0.41241201758384705
2176,6,316,0.404869019985199
2177,6,317,0.7037890553474426
2178,6,318,0.6584888696670532
2179,6,319,0.41779762506484985
2180,6,320,0.34005826711654663
2181,6,321,0.39953964948654175
2182,6,322,0.3553690016269684
2183,6,323,0.38860684633255005
2184,6,324,0.3847423195838928
2185,6,325,0.37943750619888306
2186,6,326,0.3568536639213562
2187,6,327,0.35167351365089417
2188,6,328,0.4277663826942444
2189,6,329,0.4596186578273773
2190,6,330,0.3549877107143402
2191,6,331,0.32046404480934143
2192,6,332,0.41484981775283813
2193,6,333,0.3870559334754944
2194,6,334,0.3552055358886719
2195,6,335,0.3481483459472656
2196,6,336,0.43130940198898315
2197,6,337,0.45207729935646057
2198,6,338,0.33007246255874634
2199,6,339,0.4942418932914734
2200,6,340,0.36121276021003723
2201,6,341,0.38879552483558655
2202,6,342,0.6540123224258423
2203,6,343,0.36840343475341797
2204,6,344,0.3473767042160034
2205,6,345,0.5280686616897583
2206,6,346,0.44779014587402344
2207,6,347,0.4006478190422058
2208,6,348,0.363182008266449
2209,6,349,0.3557029664516449
2210,6,350,0.35621505975723267
2211,6,351,0.3815891742706299
2212,6,352,0.3487043082714081
2213,6,353,0.3843938708305359
2214,6,354,0.42345982789993286
2215,6,355,0.650858998298645
2216,6,356,0.3805776536464691
2217,6,357,0.46144819259643555
2218,6,358,0.4156618118286133
2219,6,359,0.383891761302948
2220,6,360,0.37679094076156616
2221,6,361,0.4152781069278717
2222,6,362,0.3649201989173889
2223,6,363,0.38915306329727173
2224,6,364,0.36864811182022095
2225,6,365,0.39601898193359375
2226,6,366,0.5051690340042114
2227,6,367,0.407815545797348
2228,6,368,0.4092499613761902
2229,6,369,0.370411217212677
2230,6,370,0.35700491070747375
2231,6,371,0.45082300901412964
2232,6,372,0.5075094699859619
2233,7,1,0.32668381929397583
2234,7,2,0.3609671890735626
2235,7,3,0.3662627339363098
2236,7,4,0.30490046739578247
2237,7,5,0.38847947120666504
2238,7,6,0.3474733233451843
2239,7,7,0.3695872724056244
2240,7,8,0.4150419235229492
2241,7,9,0.35929468274116516
2242,7,10,0.3430151343345642
2243,7,11,0.38595694303512573
2244,7,12,0.568717360496521
2245,7,13,0.3723497986793518
2246,7,14,0.3575996458530426
2247,7,15,0.3633526861667633
2248,7,16,0.4334299564361572
2249,7,17,0.30029112100601196
2250,7,18,0.4657372832298279
2251,7,19,0.37173062562942505
2252,7,20,0.37293198704719543
2253,7,21,0.6033543348312378
2254,7,22,0.36178693175315857
2255,7,23,0.42503246665000916
2256,7,24,0.33212512731552124
2257,7,25,0.3667546212673187
2258,7,26,0.4082840383052826
2259,7,27,0.40478724241256714
2260,7,28,0.3704919219017029
2261,7,29,0.40483778715133667
2262,7,30,0.3539545238018036
2263,7,31,0.2974948585033417
2264,7,32,0.44798174500465393
2265,7,33,0.4373539090156555
2266,7,34,0.37831637263298035
2267,7,35,0.3516347408294678
2268,7,36,0.3960255980491638
2269,7,37,0.32679957151412964
2270,7,38,0.3697076141834259
2271,7,39,0.35357779264450073
2272,7,40,0.3718058466911316
2273,7,41,0.3726763129234314
2274,7,42,0.3585025668144226
2275,7,43,0.3641424775123596
2276,7,44,0.3922435939311981
2277,7,45,0.30232149362564087
2278,7,46,0.40628868341445923
2279,7,47,0.40365177392959595
2280,7,48,0.32886913418769836
2281,7,49,0.32461899518966675
2282,7,50,0.3647121787071228
2283,7,51,0.38207048177719116
2284,7,52,0.36136382818222046
2285,7,53,0.38415592908859253
2286,7,54,0.3436223268508911
2287,7,55,0.3746894299983978
2288,7,56,0.41901224851608276
2289,7,57,0.3595883846282959
2290,7,58,0.41840434074401855
2291,7,59,0.4041977822780609
2292,7,60,0.49500831961631775
2293,7,61,0.34695249795913696
2294,7,62,0.3548358678817749
2295,7,63,0.36976853013038635
2296,7,64,0.3814402222633362
2297,7,65,0.3321790099143982
2298,7,66,0.3391628861427307
2299,7,67,0.3246813416481018
2300,7,68,0.3826630711555481
2301,7,69,0.37245485186576843
2302,7,70,0.38501065969467163
2303,7,71,0.48742595314979553
2304,7,72,0.355196475982666
2305,7,73,0.3458177447319031
2306,7,74,0.33370524644851685
2307,7,75,0.36242708563804626
2308,7,76,0.3899536728858948
2309,7,77,0.3356347680091858
2310,7,78,0.3429691195487976
2311,7,79,0.30530327558517456
2312,7,80,0.6420539617538452
2313,7,81,0.3159453272819519
2314,7,82,0.3637308180332184
2315,7,83,0.3839346170425415
2316,7,84,0.37600475549697876
2317,7,85,0.4069429039955139
2318,7,86,0.33657148480415344
2319,7,87,0.4041793942451477
2320,7,88,0.3591349720954895
2321,7,89,0.38590899109840393
2322,7,90,0.44363075494766235
2323,7,91,0.45091184973716736
2324,7,92,0.38130658864974976
2325,7,93,0.35994642972946167
2326,7,94,0.29228097200393677
2327,7,95,0.41474270820617676
2328,7,96,0.3722527325153351
2329,7,97,0.4238658845424652
2330,7,98,0.3881534934043884
2331,7,99,0.365064799785614
2332,7,100,0.4091166853904724
2333,7,101,0.41791850328445435
2334,7,102,0.3903409540653229
2335,7,103,0.3386126160621643
2336,7,104,0.4083125591278076
2337,7,105,0.36395007371902466
2338,7,106,0.3619145154953003
2339,7,107,0.41905727982521057
2340,7,108,0.34197455644607544
2341,7,109,0.32962870597839355
2342,7,110,0.35921698808670044
2343,7,111,0.3363986015319824
2344,7,112,0.30906209349632263
2345,7,113,0.5055571794509888
2346,7,114,0.3959473967552185
2347,7,115,0.40336841344833374
2348,7,116,0.36315232515335083
2349,7,117,0.3405526578426361
2350,7,118,0.6604606509208679
2351,7,119,0.3270476460456848
2352,7,120,0.4813297688961029
2353,7,121,0.39377984404563904
2354,7,122,0.3250832259654999
2355,7,123,0.35219109058380127
2356,7,124,0.3662736117839813
2357,7,125,0.45979180932044983
2358,7,126,0.3459819555282593
2359,7,127,0.349176824092865
2360,7,128,0.39533179998397827
2361,7,129,0.38858962059020996
2362,7,130,0.34969019889831543
2363,7,131,0.31913119554519653
2364,7,132,0.3849433362483978
2365,7,133,0.45261937379837036
2366,7,134,0.3797122836112976
2367,7,135,0.3650272786617279
2368,7,136,0.4145532548427582
2369,7,137,0.3699387013912201
2370,7,138,0.4021245539188385
2371,7,139,0.3922320008277893
2372,7,140,0.45772314071655273
2373,7,141,0.35435178875923157
2374,7,142,0.3236687481403351
2375,7,143,0.3996257781982422
2376,7,144,0.30758750438690186
2377,7,145,0.6347437500953674
2378,7,146,0.34684067964553833
2379,7,147,0.34425750374794006
2380,7,148,0.37676915526390076
2381,7,149,0.3078305125236511
2382,7,150,0.3894241154193878
2383,7,151,0.37590861320495605
2384,7,152,0.3975607454776764
2385,7,153,0.337298184633255
2386,7,154,0.32276177406311035
2387,7,155,0.3604499101638794
2388,7,156,0.4294014871120453
2389,7,157,0.391891211271286
2390,7,158,0.39034757018089294
2391,7,159,0.369584321975708
2392,7,160,0.3416983485221863
2393,7,161,0.3399932384490967
2394,7,162,0.33683642745018005
2395,7,163,0.3002101480960846
2396,7,164,0.3125454783439636
2397,7,165,0.3446895480155945
2398,7,166,0.3263934254646301
2399,7,167,0.3191063404083252
2400,7,168,0.3836124539375305
2401,7,169,0.3539702892303467
2402,7,170,0.3849116563796997
2403,7,171,0.3305911719799042
2404,7,172,0.2896433472633362
2405,7,173,0.32892102003097534
2406,7,174,0.35017308592796326
2407,7,175,0.32893460988998413
2408,7,176,0.3934257924556732
2409,7,177,0.4387202262878418
2410,7,178,0.3369027376174927
2411,7,179,0.38933107256889343
2412,7,180,0.33602482080459595
2413,7,181,0.42398691177368164
2414,7,182,0.4112311899662018
2415,7,183,0.3576010763645172
2416,7,184,0.3418137729167938
2417,7,185,0.3755803108215332
2418,7,186,0.35027557611465454
2419,7,187,0.2932731509208679
2420,7,188,0.3855176866054535
2421,7,189,0.29501885175704956
2422,7,190,0.36619430780410767
2423,7,191,0.3255043625831604
2424,7,192,0.3697551488876343
2425,7,193,0.3890334963798523
2426,7,194,0.37447041273117065
2427,7,195,0.385251522064209
2428,7,196,0.34058377146720886
2429,7,197,0.36939501762390137
2430,7,198,0.3644515573978424
2431,7,199,0.37020084261894226
2432,7,200,0.34260979294776917
2433,7,201,0.3913346230983734
2434,7,202,0.4597240090370178
2435,7,203,0.4114319384098053
2436,7,204,0.4067077040672302
2437,7,205,0.7056689262390137
2438,7,206,0.299238920211792
2439,7,207,0.29565829038619995
2440,7,208,0.31694597005844116
2441,7,209,0.37446486949920654
2442,7,210,0.3375799357891083
2443,7,211,0.2999790906906128
2444,7,212,0.3277661204338074
2445,7,213,0.32969191670417786
2446,7,214,0.3623758554458618
2447,7,215,0.3284907937049866
2448,7,216,0.3554569184780121
2449,7,217,0.3694929778575897
2450,7,218,0.3637843132019043
2451,7,219,0.3922833800315857
2452,7,220,0.3432271480560303
2453,7,221,0.3302798569202423
2454,7,222,0.3160264194011688
2455,7,223,0.34124118089675903
2456,7,224,0.4015777111053467
2457,7,225,0.6129831075668335
2458,7,226,0.3614824414253235
2459,7,227,0.3983728587627411
2460,7,228,0.40798816084861755
2461,7,229,0.37273967266082764
2462,7,230,0.3437242805957794
2463,7,231,0.3083535432815552
2464,7,232,0.32148873805999756
2465,7,233,0.35054928064346313
2466,7,234,0.36214134097099304
2467,7,235,0.31412771344184875
2468,7,236,0.33549579977989197
2469,7,237,0.32050105929374695
2470,7,238,0.2713838219642639
2471,7,239,0.3374398648738861
2472,7,240,0.32826074957847595
2473,7,241,0.3715781271457672
2474,7,242,0.3423323929309845
2475,7,243,0.32024890184402466
2476,7,244,0.42935413122177124
2477,7,245,0.29924124479293823
2478,7,246,0.26509782671928406
2479,7,247,0.3460841178894043
2480,7,248,0.37662625312805176
2481,7,249,0.35539913177490234
2482,7,250,0.4741731286048889
2483,7,251,0.447899729013443
2484,7,252,0.38126450777053833
2485,7,253,0.35604149103164673
2486,7,254,0.38989895582199097
2487,7,255,0.33382850885391235
2488,7,256,0.3722073435783386
2489,7,257,0.31913405656814575
2490,7,258,0.3004382848739624
2491,7,259,0.3057840168476105
2492,7,260,0.36335837841033936
2493,7,261,0.3272705078125
2494,7,262,0.3519379794597626
2495,7,263,0.6938703656196594
2496,7,264,0.35252630710601807
2497,7,265,0.38004815578460693
2498,7,266,0.3865513205528259
2499,7,267,0.32232698798179626
2500,7,268,0.3787690997123718
2501,7,269,0.3198307454586029
2502,7,270,0.36316344141960144
2503,7,271,0.345231831073761
2504,7,272,0.3473072052001953
2505,7,273,0.38251104950904846
2506,7,274,0.30997544527053833
2507,7,275,0.3822222650051117
2508,7,276,0.3494698703289032
2509,7,277,0.46873465180397034
2510,7,278,0.3177553415298462
2511,7,279,0.42391452193260193
2512,7,280,0.36333170533180237
2513,7,281,0.37713178992271423
2514,7,282,0.6263195872306824
2515,7,283,0.3465738296508789
2516,7,284,0.36284139752388
2517,7,285,0.530386745929718
2518,7,286,0.3987549841403961
2519,7,287,0.3212306499481201
2520,7,288,0.3985753655433655
2521,7,289,0.33418816328048706
2522,7,290,0.2917467951774597
2523,7,291,0.38009732961654663
2524,7,292,0.3492085337638855
2525,7,293,0.3174048066139221
2526,7,294,0.3357110321521759
2527,7,295,0.657558798789978
2528,7,296,0.3225792348384857
2529,7,297,0.3644726872444153
2530,7,298,0.3233470320701599
2531,7,299,0.3364521861076355
2532,7,300,0.3090510368347168
2533,7,301,0.3359925150871277
2534,7,302,0.3683961033821106
2535,7,303,0.32875901460647583
2536,7,304,0.32891470193862915
2537,7,305,0.44855013489723206
2538,7,306,0.3917903006076813
2539,7,307,0.6593135595321655
2540,7,308,0.35389041900634766
2541,7,309,0.6106564402580261
2542,7,310,0.3230920433998108
2543,7,311,0.3258453905582428
2544,7,312,0.3500979542732239
2545,7,313,0.3704093098640442
2546,7,314,0.350288450717926
2547,7,315,0.3036637008190155
2548,7,316,0.38934218883514404
2549,7,317,0.34328553080558777
2550,7,318,0.3562605381011963
2551,7,319,0.3475204110145569
2552,7,320,0.3586958050727844
2553,7,321,0.3897469639778137
2554,7,322,0.4277632236480713
2555,7,323,0.3730829656124115
2556,7,324,0.33661502599716187
2557,7,325,0.36408892273902893
2558,7,326,0.3625231981277466
2559,7,327,0.33730560541152954
2560,7,328,0.30416497588157654
2561,7,329,0.3695467412471771
2562,7,330,0.3300577998161316
2563,7,331,0.32595184445381165
2564,7,332,0.4013485908508301
2565,7,333,0.5044133067131042
2566,7,334,0.37217646837234497
2567,7,335,0.36208897829055786
2568,7,336,0.34606948494911194
2569,7,337,0.3716934621334076
2570,7,338,0.3116532564163208
2571,7,339,0.4342004358768463
2572,7,340,0.36118918657302856
2573,7,341,0.3430107831954956
2574,7,342,0.34748098254203796
2575,7,343,0.3263382017612457
2576,7,344,0.4674457609653473
2577,7,345,0.35537683963775635
2578,7,346,0.35250741243362427
2579,7,347,0.3602316975593567
2580,7,348,0.33942869305610657
2581,7,349,0.38738080859184265
2582,7,350,0.4457184672355652
2583,7,351,0.3421880602836609
2584,7,352,0.3595670461654663
2585,7,353,0.26110339164733887
2586,7,354,0.3431297838687897
2587,7,355,0.3852980434894562
2588,7,356,0.35197094082832336
2589,7,357,0.37521442770957947
2590,7,358,0.3655068874359131
2591,7,359,0.2691611647605896
2592,7,360,0.41600972414016724
2593,7,361,0.40575700998306274
2594,7,362,0.3405088186264038
2595,7,363,0.38173428177833557
2596,7,364,0.38252201676368713
2597,7,365,0.34073883295059204
2598,7,366,0.39326462149620056
2599,7,367,0.40064874291419983
2600,7,368,0.36111119389533997
2601,7,369,0.32668882608413696
2602,7,370,0.3888474106788635
2603,7,371,0.3894557058811188
2604,7,372,0.30896180868148804
2605,8,1,0.4780797064304352
2606,8,2,0.36280369758605957
2607,8,3,0.2855072617530823
2608,8,4,0.3390059769153595
2609,8,5,0.3048664629459381
2610,8,6,0.3560860753059387
2611,8,7,0.40577998757362366
2612,8,8,0.3347034156322479
2613,8,9,0.3536525368690491
2614,8,10,0.40273338556289673
2615,8,11,0.36416545510292053
2616,8,12,0.3528885245323181
2617,8,13,0.4071212410926819
2618,8,14,0.2986210286617279
2619,8,15,0.33765900135040283
2620,8,16,0.3117944598197937
2621,8,17,0.3304561674594879
2622,8,18,0.3997434675693512
2623,8,19,0.36511367559432983
2624,8,20,0.3650887608528137
2625,8,21,0.32909053564071655
2626,8,22,0.3329181671142578
2627,8,23,0.34609031677246094
2628,8,24,0.2793336510658264
2629,8,25,0.3262055814266205
2630,8,26,0.2617855370044708
2631,8,27,0.3571661114692688
2632,8,28,0.31878358125686646
2633,8,29,0.3155593276023865
2634,8,30,0.46208128333091736
2635,8,31,0.32559290528297424
2636,8,32,0.3131137490272522
2637,8,33,0.6272230744361877
2638,8,34,0.3387148976325989
2639,8,35,0.35897958278656006
2640,8,36,0.3517763316631317
2641,8,37,0.3495533764362335
2642,8,38,0.3147575259208679
2643,8,39,0.4067758023738861
2644,8,40,0.34672456979751587
2645,8,41,0.3019801080226898
2646,8,42,0.35288602113723755
2647,8,43,0.3366771340370178
2648,8,44,0.34057390689849854
2649,8,45,0.27203568816185
2650,8,46,0.2850906252861023
2651,8,47,0.3236977159976959
2652,8,48,0.32151615619659424
2653,8,49,0.3702659010887146
2654,8,50,0.3122391104698181
2655,8,51,0.32188355922698975
2656,8,52,0.37312814593315125
2657,8,53,0.5947070121765137
2658,8,54,0.3215281069278717
2659,8,55,0.30928075313568115
2660,8,56,0.2919388711452484
2661,8,57,0.29567253589630127
2662,8,58,0.3144916296005249
2663,8,59,0.32255789637565613
2664,8,60,0.3739702105522156
2665,8,61,0.34459224343299866
2666,8,62,0.30096110701560974
2667,8,63,0.2814696431159973
2668,8,64,0.2589372396469116
2669,8,65,0.32551756501197815
2670,8,66,0.29771798849105835
2671,8,67,0.3382517695426941
2672,8,68,0.39555519819259644
2673,8,69,0.38381463289260864
2674,8,70,0.31815221905708313
2675,8,71,0.30411452054977417
2676,8,72,0.5269366502761841
2677,8,73,0.3145848214626312
2678,8,74,0.27725499868392944
2679,8,75,0.3058384954929352
2680,8,76,0.4004802107810974
2681,8,77,0.34192901849746704
2682,8,78,0.38717421889305115
2683,8,79,0.40375834703445435
2684,8,80,0.3436710834503174
2685,8,81,0.3446900248527527
2686,8,82,0.3825402855873108
2687,8,83,0.3364453613758087
2688,8,84,0.3769802451133728
2689,8,85,0.32764026522636414
2690,8,86,0.2826353907585144
2691,8,87,0.2849525511264801
2692,8,88,0.3535481095314026
2693,8,89,0.3315189480781555
2694,8,90,0.3005450367927551
2695,8,91,0.3552861213684082
2696,8,92,0.3329344391822815
2697,8,93,0.35354405641555786
2698,8,94,0.3254950940608978
2699,8,95,0.2893628478050232
2700,8,96,0.3165009617805481
2701,8,97,0.32373327016830444
2702,8,98,0.30565300583839417
2703,8,99,0.3288457989692688
2704,8,100,0.307672917842865
2705,8,101,0.3072983920574188
2706,8,102,0.341531902551651
2707,8,103,0.2754880487918854
2708,8,104,0.3376651108264923
2709,8,105,0.3484865427017212
2710,8,106,0.3016051650047302
2711,8,107,0.29824212193489075
2712,8,108,0.35256749391555786
2713,8,109,0.301263689994812
2714,8,110,0.3553311228752136
2715,8,111,0.29305320978164673
2716,8,112,0.32647353410720825
2717,8,113,0.4358133375644684
2718,8,114,0.32375019788742065
2719,8,115,0.29850512742996216
2720,8,116,0.3000975251197815
2721,8,117,0.35699209570884705
2722,8,118,0.2927088141441345
2723,8,119,0.293343186378479
2724,8,120,0.26347413659095764
2725,8,121,0.3506092429161072
2726,8,122,0.3676982522010803
2727,8,123,0.34918951988220215
2728,8,124,0.3209369480609894
2729,8,125,0.4189867079257965
2730,8,126,0.2859432101249695
2731,8,127,0.3748299777507782
2732,8,128,0.5683375597000122
2733,8,129,0.3803505599498749
2734,8,130,0.32540246844291687
2735,8,131,0.3327315151691437
2736,8,132,0.31267938017845154
2737,8,133,0.3607744574546814
2738,8,134,0.26146242022514343
2739,8,135,0.3281412124633789
2740,8,136,0.36739468574523926
2741,8,137,0.3130956292152405
2742,8,138,0.42488259077072144
2743,8,139,0.34281250834465027
2744,8,140,0.2716214656829834
2745,8,141,0.3873381018638611
2746,8,142,0.2887524366378784
2747,8,143,0.4620879590511322
2748,8,144,0.35284197330474854
2749,8,145,0.31339770555496216
2750,8,146,0.3382726013660431
2751,8,147,0.32097920775413513
2752,8,148,0.2979567050933838
2753,8,149,0.3042246103286743
2754,8,150,0.35270655155181885
2755,8,151,0.3336341977119446
2756,8,152,0.3245575428009033
2757,8,153,0.33773091435432434
2758,8,154,0.3473784029483795
2759,8,155,0.28712382912635803
2760,8,156,0.3078182339668274
2761,8,157,0.33092936873435974
2762,8,158,0.32104915380477905
2763,8,159,0.3049038052558899
2764,8,160,0.2580801844596863
2765,8,161,0.31783097982406616
2766,8,162,0.30224329233169556
2767,8,163,0.33451682329177856
2768,8,164,0.2838156521320343
2769,8,165,0.3635135591030121
2770,8,166,0.3241117596626282
2771,8,167,0.3463020920753479
2772,8,168,0.6571924686431885
2773,8,169,0.29814812541007996
2774,8,170,0.27748122811317444
2775,8,171,0.3189319968223572
2776,8,172,0.3111305832862854
2777,8,173,0.3159880042076111
2778,8,174,0.32735738158226013
2779,8,175,0.2906809449195862
2780,8,176,0.6220740675926208
2781,8,177,0.3226967453956604
2782,8,178,0.37985050678253174
2783,8,179,0.37257304787635803
2784,8,180,0.29496607184410095
2785,8,181,0.334818035364151
2786,8,182,0.336556613445282
2787,8,183,0.28277072310447693
2788,8,184,0.2901493310928345
2789,8,185,0.3107355237007141
2790,8,186,0.29757118225097656
2791,8,187,0.33729052543640137
2792,8,188,0.3523998558521271
2793,8,189,0.33032625913619995
2794,8,190,0.37533318996429443
2795,8,191,0.3459702730178833
2796,8,192,0.286831796169281
2797,8,193,0.39212945103645325
2798,8,194,0.2791157364845276
2799,8,195,0.320182204246521
2800,8,196,0.3213830292224884
2801,8,197,0.2677531838417053
2802,8,198,0.37533053755760193
2803,8,199,0.3528178334236145
2804,8,200,0.30822861194610596
2805,8,201,0.3042953908443451
2806,8,202,0.36901262402534485
2807,8,203,0.40528392791748047
2808,8,204,0.2745647132396698
2809,8,205,0.3358454406261444
2810,8,206,0.2988589406013489
2811,8,207,0.37920743227005005
2812,8,208,0.3133910000324249
2813,8,209,0.3492923676967621
2814,8,210,0.3219756782054901
2815,8,211,0.29312950372695923
2816,8,212,0.29421761631965637
2817,8,213,0.32473406195640564
2818,8,214,0.36767852306365967
2819,8,215,0.36886724829673767
2820,8,216,0.33443883061408997
2821,8,217,0.3175204396247864
2822,8,218,0.3821851313114166
2823,8,219,0.3891829550266266
2824,8,220,0.3153828978538513
2825,8,221,0.2615068554878235
2826,8,222,0.2992051839828491
2827,8,223,0.3762391209602356
2828,8,224,0.32900333404541016
2829,8,225,0.3742453157901764
2830,8,226,0.30475717782974243
2831,8,227,0.3126007318496704
2832,8,228,0.3409310281276703
2833,8,229,0.3289514482021332
2834,8,230,0.38072237372398376
2835,8,231,0.34583282470703125
2836,8,232,0.6162490844726562
2837,8,233,0.31759554147720337
2838,8,234,0.3048112094402313
2839,8,235,0.3524581789970398
2840,8,236,0.2956726551055908
2841,8,237,0.331901490688324
2842,8,238,0.30537956953048706
2843,8,239,0.31572988629341125
2844,8,240,0.3582995533943176
2845,8,241,0.4085768759250641
2846,8,242,0.31462451815605164
2847,8,243,0.343608021736145
2848,8,244,0.36294814944267273
2849,8,245,0.28609082102775574
2850,8,246,0.29216355085372925
2851,8,247,0.3251718580722809
2852,8,248,0.3323743939399719
2853,8,249,0.3059470057487488
2854,8,250,0.32351940870285034
2855,8,251,0.36596691608428955
2856,8,252,0.30456429719924927
2857,8,253,0.28303590416908264
2858,8,254,0.2902171015739441
2859,8,255,0.36096858978271484
2860,8,256,0.34826964139938354
2861,8,257,0.2999703288078308
2862,8,258,0.3255622088909149
2863,8,259,0.36725664138793945
2864,8,260,0.32216256856918335
2865,8,261,0.3501853346824646
2866,8,262,0.33440732955932617
2867,8,263,0.30525878071784973
2868,8,264,0.3323585093021393
2869,8,265,0.3056061565876007
2870,8,266,0.3762492537498474
2871,8,267,0.3482586145401001
2872,8,268,0.3428342938423157
2873,8,269,0.32916584610939026
2874,8,270,0.3687440752983093
2875,8,271,0.31364336609840393
2876,8,272,0.36052006483078003
2877,8,273,0.32082194089889526
2878,8,274,0.3123892843723297
2879,8,275,0.3379490375518799
2880,8,276,0.31738409399986267
2881,8,277,0.30208608508110046
2882,8,278,0.4305686056613922
2883,8,279,0.3377266526222229
2884,8,280,0.28182342648506165
2885,8,281,0.3024708330631256
2886,8,282,0.5467279553413391
2887,8,283,0.3282940983772278
2888,8,284,0.3301583230495453
2889,8,285,0.31545722484588623
2890,8,286,0.31853124499320984
2891,8,287,0.29663392901420593
2892,8,288,0.39096593856811523
2893,8,289,0.317111611366272
2894,8,290,0.5883712768554688
2895,8,291,0.3009651005268097
2896,8,292,0.34628230333328247
2897,8,293,0.26079708337783813
2898,8,294,0.3529594838619232
2899,8,295,0.3372170329093933
2900,8,296,0.2881777882575989
2901,8,297,0.3214481770992279
2902,8,298,0.3132687211036682
2903,8,299,0.2674495577812195
2904,8,300,0.28735068440437317
2905,8,301,0.33686143159866333
2906,8,302,0.3722619414329529
2907,8,303,0.32843005657196045
2908,8,304,0.32020270824432373
2909,8,305,0.2780584394931793
2910,8,306,0.37394604086875916
2911,8,307,0.3327021300792694
2912,8,308,0.34728294610977173
2913,8,309,0.32475903630256653
2914,8,310,0.28098374605178833
2915,8,311,0.31147000193595886
2916,8,312,0.36528462171554565
2917,8,313,0.5969296097755432
2918,8,314,0.35083192586898804
2919,8,315,0.36161547899246216
2920,8,316,0.2874003052711487
2921,8,317,0.37239891290664673
2922,8,318,0.3476744294166565
2923,8,319,0.3027486205101013
2924,8,320,0.39525365829467773
2925,8,321,0.2961464822292328
2926,8,322,0.3765318989753723
2927,8,323,0.3202161490917206
2928,8,324,0.4315500259399414
2929,8,325,0.27461767196655273
2930,8,326,0.29067733883857727
2931,8,327,0.28820642828941345
2932,8,328,0.2829114496707916
2933,8,329,0.36815959215164185
2934,8,330,0.3491148352622986
2935,8,331,0.28959566354751587
2936,8,332,0.38795942068099976
2937,8,333,0.45072418451309204
2938,8,334,0.2989690601825714
2939,8,335,0.3448311686515808
2940,8,336,0.3188121020793915
2941,8,337,0.3475441634654999
2942,8,338,0.29319486021995544
2943,8,339,0.3043953776359558
2944,8,340,0.2947324812412262
2945,8,341,0.3537582755088806
2946,8,342,0.2942928373813629
2947,8,343,0.29944342374801636
2948,8,344,0.3965941071510315
2949,8,345,0.2835177481174469
2950,8,346,0.2760944366455078
2951,8,347,0.29136690497398376
2952,8,348,0.3817289471626282
2953,8,349,0.32916921377182007
2954,8,350,0.33925673365592957
2955,8,351,0.30343154072761536
2956,8,352,0.2887042164802551
2957,8,353,0.3663106858730316
2958,8,354,0.2987591028213501
2959,8,355,0.4137815535068512
2960,8,356,0.3824256956577301
2961,8,357,0.3391382396221161
2962,8,358,0.25523024797439575
2963,8,359,0.30610954761505127
2964,8,360,0.3896018862724304
2965,8,361,0.8740459680557251
2966,8,362,0.3089861571788788
2967,8,363,0.33203086256980896
2968,8,364,0.3338474631309509
2969,8,365,0.31269770860671997
2970,8,366,0.3431534767150879
2971,8,367,0.31162384152412415
2972,8,368,0.31828853487968445
2973,8,369,0.40001851320266724
2974,8,370,0.32911768555641174
2975,8,371,0.29985618591308594
2976,8,372,0.2793855667114258
2977,9,1,0.32889699935913086
2978,9,2,0.3144516944885254
2979,9,3,0.3988368809223175
2980,9,4,0.37184470891952515
2981,9,5,0.30454888939857483
2982,9,6,0.3780120313167572
2983,9,7,0.2520224452018738
2984,9,8,0.27905380725860596
2985,9,9,0.29379579424858093
2986,9,10,0.31458136439323425
2987,9,11,0.34497934579849243
2988,9,12,0.27926477789878845
2989,9,13,0.39786720275878906
2990,9,14,0.25847724080085754
2991,9,15,0.33523523807525635
2992,9,16,0.2898622751235962
2993,9,17,0.3562186360359192
2994,9,18,0.2774161994457245
2995,9,19,0.30246713757514954
2996,9,20,0.2470766007900238
2997,9,21,0.3339587152004242
2998,9,22,0.41561490297317505
2999,9,23,0.2959058880805969
3000,9,24,0.2893139123916626
3001,9,25,0.28911539912223816
3002,9,26,0.398216187953949
3003,9,27,0.2724437713623047
3004,9,28,0.29847967624664307
3005,9,29,0.3908291459083557
3006,9,30,0.30942055583000183
3007,9,31,0.3067699074745178
3008,9,32,0.5537586808204651
3009,9,33,0.3217439651489258
3010,9,34,0.30568307638168335
3011,9,35,0.26858019828796387
3012,9,36,0.331373006105423
3013,9,37,0.284030944108963
3014,9,38,0.28491219878196716
3015,9,39,0.3146168291568756
3016,9,40,0.3107028007507324
3017,9,41,0.3766688108444214
3018,9,42,0.31289738416671753
3019,9,43,0.321732759475708
3020,9,44,0.6211197972297668
3021,9,45,0.2519426941871643
3022,9,46,0.35070228576660156
3023,9,47,0.2999204993247986
3024,9,48,0.2746269404888153
3025,9,49,0.35562098026275635
3026,9,50,0.34614765644073486
3027,9,51,0.3026430606842041
3028,9,52,0.3254639208316803
3029,9,53,0.5926778316497803
3030,9,54,0.3853009343147278
3031,9,55,0.28946247696876526
3032,9,56,0.32676324248313904
3033,9,57,0.5412959456443787
3034,9,58,0.49714478850364685
3035,9,59,0.30034834146499634
3036,9,60,0.2936878800392151
3037,9,61,0.31137487292289734
3038,9,62,0.3796168267726898
3039,9,63,0.23705479502677917
3040,9,64,0.3271259069442749
3041,9,65,0.273987352848053
3042,9,66,0.23898625373840332
3043,9,67,0.30864420533180237
3044,9,68,0.2977059483528137
3045,9,69,0.297536700963974
3046,9,70,0.33645099401474
3047,9,71,0.2791799008846283
3048,9,72,0.27251893281936646
3049,9,73,0.2824423909187317
3050,9,74,0.5201148986816406
3051,9,75,0.3051457405090332
3052,9,76,0.30257880687713623
3053,9,77,0.27765318751335144
3054,9,78,0.3255230486392975
3055,9,79,0.32997751235961914
3056,9,80,0.3451490104198456
3057,9,81,0.34005483984947205
3058,9,82,0.2963969111442566
3059,9,83,0.28633803129196167
3060,9,84,0.2501364052295685
3061,9,85,0.28287312388420105
3062,9,86,0.29884979128837585
3063,9,87,0.3323838710784912
3064,9,88,0.2677365839481354
3065,9,89,0.27590101957321167
3066,9,90,0.3107319474220276
3067,9,91,0.3091645836830139
3068,9,92,0.32690149545669556
3069,9,93,0.4291194975376129
3070,9,94,0.29123690724372864
3071,9,95,0.2942826747894287
3072,9,96,0.2966248393058777
3073,9,97,0.3072158694267273
3074,9,98,0.3187853693962097
3075,9,99,0.24759025871753693
3076,9,100,0.31504490971565247
3077,9,101,0.3145722448825836
3078,9,102,0.3220323920249939
3079,9,103,0.36577361822128296
3080,9,104,0.34900909662246704
3081,9,105,0.2950879633426666
3082,9,106,0.36581751704216003
3083,9,107,0.2931429445743561
3084,9,108,0.34594106674194336
3085,9,109,0.25036320090293884
3086,9,110,0.3130429685115814
3087,9,111,0.32707253098487854
3088,9,112,0.4845066964626312
3089,9,113,0.45878830552101135
3090,9,114,0.25514164566993713
3091,9,115,0.27304208278656006
3092,9,116,0.3260517716407776
3093,9,117,0.31029006838798523
3094,9,118,0.40041956305503845
3095,9,119,0.24635712802410126
3096,9,120,0.2916095554828644
3097,9,121,0.6076930165290833
3098,9,122,0.26989689469337463
3099,9,123,0.29713478684425354
3100,9,124,0.2840704023838043
3101,9,125,0.3372204005718231
3102,9,126,0.28739747405052185
3103,9,127,0.346213161945343
3104,9,128,0.3438313603401184
3105,9,129,0.2955894470214844
3106,9,130,0.6067267656326294
3107,9,131,0.2739418148994446
3108,9,132,0.2293514907360077
3109,9,133,0.2771536409854889
3110,9,134,0.309204638004303
3111,9,135,0.2745056450366974
3112,9,136,0.36271125078201294
3113,9,137,0.2836875319480896
3114,9,138,0.3316509425640106
3115,9,139,0.2845444083213806
3116,9,140,0.31449711322784424
3117,9,141,0.29391559958457947
3118,9,142,0.2755206823348999
3119,9,143,0.3369061350822449
3120,9,144,0.3019809424877167
3121,9,145,0.3032873570919037
3122,9,146,0.24896159768104553
3123,9,147,0.27427858114242554
3124,9,148,0.33405858278274536
3125,9,149,0.28703364729881287
3126,9,150,0.3167840838432312
3127,9,151,0.2887527048587799
3128,9,152,0.29171276092529297
3129,9,153,0.3470742404460907
3130,9,154,0.29699069261550903
3131,9,155,0.30615830421447754
3132,9,156,0.2921033501625061
3133,9,157,0.30521684885025024
3134,9,158,0.26855748891830444
3135,9,159,0.2849162220954895
3136,9,160,0.30719196796417236
3137,9,161,0.36167576909065247
3138,9,162,0.3141512870788574
3139,9,163,0.3143637478351593
3140,9,164,0.37595775723457336
3141,9,165,0.285780131816864
3142,9,166,0.2726975083351135
3143,9,167,0.30154985189437866
3144,9,168,0.278372198343277
3145,9,169,0.27968358993530273
3146,9,170,0.301726758480072
3147,9,171,0.40955066680908203
3148,9,172,0.3066222071647644
3149,9,173,0.32713085412979126
3150,9,174,0.2680061161518097
3151,9,175,0.3642059862613678
3152,9,176,0.29807403683662415
3153,9,177,0.2660577595233917
3154,9,178,0.23707428574562073
3155,9,179,0.26529422402381897
3156,9,180,0.30132511258125305
3157,9,181,0.3441702127456665
3158,9,182,0.3106348514556885
3159,9,183,0.3019862771034241
3160,9,184,0.31790706515312195
3161,9,185,0.27151769399642944
3162,9,186,0.31324490904808044
3163,9,187,0.3039317727088928
3164,9,188,0.25154003500938416
3165,9,189,0.2709886431694031
3166,9,190,0.2837756276130676
3167,9,191,0.34101375937461853
3168,9,192,0.32913514971733093
3169,9,193,0.3030262589454651
3170,9,194,0.3059665858745575
3171,9,195,0.3441982567310333
3172,9,196,0.27744919061660767
3173,9,197,0.367024302482605
3174,9,198,0.3185194730758667
3175,9,199,0.30301493406295776
3176,9,200,0.3670448958873749
3177,9,201,0.389014333486557
3178,9,202,0.2652880549430847
3179,9,203,0.3307541012763977
3180,9,204,0.3132631480693817
3181,9,205,0.3315485417842865
3182,9,206,0.2926437556743622
3183,9,207,0.2991936206817627
3184,9,208,0.23897314071655273
3185,9,209,0.2677695155143738
3186,9,210,0.2587132155895233
3187,9,211,0.28517359495162964
3188,9,212,0.24560777842998505
3189,9,213,0.3086758852005005
3190,9,214,0.3207470774650574
3191,9,215,0.2838200628757477
3192,9,216,0.27500808238983154
3193,9,217,0.2777937054634094
3194,9,218,0.3196902573108673
3195,9,219,0.4179771840572357
3196,9,220,0.24550648033618927
3197,9,221,0.304251104593277
3198,9,222,0.24587209522724152
3199,9,223,0.2965030074119568
3200,9,224,0.3083363473415375
3201,9,225,0.3365456461906433
3202,9,226,0.2695590853691101
3203,9,227,0.3034657835960388
3204,9,228,0.3433971107006073
3205,9,229,0.32703059911727905
3206,9,230,0.2724916636943817
3207,9,231,0.2850729823112488
3208,9,232,0.3188326358795166
3209,9,233,0.2885289192199707
3210,9,234,0.33792975544929504
3211,9,235,0.29564952850341797
3212,9,236,0.3321942389011383
3213,9,237,0.2716355621814728
3214,9,238,0.34132835268974304
3215,9,239,0.24834474921226501
3216,9,240,0.2790754437446594
3217,9,241,0.2754080891609192
3218,9,242,0.29988235235214233
3219,9,243,0.28181344270706177
3220,9,244,0.2883763015270233
3221,9,245,0.28973710536956787
3222,9,246,0.3043382167816162
3223,9,247,0.3124585747718811
3224,9,248,0.2713124454021454
3225,9,249,0.3609243333339691
3226,9,250,0.33568933606147766
3227,9,251,0.3828141987323761
3228,9,252,0.35473349690437317
3229,9,253,0.27935904264450073
3230,9,254,0.31226029992103577
3231,9,255,0.5977516770362854
3232,9,256,0.28345081210136414
3233,9,257,0.34021419286727905
3234,9,258,0.30254703760147095
3235,9,259,0.3752484917640686
3236,9,260,0.2921636402606964
3237,9,261,0.24594898521900177
3238,9,262,0.24502050876617432
3239,9,263,0.26036953926086426
3240,9,264,0.30831998586654663
3241,9,265,0.3269597589969635
3242,9,266,0.3530818521976471
3243,9,267,0.32832056283950806
3244,9,268,0.31505995988845825
3245,9,269,0.35906529426574707
3246,9,270,0.28178054094314575
3247,9,271,0.2699199318885803
3248,9,272,0.2654454708099365
3249,9,273,0.288683146238327
3250,9,274,0.48105788230895996
3251,9,275,0.2893321216106415
3252,9,276,0.30121055245399475
3253,9,277,0.2851313650608063
3254,9,278,0.24919335544109344
3255,9,279,0.31761351227760315
3256,9,280,0.2600492835044861
3257,9,281,0.3626267611980438
3258,9,282,0.28152912855148315
3259,9,283,0.28725117444992065
3260,9,284,0.28216177225112915
3261,9,285,0.2994980216026306
3262,9,286,0.3025434613227844
3263,9,287,0.26252880692481995
3264,9,288,0.2672010064125061
3265,9,289,0.29741621017456055
3266,9,290,0.2776108980178833
3267,9,291,0.4032343029975891
3268,9,292,0.38654518127441406
3269,9,293,0.28747230768203735
3270,9,294,0.30059707164764404
3271,9,295,0.23488736152648926
3272,9,296,0.2648695409297943
3273,9,297,0.3194417953491211
3274,9,298,0.261710524559021
3275,9,299,0.2737954556941986
3276,9,300,0.3140552341938019
3277,9,301,0.27605846524238586
3278,9,302,0.3085935413837433
3279,9,303,0.37513992190361023
3280,9,304,0.2907775938510895
3281,9,305,0.3083608150482178
3282,9,306,0.34450429677963257
3283,9,307,0.31729933619499207
3284,9,308,0.3270009756088257
3285,9,309,0.24776677787303925
3286,9,310,0.28062736988067627
3287,9,311,0.31150490045547485
3288,9,312,0.269674688577652
3289,9,313,0.30799102783203125
3290,9,314,0.2816876769065857
3291,9,315,0.25206080079078674
3292,9,316,0.2777861952781677
3293,9,317,0.2550888657569885
3294,9,318,0.2601267993450165
3295,9,319,0.270292192697525
3296,9,320,0.2886142134666443
3297,9,321,0.33732664585113525
3298,9,322,0.32252103090286255
3299,9,323,0.3438398241996765
3300,9,324,0.32452505826950073
3301,9,325,0.2509244680404663
3302,9,326,0.27850455045700073
3303,9,327,0.28861141204833984
3304,9,328,0.29029980301856995
3305,9,329,0.3044840693473816
3306,9,330,0.2754499912261963
3307,9,331,0.30706787109375
3308,9,332,0.32160046696662903
3309,9,333,0.3434865176677704
3310,9,334,0.33646345138549805
3311,9,335,0.29607343673706055
3312,9,336,0.3096159100532532
3313,9,337,0.289067804813385
3314,9,338,0.2802639305591583
3315,9,339,0.2983410656452179
3316,9,340,0.2712303698062897
3317,9,341,0.32320132851600647
3318,9,342,0.2733869254589081
3319,9,343,0.31393545866012573
3320,9,344,0.3648640513420105
3321,9,345,0.2972964644432068
3322,9,346,0.27492615580558777
3323,9,347,0.26402729749679565
3324,9,348,0.36060598492622375
3325,9,349,0.27850407361984253
3326,9,350,0.3553859293460846
3327,9,351,0.3292396664619446
3328,9,352,0.3967156410217285
3329,9,353,0.3280351758003235
3330,9,354,0.3043418824672699
3331,9,355,0.31122809648513794
3332,9,356,0.328906774520874
3333,9,357,0.2690669000148773
3334,9,358,0.3581749200820923
3335,9,359,0.2847990393638611
3336,9,360,0.3051052987575531
3337,9,361,0.30405622720718384
3338,9,362,0.2887389063835144
3339,9,363,0.294436514377594
3340,9,364,0.2768869400024414
3341,9,365,0.23096318542957306
3342,9,366,0.2755463421344757
3343,9,367,0.412905216217041
3344,9,368,0.4092591404914856
3345,9,369,0.287011981010437
3346,9,370,0.2490914762020111
3347,9,371,0.29892468452453613
3348,9,372,0.29657161235809326
3349,10,1,0.2831627428531647
3350,10,2,0.2967420220375061
3351,10,3,0.26225680112838745
3352,10,4,0.30334609746932983
3353,10,5,0.2998904287815094
3354,10,6,0.2748660743236542
3355,10,7,0.31006747484207153
3356,10,8,0.28099822998046875
3357,10,9,0.36096417903900146
3358,10,10,0.3449711203575134
3359,10,11,0.26665976643562317
3360,10,12,0.2617693543434143
3361,10,13,0.36290067434310913
3362,10,14,0.2724282741546631
3363,10,15,0.3318985104560852
3364,10,16,0.3346601724624634
3365,10,17,0.2555595636367798
3366,10,18,0.30237850546836853
3367,10,19,0.2800176739692688
3368,10,20,0.29004305601119995
3369,10,21,0.28043946623802185
3370,10,22,0.286172479391098
3371,10,23,0.2703339755535126
3372,10,24,0.25869542360305786
3373,10,25,0.3057321608066559
3374,10,26,0.2787156105041504
3375,10,27,0.28373318910598755
3376,10,28,0.3671559691429138
3377,10,29,0.23351791501045227
3378,10,30,0.24262301623821259
3379,10,31,0.3380777835845947
3380,10,32,0.2660204768180847
3381,10,33,0.32578715682029724
3382,10,34,0.322662889957428
3383,10,35,0.3228582739830017
3384,10,36,0.3075518012046814
3385,10,37,0.2683432698249817
3386,10,38,0.2496819943189621
3387,10,39,0.24639718234539032
3388,10,40,0.27611392736434937
3389,10,41,0.2813524305820465
3390,10,42,0.24077585339546204
3391,10,43,0.2750435471534729
3392,10,44,0.2687664031982422
3393,10,45,0.2843805253505707
3394,10,46,0.3122580647468567
3395,10,47,0.2521789073944092
3396,10,48,0.24827483296394348
3397,10,49,0.2586899399757385
3398,10,50,0.28212112188339233
3399,10,51,0.29456812143325806
3400,10,52,0.26623594760894775
3401,10,53,0.3184467852115631
3402,10,54,0.29936346411705017
3403,10,55,0.30394411087036133
3404,10,56,0.3296871781349182
3405,10,57,0.2808857858181
3406,10,58,0.3034440577030182
3407,10,59,0.27851587533950806
3408,10,60,0.2589035630226135
3409,10,61,0.29639798402786255
3410,10,62,0.4816252291202545
3411,10,63,0.2816779315471649
3412,10,64,0.38734719157218933
3413,10,65,0.36666080355644226
3414,10,66,0.31793099641799927
3415,10,67,0.2873724102973938
3416,10,68,0.4091579020023346
3417,10,69,0.403519868850708
3418,10,70,0.3071642220020294
3419,10,71,0.24107511341571808
3420,10,72,0.26838749647140503
3421,10,73,0.2580302655696869
3422,10,74,0.24296541512012482
3423,10,75,0.25707361102104187
3424,10,76,0.24809618294239044
3425,10,77,0.2881062626838684
3426,10,78,0.2544398605823517
3427,10,79,0.25798356533050537
3428,10,80,0.2855573296546936
3429,10,81,0.2669519782066345
3430,10,82,0.2897561192512512
3431,10,83,0.3084041178226471
3432,10,84,0.2551596462726593
3433,10,85,0.30103883147239685
3434,10,86,0.24078765511512756
3435,10,87,0.24705037474632263
3436,10,88,0.23661155998706818
3437,10,89,0.2549760043621063
3438,10,90,0.27275222539901733
3439,10,91,0.23756499588489532
3440,10,92,0.2990397810935974
3441,10,93,0.2739781439304352
3442,10,94,0.27703678607940674
3443,10,95,0.30511945486068726
3444,10,96,0.2999948263168335
3445,10,97,0.3107174038887024
3446,10,98,0.3073124289512634
3447,10,99,0.2957861125469208
3448,10,100,0.3251151740550995
3449,10,101,0.47780147194862366
3450,10,102,0.2617013454437256
3451,10,103,0.28390660881996155
3452,10,104,0.3099420964717865
3453,10,105,0.5038143992424011
3454,10,106,0.4089433550834656
3455,10,107,0.24724802374839783
3456,10,108,0.2683340907096863
3457,10,109,0.29007530212402344
3458,10,110,0.2918400764465332
3459,10,111,0.32612836360931396
3460,10,112,0.2873140573501587
3461,10,113,0.3194888234138489
3462,10,114,0.29980435967445374
3463,10,115,0.32882755994796753
3464,10,116,0.28203198313713074
3465,10,117,0.27603837847709656
3466,10,118,0.25091010332107544
3467,10,119,0.2762957811355591
3468,10,120,0.25354570150375366
3469,10,121,0.30643773078918457
3470,10,122,0.2991207540035248
3471,10,123,0.29463422298431396
3472,10,124,0.29902634024620056
3473,10,125,0.30270475149154663
3474,10,126,0.2938689589500427
3475,10,127,0.3289964199066162
3476,10,128,0.2878919243812561
3477,10,129,0.31303319334983826
3478,10,130,0.26371681690216064
3479,10,131,0.2533527612686157
3480,10,132,0.329649955034256
3481,10,133,0.22687514126300812
3482,10,134,0.28954142332077026
3483,10,135,0.3954791724681854
3484,10,136,0.2998705208301544
3485,10,137,0.5094252228736877
3486,10,138,0.2567117214202881
3487,10,139,0.3700924813747406
3488,10,140,0.3261801600456238
3489,10,141,0.3131245970726013
3490,10,142,0.28124362230300903
3491,10,143,0.30644211173057556
3492,10,144,0.2852485179901123
3493,10,145,0.2706342339515686
3494,10,146,0.29442715644836426
3495,10,147,0.24216444790363312
3496,10,148,0.2524920105934143
3497,10,149,0.2648739516735077
3498,10,150,0.272179514169693
3499,10,151,0.3144058287143707
3500,10,152,0.28129464387893677
3501,10,153,0.48901018500328064
3502,10,154,0.23792079091072083
3503,10,155,0.2871547341346741
3504,10,156,0.26075708866119385
3505,10,157,0.2349899262189865
3506,10,158,0.32239317893981934
3507,10,159,0.3047034442424774
3508,10,160,0.23961162567138672
3509,10,161,0.2583540976047516
3510,10,162,0.21875698864459991
3511,10,163,0.2625526785850525
3512,10,164,0.2586910128593445
3513,10,165,0.33788761496543884
3514,10,166,0.2531788945198059
3515,10,167,0.27059081196784973
3516,10,168,0.2711687684059143
3517,10,169,0.30189985036849976
3518,10,170,0.32014158368110657
3519,10,171,0.33085575699806213
3520,10,172,0.30134227871894836
3521,10,173,0.5008872747421265
3522,10,174,0.39621567726135254
3523,10,175,0.2597825825214386
3524,10,176,0.24208977818489075
3525,10,177,0.2962051033973694
3526,10,178,0.2729724049568176
3527,10,179,0.23302321135997772
3528,10,180,0.30622074007987976
3529,10,181,0.2772238552570343
3530,10,182,0.24343809485435486
3531,10,183,0.3654368817806244
3532,10,184,0.24351361393928528
3533,10,185,0.27890628576278687
3534,10,186,0.38399553298950195
3535,10,187,0.26775187253952026
3536,10,188,0.3068455457687378
3537,10,189,0.23273757100105286
3538,10,190,0.27289026975631714
3539,10,191,0.2678025960922241
3540,10,192,0.35541844367980957
3541,10,193,0.2974967360496521
3542,10,194,0.24435143172740936
3543,10,195,0.28200483322143555
3544,10,196,0.22870668768882751
3545,10,197,0.32988685369491577
3546,10,198,0.3133774399757385
3547,10,199,0.22257497906684875
3548,10,200,0.22196094691753387
3549,10,201,0.26314499974250793
3550,10,202,0.3061911165714264
3551,10,203,0.3104797601699829
3552,10,204,0.2694845199584961
3553,10,205,0.24291065335273743
3554,10,206,0.23624379932880402
3555,10,207,0.2804928123950958
3556,10,208,0.29023951292037964
3557,10,209,0.2827540636062622
3558,10,210,0.2585381865501404
3559,10,211,0.24253027141094208
3560,10,212,0.3018176853656769
3561,10,213,0.33474570512771606
3562,10,214,0.30409786105155945
3563,10,215,0.33044886589050293
3564,10,216,0.28725701570510864
3565,10,217,0.3385649025440216
3566,10,218,0.2857831120491028
3567,10,219,0.27376416325569153
3568,10,220,0.2868611216545105
3569,10,221,0.27815669775009155
3570,10,222,0.3209574818611145
3571,10,223,0.2704985737800598
3572,10,224,0.3579956591129303
3573,10,225,0.27579766511917114
3574,10,226,0.27404987812042236
3575,10,227,0.2828673720359802
3576,10,228,0.289908230304718
3577,10,229,0.2752227783203125
3578,10,230,0.2438330203294754
3579,10,231,0.3410988748073578
3580,10,232,0.3447546362876892
3581,10,233,0.27787938714027405
3582,10,234,0.521233320236206
3583,10,235,0.2100202739238739
3584,10,236,0.2919023633003235
3585,10,237,0.2711482346057892
3586,10,238,0.2734390199184418
3587,10,239,0.2816382646560669
3588,10,240,0.28158363699913025
3589,10,241,0.26794102787971497
3590,10,242,0.24636678397655487
3591,10,243,0.3287811875343323
3592,10,244,0.2994990646839142
3593,10,245,0.27110186219215393
3594,10,246,0.2790229916572571
3595,10,247,0.34900352358818054
3596,10,248,0.27522894740104675
3597,10,249,0.28962841629981995
3598,10,250,0.26609671115875244
3599,10,251,0.2796573042869568
3600,10,252,0.29523026943206787
3601,10,253,0.5070055723190308
3602,10,254,0.28802454471588135
3603,10,255,0.294450968503952
3604,10,256,0.5158847570419312
3605,10,257,0.29373544454574585
3606,10,258,0.32618528604507446
3607,10,259,0.28254470229148865
3608,10,260,0.27044063806533813
3609,10,261,0.28674790263175964
3610,10,262,0.26173070073127747
3611,10,263,0.23075155913829803
3612,10,264,0.3095445930957794
3613,10,265,0.3407371938228607
3614,10,266,0.2530190944671631
3615,10,267,0.3004092574119568
3616,10,268,0.2851842939853668
3617,10,269,0.28005194664001465
3618,10,270,0.4508722424507141
3619,10,271,0.32167404890060425
3620,10,272,0.33286136388778687
3621,10,273,0.2550133168697357
3622,10,274,0.2771860659122467
3623,10,275,0.2556861639022827
3624,10,276,0.2829614281654358
3625,10,277,0.2533486783504486
3626,10,278,0.2468896210193634
3627,10,279,0.28786271810531616
3628,10,280,0.2750726044178009
3629,10,281,0.2716323733329773
3630,10,282,0.31414493918418884
3631,10,283,0.30132174491882324
3632,10,284,0.25276389718055725
3633,10,285,0.31117767095565796
3634,10,286,0.32786792516708374
3635,10,287,0.25172552466392517
3636,10,288,0.2534395754337311
3637,10,289,0.3110833764076233
3638,10,290,0.2347123622894287
3639,10,291,0.34124964475631714
3640,10,292,0.23277845978736877
3641,10,293,0.2690233588218689
3642,10,294,0.3160589337348938
3643,10,295,0.3153756260871887
3644,10,296,0.31896960735321045
3645,10,297,0.25456494092941284
3646,10,298,0.35806968808174133
3647,10,299,0.30507493019104004
3648,10,300,0.25269144773483276
3649,10,301,0.2546299695968628
3650,10,302,0.3055901825428009
3651,10,303,0.2846110463142395
3652,10,304,0.2891994118690491
3653,10,305,0.29490047693252563
3654,10,306,0.23780226707458496
3655,10,307,0.3245697319507599
3656,10,308,0.26339253783226013
3657,10,309,0.2728598713874817
3658,10,310,0.2805178761482239
3659,10,311,0.31942814588546753
3660,10,312,0.21848082542419434
3661,10,313,0.2599295973777771
3662,10,314,0.2611445486545563
3663,10,315,0.2700366675853729
3664,10,316,0.36247414350509644
3665,10,317,0.2540544867515564
3666,10,318,0.24873514473438263
3667,10,319,0.29320022463798523
3668,10,320,0.2584351599216461
3669,10,321,0.2816705107688904
3670,10,322,0.3003811240196228
3671,10,323,0.30245453119277954
3672,10,324,0.2411222755908966
3673,10,325,0.2719421982765198
3674,10,326,0.3008976876735687
3675,10,327,0.25794655084609985
3676,10,328,0.3238092064857483
3677,10,329,0.3164752423763275
3678,10,330,0.23432926833629608
3679,10,331,0.26619967818260193
3680,10,332,0.5652961730957031
3681,10,333,0.3575640320777893
3682,10,334,0.23541057109832764
3683,10,335,0.2332903891801834
3684,10,336,0.29387524724006653
3685,10,337,0.2627212405204773
3686,10,338,0.23914799094200134
3687,10,339,0.29121294617652893
3688,10,340,0.23655013740062714
3689,10,341,0.33722883462905884
3690,10,342,0.31156960129737854
3691,10,343,0.3740852475166321
3692,10,344,0.23558390140533447
3693,10,345,0.2677411437034607
3694,10,346,0.2595025599002838
3695,10,347,0.26683372259140015
3696,10,348,0.23893193900585175
3697,10,349,0.3242926001548767
3698,10,350,0.2687498927116394
3699,10,351,0.3202074468135834
3700,10,352,0.2824663519859314
3701,10,353,0.24128463864326477
3702,10,354,0.3687764108181
3703,10,355,0.26221638917922974
3704,10,356,0.259183794260025
3705,10,357,0.21223345398902893
3706,10,358,0.23864340782165527
3707,10,359,0.25970733165740967
3708,10,360,0.24884216487407684
3709,10,361,0.267800509929657
3710,10,362,0.2729891538619995
3711,10,363,0.4010844826698303
3712,10,364,0.2259678840637207
3713,10,365,0.31093981862068176
3714,10,366,0.26646843552589417
3715,10,367,0.29510512948036194
3716,10,368,0.2948755919933319
3717,10,369,0.30086570978164673
3718,10,370,0.2647554278373718
3719,10,371,0.3218402862548828
3720,10,372,0.23902280628681183
