global_step,epoch,batch,train_loss
1,1,1,3.255326747894287
2,1,2,3.1049067974090576
3,1,3,3.011685848236084
4,1,4,2.975498676300049
5,1,5,2.836291790008545
6,1,6,2.779151201248169
7,1,7,2.668395519256592
8,1,8,2.6061348915100098
9,1,9,2.5547804832458496
10,1,10,2.4925148487091064
11,1,11,2.402505874633789
12,1,12,2.3844921588897705
13,1,13,2.318171977996826
14,1,14,2.3358445167541504
15,1,15,2.2548060417175293
16,1,16,2.1282033920288086
17,1,17,2.0952658653259277
18,1,18,2.0436887741088867
19,1,19,1.959479570388794
20,1,20,1.9515917301177979
21,1,21,1.816967248916626
22,1,22,1.7938305139541626
23,1,23,1.8101571798324585
24,1,24,1.6957206726074219
25,1,25,1.825858473777771
26,1,26,1.7829138040542603
27,1,27,1.6612625122070312
28,1,28,1.6670036315917969
29,1,29,1.5227280855178833
30,1,30,1.7065761089324951
31,1,31,1.5947153568267822
32,1,32,1.6455472707748413
33,1,33,1.5818538665771484
34,1,34,1.4948209524154663
35,1,35,1.5254147052764893
36,1,36,1.4680044651031494
37,1,37,1.38518488407135
38,1,38,1.4160162210464478
39,1,39,1.3794758319854736
40,1,40,1.4495906829833984
41,1,41,1.4200538396835327
42,1,42,1.3408113718032837
43,1,43,1.3050506114959717
44,1,44,1.1315521001815796
45,1,45,1.2923725843429565
46,1,46,1.1925239562988281
47,1,47,1.220268964767456
48,1,48,1.2116714715957642
49,1,49,1.2346092462539673
50,1,50,1.1868336200714111
51,1,51,1.1715188026428223
52,1,52,1.100405216217041
53,1,53,1.2228590250015259
54,1,54,1.120103120803833
55,1,55,1.0968073606491089
56,1,56,1.3138997554779053
57,1,57,0.977532684803009
58,1,58,1.0557057857513428
59,1,59,1.2055892944335938
60,1,60,1.3827197551727295
61,1,61,1.1094248294830322
62,1,62,0.9990860819816589
63,1,63,1.1043908596038818
64,1,64,1.0274238586425781
65,1,65,1.0517654418945312
66,1,66,0.9749609231948853
67,1,67,1.0625805854797363
68,1,68,1.088200330734253
69,1,69,0.9775649309158325
70,1,70,0.8686105012893677
71,1,71,0.918539822101593
72,1,72,1.0430793762207031
73,1,73,0.9651999473571777
74,1,74,0.8725587129592896
75,1,75,1.0895843505859375
76,1,76,0.9084597826004028
77,1,77,0.829399585723877
78,1,78,0.8300213813781738
79,1,79,0.8026094436645508
80,1,80,0.7923824191093445
81,1,81,0.8112982511520386
82,1,82,0.8703973889350891
83,1,83,0.9429171681404114
84,1,84,0.7964861989021301
85,1,85,0.9904419183731079
86,1,86,0.8033045530319214
87,1,87,0.8447204828262329
88,1,88,0.8683174252510071
89,1,89,0.809208869934082
90,1,90,0.8650053143501282
91,1,91,0.8299428820610046
92,1,92,0.7955840826034546
93,1,93,0.8665584325790405
94,1,94,0.7070319056510925
95,1,95,0.8075132369995117
96,1,96,0.7877467274665833
97,1,97,0.8075316548347473
98,1,98,0.8730379939079285
99,1,99,0.8291196823120117
100,1,100,0.8949101567268372
101,1,101,0.787063479423523
102,1,102,0.7599207162857056
103,1,103,0.8447021245956421
104,1,104,0.7374953031539917
105,1,105,0.6781156659126282
106,1,106,0.9453852772712708
107,1,107,0.7213715314865112
108,1,108,0.779554009437561
109,1,109,0.7226754426956177
110,1,110,0.681912362575531
111,1,111,0.7821018695831299
112,1,112,0.6381932497024536
113,1,113,0.6881751418113708
114,1,114,0.8351640701293945
115,1,115,0.6219094395637512
116,1,116,0.7242928147315979
117,1,117,0.7304573059082031
118,1,118,0.6906983852386475
119,1,119,0.7071088552474976
120,1,120,0.6877234578132629
121,1,121,0.7344974279403687
122,1,122,0.6750579476356506
123,1,123,0.7868112921714783
124,1,124,0.7971571683883667
125,1,125,0.6917487382888794
126,1,126,0.5785892009735107
127,1,127,0.7498722672462463
128,1,128,0.7227524518966675
129,1,129,0.6377555131912231
130,1,130,0.7146973013877869
131,1,131,0.6743060350418091
132,1,132,0.7014968991279602
133,1,133,0.6957530975341797
134,1,134,0.7879717946052551
135,1,135,0.6302271485328674
136,1,136,0.6543331146240234
137,1,137,0.6316227316856384
138,1,138,0.6192610859870911
139,1,139,0.6622331142425537
140,1,140,0.6625363230705261
141,1,141,0.7322266101837158
142,1,142,0.692592442035675
143,1,143,0.6847308278083801
144,1,144,0.6478525400161743
145,1,145,0.7690675854682922
146,1,146,0.6108213067054749
147,1,147,0.6218229532241821
148,1,148,0.691078245639801
149,1,149,0.7928729057312012
150,1,150,0.7066056132316589
151,1,151,0.6329266428947449
152,1,152,0.7972294092178345
153,1,153,0.6695231199264526
154,1,154,0.6636430621147156
155,1,155,0.7196717858314514
156,1,156,0.6474582552909851
157,1,157,0.6320403218269348
158,1,158,0.7106388807296753
159,1,159,1.0348044633865356
160,1,160,0.6517270803451538
161,1,161,0.6362099051475525
162,1,162,0.5937594771385193
163,1,163,0.6438193321228027
164,1,164,0.7157397270202637
165,1,165,0.679477334022522
166,1,166,0.755837619304657
167,1,167,0.6382626891136169
168,1,168,0.8577253222465515
169,1,169,0.6545659303665161
170,1,170,0.6205230951309204
171,1,171,0.6249489784240723
172,1,172,0.5418614745140076
173,1,173,0.573670506477356
174,1,174,0.5531772375106812
175,1,175,0.7259728312492371
176,1,176,0.5253945589065552
177,1,177,0.6304067373275757
178,1,178,0.5003587007522583
179,1,179,0.5879632830619812
180,1,180,0.5211015939712524
181,1,181,0.6035089492797852
182,1,182,0.4824490547180176
183,1,183,0.6241697072982788
184,1,184,0.5828465223312378
185,1,185,0.5880699753761292
186,1,186,0.5753275752067566
187,1,187,0.49859848618507385
188,1,188,0.5263601541519165
189,1,189,0.648445725440979
190,1,190,0.5985079407691956
191,1,191,0.5034211874008179
192,1,192,0.527250349521637
193,1,193,0.5461746454238892
194,1,194,0.5487442016601562
195,1,195,0.6100090146064758
196,1,196,0.5359376072883606
197,1,197,0.6776723265647888
198,1,198,0.6107033491134644
199,1,199,0.7767325639724731
200,1,200,0.5233477354049683
201,1,201,0.44184327125549316
202,1,202,0.5754019021987915
203,1,203,0.6093555688858032
204,1,204,0.5555593967437744
205,1,205,0.566990852355957
206,1,206,0.5545419454574585
207,1,207,0.6303855776786804
208,1,208,0.5180382132530212
209,1,209,0.47052717208862305
210,1,210,0.5708897709846497
211,1,211,0.9031314849853516
212,1,212,0.5996785759925842
213,1,213,0.4974737763404846
214,1,214,0.6197030544281006
215,1,215,0.5513931512832642
216,1,216,0.5498588681221008
217,1,217,0.5846750140190125
218,1,218,0.5841490626335144
219,1,219,0.49629148840904236
220,1,220,0.4688343107700348
221,1,221,0.5088152885437012
222,1,222,0.550696074962616
223,1,223,0.5031887292861938
224,1,224,0.5095977187156677
225,1,225,0.6270544528961182
226,1,226,0.5223563313484192
227,1,227,0.5373036861419678
228,1,228,0.525519073009491
229,1,229,0.5090382695198059
230,1,230,0.7082965970039368
231,1,231,0.5262917876243591
232,1,232,0.5043829679489136
233,1,233,0.6121129393577576
234,1,234,0.526729941368103
235,1,235,0.4912094175815582
236,1,236,0.4605930745601654
237,1,237,0.41952913999557495
238,1,238,0.5406021475791931
239,1,239,0.49446672201156616
240,1,240,0.4997595250606537
241,1,241,0.460784912109375
242,1,242,0.5821373462677002
243,1,243,0.48991236090660095
244,1,244,0.4750102460384369
245,1,245,0.4496740400791168
246,1,246,0.5033648014068604
247,1,247,0.43432822823524475
248,1,248,0.4383001923561096
249,1,249,0.45706263184547424
250,1,250,0.5120004415512085
251,1,251,0.5979196429252625
252,1,252,0.46014705300331116
253,1,253,0.4868386685848236
254,1,254,0.5936557054519653
255,1,255,0.5497967600822449
256,1,256,0.42452430725097656
257,1,257,0.47786617279052734
258,1,258,0.7106918096542358
259,1,259,0.5473412871360779
260,1,260,0.6148014068603516
261,1,261,0.53382807970047
262,1,262,0.4721238613128662
263,1,263,0.521107017993927
264,1,264,0.5278064608573914
265,1,265,0.3981866240501404
266,1,266,0.4609810709953308
267,1,267,0.5595589876174927
268,1,268,0.4870988428592682
269,1,269,0.40630584955215454
270,1,270,0.47800207138061523
271,1,271,0.5645233988761902
272,1,272,0.5034320950508118
273,1,273,0.5027823448181152
274,1,274,0.402446985244751
275,1,275,0.5545610189437866
276,1,276,0.3940652906894684
277,1,277,0.4803507328033447
278,1,278,0.3565441966056824
279,1,279,0.41072478890419006
280,1,280,0.4740585386753082
281,1,281,0.4558475911617279
282,1,282,0.5548775792121887
283,1,283,0.3653694987297058
284,1,284,0.5962367057800293
285,1,285,0.42860954999923706
286,1,286,0.4105309545993805
287,1,287,0.45974406599998474
288,1,288,0.5219184160232544
289,1,289,0.4923335015773773
290,1,290,0.41745489835739136
291,1,291,0.40739598870277405
292,1,292,0.5212253332138062
293,1,293,0.4084700644016266
294,1,294,0.4214462637901306
295,1,295,0.3968501091003418
296,1,296,0.4490603506565094
297,1,297,0.42664021253585815
298,1,298,0.5419241189956665
299,1,299,0.6190468668937683
300,1,300,0.39823710918426514
301,1,301,0.4673912525177002
302,1,302,0.4741644263267517
303,1,303,0.8097610473632812
304,1,304,0.36597076058387756
305,1,305,0.4937642216682434
306,1,306,0.3912736177444458
307,1,307,0.3771646320819855
308,1,308,0.4121455252170563
309,1,309,0.361983984708786
310,1,310,0.37927308678627014
311,1,311,0.48323315382003784
312,1,312,0.4342735707759857
313,1,313,0.42904502153396606
314,1,314,0.43375054001808167
315,1,315,0.4318850636482239
316,1,316,0.6697001457214355
317,1,317,0.5068440437316895
318,1,318,0.5381216406822205
319,1,319,0.5646661520004272
320,1,320,0.3920326828956604
321,1,321,0.5735293030738831
322,1,322,0.47825461626052856
323,1,323,0.42367538809776306
324,1,324,0.38259708881378174
325,1,325,0.44990772008895874
326,1,326,0.4199562072753906
327,1,327,0.4052760601043701
328,1,328,0.4454469680786133
329,1,329,0.5292767286300659
330,1,330,0.3698588013648987
331,1,331,0.422610342502594
332,1,332,0.40982586145401
333,1,333,0.4316011369228363
334,1,334,0.38878482580184937
335,1,335,0.460033118724823
336,1,336,0.5593444108963013
337,1,337,0.3891640603542328
338,1,338,0.4114181101322174
339,1,339,0.5599168539047241
340,1,340,0.3504815697669983
341,1,341,0.4675988256931305
342,1,342,0.4318932592868805
343,1,343,0.4099608063697815
344,1,344,0.4159243702888489
345,1,345,0.4075995981693268
346,1,346,0.44246038794517517
347,1,347,0.3947719633579254
348,1,348,0.48938456177711487
349,1,349,0.4193393588066101
350,1,350,0.3724465072154999
351,1,351,0.3695564866065979
352,1,352,0.3736991584300995
353,1,353,0.36811041831970215
354,1,354,0.39055970311164856
355,1,355,0.3718113303184509
356,1,356,0.3996136784553528
357,1,357,0.5493770837783813
358,1,358,0.39686042070388794
359,1,359,0.44990453124046326
360,1,360,0.37750640511512756
361,1,361,0.37175750732421875
362,1,362,0.4850122928619385
363,1,363,0.4199942946434021
364,1,364,0.5187022089958191
365,1,365,0.4261797368526459
366,1,366,0.411782830953598
367,1,367,0.3808336853981018
368,1,368,0.36453214287757874
369,1,369,0.38982582092285156
370,1,370,0.35914820432662964
371,1,371,0.40889230370521545
372,1,372,0.3922981917858124
373,2,1,0.3722991347312927
374,2,2,0.5079785585403442
375,2,3,0.378165066242218
376,2,4,0.419175386428833
377,2,5,0.37318676710128784
378,2,6,0.41594964265823364
379,2,7,0.34165871143341064
380,2,8,0.3133256137371063
381,2,9,0.38646405935287476
382,2,10,0.4182890057563782
383,2,11,0.3781864047050476
384,2,12,0.32902830839157104
385,2,13,0.3328430950641632
386,2,14,0.42278608679771423
387,2,15,0.38179653882980347
388,2,16,0.381583034992218
389,2,17,0.4439535140991211
390,2,18,0.41648030281066895
391,2,19,0.38703691959381104
392,2,20,0.4007345139980316
393,2,21,0.35891130566596985
394,2,22,0.40581321716308594
395,2,23,0.6801342964172363
396,2,24,0.4379952847957611
397,2,25,0.3437409996986389
398,2,26,0.4051752984523773
399,2,27,0.48812323808670044
400,2,28,0.3201518654823303
401,2,29,0.37652331590652466
402,2,30,0.4298371374607086
403,2,31,0.3705056309700012
404,2,32,0.45705896615982056
405,2,33,0.6993650197982788
406,2,34,0.40189653635025024
407,2,35,0.3857628107070923
408,2,36,0.3909274935722351
409,2,37,0.3000616431236267
410,2,38,0.39540043473243713
411,2,39,0.8509189486503601
412,2,40,0.3929179012775421
413,2,41,0.3699166774749756
414,2,42,0.38699471950531006
415,2,43,0.4496387839317322
416,2,44,0.36634549498558044
417,2,45,0.3615270256996155
418,2,46,0.36635321378707886
419,2,47,0.7668725848197937
420,2,48,0.5219507217407227
421,2,49,0.34533950686454773
422,2,50,0.33324524760246277
423,2,51,0.3565634489059448
424,2,52,0.35330790281295776
425,2,53,0.43422597646713257
426,2,54,0.38013404607772827
427,2,55,0.3537462055683136
428,2,56,0.3092879354953766
429,2,57,0.2970319390296936
430,2,58,0.38747483491897583
431,2,59,0.3866642713546753
432,2,60,0.5451434850692749
433,2,61,0.4074134826660156
434,2,62,0.34995517134666443
435,2,63,0.36892184615135193
436,2,64,0.41254109144210815
437,2,65,0.3193304240703583
438,2,66,0.3375473618507385
439,2,67,0.310298353433609
440,2,68,0.35189688205718994
441,2,69,0.31578806042671204
442,2,70,0.4736529290676117
443,2,71,0.37563425302505493
444,2,72,0.4253615736961365
445,2,73,0.3202053904533386
446,2,74,0.30519670248031616
447,2,75,0.4467436671257019
448,2,76,0.401223748922348
449,2,77,0.41652846336364746
450,2,78,0.3570626676082611
451,2,79,0.29505467414855957
452,2,80,0.36689436435699463
453,2,81,0.34370237588882446
454,2,82,0.3368096649646759
455,2,83,0.40887969732284546
456,2,84,0.3354797661304474
457,2,85,0.3289406895637512
458,2,86,0.36314651370048523
459,2,87,0.367176353931427
460,2,88,0.35443219542503357
461,2,89,0.3906800150871277
462,2,90,0.4713260531425476
463,2,91,0.3312627673149109
464,2,92,0.3523324728012085
465,2,93,0.33033108711242676
466,2,94,0.3088679909706116
467,2,95,0.31817126274108887
468,2,96,0.32967957854270935
469,2,97,0.3225165605545044
470,2,98,0.3653140664100647
471,2,99,0.35358816385269165
472,2,100,0.32349973917007446
473,2,101,0.3617367446422577
474,2,102,0.3037862777709961
475,2,103,0.30062538385391235
476,2,104,0.4238000810146332
477,2,105,0.3383345901966095
478,2,106,0.34541526436805725
479,2,107,0.3807944357395172
480,2,108,0.32240384817123413
481,2,109,0.45875945687294006
482,2,110,0.30698198080062866
483,2,111,0.7063941359519958
484,2,112,0.4175317883491516
485,2,113,0.30380234122276306
486,2,114,0.37377065420150757
487,2,115,0.3848651647567749
488,2,116,0.31166523694992065
489,2,117,0.3608553111553192
490,2,118,0.4439515471458435
491,2,119,0.32665497064590454
492,2,120,0.32227692008018494
493,2,121,0.3602150082588196
494,2,122,0.32221925258636475
495,2,123,0.3519818186759949
496,2,124,0.41363921761512756
497,2,125,0.3391619622707367
498,2,126,0.39574047923088074
499,2,127,0.34098413586616516
500,2,128,0.2808469235897064
501,2,129,0.2884782552719116
502,2,130,0.30365458130836487
503,2,131,0.36349251866340637
504,2,132,0.3256220817565918
505,2,133,0.4182187020778656
506,2,134,0.282469779253006
507,2,135,0.32345861196517944
508,2,136,0.33509236574172974
509,2,137,0.3603558838367462
510,2,138,0.3170669972896576
511,2,139,0.37441468238830566
512,2,140,0.3969140946865082
513,2,141,0.39103880524635315
514,2,142,0.40018922090530396
515,2,143,0.310773104429245
516,2,144,0.3417339324951172
517,2,145,0.33868664503097534
518,2,146,0.3350600004196167
519,2,147,0.3630296587944031
520,2,148,0.7101865410804749
521,2,149,0.37785953283309937
522,2,150,0.32042503356933594
523,2,151,0.3674066662788391
524,2,152,0.36067238450050354
525,2,153,0.5310266017913818
526,2,154,0.390997976064682
527,2,155,0.3419477939605713
528,2,156,0.3155062794685364
529,2,157,0.32734325528144836
530,2,158,0.2775515913963318
531,2,159,0.3353562653064728
532,2,160,0.2816837728023529
533,2,161,0.4135587811470032
534,2,162,0.3549196124076843
535,2,163,0.3659794330596924
536,2,164,0.34836041927337646
537,2,165,0.4666334092617035
538,2,166,0.34361985325813293
539,2,167,0.3475055396556854
540,2,168,0.4211840033531189
541,2,169,0.4042489528656006
542,2,170,0.3523547649383545
543,2,171,0.31554675102233887
544,2,172,0.32642021775245667
545,2,173,0.3189942240715027
546,2,174,0.30381473898887634
547,2,175,0.3018077313899994
548,2,176,0.35140350461006165
549,2,177,0.3435788154602051
550,2,178,0.3288206458091736
551,2,179,0.3985361158847809
552,2,180,0.3762945532798767
553,2,181,0.3669659495353699
554,2,182,0.5184869170188904
555,2,183,0.35702401399612427
556,2,184,0.4616619050502777
557,2,185,0.466566801071167
558,2,186,0.3533324599266052
559,2,187,0.30431658029556274
560,2,188,0.2837487757205963
561,2,189,0.3488747179508209
562,2,190,0.2778994143009186
563,2,191,0.3685927987098694
564,2,192,0.32084977626800537
565,2,193,0.28545302152633667
566,2,194,0.32220375537872314
567,2,195,0.3948870897293091
568,2,196,0.3606228232383728
569,2,197,0.34624019265174866
570,2,198,0.3255549669265747
571,2,199,0.3025628924369812
572,2,200,0.2692721486091614
573,2,201,0.4061849117279053
574,2,202,0.667690634727478
575,2,203,0.6339764595031738
576,2,204,0.2848413586616516
577,2,205,0.312874436378479
578,2,206,0.3188835382461548
579,2,207,0.3627789616584778
580,2,208,0.3415144979953766
581,2,209,0.3401198983192444
582,2,210,0.32241934537887573
583,2,211,0.3602171540260315
584,2,212,0.2960143983364105
585,2,213,0.3581060767173767
586,2,214,0.3374249339103699
587,2,215,0.3704236149787903
588,2,216,0.29994335770606995
589,2,217,0.3463819921016693
590,2,218,0.33904218673706055
591,2,219,0.4225838780403137
592,2,220,0.2976771891117096
593,2,221,0.32333117723464966
594,2,222,0.29556217789649963
595,2,223,0.297654390335083
596,2,224,0.2778897285461426
597,2,225,0.3044556975364685
598,2,226,0.5248651504516602
599,2,227,0.40015149116516113
600,2,228,0.5921610593795776
601,2,229,0.3439050614833832
602,2,230,0.2868403494358063
603,2,231,0.31948843598365784
604,2,232,0.3284556269645691
605,2,233,0.3059466779232025
606,2,234,0.36240947246551514
607,2,235,0.2942647337913513
608,2,236,0.28537362813949585
609,2,237,0.3608892560005188
610,2,238,0.30338630080223083
611,2,239,0.2916281819343567
612,2,240,0.339461088180542
613,2,241,0.3267655670642853
614,2,242,0.402604877948761
615,2,243,0.2697005867958069
616,2,244,0.31242331862449646
617,2,245,0.3159465789794922
618,2,246,0.258647084236145
619,2,247,0.3352782130241394
620,2,248,0.3540717661380768
621,2,249,0.27724677324295044
622,2,250,0.31659477949142456
623,2,251,0.27888309955596924
624,2,252,0.3377479016780853
625,2,253,0.3085824251174927
626,2,254,0.33458492159843445
627,2,255,0.2610917091369629
628,2,256,0.2810266613960266
629,2,257,0.31739792227745056
630,2,258,0.3332074284553528
631,2,259,0.41356438398361206
632,2,260,0.2535189390182495
633,2,261,0.2692563533782959
634,2,262,0.2821725606918335
635,2,263,0.31032970547676086
636,2,264,0.30713096261024475
637,2,265,0.27672648429870605
638,2,266,0.35946035385131836
639,2,267,0.2462969571352005
640,2,268,0.41591373085975647
641,2,269,0.2963198125362396
642,2,270,0.30168387293815613
643,2,271,0.3534744679927826
644,2,272,0.3128232955932617
645,2,273,0.3113793134689331
646,2,274,0.2975608706474304
647,2,275,0.30839815735816956
648,2,276,0.28584617376327515
649,2,277,0.33852618932724
650,2,278,0.39387327432632446
651,2,279,0.31595972180366516
652,2,280,0.3291948735713959
653,2,281,0.28150078654289246
654,2,282,0.2886594831943512
655,2,283,0.2976720929145813
656,2,284,0.33902809023857117
657,2,285,0.3402406573295593
658,2,286,0.2824668884277344
659,2,287,0.3388795256614685
660,2,288,0.3095895051956177
661,2,289,0.28486037254333496
662,2,290,0.3374847173690796
663,2,291,0.32380566000938416
664,2,292,0.30179134011268616
665,2,293,0.2851587235927582
666,2,294,0.25708773732185364
667,2,295,0.3713958263397217
668,2,296,0.362798810005188
669,2,297,0.3329029679298401
670,2,298,0.27825412154197693
671,2,299,0.3019970655441284
672,2,300,0.4804465174674988
673,2,301,0.3318358063697815
674,2,302,0.27620458602905273
675,2,303,0.3037567436695099
676,2,304,0.26958566904067993
677,2,305,0.2553371787071228
678,2,306,0.2903258204460144
679,2,307,0.3307167887687683
680,2,308,0.20611974596977234
681,2,309,0.301870197057724
682,2,310,0.2882647216320038
683,2,311,0.2856680750846863
684,2,312,0.37975043058395386
685,2,313,0.3112967610359192
686,2,314,0.3628576397895813
687,2,315,0.2717958092689514
688,2,316,0.24567265808582306
689,2,317,0.36731740832328796
690,2,318,0.32333606481552124
691,2,319,0.24976889789104462
692,2,320,0.26445427536964417
693,2,321,0.4141811430454254
694,2,322,0.3324339985847473
695,2,323,0.3664572834968567
696,2,324,0.6327131986618042
697,2,325,0.2563555836677551
698,2,326,0.27946215867996216
699,2,327,0.32493311166763306
700,2,328,0.44211626052856445
701,2,329,0.3197413682937622
702,2,330,0.37698179483413696
703,2,331,0.2384425699710846
704,2,332,0.2618948817253113
705,2,333,0.4782770574092865
706,2,334,0.30140823125839233
707,2,335,0.3108101785182953
708,2,336,0.25667569041252136
709,2,337,0.3409323990345001
710,2,338,0.33054399490356445
711,2,339,0.2296263426542282
712,2,340,0.30797022581100464
713,2,341,0.31422945857048035
714,2,342,0.2577322721481323
715,2,343,0.4267142415046692
716,2,344,0.2821877598762512
717,2,345,0.31216031312942505
718,2,346,0.31182861328125
719,2,347,0.360678106546402
720,2,348,0.26723161339759827
721,2,349,0.34969502687454224
722,2,350,0.34546807408332825
723,2,351,0.31425514817237854
724,2,352,0.28385117650032043
725,2,353,0.24363604187965393
726,2,354,0.3085872530937195
727,2,355,0.33427709341049194
728,2,356,0.3504091501235962
729,2,357,0.2873479127883911
730,2,358,0.3001707196235657
731,2,359,0.2905679941177368
732,2,360,0.28760966658592224
733,2,361,0.2968577742576599
734,2,362,0.3086561858654022
735,2,363,0.339825838804245
736,2,364,0.28261059522628784
737,2,365,0.2999391257762909
738,2,366,0.7180868983268738
739,2,367,0.3346036970615387
740,2,368,0.34935426712036133
741,2,369,0.2628931403160095
742,2,370,0.32672613859176636
743,2,371,0.319775253534317
744,2,372,0.35086387395858765
745,3,1,0.2904626429080963
746,3,2,0.22542016208171844
747,3,3,0.23542961478233337
748,3,4,0.3670967221260071
749,3,5,0.28763824701309204
750,3,6,0.20497873425483704
751,3,7,0.3158102035522461
752,3,8,0.2797006070613861
753,3,9,0.289640873670578
754,3,10,0.29924672842025757
755,3,11,0.3099222779273987
756,3,12,0.2631092071533203
757,3,13,0.26099127531051636
758,3,14,0.2669992744922638
759,3,15,0.20818257331848145
760,3,16,0.598337709903717
761,3,17,0.30914971232414246
762,3,18,0.3006435036659241
763,3,19,0.2695083022117615
764,3,20,0.33343321084976196
765,3,21,0.32262712717056274
766,3,22,0.2279585599899292
767,3,23,0.39545968174934387
768,3,24,0.27434998750686646
769,3,25,0.2646719813346863
770,3,26,0.33829954266548157
771,3,27,0.3308657109737396
772,3,28,0.2622435688972473
773,3,29,0.3935207724571228
774,3,30,0.2147866040468216
775,3,31,0.2706533968448639
776,3,32,0.3157493472099304
777,3,33,0.2978784441947937
778,3,34,0.28138259053230286
779,3,35,0.2933780550956726
780,3,36,0.2700936198234558
781,3,37,0.2526249587535858
782,3,38,0.33174043893814087
783,3,39,0.32532209157943726
784,3,40,0.25913846492767334
785,3,41,0.32098838686943054
786,3,42,0.28833264112472534
787,3,43,0.2692340612411499
788,3,44,0.3292014002799988
789,3,45,0.2865625321865082
790,3,46,0.3209065794944763
791,3,47,0.28199654817581177
792,3,48,0.2636362314224243
793,3,49,0.2650127410888672
794,3,50,0.29187119007110596
795,3,51,0.26243701577186584
796,3,52,0.2813049554824829
797,3,53,0.2443358451128006
798,3,54,0.2878958582878113
799,3,55,0.2678932845592499
800,3,56,0.2688080966472626
801,3,57,0.6419023871421814
802,3,58,0.3229815363883972
803,3,59,0.2372172772884369
804,3,60,0.24782466888427734
805,3,61,0.25036314129829407
806,3,62,0.27733081579208374
807,3,63,0.22713978588581085
808,3,64,0.3092171251773834
809,3,65,0.19689065217971802
810,3,66,0.27154722809791565
811,3,67,0.25965625047683716
812,3,68,0.26275646686553955
813,3,69,0.2596210837364197
814,3,70,0.29419130086898804
815,3,71,0.2638928294181824
816,3,72,0.2524556517601013
817,3,73,0.44726285338401794
818,3,74,0.30217188596725464
819,3,75,0.2743834853172302
820,3,76,0.21198037266731262
821,3,77,0.2821250557899475
822,3,78,0.30408650636672974
823,3,79,0.20048220455646515
824,3,80,0.2426946461200714
825,3,81,0.2662007212638855
826,3,82,0.2928595542907715
827,3,83,0.349092960357666
828,3,84,0.3108685612678528
829,3,85,0.236896350979805
830,3,86,0.23297032713890076
831,3,87,0.2915307283401489
832,3,88,0.26453888416290283
833,3,89,0.2625858783721924
834,3,90,0.34387436509132385
835,3,91,0.3374842703342438
836,3,92,0.23609521985054016
837,3,93,0.35275930166244507
838,3,94,0.24380095303058624
839,3,95,0.31443729996681213
840,3,96,0.5938276052474976
841,3,97,0.25126883387565613
842,3,98,0.26407259702682495
843,3,99,0.26221588253974915
844,3,100,0.26147565245628357
845,3,101,0.34283071756362915
846,3,102,0.26096683740615845
847,3,103,0.2554636597633362
848,3,104,0.24857020378112793
849,3,105,0.2567998766899109
850,3,106,0.32540076971054077
851,3,107,0.2509526312351227
852,3,108,0.2805027961730957
853,3,109,0.25927916169166565
854,3,110,0.31777438521385193
855,3,111,0.22795960307121277
856,3,112,0.21199603378772736
857,3,113,0.2891121506690979
858,3,114,0.2587406635284424
859,3,115,0.29028254747390747
860,3,116,0.29124635457992554
861,3,117,0.26295849680900574
862,3,118,0.23248958587646484
863,3,119,0.44483351707458496
864,3,120,0.25716468691825867
865,3,121,0.4144381582736969
866,3,122,0.26061850786209106
867,3,123,0.26136502623558044
868,3,124,0.27039194107055664
869,3,125,0.2941609025001526
870,3,126,0.25687357783317566
871,3,127,0.31014102697372437
872,3,128,0.2686234414577484
873,3,129,0.23304502665996552
874,3,130,0.20771606266498566
875,3,131,0.2932068705558777
876,3,132,0.30863481760025024
877,3,133,0.252577006816864
878,3,134,0.304353266954422
879,3,135,0.31016868352890015
880,3,136,0.26043999195098877
881,3,137,0.25339555740356445
882,3,138,0.24343526363372803
883,3,139,0.2427091896533966
884,3,140,0.6256274580955505
885,3,141,0.3007304072380066
886,3,142,0.30164217948913574
887,3,143,0.23869633674621582
888,3,144,0.24089749157428741
889,3,145,0.249721959233284
890,3,146,0.303611695766449
891,3,147,0.31062716245651245
892,3,148,0.2712387144565582
893,3,149,0.2127944529056549
894,3,150,0.27778226137161255
895,3,151,0.27924036979675293
896,3,152,0.29516997933387756
897,3,153,0.2440297156572342
898,3,154,0.3294956088066101
899,3,155,0.22803768515586853
900,3,156,0.24956223368644714
901,3,157,0.3033464550971985
902,3,158,0.2069496214389801
903,3,159,0.27707451581954956
904,3,160,0.2786176800727844
905,3,161,0.27699828147888184
906,3,162,0.2672596573829651
907,3,163,0.3141232430934906
908,3,164,0.24263663589954376
909,3,165,0.38854900002479553
910,3,166,0.28361406922340393
911,3,167,0.23406369984149933
912,3,168,0.21510159969329834
913,3,169,0.2510073184967041
914,3,170,0.2486756145954132
915,3,171,0.23714418709278107
916,3,172,0.33771809935569763
917,3,173,0.29696136713027954
918,3,174,0.28860265016555786
919,3,175,0.38112935423851013
920,3,176,0.3515528738498688
921,3,177,0.2582852244377136
922,3,178,0.40109387040138245
923,3,179,0.29673880338668823
924,3,180,0.2517082989215851
925,3,181,0.24295517802238464
926,3,182,0.2663942873477936
927,3,183,0.26405081152915955
928,3,184,0.24995331466197968
929,3,185,0.23412129282951355
930,3,186,0.2725115418434143
931,3,187,0.2862313687801361
932,3,188,0.22698435187339783
933,3,189,0.22531893849372864
934,3,190,0.24434451758861542
935,3,191,0.25674229860305786
936,3,192,0.35985898971557617
937,3,193,0.3326683044433594
938,3,194,0.3097376227378845
939,3,195,0.3019713759422302
940,3,196,0.2158157378435135
941,3,197,0.2330058068037033
942,3,198,0.22047297656536102
943,3,199,0.347929984331131
944,3,200,0.30760160088539124
945,3,201,0.24156005680561066
946,3,202,0.26264533400535583
947,3,203,0.28696751594543457
948,3,204,0.24706006050109863
949,3,205,0.24714401364326477
950,3,206,0.37423354387283325
951,3,207,0.268596351146698
952,3,208,0.2984098792076111
953,3,209,0.2813607454299927
954,3,210,0.2507162392139435
955,3,211,0.24861454963684082
956,3,212,0.1961967647075653
957,3,213,0.2462439090013504
958,3,214,0.22465381026268005
959,3,215,0.22634634375572205
960,3,216,0.22735074162483215
961,3,217,0.2944314479827881
962,3,218,0.2998574376106262
963,3,219,0.21768829226493835
964,3,220,0.19966354966163635
965,3,221,0.3390148878097534
966,3,222,0.20539775490760803
967,3,223,0.28122109174728394
968,3,224,0.2676279544830322
969,3,225,0.2532893717288971
970,3,226,0.7348532676696777
971,3,227,0.30293095111846924
972,3,228,0.3712923526763916
973,3,229,0.22713907063007355
974,3,230,0.2510787546634674
975,3,231,0.252178817987442
976,3,232,0.2814364433288574
977,3,233,0.23250465095043182
978,3,234,0.2932850420475006
979,3,235,0.2094132900238037
980,3,236,0.2630353271961212
981,3,237,0.25246304273605347
982,3,238,0.2936294674873352
983,3,239,0.34878599643707275
984,3,240,0.2972436845302582
985,3,241,0.2534683346748352
986,3,242,0.20646750926971436
987,3,243,0.24601683020591736
988,3,244,0.2240472286939621
989,3,245,0.23978129029273987
990,3,246,0.640509307384491
991,3,247,0.3057187795639038
992,3,248,0.32363617420196533
993,3,249,0.24111759662628174
994,3,250,0.22928781807422638
995,3,251,0.258285254240036
996,3,252,0.30377572774887085
997,3,253,0.28719767928123474
998,3,254,0.2505452334880829
999,3,255,0.3001881539821625
1000,3,256,0.26853570342063904
1001,3,257,0.23852834105491638
1002,3,258,0.2325121909379959
1003,3,259,0.2872765362262726
1004,3,260,0.2436217963695526
1005,3,261,0.2960766851902008
1006,3,262,0.28138741850852966
1007,3,263,0.30246084928512573
1008,3,264,0.2648163437843323
1009,3,265,0.2830139100551605
1010,3,266,0.358307421207428
1011,3,267,0.3218314051628113
1012,3,268,0.2686510980129242
1013,3,269,0.2779214382171631
1014,3,270,0.29769888520240784
1015,3,271,0.2023066282272339
1016,3,272,0.30053919553756714
1017,3,273,0.2863597869873047
1018,3,274,0.3141709268093109
1019,3,275,0.23838937282562256
1020,3,276,0.28374844789505005
1021,3,277,0.2891483008861542
1022,3,278,0.33445024490356445
1023,3,279,0.3155283033847809
1024,3,280,0.2522132098674774
1025,3,281,0.2588709890842438
1026,3,282,0.2749188542366028
1027,3,283,0.26252859830856323
1028,3,284,0.3304349184036255
1029,3,285,0.2926001250743866
1030,3,286,0.3345124125480652
1031,3,287,0.29581111669540405
1032,3,288,0.589338481426239
1033,3,289,0.20516900718212128
1034,3,290,0.2423110008239746
1035,3,291,0.20878872275352478
1036,3,292,0.21708925068378448
1037,3,293,0.2779156267642975
1038,3,294,0.2756545841693878
1039,3,295,0.21486720442771912
1040,3,296,0.2615014910697937
1041,3,297,0.20205473899841309
1042,3,298,0.6462973952293396
1043,3,299,0.3068709969520569
1044,3,300,0.2723533809185028
1045,3,301,0.28360360860824585
1046,3,302,0.2544557750225067
1047,3,303,0.31178927421569824
1048,3,304,0.25253841280937195
1049,3,305,0.3028445541858673
1050,3,306,0.20174431800842285
1051,3,307,0.3086453080177307
1052,3,308,0.42077237367630005
1053,3,309,0.25091272592544556
1054,3,310,0.19860509037971497
1055,3,311,0.25498050451278687
1056,3,312,0.23734045028686523
1057,3,313,0.24823597073554993
1058,3,314,0.26496121287345886
1059,3,315,0.36923760175704956
1060,3,316,0.25150442123413086
1061,3,317,0.28040650486946106
1062,3,318,0.22179266810417175
1063,3,319,0.30525094270706177
1064,3,320,0.23074042797088623
1065,3,321,0.27998030185699463
1066,3,322,0.6106165647506714
1067,3,323,0.5937854051589966
1068,3,324,0.24817216396331787
1069,3,325,0.2451229840517044
1070,3,326,0.2698817849159241
1071,3,327,0.22467848658561707
1072,3,328,0.25244301557540894
1073,3,329,0.22406084835529327
1074,3,330,0.31321248412132263
1075,3,331,0.25052160024642944
1076,3,332,0.3538690507411957
1077,3,333,0.2457587718963623
1078,3,334,0.2548411786556244
1079,3,335,0.23438677191734314
1080,3,336,0.29573002457618713
1081,3,337,0.4118891656398773
1082,3,338,0.27607160806655884
1083,3,339,0.24627792835235596
1084,3,340,0.3020675778388977
1085,3,341,0.3383738696575165
1086,3,342,0.28878241777420044
1087,3,343,0.23142585158348083
1088,3,344,0.2278178185224533
1089,3,345,0.27939939498901367
1090,3,346,0.2289113998413086
1091,3,347,0.22012118995189667
1092,3,348,0.2451113760471344
1093,3,349,0.28373777866363525
1094,3,350,0.23544391989707947
1095,3,351,0.3019149601459503
1096,3,352,0.3624747395515442
1097,3,353,0.2746211886405945
1098,3,354,0.32675909996032715
1099,3,355,0.34446877241134644
1100,3,356,0.24879947304725647
1101,3,357,0.2174592763185501
1102,3,358,0.2783471941947937
1103,3,359,0.31603676080703735
1104,3,360,0.2510053813457489
1105,3,361,0.22152526676654816
1106,3,362,0.279593825340271
1107,3,363,0.3118208646774292
1108,3,364,0.24039307236671448
1109,3,365,0.23984920978546143
1110,3,366,0.2517321705818176
1111,3,367,0.3593119978904724
1112,3,368,0.2055002897977829
1113,3,369,0.6004482507705688
1114,3,370,0.2562111020088196
1115,3,371,0.27531176805496216
1116,3,372,0.23897585272789001
1117,4,1,0.2199724018573761
1118,4,2,0.2194167673587799
1119,4,3,0.30551356077194214
1120,4,4,0.2162189930677414
1121,4,5,0.23742148280143738
1122,4,6,0.25774967670440674
1123,4,7,0.2554648518562317
1124,4,8,0.24137064814567566
1125,4,9,0.21044258773326874
1126,4,10,0.24707286059856415
1127,4,11,0.31944483518600464
1128,4,12,0.20474520325660706
1129,4,13,0.20650339126586914
1130,4,14,0.2557081878185272
1131,4,15,0.21195682883262634
1132,4,16,0.2523277997970581
1133,4,17,0.20948994159698486
1134,4,18,0.24421748518943787
1135,4,19,0.2637280821800232
1136,4,20,0.24444714188575745
1137,4,21,0.2349618673324585
1138,4,22,0.27983689308166504
1139,4,23,0.22919173538684845
1140,4,24,0.1976604461669922
1141,4,25,0.2607313394546509
1142,4,26,0.21406202018260956
1143,4,27,0.213401198387146
1144,4,28,0.23380979895591736
1145,4,29,0.22587087750434875
1146,4,30,0.7063699960708618
1147,4,31,0.25661125779151917
1148,4,32,0.23151607811450958
1149,4,33,0.22726115584373474
1150,4,34,0.23829062283039093
1151,4,35,0.28627896308898926
1152,4,36,0.24456390738487244
1153,4,37,0.29000595211982727
1154,4,38,0.48024362325668335
1155,4,39,0.28536465764045715
1156,4,40,0.20991250872612
1157,4,41,0.22320231795310974
1158,4,42,0.20583529770374298
1159,4,43,0.2673216164112091
1160,4,44,0.24700267612934113
1161,4,45,0.20504331588745117
1162,4,46,0.213246151804924
1163,4,47,0.26263004541397095
1164,4,48,0.22929637134075165
1165,4,49,0.25856417417526245
1166,4,50,0.1978907734155655
1167,4,51,0.2040240317583084
1168,4,52,0.29820001125335693
1169,4,53,0.2229691445827484
1170,4,54,0.22711186110973358
1171,4,55,0.23522552847862244
1172,4,56,0.24105119705200195
1173,4,57,0.2682701647281647
1174,4,58,0.21796855330467224
1175,4,59,0.23121726512908936
1176,4,60,0.26403144001960754
1177,4,61,0.4324708580970764
1178,4,62,0.24353249371051788
1179,4,63,0.21789856255054474
1180,4,64,0.18048110604286194
1181,4,65,0.2502790689468384
1182,4,66,0.2884454131126404
1183,4,67,0.2289254367351532
1184,4,68,0.24060329794883728
1185,4,69,0.32151466608047485
1186,4,70,0.26302438974380493
1187,4,71,0.292963445186615
1188,4,72,0.24557380378246307
1189,4,73,0.30711492896080017
1190,4,74,0.2135380506515503
1191,4,75,0.24930723011493683
1192,4,76,0.2324354350566864
1193,4,77,0.2820831835269928
1194,4,78,0.2081221342086792
1195,4,79,0.48590993881225586
1196,4,80,0.34737592935562134
1197,4,81,0.279493123292923
1198,4,82,0.24728825688362122
1199,4,83,0.26594436168670654
1200,4,84,0.23142385482788086
1201,4,85,0.20396175980567932
1202,4,86,0.26094549894332886
1203,4,87,0.26595672965049744
1204,4,88,0.2498156726360321
1205,4,89,0.23904962837696075
1206,4,90,0.2116221934556961
1207,4,91,0.21984660625457764
1208,4,92,0.24356141686439514
1209,4,93,0.24689126014709473
1210,4,94,0.22712309658527374
1211,4,95,0.19808289408683777
1212,4,96,0.23328706622123718
1213,4,97,0.21242626011371613
1214,4,98,0.2326696813106537
1215,4,99,0.2568575143814087
1216,4,100,0.25127869844436646
1217,4,101,0.1986156404018402
1218,4,102,0.22086608409881592
1219,4,103,0.2185163050889969
1220,4,104,0.2019203156232834
1221,4,105,0.2541661858558655
1222,4,106,0.222035214304924
1223,4,107,0.2474290430545807
1224,4,108,0.2244838923215866
1225,4,109,0.2629619836807251
1226,4,110,0.26826125383377075
1227,4,111,0.26341700553894043
1228,4,112,0.211538165807724
1229,4,113,0.2264346182346344
1230,4,114,0.3017365634441376
1231,4,115,0.2881212532520294
1232,4,116,0.5442256927490234
1233,4,117,0.2108183354139328
1234,4,118,0.4920875132083893
1235,4,119,0.21324574947357178
1236,4,120,0.27112385630607605
1237,4,121,0.2049272358417511
1238,4,122,0.25367265939712524
1239,4,123,0.2216125726699829
1240,4,124,0.234548419713974
1241,4,125,0.243754580616951
1242,4,126,0.2614434063434601
1243,4,127,0.22043490409851074
1244,4,128,0.2493218630552292
1245,4,129,0.3077383041381836
1246,4,130,0.20867185294628143
1247,4,131,0.3075222373008728
1248,4,132,0.3364019989967346
1249,4,133,0.1851261407136917
1250,4,134,0.31722596287727356
1251,4,135,0.2709506154060364
1252,4,136,0.24373206496238708
1253,4,137,0.24350257217884064
1254,4,138,0.2286883294582367
1255,4,139,0.2706189751625061
1256,4,140,0.2683107852935791
1257,4,141,0.23029005527496338
1258,4,142,0.22478027641773224
1259,4,143,0.27525222301483154
1260,4,144,0.2217894345521927
1261,4,145,0.2741415798664093
1262,4,146,0.2617042064666748
1263,4,147,0.20023438334465027
1264,4,148,0.23935644328594208
1265,4,149,0.22393599152565002
1266,4,150,0.23184709250926971
1267,4,151,0.24956288933753967
1268,4,152,0.18727174401283264
1269,4,153,0.22324681282043457
1270,4,154,0.3079666495323181
1271,4,155,0.26629480719566345
1272,4,156,0.2785041034221649
1273,4,157,0.22554931044578552
1274,4,158,0.23496560752391815
1275,4,159,0.23056145012378693
1276,4,160,0.26518917083740234
1277,4,161,0.5511077642440796
1278,4,162,0.2309613972902298
1279,4,163,0.22405171394348145
1280,4,164,0.19592757523059845
1281,4,165,0.25365763902664185
1282,4,166,0.23698563873767853
1283,4,167,0.22086146473884583
1284,4,168,0.2103160321712494
1285,4,169,0.21337926387786865
1286,4,170,0.19599977135658264
1287,4,171,0.23530003428459167
1288,4,172,0.20921024680137634
1289,4,173,0.2057555913925171
1290,4,174,0.18431465327739716
1291,4,175,0.18969590961933136
1292,4,176,0.20600047707557678
1293,4,177,0.21245233714580536
1294,4,178,0.21859344840049744
1295,4,179,0.19663569331169128
1296,4,180,0.28669822216033936
1297,4,181,0.2319360226392746
1298,4,182,0.2864510416984558
1299,4,183,0.20575344562530518
1300,4,184,0.2364463061094284
1301,4,185,0.21054299175739288
1302,4,186,0.2570449709892273
1303,4,187,0.19929826259613037
1304,4,188,0.547502875328064
1305,4,189,0.213189959526062
1306,4,190,0.2014254778623581
1307,4,191,0.26292556524276733
1308,4,192,0.23633043467998505
1309,4,193,0.23343439400196075
1310,4,194,0.20539943873882294
1311,4,195,0.20891118049621582
1312,4,196,0.24229276180267334
1313,4,197,0.2786253094673157
1314,4,198,0.24760587513446808
1315,4,199,0.25615838170051575
1316,4,200,0.2632431089878082
1317,4,201,0.25328391790390015
1318,4,202,0.22735397517681122
1319,4,203,0.2673751413822174
1320,4,204,0.19481556117534637
1321,4,205,0.18295863270759583
1322,4,206,0.2717200517654419
1323,4,207,0.2378259152173996
1324,4,208,0.2818416953086853
1325,4,209,0.22032518684864044
1326,4,210,0.2661828398704529
1327,4,211,0.1784912645816803
1328,4,212,0.27818143367767334
1329,4,213,0.2155081331729889
1330,4,214,0.29558265209198
1331,4,215,0.24419955909252167
1332,4,216,0.24287541210651398
1333,4,217,0.2366487979888916
1334,4,218,0.21922412514686584
1335,4,219,0.2475781887769699
1336,4,220,0.18429970741271973
1337,4,221,0.23621053993701935
1338,4,222,0.24092471599578857
1339,4,223,0.2745555639266968
1340,4,224,0.24246041476726532
1341,4,225,0.26489466428756714
1342,4,226,0.23630523681640625
1343,4,227,0.2582826018333435
1344,4,228,0.28307899832725525
1345,4,229,0.27126383781433105
1346,4,230,0.37658071517944336
1347,4,231,0.2349904328584671
1348,4,232,0.2159537374973297
1349,4,233,0.20508989691734314
1350,4,234,0.2400437295436859
1351,4,235,0.2549774646759033
1352,4,236,0.2015666663646698
1353,4,237,0.22009293735027313
1354,4,238,0.22078511118888855
1355,4,239,0.23376893997192383
1356,4,240,0.17807957530021667
1357,4,241,0.5546952486038208
1358,4,242,0.5722864866256714
1359,4,243,0.2384316623210907
1360,4,244,0.2328352928161621
1361,4,245,0.22342848777770996
1362,4,246,0.21908071637153625
1363,4,247,0.21077373623847961
1364,4,248,0.24102425575256348
1365,4,249,0.2652254104614258
1366,4,250,0.24352367222309113
1367,4,251,0.19905075430870056
1368,4,252,0.22628912329673767
1369,4,253,0.2164137363433838
1370,4,254,0.23296527564525604
1371,4,255,0.236970454454422
1372,4,256,0.2556878626346588
1373,4,257,0.2580021321773529
1374,4,258,0.24281887710094452
1375,4,259,0.24255266785621643
1376,4,260,0.24309387803077698
1377,4,261,0.19027848541736603
1378,4,262,0.21169891953468323
1379,4,263,0.18494179844856262
1380,4,264,0.24021664261817932
1381,4,265,0.24897685647010803
1382,4,266,0.27873706817626953
1383,4,267,0.21921773254871368
1384,4,268,0.20046746730804443
1385,4,269,0.21736720204353333
1386,4,270,0.26646336913108826
1387,4,271,0.23139843344688416
1388,4,272,0.23915287852287292
1389,4,273,0.19975638389587402
1390,4,274,0.26535385847091675
1391,4,275,0.30982258915901184
1392,4,276,0.22398018836975098
1393,4,277,0.18893560767173767
1394,4,278,0.17982164025306702
1395,4,279,0.22693495452404022
1396,4,280,0.1882709264755249
1397,4,281,0.20125143229961395
1398,4,282,0.1640264242887497
1399,4,283,0.19969697296619415
1400,4,284,0.25018510222435
1401,4,285,0.2381797730922699
1402,4,286,0.22754855453968048
1403,4,287,0.262042373418808
1404,4,288,0.19422325491905212
1405,4,289,0.20913991332054138
1406,4,290,0.21603624522686005
1407,4,291,0.2756219506263733
1408,4,292,0.22199423611164093
1409,4,293,0.5176690220832825
1410,4,294,0.23516416549682617
1411,4,295,0.21727494895458221
1412,4,296,0.23453204333782196
1413,4,297,0.23037056624889374
1414,4,298,0.21418802440166473
1415,4,299,0.25278240442276
1416,4,300,0.2150903195142746
1417,4,301,0.21583005785942078
1418,4,302,0.20355021953582764
1419,4,303,0.2492101639509201
1420,4,304,0.24142596125602722
1421,4,305,0.24198047816753387
1422,4,306,0.19425201416015625
1423,4,307,0.31020548939704895
1424,4,308,0.25923269987106323
1425,4,309,0.2272946536540985
1426,4,310,0.2874085307121277
1427,4,311,0.2255057394504547
1428,4,312,0.27837151288986206
1429,4,313,0.2505447566509247
1430,4,314,0.28626126050949097
1431,4,315,0.5876059532165527
1432,4,316,0.23715946078300476
1433,4,317,0.300470232963562
1434,4,318,0.1856616735458374
1435,4,319,0.27207502722740173
1436,4,320,0.18840160965919495
1437,4,321,0.2573520839214325
1438,4,322,0.2099561244249344
1439,4,323,0.229945570230484
1440,4,324,0.21442990005016327
1441,4,325,0.2122584879398346
1442,4,326,0.20875969529151917
1443,4,327,0.21788251399993896
1444,4,328,0.21673491597175598
1445,4,329,0.21302993595600128
1446,4,330,0.20710639655590057
1447,4,331,0.19703491032123566
1448,4,332,0.2117326259613037
1449,4,333,0.22442254424095154
1450,4,334,0.21150469779968262
1451,4,335,0.3356214463710785
1452,4,336,0.19867360591888428
1453,4,337,0.2343127727508545
1454,4,338,0.24801301956176758
1455,4,339,0.2532944083213806
1456,4,340,0.28913912177085876
1457,4,341,0.22263264656066895
1458,4,342,0.1959473341703415
1459,4,343,0.28977295756340027
1460,4,344,0.22538137435913086
1461,4,345,0.23367519676685333
1462,4,346,0.27210697531700134
1463,4,347,0.2596854269504547
1464,4,348,0.20644453167915344
1465,4,349,0.24068331718444824
1466,4,350,0.22244863212108612
1467,4,351,0.2632233202457428
1468,4,352,0.20429787039756775
1469,4,353,0.20181643962860107
1470,4,354,0.21368825435638428
1471,4,355,0.23113787174224854
1472,4,356,0.23587548732757568
1473,4,357,0.18787722289562225
1474,4,358,0.24984653294086456
1475,4,359,0.2245512455701828
1476,4,360,0.3176150918006897
1477,4,361,0.18160049617290497
1478,4,362,0.261775404214859
1479,4,363,0.20490698516368866
1480,4,364,0.3912765681743622
1481,4,365,0.24826493859291077
1482,4,366,0.20565874874591827
1483,4,367,0.2237413376569748
1484,4,368,0.222296804189682
1485,4,369,0.2753087878227234
1486,4,370,0.339160680770874
1487,4,371,0.23645064234733582
1488,4,372,0.24002861976623535
1489,5,1,0.19783374667167664
1490,5,2,0.2109317034482956
1491,5,3,0.24466601014137268
1492,5,4,0.24156777560710907
1493,5,5,0.22614958882331848
1494,5,6,0.23110385239124298
1495,5,7,0.2162512242794037
1496,5,8,0.23592977225780487
1497,5,9,0.18274681270122528
1498,5,10,0.2090359628200531
1499,5,11,0.18716144561767578
1500,5,12,0.22548818588256836
1501,5,13,0.2559913098812103
1502,5,14,0.33725669980049133
1503,5,15,0.22910496592521667
1504,5,16,0.2095421999692917
1505,5,17,0.2226332426071167
1506,5,18,0.18867793679237366
1507,5,19,0.2617873251438141
1508,5,20,0.21064813435077667
1509,5,21,0.20259065926074982
1510,5,22,0.3712555766105652
1511,5,23,0.23967549204826355
1512,5,24,0.2906389832496643
1513,5,25,0.21913495659828186
1514,5,26,0.22566978633403778
1515,5,27,0.22109417617321014
1516,5,28,0.18897898495197296
1517,5,29,0.28480181097984314
1518,5,30,0.2514955401420593
1519,5,31,0.2586939334869385
1520,5,32,0.22574129700660706
1521,5,33,0.22042985260486603
1522,5,34,0.17518283426761627
1523,5,35,0.19280631840229034
1524,5,36,0.20449483394622803
1525,5,37,0.2531575560569763
1526,5,38,0.21518750488758087
1527,5,39,0.20677199959754944
1528,5,40,0.18614670634269714
1529,5,41,0.24485258758068085
1530,5,42,0.24841585755348206
1531,5,43,0.23407837748527527
1532,5,44,0.19771064817905426
1533,5,45,0.17582789063453674
1534,5,46,0.27884596586227417
1535,5,47,0.17865416407585144
1536,5,48,0.16155686974525452
1537,5,49,0.20272335410118103
1538,5,50,0.18745911121368408
1539,5,51,0.21176116168498993
1540,5,52,0.24139723181724548
1541,5,53,0.22155694663524628
1542,5,54,0.16376343369483948
1543,5,55,0.28906193375587463
1544,5,56,0.1765781044960022
1545,5,57,0.17899401485919952
1546,5,58,0.18058981001377106
1547,5,59,0.552086591720581
1548,5,60,0.23894138634204865
1549,5,61,0.1912769079208374
1550,5,62,0.2546245753765106
1551,5,63,0.21822571754455566
1552,5,64,0.1989080011844635
1553,5,65,0.23784351348876953
1554,5,66,0.19697780907154083
1555,5,67,0.19049134850502014
1556,5,68,0.22611761093139648
1557,5,69,0.20301823318004608
1558,5,70,0.1996191442012787
1559,5,71,0.19665643572807312
1560,5,72,0.24243493378162384
1561,5,73,0.2151201218366623
1562,5,74,0.20490285754203796
1563,5,75,0.18497596681118011
1564,5,76,0.22642385959625244
1565,5,77,0.24869981408119202
1566,5,78,0.1876053512096405
1567,5,79,0.27560824155807495
1568,5,80,0.21619370579719543
1569,5,81,0.17379550635814667
1570,5,82,0.18131078779697418
1571,5,83,0.1653151661157608
1572,5,84,0.19263535737991333
1573,5,85,0.17875824868679047
1574,5,86,0.2466978281736374
1575,5,87,0.20030474662780762
1576,5,88,0.22187957167625427
1577,5,89,0.18790672719478607
1578,5,90,0.23270559310913086
1579,5,91,0.2749861180782318
1580,5,92,0.21303805708885193
1581,5,93,0.23512990772724152
1582,5,94,0.18959346413612366
1583,5,95,0.19609925150871277
1584,5,96,0.18237970769405365
1585,5,97,0.21943657100200653
1586,5,98,0.2057657539844513
1587,5,99,0.19264881312847137
1588,5,100,0.19968852400779724
1589,5,101,0.1909475177526474
1590,5,102,0.19404855370521545
1591,5,103,0.2399650365114212
1592,5,104,0.21789684891700745
1593,5,105,0.2501413822174072
1594,5,106,0.20731358230113983
1595,5,107,0.21759116649627686
1596,5,108,0.21790540218353271
1597,5,109,0.27675560116767883
1598,5,110,0.24251464009284973
1599,5,111,0.19813397526741028
1600,5,112,0.21022792160511017
1601,5,113,0.1727786809206009
1602,5,114,0.16360744833946228
1603,5,115,0.20273832976818085
1604,5,116,0.18817095458507538
1605,5,117,0.21039347350597382
1606,5,118,0.19846569001674652
1607,5,119,0.19830219447612762
1608,5,120,0.6130953431129456
1609,5,121,0.2382420301437378
1610,5,122,0.21103568375110626
1611,5,123,0.2072703093290329
1612,5,124,0.20919474959373474
1613,5,125,0.16542527079582214
1614,5,126,0.2404441386461258
1615,5,127,0.218715637922287
1616,5,128,0.22558245062828064
1617,5,129,0.457923024892807
1618,5,130,0.2691038250923157
1619,5,131,0.17141619324684143
1620,5,132,0.16386830806732178
1621,5,133,0.26943081617355347
1622,5,134,0.21290667355060577
1623,5,135,0.3612011969089508
1624,5,136,0.17196683585643768
1625,5,137,0.19770190119743347
1626,5,138,0.23315885663032532
1627,5,139,0.22289660573005676
1628,5,140,0.20622539520263672
1629,5,141,0.20114919543266296
1630,5,142,0.21090376377105713
1631,5,143,0.19135166704654694
1632,5,144,0.1562139242887497
1633,5,145,0.19463571906089783
1634,5,146,0.21506182849407196
1635,5,147,0.18566875159740448
1636,5,148,0.2228296995162964
1637,5,149,0.2172549068927765
1638,5,150,0.3947884440422058
1639,5,151,0.20904023945331573
1640,5,152,0.21671156585216522
1641,5,153,0.2038378268480301
1642,5,154,0.20232932269573212
1643,5,155,0.2170732468366623
1644,5,156,0.24644199013710022
1645,5,157,0.20691220462322235
1646,5,158,0.21667103469371796
1647,5,159,0.16586698591709137
1648,5,160,0.24043774604797363
1649,5,161,0.2103773057460785
1650,5,162,0.2508866488933563
1651,5,163,0.2293052226305008
1652,5,164,0.18571677803993225
1653,5,165,0.21218660473823547
1654,5,166,0.18172423541545868
1655,5,167,0.19317267835140228
1656,5,168,0.21402235329151154
1657,5,169,0.1814439743757248
1658,5,170,0.19024799764156342
1659,5,171,0.18176470696926117
1660,5,172,0.17478995025157928
1661,5,173,0.21270211040973663
1662,5,174,0.22043099999427795
1663,5,175,0.21386246383190155
1664,5,176,0.35771042108535767
1665,5,177,0.2373609095811844
1666,5,178,0.22344854474067688
1667,5,179,0.18916475772857666
1668,5,180,0.1636841893196106
1669,5,181,0.1894933581352234
1670,5,182,0.1946328729391098
1671,5,183,0.22332219779491425
1672,5,184,0.22575297951698303
1673,5,185,0.27830392122268677
1674,5,186,0.19983647763729095
1675,5,187,0.22727766633033752
1676,5,188,0.24963831901550293
1677,5,189,0.26851674914360046
1678,5,190,0.2770973742008209
1679,5,191,0.22135767340660095
1680,5,192,0.22094912827014923
1681,5,193,0.1543038785457611
1682,5,194,0.252067893743515
1683,5,195,0.2389763593673706
1684,5,196,0.19432225823402405
1685,5,197,0.21793301403522491
1686,5,198,0.2984406650066376
1687,5,199,0.2007475346326828
1688,5,200,0.24124333262443542
1689,5,201,0.1739044040441513
1690,5,202,0.21741743385791779
1691,5,203,0.15827852487564087
1692,5,204,0.22708797454833984
1693,5,205,0.19206012785434723
1694,5,206,0.18300363421440125
1695,5,207,0.20082727074623108
1696,5,208,0.2016013115644455
1697,5,209,0.1637668013572693
1698,5,210,0.17657655477523804
1699,5,211,0.2655142843723297
1700,5,212,0.19041964411735535
1701,5,213,0.3716842532157898
1702,5,214,0.24879419803619385
1703,5,215,0.19838692247867584
1704,5,216,0.22505620121955872
1705,5,217,0.24577434360980988
1706,5,218,0.19238196313381195
1707,5,219,0.24700085818767548
1708,5,220,0.20839181542396545
1709,5,221,0.19002099335193634
1710,5,222,0.2087261974811554
1711,5,223,0.20948636531829834
1712,5,224,0.2310590296983719
1713,5,225,0.5076514482498169
1714,5,226,0.24265310168266296
1715,5,227,0.2272631675004959
1716,5,228,0.41476449370384216
1717,5,229,0.2042040377855301
1718,5,230,0.1939801275730133
1719,5,231,0.19691655039787292
1720,5,232,0.17227225005626678
1721,5,233,0.20101968944072723
1722,5,234,0.2626355290412903
1723,5,235,0.23216834664344788
1724,5,236,0.21673858165740967
1725,5,237,0.20871984958648682
1726,5,238,0.2133285105228424
1727,5,239,0.1975032389163971
1728,5,240,0.2087099254131317
1729,5,241,0.420265257358551
1730,5,242,0.22161714732646942
1731,5,243,0.20968961715698242
1732,5,244,0.20310115814208984
1733,5,245,0.2845524549484253
1734,5,246,0.19102942943572998
1735,5,247,0.22468861937522888
1736,5,248,0.2108566015958786
1737,5,249,0.34911149740219116
1738,5,250,0.22396019101142883
1739,5,251,0.23452432453632355
1740,5,252,0.31249138712882996
1741,5,253,0.23079848289489746
1742,5,254,0.19367799162864685
1743,5,255,0.20898504555225372
1744,5,256,0.1739625632762909
1745,5,257,0.21452777087688446
1746,5,258,0.1776815801858902
1747,5,259,0.24833381175994873
1748,5,260,0.4478277266025543
1749,5,261,0.2094750851392746
1750,5,262,0.1980992555618286
1751,5,263,0.22163407504558563
1752,5,264,0.23045770823955536
1753,5,265,0.23739194869995117
1754,5,266,0.19264814257621765
1755,5,267,0.18107135593891144
1756,5,268,0.2205999344587326
1757,5,269,0.1923922300338745
1758,5,270,0.24969634413719177
1759,5,271,0.15775999426841736
1760,5,272,0.18984103202819824
1761,5,273,0.21354642510414124
1762,5,274,0.19191396236419678
1763,5,275,0.24404115974903107
1764,5,276,0.2500205636024475
1765,5,277,0.2145148068666458
1766,5,278,0.2800876498222351
1767,5,279,0.24147920310497284
1768,5,280,0.2998986840248108
1769,5,281,0.18911293148994446
1770,5,282,0.23735551536083221
1771,5,283,0.23598070442676544
1772,5,284,0.20989778637886047
1773,5,285,0.22476109862327576
1774,5,286,0.1851806342601776
1775,5,287,0.217408686876297
1776,5,288,0.18441016972064972
1777,5,289,0.21428737044334412
1778,5,290,0.23896312713623047
1779,5,291,0.26175862550735474
1780,5,292,0.16954316198825836
1781,5,293,0.3652813732624054
1782,5,294,0.2510543465614319
1783,5,295,0.22933652997016907
1784,5,296,0.22154049575328827
1785,5,297,0.22267866134643555
1786,5,298,0.3311620354652405
1787,5,299,0.20283468067646027
1788,5,300,0.24426622688770294
1789,5,301,0.17706942558288574
1790,5,302,0.22572322189807892
1791,5,303,0.20602813363075256
1792,5,304,0.21358077228069305
1793,5,305,0.18816892802715302
1794,5,306,0.20037615299224854
1795,5,307,0.23207037150859833
1796,5,308,0.21699246764183044
1797,5,309,0.2103453129529953
1798,5,310,0.1780695617198944
1799,5,311,0.19616761803627014
1800,5,312,0.22341160476207733
1801,5,313,0.28692626953125
1802,5,314,0.2044786661863327
1803,5,315,0.20905843377113342
1804,5,316,0.19103041291236877
1805,5,317,0.182021826505661
1806,5,318,0.206365704536438
1807,5,319,0.22713060677051544
1808,5,320,0.1870337426662445
1809,5,321,0.2033524066209793
1810,5,322,0.20070616900920868
1811,5,323,0.2529113292694092
1812,5,324,0.2109943926334381
1813,5,325,0.2955107092857361
1814,5,326,0.1903572529554367
1815,5,327,0.16105926036834717
1816,5,328,0.244573712348938
1817,5,329,0.2014881819486618
1818,5,330,0.1685992330312729
1819,5,331,0.21419167518615723
1820,5,332,0.2605927884578705
1821,5,333,0.21809415519237518
1822,5,334,0.16587449610233307
1823,5,335,0.22712883353233337
1824,5,336,0.1520378440618515
1825,5,337,0.1747402548789978
1826,5,338,0.18114621937274933
1827,5,339,0.1957470029592514
1828,5,340,0.25786998867988586
1829,5,341,0.2130906879901886
1830,5,342,0.19919244945049286
1831,5,343,0.24275365471839905
1832,5,344,0.19578365981578827
1833,5,345,0.2195677012205124
1834,5,346,0.1709347665309906
1835,5,347,0.2413468062877655
1836,5,348,0.17409677803516388
1837,5,349,0.25036880373954773
1838,5,350,0.15825246274471283
1839,5,351,0.18820910155773163
1840,5,352,0.22026526927947998
1841,5,353,0.1993435025215149
1842,5,354,0.1902352124452591
1843,5,355,0.17589500546455383
1844,5,356,0.20831474661827087
1845,5,357,0.17850962281227112
1846,5,358,0.2699224352836609
1847,5,359,0.21011610329151154
1848,5,360,0.2232646942138672
1849,5,361,0.2060399353504181
1850,5,362,0.17443637549877167
1851,5,363,0.20098161697387695
1852,5,364,0.19802172482013702
1853,5,365,0.33106735348701477
1854,5,366,0.20069003105163574
1855,5,367,0.2100377380847931
1856,5,368,0.19966605305671692
1857,5,369,0.21545669436454773
1858,5,370,0.21849744021892548
1859,5,371,0.22238166630268097
1860,5,372,0.27370685338974
1861,6,1,0.3166479766368866
1862,6,2,0.1969926655292511
1863,6,3,0.23309481143951416
1864,6,4,0.19708366692066193
1865,6,5,0.25249671936035156
1866,6,6,0.2084173858165741
1867,6,7,0.18416954576969147
1868,6,8,0.18570521473884583
1869,6,9,0.36375945806503296
1870,6,10,0.16583292186260223
1871,6,11,0.21306541562080383
1872,6,12,0.19138553738594055
1873,6,13,0.18377506732940674
1874,6,14,0.17291730642318726
1875,6,15,0.18557065725326538
1876,6,16,0.18290317058563232
1877,6,17,0.20967331528663635
1878,6,18,0.207851842045784
1879,6,19,0.1659344732761383
1880,6,20,0.1988072544336319
1881,6,21,0.1922646462917328
1882,6,22,0.21748647093772888
1883,6,23,0.21792547404766083
1884,6,24,0.1708623170852661
1885,6,25,0.18980954587459564
1886,6,26,0.21396413445472717
1887,6,27,0.21528880298137665
1888,6,28,0.24315698444843292
1889,6,29,0.18560373783111572
1890,6,30,0.21028630435466766
1891,6,31,0.19171997904777527
1892,6,32,0.1654990166425705
1893,6,33,0.19930541515350342
1894,6,34,0.2366974800825119
1895,6,35,0.20377874374389648
1896,6,36,0.20172420144081116
1897,6,37,0.21061614155769348
1898,6,38,0.2333976924419403
1899,6,39,0.3278046250343323
1900,6,40,0.19793851673603058
1901,6,41,0.2061084508895874
1902,6,42,0.19640794396400452
1903,6,43,0.22549524903297424
1904,6,44,0.18866626918315887
1905,6,45,0.2254079133272171
1906,6,46,0.19361108541488647
1907,6,47,0.1972654163837433
1908,6,48,0.23676398396492004
1909,6,49,0.19033224880695343
1910,6,50,0.2298598289489746
1911,6,51,0.19971811771392822
1912,6,52,0.19622215628623962
1913,6,53,0.20994806289672852
1914,6,54,0.16177412867546082
1915,6,55,0.18806777894496918
1916,6,56,0.1757640540599823
1917,6,57,0.18718823790550232
1918,6,58,0.1979416310787201
1919,6,59,0.18700657784938812
1920,6,60,0.1870954930782318
1921,6,61,0.18624815344810486
1922,6,62,0.24602560698986053
1923,6,63,0.17141135036945343
1924,6,64,0.16932876408100128
1925,6,65,0.32294970750808716
1926,6,66,0.2215179204940796
1927,6,67,0.18276451528072357
1928,6,68,0.20787973701953888
1929,6,69,0.19362834095954895
1930,6,70,0.18859806656837463
1931,6,71,0.18815402686595917
1932,6,72,0.20331183075904846
1933,6,73,0.22809632122516632
1934,6,74,0.24000278115272522
1935,6,75,0.2180311381816864
1936,6,76,0.20990577340126038
1937,6,77,0.17953751981258392
1938,6,78,0.20512422919273376
1939,6,79,0.16994380950927734
1940,6,80,0.18990547955036163
1941,6,81,0.1826082020998001
1942,6,82,0.16151024401187897
1943,6,83,0.19013985991477966
1944,6,84,0.16461417078971863
1945,6,85,0.16866430640220642
1946,6,86,0.18174073100090027
1947,6,87,0.20717892050743103
1948,6,88,0.21446235477924347
1949,6,89,0.1936432272195816
1950,6,90,0.2061842978000641
1951,6,91,0.17672549188137054
1952,6,92,0.19415976107120514
1953,6,93,0.18321724236011505
1954,6,94,0.17492087185382843
1955,6,95,0.19903038442134857
1956,6,96,0.19096645712852478
1957,6,97,0.19516685605049133
1958,6,98,0.18732546269893646
1959,6,99,0.16796323657035828
1960,6,100,0.21968874335289001
1961,6,101,0.1890740692615509
1962,6,102,0.19187477231025696
1963,6,103,0.2734586298465729
1964,6,104,0.3377038240432739
1965,6,105,0.19177277386188507
1966,6,106,0.3754943013191223
1967,6,107,0.24088747799396515
1968,6,108,0.19677533209323883
1969,6,109,0.23797576129436493
1970,6,110,0.24981904029846191
1971,6,111,0.16617827117443085
1972,6,112,0.18380986154079437
1973,6,113,0.2488076239824295
1974,6,114,0.2768012285232544
1975,6,115,0.20079131424427032
1976,6,116,0.18037541210651398
1977,6,117,0.17799843847751617
1978,6,118,0.25689586997032166
1979,6,119,0.14701437950134277
1980,6,120,0.1643996685743332
1981,6,121,0.20273149013519287
1982,6,122,0.20048458874225616
1983,6,123,0.20491008460521698
1984,6,124,0.3832259476184845
1985,6,125,0.17866955697536469
1986,6,126,0.16329416632652283
1987,6,127,0.2732660174369812
1988,6,128,0.20991984009742737
1989,6,129,0.2286624163389206
1990,6,130,0.18606790900230408
1991,6,131,0.15820473432540894
1992,6,132,0.18139399588108063
1993,6,133,0.1989116668701172
1994,6,134,0.17978838086128235
1995,6,135,0.2179597169160843
1996,6,136,0.17581969499588013
1997,6,137,0.2182510793209076
1998,6,138,0.23329532146453857
1999,6,139,0.20977818965911865
2000,6,140,0.20029249787330627
2001,6,141,0.21915292739868164
2002,6,142,0.19997882843017578
2003,6,143,0.16709156334400177
2004,6,144,0.22215890884399414
2005,6,145,0.18030524253845215
2006,6,146,0.20685771107673645
2007,6,147,0.16683387756347656
2008,6,148,0.16111817955970764
2009,6,149,0.200496107339859
2010,6,150,0.1962401270866394
2011,6,151,0.22460217773914337
2012,6,152,0.21105924248695374
2013,6,153,0.19881954789161682
2014,6,154,0.18026340007781982
2015,6,155,0.20081965625286102
2016,6,156,0.20464745163917542
2017,6,157,0.18872080743312836
2018,6,158,0.2221594601869583
2019,6,159,0.23246297240257263
2020,6,160,0.23871156573295593
2021,6,161,0.18946072459220886
2022,6,162,0.20901837944984436
2023,6,163,0.22969922423362732
2024,6,164,0.1948147714138031
2025,6,165,0.18911254405975342
2026,6,166,0.19050927460193634
2027,6,167,0.17741814255714417
2028,6,168,0.1892545521259308
2029,6,169,0.18162798881530762
2030,6,170,0.1893492490053177
2031,6,171,0.19407103955745697
2032,6,172,0.1780778169631958
2033,6,173,0.1686658412218094
2034,6,174,0.2188573181629181
2035,6,175,0.21189601719379425
2036,6,176,0.221632719039917
2037,6,177,0.18157252669334412
2038,6,178,0.18087516725063324
2039,6,179,0.16062787175178528
2040,6,180,0.17921556532382965
2041,6,181,0.23894600570201874
2042,6,182,0.16941069066524506
2043,6,183,0.17430786788463593
2044,6,184,0.20699486136436462
2045,6,185,0.18263381719589233
2046,6,186,0.20717115700244904
2047,6,187,0.1984466314315796
2048,6,188,0.24575045704841614
2049,6,189,0.24236328899860382
2050,6,190,0.1982651799917221
2051,6,191,0.21757033467292786
2052,6,192,0.14952832460403442
2053,6,193,0.18067647516727448
2054,6,194,0.20056280493736267
2055,6,195,0.21322567760944366
2056,6,196,0.19294318556785583
2057,6,197,0.17266246676445007
2058,6,198,0.18040528893470764
2059,6,199,0.16936847567558289
2060,6,200,0.2278013676404953
2061,6,201,0.21331505477428436
2062,6,202,0.18778201937675476
2063,6,203,0.24495835602283478
2064,6,204,0.19448208808898926
2065,6,205,0.20214219391345978
2066,6,206,0.17693111300468445
2067,6,207,0.20131321251392365
2068,6,208,0.2362900674343109
2069,6,209,0.156324103474617
2070,6,210,0.22251459956169128
2071,6,211,0.1645495593547821
2072,6,212,0.22025258839130402
2073,6,213,0.291459858417511
2074,6,214,0.1957482397556305
2075,6,215,0.19466355443000793
2076,6,216,0.1939411610364914
2077,6,217,0.20791766047477722
2078,6,218,0.18444646894931793
2079,6,219,0.18858133256435394
2080,6,220,0.21991297602653503
2081,6,221,0.1931767463684082
2082,6,222,0.185409277677536
2083,6,223,0.21170499920845032
2084,6,224,0.19796305894851685
2085,6,225,0.2182350903749466
2086,6,226,0.19374606013298035
2087,6,227,0.174552321434021
2088,6,228,0.19901716709136963
2089,6,229,0.17567327618598938
2090,6,230,0.16901394724845886
2091,6,231,0.21945428848266602
2092,6,232,0.17198626697063446
2093,6,233,0.17531536519527435
2094,6,234,0.19241754710674286
2095,6,235,0.184810608625412
2096,6,236,0.2145005762577057
2097,6,237,0.17111913859844208
2098,6,238,0.3002099394798279
2099,6,239,0.1718006581068039
2100,6,240,0.2026527374982834
2101,6,241,0.19068869948387146
2102,6,242,0.2159239500761032
2103,6,243,0.18156598508358002
2104,6,244,0.169479638338089
2105,6,245,0.17235247790813446
2106,6,246,0.1429244428873062
2107,6,247,0.18756380677223206
2108,6,248,0.2303854525089264
2109,6,249,0.1753813624382019
2110,6,250,0.387494832277298
2111,6,251,0.17715130746364594
2112,6,252,0.16086755692958832
2113,6,253,0.18611805140972137
2114,6,254,0.22480599582195282
2115,6,255,0.22559472918510437
2116,6,256,0.17679210007190704
2117,6,257,0.21331265568733215
2118,6,258,0.18803349137306213
2119,6,259,0.15101279318332672
2120,6,260,0.2198696881532669
2121,6,261,0.19352522492408752
2122,6,262,0.2323196828365326
2123,6,263,0.24686197936534882
2124,6,264,0.1803291141986847
2125,6,265,0.1864422857761383
2126,6,266,0.23269793391227722
2127,6,267,0.2193099558353424
2128,6,268,0.27405160665512085
2129,6,269,0.18821758031845093
2130,6,270,0.18740150332450867
2131,6,271,0.19773273169994354
2132,6,272,0.17848153412342072
2133,6,273,0.2674262821674347
2134,6,274,0.18030889332294464
2135,6,275,0.1984253227710724
2136,6,276,0.18017765879631042
2137,6,277,0.16035006940364838
2138,6,278,0.18213066458702087
2139,6,279,0.23159122467041016
2140,6,280,0.18419945240020752
2141,6,281,0.21883900463581085
2142,6,282,0.18721459805965424
2143,6,283,0.21803024411201477
2144,6,284,0.17433887720108032
2145,6,285,0.18305151164531708
2146,6,286,0.17870286107063293
2147,6,287,0.1724272519350052
2148,6,288,0.2263987809419632
2149,6,289,0.18794965744018555
2150,6,290,0.24420082569122314
2151,6,291,0.18877974152565002
2152,6,292,0.19678930938243866
2153,6,293,0.22943098843097687
2154,6,294,0.16786284744739532
2155,6,295,0.20241300761699677
2156,6,296,0.3051702082157135
2157,6,297,0.15561054646968842
2158,6,298,0.17384187877178192
2159,6,299,0.21191540360450745
2160,6,300,0.20131675899028778
2161,6,301,0.20001569390296936
2162,6,302,0.19226102530956268
2163,6,303,0.21356503665447235
2164,6,304,0.23576655983924866
2165,6,305,0.19551771879196167
2166,6,306,0.15847176313400269
2167,6,307,0.2810887396335602
2168,6,308,0.18657532334327698
2169,6,309,0.1658916175365448
2170,6,310,0.2116343080997467
2171,6,311,0.2022697925567627
2172,6,312,0.18968278169631958
2173,6,313,0.19373676180839539
2174,6,314,0.2082727700471878
2175,6,315,0.21411752700805664
2176,6,316,0.23932214081287384
2177,6,317,0.4579009413719177
2178,6,318,0.283165842294693
2179,6,319,0.18696236610412598
2180,6,320,0.18145613372325897
2181,6,321,0.19908353686332703
2182,6,322,0.1686207354068756
2183,6,323,0.17276684939861298
2184,6,324,0.19138336181640625
2185,6,325,0.18008999526500702
2186,6,326,0.18775345385074615
2187,6,327,0.17126862704753876
2188,6,328,0.21072809398174286
2189,6,329,0.2484605610370636
2190,6,330,0.18499961495399475
2191,6,331,0.17004629969596863
2192,6,332,0.20827841758728027
2193,6,333,0.19176486134529114
2194,6,334,0.17748300731182098
2195,6,335,0.17788250744342804
2196,6,336,0.22369523346424103
2197,6,337,0.2296527624130249
2198,6,338,0.1601473093032837
2199,6,339,0.21668753027915955
2200,6,340,0.16733704507350922
2201,6,341,0.20600640773773193
2202,6,342,0.30649322271347046
2203,6,343,0.1635700762271881
2204,6,344,0.17682136595249176
2205,6,345,0.26591360569000244
2206,6,346,0.2958432137966156
2207,6,347,0.18738225102424622
2208,6,348,0.18431994318962097
2209,6,349,0.16704294085502625
2210,6,350,0.18234625458717346
2211,6,351,0.17805299162864685
2212,6,352,0.1877042055130005
2213,6,353,0.1854381263256073
2214,6,354,0.21445390582084656
2215,6,355,0.29424530267715454
2216,6,356,0.18946222960948944
2217,6,357,0.2556288242340088
2218,6,358,0.23010334372520447
2219,6,359,0.1956779509782791
2220,6,360,0.20522832870483398
2221,6,361,0.22362947463989258
2222,6,362,0.18566027283668518
2223,6,363,0.19185972213745117
2224,6,364,0.2276904135942459
2225,6,365,0.1963919699192047
2226,6,366,0.22504012286663055
2227,6,367,0.21693840622901917
2228,6,368,0.22538931667804718
2229,6,369,0.19131861627101898
2230,6,370,0.18172523379325867
2231,6,371,0.26634758710861206
2232,6,372,0.2538180649280548
2233,7,1,0.15080760419368744
2234,7,2,0.18063972890377045
2235,7,3,0.164455384016037
2236,7,4,0.15001708269119263
2237,7,5,0.22352485358715057
2238,7,6,0.18959710001945496
2239,7,7,0.18182429671287537
2240,7,8,0.22127965092658997
2241,7,9,0.19231262803077698
2242,7,10,0.18127396702766418
2243,7,11,0.18857723474502563
2244,7,12,0.24342374503612518
2245,7,13,0.20771193504333496
2246,7,14,0.202283576130867
2247,7,15,0.1743277758359909
2248,7,16,0.2070106565952301
2249,7,17,0.14425313472747803
2250,7,18,0.23237033188343048
2251,7,19,0.1768760234117508
2252,7,20,0.18566685914993286
2253,7,21,0.23079916834831238
2254,7,22,0.1679699867963791
2255,7,23,0.19125376641750336
2256,7,24,0.19592401385307312
2257,7,25,0.17599982023239136
2258,7,26,0.1969902217388153
2259,7,27,0.18914920091629028
2260,7,28,0.16995207965373993
2261,7,29,0.20325854420661926
2262,7,30,0.18813785910606384
2263,7,31,0.15183411538600922
2264,7,32,0.21427352726459503
2265,7,33,0.2272075116634369
2266,7,34,0.18289628624916077
2267,7,35,0.1819736659526825
2268,7,36,0.18606793880462646
2269,7,37,0.1699027270078659
2270,7,38,0.188282772898674
2271,7,39,0.18224947154521942
2272,7,40,0.17744866013526917
2273,7,41,0.16487380862236023
2274,7,42,0.17685583233833313
2275,7,43,0.17776142060756683
2276,7,44,0.1769723892211914
2277,7,45,0.1475934088230133
2278,7,46,0.18025298416614532
2279,7,47,0.2010980099439621
2280,7,48,0.16291633248329163
2281,7,49,0.17212358117103577
2282,7,50,0.16878359019756317
2283,7,51,0.17856957018375397
2284,7,52,0.1697196215391159
2285,7,53,0.1690441220998764
2286,7,54,0.15535566210746765
2287,7,55,0.17361889779567719
2288,7,56,0.2166394293308258
2289,7,57,0.18634606897830963
2290,7,58,0.20480406284332275
2291,7,59,0.20329613983631134
2292,7,60,0.18705520033836365
2293,7,61,0.1520424634218216
2294,7,62,0.16855017840862274
2295,7,63,0.15822280943393707
2296,7,64,0.18170076608657837
2297,7,65,0.19234544038772583
2298,7,66,0.15601126849651337
2299,7,67,0.1642063558101654
2300,7,68,0.19373993575572968
2301,7,69,0.19219554960727692
2302,7,70,0.17648978531360626
2303,7,71,0.2232537716627121
2304,7,72,0.18158051371574402
2305,7,73,0.16651058197021484
2306,7,74,0.16821570694446564
2307,7,75,0.1778593361377716
2308,7,76,0.1789795309305191
2309,7,77,0.1762947142124176
2310,7,78,0.16790907084941864
2311,7,79,0.15911586582660675
2312,7,80,0.22749736905097961
2313,7,81,0.14733508229255676
2314,7,82,0.18063408136367798
2315,7,83,0.16723397374153137
2316,7,84,0.21268382668495178
2317,7,85,0.2439485788345337
2318,7,86,0.16623161733150482
2319,7,87,0.18607580661773682
2320,7,88,0.18445515632629395
2321,7,89,0.19753947854042053
2322,7,90,0.17805123329162598
2323,7,91,0.26083311438560486
2324,7,92,0.19932147860527039
2325,7,93,0.1756369024515152
2326,7,94,0.150641068816185
2327,7,95,0.1945723295211792
2328,7,96,0.16967642307281494
2329,7,97,0.22099900245666504
2330,7,98,0.16559122502803802
2331,7,99,0.19377876818180084
2332,7,100,0.208391934633255
2333,7,101,0.21545858681201935
2334,7,102,0.21538951992988586
2335,7,103,0.15738287568092346
2336,7,104,0.1973693072795868
2337,7,105,0.17179468274116516
2338,7,106,0.16862337291240692
2339,7,107,0.1963752657175064
2340,7,108,0.14851078391075134
2341,7,109,0.18040388822555542
2342,7,110,0.17818677425384521
2343,7,111,0.17704011499881744
2344,7,112,0.14553594589233398
2345,7,113,0.22033043205738068
2346,7,114,0.19233301281929016
2347,7,115,0.20863763988018036
2348,7,116,0.17403581738471985
2349,7,117,0.1690516173839569
2350,7,118,0.2734585702419281
2351,7,119,0.15214228630065918
2352,7,120,0.22568178176879883
2353,7,121,0.19638678431510925
2354,7,122,0.15404032170772552
2355,7,123,0.18491260707378387
2356,7,124,0.16865476965904236
2357,7,125,0.2592307925224304
2358,7,126,0.1527579426765442
2359,7,127,0.18118345737457275
2360,7,128,0.2065839320421219
2361,7,129,0.2040570229291916
2362,7,130,0.16458760201931
2363,7,131,0.16424481570720673
2364,7,132,0.17172662913799286
2365,7,133,0.20949044823646545
2366,7,134,0.20347943902015686
2367,7,135,0.1873571276664734
2368,7,136,0.1992879956960678
2369,7,137,0.16665342450141907
2370,7,138,0.21251225471496582
2371,7,139,0.20493599772453308
2372,7,140,0.2631276249885559
2373,7,141,0.17744044959545135
2374,7,142,0.1750607192516327
2375,7,143,0.213205024600029
2376,7,144,0.14908862113952637
2377,7,145,0.34229499101638794
2378,7,146,0.1852741539478302
2379,7,147,0.1644126921892166
2380,7,148,0.19537688791751862
2381,7,149,0.165303573012352
2382,7,150,0.191983163356781
2383,7,151,0.17379119992256165
2384,7,152,0.19083544611930847
2385,7,153,0.14995911717414856
2386,7,154,0.16069313883781433
2387,7,155,0.17951563000679016
2388,7,156,0.20306682586669922
2389,7,157,0.18172411620616913
2390,7,158,0.16546915471553802
2391,7,159,0.15907691419124603
2392,7,160,0.16079583764076233
2393,7,161,0.17012368142604828
2394,7,162,0.16667333245277405
2395,7,163,0.13450637459754944
2396,7,164,0.13798250257968903
2397,7,165,0.1610712707042694
2398,7,166,0.16525661945343018
2399,7,167,0.1760498583316803
2400,7,168,0.19075235724449158
2401,7,169,0.22666242718696594
2402,7,170,0.18421195447444916
2403,7,171,0.17068305611610413
2404,7,172,0.1309036910533905
2405,7,173,0.18419690430164337
2406,7,174,0.18346962332725525
2407,7,175,0.17096352577209473
2408,7,176,0.2183694839477539
2409,7,177,0.21898016333580017
2410,7,178,0.1729329377412796
2411,7,179,0.17646563053131104
2412,7,180,0.1605847179889679
2413,7,181,0.18707408010959625
2414,7,182,0.20565995573997498
2415,7,183,0.1897978037595749
2416,7,184,0.17694246768951416
2417,7,185,0.16935890913009644
2418,7,186,0.1884826272726059
2419,7,187,0.1581472009420395
2420,7,188,0.1687886267900467
2421,7,189,0.15359222888946533
2422,7,190,0.20989194512367249
2423,7,191,0.1568414270877838
2424,7,192,0.18291738629341125
2425,7,193,0.209324911236763
2426,7,194,0.18882469832897186
2427,7,195,0.28701215982437134
2428,7,196,0.16867557168006897
2429,7,197,0.17074763774871826
2430,7,198,0.16714391112327576
2431,7,199,0.18937726318836212
2432,7,200,0.2379705160856247
2433,7,201,0.19314678013324738
2434,7,202,0.2264113426208496
2435,7,203,0.23922009766101837
2436,7,204,0.1929943561553955
2437,7,205,0.29176437854766846
2438,7,206,0.1473260521888733
2439,7,207,0.1459314525127411
2440,7,208,0.1660824716091156
2441,7,209,0.18217486143112183
2442,7,210,0.17894913256168365
2443,7,211,0.165958434343338
2444,7,212,0.17451953887939453
2445,7,213,0.1655573546886444
2446,7,214,0.18677321076393127
2447,7,215,0.16583414375782013
2448,7,216,0.20490780472755432
2449,7,217,0.20042820274829865
2450,7,218,0.2037498503923416
2451,7,219,0.20440800487995148
2452,7,220,0.19008615612983704
2453,7,221,0.17377421259880066
2454,7,222,0.16464591026306152
2455,7,223,0.18982161581516266
2456,7,224,0.20953908562660217
2457,7,225,0.35250383615493774
2458,7,226,0.18436621129512787
2459,7,227,0.2257188856601715
2460,7,228,0.23369714617729187
2461,7,229,0.20735998451709747
2462,7,230,0.173547625541687
2463,7,231,0.18302708864212036
2464,7,232,0.1664317548274994
2465,7,233,0.16255685687065125
2466,7,234,0.22034449875354767
2467,7,235,0.1673014611005783
2468,7,236,0.17778947949409485
2469,7,237,0.1778583526611328
2470,7,238,0.14462313055992126
2471,7,239,0.16191235184669495
2472,7,240,0.16597704589366913
2473,7,241,0.17152443528175354
2474,7,242,0.17331424355506897
2475,7,243,0.15932537615299225
2476,7,244,0.2062469720840454
2477,7,245,0.14801207184791565
2478,7,246,0.1284913867712021
2479,7,247,0.18491607904434204
2480,7,248,0.1901290863752365
2481,7,249,0.19909697771072388
2482,7,250,0.2674722671508789
2483,7,251,0.2502570152282715
2484,7,252,0.19037064909934998
2485,7,253,0.1995001584291458
2486,7,254,0.19416750967502594
2487,7,255,0.16572542488574982
2488,7,256,0.19174638390541077
2489,7,257,0.17436614632606506
2490,7,258,0.15342091023921967
2491,7,259,0.159666508436203
2492,7,260,0.19596713781356812
2493,7,261,0.18207581341266632
2494,7,262,0.1948683261871338
2495,7,263,0.26959067583084106
2496,7,264,0.17066150903701782
2497,7,265,0.22880396246910095
2498,7,266,0.21924307942390442
2499,7,267,0.19526007771492004
2500,7,268,0.22540488839149475
2501,7,269,0.16794772446155548
2502,7,270,0.18985137343406677
2503,7,271,0.18164101243019104
2504,7,272,0.18819880485534668
2505,7,273,0.1865953952074051
2506,7,274,0.16092470288276672
2507,7,275,0.20572558045387268
2508,7,276,0.18589302897453308
2509,7,277,0.2615956962108612
2510,7,278,0.16832025349140167
2511,7,279,0.22308608889579773
2512,7,280,0.17980864644050598
2513,7,281,0.18617984652519226
2514,7,282,0.29528701305389404
2515,7,283,0.2264348566532135
2516,7,284,0.1958201378583908
2517,7,285,0.25912654399871826
2518,7,286,0.20752206444740295
2519,7,287,0.17790834605693817
2520,7,288,0.20108859241008759
2521,7,289,0.24809233844280243
2522,7,290,0.1659301221370697
2523,7,291,0.25178173184394836
2524,7,292,0.19305917620658875
2525,7,293,0.163114994764328
2526,7,294,0.16943839192390442
2527,7,295,0.2815101146697998
2528,7,296,0.1720244288444519
2529,7,297,0.21609902381896973
2530,7,298,0.2037692815065384
2531,7,299,0.1924799680709839
2532,7,300,0.17937488853931427
2533,7,301,0.30118030309677124
2534,7,302,0.20001518726348877
2535,7,303,0.17272092401981354
2536,7,304,0.1648397147655487
2537,7,305,0.2490590512752533
2538,7,306,0.20492808520793915
2539,7,307,0.2772703766822815
2540,7,308,0.18342821300029755
2541,7,309,0.2737833261489868
2542,7,310,0.18088401854038239
2543,7,311,0.16891106963157654
2544,7,312,0.19850674271583557
2545,7,313,0.2041507065296173
2546,7,314,0.187320277094841
2547,7,315,0.1662789285182953
2548,7,316,0.19813279807567596
2549,7,317,0.18801559507846832
2550,7,318,0.20899169147014618
2551,7,319,0.20089960098266602
2552,7,320,0.16685469448566437
2553,7,321,0.21809835731983185
2554,7,322,0.22875180840492249
2555,7,323,0.2152332067489624
2556,7,324,0.19737935066223145
2557,7,325,0.2129916399717331
2558,7,326,0.19110877811908722
2559,7,327,0.18736888468265533
2560,7,328,0.16988015174865723
2561,7,329,0.20912814140319824
2562,7,330,0.18935127556324005
2563,7,331,0.18307465314865112
2564,7,332,0.2085132598876953
2565,7,333,0.2747129201889038
2566,7,334,0.1985572874546051
2567,7,335,0.18192723393440247
2568,7,336,0.1873532235622406
2569,7,337,0.18461580574512482
2570,7,338,0.18024159967899323
2571,7,339,0.20587214827537537
2572,7,340,0.22252650558948517
2573,7,341,0.17954492568969727
2574,7,342,0.20028051733970642
2575,7,343,0.17109234631061554
2576,7,344,0.23934897780418396
2577,7,345,0.2090734988451004
2578,7,346,0.16970737278461456
2579,7,347,0.19747605919837952
2580,7,348,0.18249419331550598
2581,7,349,0.18415303528308868
2582,7,350,0.28239697217941284
2583,7,351,0.21448567509651184
2584,7,352,0.20351283252239227
2585,7,353,0.14417682588100433
2586,7,354,0.2096070498228073
2587,7,355,0.2066274881362915
2588,7,356,0.22010132670402527
2589,7,357,0.2375810146331787
2590,7,358,0.17155008018016815
2591,7,359,0.1534847468137741
2592,7,360,0.25482767820358276
2593,7,361,0.2098846733570099
2594,7,362,0.18675576150417328
2595,7,363,0.21725527942180634
2596,7,364,0.2422856092453003
2597,7,365,0.16432249546051025
2598,7,366,0.19997093081474304
2599,7,367,0.24633757770061493
2600,7,368,0.1884196251630783
2601,7,369,0.1825074851512909
2602,7,370,0.193621426820755
2603,7,371,0.2112293690443039
2604,7,372,0.14606572687625885
2605,8,1,0.23626777529716492
2606,8,2,0.1923833191394806
2607,8,3,0.21150949597358704
2608,8,4,0.1807495504617691
2609,8,5,0.16854429244995117
2610,8,6,0.17608758807182312
2611,8,7,0.18959294259548187
2612,8,8,0.19218021631240845
2613,8,9,0.1728457510471344
2614,8,10,0.1924208551645279
2615,8,11,0.1905544400215149
2616,8,12,0.17668171226978302
2617,8,13,0.2712011933326721
2618,8,14,0.1511732041835785
2619,8,15,0.18455490469932556
2620,8,16,0.16892018914222717
2621,8,17,0.18459145724773407
2622,8,18,0.2640773355960846
2623,8,19,0.19411826133728027
2624,8,20,0.18609268963336945
2625,8,21,0.19456703960895538
2626,8,22,0.1682334542274475
2627,8,23,0.1818424016237259
2628,8,24,0.15122155845165253
2629,8,25,0.1571594923734665
2630,8,26,0.1424911469221115
2631,8,27,0.1688111424446106
2632,8,28,0.16458776593208313
2633,8,29,0.17714455723762512
2634,8,30,0.20630235970020294
2635,8,31,0.17951427400112152
2636,8,32,0.22865939140319824
2637,8,33,0.35801494121551514
2638,8,34,0.18711455166339874
2639,8,35,0.18323419988155365
2640,8,36,0.15502138435840607
2641,8,37,0.18836042284965515
2642,8,38,0.14727839827537537
2643,8,39,0.1919223815202713
2644,8,40,0.19267457723617554
2645,8,41,0.15779943764209747
2646,8,42,0.2173653095960617
2647,8,43,0.18979471921920776
2648,8,44,0.1960946023464203
2649,8,45,0.1575857400894165
2650,8,46,0.1729964315891266
2651,8,47,0.15040689706802368
2652,8,48,0.16972489655017853
2653,8,49,0.25293296575546265
2654,8,50,0.15719488263130188
2655,8,51,0.20354525744915009
2656,8,52,0.19406425952911377
2657,8,53,0.2974802851676941
2658,8,54,0.1902657449245453
2659,8,55,0.15176904201507568
2660,8,56,0.28704044222831726
2661,8,57,0.1930740773677826
2662,8,58,0.16840489208698273
2663,8,59,0.18796418607234955
2664,8,60,0.17841438949108124
2665,8,61,0.20237883925437927
2666,8,62,0.17987483739852905
2667,8,63,0.17506512999534607
2668,8,64,0.13747170567512512
2669,8,65,0.19722338020801544
2670,8,66,0.17442943155765533
2671,8,67,0.19152966141700745
2672,8,68,0.24869880080223083
2673,8,69,0.18373019993305206
2674,8,70,0.16759875416755676
2675,8,71,0.1529914140701294
2676,8,72,0.2513355016708374
2677,8,73,0.20814558863639832
2678,8,74,0.14731691777706146
2679,8,75,0.16846343874931335
2680,8,76,0.2474612295627594
2681,8,77,0.20468756556510925
2682,8,78,0.18833951652050018
2683,8,79,0.23484432697296143
2684,8,80,0.20482364296913147
2685,8,81,0.22413361072540283
2686,8,82,0.20897266268730164
2687,8,83,0.19178831577301025
2688,8,84,0.20608893036842346
2689,8,85,0.163837268948555
2690,8,86,0.14604994654655457
2691,8,87,0.14959952235221863
2692,8,88,0.1763933002948761
2693,8,89,0.19952836632728577
2694,8,90,0.16047866642475128
2695,8,91,0.17063148319721222
2696,8,92,0.15989072620868683
2697,8,93,0.19085916876792908
2698,8,94,0.20242729783058167
2699,8,95,0.1559724658727646
2700,8,96,0.17162984609603882
2701,8,97,0.15789976716041565
2702,8,98,0.16489455103874207
2703,8,99,0.16725964844226837
2704,8,100,0.16756269335746765
2705,8,101,0.15840688347816467
2706,8,102,0.18149766325950623
2707,8,103,0.1641518920660019
2708,8,104,0.18311220407485962
2709,8,105,0.23289711773395538
2710,8,106,0.1649957001209259
2711,8,107,0.1518019139766693
2712,8,108,0.33676740527153015
2713,8,109,0.14930322766304016
2714,8,110,0.19989272952079773
2715,8,111,0.17253302037715912
2716,8,112,0.17589178681373596
2717,8,113,0.2248568832874298
2718,8,114,0.17699302732944489
2719,8,115,0.16976533830165863
2720,8,116,0.16844530403614044
2721,8,117,0.18092449009418488
2722,8,118,0.16248133778572083
2723,8,119,0.15814539790153503
2724,8,120,0.13594059646129608
2725,8,121,0.19037196040153503
2726,8,122,0.19121432304382324
2727,8,123,0.2086094617843628
2728,8,124,0.1641702651977539
2729,8,125,0.19949233531951904
2730,8,126,0.15103188157081604
2731,8,127,0.2265249788761139
2732,8,128,0.27977296710014343
2733,8,129,0.21773400902748108
2734,8,130,0.1709960401058197
2735,8,131,0.194204181432724
2736,8,132,0.1629566252231598
2737,8,133,0.17173966765403748
2738,8,134,0.14233073592185974
2739,8,135,0.18519355356693268
2740,8,136,0.19965091347694397
2741,8,137,0.17174188792705536
2742,8,138,0.19710011780261993
2743,8,139,0.21452121436595917
2744,8,140,0.1677703559398651
2745,8,141,0.21451202034950256
2746,8,142,0.1547686606645584
2747,8,143,0.22728367149829865
2748,8,144,0.21345391869544983
2749,8,145,0.15153855085372925
2750,8,146,0.18288318812847137
2751,8,147,0.157978355884552
2752,8,148,0.1518740952014923
2753,8,149,0.150320902466774
2754,8,150,0.18815572559833527
2755,8,151,0.17754091322422028
2756,8,152,0.17605116963386536
2757,8,153,0.18410342931747437
2758,8,154,0.17780181765556335
2759,8,155,0.14918985962867737
2760,8,156,0.16390492022037506
2761,8,157,0.17411182820796967
2762,8,158,0.172908216714859
2763,8,159,0.16316340863704681
2764,8,160,0.1272086501121521
2765,8,161,0.16823157668113708
2766,8,162,0.15516361594200134
2767,8,163,0.1748344451189041
2768,8,164,0.1473975032567978
2769,8,165,0.1683836281299591
2770,8,166,0.16115428507328033
2771,8,167,0.16747358441352844
2772,8,168,0.3530699610710144
2773,8,169,0.155882328748703
2774,8,170,0.150709867477417
2775,8,171,0.17425909638404846
2776,8,172,0.16969864070415497
2777,8,173,0.16468539834022522
2778,8,174,0.17932632565498352
2779,8,175,0.15514147281646729
2780,8,176,0.2800327241420746
2781,8,177,0.16031774878501892
2782,8,178,0.19040434062480927
2783,8,179,0.21457715332508087
2784,8,180,0.15272825956344604
2785,8,181,0.19924160838127136
2786,8,182,0.1824144870042801
2787,8,183,0.14998355507850647
2788,8,184,0.1408330500125885
2789,8,185,0.18638615310192108
2790,8,186,0.1561754047870636
2791,8,187,0.1772959679365158
2792,8,188,0.1771806925535202
2793,8,189,0.20191726088523865
2794,8,190,0.20632946491241455
2795,8,191,0.17561621963977814
2796,8,192,0.15963225066661835
2797,8,193,0.17797589302062988
2798,8,194,0.14631465077400208
2799,8,195,0.1762998402118683
2800,8,196,0.16933543980121613
2801,8,197,0.1306498795747757
2802,8,198,0.2099045217037201
2803,8,199,0.17943057417869568
2804,8,200,0.16707876324653625
2805,8,201,0.16499795019626617
2806,8,202,0.18072187900543213
2807,8,203,0.20730015635490417
2808,8,204,0.14768293499946594
2809,8,205,0.23310136795043945
2810,8,206,0.16810691356658936
2811,8,207,0.18423855304718018
2812,8,208,0.15256530046463013
2813,8,209,0.19239136576652527
2814,8,210,0.181329146027565
2815,8,211,0.1689992994070053
2816,8,212,0.1805054247379303
2817,8,213,0.17245081067085266
2818,8,214,0.19895610213279724
2819,8,215,0.18979240953922272
2820,8,216,0.17403800785541534
2821,8,217,0.17468705773353577
2822,8,218,0.1902894675731659
2823,8,219,0.21031856536865234
2824,8,220,0.16798663139343262
2825,8,221,0.1355193704366684
2826,8,222,0.1585686206817627
2827,8,223,0.19070656597614288
2828,8,224,0.15589292347431183
2829,8,225,0.20642498135566711
2830,8,226,0.15040257573127747
2831,8,227,0.16540969908237457
2832,8,228,0.19128036499023438
2833,8,229,0.17545057833194733
2834,8,230,0.2018335610628128
2835,8,231,0.1896224170923233
2836,8,232,0.5871855020523071
2837,8,233,0.16666193306446075
2838,8,234,0.19386190176010132
2839,8,235,0.1773930937051773
2840,8,236,0.16180020570755005
2841,8,237,0.1884327083826065
2842,8,238,0.15949676930904388
2843,8,239,0.17606781423091888
2844,8,240,0.17273646593093872
2845,8,241,0.19589579105377197
2846,8,242,0.1787143051624298
2847,8,243,0.17342844605445862
2848,8,244,0.2392355501651764
2849,8,245,0.15052251517772675
2850,8,246,0.15873871743679047
2851,8,247,0.16259077191352844
2852,8,248,0.15946367383003235
2853,8,249,0.1592571884393692
2854,8,250,0.16392382979393005
2855,8,251,0.1765022724866867
2856,8,252,0.16243043541908264
2857,8,253,0.15759208798408508
2858,8,254,0.15493068099021912
2859,8,255,0.19239553809165955
2860,8,256,0.17430584132671356
2861,8,257,0.14051656424999237
2862,8,258,0.18310287594795227
2863,8,259,0.19284924864768982
2864,8,260,0.16601911187171936
2865,8,261,0.1536598652601242
2866,8,262,0.1729719191789627
2867,8,263,0.16405709087848663
2868,8,264,0.17575016617774963
2869,8,265,0.16451261937618256
2870,8,266,0.20124861598014832
2871,8,267,0.172660693526268
2872,8,268,0.1881469339132309
2873,8,269,0.18366776406764984
2874,8,270,0.20177677273750305
2875,8,271,0.14181597530841827
2876,8,272,0.19506676495075226
2877,8,273,0.1790965497493744
2878,8,274,0.17066864669322968
2879,8,275,0.1797194927930832
2880,8,276,0.16845537722110748
2881,8,277,0.1480788141489029
2882,8,278,0.21765466034412384
2883,8,279,0.17093293368816376
2884,8,280,0.14437182247638702
2885,8,281,0.1693541258573532
2886,8,282,0.19973506033420563
2887,8,283,0.18259605765342712
2888,8,284,0.1762302815914154
2889,8,285,0.16449904441833496
2890,8,286,0.1738971769809723
2891,8,287,0.16166622936725616
2892,8,288,0.237023264169693
2893,8,289,0.16039980947971344
2894,8,290,0.2616315484046936
2895,8,291,0.2296578586101532
2896,8,292,0.18207481503486633
2897,8,293,0.1425950825214386
2898,8,294,0.15120819211006165
2899,8,295,0.1787983924150467
2900,8,296,0.1431751549243927
2901,8,297,0.17700138688087463
2902,8,298,0.16008499264717102
2903,8,299,0.14050881564617157
2904,8,300,0.15650400519371033
2905,8,301,0.21653158962726593
2906,8,302,0.18788276612758636
2907,8,303,0.1819235384464264
2908,8,304,0.1800551414489746
2909,8,305,0.1597844958305359
2910,8,306,0.19409248232841492
2911,8,307,0.16749431192874908
2912,8,308,0.1651962250471115
2913,8,309,0.1456707864999771
2914,8,310,0.14277121424674988
2915,8,311,0.16216079890727997
2916,8,312,0.18416358530521393
2917,8,313,0.31402021646499634
2918,8,314,0.16901643574237823
2919,8,315,0.2088729441165924
2920,8,316,0.16792482137680054
2921,8,317,0.21432188153266907
2922,8,318,0.18352386355400085
2923,8,319,0.173782616853714
2924,8,320,0.1945236623287201
2925,8,321,0.16121074557304382
2926,8,322,0.1828611195087433
2927,8,323,0.18043430149555206
2928,8,324,0.24109463393688202
2929,8,325,0.14591577649116516
2930,8,326,0.17113688588142395
2931,8,327,0.15305843949317932
2932,8,328,0.14886727929115295
2933,8,329,0.18998485803604126
2934,8,330,0.20924344658851624
2935,8,331,0.1549774408340454
2936,8,332,0.21796579658985138
2937,8,333,0.18618784844875336
2938,8,334,0.1569528579711914
2939,8,335,0.18636076152324677
2940,8,336,0.1862775981426239
2941,8,337,0.18970543146133423
2942,8,338,0.1576988399028778
2943,8,339,0.18010959029197693
2944,8,340,0.15719124674797058
2945,8,341,0.18618033826351166
2946,8,342,0.16008360683918
2947,8,343,0.16263514757156372
2948,8,344,0.22208364307880402
2949,8,345,0.1686195433139801
2950,8,346,0.18338894844055176
2951,8,347,0.16687841713428497
2952,8,348,0.19124935567378998
2953,8,349,0.18424776196479797
2954,8,350,0.18134860694408417
2955,8,351,0.16104428470134735
2956,8,352,0.1432141810655594
2957,8,353,0.1991976946592331
2958,8,354,0.16061735153198242
2959,8,355,0.18242523074150085
2960,8,356,0.18839982151985168
2961,8,357,0.1907307654619217
2962,8,358,0.13919015228748322
2963,8,359,0.16842781007289886
2964,8,360,0.20947258174419403
2965,8,361,0.33369529247283936
2966,8,362,0.17704427242279053
2967,8,363,0.19131362438201904
2968,8,364,0.17398080229759216
2969,8,365,0.1555016040802002
2970,8,366,0.15881691873073578
2971,8,367,0.16461148858070374
2972,8,368,0.1574806272983551
2973,8,369,0.19817502796649933
2974,8,370,0.19081218540668488
2975,8,371,0.16586098074913025
2976,8,372,0.15540145337581635
2977,9,1,0.17351503670215607
2978,9,2,0.18569466471672058
2979,9,3,0.19964255392551422
2980,9,4,0.18994185328483582
2981,9,5,0.1543780267238617
2982,9,6,0.17954926192760468
2983,9,7,0.12598817050457
2984,9,8,0.1357315331697464
2985,9,9,0.1709253489971161
2986,9,10,0.1658814400434494
2987,9,11,0.17193439602851868
2988,9,12,0.14375314116477966
2989,9,13,0.21219828724861145
2990,9,14,0.2172451764345169
2991,9,15,0.1758013814687729
2992,9,16,0.15235742926597595
2993,9,17,0.19561807811260223
2994,9,18,0.14483046531677246
2995,9,19,0.14660868048667908
2996,9,20,0.14170607924461365
2997,9,21,0.17244581878185272
2998,9,22,0.24803248047828674
2999,9,23,0.1734122335910797
3000,9,24,0.16188447177410126
3001,9,25,0.14122331142425537
3002,9,26,0.20720438659191132
3003,9,27,0.1437317430973053
3004,9,28,0.1595897376537323
3005,9,29,0.19246196746826172
3006,9,30,0.16268303990364075
3007,9,31,0.15937484800815582
3008,9,32,0.23115363717079163
3009,9,33,0.16525916755199432
3010,9,34,0.18337103724479675
3011,9,35,0.1294952630996704
3012,9,36,0.1650480031967163
3013,9,37,0.16798272728919983
3014,9,38,0.15641595423221588
3015,9,39,0.16069486737251282
3016,9,40,0.14771351218223572
3017,9,41,0.19009225070476532
3018,9,42,0.15033091604709625
3019,9,43,0.1791629195213318
3020,9,44,0.2773149907588959
3021,9,45,0.1385326236486435
3022,9,46,0.16727672517299652
3023,9,47,0.14655029773712158
3024,9,48,0.1313772201538086
3025,9,49,0.16388699412345886
3026,9,50,0.17730379104614258
3027,9,51,0.16171270608901978
3028,9,52,0.1615150272846222
3029,9,53,0.19688692688941956
3030,9,54,0.17106327414512634
3031,9,55,0.16278746724128723
3032,9,56,0.17646054923534393
3033,9,57,0.23611073195934296
3034,9,58,0.21743027865886688
3035,9,59,0.1554521918296814
3036,9,60,0.15754151344299316
3037,9,61,0.15524879097938538
3038,9,62,0.17194907367229462
3039,9,63,0.11318103224039078
3040,9,64,0.1603141576051712
3041,9,65,0.14950914680957794
3042,9,66,0.12716959416866302
3043,9,67,0.14765094220638275
3044,9,68,0.14514726400375366
3045,9,69,0.14721089601516724
3046,9,70,0.17179271578788757
3047,9,71,0.15683668851852417
3048,9,72,0.16369763016700745
3049,9,73,0.14687499403953552
3050,9,74,0.218157097697258
3051,9,75,0.17143192887306213
3052,9,76,0.15860393643379211
3053,9,77,0.1395738273859024
3054,9,78,0.1618638038635254
3055,9,79,0.17266368865966797
3056,9,80,0.18124417960643768
3057,9,81,0.16149939596652985
3058,9,82,0.14859846234321594
3059,9,83,0.16462840139865875
3060,9,84,0.13179752230644226
3061,9,85,0.15182280540466309
3062,9,86,0.1689537912607193
3063,9,87,0.18647439777851105
3064,9,88,0.15203209221363068
3065,9,89,0.15446379780769348
3066,9,90,0.18100965023040771
3067,9,91,0.1610572189092636
3068,9,92,0.17079666256904602
3069,9,93,0.18291133642196655
3070,9,94,0.1654251515865326
3071,9,95,0.1408914029598236
3072,9,96,0.1653778851032257
3073,9,97,0.14987514913082123
3074,9,98,0.13892683386802673
3075,9,99,0.13632450997829437
3076,9,100,0.1675926148891449
3077,9,101,0.16049738228321075
3078,9,102,0.1799287497997284
3079,9,103,0.19624397158622742
3080,9,104,0.15978705883026123
3081,9,105,0.15382620692253113
3082,9,106,0.19219353795051575
3083,9,107,0.14699681103229523
3084,9,108,0.16815438866615295
3085,9,109,0.1456083357334137
3086,9,110,0.17165088653564453
3087,9,111,0.1671513319015503
3088,9,112,0.17408700287342072
3089,9,113,0.1614481508731842
3090,9,114,0.12857910990715027
3091,9,115,0.1273171603679657
3092,9,116,0.14627578854560852
3093,9,117,0.17428693175315857
3094,9,118,0.21393220126628876
3095,9,119,0.1256374567747116
3096,9,120,0.155057892203331
3097,9,121,0.24394509196281433
3098,9,122,0.13869524002075195
3099,9,123,0.1493724286556244
3100,9,124,0.1508653461933136
3101,9,125,0.19037680327892303
3102,9,126,0.15951839089393616
3103,9,127,0.17419780790805817
3104,9,128,0.17667895555496216
3105,9,129,0.15702351927757263
3106,9,130,0.2824864983558655
3107,9,131,0.1460571587085724
3108,9,132,0.11098974943161011
3109,9,133,0.13746018707752228
3110,9,134,0.15699553489685059
3111,9,135,0.15141387283802032
3112,9,136,0.1563125103712082
3113,9,137,0.14349451661109924
3114,9,138,0.17436732351779938
3115,9,139,0.15286296606063843
3116,9,140,0.16189351677894592
3117,9,141,0.16324318945407867
3118,9,142,0.1517777293920517
3119,9,143,0.1880689561367035
3120,9,144,0.1474170982837677
3121,9,145,0.16504552960395813
3122,9,146,0.12538349628448486
3123,9,147,0.15624132752418518
3124,9,148,0.1656041145324707
3125,9,149,0.1514657735824585
3126,9,150,0.16573965549468994
3127,9,151,0.1557353436946869
3128,9,152,0.1585632562637329
3129,9,153,0.16086819767951965
3130,9,154,0.1528773009777069
3131,9,155,0.1552509367465973
3132,9,156,0.16129061579704285
3133,9,157,0.16541622579097748
3134,9,158,0.143422469496727
3135,9,159,0.1347731053829193
3136,9,160,0.15100553631782532
3137,9,161,0.18213486671447754
3138,9,162,0.15229934453964233
3139,9,163,0.17091992497444153
3140,9,164,0.15779419243335724
3141,9,165,0.15994156897068024
3142,9,166,0.16008689999580383
3143,9,167,0.16813531517982483
3144,9,168,0.15090477466583252
3145,9,169,0.1385258585214615
3146,9,170,0.15190982818603516
3147,9,171,0.20110908150672913
3148,9,172,0.16583910584449768
3149,9,173,0.1601051688194275
3150,9,174,0.13909831643104553
3151,9,175,0.20137758553028107
3152,9,176,0.15904501080513
3153,9,177,0.13312885165214539
3154,9,178,0.13447614014148712
3155,9,179,0.141760915517807
3156,9,180,0.1514579802751541
3157,9,181,0.18110927939414978
3158,9,182,0.16714724898338318
3159,9,183,0.15248766541481018
3160,9,184,0.16882364451885223
3161,9,185,0.14272268116474152
3162,9,186,0.15252135694026947
3163,9,187,0.15131555497646332
3164,9,188,0.1326541155576706
3165,9,189,0.15539227426052094
3166,9,190,0.14674898982048035
3167,9,191,0.17330054938793182
3168,9,192,0.18080149590969086
3169,9,193,0.1728108525276184
3170,9,194,0.17523834109306335
3171,9,195,0.15287168323993683
3172,9,196,0.13884809613227844
3173,9,197,0.17034558951854706
3174,9,198,0.18388907611370087
3175,9,199,0.16208180785179138
3176,9,200,0.19872581958770752
3177,9,201,0.19760355353355408
3178,9,202,0.14200182259082794
3179,9,203,0.17854081094264984
3180,9,204,0.15779076516628265
3181,9,205,0.18090739846229553
3182,9,206,0.16356916725635529
3183,9,207,0.16430291533470154
3184,9,208,0.12514182925224304
3185,9,209,0.15005521476268768
3186,9,210,0.14436519145965576
3187,9,211,0.14125581085681915
3188,9,212,0.13653478026390076
3189,9,213,0.15883032977581024
3190,9,214,0.17146779596805573
3191,9,215,0.1338105946779251
3192,9,216,0.1451350748538971
3193,9,217,0.14244958758354187
3194,9,218,0.14963337779045105
3195,9,219,0.18604691326618195
3196,9,220,0.13074526190757751
3197,9,221,0.15614546835422516
3198,9,222,0.12846627831459045
3199,9,223,0.15403582155704498
3200,9,224,0.15298953652381897
3201,9,225,0.1462641954421997
3202,9,226,0.14557664096355438
3203,9,227,0.15806731581687927
3204,9,228,0.17698366940021515
3205,9,229,0.17740651965141296
3206,9,230,0.12276846170425415
3207,9,231,0.14622762799263
3208,9,232,0.16060897707939148
3209,9,233,0.1242595687508583
3210,9,234,0.20156581699848175
3211,9,235,0.14769501984119415
3212,9,236,0.2002960741519928
3213,9,237,0.14709584414958954
3214,9,238,0.17668820917606354
3215,9,239,0.13252520561218262
3216,9,240,0.15310253202915192
3217,9,241,0.1419530212879181
3218,9,242,0.16248774528503418
3219,9,243,0.1299833357334137
3220,9,244,0.1640949845314026
3221,9,245,0.14632678031921387
3222,9,246,0.1509515941143036
3223,9,247,0.16024382412433624
3224,9,248,0.14267195761203766
3225,9,249,0.1960921734571457
3226,9,250,0.17505526542663574
3227,9,251,0.1833142787218094
3228,9,252,0.17171472311019897
3229,9,253,0.1443089246749878
3230,9,254,0.17137791216373444
3231,9,255,0.18257223069667816
3232,9,256,0.151154562830925
3233,9,257,0.16923685371875763
3234,9,258,0.15405377745628357
3235,9,259,0.17179715633392334
3236,9,260,0.14927788078784943
3237,9,261,0.12786385416984558
3238,9,262,0.13060148060321808
3239,9,263,0.13812847435474396
3240,9,264,0.16618892550468445
3241,9,265,0.207746222615242
3242,9,266,0.1699104607105255
3243,9,267,0.17308981716632843
3244,9,268,0.1618756353855133
3245,9,269,0.16399475932121277
3246,9,270,0.15138854086399078
3247,9,271,0.14485308527946472
3248,9,272,0.15086227655410767
3249,9,273,0.1541863977909088
3250,9,274,0.19416967034339905
3251,9,275,0.15983541309833527
3252,9,276,0.14260274171829224
3253,9,277,0.1529313325881958
3254,9,278,0.12167253345251083
3255,9,279,0.17488056421279907
3256,9,280,0.14279362559318542
3257,9,281,0.18646663427352905
3258,9,282,0.14606769382953644
3259,9,283,0.14844945073127747
3260,9,284,0.13939163088798523
3261,9,285,0.1591443419456482
3262,9,286,0.16468843817710876
3263,9,287,0.15128029882907867
3264,9,288,0.14975711703300476
3265,9,289,0.15886490046977997
3266,9,290,0.1475038230419159
3267,9,291,0.2225378304719925
3268,9,292,0.2269502431154251
3269,9,293,0.14137902855873108
3270,9,294,0.16113139688968658
3271,9,295,0.13004322350025177
3272,9,296,0.14894653856754303
3273,9,297,0.1441042423248291
3274,9,298,0.1986306607723236
3275,9,299,0.14296771585941315
3276,9,300,0.1512749046087265
3277,9,301,0.15380053222179413
3278,9,302,0.17780503630638123
3279,9,303,0.20198845863342285
3280,9,304,0.15460678935050964
3281,9,305,0.1628655046224594
3282,9,306,0.1768791377544403
3283,9,307,0.16861049830913544
3284,9,308,0.16985255479812622
3285,9,309,0.1264314353466034
3286,9,310,0.14777372777462006
3287,9,311,0.14978010952472687
3288,9,312,0.14465242624282837
3289,9,313,0.14154891669750214
3290,9,314,0.14154277741909027
3291,9,315,0.1334068477153778
3292,9,316,0.14734452962875366
3293,9,317,0.13093772530555725
3294,9,318,0.135667622089386
3295,9,319,0.13503235578536987
3296,9,320,0.15223951637744904
3297,9,321,0.16255174577236176
3298,9,322,0.16058972477912903
3299,9,323,0.16664355993270874
3300,9,324,0.18642786145210266
3301,9,325,0.14971084892749786
3302,9,326,0.14662519097328186
3303,9,327,0.16444465517997742
3304,9,328,0.15650609135627747
3305,9,329,0.14589686691761017
3306,9,330,0.14986710250377655
3307,9,331,0.15207035839557648
3308,9,332,0.16718298196792603
3309,9,333,0.147925466299057
3310,9,334,0.15314039587974548
3311,9,335,0.15959861874580383
3312,9,336,0.16014626622200012
3313,9,337,0.1312934309244156
3314,9,338,0.1404474675655365
3315,9,339,0.1569497287273407
3316,9,340,0.14216692745685577
3317,9,341,0.15832409262657166
3318,9,342,0.14256158471107483
3319,9,343,0.16682788729667664
3320,9,344,0.18132981657981873
3321,9,345,0.15313255786895752
3322,9,346,0.12949497997760773
3323,9,347,0.13759271800518036
3324,9,348,0.16288961470127106
3325,9,349,0.14978446066379547
3326,9,350,0.1848130226135254
3327,9,351,0.17117786407470703
3328,9,352,0.16361504793167114
3329,9,353,0.18544051051139832
3330,9,354,0.17281433939933777
3331,9,355,0.14339883625507355
3332,9,356,0.1865495890378952
3333,9,357,0.13421256840229034
3334,9,358,0.1699042022228241
3335,9,359,0.13094429671764374
3336,9,360,0.15614809095859528
3337,9,361,0.14539630711078644
3338,9,362,0.15895695984363556
3339,9,363,0.17206987738609314
3340,9,364,0.14100511372089386
3341,9,365,0.13050469756126404
3342,9,366,0.14365747570991516
3343,9,367,0.19560536742210388
3344,9,368,0.20634055137634277
3345,9,369,0.1555584967136383
3346,9,370,0.1364455223083496
3347,9,371,0.14516708254814148
3348,9,372,0.13311675190925598
3349,10,1,0.13641032576560974
3350,10,2,0.14421111345291138
3351,10,3,0.1400575190782547
3352,10,4,0.15549743175506592
3353,10,5,0.15782812237739563
3354,10,6,0.13852253556251526
3355,10,7,0.15228688716888428
3356,10,8,0.16281631588935852
3357,10,9,0.18141700327396393
3358,10,10,0.16935789585113525
3359,10,11,0.14444497227668762
3360,10,12,0.12787391245365143
3361,10,13,0.1790858954191208
3362,10,14,0.1344912350177765
3363,10,15,0.17671597003936768
3364,10,16,0.15472911298274994
3365,10,17,0.13106685876846313
3366,10,18,0.16751709580421448
3367,10,19,0.1571042686700821
3368,10,20,0.19931820034980774
3369,10,21,0.15203092992305756
3370,10,22,0.14095456898212433
3371,10,23,0.14158327877521515
3372,10,24,0.1277080476284027
3373,10,25,0.13662421703338623
3374,10,26,0.14441414177417755
3375,10,27,0.13836845755577087
3376,10,28,0.14786486327648163
3377,10,29,0.11930384486913681
3378,10,30,0.12875325977802277
3379,10,31,0.16465464234352112
3380,10,32,0.1289079487323761
3381,10,33,0.15476098656654358
3382,10,34,0.1780654639005661
3383,10,35,0.17957115173339844
3384,10,36,0.14752523601055145
3385,10,37,0.14180438220500946
3386,10,38,0.13026545941829681
3387,10,39,0.13906049728393555
3388,10,40,0.14617371559143066
3389,10,41,0.14610037207603455
3390,10,42,0.12531189620494843
3391,10,43,0.1445741206407547
3392,10,44,0.14888568222522736
3393,10,45,0.15625286102294922
3394,10,46,0.14554068446159363
3395,10,47,0.1335465908050537
3396,10,48,0.12641526758670807
3397,10,49,0.14682242274284363
3398,10,50,0.13576094806194305
3399,10,51,0.17207157611846924
3400,10,52,0.14255356788635254
3401,10,53,0.15900194644927979
3402,10,54,0.17205768823623657
3403,10,55,0.1545361578464508
3404,10,56,0.16259685158729553
3405,10,57,0.13610751926898956
3406,10,58,0.15409861505031586
3407,10,59,0.1555391103029251
3408,10,60,0.1251668930053711
3409,10,61,0.1457364559173584
3410,10,62,0.15418754518032074
3411,10,63,0.15959545969963074
3412,10,64,0.16145554184913635
3413,10,65,0.20260941982269287
3414,10,66,0.1694488525390625
3415,10,67,0.15380291640758514
3416,10,68,0.16089996695518494
3417,10,69,0.18828633427619934
3418,10,70,0.17121388018131256
3419,10,71,0.11698146909475327
3420,10,72,0.14611920714378357
3421,10,73,0.14135506749153137
3422,10,74,0.11897863447666168
3423,10,75,0.13999328017234802
3424,10,76,0.12334974855184555
3425,10,77,0.15257924795150757
3426,10,78,0.13140931725502014
3427,10,79,0.13693778216838837
3428,10,80,0.1434001624584198
3429,10,81,0.12615129351615906
3430,10,82,0.1480267494916916
3431,10,83,0.17618434131145477
3432,10,84,0.12728522717952728
3433,10,85,0.18266698718070984
3434,10,86,0.1271219551563263
3435,10,87,0.133894145488739
3436,10,88,0.12008558213710785
3437,10,89,0.13392145931720734
3438,10,90,0.13410571217536926
3439,10,91,0.12578095495700836
3440,10,92,0.16894009709358215
3441,10,93,0.13962578773498535
3442,10,94,0.13374543190002441
3443,10,95,0.1515512317419052
3444,10,96,0.13632628321647644
3445,10,97,0.14865057170391083
3446,10,98,0.14379693567752838
3447,10,99,0.1502269059419632
3448,10,100,0.14136959612369537
3449,10,101,0.17416976392269135
3450,10,102,0.14712771773338318
3451,10,103,0.15693679451942444
3452,10,104,0.16077519953250885
3453,10,105,0.17892050743103027
3454,10,106,0.19288046658039093
3455,10,107,0.14719004929065704
3456,10,108,0.11876603215932846
3457,10,109,0.14338751137256622
3458,10,110,0.14985467493534088
3459,10,111,0.16083616018295288
3460,10,112,0.15928177535533905
3461,10,113,0.12206033617258072
3462,10,114,0.14814677834510803
3463,10,115,0.17936792969703674
3464,10,116,0.1404535174369812
3465,10,117,0.1592898815870285
3466,10,118,0.13370811939239502
3467,10,119,0.14803536236286163
3468,10,120,0.12909410893917084
3469,10,121,0.145417258143425
3470,10,122,0.14298324286937714
3471,10,123,0.13892629742622375
3472,10,124,0.15877866744995117
3473,10,125,0.14931385219097137
3474,10,126,0.15747079253196716
3475,10,127,0.16272059082984924
3476,10,128,0.15348710119724274
3477,10,129,0.1795368641614914
3478,10,130,0.1378907859325409
3479,10,131,0.1324102133512497
3480,10,132,0.1827276051044464
3481,10,133,0.11980261653661728
3482,10,134,0.14119189977645874
3483,10,135,0.1810726821422577
3484,10,136,0.16017493605613708
3485,10,137,0.1760176718235016
3486,10,138,0.1304815113544464
3487,10,139,0.1725194752216339
3488,10,140,0.16415008902549744
3489,10,141,0.1665722280740738
3490,10,142,0.14083848893642426
3491,10,143,0.17254385352134705
3492,10,144,0.14186067879199982
3493,10,145,0.13659583032131195
3494,10,146,0.15859249234199524
3495,10,147,0.12786486744880676
3496,10,148,0.1454470306634903
3497,10,149,0.13080881536006927
3498,10,150,0.1456063836812973
3499,10,151,0.17575614154338837
3500,10,152,0.1535731554031372
3501,10,153,0.1833658665418625
3502,10,154,0.14152976870536804
3503,10,155,0.15432751178741455
3504,10,156,0.12237708270549774
3505,10,157,0.11040814965963364
3506,10,158,0.19067177176475525
3507,10,159,0.14936789870262146
3508,10,160,0.13689254224300385
3509,10,161,0.14138655364513397
3510,10,162,0.12360651791095734
3511,10,163,0.13852860033512115
3512,10,164,0.14156822860240936
3513,10,165,0.17161749303340912
3514,10,166,0.1333954781293869
3515,10,167,0.1381118893623352
3516,10,168,0.14309336245059967
3517,10,169,0.14983408153057098
3518,10,170,0.1717206984758377
3519,10,171,0.1714470088481903
3520,10,172,0.170037180185318
3521,10,173,0.1671162098646164
3522,10,174,0.19831551611423492
3523,10,175,0.1455013006925583
3524,10,176,0.12550851702690125
3525,10,177,0.18353968858718872
3526,10,178,0.14426657557487488
3527,10,179,0.11933700740337372
3528,10,180,0.16799572110176086
3529,10,181,0.1410064399242401
3530,10,182,0.1318715661764145
3531,10,183,0.1778775304555893
3532,10,184,0.1321135312318802
3533,10,185,0.1536344438791275
3534,10,186,0.16201117634773254
3535,10,187,0.15260130167007446
3536,10,188,0.16407248377799988
3537,10,189,0.10548923909664154
3538,10,190,0.13636858761310577
3539,10,191,0.1418117880821228
3540,10,192,0.15694965422153473
3541,10,193,0.16726255416870117
3542,10,194,0.12738482654094696
3543,10,195,0.1445343792438507
3544,10,196,0.1301286518573761
3545,10,197,0.16986215114593506
3546,10,198,0.16471219062805176
3547,10,199,0.11278943717479706
3548,10,200,0.12288156896829605
3549,10,201,0.1336609423160553
3550,10,202,0.15689969062805176
3551,10,203,0.16532739996910095
3552,10,204,0.15848158299922943
3553,10,205,0.13715575635433197
3554,10,206,0.12101028859615326
3555,10,207,0.14995652437210083
3556,10,208,0.15031859278678894
3557,10,209,0.14318154752254486
3558,10,210,0.13227631151676178
3559,10,211,0.1400170624256134
3560,10,212,0.13423708081245422
3561,10,213,0.15149489045143127
3562,10,214,0.15578705072402954
3563,10,215,0.17255567014217377
3564,10,216,0.16912363469600677
3565,10,217,0.166041761636734
3566,10,218,0.16715502738952637
3567,10,219,0.15590520203113556
3568,10,220,0.143192857503891
3569,10,221,0.14364472031593323
3570,10,222,0.17085905373096466
3571,10,223,0.13326025009155273
3572,10,224,0.14474792778491974
3573,10,225,0.14012375473976135
3574,10,226,0.1528836339712143
3575,10,227,0.13921792805194855
3576,10,228,0.14664135873317719
3577,10,229,0.1264708787202835
3578,10,230,0.13274532556533813
3579,10,231,0.13444796204566956
3580,10,232,0.19685813784599304
3581,10,233,0.13998453319072723
3582,10,234,0.1732693761587143
3583,10,235,0.11826803535223007
3584,10,236,0.15019378066062927
3585,10,237,0.14709314703941345
3586,10,238,0.13724561035633087
3587,10,239,0.15397463738918304
3588,10,240,0.14432908594608307
3589,10,241,0.14238275587558746
3590,10,242,0.13551723957061768
3591,10,243,0.17912235856056213
3592,10,244,0.16751252114772797
3593,10,245,0.1259993612766266
3594,10,246,0.15701016783714294
3595,10,247,0.15734966099262238
3596,10,248,0.1308586448431015
3597,10,249,0.1636977642774582
3598,10,250,0.1469113826751709
3599,10,251,0.14972850680351257
3600,10,252,0.1686505526304245
3601,10,253,0.2996489107608795
3602,10,254,0.13370472192764282
3603,10,255,0.16176080703735352
3604,10,256,0.21978981792926788
3605,10,257,0.15156880021095276
3606,10,258,0.16544756293296814
3607,10,259,0.15967242419719696
3608,10,260,0.1698198914527893
3609,10,261,0.15981252491474152
3610,10,262,0.1438540369272232
3611,10,263,0.14328928291797638
3612,10,264,0.16445745527744293
3613,10,265,0.18506291508674622
3614,10,266,0.1389779895544052
3615,10,267,0.1714889109134674
3616,10,268,0.14594225585460663
3617,10,269,0.17678777873516083
3618,10,270,0.19266250729560852
3619,10,271,0.1719438135623932
3620,10,272,0.19116835296154022
3621,10,273,0.11310000717639923
3622,10,274,0.1612352877855301
3623,10,275,0.1456136256456375
3624,10,276,0.1718074381351471
3625,10,277,0.15775713324546814
3626,10,278,0.15295885503292084
3627,10,279,0.1471235454082489
3628,10,280,0.1495838165283203
3629,10,281,0.1463368982076645
3630,10,282,0.1513899862766266
3631,10,283,0.16426274180412292
3632,10,284,0.1182512491941452
3633,10,285,0.17452862858772278
3634,10,286,0.17137964069843292
3635,10,287,0.13735561072826385
3636,10,288,0.1434357613325119
3637,10,289,0.1815612018108368
3638,10,290,0.12811501324176788
3639,10,291,0.18472294509410858
3640,10,292,0.132874995470047
3641,10,293,0.1447014957666397
3642,10,294,0.18506574630737305
3643,10,295,0.17266879975795746
3644,10,296,0.15974533557891846
3645,10,297,0.13716991245746613
3646,10,298,0.17051386833190918
3647,10,299,0.16736474633216858
3648,10,300,0.1300356537103653
3649,10,301,0.14069589972496033
3650,10,302,0.18407031893730164
3651,10,303,0.15709586441516876
3652,10,304,0.15504339337348938
3653,10,305,0.14864903688430786
3654,10,306,0.1290067583322525
3655,10,307,0.16376951336860657
3656,10,308,0.13062885403633118
3657,10,309,0.1376694142818451
3658,10,310,0.15681788325309753
3659,10,311,0.17466695606708527
3660,10,312,0.12211781740188599
3661,10,313,0.1386399120092392
3662,10,314,0.15882018208503723
3663,10,315,0.15846985578536987
3664,10,316,0.2173534333705902
3665,10,317,0.138409823179245
3666,10,318,0.1529773622751236
3667,10,319,0.1740032136440277
3668,10,320,0.1434703767299652
3669,10,321,0.15263177454471588
3670,10,322,0.1459570825099945
3671,10,323,0.15431943535804749
3672,10,324,0.1446407288312912
3673,10,325,0.15638037025928497
3674,10,326,0.16514526307582855
3675,10,327,0.1284223347902298
3676,10,328,0.19823965430259705
3677,10,329,0.16590148210525513
3678,10,330,0.13061456382274628
3679,10,331,0.12844491004943848
3680,10,332,0.1816350370645523
3681,10,333,0.17147353291511536
3682,10,334,0.14012931287288666
3683,10,335,0.12392102181911469
3684,10,336,0.17617963254451752
3685,10,337,0.14518585801124573
3686,10,338,0.1284019649028778
3687,10,339,0.15989546477794647
3688,10,340,0.1203121691942215
3689,10,341,0.17384782433509827
3690,10,342,0.17247645556926727
3691,10,343,0.15478742122650146
3692,10,344,0.13567867875099182
3693,10,345,0.12606459856033325
3694,10,346,0.14586375653743744
3695,10,347,0.14363816380500793
3696,10,348,0.1392141729593277
3697,10,349,0.164887934923172
3698,10,350,0.13754282891750336
3699,10,351,0.14418433606624603
3700,10,352,0.1501908153295517
3701,10,353,0.12837156653404236
3702,10,354,0.20534102618694305
3703,10,355,0.15432186424732208
3704,10,356,0.14276587963104248
3705,10,357,0.11936291307210922
3706,10,358,0.12293064594268799
3707,10,359,0.13169044256210327
3708,10,360,0.14123375713825226
3709,10,361,0.12732884287834167
3710,10,362,0.1578453630208969
3711,10,363,0.17125006020069122
3712,10,364,0.13051322102546692
3713,10,365,0.1650451272726059
3714,10,366,0.15085232257843018
3715,10,367,0.15481004118919373
3716,10,368,0.16340824961662292
3717,10,369,0.15713584423065186
3718,10,370,0.14282384514808655
3719,10,371,0.17891821265220642
3720,10,372,0.1224670484662056
