global_step,epoch,batch,train_loss
1,1,1,3.4750027656555176
2,1,2,3.144516944885254
3,1,3,2.9439079761505127
4,1,4,2.7065725326538086
5,1,5,2.379248857498169
6,1,6,2.2699668407440186
7,1,7,2.0333266258239746
8,1,8,1.7679998874664307
9,1,9,1.6735632419586182
10,1,10,1.5169429779052734
11,1,11,1.3850817680358887
12,1,12,1.3345715999603271
13,1,13,1.162925362586975
14,1,14,1.3032118082046509
15,1,15,1.0003893375396729
16,1,16,0.9988763928413391
17,1,17,1.0344264507293701
18,1,18,1.048844575881958
19,1,19,0.8861526250839233
20,1,20,0.9411826133728027
21,1,21,1.1249639987945557
22,1,22,0.9777227640151978
23,1,23,1.1109272241592407
24,1,24,1.0418497323989868
25,1,25,0.9745904207229614
26,1,26,0.8136113882064819
27,1,27,0.9914356470108032
28,1,28,0.711826503276825
29,1,29,0.9112548828125
30,1,30,0.6954441070556641
31,1,31,0.7487460374832153
32,1,32,0.8649863004684448
33,1,33,0.9293419122695923
34,1,34,0.9072219729423523
35,1,35,1.210087537765503
36,1,36,0.8539365530014038
37,1,37,0.8285371661186218
38,1,38,0.6461613178253174
39,1,39,0.7659444212913513
40,1,40,0.5962540507316589
41,1,41,0.7624801993370056
42,1,42,0.8126876950263977
43,1,43,0.6996170282363892
44,1,44,0.6672618985176086
45,1,45,0.7063751816749573
46,1,46,0.8636661767959595
47,1,47,0.7779198884963989
48,1,48,0.5626975893974304
49,1,49,0.5547056794166565
50,1,50,0.5793130397796631
51,1,51,0.7006915807723999
52,1,52,0.835996150970459
53,1,53,0.6066915392875671
54,1,54,0.606205940246582
55,1,55,0.7551707029342651
56,1,56,0.5539911985397339
57,1,57,0.8109321594238281
58,1,58,0.668277382850647
59,1,59,0.6526313424110413
60,1,60,0.46164470911026
61,1,61,0.6052206754684448
62,1,62,0.6105125546455383
63,1,63,0.7184646725654602
64,1,64,0.8546435236930847
65,1,65,0.4903765320777893
66,1,66,0.5937927961349487
67,1,67,0.4960843026638031
68,1,68,0.6905366778373718
69,1,69,0.5221425294876099
70,1,70,0.9088021516799927
71,1,71,0.9811018109321594
72,1,72,0.6227222681045532
73,1,73,0.608184278011322
74,1,74,0.5041385293006897
75,1,75,0.4717681407928467
76,1,76,0.5468347668647766
77,1,77,0.6377116441726685
78,1,78,0.5818148851394653
79,1,79,0.5417975187301636
80,1,80,0.5480146408081055
81,1,81,0.5463552474975586
82,1,82,0.5481613874435425
83,1,83,0.6468601226806641
84,1,84,0.62181556224823
85,1,85,0.5332463979721069
86,1,86,0.5246701240539551
87,1,87,0.5309005975723267
88,1,88,0.47548040747642517
89,1,89,0.8736403584480286
90,1,90,0.4510614275932312
91,1,91,0.5798487067222595
92,1,92,0.6924335360527039
93,1,93,0.4706760048866272
94,1,94,0.4784047603607178
95,1,95,0.569355309009552
96,1,96,0.5265241265296936
97,1,97,0.5253504514694214
98,1,98,0.5969386100769043
99,1,99,0.5522154569625854
100,1,100,0.530982255935669
101,1,101,0.552071213722229
102,1,102,0.5970718264579773
103,1,103,0.44008517265319824
104,1,104,0.5700506567955017
105,1,105,0.5313428640365601
106,1,106,0.5433305501937866
107,1,107,0.45238304138183594
108,1,108,0.5784692764282227
109,1,109,0.5780767202377319
110,1,110,0.4981180727481842
111,1,111,0.42705249786376953
112,1,112,0.4622471332550049
113,1,113,0.4565558433532715
114,1,114,0.5083065629005432
115,1,115,0.5997549295425415
116,1,116,0.4872458577156067
117,1,117,0.4300784170627594
118,1,118,0.5141359567642212
119,1,119,0.46987900137901306
120,1,120,0.5332368612289429
121,1,121,0.4325656294822693
122,1,122,0.3607949912548065
123,1,123,0.5965728163719177
124,1,124,0.4768966734409332
125,1,125,0.5224849581718445
126,1,126,0.5605558753013611
127,1,127,0.42748919129371643
128,1,128,0.4732540547847748
129,1,129,0.40973910689353943
130,1,130,0.4591062068939209
131,1,131,0.41356825828552246
132,1,132,0.4675846993923187
133,1,133,0.5094189643859863
134,1,134,0.4108293652534485
135,1,135,0.33789196610450745
136,1,136,0.5078455209732056
137,1,137,0.450844943523407
138,1,138,0.45858073234558105
139,1,139,0.4701620638370514
140,1,140,0.4811943471431732
141,1,141,0.4707518219947815
142,1,142,0.4692738950252533
143,1,143,0.42120862007141113
144,1,144,0.3853085935115814
145,1,145,0.5227893590927124
146,1,146,0.46888622641563416
147,1,147,0.4564405083656311
148,1,148,0.595085859298706
149,1,149,0.4213065207004547
150,1,150,0.48255324363708496
151,1,151,0.543214738368988
152,1,152,0.4785752296447754
153,1,153,0.36720818281173706
154,1,154,0.5599120855331421
155,1,155,0.4434194564819336
156,1,156,0.4632938802242279
157,1,157,0.45178213715553284
158,1,158,0.44124746322631836
159,1,159,0.40068620443344116
160,1,160,0.5938340425491333
161,1,161,0.42481207847595215
162,1,162,0.5179236531257629
163,1,163,0.32900816202163696
164,1,164,0.37356069684028625
165,1,165,0.548885703086853
166,1,166,0.38242095708847046
167,1,167,0.8302725553512573
168,1,168,0.4353417456150055
169,1,169,0.41353169083595276
170,1,170,0.34885653853416443
171,1,171,0.5066626071929932
172,1,172,0.41821232438087463
173,1,173,0.5355809926986694
174,1,174,0.5495458841323853
175,1,175,0.33278316259384155
176,1,176,0.3614192306995392
177,1,177,0.4905388355255127
178,1,178,0.4035574495792389
179,1,179,0.49811267852783203
180,1,180,0.38029855489730835
181,1,181,0.39074358344078064
182,1,182,0.42630353569984436
183,1,183,0.4468376636505127
184,1,184,0.5513551235198975
185,1,185,0.3994658887386322
186,1,186,0.4985472559928894
187,1,187,0.42081183195114136
188,1,188,0.5126984715461731
189,1,189,0.4359658360481262
190,1,190,0.7886173725128174
191,1,191,0.3982371687889099
192,1,192,0.7871655225753784
193,1,193,0.39029794931411743
194,1,194,0.3884851336479187
195,1,195,0.6244285106658936
196,1,196,0.573587954044342
197,1,197,0.4185163974761963
198,1,198,0.35910147428512573
199,1,199,0.43473249673843384
200,1,200,0.3579457402229309
201,1,201,0.3621691167354584
202,1,202,0.4418117105960846
203,1,203,0.37204474210739136
204,1,204,0.7601656317710876
205,1,205,0.35502105951309204
206,1,206,0.4426022171974182
207,1,207,0.3613891005516052
208,1,208,0.38041752576828003
209,1,209,0.3548571467399597
210,1,210,0.37875738739967346
211,1,211,0.4775002598762512
212,1,212,0.4086384177207947
213,1,213,0.4853188991546631
214,1,214,0.34197181463241577
215,1,215,0.4329617917537689
216,1,216,0.430789053440094
217,1,217,0.39654210209846497
218,1,218,0.5351651310920715
219,1,219,0.3535279333591461
220,1,220,0.3808746337890625
221,1,221,0.26493948698043823
222,1,222,0.3685031235218048
223,1,223,0.4157116413116455
224,1,224,0.35971036553382874
225,1,225,0.4050186574459076
226,1,226,0.3628382682800293
227,1,227,0.3646768629550934
228,1,228,0.4930294156074524
229,1,229,0.3493928909301758
230,1,230,0.39395251870155334
231,1,231,0.41244593262672424
232,1,232,0.4024944305419922
233,1,233,0.6485633850097656
234,1,234,0.33031702041625977
235,1,235,0.38152438402175903
236,1,236,0.42612701654434204
237,1,237,0.3658360540866852
238,1,238,0.3594147562980652
239,1,239,0.4482133984565735
240,1,240,0.5556756258010864
241,1,241,0.37780457735061646
242,1,242,0.7821011543273926
243,1,243,0.4066183567047119
244,1,244,0.6885305643081665
245,1,245,0.45390206575393677
246,1,246,0.6225616335868835
247,1,247,0.34576308727264404
248,1,248,0.3787638247013092
249,1,249,0.3911304473876953
250,1,250,0.36914485692977905
251,1,251,0.45878249406814575
252,1,252,0.38344767689704895
253,1,253,0.3436703085899353
254,1,254,0.41650667786598206
255,1,255,0.32689473032951355
256,1,256,0.34699341654777527
257,1,257,0.3799445331096649
258,1,258,0.41339579224586487
259,1,259,0.41623538732528687
260,1,260,0.34533920884132385
261,1,261,0.28928282856941223
262,1,262,0.40972691774368286
263,1,263,0.38144129514694214
264,1,264,0.5021143555641174
265,1,265,0.2951821982860565
266,1,266,0.38164258003234863
267,1,267,0.365215927362442
268,1,268,0.4049615263938904
269,1,269,0.34600380063056946
270,1,270,0.3844923675060272
271,1,271,0.38102108240127563
272,1,272,0.302585631608963
273,1,273,0.3530321717262268
274,1,274,0.39217305183410645
275,1,275,0.49173665046691895
276,1,276,0.3893745541572571
277,1,277,0.3421308994293213
278,1,278,0.40854454040527344
279,1,279,0.33070996403694153
280,1,280,0.2984101176261902
281,1,281,0.3505140244960785
282,1,282,0.28728187084198
283,1,283,0.37712180614471436
284,1,284,0.36311039328575134
285,1,285,0.35644564032554626
286,1,286,0.33130598068237305
287,1,287,0.745984673500061
288,1,288,0.6084636449813843
289,1,289,0.32789549231529236
290,1,290,0.4003893733024597
291,1,291,0.3726973533630371
292,1,292,0.33205294609069824
293,1,293,0.3620665967464447
294,1,294,0.3473973274230957
295,1,295,0.25396138429641724
296,1,296,0.409649133682251
297,1,297,0.3880001902580261
298,1,298,0.3428592383861542
299,1,299,0.3305931091308594
300,1,300,0.3086923062801361
301,1,301,0.2944236993789673
302,1,302,0.35977932810783386
303,1,303,0.40803128480911255
304,1,304,0.32413893938064575
305,1,305,0.5695271492004395
306,1,306,0.3313705325126648
307,1,307,0.35617560148239136
308,1,308,0.33356529474258423
309,1,309,0.37172427773475647
310,1,310,0.5945430994033813
311,1,311,0.2961377799510956
312,1,312,0.3932596743106842
313,1,313,0.35451146960258484
314,1,314,0.4268196225166321
315,1,315,0.39090055227279663
316,1,316,0.37553998827934265
317,1,317,0.38122957944869995
318,1,318,0.2931988835334778
319,1,319,0.42520618438720703
320,1,320,0.3211854100227356
321,1,321,0.30683156847953796
322,1,322,0.31257590651512146
323,1,323,0.37738779187202454
324,1,324,0.28537991642951965
325,1,325,0.3400551676750183
326,1,326,0.4772055745124817
327,1,327,0.3099127411842346
328,1,328,0.42480000853538513
329,1,329,0.3149119019508362
330,1,330,0.3309008479118347
331,1,331,0.30868789553642273
332,1,332,0.3117739260196686
333,1,333,0.3627971112728119
334,1,334,0.2949386537075043
335,1,335,0.4147450923919678
336,1,336,0.4234682023525238
337,1,337,0.3306063711643219
338,1,338,0.37562915682792664
339,1,339,0.32627004384994507
340,1,340,0.37005600333213806
341,1,341,0.361769437789917
342,1,342,0.3209356963634491
343,1,343,0.4017072319984436
344,1,344,0.3992496430873871
345,1,345,0.37293654680252075
346,1,346,0.3847729563713074
347,1,347,0.46046099066734314
348,1,348,0.2718992829322815
349,1,349,0.32246917486190796
350,1,350,0.3480255901813507
351,1,351,0.35257652401924133
352,1,352,0.381111741065979
353,1,353,0.5038216710090637
354,1,354,0.44325631856918335
355,1,355,0.4621681571006775
356,1,356,0.7833576798439026
357,1,357,0.40350404381752014
358,1,358,0.43514227867126465
359,1,359,0.3134412169456482
360,1,360,0.3604140877723694
361,1,361,0.3328841030597687
362,1,362,0.3614136874675751
363,1,363,0.35040098428726196
364,1,364,0.2547943592071533
365,1,365,0.3765806257724762
366,1,366,0.3191681504249573
367,1,367,0.39100557565689087
368,1,368,0.42960652709007263
369,1,369,0.36935949325561523
370,1,370,0.38135698437690735
371,1,371,0.2917674779891968
372,1,372,0.5036417841911316
373,2,1,0.3044147491455078
374,2,2,0.3600481152534485
375,2,3,0.7027686834335327
376,2,4,0.29177266359329224
377,2,5,0.26511502265930176
378,2,6,0.35574692487716675
379,2,7,0.2834154963493347
380,2,8,0.33579614758491516
381,2,9,0.32287290692329407
382,2,10,0.27998465299606323
383,2,11,0.27891579270362854
384,2,12,0.3904705047607422
385,2,13,0.2758592665195465
386,2,14,0.37016817927360535
387,2,15,0.2995005249977112
388,2,16,0.3677878677845001
389,2,17,0.29905611276626587
390,2,18,0.27490562200546265
391,2,19,0.34431710839271545
392,2,20,0.30124568939208984
393,2,21,0.34682101011276245
394,2,22,0.2722417712211609
395,2,23,0.30284827947616577
396,2,24,0.3089670240879059
397,2,25,0.29746341705322266
398,2,26,0.2778000235557556
399,2,27,0.3519328534603119
400,2,28,0.37978166341781616
401,2,29,0.306348592042923
402,2,30,0.29069435596466064
403,2,31,0.362135112285614
404,2,32,0.324740469455719
405,2,33,0.33333471417427063
406,2,34,0.2831224799156189
407,2,35,0.382976233959198
408,2,36,0.4693337380886078
409,2,37,0.2886548638343811
410,2,38,0.2749304175376892
411,2,39,0.2882947623729706
412,2,40,0.2525697350502014
413,2,41,0.3049643635749817
414,2,42,0.2938228249549866
415,2,43,0.2690252661705017
416,2,44,0.2843673527240753
417,2,45,0.3433264493942261
418,2,46,0.31019073724746704
419,2,47,0.3642215430736542
420,2,48,0.31562376022338867
421,2,49,0.31758683919906616
422,2,50,0.35856541991233826
423,2,51,0.2414538860321045
424,2,52,0.35293903946876526
425,2,53,0.3290223777294159
426,2,54,0.4064082205295563
427,2,55,0.30464112758636475
428,2,56,0.29171034693717957
429,2,57,0.3815835118293762
430,2,58,0.3736792504787445
431,2,59,0.34025365114212036
432,2,60,0.36280983686447144
433,2,61,0.34821975231170654
434,2,62,0.419467031955719
435,2,63,0.3108135461807251
436,2,64,0.4148178994655609
437,2,65,0.3120521903038025
438,2,66,0.33716294169425964
439,2,67,0.28196245431900024
440,2,68,0.33842232823371887
441,2,69,0.7552152276039124
442,2,70,0.25360122323036194
443,2,71,0.28757399320602417
444,2,72,0.36335697770118713
445,2,73,0.27339017391204834
446,2,74,0.33292195200920105
447,2,75,0.3732565939426422
448,2,76,0.2603556513786316
449,2,77,0.329578161239624
450,2,78,0.3171026110649109
451,2,79,0.28777700662612915
452,2,80,0.3097628057003021
453,2,81,0.2850973904132843
454,2,82,0.354559063911438
455,2,83,0.2950458228588104
456,2,84,0.24411723017692566
457,2,85,0.3882060647010803
458,2,86,0.29843586683273315
459,2,87,0.4077039659023285
460,2,88,0.4360794425010681
461,2,89,0.34953469038009644
462,2,90,0.32289737462997437
463,2,91,0.7959243059158325
464,2,92,0.32485321164131165
465,2,93,0.32851091027259827
466,2,94,0.3036740720272064
467,2,95,0.3344918191432953
468,2,96,0.36085811257362366
469,2,97,0.27731218934059143
470,2,98,0.25131526589393616
471,2,99,0.3224319815635681
472,2,100,0.3825009763240814
473,2,101,0.3499990999698639
474,2,102,0.31718701124191284
475,2,103,0.33504292368888855
476,2,104,0.302145391702652
477,2,105,0.27903565764427185
478,2,106,0.26228687167167664
479,2,107,0.3466346561908722
480,2,108,0.2866150438785553
481,2,109,0.4022635519504547
482,2,110,0.2719059884548187
483,2,111,0.32522737979888916
484,2,112,0.28436219692230225
485,2,113,0.24649003148078918
486,2,114,0.3031443953514099
487,2,115,0.2684769928455353
488,2,116,0.3048570156097412
489,2,117,0.2934187054634094
490,2,118,0.3618788421154022
491,2,119,0.2792917788028717
492,2,120,0.2606339454650879
493,2,121,0.3218667805194855
494,2,122,0.38365408778190613
495,2,123,0.2722288966178894
496,2,124,0.2868747413158417
497,2,125,0.2885987162590027
498,2,126,0.32546693086624146
499,2,127,0.2849319577217102
500,2,128,0.29348886013031006
501,2,129,0.23656849563121796
502,2,130,0.4413653314113617
503,2,131,0.29552143812179565
504,2,132,0.3169704079627991
505,2,133,0.27703770995140076
506,2,134,0.30176806449890137
507,2,135,0.31450751423835754
508,2,136,0.3763682544231415
509,2,137,0.4081209599971771
510,2,138,0.41356515884399414
511,2,139,0.6700039505958557
512,2,140,0.30505937337875366
513,2,141,0.2633379101753235
514,2,142,0.41508522629737854
515,2,143,0.3387174606323242
516,2,144,0.3231428861618042
517,2,145,0.29253092408180237
518,2,146,0.41315922141075134
519,2,147,0.3379751145839691
520,2,148,0.29195430874824524
521,2,149,0.3305612802505493
522,2,150,0.31873804330825806
523,2,151,0.39739203453063965
524,2,152,0.5381823778152466
525,2,153,0.49646490812301636
526,2,154,0.3200266659259796
527,2,155,0.3468267619609833
528,2,156,0.32609230279922485
529,2,157,0.32880517840385437
530,2,158,0.31303369998931885
531,2,159,0.6227489709854126
532,2,160,0.3299110531806946
533,2,161,0.2619706988334656
534,2,162,0.27888157963752747
535,2,163,0.31910207867622375
536,2,164,0.5158377289772034
537,2,165,0.3361341655254364
538,2,166,0.3436656594276428
539,2,167,0.3479865789413452
540,2,168,0.326058030128479
541,2,169,0.2547350525856018
542,2,170,0.23359231650829315
543,2,171,0.320392906665802
544,2,172,0.3445083200931549
545,2,173,0.26755115389823914
546,2,174,0.3170810639858246
547,2,175,0.29264575242996216
548,2,176,0.3111228346824646
549,2,177,0.3258155882358551
550,2,178,0.32423803210258484
551,2,179,0.25565582513809204
552,2,180,0.26361316442489624
553,2,181,0.3367837071418762
554,2,182,0.6641682386398315
555,2,183,0.2446904480457306
556,2,184,0.24911627173423767
557,2,185,0.3076542317867279
558,2,186,0.2796344757080078
559,2,187,0.24974723160266876
560,2,188,0.31860771775245667
561,2,189,0.2811437249183655
562,2,190,0.2664799392223358
563,2,191,0.26153427362442017
564,2,192,0.27039483189582825
565,2,193,0.31950974464416504
566,2,194,0.26839154958724976
567,2,195,0.2751913368701935
568,2,196,0.2479097545146942
569,2,197,0.309669554233551
570,2,198,0.2831849455833435
571,2,199,0.31130534410476685
572,2,200,0.3151436150074005
573,2,201,0.24073269963264465
574,2,202,0.22684812545776367
575,2,203,0.36899620294570923
576,2,204,0.2818533182144165
577,2,205,0.4742856025695801
578,2,206,0.3155975937843323
579,2,207,0.22820734977722168
580,2,208,0.2740134596824646
581,2,209,0.24883656203746796
582,2,210,0.2667427957057953
583,2,211,0.2922140061855316
584,2,212,0.24973884224891663
585,2,213,0.30956268310546875
586,2,214,0.38412103056907654
587,2,215,0.2583477199077606
588,2,216,0.3304784595966339
589,2,217,0.2598266005516052
590,2,218,0.33666521310806274
591,2,219,0.245709627866745
592,2,220,0.2612704634666443
593,2,221,0.2642333507537842
594,2,222,0.5278531312942505
595,2,223,0.2595899701118469
596,2,224,0.24031326174736023
597,2,225,0.34310048818588257
598,2,226,0.28271687030792236
599,2,227,0.23379087448120117
600,2,228,0.42915382981300354
601,2,229,0.27661263942718506
602,2,230,0.25329339504241943
603,2,231,0.24810728430747986
604,2,232,0.3324764370918274
605,2,233,0.28331953287124634
606,2,234,0.27145859599113464
607,2,235,0.7061404585838318
608,2,236,0.30100151896476746
609,2,237,0.35359352827072144
610,2,238,0.3796955943107605
611,2,239,0.3655340075492859
612,2,240,0.3545314371585846
613,2,241,0.3085829019546509
614,2,242,0.2687323987483978
615,2,243,0.2734341025352478
616,2,244,0.3160173296928406
617,2,245,0.3241807520389557
618,2,246,0.25402435660362244
619,2,247,0.43245720863342285
620,2,248,0.35562679171562195
621,2,249,0.33296042680740356
622,2,250,0.23430630564689636
623,2,251,0.34826740622520447
624,2,252,0.3052692711353302
625,2,253,0.24210283160209656
626,2,254,0.3280603587627411
627,2,255,0.24598169326782227
628,2,256,0.291519433259964
629,2,257,0.37428468465805054
630,2,258,0.27114337682724
631,2,259,0.2574911117553711
632,2,260,0.23485080897808075
633,2,261,0.29186946153640747
634,2,262,0.2484128773212433
635,2,263,0.3009679317474365
636,2,264,0.2665938436985016
637,2,265,0.33559027314186096
638,2,266,0.26964253187179565
639,2,267,0.29481685161590576
640,2,268,0.3119288682937622
641,2,269,0.3044332265853882
642,2,270,0.31532877683639526
643,2,271,0.25474685430526733
644,2,272,0.26460373401641846
645,2,273,0.23603765666484833
646,2,274,0.4207858145236969
647,2,275,0.3574908673763275
648,2,276,0.36833426356315613
649,2,277,0.27375131845474243
650,2,278,0.35677218437194824
651,2,279,0.2961375117301941
652,2,280,0.29180753231048584
653,2,281,0.36645323038101196
654,2,282,0.43000203371047974
655,2,283,0.8011371493339539
656,2,284,0.3025481104850769
657,2,285,0.3369767665863037
658,2,286,0.3197055757045746
659,2,287,0.3188592493534088
660,2,288,0.6647403836250305
661,2,289,0.27845874428749084
662,2,290,0.27538931369781494
663,2,291,0.30110979080200195
664,2,292,0.21669557690620422
665,2,293,0.22910113632678986
666,2,294,0.27467823028564453
667,2,295,0.26092439889907837
668,2,296,0.29321518540382385
669,2,297,0.27649492025375366
670,2,298,0.34644758701324463
671,2,299,0.26203519105911255
672,2,300,0.260334312915802
673,2,301,0.23146721720695496
674,2,302,0.2650764584541321
675,2,303,0.3189077079296112
676,2,304,0.337688684463501
677,2,305,0.282772958278656
678,2,306,0.23228581249713898
679,2,307,0.23018081486225128
680,2,308,0.6874498724937439
681,2,309,0.3356330096721649
682,2,310,0.2416713684797287
683,2,311,0.2938005328178406
684,2,312,0.2385375201702118
685,2,313,0.2793395221233368
686,2,314,0.2579037547111511
687,2,315,0.2417016327381134
688,2,316,0.3420702815055847
689,2,317,0.2491568773984909
690,2,318,0.318331778049469
691,2,319,0.43646836280822754
692,2,320,0.3900936245918274
693,2,321,0.32357022166252136
694,2,322,0.2831583619117737
695,2,323,0.2568104565143585
696,2,324,0.2434312105178833
697,2,325,0.2787822186946869
698,2,326,0.3341519236564636
699,2,327,0.30553001165390015
700,2,328,0.30849072337150574
701,2,329,0.2722967565059662
702,2,330,0.2620539963245392
703,2,331,0.282683789730072
704,2,332,0.6546464562416077
705,2,333,0.28017696738243103
706,2,334,0.29429498314857483
707,2,335,0.3181536793708801
708,2,336,0.33033615350723267
709,2,337,0.28044337034225464
710,2,338,0.4163963198661804
711,2,339,0.2811245322227478
712,2,340,0.2979474663734436
713,2,341,0.26888149976730347
714,2,342,0.34416911005973816
715,2,343,0.3012854754924774
716,2,344,0.28600364923477173
717,2,345,0.3592386543750763
718,2,346,0.29561930894851685
719,2,347,0.25017011165618896
720,2,348,0.27623260021209717
721,2,349,0.31740620732307434
722,2,350,0.2421494722366333
723,2,351,0.33236831426620483
724,2,352,0.30511194467544556
725,2,353,0.25927093625068665
726,2,354,0.3993797302246094
727,2,355,0.341417133808136
728,2,356,0.29686230421066284
729,2,357,0.22998909652233124
730,2,358,0.27141374349594116
731,2,359,0.2114253044128418
732,2,360,0.35209932923316956
733,2,361,0.3499101996421814
734,2,362,0.3122867941856384
735,2,363,0.2464776486158371
736,2,364,0.2218770980834961
737,2,365,0.3073950409889221
738,2,366,0.261322557926178
739,2,367,0.2351110875606537
740,2,368,0.24168983101844788
741,2,369,0.2762306332588196
742,2,370,0.3033284842967987
743,2,371,0.2403474748134613
744,2,372,0.2568034827709198
745,3,1,0.2054910957813263
746,3,2,0.2561202645301819
747,3,3,0.218128964304924
748,3,4,0.29101866483688354
749,3,5,0.2213629186153412
750,3,6,0.34038954973220825
751,3,7,0.2658597528934479
752,3,8,0.2804109454154968
753,3,9,0.2536618113517761
754,3,10,0.2403641641139984
755,3,11,0.23979774117469788
756,3,12,0.31519585847854614
757,3,13,0.2309071570634842
758,3,14,0.25729700922966003
759,3,15,0.22801628708839417
760,3,16,0.31392017006874084
761,3,17,0.26406484842300415
762,3,18,0.29794684052467346
763,3,19,0.24937677383422852
764,3,20,0.2611372768878937
765,3,21,0.5663564205169678
766,3,22,0.2233564555644989
767,3,23,0.26736971735954285
768,3,24,0.20236027240753174
769,3,25,0.3407163619995117
770,3,26,0.27816665172576904
771,3,27,0.28452563285827637
772,3,28,0.23821191489696503
773,3,29,0.239422008395195
774,3,30,0.2607872486114502
775,3,31,0.277260422706604
776,3,32,0.2769710421562195
777,3,33,0.2764586806297302
778,3,34,0.29251629114151
779,3,35,0.3017072081565857
780,3,36,0.2935219705104828
781,3,37,0.29669684171676636
782,3,38,0.28812453150749207
783,3,39,0.2554877698421478
784,3,40,0.2548554837703705
785,3,41,0.2207610160112381
786,3,42,0.26921138167381287
787,3,43,0.37097835540771484
788,3,44,0.26472312211990356
789,3,45,0.22407956421375275
790,3,46,0.25319230556488037
791,3,47,0.22370891273021698
792,3,48,0.2628113031387329
793,3,49,0.2743954062461853
794,3,50,0.3154035806655884
795,3,51,0.6154555082321167
796,3,52,0.2847060561180115
797,3,53,0.21658702194690704
798,3,54,0.24096567928791046
799,3,55,0.31893816590309143
800,3,56,0.2939310371875763
801,3,57,0.24172599613666534
802,3,58,0.21667543053627014
803,3,59,0.5290001630783081
804,3,60,0.28014373779296875
805,3,61,0.3520282208919525
806,3,62,0.2416176050901413
807,3,63,0.33265796303749084
808,3,64,0.27999258041381836
809,3,65,0.27900418639183044
810,3,66,0.2194221317768097
811,3,67,0.2481902539730072
812,3,68,0.3334154188632965
813,3,69,0.24684050679206848
814,3,70,0.3064234256744385
815,3,71,0.2478208839893341
816,3,72,0.21376290917396545
817,3,73,0.2513830065727234
818,3,74,0.24725285172462463
819,3,75,0.2338603287935257
820,3,76,0.29666849970817566
821,3,77,0.2901833653450012
822,3,78,0.21735577285289764
823,3,79,0.2792260944843292
824,3,80,0.1932983100414276
825,3,81,0.5151925683021545
826,3,82,0.3029974400997162
827,3,83,0.3518690764904022
828,3,84,0.2581862807273865
829,3,85,0.22301547229290009
830,3,86,0.33290740847587585
831,3,87,0.3276898264884949
832,3,88,0.27305757999420166
833,3,89,0.2668698728084564
834,3,90,0.2360415756702423
835,3,91,0.23091384768486023
836,3,92,0.272940456867218
837,3,93,0.30462411046028137
838,3,94,0.2309180498123169
839,3,95,0.23033154010772705
840,3,96,0.29448702931404114
841,3,97,0.28788191080093384
842,3,98,0.25986987352371216
843,3,99,0.2847687602043152
844,3,100,0.31168460845947266
845,3,101,0.41494545340538025
846,3,102,0.3315710723400116
847,3,103,0.2463187724351883
848,3,104,0.23486773669719696
849,3,105,0.25199654698371887
850,3,106,0.25231245160102844
851,3,107,0.2922910749912262
852,3,108,0.2456437647342682
853,3,109,0.2397882491350174
854,3,110,0.22611995041370392
855,3,111,0.4347492754459381
856,3,112,0.2089221477508545
857,3,113,0.21927185356616974
858,3,114,0.2614574730396271
859,3,115,0.26985201239585876
860,3,116,0.26677078008651733
861,3,117,0.24684932827949524
862,3,118,0.23372645676136017
863,3,119,0.24833795428276062
864,3,120,0.28471606969833374
865,3,121,0.2870393395423889
866,3,122,0.2715722918510437
867,3,123,0.2845930755138397
868,3,124,0.21821947395801544
869,3,125,0.31301236152648926
870,3,126,0.2880871593952179
871,3,127,0.2707746624946594
872,3,128,0.3958229422569275
873,3,129,0.2253919094800949
874,3,130,0.281349778175354
875,3,131,0.26389724016189575
876,3,132,0.38332507014274597
877,3,133,0.22760014235973358
878,3,134,0.345730721950531
879,3,135,0.26935818791389465
880,3,136,0.28564324975013733
881,3,137,0.427729994058609
882,3,138,0.26253098249435425
883,3,139,0.5517948865890503
884,3,140,0.28230544924736023
885,3,141,0.25596627593040466
886,3,142,0.3220757842063904
887,3,143,0.24922020733356476
888,3,144,0.2740529179573059
889,3,145,0.2617059051990509
890,3,146,0.2608024775981903
891,3,147,0.2648008167743683
892,3,148,0.3527030944824219
893,3,149,0.2751227915287018
894,3,150,0.3926970362663269
895,3,151,0.29291415214538574
896,3,152,0.22326910495758057
897,3,153,0.2634667456150055
898,3,154,0.2151023894548416
899,3,155,0.2276936024427414
900,3,156,0.24895553290843964
901,3,157,0.3304310441017151
902,3,158,0.2405911684036255
903,3,159,0.2806642949581146
904,3,160,0.3079649806022644
905,3,161,0.24627485871315002
906,3,162,0.3053266108036041
907,3,163,0.27896857261657715
908,3,164,0.24825982749462128
909,3,165,0.31140461564064026
910,3,166,0.2328072488307953
911,3,167,0.21289744973182678
912,3,168,0.42823857069015503
913,3,169,0.24939289689064026
914,3,170,0.2786233425140381
915,3,171,0.31927168369293213
916,3,172,0.29741519689559937
917,3,173,0.22078530490398407
918,3,174,0.2509385943412781
919,3,175,0.2747243344783783
920,3,176,0.27487656474113464
921,3,177,0.23920604586601257
922,3,178,0.21218255162239075
923,3,179,0.28280264139175415
924,3,180,0.21226847171783447
925,3,181,0.2395351678133011
926,3,182,0.25025445222854614
927,3,183,0.4637010097503662
928,3,184,0.24373677372932434
929,3,185,0.2547474205493927
930,3,186,0.3542217016220093
931,3,187,0.31914710998535156
932,3,188,0.2536522448062897
933,3,189,0.2749756872653961
934,3,190,0.6775377988815308
935,3,191,0.2785680592060089
936,3,192,0.24128952622413635
937,3,193,0.23249490559101105
938,3,194,0.35010749101638794
939,3,195,0.28913095593452454
940,3,196,0.7495063543319702
941,3,197,0.3114930987358093
942,3,198,0.2653258144855499
943,3,199,0.2632959485054016
944,3,200,0.2681192457675934
945,3,201,0.3285961449146271
946,3,202,0.30620384216308594
947,3,203,0.42387571930885315
948,3,204,0.17544010281562805
949,3,205,0.248972088098526
950,3,206,0.40010595321655273
951,3,207,0.21040251851081848
952,3,208,0.31483596563339233
953,3,209,0.250697523355484
954,3,210,0.3123464584350586
955,3,211,0.25871169567108154
956,3,212,0.3027249276638031
957,3,213,0.37719109654426575
958,3,214,0.20106153190135956
959,3,215,0.3072053790092468
960,3,216,0.30332380533218384
961,3,217,0.24177590012550354
962,3,218,0.2798949182033539
963,3,219,0.2601533830165863
964,3,220,0.24507781863212585
965,3,221,0.2655929923057556
966,3,222,0.27571409940719604
967,3,223,0.2997407615184784
968,3,224,0.2210761308670044
969,3,225,0.25169795751571655
970,3,226,0.33907350897789
971,3,227,0.23960204422473907
972,3,228,0.25653597712516785
973,3,229,0.24139876663684845
974,3,230,0.290796160697937
975,3,231,0.20787307620048523
976,3,232,0.4041832387447357
977,3,233,0.2924225926399231
978,3,234,0.24743136763572693
979,3,235,0.22628489136695862
980,3,236,0.5828590393066406
981,3,237,0.26527029275894165
982,3,238,0.24376055598258972
983,3,239,0.2696087658405304
984,3,240,0.2562737762928009
985,3,241,0.23183640837669373
986,3,242,0.24819406867027283
987,3,243,0.23511216044425964
988,3,244,0.30908218026161194
989,3,245,0.21417081356048584
990,3,246,0.2700822055339813
991,3,247,0.30981141328811646
992,3,248,0.2624700665473938
993,3,249,0.26317542791366577
994,3,250,0.27367356419563293
995,3,251,0.2511175870895386
996,3,252,0.2426537722349167
997,3,253,0.5900136232376099
998,3,254,0.25624892115592957
999,3,255,0.33467498421669006
1000,3,256,0.2617882490158081
1001,3,257,0.27113234996795654
1002,3,258,0.2855168282985687
1003,3,259,0.24285979568958282
1004,3,260,0.2483195811510086
1005,3,261,0.2874292731285095
1006,3,262,0.27677202224731445
1007,3,263,0.240901380777359
1008,3,264,0.3311099112033844
1009,3,265,0.1959894895553589
1010,3,266,0.6916654706001282
1011,3,267,0.33456161618232727
1012,3,268,0.24114134907722473
1013,3,269,0.24744555354118347
1014,3,270,0.28171056509017944
1015,3,271,0.2664666771888733
1016,3,272,0.2322453260421753
1017,3,273,0.2134876698255539
1018,3,274,0.28097447752952576
1019,3,275,0.2801528573036194
1020,3,276,0.2298397272825241
1021,3,277,0.27028214931488037
1022,3,278,0.25028881430625916
1023,3,279,0.3005194067955017
1024,3,280,0.26572054624557495
1025,3,281,0.2903512418270111
1026,3,282,0.26115769147872925
1027,3,283,0.291456937789917
1028,3,284,0.3056650757789612
1029,3,285,0.253898948431015
1030,3,286,0.21196365356445312
1031,3,287,0.3052322268486023
1032,3,288,0.6591534614562988
1033,3,289,0.20855963230133057
1034,3,290,0.3719272017478943
1035,3,291,0.22658899426460266
1036,3,292,0.2856186032295227
1037,3,293,0.2156282365322113
1038,3,294,0.27705684304237366
1039,3,295,0.2785816788673401
1040,3,296,0.19278573989868164
1041,3,297,0.253010094165802
1042,3,298,0.25596389174461365
1043,3,299,0.2298298329114914
1044,3,300,0.2379148006439209
1045,3,301,0.32689446210861206
1046,3,302,0.41425973176956177
1047,3,303,0.24650999903678894
1048,3,304,0.3202339708805084
1049,3,305,0.3079140782356262
1050,3,306,0.25008198618888855
1051,3,307,0.3093215525150299
1052,3,308,0.23330649733543396
1053,3,309,0.22958871722221375
1054,3,310,0.24864546954631805
1055,3,311,0.19142575562000275
1056,3,312,0.2332470715045929
1057,3,313,0.2278338223695755
1058,3,314,0.25666412711143494
1059,3,315,0.37127116322517395
1060,3,316,0.2748608887195587
1061,3,317,0.21906761825084686
1062,3,318,0.2457960546016693
1063,3,319,0.3114438056945801
1064,3,320,0.3070242404937744
1065,3,321,0.30610546469688416
1066,3,322,0.2825866937637329
1067,3,323,0.2139534205198288
1068,3,324,0.27920493483543396
1069,3,325,0.2670995593070984
1070,3,326,0.27227410674095154
1071,3,327,0.2301441729068756
1072,3,328,0.25551092624664307
1073,3,329,0.24623338878154755
1074,3,330,0.2746349275112152
1075,3,331,0.21948866546154022
1076,3,332,0.29255038499832153
1077,3,333,0.3737509846687317
1078,3,334,0.27651485800743103
1079,3,335,0.22443553805351257
1080,3,336,0.23263923823833466
1081,3,337,0.22009703516960144
1082,3,338,0.2857474386692047
1083,3,339,0.30785077810287476
1084,3,340,0.22497716546058655
1085,3,341,0.25505775213241577
1086,3,342,0.377252459526062
1087,3,343,0.23944027721881866
1088,3,344,0.3091328740119934
1089,3,345,0.28511524200439453
1090,3,346,0.2462805211544037
1091,3,347,0.294550359249115
1092,3,348,0.20999030768871307
1093,3,349,0.2766147255897522
1094,3,350,0.2843630611896515
1095,3,351,0.2690148949623108
1096,3,352,0.22637903690338135
1097,3,353,0.19485394656658173
1098,3,354,0.2840365767478943
1099,3,355,0.20248667895793915
1100,3,356,0.2890382409095764
1101,3,357,0.23466236889362335
1102,3,358,0.2603868544101715
1103,3,359,0.2760501503944397
1104,3,360,0.25530633330345154
1105,3,361,0.2719988226890564
1106,3,362,0.24802729487419128
1107,3,363,0.28991785645484924
1108,3,364,0.23444995284080505
1109,3,365,0.35110634565353394
1110,3,366,0.25621601939201355
1111,3,367,0.2990112900733948
1112,3,368,0.3261174261569977
1113,3,369,0.2406580001115799
1114,3,370,0.250868022441864
1115,3,371,0.2849515974521637
1116,3,372,0.27850544452667236
1117,4,1,0.3001875877380371
1118,4,2,0.3792562782764435
1119,4,3,0.21104033291339874
1120,4,4,0.24244746565818787
1121,4,5,0.32751983404159546
1122,4,6,0.2878437042236328
1123,4,7,0.23999640345573425
1124,4,8,0.33266812562942505
1125,4,9,0.2595192790031433
1126,4,10,0.2238665521144867
1127,4,11,0.2207859456539154
1128,4,12,0.2650977671146393
1129,4,13,0.237925723195076
1130,4,14,0.25292742252349854
1131,4,15,0.24122437834739685
1132,4,16,0.2483467310667038
1133,4,17,0.2794729769229889
1134,4,18,0.21806970238685608
1135,4,19,0.27402463555336
1136,4,20,0.2566682696342468
1137,4,21,0.19502586126327515
1138,4,22,0.2314172238111496
1139,4,23,0.2337590456008911
1140,4,24,0.27804574370384216
1141,4,25,0.20261745154857635
1142,4,26,0.25025081634521484
1143,4,27,0.2455313503742218
1144,4,28,0.2221568375825882
1145,4,29,0.2644910216331482
1146,4,30,0.24667516350746155
1147,4,31,0.5596773624420166
1148,4,32,0.2616976499557495
1149,4,33,0.20975251495838165
1150,4,34,0.2166174352169037
1151,4,35,0.33162158727645874
1152,4,36,0.24924485385417938
1153,4,37,0.22149856388568878
1154,4,38,0.23730966448783875
1155,4,39,0.3091042637825012
1156,4,40,0.33974573016166687
1157,4,41,0.21297244727611542
1158,4,42,0.20660945773124695
1159,4,43,0.2428932934999466
1160,4,44,0.24253161251544952
1161,4,45,0.30262017250061035
1162,4,46,0.2551816403865814
1163,4,47,0.24283047020435333
1164,4,48,0.2338407337665558
1165,4,49,0.2583500146865845
1166,4,50,0.47512897849082947
1167,4,51,0.30477985739707947
1168,4,52,0.24588219821453094
1169,4,53,0.24576333165168762
1170,4,54,0.3556564748287201
1171,4,55,0.21040984988212585
1172,4,56,0.16951701045036316
1173,4,57,0.3043360114097595
1174,4,58,0.21342618763446808
1175,4,59,0.5285148620605469
1176,4,60,0.31535929441452026
1177,4,61,0.22184248268604279
1178,4,62,0.22613462805747986
1179,4,63,0.2927922010421753
1180,4,64,0.20613589882850647
1181,4,65,0.2397444248199463
1182,4,66,0.24023088812828064
1183,4,67,0.2335709035396576
1184,4,68,0.23849983513355255
1185,4,69,0.26597848534584045
1186,4,70,0.218429833650589
1187,4,71,0.20729665458202362
1188,4,72,0.31388965249061584
1189,4,73,0.2638823688030243
1190,4,74,0.2598617672920227
1191,4,75,0.272493451833725
1192,4,76,0.2225874364376068
1193,4,77,0.2698405981063843
1194,4,78,0.18834909796714783
1195,4,79,0.20018801093101501
1196,4,80,0.22189311683177948
1197,4,81,0.18165595829486847
1198,4,82,0.19768747687339783
1199,4,83,0.25520598888397217
1200,4,84,0.2833815813064575
1201,4,85,0.33001893758773804
1202,4,86,0.28319379687309265
1203,4,87,0.1948416531085968
1204,4,88,0.21059834957122803
1205,4,89,0.27477556467056274
1206,4,90,0.24476489424705505
1207,4,91,0.28231748938560486
1208,4,92,0.23932425677776337
1209,4,93,0.2698642313480377
1210,4,94,0.48155316710472107
1211,4,95,0.22311246395111084
1212,4,96,0.31086060404777527
1213,4,97,0.22691094875335693
1214,4,98,0.23893654346466064
1215,4,99,0.29965299367904663
1216,4,100,0.2957431674003601
1217,4,101,0.307711660861969
1218,4,102,0.25495755672454834
1219,4,103,0.2736492156982422
1220,4,104,0.2331302911043167
1221,4,105,0.19125425815582275
1222,4,106,0.3134230673313141
1223,4,107,0.28144216537475586
1224,4,108,0.33159106969833374
1225,4,109,0.28129711747169495
1226,4,110,0.22293129563331604
1227,4,111,0.19459031522274017
1228,4,112,0.2222357988357544
1229,4,113,0.24142496287822723
1230,4,114,0.2586821913719177
1231,4,115,0.2503494918346405
1232,4,116,0.25455421209335327
1233,4,117,0.1831161230802536
1234,4,118,0.195871502161026
1235,4,119,0.25210630893707275
1236,4,120,0.2310875654220581
1237,4,121,0.2668301463127136
1238,4,122,0.616845965385437
1239,4,123,0.18477989733219147
1240,4,124,0.2467617243528366
1241,4,125,0.2180308997631073
1242,4,126,0.23361381888389587
1243,4,127,0.26257163286209106
1244,4,128,0.2436603605747223
1245,4,129,0.26088911294937134
1246,4,130,0.23800639808177948
1247,4,131,0.4832889139652252
1248,4,132,0.2396736592054367
1249,4,133,0.2792443633079529
1250,4,134,0.22330407798290253
1251,4,135,0.3454737365245819
1252,4,136,0.23708383738994598
1253,4,137,0.23984527587890625
1254,4,138,0.23770961165428162
1255,4,139,0.348157674074173
1256,4,140,0.25287121534347534
1257,4,141,0.4995080530643463
1258,4,142,0.2616647779941559
1259,4,143,0.1940217763185501
1260,4,144,0.24069614708423615
1261,4,145,0.2744655907154083
1262,4,146,0.2902681827545166
1263,4,147,0.2881540060043335
1264,4,148,0.20322556793689728
1265,4,149,0.25108519196510315
1266,4,150,0.309623658657074
1267,4,151,0.22186899185180664
1268,4,152,0.25572437047958374
1269,4,153,0.28470534086227417
1270,4,154,0.24450919032096863
1271,4,155,0.3135906457901001
1272,4,156,0.23984618484973907
1273,4,157,0.29230210185050964
1274,4,158,0.27270251512527466
1275,4,159,0.2673792541027069
1276,4,160,0.2542662024497986
1277,4,161,0.23130540549755096
1278,4,162,0.24486704170703888
1279,4,163,0.24053409695625305
1280,4,164,0.30238935351371765
1281,4,165,0.28538650274276733
1282,4,166,0.27032095193862915
1283,4,167,0.27693071961402893
1284,4,168,0.3495500087738037
1285,4,169,0.2532815933227539
1286,4,170,0.232946515083313
1287,4,171,0.2413664609193802
1288,4,172,0.22323448956012726
1289,4,173,0.2220827341079712
1290,4,174,0.3203042149543762
1291,4,175,0.33206626772880554
1292,4,176,0.2956281304359436
1293,4,177,0.24706891179084778
1294,4,178,0.2001785933971405
1295,4,179,0.2557663917541504
1296,4,180,0.22185757756233215
1297,4,181,0.29376479983329773
1298,4,182,0.1846405267715454
1299,4,183,0.2550411820411682
1300,4,184,0.2418397217988968
1301,4,185,0.24268758296966553
1302,4,186,0.2572881579399109
1303,4,187,0.25424709916114807
1304,4,188,0.25876039266586304
1305,4,189,0.21925115585327148
1306,4,190,0.29356566071510315
1307,4,191,0.2062404602766037
1308,4,192,0.29036879539489746
1309,4,193,0.19918915629386902
1310,4,194,0.24791033565998077
1311,4,195,0.21759149432182312
1312,4,196,0.29672151803970337
1313,4,197,0.2477651834487915
1314,4,198,0.2349737137556076
1315,4,199,0.19899491965770721
1316,4,200,0.2466844767332077
1317,4,201,0.254568487405777
1318,4,202,0.30041438341140747
1319,4,203,0.24483469128608704
1320,4,204,0.539040744304657
1321,4,205,0.26935648918151855
1322,4,206,0.24418918788433075
1323,4,207,0.22794076800346375
1324,4,208,0.28234508633613586
1325,4,209,0.21787972748279572
1326,4,210,0.27431488037109375
1327,4,211,0.4394015371799469
1328,4,212,0.24991993606090546
1329,4,213,0.3208199143409729
1330,4,214,0.21215781569480896
1331,4,215,0.23422372341156006
1332,4,216,0.22867758572101593
1333,4,217,0.29112839698791504
1334,4,218,0.265035480260849
1335,4,219,0.182682067155838
1336,4,220,0.24136202037334442
1337,4,221,0.2522101104259491
1338,4,222,0.2382729947566986
1339,4,223,0.23952536284923553
1340,4,224,0.2824646830558777
1341,4,225,0.2286437749862671
1342,4,226,0.268787682056427
1343,4,227,0.23639707267284393
1344,4,228,0.2753452658653259
1345,4,229,0.37683218717575073
1346,4,230,0.1844075471162796
1347,4,231,0.23754195868968964
1348,4,232,0.1936887800693512
1349,4,233,0.26750797033309937
1350,4,234,0.2419877052307129
1351,4,235,0.26677030324935913
1352,4,236,0.2739613652229309
1353,4,237,0.25739720463752747
1354,4,238,0.300833523273468
1355,4,239,0.21534371376037598
1356,4,240,0.20395991206169128
1357,4,241,0.23500609397888184
1358,4,242,0.21367116272449493
1359,4,243,0.20879864692687988
1360,4,244,0.19890496134757996
1361,4,245,0.23431865870952606
1362,4,246,0.22024762630462646
1363,4,247,0.2925473153591156
1364,4,248,0.2170639932155609
1365,4,249,0.2586158215999603
1366,4,250,0.2169915735721588
1367,4,251,0.3152720034122467
1368,4,252,0.25727835297584534
1369,4,253,0.24609756469726562
1370,4,254,0.19233642518520355
1371,4,255,0.19729098677635193
1372,4,256,0.17895109951496124
1373,4,257,0.23139682412147522
1374,4,258,0.25649064779281616
1375,4,259,0.2522478997707367
1376,4,260,0.23259814083576202
1377,4,261,0.3392172157764435
1378,4,262,0.248414546251297
1379,4,263,0.3923841416835785
1380,4,264,0.25989681482315063
1381,4,265,0.25547102093696594
1382,4,266,0.2820996344089508
1383,4,267,0.2240644246339798
1384,4,268,0.24357330799102783
1385,4,269,0.22663593292236328
1386,4,270,0.4864724576473236
1387,4,271,0.20748849213123322
1388,4,272,0.27754315733909607
1389,4,273,0.24609866738319397
1390,4,274,0.23967328667640686
1391,4,275,0.3186257779598236
1392,4,276,0.2523866295814514
1393,4,277,0.22389881312847137
1394,4,278,0.33159106969833374
1395,4,279,0.2223222255706787
1396,4,280,0.21864768862724304
1397,4,281,0.237565279006958
1398,4,282,0.2943088412284851
1399,4,283,0.2658454179763794
1400,4,284,0.26190826296806335
1401,4,285,0.20644810795783997
1402,4,286,0.22417934238910675
1403,4,287,0.29255619645118713
1404,4,288,0.2315315455198288
1405,4,289,0.2583101689815521
1406,4,290,0.2895711064338684
1407,4,291,0.16549138724803925
1408,4,292,0.27442312240600586
1409,4,293,0.20846089720726013
1410,4,294,0.208367258310318
1411,4,295,0.2721342444419861
1412,4,296,0.29374510049819946
1413,4,297,0.2668807804584503
1414,4,298,0.24950256943702698
1415,4,299,0.19105635583400726
1416,4,300,0.2536277174949646
1417,4,301,0.22242844104766846
1418,4,302,0.2462521344423294
1419,4,303,0.23091106116771698
1420,4,304,0.2968342900276184
1421,4,305,0.2506937086582184
1422,4,306,0.26170533895492554
1423,4,307,0.24008436501026154
1424,4,308,0.3079097867012024
1425,4,309,0.24658207595348358
1426,4,310,0.6117584109306335
1427,4,311,0.28641167283058167
1428,4,312,0.2979104518890381
1429,4,313,0.28125569224357605
1430,4,314,0.24306192994117737
1431,4,315,0.28902485966682434
1432,4,316,0.19015707075595856
1433,4,317,0.19662396609783173
1434,4,318,0.21092334389686584
1435,4,319,0.24551348388195038
1436,4,320,0.23435351252555847
1437,4,321,0.25146540999412537
1438,4,322,0.2475225031375885
1439,4,323,0.2534300684928894
1440,4,324,0.24498715996742249
1441,4,325,0.3782219886779785
1442,4,326,0.21812430024147034
1443,4,327,0.22365252673625946
1444,4,328,0.24306729435920715
1445,4,329,0.2685494124889374
1446,4,330,0.23935218155384064
1447,4,331,0.20989418029785156
1448,4,332,0.2505420446395874
1449,4,333,0.24560213088989258
1450,4,334,0.24012789130210876
1451,4,335,0.15581610798835754
1452,4,336,0.26071029901504517
1453,4,337,0.2552468478679657
1454,4,338,0.24911531805992126
1455,4,339,0.27931660413742065
1456,4,340,0.2669907212257385
1457,4,341,0.3165501058101654
1458,4,342,0.2216377556324005
1459,4,343,0.25130778551101685
1460,4,344,0.2290072739124298
1461,4,345,0.2900535464286804
1462,4,346,0.22167162597179413
1463,4,347,0.256245493888855
1464,4,348,0.1690334528684616
1465,4,349,0.2772437632083893
1466,4,350,0.22438564896583557
1467,4,351,0.18019750714302063
1468,4,352,0.25550907850265503
1469,4,353,0.20401158928871155
1470,4,354,0.2353641539812088
1471,4,355,0.22153079509735107
1472,4,356,0.24445278942584991
1473,4,357,0.19922564923763275
1474,4,358,0.26746267080307007
1475,4,359,0.2365889549255371
1476,4,360,0.19392630457878113
1477,4,361,0.21523602306842804
1478,4,362,0.21017253398895264
1479,4,363,0.2571328282356262
1480,4,364,0.15587133169174194
1481,4,365,0.589777946472168
1482,4,366,0.22621281445026398
1483,4,367,0.27681347727775574
1484,4,368,0.2940012514591217
1485,4,369,0.24271175265312195
1486,4,370,0.2555869221687317
1487,4,371,0.32720112800598145
1488,4,372,0.21988680958747864
1489,5,1,0.20518021285533905
1490,5,2,0.20306548476219177
1491,5,3,0.24897906184196472
1492,5,4,0.21315065026283264
1493,5,5,0.21230605244636536
1494,5,6,0.21232831478118896
1495,5,7,0.25283876061439514
1496,5,8,0.23232123255729675
1497,5,9,0.2410566806793213
1498,5,10,0.24954137206077576
1499,5,11,0.2135085165500641
1500,5,12,0.5423485040664673
1501,5,13,0.2809106111526489
1502,5,14,0.2135469913482666
1503,5,15,0.6069756746292114
1504,5,16,0.23047897219657898
1505,5,17,0.28141334652900696
1506,5,18,0.3035238981246948
1507,5,19,0.25844457745552063
1508,5,20,0.1877756118774414
1509,5,21,0.22449493408203125
1510,5,22,0.318500280380249
1511,5,23,0.18299365043640137
1512,5,24,0.23371705412864685
1513,5,25,0.2545852065086365
1514,5,26,0.2871822416782379
1515,5,27,0.24613718688488007
1516,5,28,0.2602437138557434
1517,5,29,0.17653951048851013
1518,5,30,0.27708756923675537
1519,5,31,0.25150588154792786
1520,5,32,0.2144998013973236
1521,5,33,0.3912435472011566
1522,5,34,0.23412661254405975
1523,5,35,0.28233200311660767
1524,5,36,0.19512102007865906
1525,5,37,0.1919911950826645
1526,5,38,0.2111334353685379
1527,5,39,0.2899983525276184
1528,5,40,0.19420967996120453
1529,5,41,0.17715799808502197
1530,5,42,0.23260197043418884
1531,5,43,0.199209064245224
1532,5,44,0.24845044314861298
1533,5,45,0.25566598773002625
1534,5,46,0.20339667797088623
1535,5,47,0.2318132370710373
1536,5,48,0.22069677710533142
1537,5,49,0.20388691127300262
1538,5,50,0.31180480122566223
1539,5,51,0.24747678637504578
1540,5,52,0.2268357276916504
1541,5,53,0.21952983736991882
1542,5,54,0.24805355072021484
1543,5,55,0.24382121860980988
1544,5,56,0.5057854652404785
1545,5,57,0.19377401471138
1546,5,58,0.21743912994861603
1547,5,59,0.22311243414878845
1548,5,60,0.209324449300766
1549,5,61,0.2577018141746521
1550,5,62,0.23198387026786804
1551,5,63,0.206363245844841
1552,5,64,0.22938480973243713
1553,5,65,0.3050083518028259
1554,5,66,0.19143500924110413
1555,5,67,0.2465370148420334
1556,5,68,0.20980969071388245
1557,5,69,0.27474457025527954
1558,5,70,0.25591713190078735
1559,5,71,0.2604113221168518
1560,5,72,0.19280992448329926
1561,5,73,0.2573024332523346
1562,5,74,0.29092901945114136
1563,5,75,0.21233895421028137
1564,5,76,0.28099313378334045
1565,5,77,0.17686793208122253
1566,5,78,0.24480178952217102
1567,5,79,0.18847054243087769
1568,5,80,0.2123207151889801
1569,5,81,0.26774463057518005
1570,5,82,0.29387181997299194
1571,5,83,0.21545717120170593
1572,5,84,0.3094415068626404
1573,5,85,0.2510264217853546
1574,5,86,0.2213391363620758
1575,5,87,0.2861155569553375
1576,5,88,0.252931147813797
1577,5,89,0.1874179095029831
1578,5,90,0.1987738311290741
1579,5,91,0.25631991028785706
1580,5,92,0.2259381115436554
1581,5,93,0.23481746017932892
1582,5,94,0.21177765727043152
1583,5,95,0.24227914214134216
1584,5,96,0.2212618589401245
1585,5,97,0.26246359944343567
1586,5,98,0.21131262183189392
1587,5,99,0.6055164337158203
1588,5,100,0.25321832299232483
1589,5,101,0.27837634086608887
1590,5,102,0.20263567566871643
1591,5,103,0.18285618722438812
1592,5,104,0.2646973133087158
1593,5,105,0.19763830304145813
1594,5,106,0.20581364631652832
1595,5,107,0.30299776792526245
1596,5,108,0.1974668949842453
1597,5,109,0.22874346375465393
1598,5,110,0.2074710577726364
1599,5,111,0.204820916056633
1600,5,112,0.3461897671222687
1601,5,113,0.2053530514240265
1602,5,114,0.23055998980998993
1603,5,115,0.21591773629188538
1604,5,116,0.2538570165634155
1605,5,117,0.20396988093852997
1606,5,118,0.20575109124183655
1607,5,119,0.2684190273284912
1608,5,120,0.392642617225647
1609,5,121,0.23967008292675018
1610,5,122,0.22872129082679749
1611,5,123,0.23439538478851318
1612,5,124,0.19792138040065765
1613,5,125,0.26388341188430786
1614,5,126,0.25599464774131775
1615,5,127,0.2608153522014618
1616,5,128,0.29631945490837097
1617,5,129,0.23757198452949524
1618,5,130,0.22235481441020966
1619,5,131,0.2430388182401657
1620,5,132,0.24485158920288086
1621,5,133,0.19975121319293976
1622,5,134,0.2197120487689972
1623,5,135,0.2260247766971588
1624,5,136,0.21764802932739258
1625,5,137,0.21765217185020447
1626,5,138,0.41774100065231323
1627,5,139,0.22528615593910217
1628,5,140,0.23732511699199677
1629,5,141,0.2278089076280594
1630,5,142,0.2486053705215454
1631,5,143,0.2095167338848114
1632,5,144,0.26609212160110474
1633,5,145,0.3915109634399414
1634,5,146,0.2531946301460266
1635,5,147,0.30341392755508423
1636,5,148,0.20909491181373596
1637,5,149,0.26612991094589233
1638,5,150,0.24846093356609344
1639,5,151,0.22249498963356018
1640,5,152,0.21327605843544006
1641,5,153,0.2641024589538574
1642,5,154,0.2111700028181076
1643,5,155,0.26101788878440857
1644,5,156,0.25552716851234436
1645,5,157,0.2044726312160492
1646,5,158,0.20607037842273712
1647,5,159,0.2595768868923187
1648,5,160,0.2779219448566437
1649,5,161,0.2663150429725647
1650,5,162,0.19600072503089905
1651,5,163,0.1849156767129898
1652,5,164,0.1891471892595291
1653,5,165,0.22884801030158997
1654,5,166,0.2667623460292816
1655,5,167,0.21084745228290558
1656,5,168,0.19511036574840546
1657,5,169,0.2638208866119385
1658,5,170,0.2458162009716034
1659,5,171,0.2572591304779053
1660,5,172,0.2203245908021927
1661,5,173,0.22675521671772003
1662,5,174,0.20935115218162537
1663,5,175,0.24446049332618713
1664,5,176,0.2289104461669922
1665,5,177,0.21349318325519562
1666,5,178,0.22409291565418243
1667,5,179,0.22316217422485352
1668,5,180,0.2781234085559845
1669,5,181,0.24986858665943146
1670,5,182,0.28151434659957886
1671,5,183,0.20407946407794952
1672,5,184,0.3029308319091797
1673,5,185,0.2347542941570282
1674,5,186,0.23711326718330383
1675,5,187,0.16410893201828003
1676,5,188,0.24895235896110535
1677,5,189,0.23960503935813904
1678,5,190,0.23899129033088684
1679,5,191,0.2008478343486786
1680,5,192,0.26705652475357056
1681,5,193,0.19868656992912292
1682,5,194,0.24530193209648132
1683,5,195,0.19589078426361084
1684,5,196,0.2100483626127243
1685,5,197,0.20035365223884583
1686,5,198,0.222814679145813
1687,5,199,0.29894891381263733
1688,5,200,0.204218789935112
1689,5,201,0.31479412317276
1690,5,202,0.18286186456680298
1691,5,203,0.5753206610679626
1692,5,204,0.21892842650413513
1693,5,205,0.25694727897644043
1694,5,206,0.2641478180885315
1695,5,207,0.28032392263412476
1696,5,208,0.2544696033000946
1697,5,209,0.22590021789073944
1698,5,210,0.20665231347084045
1699,5,211,0.2691730558872223
1700,5,212,0.24299144744873047
1701,5,213,0.23437020182609558
1702,5,214,0.26591190695762634
1703,5,215,0.2825465202331543
1704,5,216,0.1909850537776947
1705,5,217,0.35012638568878174
1706,5,218,0.1912447214126587
1707,5,219,0.18185578286647797
1708,5,220,0.21682174503803253
1709,5,221,0.2162514477968216
1710,5,222,0.2559739649295807
1711,5,223,0.24121780693531036
1712,5,224,0.27017441391944885
1713,5,225,0.22184917330741882
1714,5,226,0.23200342059135437
1715,5,227,0.2706603407859802
1716,5,228,0.24924612045288086
1717,5,229,0.19320769608020782
1718,5,230,0.2419062852859497
1719,5,231,0.2085971087217331
1720,5,232,0.5575361847877502
1721,5,233,0.16331824660301208
1722,5,234,0.5574902892112732
1723,5,235,0.20247440040111542
1724,5,236,0.2348926067352295
1725,5,237,0.27009010314941406
1726,5,238,0.25926947593688965
1727,5,239,0.23240046203136444
1728,5,240,0.3182823359966278
1729,5,241,0.2704077661037445
1730,5,242,0.2947360873222351
1731,5,243,0.23680520057678223
1732,5,244,0.18527692556381226
1733,5,245,0.2328478842973709
1734,5,246,0.46656784415245056
1735,5,247,0.23901958763599396
1736,5,248,0.22054553031921387
1737,5,249,0.36007410287857056
1738,5,250,0.2586720287799835
1739,5,251,0.18678420782089233
1740,5,252,0.20552989840507507
1741,5,253,0.19820931553840637
1742,5,254,0.23703989386558533
1743,5,255,0.22474396228790283
1744,5,256,0.25509509444236755
1745,5,257,0.2009129822254181
1746,5,258,0.2412269562482834
1747,5,259,0.25816258788108826
1748,5,260,0.2609235346317291
1749,5,261,0.20050664246082306
1750,5,262,0.20115800201892853
1751,5,263,0.26399222016334534
1752,5,264,0.2155216634273529
1753,5,265,0.18417060375213623
1754,5,266,0.21336641907691956
1755,5,267,0.23963148891925812
1756,5,268,0.19787298142910004
1757,5,269,0.4624277651309967
1758,5,270,0.25231868028640747
1759,5,271,0.2475050985813141
1760,5,272,0.18157958984375
1761,5,273,0.21589794754981995
1762,5,274,0.27813664078712463
1763,5,275,0.23060433566570282
1764,5,276,0.24351203441619873
1765,5,277,0.2304052859544754
1766,5,278,0.2512361705303192
1767,5,279,0.23323054611682892
1768,5,280,0.24550697207450867
1769,5,281,0.2086746245622635
1770,5,282,0.242705300450325
1771,5,283,0.208270862698555
1772,5,284,0.21272969245910645
1773,5,285,0.23797956109046936
1774,5,286,0.26176077127456665
1775,5,287,0.22963006794452667
1776,5,288,0.2823033332824707
1777,5,289,0.25653547048568726
1778,5,290,0.2501820921897888
1779,5,291,0.23906858265399933
1780,5,292,0.2511884570121765
1781,5,293,0.2658578157424927
1782,5,294,0.2688106596469879
1783,5,295,0.42471519112586975
1784,5,296,0.2545183598995209
1785,5,297,0.21914580464363098
1786,5,298,0.24983713030815125
1787,5,299,0.2774644196033478
1788,5,300,0.2635805904865265
1789,5,301,0.2526393532752991
1790,5,302,0.21097402274608612
1791,5,303,0.20628659427165985
1792,5,304,0.23075583577156067
1793,5,305,0.4824342727661133
1794,5,306,0.216368168592453
1795,5,307,0.2706829905509949
1796,5,308,0.2997449040412903
1797,5,309,0.2455161064863205
1798,5,310,0.29616788029670715
1799,5,311,0.24777603149414062
1800,5,312,0.2261405736207962
1801,5,313,0.3016389310359955
1802,5,314,0.21971139311790466
1803,5,315,0.21844080090522766
1804,5,316,0.2184055745601654
1805,5,317,0.21237941086292267
1806,5,318,0.25031203031539917
1807,5,319,0.24841859936714172
1808,5,320,0.21685998141765594
1809,5,321,0.22743792831897736
1810,5,322,0.25843292474746704
1811,5,323,0.26523810625076294
1812,5,324,0.2693067491054535
1813,5,325,0.1842021942138672
1814,5,326,0.24018189311027527
1815,5,327,0.19464346766471863
1816,5,328,0.2150638997554779
1817,5,329,0.231247216463089
1818,5,330,0.1836867779493332
1819,5,331,0.22161667048931122
1820,5,332,0.24211521446704865
1821,5,333,0.23254773020744324
1822,5,334,0.19010621309280396
1823,5,335,0.20216873288154602
1824,5,336,0.25544553995132446
1825,5,337,0.20289690792560577
1826,5,338,0.23171646893024445
1827,5,339,0.26158034801483154
1828,5,340,0.2765003740787506
1829,5,341,0.18798638880252838
1830,5,342,0.3570270538330078
1831,5,343,0.19078032672405243
1832,5,344,0.2650204300880432
1833,5,345,0.2276972532272339
1834,5,346,0.23117244243621826
1835,5,347,0.2100328654050827
1836,5,348,0.18338404595851898
1837,5,349,0.23264503479003906
1838,5,350,0.17603014409542084
1839,5,351,0.21768403053283691
1840,5,352,0.2027188241481781
1841,5,353,0.26622435450553894
1842,5,354,0.24363920092582703
1843,5,355,0.2017372101545334
1844,5,356,0.2602977156639099
1845,5,357,0.6716290712356567
1846,5,358,0.29568085074424744
1847,5,359,0.2743324935436249
1848,5,360,0.18366506695747375
1849,5,361,0.29208868741989136
1850,5,362,0.2281639277935028
1851,5,363,0.2200375497341156
1852,5,364,0.23136258125305176
1853,5,365,0.23291561007499695
1854,5,366,0.2191646844148636
1855,5,367,0.21915225684642792
1856,5,368,0.22304001450538635
1857,5,369,0.24499385058879852
1858,5,370,0.22577694058418274
1859,5,371,0.24009840190410614
1860,5,372,0.276664674282074
1861,6,1,0.22619326412677765
1862,6,2,0.2294280081987381
1863,6,3,0.24049551784992218
1864,6,4,0.24705591797828674
1865,6,5,0.19552984833717346
1866,6,6,0.21775349974632263
1867,6,7,0.23670002818107605
1868,6,8,0.28309494256973267
1869,6,9,0.22870942950248718
1870,6,10,0.2673243284225464
1871,6,11,0.21294739842414856
1872,6,12,0.1967533528804779
1873,6,13,0.22776564955711365
1874,6,14,0.21586284041404724
1875,6,15,0.15801802277565002
1876,6,16,0.20431439578533173
1877,6,17,0.2564283609390259
1878,6,18,0.21475760638713837
1879,6,19,0.26208946108818054
1880,6,20,0.25930941104888916
1881,6,21,0.25271081924438477
1882,6,22,0.19064171612262726
1883,6,23,0.20329797267913818
1884,6,24,0.3512157201766968
1885,6,25,0.19298794865608215
1886,6,26,0.2185799777507782
1887,6,27,0.18520446121692657
1888,6,28,0.1927807778120041
1889,6,29,0.21983954310417175
1890,6,30,0.21664226055145264
1891,6,31,0.2610970139503479
1892,6,32,0.1922716200351715
1893,6,33,0.19788002967834473
1894,6,34,0.19930584728717804
1895,6,35,0.32349279522895813
1896,6,36,0.16315656900405884
1897,6,37,0.41753625869750977
1898,6,38,0.20864498615264893
1899,6,39,0.20715980231761932
1900,6,40,0.19957491755485535
1901,6,41,0.19158409535884857
1902,6,42,0.20232972502708435
1903,6,43,0.2317228764295578
1904,6,44,0.26694363355636597
1905,6,45,0.21160630881786346
1906,6,46,0.2349570095539093
1907,6,47,0.2133939564228058
1908,6,48,0.23562519252300262
1909,6,49,0.24146804213523865
1910,6,50,0.24732835590839386
1911,6,51,0.22559818625450134
1912,6,52,0.19831432402133942
1913,6,53,0.21513330936431885
1914,6,54,0.26984623074531555
1915,6,55,0.2481681853532791
1916,6,56,0.21345524489879608
1917,6,57,0.2294195592403412
1918,6,58,0.2633835971355438
1919,6,59,0.29430335760116577
1920,6,60,0.19079577922821045
1921,6,61,0.25228777527809143
1922,6,62,0.1829291433095932
1923,6,63,0.20207074284553528
1924,6,64,0.45094552636146545
1925,6,65,0.24298973381519318
1926,6,66,0.28695422410964966
1927,6,67,0.2443828135728836
1928,6,68,0.20702287554740906
1929,6,69,0.22431878745555878
1930,6,70,0.21465186774730682
1931,6,71,0.20770123600959778
1932,6,72,0.24657008051872253
1933,6,73,0.2818848788738251
1934,6,74,0.15484634041786194
1935,6,75,0.24095232784748077
1936,6,76,0.18714480102062225
1937,6,77,0.19245940446853638
1938,6,78,0.21411338448524475
1939,6,79,0.4637957215309143
1940,6,80,0.219333216547966
1941,6,81,0.22676368057727814
1942,6,82,0.21683987975120544
1943,6,83,0.19688986241817474
1944,6,84,0.2718161940574646
1945,6,85,0.25502657890319824
1946,6,86,0.18806438148021698
1947,6,87,0.19304457306861877
1948,6,88,0.21896013617515564
1949,6,89,0.24913132190704346
1950,6,90,0.20786075294017792
1951,6,91,0.27070894837379456
1952,6,92,0.17942877113819122
1953,6,93,0.2561432719230652
1954,6,94,0.22997653484344482
1955,6,95,0.2311534583568573
1956,6,96,0.19491077959537506
1957,6,97,0.21838346123695374
1958,6,98,0.2551558017730713
1959,6,99,0.18072409927845
1960,6,100,0.2607730031013489
1961,6,101,0.2215624302625656
1962,6,102,0.1926056146621704
1963,6,103,0.6549944281578064
1964,6,104,0.18128034472465515
1965,6,105,0.1999254822731018
1966,6,106,0.1951618492603302
1967,6,107,0.18392311036586761
1968,6,108,0.20542052388191223
1969,6,109,0.3095290958881378
1970,6,110,0.183798685669899
1971,6,111,0.21074402332305908
1972,6,112,0.22506967186927795
1973,6,113,0.21744191646575928
1974,6,114,0.3792136311531067
1975,6,115,0.2483159750699997
1976,6,116,0.1746332049369812
1977,6,117,0.20839571952819824
1978,6,118,0.20523874461650848
1979,6,119,0.18202917277812958
1980,6,120,0.21058762073516846
1981,6,121,0.2000422477722168
1982,6,122,0.19236396253108978
1983,6,123,0.22760982811450958
1984,6,124,0.2136317491531372
1985,6,125,0.18789230287075043
1986,6,126,0.19331681728363037
1987,6,127,0.21134421229362488
1988,6,128,0.18712131679058075
1989,6,129,0.18430444598197937
1990,6,130,0.1973235309123993
1991,6,131,0.21634690463542938
1992,6,132,0.294986367225647
1993,6,133,0.23022755980491638
1994,6,134,0.24180547893047333
1995,6,135,0.21724958717823029
1996,6,136,0.22764801979064941
1997,6,137,0.1951468586921692
1998,6,138,0.26397624611854553
1999,6,139,0.23878630995750427
2000,6,140,0.21484069526195526
2001,6,141,0.3375772535800934
2002,6,142,0.2677316665649414
2003,6,143,0.1863594651222229
2004,6,144,0.18878717720508575
2005,6,145,0.181683748960495
2006,6,146,0.2674836218357086
2007,6,147,0.30027639865875244
2008,6,148,0.19239920377731323
2009,6,149,0.21125724911689758
2010,6,150,0.19899804890155792
2011,6,151,0.21213190257549286
2012,6,152,0.3752344846725464
2013,6,153,0.2168198823928833
2014,6,154,0.23492737114429474
2015,6,155,0.3555905520915985
2016,6,156,0.2152402400970459
2017,6,157,0.22132277488708496
2018,6,158,0.22069163620471954
2019,6,159,0.1969863623380661
2020,6,160,0.265143483877182
2021,6,161,0.24885061383247375
2022,6,162,0.31102263927459717
2023,6,163,0.23756888508796692
2024,6,164,0.23281033337116241
2025,6,165,0.2406027764081955
2026,6,166,0.17290401458740234
2027,6,167,0.255791574716568
2028,6,168,0.19846799969673157
2029,6,169,0.23536555469036102
2030,6,170,0.27843794226646423
2031,6,171,0.22717145085334778
2032,6,172,0.3037351667881012
2033,6,173,0.19674710929393768
2034,6,174,0.21046845614910126
2035,6,175,0.21938267350196838
2036,6,176,0.22372178733348846
2037,6,177,0.2423657923936844
2038,6,178,0.2354619950056076
2039,6,179,0.23159107565879822
2040,6,180,0.2538882791996002
2041,6,181,0.19488663971424103
2042,6,182,0.20358185470104218
2043,6,183,0.23741284012794495
2044,6,184,0.2214829921722412
2045,6,185,0.21236415207386017
2046,6,186,0.2065492421388626
2047,6,187,0.22929875552654266
2048,6,188,0.4799721837043762
2049,6,189,0.19690433144569397
2050,6,190,0.23390834033489227
2051,6,191,0.220259428024292
2052,6,192,0.251923143863678
2053,6,193,0.24298684298992157
2054,6,194,0.2453344613313675
2055,6,195,0.18765032291412354
2056,6,196,0.20830309391021729
2057,6,197,0.21344757080078125
2058,6,198,0.2164890021085739
2059,6,199,0.20929667353630066
2060,6,200,0.26505082845687866
2061,6,201,0.1851389855146408
2062,6,202,0.19561412930488586
2063,6,203,0.2377433031797409
2064,6,204,0.1772313266992569
2065,6,205,0.27002617716789246
2066,6,206,0.21680395305156708
2067,6,207,0.22175772488117218
2068,6,208,0.23660330474376678
2069,6,209,0.2131803333759308
2070,6,210,0.20424917340278625
2071,6,211,0.23438462615013123
2072,6,212,0.21935579180717468
2073,6,213,0.19497917592525482
2074,6,214,0.310262531042099
2075,6,215,0.4737439751625061
2076,6,216,0.17244285345077515
2077,6,217,0.2296265810728073
2078,6,218,0.18860793113708496
2079,6,219,0.2435017079114914
2080,6,220,0.2552441656589508
2081,6,221,0.1374775469303131
2082,6,222,0.28930944204330444
2083,6,223,0.17918720841407776
2084,6,224,0.23766818642616272
2085,6,225,0.21497610211372375
2086,6,226,0.2280578315258026
2087,6,227,0.22328802943229675
2088,6,228,0.276449978351593
2089,6,229,0.16021695733070374
2090,6,230,0.2271624505519867
2091,6,231,0.18882431089878082
2092,6,232,0.2490353137254715
2093,6,233,0.19007721543312073
2094,6,234,0.16246958076953888
2095,6,235,0.2197764664888382
2096,6,236,0.19591356813907623
2097,6,237,0.23104219138622284
2098,6,238,0.19453933835029602
2099,6,239,0.18642915785312653
2100,6,240,0.27856194972991943
2101,6,241,0.22633226215839386
2102,6,242,0.3140023648738861
2103,6,243,0.23849937319755554
2104,6,244,0.17022556066513062
2105,6,245,0.22841255366802216
2106,6,246,0.22851426899433136
2107,6,247,0.1819188892841339
2108,6,248,0.16475053131580353
2109,6,249,0.19399821758270264
2110,6,250,0.3785580098628998
2111,6,251,0.36478590965270996
2112,6,252,0.26455157995224
2113,6,253,0.24802520871162415
2114,6,254,0.21867577731609344
2115,6,255,0.36551785469055176
2116,6,256,0.25561243295669556
2117,6,257,0.28433889150619507
2118,6,258,0.2473979890346527
2119,6,259,0.19105681777000427
2120,6,260,0.22892823815345764
2121,6,261,0.2252890169620514
2122,6,262,0.2342861443758011
2123,6,263,0.26447996497154236
2124,6,264,0.2259659320116043
2125,6,265,0.22590172290802002
2126,6,266,0.22182798385620117
2127,6,267,0.27658867835998535
2128,6,268,0.35402077436447144
2129,6,269,0.2877730429172516
2130,6,270,0.2283720076084137
2131,6,271,0.3157593607902527
2132,6,272,0.24498900771141052
2133,6,273,0.2755346894264221
2134,6,274,0.22224347293376923
2135,6,275,0.2665056586265564
2136,6,276,0.20879745483398438
2137,6,277,0.24948135018348694
2138,6,278,0.24493110179901123
2139,6,279,0.1698571890592575
2140,6,280,0.24229712784290314
2141,6,281,0.21262411773204803
2142,6,282,0.21106715500354767
2143,6,283,0.18073412775993347
2144,6,284,0.24147410690784454
2145,6,285,0.18615496158599854
2146,6,286,0.2489950954914093
2147,6,287,0.2299365997314453
2148,6,288,0.21868932247161865
2149,6,289,0.2855909764766693
2150,6,290,0.18413862586021423
2151,6,291,0.19423852860927582
2152,6,292,0.2282876968383789
2153,6,293,0.2262411117553711
2154,6,294,0.2007807046175003
2155,6,295,0.22106647491455078
2156,6,296,0.23652775585651398
2157,6,297,0.18736907839775085
2158,6,298,0.8818154335021973
2159,6,299,0.21462178230285645
2160,6,300,0.24698369204998016
2161,6,301,0.2031838446855545
2162,6,302,0.17263387143611908
2163,6,303,0.21522481739521027
2164,6,304,0.22726766765117645
2165,6,305,0.42317086458206177
2166,6,306,0.2545930743217468
2167,6,307,0.22357121109962463
2168,6,308,0.22881560027599335
2169,6,309,0.25071775913238525
2170,6,310,0.26613011956214905
2171,6,311,0.21895666420459747
2172,6,312,0.23730960488319397
2173,6,313,0.21227939426898956
2174,6,314,0.2103678286075592
2175,6,315,0.23410029709339142
2176,6,316,0.18335071206092834
2177,6,317,0.2948780357837677
2178,6,318,0.22164180874824524
2179,6,319,0.2763260006904602
2180,6,320,0.28915655612945557
2181,6,321,0.21552662551403046
2182,6,322,0.20342059433460236
2183,6,323,0.24172767996788025
2184,6,324,0.2540627717971802
2185,6,325,0.23378042876720428
2186,6,326,0.22878777980804443
2187,6,327,0.2601068615913391
2188,6,328,0.20347416400909424
2189,6,329,0.18652024865150452
2190,6,330,0.25987398624420166
2191,6,331,0.24327798187732697
2192,6,332,0.23102550208568573
2193,6,333,0.2184813916683197
2194,6,334,0.22501163184642792
2195,6,335,0.21706238389015198
2196,6,336,0.21524915099143982
2197,6,337,0.18529407680034637
2198,6,338,0.2359939068555832
2199,6,339,0.25667035579681396
2200,6,340,0.24937930703163147
2201,6,341,0.2299775779247284
2202,6,342,0.22520971298217773
2203,6,343,0.3414977192878723
2204,6,344,0.23633773624897003
2205,6,345,0.21792688965797424
2206,6,346,0.29890578985214233
2207,6,347,0.24791160225868225
2208,6,348,0.221238374710083
2209,6,349,0.23425133526325226
2210,6,350,0.24295549094676971
2211,6,351,0.2609849274158478
2212,6,352,0.2069750726222992
2213,6,353,0.22528469562530518
2214,6,354,0.25266075134277344
2215,6,355,0.2061477154493332
2216,6,356,0.213766410946846
2217,6,357,0.2394721955060959
2218,6,358,0.17982003092765808
2219,6,359,0.26640576124191284
2220,6,360,0.2549125552177429
2221,6,361,0.31193074584007263
2222,6,362,0.17867201566696167
2223,6,363,0.19670525193214417
2224,6,364,0.21968254446983337
2225,6,365,0.19756460189819336
2226,6,366,0.264665812253952
2227,6,367,0.32824450731277466
2228,6,368,0.27068644762039185
2229,6,369,0.20847885310649872
2230,6,370,0.18681718409061432
2231,6,371,0.2091287076473236
2232,6,372,0.2135433405637741
2233,7,1,0.1965879648923874
2234,7,2,0.20362281799316406
2235,7,3,0.47848406434059143
2236,7,4,0.264657586812973
2237,7,5,0.19806908071041107
2238,7,6,0.2045741081237793
2239,7,7,0.2237262725830078
2240,7,8,0.2157258242368698
2241,7,9,0.22677724063396454
2242,7,10,0.19579172134399414
2243,7,11,0.187440887093544
2244,7,12,0.19673700630664825
2245,7,13,0.20788291096687317
2246,7,14,0.18337424099445343
2247,7,15,0.2124718427658081
2248,7,16,0.22671473026275635
2249,7,17,0.19170168042182922
2250,7,18,0.204422265291214
2251,7,19,0.18507841229438782
2252,7,20,0.21262836456298828
2253,7,21,0.17307832837104797
2254,7,22,0.2043888121843338
2255,7,23,0.14832444489002228
2256,7,24,0.3865136206150055
2257,7,25,0.1783401221036911
2258,7,26,0.20120251178741455
2259,7,27,0.20901481807231903
2260,7,28,0.21545341610908508
2261,7,29,0.2838331460952759
2262,7,30,0.19026920199394226
2263,7,31,0.2292073667049408
2264,7,32,0.23575815558433533
2265,7,33,0.20445194840431213
2266,7,34,0.25513508915901184
2267,7,35,0.2000400274991989
2268,7,36,0.14799970388412476
2269,7,37,0.18164457380771637
2270,7,38,0.1934756189584732
2271,7,39,0.20896394550800323
2272,7,40,0.1690262258052826
2273,7,41,0.15970900654792786
2274,7,42,0.22189171612262726
2275,7,43,0.2047082632780075
2276,7,44,0.24159018695354462
2277,7,45,0.19420292973518372
2278,7,46,0.1960073709487915
2279,7,47,0.20683756470680237
2280,7,48,0.19499869644641876
2281,7,49,0.25841110944747925
2282,7,50,0.229756161570549
2283,7,51,0.21234655380249023
2284,7,52,0.22406518459320068
2285,7,53,0.16731567680835724
2286,7,54,0.1775120049715042
2287,7,55,0.26459169387817383
2288,7,56,0.24654099345207214
2289,7,57,0.2081279456615448
2290,7,58,0.2742387652397156
2291,7,59,0.1934462934732437
2292,7,60,0.1760091781616211
2293,7,61,0.19169583916664124
2294,7,62,0.24214991927146912
2295,7,63,0.15510344505310059
2296,7,64,0.2652847170829773
2297,7,65,0.2162771224975586
2298,7,66,0.17989309132099152
2299,7,67,0.29490867257118225
2300,7,68,0.2153376340866089
2301,7,69,0.2749499976634979
2302,7,70,0.21935725212097168
2303,7,71,0.7384642958641052
2304,7,72,0.24949494004249573
2305,7,73,0.28842782974243164
2306,7,74,0.1707696169614792
2307,7,75,0.23734350502490997
2308,7,76,0.2421732246875763
2309,7,77,0.2778031826019287
2310,7,78,0.1974935233592987
2311,7,79,0.1688380241394043
2312,7,80,0.24121125042438507
2313,7,81,0.22783127427101135
2314,7,82,0.20615486800670624
2315,7,83,0.2539833188056946
2316,7,84,0.2795673608779907
2317,7,85,0.23396921157836914
2318,7,86,0.17115581035614014
2319,7,87,0.21541066467761993
2320,7,88,0.1896408498287201
2321,7,89,0.2500022053718567
2322,7,90,0.4998115599155426
2323,7,91,0.18179449439048767
2324,7,92,0.2419961392879486
2325,7,93,0.25116756558418274
2326,7,94,0.17491759359836578
2327,7,95,0.201084703207016
2328,7,96,0.19979245960712433
2329,7,97,0.2004614770412445
2330,7,98,0.18864896893501282
2331,7,99,0.21416151523590088
2332,7,100,0.24679987132549286
2333,7,101,0.32965749502182007
2334,7,102,0.2560395896434784
2335,7,103,0.2241186797618866
2336,7,104,0.21410362422466278
2337,7,105,0.23066112399101257
2338,7,106,0.23336836695671082
2339,7,107,0.21079933643341064
2340,7,108,0.2417747974395752
2341,7,109,0.22759823501110077
2342,7,110,0.19906823337078094
2343,7,111,0.22012993693351746
2344,7,112,0.22371163964271545
2345,7,113,0.1964080035686493
2346,7,114,0.25289663672447205
2347,7,115,0.24688434600830078
2348,7,116,0.23125965893268585
2349,7,117,0.22243542969226837
2350,7,118,0.24384915828704834
2351,7,119,0.1987582892179489
2352,7,120,0.40267524123191833
2353,7,121,0.18130610883235931
2354,7,122,0.20549936592578888
2355,7,123,0.2249668836593628
2356,7,124,0.22244271636009216
2357,7,125,0.19434718787670135
2358,7,126,0.17697162926197052
2359,7,127,0.22933213412761688
2360,7,128,0.2157876044511795
2361,7,129,0.1660679280757904
2362,7,130,0.2564675509929657
2363,7,131,0.16847831010818481
2364,7,132,0.21351130306720734
2365,7,133,0.20348040759563446
2366,7,134,0.2085927426815033
2367,7,135,0.21332204341888428
2368,7,136,0.20358625054359436
2369,7,137,0.18615947663784027
2370,7,138,0.26498109102249146
2371,7,139,0.6437044143676758
2372,7,140,0.2037380039691925
2373,7,141,0.20728516578674316
2374,7,142,0.19938026368618011
2375,7,143,0.21265248954296112
2376,7,144,0.26295822858810425
2377,7,145,0.2451827973127365
2378,7,146,0.22237233817577362
2379,7,147,0.2047421634197235
2380,7,148,0.24064882099628448
2381,7,149,0.17344793677330017
2382,7,150,0.287104070186615
2383,7,151,0.18075884878635406
2384,7,152,0.2150568962097168
2385,7,153,0.21964199841022491
2386,7,154,0.19780518114566803
2387,7,155,0.2157759964466095
2388,7,156,0.23680928349494934
2389,7,157,0.226205974817276
2390,7,158,0.2971346080303192
2391,7,159,0.17200824618339539
2392,7,160,0.22885194420814514
2393,7,161,0.20209436118602753
2394,7,162,0.17643305659294128
2395,7,163,0.1926475614309311
2396,7,164,0.21288840472698212
2397,7,165,0.15818974375724792
2398,7,166,0.3736432194709778
2399,7,167,0.204865500330925
2400,7,168,0.16841763257980347
2401,7,169,0.277557373046875
2402,7,170,0.22208277881145477
2403,7,171,0.15363352000713348
2404,7,172,0.20918111503124237
2405,7,173,0.2423410713672638
2406,7,174,0.19530776143074036
2407,7,175,0.18685771524906158
2408,7,176,0.19222591817378998
2409,7,177,0.25508731603622437
2410,7,178,0.2202344685792923
2411,7,179,0.21384593844413757
2412,7,180,0.21979501843452454
2413,7,181,0.25090914964675903
2414,7,182,0.2495562732219696
2415,7,183,0.20762181282043457
2416,7,184,0.48360005021095276
2417,7,185,0.21535465121269226
2418,7,186,0.2027970850467682
2419,7,187,0.19367608428001404
2420,7,188,0.16965074837207794
2421,7,189,0.18876856565475464
2422,7,190,0.22311782836914062
2423,7,191,0.22373220324516296
2424,7,192,0.22474274039268494
2425,7,193,0.1889476478099823
2426,7,194,0.2570745050907135
2427,7,195,0.23193359375
2428,7,196,0.25156933069229126
2429,7,197,0.2371799647808075
2430,7,198,0.19915325939655304
2431,7,199,0.14888815581798553
2432,7,200,0.22014126181602478
2433,7,201,0.23713016510009766
2434,7,202,0.26285046339035034
2435,7,203,0.19379080832004547
2436,7,204,0.196257546544075
2437,7,205,0.20765797793865204
2438,7,206,0.2276025116443634
2439,7,207,0.25453394651412964
2440,7,208,0.22070062160491943
2441,7,209,0.24616535007953644
2442,7,210,0.21276679635047913
2443,7,211,0.251190721988678
2444,7,212,0.2586899697780609
2445,7,213,0.18034622073173523
2446,7,214,0.1997130811214447
2447,7,215,0.2388658970594406
2448,7,216,0.23765893280506134
2449,7,217,0.5656991004943848
2450,7,218,0.19217145442962646
2451,7,219,0.19516636431217194
2452,7,220,0.30768105387687683
2453,7,221,0.2301408052444458
2454,7,222,0.21593180298805237
2455,7,223,0.19720205664634705
2456,7,224,0.13888852298259735
2457,7,225,0.20454835891723633
2458,7,226,0.21024830639362335
2459,7,227,0.2571008801460266
2460,7,228,0.19450345635414124
2461,7,229,0.22457709908485413
2462,7,230,0.2201509177684784
2463,7,231,0.27650243043899536
2464,7,232,0.2143383026123047
2465,7,233,0.24462823569774628
2466,7,234,0.20630502700805664
2467,7,235,0.25817543268203735
2468,7,236,0.3396971821784973
2469,7,237,0.18072548508644104
2470,7,238,0.19577749073505402
2471,7,239,0.140909805893898
2472,7,240,0.20422954857349396
2473,7,241,0.19329360127449036
2474,7,242,0.36914464831352234
2475,7,243,0.23798951506614685
2476,7,244,0.18352343142032623
2477,7,245,0.1776433289051056
2478,7,246,0.2656514048576355
2479,7,247,0.3024522364139557
2480,7,248,0.20688530802726746
2481,7,249,0.19519563019275665
2482,7,250,0.17261852324008942
2483,7,251,0.209682896733284
2484,7,252,0.23234239220619202
2485,7,253,0.2205127477645874
2486,7,254,0.20738017559051514
2487,7,255,0.20723995566368103
2488,7,256,0.17121048271656036
2489,7,257,0.2655694782733917
2490,7,258,0.21129469573497772
2491,7,259,0.20543892681598663
2492,7,260,0.22328050434589386
2493,7,261,0.20829129219055176
2494,7,262,0.1849735975265503
2495,7,263,0.2144414633512497
2496,7,264,0.17685119807720184
2497,7,265,0.1759621500968933
2498,7,266,0.2284257411956787
2499,7,267,0.23200447857379913
2500,7,268,0.1710229068994522
2501,7,269,0.22148123383522034
2502,7,270,0.20421914756298065
2503,7,271,0.19281403720378876
2504,7,272,0.2113490104675293
2505,7,273,0.1840514838695526
2506,7,274,0.18331357836723328
2507,7,275,0.23528404533863068
2508,7,276,0.18576468527317047
2509,7,277,0.24356293678283691
2510,7,278,0.23354656994342804
2511,7,279,0.20145297050476074
2512,7,280,0.17294013500213623
2513,7,281,0.25374835729599
2514,7,282,0.2470589429140091
2515,7,283,0.20333580672740936
2516,7,284,0.2315717190504074
2517,7,285,0.20313628017902374
2518,7,286,0.2028786689043045
2519,7,287,0.21554191410541534
2520,7,288,0.18512293696403503
2521,7,289,0.2818250060081482
2522,7,290,0.23642554879188538
2523,7,291,0.1697550266981125
2524,7,292,0.2170267403125763
2525,7,293,0.24883154034614563
2526,7,294,0.23638276755809784
2527,7,295,0.2853676378726959
2528,7,296,0.22558267414569855
2529,7,297,0.1922341287136078
2530,7,298,0.31372615694999695
2531,7,299,0.2186073362827301
2532,7,300,0.17005591094493866
2533,7,301,0.24089737236499786
2534,7,302,0.20529384911060333
2535,7,303,0.2360544204711914
2536,7,304,0.24102783203125
2537,7,305,0.2578750550746918
2538,7,306,0.2709548771381378
2539,7,307,0.18644726276397705
2540,7,308,0.20556382834911346
2541,7,309,0.22024337947368622
2542,7,310,0.1769147366285324
2543,7,311,0.21601502597332
2544,7,312,0.22626587748527527
2545,7,313,0.23887106776237488
2546,7,314,0.24281659722328186
2547,7,315,0.2499370127916336
2548,7,316,0.22528374195098877
2549,7,317,0.22158756852149963
2550,7,318,0.1874137818813324
2551,7,319,0.23639993369579315
2552,7,320,0.19477327167987823
2553,7,321,0.2313985526561737
2554,7,322,0.2729727327823639
2555,7,323,0.21742138266563416
2556,7,324,0.18613798916339874
2557,7,325,0.19867512583732605
2558,7,326,0.22907570004463196
2559,7,327,0.26415541768074036
2560,7,328,0.18548588454723358
2561,7,329,0.18271026015281677
2562,7,330,0.18738016486167908
2563,7,331,0.20673182606697083
2564,7,332,0.1729874461889267
2565,7,333,0.17616534233093262
2566,7,334,0.383528470993042
2567,7,335,0.2166096717119217
2568,7,336,0.1626710593700409
2569,7,337,0.2067468911409378
2570,7,338,0.20708858966827393
2571,7,339,0.3549136519432068
2572,7,340,0.22704386711120605
2573,7,341,0.22821494936943054
2574,7,342,0.19989439845085144
2575,7,343,0.20714637637138367
2576,7,344,0.19790019094944
2577,7,345,0.19976218044757843
2578,7,346,0.23166480660438538
2579,7,347,0.19622282683849335
2580,7,348,0.20999106764793396
2581,7,349,0.23479488492012024
2582,7,350,0.19233965873718262
2583,7,351,0.250008225440979
2584,7,352,0.2102065086364746
2585,7,353,0.20027625560760498
2586,7,354,0.2220233678817749
2587,7,355,0.16109564900398254
2588,7,356,0.28014254570007324
2589,7,357,0.2322726994752884
2590,7,358,0.21242669224739075
2591,7,359,0.3456488847732544
2592,7,360,0.19016939401626587
2593,7,361,0.2209274023771286
2594,7,362,0.2501748204231262
2595,7,363,0.22549864649772644
2596,7,364,0.25169163942337036
2597,7,365,0.21805305778980255
2598,7,366,0.2063855677843094
2599,7,367,0.21010056138038635
2600,7,368,0.20901742577552795
2601,7,369,0.3627448081970215
2602,7,370,0.1574130356311798
2603,7,371,0.2642405927181244
2604,7,372,0.24429957568645477
2605,8,1,0.1925821602344513
2606,8,2,0.23046354949474335
2607,8,3,0.17740808427333832
2608,8,4,0.18602648377418518
2609,8,5,0.4483031630516052
2610,8,6,0.2001843899488449
2611,8,7,0.21345862746238708
2612,8,8,0.2611837089061737
2613,8,9,0.22417159378528595
2614,8,10,0.20002910494804382
2615,8,11,0.27018457651138306
2616,8,12,0.206505686044693
2617,8,13,0.18572336435317993
2618,8,14,0.23591279983520508
2619,8,15,0.2829534411430359
2620,8,16,0.22084251046180725
2621,8,17,0.23284395039081573
2622,8,18,0.20772497355937958
2623,8,19,0.3376161456108093
2624,8,20,0.271336168050766
2625,8,21,0.19068236649036407
2626,8,22,0.18015602231025696
2627,8,23,0.21349498629570007
2628,8,24,0.3212832808494568
2629,8,25,0.20486986637115479
2630,8,26,0.21851012110710144
2631,8,27,0.18708468973636627
2632,8,28,0.16627220809459686
2633,8,29,0.16111241281032562
2634,8,30,0.20971298217773438
2635,8,31,0.21551115810871124
2636,8,32,0.17177563905715942
2637,8,33,0.21996700763702393
2638,8,34,0.197149857878685
2639,8,35,0.18305011093616486
2640,8,36,0.24735215306282043
2641,8,37,0.24452857673168182
2642,8,38,0.20453742146492004
2643,8,39,0.2009110450744629
2644,8,40,0.18543413281440735
2645,8,41,0.15977692604064941
2646,8,42,0.17862293124198914
2647,8,43,0.1630048304796219
2648,8,44,0.191608726978302
2649,8,45,0.197667196393013
2650,8,46,0.18114610016345978
2651,8,47,0.24540698528289795
2652,8,48,0.19998839497566223
2653,8,49,0.22333446145057678
2654,8,50,0.19838349521160126
2655,8,51,0.21678180992603302
2656,8,52,0.16554903984069824
2657,8,53,0.18632429838180542
2658,8,54,0.1960139274597168
2659,8,55,0.1676689237356186
2660,8,56,0.17828664183616638
2661,8,57,0.15041333436965942
2662,8,58,0.18292315304279327
2663,8,59,0.1684328019618988
2664,8,60,0.23227040469646454
2665,8,61,0.2314716875553131
2666,8,62,0.3365377187728882
2667,8,63,0.20603501796722412
2668,8,64,0.23179931938648224
2669,8,65,0.16569367051124573
2670,8,66,0.20304469764232635
2671,8,67,0.231923907995224
2672,8,68,0.21276846528053284
2673,8,69,0.18768800795078278
2674,8,70,0.1699487268924713
2675,8,71,0.21537864208221436
2676,8,72,0.21835777163505554
2677,8,73,0.2075711190700531
2678,8,74,0.22219619154930115
2679,8,75,0.16714444756507874
2680,8,76,0.174818217754364
2681,8,77,0.24888446927070618
2682,8,78,0.16921605169773102
2683,8,79,0.18805158138275146
2684,8,80,0.18200460076332092
2685,8,81,0.18260733783245087
2686,8,82,0.26474979519844055
2687,8,83,0.19718173146247864
2688,8,84,0.20089295506477356
2689,8,85,0.23133274912834167
2690,8,86,0.1880723536014557
2691,8,87,0.24201829731464386
2692,8,88,0.224201962351799
2693,8,89,0.18647059798240662
2694,8,90,0.16748790442943573
2695,8,91,0.20690670609474182
2696,8,92,0.21898123621940613
2697,8,93,0.185930073261261
2698,8,94,0.1993548721075058
2699,8,95,0.25362181663513184
2700,8,96,0.23010078072547913
2701,8,97,0.19421638548374176
2702,8,98,0.23583345115184784
2703,8,99,0.1837758719921112
2704,8,100,0.1933535486459732
2705,8,101,0.21408362686634064
2706,8,102,0.19985854625701904
2707,8,103,0.21676893532276154
2708,8,104,0.39764851331710815
2709,8,105,0.2454770803451538
2710,8,106,0.20378300547599792
2711,8,107,0.21822381019592285
2712,8,108,0.19162394106388092
2713,8,109,0.2277819663286209
2714,8,110,0.20638124644756317
2715,8,111,0.24407930672168732
2716,8,112,0.1966239959001541
2717,8,113,0.26499444246292114
2718,8,114,0.23200352489948273
2719,8,115,0.19007857143878937
2720,8,116,0.19555231928825378
2721,8,117,0.22355106472969055
2722,8,118,0.18387213349342346
2723,8,119,0.23090362548828125
2724,8,120,0.17623937129974365
2725,8,121,0.14784443378448486
2726,8,122,0.24021735787391663
2727,8,123,0.19889673590660095
2728,8,124,0.21063371002674103
2729,8,125,0.18390291929244995
2730,8,126,0.2551564574241638
2731,8,127,0.18055608868598938
2732,8,128,0.1869140863418579
2733,8,129,0.22902345657348633
2734,8,130,0.18634136021137238
2735,8,131,0.2138431966304779
2736,8,132,0.25525179505348206
2737,8,133,0.20260541141033173
2738,8,134,0.20875437557697296
2739,8,135,0.1849072277545929
2740,8,136,0.18000252544879913
2741,8,137,0.3804728388786316
2742,8,138,0.17166069149971008
2743,8,139,0.2764567732810974
2744,8,140,0.2239389717578888
2745,8,141,0.20613718032836914
2746,8,142,0.26457351446151733
2747,8,143,0.26042670011520386
2748,8,144,0.20516613125801086
2749,8,145,0.22877898812294006
2750,8,146,0.18888606131076813
2751,8,147,0.18836697936058044
2752,8,148,0.17065539956092834
2753,8,149,0.20565593242645264
2754,8,150,0.22702983021736145
2755,8,151,0.2252597063779831
2756,8,152,0.196254163980484
2757,8,153,0.1746406853199005
2758,8,154,0.18978436291217804
2759,8,155,0.24067926406860352
2760,8,156,0.21598270535469055
2761,8,157,0.2074640542268753
2762,8,158,0.2069273442029953
2763,8,159,0.18409612774848938
2764,8,160,0.19661584496498108
2765,8,161,0.18288478255271912
2766,8,162,0.1917475312948227
2767,8,163,0.24736258387565613
2768,8,164,0.2138064205646515
2769,8,165,0.23212304711341858
2770,8,166,0.20184004306793213
2771,8,167,0.17641106247901917
2772,8,168,0.22018864750862122
2773,8,169,0.23329155147075653
2774,8,170,0.17040133476257324
2775,8,171,0.1972394585609436
2776,8,172,0.24508734047412872
2777,8,173,0.24080410599708557
2778,8,174,0.17174160480499268
2779,8,175,0.19029980897903442
2780,8,176,0.20306596159934998
2781,8,177,0.20762872695922852
2782,8,178,0.23088082671165466
2783,8,179,0.22494788467884064
2784,8,180,0.22300000488758087
2785,8,181,0.23831196129322052
2786,8,182,0.21932479739189148
2787,8,183,0.19754138588905334
2788,8,184,0.1877974271774292
2789,8,185,0.255476176738739
2790,8,186,0.20314276218414307
2791,8,187,0.21629850566387177
2792,8,188,0.20708712935447693
2793,8,189,0.19216352701187134
2794,8,190,0.18462689220905304
2795,8,191,0.20903348922729492
2796,8,192,0.23398840427398682
2797,8,193,0.2778034508228302
2798,8,194,0.2548345625400543
2799,8,195,0.2079891711473465
2800,8,196,0.1917334347963333
2801,8,197,0.22674360871315002
2802,8,198,0.21303364634513855
2803,8,199,0.18620236217975616
2804,8,200,0.16605685651302338
2805,8,201,0.2690611481666565
2806,8,202,0.16674208641052246
2807,8,203,0.2367926388978958
2808,8,204,0.20412993431091309
2809,8,205,0.28520467877388
2810,8,206,0.2387717217206955
2811,8,207,0.1950911581516266
2812,8,208,0.219208762049675
2813,8,209,0.21594226360321045
2814,8,210,0.2446172684431076
2815,8,211,0.25349298119544983
2816,8,212,0.2699403166770935
2817,8,213,0.235836461186409
2818,8,214,0.2210996448993683
2819,8,215,0.18386738002300262
2820,8,216,0.18769685924053192
2821,8,217,0.16678692400455475
2822,8,218,0.22213943302631378
2823,8,219,0.22646741569042206
2824,8,220,0.22173979878425598
2825,8,221,0.18535614013671875
2826,8,222,0.1665995717048645
2827,8,223,0.23466996848583221
2828,8,224,0.23070010542869568
2829,8,225,0.20787100493907928
2830,8,226,0.20309457182884216
2831,8,227,0.2114708125591278
2832,8,228,0.23335357010364532
2833,8,229,0.1896316409111023
2834,8,230,0.205898717045784
2835,8,231,0.1991318166255951
2836,8,232,0.2122388333082199
2837,8,233,0.20429067313671112
2838,8,234,0.17781563103199005
2839,8,235,0.2863624393939972
2840,8,236,0.21462495625019073
2841,8,237,0.1752457320690155
2842,8,238,0.2066541165113449
2843,8,239,0.2041921615600586
2844,8,240,0.22703087329864502
2845,8,241,0.21370115876197815
2846,8,242,0.18424642086029053
2847,8,243,0.2932581603527069
2848,8,244,0.1629108190536499
2849,8,245,0.21248170733451843
2850,8,246,0.19424274563789368
2851,8,247,0.2171541005373001
2852,8,248,0.231948584318161
2853,8,249,0.24236074090003967
2854,8,250,0.19961002469062805
2855,8,251,0.2309482991695404
2856,8,252,0.17209729552268982
2857,8,253,0.1910627782344818
2858,8,254,0.18662287294864655
2859,8,255,0.1958189457654953
2860,8,256,0.2314053475856781
2861,8,257,0.3224365711212158
2862,8,258,0.18873187899589539
2863,8,259,0.2366878092288971
2864,8,260,0.19662514328956604
2865,8,261,0.18667450547218323
2866,8,262,0.21367593109607697
2867,8,263,0.2539988160133362
2868,8,264,0.20150332152843475
2869,8,265,0.20642001926898956
2870,8,266,0.24902689456939697
2871,8,267,0.25258973240852356
2872,8,268,0.202782541513443
2873,8,269,0.5073826909065247
2874,8,270,0.21078500151634216
2875,8,271,0.1999133825302124
2876,8,272,0.23668010532855988
2877,8,273,0.2179584503173828
2878,8,274,0.18044891953468323
2879,8,275,0.1837005913257599
2880,8,276,0.21136462688446045
2881,8,277,0.2223542034626007
2882,8,278,0.1865490823984146
2883,8,279,0.1497153341770172
2884,8,280,0.20176687836647034
2885,8,281,0.17370735108852386
2886,8,282,0.22583763301372528
2887,8,283,0.18623845279216766
2888,8,284,0.28417474031448364
2889,8,285,0.17547465860843658
2890,8,286,0.2055027037858963
2891,8,287,0.2040127068758011
2892,8,288,0.17575009167194366
2893,8,289,0.20356793701648712
2894,8,290,0.19236943125724792
2895,8,291,0.19528546929359436
2896,8,292,0.2115984857082367
2897,8,293,0.2431127279996872
2898,8,294,0.2399604320526123
2899,8,295,0.1979864239692688
2900,8,296,0.15849587321281433
2901,8,297,0.18326270580291748
2902,8,298,0.21731781959533691
2903,8,299,0.20825862884521484
2904,8,300,0.21121177077293396
2905,8,301,0.21266420185565948
2906,8,302,0.2108493149280548
2907,8,303,0.22703024744987488
2908,8,304,0.23208573460578918
2909,8,305,0.19073761999607086
2910,8,306,0.2024676352739334
2911,8,307,0.18424305319786072
2912,8,308,0.18583226203918457
2913,8,309,0.17011460661888123
2914,8,310,0.1983650028705597
2915,8,311,0.19652821123600006
2916,8,312,0.22352632880210876
2917,8,313,0.265425443649292
2918,8,314,0.23065857589244843
2919,8,315,0.4899830222129822
2920,8,316,0.3634254038333893
2921,8,317,0.19769564270973206
2922,8,318,0.1924838423728943
2923,8,319,0.2118983268737793
2924,8,320,0.23706409335136414
2925,8,321,0.17175258696079254
2926,8,322,0.1831323206424713
2927,8,323,0.24835717678070068
2928,8,324,0.17389056086540222
2929,8,325,0.18505273759365082
2930,8,326,0.1727871149778366
2931,8,327,0.25552472472190857
2932,8,328,0.19697801768779755
2933,8,329,0.22058120369911194
2934,8,330,0.19531194865703583
2935,8,331,0.17753039300441742
2936,8,332,0.15804466605186462
2937,8,333,0.17261727154254913
2938,8,334,0.18231558799743652
2939,8,335,0.16766758263111115
2940,8,336,0.24273845553398132
2941,8,337,0.1661202311515808
2942,8,338,0.22942857444286346
2943,8,339,0.18034270405769348
2944,8,340,0.17677739262580872
2945,8,341,0.4167790412902832
2946,8,342,0.1832728087902069
2947,8,343,0.26394888758659363
2948,8,344,0.20359134674072266
2949,8,345,0.3836563229560852
2950,8,346,0.3782646059989929
2951,8,347,0.18119126558303833
2952,8,348,0.22359028458595276
2953,8,349,0.23567204177379608
2954,8,350,0.1878996044397354
2955,8,351,0.2453371286392212
2956,8,352,0.28956013917922974
2957,8,353,0.25983360409736633
2958,8,354,0.20744474232196808
2959,8,355,0.2297423779964447
2960,8,356,0.22600147128105164
2961,8,357,0.20710058510303497
2962,8,358,0.27184081077575684
2963,8,359,0.2649339735507965
2964,8,360,0.2171245515346527
2965,8,361,0.2041025459766388
2966,8,362,0.34792882204055786
2967,8,363,0.2312682569026947
2968,8,364,0.1979193389415741
2969,8,365,0.18596534430980682
2970,8,366,0.31793293356895447
2971,8,367,0.1645188331604004
2972,8,368,0.20401421189308167
2973,8,369,0.15743225812911987
2974,8,370,0.20797356963157654
2975,8,371,0.17729148268699646
2976,8,372,0.2267531454563141
2977,9,1,0.17734338343143463
2978,9,2,0.23577162623405457
2979,9,3,0.17314079403877258
2980,9,4,0.2143363058567047
2981,9,5,0.2748371958732605
2982,9,6,0.21949855983257294
2983,9,7,0.18157771229743958
2984,9,8,0.18460401892662048
2985,9,9,0.19367876648902893
2986,9,10,0.19212058186531067
2987,9,11,0.1935891956090927
2988,9,12,0.6278780698776245
2989,9,13,0.17568397521972656
2990,9,14,0.21616820991039276
2991,9,15,0.24928238987922668
2992,9,16,0.21330833435058594
2993,9,17,0.2412799894809723
2994,9,18,0.1999821960926056
2995,9,19,0.18546824157238007
2996,9,20,0.1960011124610901
2997,9,21,0.18834826350212097
2998,9,22,0.2185109406709671
2999,9,23,0.2053932398557663
3000,9,24,0.22662150859832764
3001,9,25,0.21279045939445496
3002,9,26,0.21297943592071533
3003,9,27,0.1747206598520279
3004,9,28,0.18103747069835663
3005,9,29,0.1928587704896927
3006,9,30,0.19675815105438232
3007,9,31,0.18962588906288147
3008,9,32,0.191301628947258
3009,9,33,0.19042229652404785
3010,9,34,0.18545031547546387
3011,9,35,0.19135485589504242
3012,9,36,0.2672010064125061
3013,9,37,0.24624958634376526
3014,9,38,0.20746822655200958
3015,9,39,0.18471896648406982
3016,9,40,0.1996135413646698
3017,9,41,0.2080645114183426
3018,9,42,0.21218709647655487
3019,9,43,0.20605997741222382
3020,9,44,0.16893945634365082
3021,9,45,0.1531877964735031
3022,9,46,0.2131669521331787
3023,9,47,0.2637166678905487
3024,9,48,0.19545146822929382
3025,9,49,0.17154249548912048
3026,9,50,0.17714467644691467
3027,9,51,0.20695002377033234
3028,9,52,0.20737989246845245
3029,9,53,0.17429408431053162
3030,9,54,0.23849180340766907
3031,9,55,0.18150769174098969
3032,9,56,0.23192548751831055
3033,9,57,0.19732467830181122
3034,9,58,0.20815488696098328
3035,9,59,0.1797645092010498
3036,9,60,0.20060233771800995
3037,9,61,0.17941056191921234
3038,9,62,0.22544045746326447
3039,9,63,0.24460554122924805
3040,9,64,0.21999788284301758
3041,9,65,0.1800771802663803
3042,9,66,0.1999598741531372
3043,9,67,0.19446350634098053
3044,9,68,0.18170155584812164
3045,9,69,0.24362695217132568
3046,9,70,0.1879289597272873
3047,9,71,0.2101312130689621
3048,9,72,0.20735855400562286
3049,9,73,0.21341261267662048
3050,9,74,0.19088861346244812
3051,9,75,0.19730113446712494
3052,9,76,0.1937011480331421
3053,9,77,0.18669724464416504
3054,9,78,0.1830112636089325
3055,9,79,0.15024366974830627
3056,9,80,0.23793470859527588
3057,9,81,0.18540409207344055
3058,9,82,0.233270525932312
3059,9,83,0.1757035255432129
3060,9,84,0.162846177816391
3061,9,85,0.21252842247486115
3062,9,86,0.17726382613182068
3063,9,87,0.17583777010440826
3064,9,88,0.15090779960155487
3065,9,89,0.16338388621807098
3066,9,90,0.18608255684375763
3067,9,91,0.16212385892868042
3068,9,92,0.20556640625
3069,9,93,0.19938811659812927
3070,9,94,0.1915421485900879
3071,9,95,0.2543320655822754
3072,9,96,0.18798108398914337
3073,9,97,0.2204360067844391
3074,9,98,0.22783604264259338
3075,9,99,0.25974756479263306
3076,9,100,0.21465961635112762
3077,9,101,0.20349664986133575
3078,9,102,0.17901752889156342
3079,9,103,0.19997607171535492
3080,9,104,0.1750156283378601
3081,9,105,0.14298903942108154
3082,9,106,0.1805720031261444
3083,9,107,0.16107991337776184
3084,9,108,0.17336474359035492
3085,9,109,0.16349807381629944
3086,9,110,0.16367657482624054
3087,9,111,0.18802407383918762
3088,9,112,0.18554680049419403
3089,9,113,0.22703902423381805
3090,9,114,0.20365960896015167
3091,9,115,0.1952112764120102
3092,9,116,0.22044169902801514
3093,9,117,0.21277284622192383
3094,9,118,0.22543403506278992
3095,9,119,0.18451273441314697
3096,9,120,0.24029573798179626
3097,9,121,0.22106149792671204
3098,9,122,0.19317203760147095
3099,9,123,0.19402064383029938
3100,9,124,0.19827276468276978
3101,9,125,0.1604071706533432
3102,9,126,0.2133692502975464
3103,9,127,0.1667630970478058
3104,9,128,0.20526301860809326
3105,9,129,0.20752592384815216
3106,9,130,0.24343152344226837
3107,9,131,0.19412001967430115
3108,9,132,0.19642779231071472
3109,9,133,0.16700094938278198
3110,9,134,0.15543708205223083
3111,9,135,0.21259769797325134
3112,9,136,0.17635104060173035
3113,9,137,0.1909048855304718
3114,9,138,0.20414340496063232
3115,9,139,0.16439729928970337
3116,9,140,0.21635155379772186
3117,9,141,0.18861880898475647
3118,9,142,0.17006409168243408
3119,9,143,0.19589458405971527
3120,9,144,0.23018613457679749
3121,9,145,0.19740290939807892
3122,9,146,0.2165847271680832
3123,9,147,0.23935356736183167
3124,9,148,0.20645523071289062
3125,9,149,0.22575779259204865
3126,9,150,0.20287644863128662
3127,9,151,0.1890111118555069
3128,9,152,0.17234039306640625
3129,9,153,0.33501625061035156
3130,9,154,0.43767088651657104
3131,9,155,0.25939005613327026
3132,9,156,0.16869841516017914
3133,9,157,0.2860252857208252
3134,9,158,0.1301165074110031
3135,9,159,0.23540396988391876
3136,9,160,0.1886654496192932
3137,9,161,0.2109391987323761
3138,9,162,0.1892620027065277
3139,9,163,0.3052733540534973
3140,9,164,0.23619647324085236
3141,9,165,0.2044697254896164
3142,9,166,0.35111233592033386
3143,9,167,0.1720210313796997
3144,9,168,0.27655982971191406
3145,9,169,0.1989976316690445
3146,9,170,0.1770683228969574
3147,9,171,0.3369961380958557
3148,9,172,0.1912291944026947
3149,9,173,0.22994330525398254
3150,9,174,0.20988531410694122
3151,9,175,0.19572056829929352
3152,9,176,0.1987074911594391
3153,9,177,0.1825181096792221
3154,9,178,0.16703970730304718
3155,9,179,0.20723363757133484
3156,9,180,0.20237474143505096
3157,9,181,0.20256611704826355
3158,9,182,0.19509823620319366
3159,9,183,0.1660551130771637
3160,9,184,0.24674883484840393
3161,9,185,0.20559458434581757
3162,9,186,0.29464393854141235
3163,9,187,0.2359791249036789
3164,9,188,0.19076837599277496
3165,9,189,0.2234984189271927
3166,9,190,0.21286790072917938
3167,9,191,0.2080492079257965
3168,9,192,0.19702892005443573
3169,9,193,0.23475606739521027
3170,9,194,0.21961653232574463
3171,9,195,0.2898368239402771
3172,9,196,0.23225823044776917
3173,9,197,0.20809006690979004
3174,9,198,0.17609523236751556
3175,9,199,0.18183502554893494
3176,9,200,0.23230072855949402
3177,9,201,0.2287389487028122
3178,9,202,0.2135126143693924
3179,9,203,0.23684167861938477
3180,9,204,0.21980345249176025
3181,9,205,0.20014910399913788
3182,9,206,0.22392229735851288
3183,9,207,0.21856503188610077
3184,9,208,0.1970619261264801
3185,9,209,0.24665121734142303
3186,9,210,0.1855815351009369
3187,9,211,0.17383459210395813
3188,9,212,0.20458662509918213
3189,9,213,0.21720771491527557
3190,9,214,0.22533276677131653
3191,9,215,0.2033563107252121
3192,9,216,0.19383865594863892
3193,9,217,0.21903224289417267
3194,9,218,0.187583789229393
3195,9,219,0.17543061077594757
3196,9,220,0.1503831446170807
3197,9,221,0.1709338128566742
3198,9,222,0.18248668313026428
3199,9,223,0.2633993923664093
3200,9,224,0.21065883338451385
3201,9,225,0.18477842211723328
3202,9,226,0.1700092852115631
3203,9,227,0.3401980996131897
3204,9,228,0.15427008271217346
3205,9,229,0.19401028752326965
3206,9,230,0.1825132519006729
3207,9,231,0.1767112910747528
3208,9,232,0.19756630063056946
3209,9,233,0.25016531348228455
3210,9,234,0.22943265736103058
3211,9,235,0.21108567714691162
3212,9,236,0.2119232416152954
3213,9,237,0.19655045866966248
3214,9,238,0.27583882212638855
3215,9,239,0.22136394679546356
3216,9,240,0.1828984171152115
3217,9,241,0.24376580119132996
3218,9,242,0.19765183329582214
3219,9,243,0.17848102748394012
3220,9,244,0.20047089457511902
3221,9,245,0.19551977515220642
3222,9,246,0.1648399531841278
3223,9,247,0.21820242702960968
3224,9,248,0.19238628447055817
3225,9,249,0.2205483615398407
3226,9,250,0.231435626745224
3227,9,251,0.23020562529563904
3228,9,252,0.21080012619495392
3229,9,253,0.15940424799919128
3230,9,254,0.2495305836200714
3231,9,255,0.17699465155601501
3232,9,256,0.26593512296676636
3233,9,257,0.1867816001176834
3234,9,258,0.19512054324150085
3235,9,259,0.24822263419628143
3236,9,260,0.2078038454055786
3237,9,261,0.15366150438785553
3238,9,262,0.20310921967029572
3239,9,263,0.24616403877735138
3240,9,264,0.2199661284685135
3241,9,265,0.16501954197883606
3242,9,266,0.20525360107421875
3243,9,267,0.16458263993263245
3244,9,268,0.18567034602165222
3245,9,269,0.21904945373535156
3246,9,270,0.23346562683582306
3247,9,271,0.2714844048023224
3248,9,272,0.20705318450927734
3249,9,273,0.20484566688537598
3250,9,274,0.22385063767433167
3251,9,275,0.1646302044391632
3252,9,276,0.33521878719329834
3253,9,277,0.21291275322437286
3254,9,278,0.19018253684043884
3255,9,279,0.18501460552215576
3256,9,280,0.32492631673812866
3257,9,281,0.23797741532325745
3258,9,282,0.1798325777053833
3259,9,283,0.2188994437456131
3260,9,284,0.1951574832201004
3261,9,285,0.18007422983646393
3262,9,286,0.2426152527332306
3263,9,287,0.22140398621559143
3264,9,288,0.16844139993190765
3265,9,289,0.21764376759529114
3266,9,290,0.16706493496894836
3267,9,291,0.22444286942481995
3268,9,292,0.20599901676177979
3269,9,293,0.21550655364990234
3270,9,294,0.17198869585990906
3271,9,295,0.1844530999660492
3272,9,296,0.15599870681762695
3273,9,297,0.19484229385852814
3274,9,298,0.16186174750328064
3275,9,299,0.21830244362354279
3276,9,300,0.20618848502635956
3277,9,301,0.24435608088970184
3278,9,302,0.260728120803833
3279,9,303,0.18300339579582214
3280,9,304,0.19412356615066528
3281,9,305,0.20129676163196564
3282,9,306,0.19276964664459229
3283,9,307,0.18143849074840546
3284,9,308,0.16625624895095825
3285,9,309,0.1773945540189743
3286,9,310,0.20001891255378723
3287,9,311,0.16713082790374756
3288,9,312,0.19642633199691772
3289,9,313,0.19858594238758087
3290,9,314,0.16896642744541168
3291,9,315,0.2634093165397644
3292,9,316,0.19796112179756165
3293,9,317,0.2164146900177002
3294,9,318,0.1917215883731842
3295,9,319,0.1911388337612152
3296,9,320,0.17356181144714355
3297,9,321,0.1851448118686676
3298,9,322,0.16103580594062805
3299,9,323,0.19565650820732117
3300,9,324,0.20342031121253967
3301,9,325,0.1820206195116043
3302,9,326,0.202757328748703
3303,9,327,0.25127720832824707
3304,9,328,0.20350894331932068
3305,9,329,0.18246987462043762
3306,9,330,0.20823216438293457
3307,9,331,0.19090262055397034
3308,9,332,0.2018629014492035
3309,9,333,0.17026641964912415
3310,9,334,0.21130719780921936
3311,9,335,0.22333267331123352
3312,9,336,0.19189469516277313
3313,9,337,0.22442586719989777
3314,9,338,0.23479489982128143
3315,9,339,0.1848173886537552
3316,9,340,0.18077662587165833
3317,9,341,0.19044943153858185
3318,9,342,0.22122153639793396
3319,9,343,0.21275603771209717
3320,9,344,0.15367159247398376
3321,9,345,0.29298630356788635
3322,9,346,0.20920796692371368
3323,9,347,0.2396080046892166
3324,9,348,0.19389675557613373
3325,9,349,0.18265807628631592
3326,9,350,0.19559355080127716
3327,9,351,0.3170843720436096
3328,9,352,0.2459222823381424
3329,9,353,0.22339196503162384
3330,9,354,0.19269642233848572
3331,9,355,0.2298659086227417
3332,9,356,0.21085365116596222
3333,9,357,0.36527514457702637
3334,9,358,0.21437959372997284
3335,9,359,0.21068057417869568
3336,9,360,0.18367648124694824
3337,9,361,0.2631186842918396
3338,9,362,0.19658146798610687
3339,9,363,0.2204919308423996
3340,9,364,0.2328231781721115
3341,9,365,0.19000467658042908
3342,9,366,0.19650831818580627
3343,9,367,0.19870957732200623
3344,9,368,0.22953948378562927
3345,9,369,0.22546610236167908
3346,9,370,0.38119930028915405
3347,9,371,0.1823941171169281
3348,9,372,0.14600451290607452
3349,10,1,0.18594905734062195
3350,10,2,0.20493392646312714
3351,10,3,0.13928085565567017
3352,10,4,0.1506679207086563
3353,10,5,0.202413409948349
3354,10,6,0.19045831263065338
3355,10,7,0.19987396895885468
3356,10,8,0.23247230052947998
3357,10,9,0.17463316023349762
3358,10,10,0.15580783784389496
3359,10,11,0.19217976927757263
3360,10,12,0.21515831351280212
3361,10,13,0.19014230370521545
3362,10,14,0.18512073159217834
3363,10,15,0.17092131078243256
3364,10,16,0.3128975033760071
3365,10,17,0.14692585170269012
3366,10,18,0.18229976296424866
3367,10,19,0.22263821959495544
3368,10,20,0.237835094332695
3369,10,21,0.18717312812805176
3370,10,22,0.1871356964111328
3371,10,23,0.24771690368652344
3372,10,24,0.18528428673744202
3373,10,25,0.20921318233013153
3374,10,26,0.1731663942337036
3375,10,27,0.2217319905757904
3376,10,28,0.16020983457565308
3377,10,29,0.23085787892341614
3378,10,30,0.17867544293403625
3379,10,31,0.18802860379219055
3380,10,32,0.20284175872802734
3381,10,33,0.2015746831893921
3382,10,34,0.21164962649345398
3383,10,35,0.2011716663837433
3384,10,36,0.19307281076908112
3385,10,37,0.1870727837085724
3386,10,38,0.20465531945228577
3387,10,39,0.17588379979133606
3388,10,40,0.2291760891675949
3389,10,41,0.16386300325393677
3390,10,42,0.41686058044433594
3391,10,43,0.1973755657672882
3392,10,44,0.2007879763841629
3393,10,45,0.22154882550239563
3394,10,46,0.1785082072019577
3395,10,47,0.17067858576774597
3396,10,48,0.1940949261188507
3397,10,49,0.20265302062034607
3398,10,50,0.21874621510505676
3399,10,51,0.1988990753889084
3400,10,52,0.16473647952079773
3401,10,53,0.18315044045448303
3402,10,54,0.17117077112197876
3403,10,55,0.17171935737133026
3404,10,56,0.3284375071525574
3405,10,57,0.25293999910354614
3406,10,58,0.2686912417411804
3407,10,59,0.20192360877990723
3408,10,60,0.3715285658836365
3409,10,61,0.1948387175798416
3410,10,62,0.17968210577964783
3411,10,63,0.17913709580898285
3412,10,64,0.21574418246746063
3413,10,65,0.17563128471374512
3414,10,66,0.1909891664981842
3415,10,67,0.23616209626197815
3416,10,68,0.20298221707344055
3417,10,69,0.22093228995800018
3418,10,70,0.18176515400409698
3419,10,71,0.18037191033363342
3420,10,72,0.19644573330879211
3421,10,73,0.18189314007759094
3422,10,74,0.20136530697345734
3423,10,75,0.18750128149986267
3424,10,76,0.18513453006744385
3425,10,77,0.22009320557117462
3426,10,78,0.18723651766777039
3427,10,79,0.18334552645683289
3428,10,80,0.20509810745716095
3429,10,81,0.23065897822380066
3430,10,82,0.18130908906459808
3431,10,83,0.16784711182117462
3432,10,84,0.1615677922964096
3433,10,85,0.1869637370109558
3434,10,86,0.1924244612455368
3435,10,87,0.19723312556743622
3436,10,88,0.16660737991333008
3437,10,89,0.21282784640789032
3438,10,90,0.19165895879268646
3439,10,91,0.1999886929988861
3440,10,92,0.21393311023712158
3441,10,93,0.18433818221092224
3442,10,94,0.17375363409519196
3443,10,95,0.17721647024154663
3444,10,96,0.2453053742647171
3445,10,97,0.1792496293783188
3446,10,98,0.16374099254608154
3447,10,99,0.18808265030384064
3448,10,100,0.23970074951648712
3449,10,101,0.22934921085834503
3450,10,102,0.18565456569194794
3451,10,103,0.20047752559185028
3452,10,104,0.1768644154071808
3453,10,105,0.1877538561820984
3454,10,106,0.1947876363992691
3455,10,107,0.19539915025234222
3456,10,108,0.18626843392848969
3457,10,109,0.16676285862922668
3458,10,110,0.1520535796880722
3459,10,111,0.20076613128185272
3460,10,112,0.2016836404800415
3461,10,113,0.23929627239704132
3462,10,114,0.2073926031589508
3463,10,115,0.1977851241827011
3464,10,116,0.18290385603904724
3465,10,117,0.22402720153331757
3466,10,118,0.19956108927726746
3467,10,119,0.1974887251853943
3468,10,120,0.15916548669338226
3469,10,121,0.2423768937587738
3470,10,122,0.19180524349212646
3471,10,123,0.21061396598815918
3472,10,124,0.2055138349533081
3473,10,125,0.2497454136610031
3474,10,126,0.15419742465019226
3475,10,127,0.2555261552333832
3476,10,128,0.1672544926404953
3477,10,129,0.21732354164123535
3478,10,130,0.19542714953422546
3479,10,131,0.2143479287624359
3480,10,132,0.17391005158424377
3481,10,133,0.19273929297924042
3482,10,134,0.18891800940036774
3483,10,135,0.18763121962547302
3484,10,136,0.17094828188419342
3485,10,137,0.2152077853679657
3486,10,138,0.3719808757305145
3487,10,139,0.18429303169250488
3488,10,140,0.1535482108592987
3489,10,141,0.1831289380788803
3490,10,142,0.24851827323436737
3491,10,143,0.172325000166893
3492,10,144,0.16160611808300018
3493,10,145,0.1961386799812317
3494,10,146,0.17005732655525208
3495,10,147,0.2045837938785553
3496,10,148,0.20238327980041504
3497,10,149,0.16518938541412354
3498,10,150,0.18415974080562592
3499,10,151,0.2062329798936844
3500,10,152,0.1712886393070221
3501,10,153,0.17053738236427307
3502,10,154,0.19448569416999817
3503,10,155,0.18516001105308533
3504,10,156,0.2231055051088333
3505,10,157,0.2060568630695343
3506,10,158,0.20967476069927216
3507,10,159,0.17613418400287628
3508,10,160,0.19998091459274292
3509,10,161,0.1914859563112259
3510,10,162,0.19689315557479858
3511,10,163,0.2719568610191345
3512,10,164,0.17924536764621735
3513,10,165,0.20837394893169403
3514,10,166,0.18896764516830444
3515,10,167,0.15342096984386444
3516,10,168,0.18747352063655853
3517,10,169,0.23112821578979492
3518,10,170,0.2138320654630661
3519,10,171,0.20654591917991638
3520,10,172,0.18352414667606354
3521,10,173,0.16213467717170715
3522,10,174,0.2085532695055008
3523,10,175,0.1614038050174713
3524,10,176,0.2201841175556183
3525,10,177,0.21527226269245148
3526,10,178,0.2777549624443054
3527,10,179,0.16017666459083557
3528,10,180,0.1668976992368698
3529,10,181,0.1808115541934967
3530,10,182,0.19062064588069916
3531,10,183,0.21760833263397217
3532,10,184,0.27647826075553894
3533,10,185,0.2324189692735672
3534,10,186,0.32840391993522644
3535,10,187,0.1855745017528534
3536,10,188,0.23938612639904022
3537,10,189,0.20778915286064148
3538,10,190,0.175221249461174
3539,10,191,0.19644083082675934
3540,10,192,0.2093716412782669
3541,10,193,0.21902480721473694
3542,10,194,0.1971377432346344
3543,10,195,0.20171228051185608
3544,10,196,0.24633273482322693
3545,10,197,0.20387804508209229
3546,10,198,0.32675865292549133
3547,10,199,0.198264479637146
3548,10,200,0.2242765724658966
3549,10,201,0.21172435581684113
3550,10,202,0.21938911080360413
3551,10,203,0.20205648243427277
3552,10,204,0.2154885232448578
3553,10,205,0.19929423928260803
3554,10,206,0.16506275534629822
3555,10,207,0.15193204581737518
3556,10,208,0.22982826828956604
3557,10,209,0.19527913630008698
3558,10,210,0.21176664531230927
3559,10,211,0.23677611351013184
3560,10,212,0.17584136128425598
3561,10,213,0.21191683411598206
3562,10,214,0.19188356399536133
3563,10,215,0.18286840617656708
3564,10,216,0.29982873797416687
3565,10,217,0.205073744058609
3566,10,218,0.2260189950466156
3567,10,219,0.20161911845207214
3568,10,220,0.17389515042304993
3569,10,221,0.18246300518512726
3570,10,222,0.26448187232017517
3571,10,223,0.23328793048858643
3572,10,224,0.19960427284240723
3573,10,225,0.268253892660141
3574,10,226,0.22992607951164246
3575,10,227,0.1915900856256485
3576,10,228,0.22402644157409668
3577,10,229,0.18812036514282227
3578,10,230,0.19821909070014954
3579,10,231,0.19093133509159088
3580,10,232,0.1982889175415039
3581,10,233,0.19127941131591797
3582,10,234,0.19861599802970886
3583,10,235,0.19783726334571838
3584,10,236,0.20091888308525085
3585,10,237,0.1512092649936676
3586,10,238,0.2178729772567749
3587,10,239,0.2015228569507599
3588,10,240,0.1710302233695984
3589,10,241,0.15937770903110504
3590,10,242,0.20802369713783264
3591,10,243,0.22912387549877167
3592,10,244,0.17369863390922546
3593,10,245,0.2120954990386963
3594,10,246,0.14701682329177856
3595,10,247,0.17558974027633667
3596,10,248,0.16559424996376038
3597,10,249,0.1925327479839325
3598,10,250,0.23114049434661865
3599,10,251,0.1970570832490921
3600,10,252,0.22231833636760712
3601,10,253,0.23121409118175507
3602,10,254,0.15733002126216888
3603,10,255,0.21127796173095703
3604,10,256,0.18810774385929108
3605,10,257,0.2335239201784134
3606,10,258,0.18204912543296814
3607,10,259,0.22842565178871155
3608,10,260,0.15586137771606445
3609,10,261,0.18540512025356293
3610,10,262,0.15430662035942078
3611,10,263,0.1737833321094513
3612,10,264,0.1977503001689911
3613,10,265,0.19673371315002441
3614,10,266,0.22455494105815887
3615,10,267,0.18998543918132782
3616,10,268,0.29218876361846924
3617,10,269,0.17628441751003265
3618,10,270,0.17427542805671692
3619,10,271,0.22046902775764465
3620,10,272,0.18450143933296204
3621,10,273,0.19019028544425964
3622,10,274,0.1742173135280609
3623,10,275,0.19911515712738037
3624,10,276,0.19783362746238708
3625,10,277,0.16786639392375946
3626,10,278,0.16792866587638855
3627,10,279,0.16625899076461792
3628,10,280,0.20227566361427307
3629,10,281,0.14794984459877014
3630,10,282,0.2638919949531555
3631,10,283,0.21310290694236755
3632,10,284,0.17300570011138916
3633,10,285,0.1606282889842987
3634,10,286,0.20172378420829773
3635,10,287,0.18384906649589539
3636,10,288,0.18378488719463348
3637,10,289,0.1940915882587433
3638,10,290,0.16089335083961487
3639,10,291,0.1404397189617157
3640,10,292,0.2321636974811554
3641,10,293,0.24559113383293152
3642,10,294,0.1790585070848465
3643,10,295,0.18608832359313965
3644,10,296,0.19891151785850525
3645,10,297,0.21021504700183868
3646,10,298,0.17321524024009705
3647,10,299,0.1526765525341034
3648,10,300,0.17913277447223663
3649,10,301,0.19134043157100677
3650,10,302,0.2149844467639923
3651,10,303,0.14195998013019562
3652,10,304,0.21373097598552704
3653,10,305,0.21503755450248718
3654,10,306,0.21202316880226135
3655,10,307,0.17526796460151672
3656,10,308,0.21492615342140198
3657,10,309,0.22546198964118958
3658,10,310,0.17345952987670898
3659,10,311,0.18101701140403748
3660,10,312,0.180254265666008
3661,10,313,0.207945317029953
3662,10,314,0.18715153634548187
3663,10,315,0.19423159956932068
3664,10,316,0.1809290647506714
3665,10,317,0.20231392979621887
3666,10,318,0.19360855221748352
3667,10,319,0.1755918562412262
3668,10,320,0.2262919694185257
3669,10,321,0.25416406989097595
3670,10,322,0.17782270908355713
3671,10,323,0.1959896832704544
3672,10,324,0.16567613184452057
3673,10,325,0.16384224593639374
3674,10,326,0.15124711394309998
3675,10,327,0.17899152636528015
3676,10,328,0.17682412266731262
3677,10,329,0.2086908519268036
3678,10,330,0.20162630081176758
3679,10,331,0.1724548637866974
3680,10,332,0.1728886067867279
3681,10,333,0.17595894634723663
3682,10,334,0.2357744723558426
3683,10,335,0.17316287755966187
3684,10,336,0.18903318047523499
3685,10,337,0.17425775527954102
3686,10,338,0.193871408700943
3687,10,339,0.1988743096590042
3688,10,340,0.19333317875862122
3689,10,341,0.1810707449913025
3690,10,342,0.14023295044898987
3691,10,343,0.19173957407474518
3692,10,344,0.17175744473934174
3693,10,345,0.1648053228855133
3694,10,346,0.14612576365470886
3695,10,347,0.19992312788963318
3696,10,348,0.20061461627483368
3697,10,349,0.19531269371509552
3698,10,350,0.19380226731300354
3699,10,351,0.1921187788248062
3700,10,352,0.199504092335701
3701,10,353,0.17768137156963348
3702,10,354,0.17669817805290222
3703,10,355,0.20771875977516174
3704,10,356,0.2127947062253952
3705,10,357,0.17989802360534668
3706,10,358,0.19558869302272797
3707,10,359,0.17592576146125793
3708,10,360,0.19442972540855408
3709,10,361,0.1917072832584381
3710,10,362,0.17509201169013977
3711,10,363,0.20661726593971252
3712,10,364,0.17193545401096344
3713,10,365,0.19521528482437134
3714,10,366,0.20806840062141418
3715,10,367,0.21001338958740234
3716,10,368,0.15618011355400085
3717,10,369,0.23295700550079346
3718,10,370,0.25667810440063477
3719,10,371,0.1751183569431305
3720,10,372,0.21459078788757324
