global_step,epoch,batch,train_loss
1,1,1,3.4750022888183594
2,1,2,3.261859893798828
3,1,3,3.1470019817352295
4,1,4,2.9225573539733887
5,1,5,2.699249029159546
6,1,6,2.633195161819458
7,1,7,2.415046453475952
8,1,8,2.1649625301361084
9,1,9,2.107527494430542
10,1,10,1.9561481475830078
11,1,11,1.8226900100708008
12,1,12,1.7663501501083374
13,1,13,1.5328385829925537
14,1,14,1.6366945505142212
15,1,15,1.347253680229187
16,1,16,1.3142192363739014
17,1,17,1.3710328340530396
18,1,18,1.2880316972732544
19,1,19,1.2746113538742065
20,1,20,1.152477502822876
21,1,21,1.374026894569397
22,1,22,1.1710950136184692
23,1,23,1.316072702407837
24,1,24,1.2513450384140015
25,1,25,1.163780927658081
26,1,26,1.0481946468353271
27,1,27,1.1196506023406982
28,1,28,0.8629475831985474
29,1,29,1.0434443950653076
30,1,30,0.8465861082077026
31,1,31,0.8746381998062134
32,1,32,1.0371006727218628
33,1,33,1.069196343421936
34,1,34,1.090593934059143
35,1,35,1.3291949033737183
36,1,36,0.9966534376144409
37,1,37,0.9830349683761597
38,1,38,0.7674065828323364
39,1,39,0.8650623559951782
40,1,40,0.7046467065811157
41,1,41,0.9416608810424805
42,1,42,0.9379485845565796
43,1,43,0.8059099912643433
44,1,44,0.8162223100662231
45,1,45,0.7954039573669434
46,1,46,1.0745749473571777
47,1,47,0.8788521885871887
48,1,48,0.6337510347366333
49,1,49,0.6438359022140503
50,1,50,0.6333760619163513
51,1,51,0.8251386880874634
52,1,52,0.948067843914032
53,1,53,0.7363766431808472
54,1,54,0.7390378713607788
55,1,55,0.8182666897773743
56,1,56,0.67669677734375
57,1,57,0.9501562118530273
58,1,58,0.7981618642807007
59,1,59,0.7675856351852417
60,1,60,0.5335952043533325
61,1,61,0.6989175081253052
62,1,62,0.6766753196716309
63,1,63,0.7983160614967346
64,1,64,0.9627682566642761
65,1,65,0.5924285650253296
66,1,66,0.7061089873313904
67,1,67,0.567934513092041
68,1,68,0.7994710206985474
69,1,69,0.602047860622406
70,1,70,0.9389976263046265
71,1,71,1.076597809791565
72,1,72,0.7172810435295105
73,1,73,0.6870574951171875
74,1,74,0.5885663032531738
75,1,75,0.5427543520927429
76,1,76,0.679364800453186
77,1,77,0.6852346062660217
78,1,78,0.6952979564666748
79,1,79,0.6391474008560181
80,1,80,0.6302312016487122
81,1,81,0.6288232803344727
82,1,82,0.6384614706039429
83,1,83,0.7489355802536011
84,1,84,0.7239935398101807
85,1,85,0.6148077249526978
86,1,86,0.6221683621406555
87,1,87,0.6357865333557129
88,1,88,0.5498268008232117
89,1,89,0.9207963943481445
90,1,90,0.5604950189590454
91,1,91,0.6711940169334412
92,1,92,0.8081339001655579
93,1,93,0.5626090168952942
94,1,94,0.5646541118621826
95,1,95,0.6784846186637878
96,1,96,0.6199732422828674
97,1,97,0.5831671953201294
98,1,98,0.6625967621803284
99,1,99,0.6237744688987732
100,1,100,0.5969783067703247
101,1,101,0.6527389287948608
102,1,102,0.6794861555099487
103,1,103,0.5211527943611145
104,1,104,0.6521923542022705
105,1,105,0.6044231057167053
106,1,106,0.6520146727561951
107,1,107,0.512858510017395
108,1,108,0.6318908929824829
109,1,109,0.6561647057533264
110,1,110,0.5812540054321289
111,1,111,0.5048601627349854
112,1,112,0.499335378408432
113,1,113,0.5430901646614075
114,1,114,0.5866204500198364
115,1,115,0.6980273127555847
116,1,116,0.5428288578987122
117,1,117,0.5160962343215942
118,1,118,0.5940076112747192
119,1,119,0.5564427375793457
120,1,120,0.6303115487098694
121,1,121,0.49113884568214417
122,1,122,0.43179744482040405
123,1,123,0.6511420607566833
124,1,124,0.5557509660720825
125,1,125,0.6071046590805054
126,1,126,0.671043872833252
127,1,127,0.5103441476821899
128,1,128,0.540568470954895
129,1,129,0.48002544045448303
130,1,130,0.5341170430183411
131,1,131,0.48629823327064514
132,1,132,0.5356996059417725
133,1,133,0.5711661577224731
134,1,134,0.47227010130882263
135,1,135,0.40531134605407715
136,1,136,0.5890313982963562
137,1,137,0.5327472686767578
138,1,138,0.5157924890518188
139,1,139,0.5326446890830994
140,1,140,0.5486252903938293
141,1,141,0.5745994448661804
142,1,142,0.5363492965698242
143,1,143,0.4895155429840088
144,1,144,0.4434478282928467
145,1,145,0.6267040967941284
146,1,146,0.5424638390541077
147,1,147,0.5161888003349304
148,1,148,0.670024037361145
149,1,149,0.48855358362197876
150,1,150,0.5451582670211792
151,1,151,0.6042622327804565
152,1,152,0.5398370027542114
153,1,153,0.4134383797645569
154,1,154,0.6266363859176636
155,1,155,0.5258908867835999
156,1,156,0.5238155722618103
157,1,157,0.5330867767333984
158,1,158,0.5205563306808472
159,1,159,0.4869883954524994
160,1,160,0.6623775362968445
161,1,161,0.4991270899772644
162,1,162,0.5840742588043213
163,1,163,0.37826770544052124
164,1,164,0.4239705502986908
165,1,165,0.6074496507644653
166,1,166,0.43248432874679565
167,1,167,0.8436954617500305
168,1,168,0.48817509412765503
169,1,169,0.483268678188324
170,1,170,0.42664432525634766
171,1,171,0.5762693881988525
172,1,172,0.4817013144493103
173,1,173,0.6308400630950928
174,1,174,0.575271487236023
175,1,175,0.3899191915988922
176,1,176,0.4298225939273834
177,1,177,0.5437003374099731
178,1,178,0.48266005516052246
179,1,179,0.5651348829269409
180,1,180,0.4464693069458008
181,1,181,0.4430422782897949
182,1,182,0.48580795526504517
183,1,183,0.5081273317337036
184,1,184,0.6007781624794006
185,1,185,0.4613303244113922
186,1,186,0.5396758317947388
187,1,187,0.4689820408821106
188,1,188,0.5935963988304138
189,1,189,0.502354621887207
190,1,190,0.8436678051948547
191,1,191,0.444256067276001
192,1,192,0.8218633532524109
193,1,193,0.4488392770290375
194,1,194,0.43373703956604004
195,1,195,0.6644586324691772
196,1,196,0.6545702219009399
197,1,197,0.49146413803100586
198,1,198,0.4111848473548889
199,1,199,0.48853054642677307
200,1,200,0.41717585921287537
201,1,201,0.4203544557094574
202,1,202,0.48976820707321167
203,1,203,0.43182820081710815
204,1,204,0.8434721827507019
205,1,205,0.41006937623023987
206,1,206,0.4726015031337738
207,1,207,0.4232175946235657
208,1,208,0.4516921937465668
209,1,209,0.40322035551071167
210,1,210,0.43349581956863403
211,1,211,0.5525343418121338
212,1,212,0.48773378133773804
213,1,213,0.5341588258743286
214,1,214,0.3838159441947937
215,1,215,0.4748581051826477
216,1,216,0.48701968789100647
217,1,217,0.4389261305332184
218,1,218,0.6005635857582092
219,1,219,0.39324456453323364
220,1,220,0.42888155579566956
221,1,221,0.29682838916778564
222,1,222,0.4234582483768463
223,1,223,0.4748247265815735
224,1,224,0.4077479839324951
225,1,225,0.44335636496543884
226,1,226,0.42517605423927307
227,1,227,0.4139118790626526
228,1,228,0.537987470626831
229,1,229,0.3924015164375305
230,1,230,0.4470856189727783
231,1,231,0.44723933935165405
232,1,232,0.43733644485473633
233,1,233,0.6929642558097839
234,1,234,0.3853704333305359
235,1,235,0.44057875871658325
236,1,236,0.4966720938682556
237,1,237,0.41094380617141724
238,1,238,0.4123060703277588
239,1,239,0.4781704545021057
240,1,240,0.623833417892456
241,1,241,0.4174695909023285
242,1,242,0.8288639187812805
243,1,243,0.4689406454563141
244,1,244,0.719308614730835
245,1,245,0.49406951665878296
246,1,246,0.6695101261138916
247,1,247,0.40405791997909546
248,1,248,0.4152454435825348
249,1,249,0.4282786250114441
250,1,250,0.4171678125858307
251,1,251,0.4973721504211426
252,1,252,0.42011934518814087
253,1,253,0.3781542181968689
254,1,254,0.48796600103378296
255,1,255,0.3529292941093445
256,1,256,0.3859928250312805
257,1,257,0.44394272565841675
258,1,258,0.46227988600730896
259,1,259,0.4725695550441742
260,1,260,0.3768196403980255
261,1,261,0.31451180577278137
262,1,262,0.44888415932655334
263,1,263,0.41976743936538696
264,1,264,0.5785784721374512
265,1,265,0.3219236731529236
266,1,266,0.43245989084243774
267,1,267,0.4089638590812683
268,1,268,0.44042396545410156
269,1,269,0.39262503385543823
270,1,270,0.43965965509414673
271,1,271,0.43282341957092285
272,1,272,0.34520047903060913
273,1,273,0.39471057057380676
274,1,274,0.4272533357143402
275,1,275,0.5252624750137329
276,1,276,0.44743213057518005
277,1,277,0.382485955953598
278,1,278,0.4489005208015442
279,1,279,0.36436575651168823
280,1,280,0.330788791179657
281,1,281,0.3672506809234619
282,1,282,0.3226763904094696
283,1,283,0.4260537624359131
284,1,284,0.4223296642303467
285,1,285,0.39135685563087463
286,1,286,0.36546286940574646
287,1,287,0.7708603143692017
288,1,288,0.6572539806365967
289,1,289,0.3530988097190857
290,1,290,0.45800668001174927
291,1,291,0.4226628243923187
292,1,292,0.3727995753288269
293,1,293,0.40076199173927307
294,1,294,0.38993921875953674
295,1,295,0.2841145098209381
296,1,296,0.4201851487159729
297,1,297,0.4377285838127136
298,1,298,0.3895931839942932
299,1,299,0.36645036935806274
300,1,300,0.35098496079444885
301,1,301,0.33008626103401184
302,1,302,0.3999316692352295
303,1,303,0.4482212960720062
304,1,304,0.3590591847896576
305,1,305,0.6321495771408081
306,1,306,0.3706556260585785
307,1,307,0.4014062285423279
308,1,308,0.3708798587322235
309,1,309,0.37111517786979675
310,1,310,0.643060028553009
311,1,311,0.3219090402126312
312,1,312,0.426091730594635
313,1,313,0.39587944746017456
314,1,314,0.45511436462402344
315,1,315,0.4245055317878723
316,1,316,0.42501288652420044
317,1,317,0.403364896774292
318,1,318,0.31898289918899536
319,1,319,0.44511479139328003
320,1,320,0.36312195658683777
321,1,321,0.3447752296924591
322,1,322,0.3329172432422638
323,1,323,0.41073647141456604
324,1,324,0.308163583278656
325,1,325,0.3753589987754822
326,1,326,0.49975138902664185
327,1,327,0.36181262135505676
328,1,328,0.45597347617149353
329,1,329,0.342354953289032
330,1,330,0.3693934381008148
331,1,331,0.35567957162857056
332,1,332,0.3409659266471863
333,1,333,0.3871471583843231
334,1,334,0.32227465510368347
335,1,335,0.4481782913208008
336,1,336,0.4612215459346771
337,1,337,0.3696425259113312
338,1,338,0.4221775531768799
339,1,339,0.3694385886192322
340,1,340,0.4114355444908142
341,1,341,0.39704036712646484
342,1,342,0.3589155077934265
343,1,343,0.45226460695266724
344,1,344,0.45423001050949097
345,1,345,0.4043475091457367
346,1,346,0.4148012101650238
347,1,347,0.5092264413833618
348,1,348,0.30961525440216064
349,1,349,0.3613182306289673
350,1,350,0.3967006504535675
351,1,351,0.36800169944763184
352,1,352,0.41154614090919495
353,1,353,0.5170014500617981
354,1,354,0.47913408279418945
355,1,355,0.5363969206809998
356,1,356,0.8028370141983032
357,1,357,0.4362896978855133
358,1,358,0.45944637060165405
359,1,359,0.3439251482486725
360,1,360,0.403394877910614
361,1,361,0.36983704566955566
362,1,362,0.40908709168434143
363,1,363,0.381101131439209
364,1,364,0.27362507581710815
365,1,365,0.40758952498435974
366,1,366,0.32719582319259644
367,1,367,0.4399887025356293
368,1,368,0.5113283395767212
369,1,369,0.42442649602890015
370,1,370,0.39883190393447876
371,1,371,0.3413079082965851
372,1,372,0.5488990545272827
373,2,1,0.3437275290489197
374,2,2,0.40214046835899353
375,2,3,0.7280480861663818
376,2,4,0.3365340828895569
377,2,5,0.2978922724723816
378,2,6,0.4061243534088135
379,2,7,0.3081367313861847
380,2,8,0.36194971203804016
381,2,9,0.36533790826797485
382,2,10,0.30264365673065186
383,2,11,0.3024851083755493
384,2,12,0.4305756092071533
385,2,13,0.3213730752468109
386,2,14,0.4175516664981842
387,2,15,0.3526800572872162
388,2,16,0.41060489416122437
389,2,17,0.3352411687374115
390,2,18,0.30754369497299194
391,2,19,0.3798487186431885
392,2,20,0.3578375577926636
393,2,21,0.3862610459327698
394,2,22,0.3057292103767395
395,2,23,0.3418533205986023
396,2,24,0.3684839904308319
397,2,25,0.32537642121315
398,2,26,0.30412498116493225
399,2,27,0.3710402846336365
400,2,28,0.4339444041252136
401,2,29,0.35381200909614563
402,2,30,0.3336544334888458
403,2,31,0.38741472363471985
404,2,32,0.35228878259658813
405,2,33,0.3609839081764221
406,2,34,0.3194166421890259
407,2,35,0.4204331338405609
408,2,36,0.5168219804763794
409,2,37,0.3185574412345886
410,2,38,0.31428009271621704
411,2,39,0.31457844376564026
412,2,40,0.2786129415035248
413,2,41,0.3428646922111511
414,2,42,0.3267872929573059
415,2,43,0.2986294627189636
416,2,44,0.3198867738246918
417,2,45,0.38801151514053345
418,2,46,0.3489680290222168
419,2,47,0.3943996727466583
420,2,48,0.3584137558937073
421,2,49,0.3530041575431824
422,2,50,0.38568979501724243
423,2,51,0.27075818181037903
424,2,52,0.38239774107933044
425,2,53,0.3482744097709656
426,2,54,0.4306812286376953
427,2,55,0.3242415487766266
428,2,56,0.30756059288978577
429,2,57,0.41500043869018555
430,2,58,0.4113205075263977
431,2,59,0.38002389669418335
432,2,60,0.41746044158935547
433,2,61,0.38437703251838684
434,2,62,0.45349186658859253
435,2,63,0.3477814793586731
436,2,64,0.4495002329349518
437,2,65,0.3717119097709656
438,2,66,0.36106592416763306
439,2,67,0.32643553614616394
440,2,68,0.3724547326564789
441,2,69,0.7724462747573853
442,2,70,0.28608500957489014
443,2,71,0.3231717646121979
444,2,72,0.38361552357673645
445,2,73,0.30599620938301086
446,2,74,0.3889102339744568
447,2,75,0.4117022156715393
448,2,76,0.28474098443984985
449,2,77,0.3607655167579651
450,2,78,0.33659276366233826
451,2,79,0.31740182638168335
452,2,80,0.3444581627845764
453,2,81,0.3235710561275482
454,2,82,0.37103375792503357
455,2,83,0.3293206989765167
456,2,84,0.2646763324737549
457,2,85,0.4452638626098633
458,2,86,0.3201310634613037
459,2,87,0.4567265510559082
460,2,88,0.48881858587265015
461,2,89,0.39279359579086304
462,2,90,0.35242682695388794
463,2,91,0.8277697563171387
464,2,92,0.34404391050338745
465,2,93,0.40541520714759827
466,2,94,0.3352356553077698
467,2,95,0.38480615615844727
468,2,96,0.3863697052001953
469,2,97,0.30437004566192627
470,2,98,0.27194133400917053
471,2,99,0.35806792974472046
472,2,100,0.4258473515510559
473,2,101,0.40793681144714355
474,2,102,0.3412650525569916
475,2,103,0.3517210781574249
476,2,104,0.33044928312301636
477,2,105,0.31812235713005066
478,2,106,0.29121673107147217
479,2,107,0.384310245513916
480,2,108,0.3199406862258911
481,2,109,0.4299163222312927
482,2,110,0.30093255639076233
483,2,111,0.3503097891807556
484,2,112,0.3074581027030945
485,2,113,0.2730795741081238
486,2,114,0.3205448091030121
487,2,115,0.2748546302318573
488,2,116,0.3357918858528137
489,2,117,0.3363869786262512
490,2,118,0.3981528580188751
491,2,119,0.31317949295043945
492,2,120,0.29284951090812683
493,2,121,0.36641860008239746
494,2,122,0.4157389998435974
495,2,123,0.29992541670799255
496,2,124,0.30353909730911255
497,2,125,0.3290485739707947
498,2,126,0.3597146272659302
499,2,127,0.3117211163043976
500,2,128,0.3136803209781647
501,2,129,0.25982779264450073
502,2,130,0.47919026017189026
503,2,131,0.3134470582008362
504,2,132,0.3739857077598572
505,2,133,0.30217787623405457
506,2,134,0.32484641671180725
507,2,135,0.34955495595932007
508,2,136,0.4293740391731262
509,2,137,0.4370400309562683
510,2,138,0.4446459710597992
511,2,139,0.7213658094406128
512,2,140,0.3700222373008728
513,2,141,0.2783474028110504
514,2,142,0.45284318923950195
515,2,143,0.3607892096042633
516,2,144,0.35658738017082214
517,2,145,0.3385489881038666
518,2,146,0.4513933062553406
519,2,147,0.37556976079940796
520,2,148,0.3199419379234314
521,2,149,0.36633190512657166
522,2,150,0.3496228754520416
523,2,151,0.4203105866909027
524,2,152,0.5573476552963257
525,2,153,0.5260251760482788
526,2,154,0.3497716784477234
527,2,155,0.38170304894447327
528,2,156,0.3665798604488373
529,2,157,0.3521307110786438
530,2,158,0.3447384238243103
531,2,159,0.6927490830421448
532,2,160,0.3685539960861206
533,2,161,0.28243550658226013
534,2,162,0.3027763068675995
535,2,163,0.34451594948768616
536,2,164,0.5564523935317993
537,2,165,0.36645886301994324
538,2,166,0.3712778389453888
539,2,167,0.3849427103996277
540,2,168,0.3620107173919678
541,2,169,0.2860141098499298
542,2,170,0.25484800338745117
543,2,171,0.35241520404815674
544,2,172,0.37606939673423767
545,2,173,0.30819863080978394
546,2,174,0.3499501943588257
547,2,175,0.3135685324668884
548,2,176,0.33722975850105286
549,2,177,0.3529679775238037
550,2,178,0.34559205174446106
551,2,179,0.27757322788238525
552,2,180,0.29226818680763245
553,2,181,0.37280383706092834
554,2,182,0.7313410043716431
555,2,183,0.2768683433532715
556,2,184,0.275170236825943
557,2,185,0.3390900492668152
558,2,186,0.3087259829044342
559,2,187,0.2634130120277405
560,2,188,0.35285913944244385
561,2,189,0.31382110714912415
562,2,190,0.2980464994907379
563,2,191,0.2983064651489258
564,2,192,0.2900000214576721
565,2,193,0.3477674424648285
566,2,194,0.29332470893859863
567,2,195,0.2980310320854187
568,2,196,0.27410048246383667
569,2,197,0.3493371605873108
570,2,198,0.3027208149433136
571,2,199,0.33411234617233276
572,2,200,0.3382662832736969
573,2,201,0.2630575895309448
574,2,202,0.25208935141563416
575,2,203,0.40749606490135193
576,2,204,0.3068408966064453
577,2,205,0.4945473074913025
578,2,206,0.3491200804710388
579,2,207,0.2523360550403595
580,2,208,0.3004149794578552
581,2,209,0.2712864875793457
582,2,210,0.30276983976364136
583,2,211,0.3181721270084381
584,2,212,0.2753942608833313
585,2,213,0.3311311602592468
586,2,214,0.4265868067741394
587,2,215,0.28336748480796814
588,2,216,0.36598438024520874
589,2,217,0.28271588683128357
590,2,218,0.3582175374031067
591,2,219,0.26098066568374634
592,2,220,0.2981110215187073
593,2,221,0.2946140766143799
594,2,222,0.5570265650749207
595,2,223,0.2799409031867981
596,2,224,0.26695626974105835
597,2,225,0.3830224573612213
598,2,226,0.3001762926578522
599,2,227,0.27122002840042114
600,2,228,0.451347678899765
601,2,229,0.2888313829898834
602,2,230,0.27661794424057007
603,2,231,0.26696541905403137
604,2,232,0.3801616430282593
605,2,233,0.3016875088214874
606,2,234,0.2889925241470337
607,2,235,0.7197920680046082
608,2,236,0.3299782872200012
609,2,237,0.4003060758113861
610,2,238,0.42007216811180115
611,2,239,0.38661807775497437
612,2,240,0.36963194608688354
613,2,241,0.32931315898895264
614,2,242,0.29242974519729614
615,2,243,0.2940332293510437
616,2,244,0.3415125906467438
617,2,245,0.36986202001571655
618,2,246,0.27636584639549255
619,2,247,0.4819987416267395
620,2,248,0.3686000406742096
621,2,249,0.3664437234401703
622,2,250,0.25868040323257446
623,2,251,0.37462323904037476
624,2,252,0.3356989622116089
625,2,253,0.2678421139717102
626,2,254,0.34647107124328613
627,2,255,0.2653079926967621
628,2,256,0.31817543506622314
629,2,257,0.4251170754432678
630,2,258,0.2833815813064575
631,2,259,0.27459263801574707
632,2,260,0.2558574676513672
633,2,261,0.32436293363571167
634,2,262,0.273484468460083
635,2,263,0.3310391306877136
636,2,264,0.2984262704849243
637,2,265,0.3444715142250061
638,2,266,0.29067423939704895
639,2,267,0.3067196309566498
640,2,268,0.3590680956840515
641,2,269,0.3307526111602783
642,2,270,0.3366531729698181
643,2,271,0.29228734970092773
644,2,272,0.2888478636741638
645,2,273,0.2645823061466217
646,2,274,0.4619622826576233
647,2,275,0.39307066798210144
648,2,276,0.3893498182296753
649,2,277,0.29737529158592224
650,2,278,0.38759252429008484
651,2,279,0.32733219861984253
652,2,280,0.308992475271225
653,2,281,0.39932072162628174
654,2,282,0.4386109411716461
655,2,283,0.8354312181472778
656,2,284,0.3245043456554413
657,2,285,0.3700633943080902
658,2,286,0.34666210412979126
659,2,287,0.34146496653556824
660,2,288,0.6982584595680237
661,2,289,0.29748472571372986
662,2,290,0.2951011061668396
663,2,291,0.3301007151603699
664,2,292,0.23426730930805206
665,2,293,0.2492125928401947
666,2,294,0.29927322268486023
667,2,295,0.2818318009376526
668,2,296,0.32256096601486206
669,2,297,0.29808393120765686
670,2,298,0.36099711060523987
671,2,299,0.2825022339820862
672,2,300,0.28135091066360474
673,2,301,0.24843594431877136
674,2,302,0.29229027032852173
675,2,303,0.3426777124404907
676,2,304,0.38007789850234985
677,2,305,0.3138538897037506
678,2,306,0.25132980942726135
679,2,307,0.2496405839920044
680,2,308,0.7273873090744019
681,2,309,0.36349061131477356
682,2,310,0.2607131004333496
683,2,311,0.3271104693412781
684,2,312,0.25735563039779663
685,2,313,0.29450076818466187
686,2,314,0.2790678143501282
687,2,315,0.25871822237968445
688,2,316,0.3630572259426117
689,2,317,0.26953330636024475
690,2,318,0.3395356237888336
691,2,319,0.4689806401729584
692,2,320,0.4401679039001465
693,2,321,0.35346728563308716
694,2,322,0.3085920214653015
695,2,323,0.2758556008338928
696,2,324,0.26261740922927856
697,2,325,0.3170941472053528
698,2,326,0.37080317735671997
699,2,327,0.3211699426174164
700,2,328,0.3378491997718811
701,2,329,0.3055330216884613
702,2,330,0.2913053035736084
703,2,331,0.30327680706977844
704,2,332,0.6791241765022278
705,2,333,0.301261842250824
706,2,334,0.3238013982772827
707,2,335,0.34630897641181946
708,2,336,0.35580509901046753
709,2,337,0.3035661280155182
710,2,338,0.4449096620082855
711,2,339,0.30131080746650696
712,2,340,0.32660335302352905
713,2,341,0.28842058777809143
714,2,342,0.3727094233036041
715,2,343,0.33676666021347046
716,2,344,0.3013319671154022
717,2,345,0.38718628883361816
718,2,346,0.3180205523967743
719,2,347,0.27780681848526
720,2,348,0.29900750517845154
721,2,349,0.3292115330696106
722,2,350,0.2521456778049469
723,2,351,0.3600175082683563
724,2,352,0.34149935841560364
725,2,353,0.28385764360427856
726,2,354,0.4252081513404846
727,2,355,0.38487279415130615
728,2,356,0.3252195417881012
729,2,357,0.2565067708492279
730,2,358,0.28195229172706604
731,2,359,0.2322043925523758
732,2,360,0.3865479528903961
733,2,361,0.36603862047195435
734,2,362,0.34900063276290894
735,2,363,0.2723516821861267
736,2,364,0.24450774490833282
737,2,365,0.33205917477607727
738,2,366,0.2776402533054352
739,2,367,0.25436651706695557
740,2,368,0.25761285424232483
741,2,369,0.31995826959609985
742,2,370,0.3265538811683655
743,2,371,0.25380831956863403
744,2,372,0.2729658782482147
745,3,1,0.23656554520130157
746,3,2,0.2930028736591339
747,3,3,0.2387988567352295
748,3,4,0.31448283791542053
749,3,5,0.23481521010398865
750,3,6,0.3583552837371826
751,3,7,0.2841450870037079
752,3,8,0.30963876843452454
753,3,9,0.2732296884059906
754,3,10,0.25838589668273926
755,3,11,0.2643575072288513
756,3,12,0.33438020944595337
757,3,13,0.24755072593688965
758,3,14,0.2676911950111389
759,3,15,0.25478461384773254
760,3,16,0.35672590136528015
761,3,17,0.284624844789505
762,3,18,0.3179484009742737
763,3,19,0.2747732996940613
764,3,20,0.28362196683883667
765,3,21,0.6264811754226685
766,3,22,0.24667735397815704
767,3,23,0.29345762729644775
768,3,24,0.22400934994220734
769,3,25,0.3594672381877899
770,3,26,0.30535274744033813
771,3,27,0.30185309052467346
772,3,28,0.26002225279808044
773,3,29,0.2614283561706543
774,3,30,0.28997066617012024
775,3,31,0.2982643246650696
776,3,32,0.3023914396762848
777,3,33,0.30012446641921997
778,3,34,0.3290114998817444
779,3,35,0.3109239637851715
780,3,36,0.32583850622177124
781,3,37,0.3134862780570984
782,3,38,0.30847403407096863
783,3,39,0.2833728790283203
784,3,40,0.29326313734054565
785,3,41,0.2349679172039032
786,3,42,0.2876294255256653
787,3,43,0.40918460488319397
788,3,44,0.29815295338630676
789,3,45,0.24319127202033997
790,3,46,0.2784811854362488
791,3,47,0.23539622128009796
792,3,48,0.2796361744403839
793,3,49,0.2905280590057373
794,3,50,0.3567577004432678
795,3,51,0.6677873730659485
796,3,52,0.30546116828918457
797,3,53,0.24334028363227844
798,3,54,0.2555457651615143
799,3,55,0.33084362745285034
800,3,56,0.33836138248443604
801,3,57,0.26961085200309753
802,3,58,0.23079857230186462
803,3,59,0.6020968556404114
804,3,60,0.29276564717292786
805,3,61,0.37294286489486694
806,3,62,0.265624463558197
807,3,63,0.37050700187683105
808,3,64,0.29188457131385803
809,3,65,0.29743096232414246
810,3,66,0.2389417141675949
811,3,67,0.270813912153244
812,3,68,0.3599329888820648
813,3,69,0.25872793793678284
814,3,70,0.32920029759407043
815,3,71,0.27168965339660645
816,3,72,0.23262247443199158
817,3,73,0.27760443091392517
818,3,74,0.27314651012420654
819,3,75,0.24544119834899902
820,3,76,0.32853245735168457
821,3,77,0.3088042140007019
822,3,78,0.2620624899864197
823,3,79,0.3176606297492981
824,3,80,0.20947590470314026
825,3,81,0.5575748085975647
826,3,82,0.3444511890411377
827,3,83,0.3710010051727295
828,3,84,0.2922118306159973
829,3,85,0.24412207305431366
830,3,86,0.33684009313583374
831,3,87,0.34753936529159546
832,3,88,0.2968701720237732
833,3,89,0.2808256447315216
834,3,90,0.2569867670536041
835,3,91,0.2627336382865906
836,3,92,0.29163235425949097
837,3,93,0.32193243503570557
838,3,94,0.24391743540763855
839,3,95,0.25152280926704407
840,3,96,0.33773988485336304
841,3,97,0.3262440264225006
842,3,98,0.28004735708236694
843,3,99,0.3031737804412842
844,3,100,0.3351093530654907
845,3,101,0.4510447382926941
846,3,102,0.3437584638595581
847,3,103,0.2679119110107422
848,3,104,0.25438523292541504
849,3,105,0.27977997064590454
850,3,106,0.2729822099208832
851,3,107,0.3178845942020416
852,3,108,0.2669486105442047
853,3,109,0.2580201029777527
854,3,110,0.24104754626750946
855,3,111,0.4620681405067444
856,3,112,0.22517982125282288
857,3,113,0.25634878873825073
858,3,114,0.28747129440307617
859,3,115,0.29846903681755066
860,3,116,0.30146878957748413
861,3,117,0.26786085963249207
862,3,118,0.2513546943664551
863,3,119,0.26893752813339233
864,3,120,0.31114673614501953
865,3,121,0.32399290800094604
866,3,122,0.2810401916503906
867,3,123,0.3018803000450134
868,3,124,0.2378602921962738
869,3,125,0.33518415689468384
870,3,126,0.30773141980171204
871,3,127,0.29283130168914795
872,3,128,0.42075952887535095
873,3,129,0.23913788795471191
874,3,130,0.2908749580383301
875,3,131,0.2874559760093689
876,3,132,0.4483393132686615
877,3,133,0.24474842846393585
878,3,134,0.35919827222824097
879,3,135,0.29641205072402954
880,3,136,0.3018759489059448
881,3,137,0.45860499143600464
882,3,138,0.2855236530303955
883,3,139,0.583550751209259
884,3,140,0.30077120661735535
885,3,141,0.27615946531295776
886,3,142,0.3481520116329193
887,3,143,0.2734708786010742
888,3,144,0.29234108328819275
889,3,145,0.26722365617752075
890,3,146,0.2733759880065918
891,3,147,0.2856850028038025
892,3,148,0.3747609853744507
893,3,149,0.28822576999664307
894,3,150,0.41075825691223145
895,3,151,0.3062989413738251
896,3,152,0.25099748373031616
897,3,153,0.28143036365509033
898,3,154,0.22939595580101013
899,3,155,0.24316959083080292
900,3,156,0.2738298177719116
901,3,157,0.3473547697067261
902,3,158,0.25860124826431274
903,3,159,0.30121752619743347
904,3,160,0.32950806617736816
905,3,161,0.2700746953487396
906,3,162,0.3277286887168884
907,3,163,0.30437883734703064
908,3,164,0.26260510087013245
909,3,165,0.33242887258529663
910,3,166,0.24779745936393738
911,3,167,0.22796232998371124
912,3,168,0.44706326723098755
913,3,169,0.2811450958251953
914,3,170,0.300025999546051
915,3,171,0.33959171175956726
916,3,172,0.33567553758621216
917,3,173,0.2450902909040451
918,3,174,0.27664411067962646
919,3,175,0.3038623631000519
920,3,176,0.29955363273620605
921,3,177,0.2604787051677704
922,3,178,0.23581497371196747
923,3,179,0.30780547857284546
924,3,180,0.23113581538200378
925,3,181,0.2656779885292053
926,3,182,0.2728963792324066
927,3,183,0.4799167513847351
928,3,184,0.2553526759147644
929,3,185,0.27875205874443054
930,3,186,0.36978116631507874
931,3,187,0.3333051800727844
932,3,188,0.27148184180259705
933,3,189,0.2919136583805084
934,3,190,0.718529462814331
935,3,191,0.2970963716506958
936,3,192,0.26691868901252747
937,3,193,0.2513217329978943
938,3,194,0.3566204607486725
939,3,195,0.3093140721321106
940,3,196,0.76019287109375
941,3,197,0.3276088833808899
942,3,198,0.27894479036331177
943,3,199,0.2679116725921631
944,3,200,0.2860862612724304
945,3,201,0.3284919559955597
946,3,202,0.3277565836906433
947,3,203,0.4404558539390564
948,3,204,0.18858647346496582
949,3,205,0.2750515937805176
950,3,206,0.41154614090919495
951,3,207,0.22252969443798065
952,3,208,0.3127191662788391
953,3,209,0.26326483488082886
954,3,210,0.34489941596984863
955,3,211,0.26854395866394043
956,3,212,0.3335833251476288
957,3,213,0.39730361104011536
958,3,214,0.21408751606941223
959,3,215,0.3405115306377411
960,3,216,0.3192088305950165
961,3,217,0.2625580430030823
962,3,218,0.3084544539451599
963,3,219,0.2746592164039612
964,3,220,0.2500694692134857
965,3,221,0.2788203954696655
966,3,222,0.29244524240493774
967,3,223,0.30431318283081055
968,3,224,0.23592409491539001
969,3,225,0.27665120363235474
970,3,226,0.35535645484924316
971,3,227,0.2526543140411377
972,3,228,0.2709863781929016
973,3,229,0.25564044713974
974,3,230,0.31364282965660095
975,3,231,0.2202826291322708
976,3,232,0.4328153133392334
977,3,233,0.30158329010009766
978,3,234,0.26427003741264343
979,3,235,0.2427823841571808
980,3,236,0.6224298477172852
981,3,237,0.2868807017803192
982,3,238,0.26206356287002563
983,3,239,0.2871273159980774
984,3,240,0.2780835032463074
985,3,241,0.23926496505737305
986,3,242,0.2692323327064514
987,3,243,0.25809600949287415
988,3,244,0.3271816670894623
989,3,245,0.23173943161964417
990,3,246,0.2964063286781311
991,3,247,0.3373742699623108
992,3,248,0.28982022404670715
993,3,249,0.2789531946182251
994,3,250,0.2827531695365906
995,3,251,0.27008384466171265
996,3,252,0.2608695924282074
997,3,253,0.6624472141265869
998,3,254,0.27435919642448425
999,3,255,0.3618888556957245
1000,3,256,0.2778250277042389
1001,3,257,0.29816198348999023
1002,3,258,0.30825769901275635
1003,3,259,0.2593071460723877
1004,3,260,0.26936015486717224
1005,3,261,0.29248711466789246
1006,3,262,0.2911266088485718
1007,3,263,0.2569049000740051
1008,3,264,0.36477896571159363
1009,3,265,0.21473932266235352
1010,3,266,0.7302135825157166
1011,3,267,0.356522798538208
1012,3,268,0.2702077031135559
1013,3,269,0.27272361516952515
1014,3,270,0.3041697144508362
1015,3,271,0.28386184573173523
1016,3,272,0.24453577399253845
1017,3,273,0.23513245582580566
1018,3,274,0.29749107360839844
1019,3,275,0.3014426827430725
1020,3,276,0.25354519486427307
1021,3,277,0.3013010621070862
1022,3,278,0.265826016664505
1023,3,279,0.324598103761673
1024,3,280,0.2846459746360779
1025,3,281,0.30377307534217834
1026,3,282,0.28744298219680786
1027,3,283,0.30758899450302124
1028,3,284,0.32770103216171265
1029,3,285,0.274688720703125
1030,3,286,0.23783154785633087
1031,3,287,0.3402106761932373
1032,3,288,0.6839913129806519
1033,3,289,0.22431378066539764
1034,3,290,0.39909863471984863
1035,3,291,0.239325612783432
1036,3,292,0.30306416749954224
1037,3,293,0.2299109697341919
1038,3,294,0.30013373494148254
1039,3,295,0.31017470359802246
1040,3,296,0.20645835995674133
1041,3,297,0.27468517422676086
1042,3,298,0.2900012135505676
1043,3,299,0.2625769376754761
1044,3,300,0.26878365874290466
1045,3,301,0.3583288788795471
1046,3,302,0.45178237557411194
1047,3,303,0.2631385922431946
1048,3,304,0.356353759765625
1049,3,305,0.3136513829231262
1050,3,306,0.2712886333465576
1051,3,307,0.32124942541122437
1052,3,308,0.2518925070762634
1053,3,309,0.25170284509658813
1054,3,310,0.27348095178604126
1055,3,311,0.2067686766386032
1056,3,312,0.25116831064224243
1057,3,313,0.25226202607154846
1058,3,314,0.27597886323928833
1059,3,315,0.39285609126091003
1060,3,316,0.2939024567604065
1061,3,317,0.22882363200187683
1062,3,318,0.25997141003608704
1063,3,319,0.32429754734039307
1064,3,320,0.3344534933567047
1065,3,321,0.3234369158744812
1066,3,322,0.2967340350151062
1067,3,323,0.22706706821918488
1068,3,324,0.30286282300949097
1069,3,325,0.27938112616539
1070,3,326,0.28744402527809143
1071,3,327,0.25137704610824585
1072,3,328,0.2902398407459259
1073,3,329,0.25194695591926575
1074,3,330,0.2799239754676819
1075,3,331,0.24167665839195251
1076,3,332,0.31161612272262573
1077,3,333,0.42059817910194397
1078,3,334,0.2954530417919159
1079,3,335,0.23462577164173126
1080,3,336,0.2479579746723175
1081,3,337,0.24021124839782715
1082,3,338,0.3010053038597107
1083,3,339,0.33597102761268616
1084,3,340,0.24176311492919922
1085,3,341,0.2631852626800537
1086,3,342,0.3939700722694397
1087,3,343,0.26163429021835327
1088,3,344,0.3220922350883484
1089,3,345,0.3148520886898041
1090,3,346,0.2678165137767792
1091,3,347,0.3135797679424286
1092,3,348,0.22602903842926025
1093,3,349,0.3068176209926605
1094,3,350,0.3099817633628845
1095,3,351,0.28834348917007446
1096,3,352,0.24177932739257812
1097,3,353,0.21737292408943176
1098,3,354,0.30498674511909485
1099,3,355,0.21800437569618225
1100,3,356,0.3124476373195648
1101,3,357,0.24373367428779602
1102,3,358,0.2886452376842499
1103,3,359,0.3118681311607361
1104,3,360,0.2734820544719696
1105,3,361,0.3041277825832367
1106,3,362,0.2627682089805603
1107,3,363,0.3067419230937958
1108,3,364,0.24733814597129822
1109,3,365,0.3753897547721863
1110,3,366,0.2700631320476532
1111,3,367,0.3167702257633209
1112,3,368,0.3501296937465668
1113,3,369,0.24917607009410858
1114,3,370,0.27091026306152344
1115,3,371,0.3024531900882721
1116,3,372,0.30138206481933594
1117,4,1,0.32021814584732056
1118,4,2,0.40566545724868774
1119,4,3,0.23165729641914368
1120,4,4,0.2570216655731201
1121,4,5,0.34352976083755493
1122,4,6,0.3034093379974365
1123,4,7,0.26490360498428345
1124,4,8,0.3572823703289032
1125,4,9,0.2840309143066406
1126,4,10,0.24654646217823029
1127,4,11,0.24177667498588562
1128,4,12,0.28856486082077026
1129,4,13,0.268261581659317
1130,4,14,0.2632186710834503
1131,4,15,0.26318812370300293
1132,4,16,0.27766770124435425
1133,4,17,0.3246033191680908
1134,4,18,0.23294925689697266
1135,4,19,0.28500136733055115
1136,4,20,0.2814405560493469
1137,4,21,0.20585234463214874
1138,4,22,0.24957481026649475
1139,4,23,0.2501335144042969
1140,4,24,0.28720301389694214
1141,4,25,0.21730203926563263
1142,4,26,0.2647656202316284
1143,4,27,0.2674895226955414
1144,4,28,0.24210695922374725
1145,4,29,0.27610859274864197
1146,4,30,0.2568173408508301
1147,4,31,0.6013981103897095
1148,4,32,0.2873135209083557
1149,4,33,0.22615337371826172
1150,4,34,0.23147597908973694
1151,4,35,0.36250174045562744
1152,4,36,0.28834769129753113
1153,4,37,0.23130910098552704
1154,4,38,0.2504133880138397
1155,4,39,0.3398929238319397
1156,4,40,0.3454645872116089
1157,4,41,0.22925448417663574
1158,4,42,0.22069470584392548
1159,4,43,0.25914233922958374
1160,4,44,0.2743426561355591
1161,4,45,0.33127719163894653
1162,4,46,0.2686333954334259
1163,4,47,0.2514110803604126
1164,4,48,0.24814572930335999
1165,4,49,0.28099626302719116
1166,4,50,0.5326534509658813
1167,4,51,0.30641061067581177
1168,4,52,0.2615876793861389
1169,4,53,0.26394104957580566
1170,4,54,0.3742823004722595
1171,4,55,0.22912724316120148
1172,4,56,0.1779869943857193
1173,4,57,0.31734317541122437
1174,4,58,0.2309509515762329
1175,4,59,0.5936523675918579
1176,4,60,0.3435845375061035
1177,4,61,0.24077419936656952
1178,4,62,0.2487141191959381
1179,4,63,0.306924045085907
1180,4,64,0.2198423147201538
1181,4,65,0.2553887963294983
1182,4,66,0.2596227526664734
1183,4,67,0.24090507626533508
1184,4,68,0.2537910044193268
1185,4,69,0.28393444418907166
1186,4,70,0.22975480556488037
1187,4,71,0.21530087292194366
1188,4,72,0.3338896632194519
1189,4,73,0.28857386112213135
1190,4,74,0.27374130487442017
1191,4,75,0.2860678434371948
1192,4,76,0.24742606282234192
1193,4,77,0.30128252506256104
1194,4,78,0.20158953964710236
1195,4,79,0.21865606307983398
1196,4,80,0.24225759506225586
1197,4,81,0.20776894688606262
1198,4,82,0.2158547192811966
1199,4,83,0.284566193819046
1200,4,84,0.30471959710121155
1201,4,85,0.35249295830726624
1202,4,86,0.31357258558273315
1203,4,87,0.20951397716999054
1204,4,88,0.23503129184246063
1205,4,89,0.30062589049339294
1206,4,90,0.2710497975349426
1207,4,91,0.2922803461551666
1208,4,92,0.25367382168769836
1209,4,93,0.2911682724952698
1210,4,94,0.5048663020133972
1211,4,95,0.24677705764770508
1212,4,96,0.34006354212760925
1213,4,97,0.24319176375865936
1214,4,98,0.26046210527420044
1215,4,99,0.3223710060119629
1216,4,100,0.3104110360145569
1217,4,101,0.31243252754211426
1218,4,102,0.2680365741252899
1219,4,103,0.29511478543281555
1220,4,104,0.250474214553833
1221,4,105,0.20631536841392517
1222,4,106,0.32727909088134766
1223,4,107,0.29504939913749695
1224,4,108,0.33920592069625854
1225,4,109,0.3034582734107971
1226,4,110,0.23950862884521484
1227,4,111,0.21262618899345398
1228,4,112,0.23216775059700012
1229,4,113,0.25499284267425537
1230,4,114,0.2719288468360901
1231,4,115,0.2791537046432495
1232,4,116,0.2699916958808899
1233,4,117,0.1914592832326889
1234,4,118,0.21027588844299316
1235,4,119,0.27651655673980713
1236,4,120,0.25271299481391907
1237,4,121,0.29509493708610535
1238,4,122,0.6515573263168335
1239,4,123,0.19545577466487885
1240,4,124,0.25027555227279663
1241,4,125,0.22486630082130432
1242,4,126,0.24667887389659882
1243,4,127,0.2788934111595154
1244,4,128,0.2637485861778259
1245,4,129,0.28910988569259644
1246,4,130,0.24418076872825623
1247,4,131,0.5199865698814392
1248,4,132,0.25553399324417114
1249,4,133,0.28934869170188904
1250,4,134,0.24620644748210907
1251,4,135,0.3742961883544922
1252,4,136,0.26121261715888977
1253,4,137,0.26132839918136597
1254,4,138,0.2606138288974762
1255,4,139,0.3762753903865814
1256,4,140,0.27015921473503113
1257,4,141,0.5523252487182617
1258,4,142,0.2843787670135498
1259,4,143,0.2058372050523758
1260,4,144,0.2577689588069916
1261,4,145,0.2803787887096405
1262,4,146,0.30605170130729675
1263,4,147,0.2917751669883728
1264,4,148,0.21613486111164093
1265,4,149,0.24762789905071259
1266,4,150,0.3084033727645874
1267,4,151,0.22637012600898743
1268,4,152,0.2665436565876007
1269,4,153,0.2946150302886963
1270,4,154,0.26381996273994446
1271,4,155,0.32789379358291626
1272,4,156,0.263246089220047
1273,4,157,0.3024058938026428
1274,4,158,0.29369309544563293
1275,4,159,0.27159062027931213
1276,4,160,0.2864013910293579
1277,4,161,0.24357755482196808
1278,4,162,0.2545561194419861
1279,4,163,0.24967150390148163
1280,4,164,0.3268786072731018
1281,4,165,0.30601826310157776
1282,4,166,0.305644154548645
1283,4,167,0.31943458318710327
1284,4,168,0.3571966290473938
1285,4,169,0.26246950030326843
1286,4,170,0.2536119222640991
1287,4,171,0.2476210594177246
1288,4,172,0.23650173842906952
1289,4,173,0.2398393154144287
1290,4,174,0.3287583291530609
1291,4,175,0.34163960814476013
1292,4,176,0.3096238076686859
1293,4,177,0.269059956073761
1294,4,178,0.21435117721557617
1295,4,179,0.2697242200374603
1296,4,180,0.2363014668226242
1297,4,181,0.32529330253601074
1298,4,182,0.19999441504478455
1299,4,183,0.2622735798358917
1300,4,184,0.2589868903160095
1301,4,185,0.26470452547073364
1302,4,186,0.2638581395149231
1303,4,187,0.26303139328956604
1304,4,188,0.27598047256469727
1305,4,189,0.25279396772384644
1306,4,190,0.3141734302043915
1307,4,191,0.2236393243074417
1308,4,192,0.3108498752117157
1309,4,193,0.21112792193889618
1310,4,194,0.2717074751853943
1311,4,195,0.23468390107154846
1312,4,196,0.3212360739707947
1313,4,197,0.24699077010154724
1314,4,198,0.24723882973194122
1315,4,199,0.217734694480896
1316,4,200,0.26406705379486084
1317,4,201,0.27641063928604126
1318,4,202,0.3332058787345886
1319,4,203,0.2625167667865753
1320,4,204,0.564443051815033
1321,4,205,0.2827759087085724
1322,4,206,0.2553510069847107
1323,4,207,0.24812021851539612
1324,4,208,0.3022090792655945
1325,4,209,0.23450589179992676
1326,4,210,0.30019912123680115
1327,4,211,0.48340702056884766
1328,4,212,0.2606775462627411
1329,4,213,0.32781532406806946
1330,4,214,0.22891485691070557
1331,4,215,0.24910369515419006
1332,4,216,0.23994001746177673
1333,4,217,0.3013318181037903
1334,4,218,0.29126620292663574
1335,4,219,0.1931304931640625
1336,4,220,0.25814947485923767
1337,4,221,0.2706332802772522
1338,4,222,0.25114303827285767
1339,4,223,0.2558366358280182
1340,4,224,0.3028484284877777
1341,4,225,0.2498687505722046
1342,4,226,0.2872123718261719
1343,4,227,0.25683242082595825
1344,4,228,0.29670119285583496
1345,4,229,0.40123263001441956
1346,4,230,0.19991378486156464
1347,4,231,0.2561954855918884
1348,4,232,0.20827612280845642
1349,4,233,0.28498929738998413
1350,4,234,0.2596835792064667
1351,4,235,0.2892776131629944
1352,4,236,0.2942746877670288
1353,4,237,0.2755814492702484
1354,4,238,0.33318907022476196
1355,4,239,0.23270325362682343
1356,4,240,0.21324515342712402
1357,4,241,0.2519509494304657
1358,4,242,0.2265014350414276
1359,4,243,0.21921685338020325
1360,4,244,0.21463923156261444
1361,4,245,0.25579625368118286
1362,4,246,0.23386549949645996
1363,4,247,0.3064527213573456
1364,4,248,0.23738400638103485
1365,4,249,0.2877834141254425
1366,4,250,0.22781243920326233
1367,4,251,0.33001965284347534
1368,4,252,0.2759655714035034
1369,4,253,0.263632595539093
1370,4,254,0.19797733426094055
1371,4,255,0.21391689777374268
1372,4,256,0.1958581507205963
1373,4,257,0.24581146240234375
1374,4,258,0.2721177637577057
1375,4,259,0.27903813123703003
1376,4,260,0.23881526291370392
1377,4,261,0.3449617624282837
1378,4,262,0.26809319853782654
1379,4,263,0.4204820990562439
1380,4,264,0.2849001884460449
1381,4,265,0.2665787935256958
1382,4,266,0.29925301671028137
1383,4,267,0.24040420353412628
1384,4,268,0.25730443000793457
1385,4,269,0.2441023886203766
1386,4,270,0.5056877732276917
1387,4,271,0.21703362464904785
1388,4,272,0.2933594584465027
1389,4,273,0.26171690225601196
1390,4,274,0.2564738094806671
1391,4,275,0.3365575969219208
1392,4,276,0.27119091153144836
1393,4,277,0.23255424201488495
1394,4,278,0.34638774394989014
1395,4,279,0.2438029944896698
1396,4,280,0.231085866689682
1397,4,281,0.25717422366142273
1398,4,282,0.31008607149124146
1399,4,283,0.2857098877429962
1400,4,284,0.27861911058425903
1401,4,285,0.2214926779270172
1402,4,286,0.23921482264995575
1403,4,287,0.31174537539482117
1404,4,288,0.24654898047447205
1405,4,289,0.27613693475723267
1406,4,290,0.29673439264297485
1407,4,291,0.17497557401657104
1408,4,292,0.27733832597732544
1409,4,293,0.22325661778450012
1410,4,294,0.22459807991981506
1411,4,295,0.287093847990036
1412,4,296,0.32044586539268494
1413,4,297,0.28174275159835815
1414,4,298,0.2786729335784912
1415,4,299,0.1985369622707367
1416,4,300,0.26500236988067627
1417,4,301,0.2367556095123291
1418,4,302,0.2596895098686218
1419,4,303,0.2529298663139343
1420,4,304,0.29709574580192566
1421,4,305,0.2620926797389984
1422,4,306,0.2761632800102234
1423,4,307,0.2605154812335968
1424,4,308,0.3291562497615814
1425,4,309,0.27135151624679565
1426,4,310,0.6529909372329712
1427,4,311,0.3120115399360657
1428,4,312,0.31135788559913635
1429,4,313,0.2978047728538513
1430,4,314,0.25325384736061096
1431,4,315,0.3032841384410858
1432,4,316,0.20450565218925476
1433,4,317,0.22323565185070038
1434,4,318,0.22118785977363586
1435,4,319,0.261200487613678
1436,4,320,0.24514296650886536
1437,4,321,0.2792612910270691
1438,4,322,0.2556566298007965
1439,4,323,0.27315735816955566
1440,4,324,0.25932371616363525
1441,4,325,0.3934084475040436
1442,4,326,0.23979750275611877
1443,4,327,0.24200133979320526
1444,4,328,0.26047590374946594
1445,4,329,0.28197434544563293
1446,4,330,0.2480737417936325
1447,4,331,0.22497832775115967
1448,4,332,0.2651370167732239
1449,4,333,0.2532605528831482
1450,4,334,0.25622448325157166
1451,4,335,0.1680934578180313
1452,4,336,0.27844515442848206
1453,4,337,0.2758958339691162
1454,4,338,0.26190370321273804
1455,4,339,0.30080246925354004
1456,4,340,0.2803771495819092
1457,4,341,0.3266136050224304
1458,4,342,0.23546580970287323
1459,4,343,0.2739357352256775
1460,4,344,0.24611881375312805
1461,4,345,0.303725004196167
1462,4,346,0.23276574909687042
1463,4,347,0.2850615978240967
1464,4,348,0.18616214394569397
1465,4,349,0.3024582266807556
1466,4,350,0.24840188026428223
1467,4,351,0.1896113157272339
1468,4,352,0.27145570516586304
1469,4,353,0.2135947197675705
1470,4,354,0.2514905333518982
1471,4,355,0.23707988858222961
1472,4,356,0.27478858828544617
1473,4,357,0.20638759434223175
1474,4,358,0.2872876524925232
1475,4,359,0.2620522677898407
1476,4,360,0.2059919834136963
1477,4,361,0.23586983978748322
1478,4,362,0.21613530814647675
1479,4,363,0.26815909147262573
1480,4,364,0.17242838442325592
1481,4,365,0.6025826334953308
1482,4,366,0.2391740381717682
1483,4,367,0.2958042323589325
1484,4,368,0.3034999966621399
1485,4,369,0.2572692632675171
1486,4,370,0.2889508903026581
1487,4,371,0.32237595319747925
1488,4,372,0.224482461810112
1489,5,1,0.21572482585906982
1490,5,2,0.2094992697238922
1491,5,3,0.2628748118877411
1492,5,4,0.23569193482398987
1493,5,5,0.22438021004199982
1494,5,6,0.22647933661937714
1495,5,7,0.26383572816848755
1496,5,8,0.24179093539714813
1497,5,9,0.2647368311882019
1498,5,10,0.27436503767967224
1499,5,11,0.23460125923156738
1500,5,12,0.5835235714912415
1501,5,13,0.30768099427223206
1502,5,14,0.2336360663175583
1503,5,15,0.6702324151992798
1504,5,16,0.25666970014572144
1505,5,17,0.2929166257381439
1506,5,18,0.3067076802253723
1507,5,19,0.2657739818096161
1508,5,20,0.20408470928668976
1509,5,21,0.2379266321659088
1510,5,22,0.34960615634918213
1511,5,23,0.19661349058151245
1512,5,24,0.24942007660865784
1513,5,25,0.2705802321434021
1514,5,26,0.301748126745224
1515,5,27,0.26155292987823486
1516,5,28,0.2781006693840027
1517,5,29,0.18944089114665985
1518,5,30,0.288601815700531
1519,5,31,0.26284059882164
1520,5,32,0.23335270583629608
1521,5,33,0.4212835729122162
1522,5,34,0.24476715922355652
1523,5,35,0.3028757870197296
1524,5,36,0.2185581475496292
1525,5,37,0.2054528295993805
1526,5,38,0.22257450222969055
1527,5,39,0.30944961309432983
1528,5,40,0.2094384729862213
1529,5,41,0.1896861046552658
1530,5,42,0.2501952052116394
1531,5,43,0.22009000182151794
1532,5,44,0.2704806923866272
1533,5,45,0.27461886405944824
1534,5,46,0.22164785861968994
1535,5,47,0.24844655394554138
1536,5,48,0.23048992455005646
1537,5,49,0.2165117710828781
1538,5,50,0.35083094239234924
1539,5,51,0.2833409905433655
1540,5,52,0.242221400141716
1541,5,53,0.23412473499774933
1542,5,54,0.24596910178661346
1543,5,55,0.2575465738773346
1544,5,56,0.5515485405921936
1545,5,57,0.20366203784942627
1546,5,58,0.24530406296253204
1547,5,59,0.2513040006160736
1548,5,60,0.22393488883972168
1549,5,61,0.2796727120876312
1550,5,62,0.24676136672496796
1551,5,63,0.22496461868286133
1552,5,64,0.24577780067920685
1553,5,65,0.3282453715801239
1554,5,66,0.20792274177074432
1555,5,67,0.25929614901542664
1556,5,68,0.22145631909370422
1557,5,69,0.3004201650619507
1558,5,70,0.27479371428489685
1559,5,71,0.2772493064403534
1560,5,72,0.20634739100933075
1561,5,73,0.2818748950958252
1562,5,74,0.3042016327381134
1563,5,75,0.22178950905799866
1564,5,76,0.2958146631717682
1565,5,77,0.19306457042694092
1566,5,78,0.2633538842201233
1567,5,79,0.20323459804058075
1568,5,80,0.22733935713768005
1569,5,81,0.2984186112880707
1570,5,82,0.31106847524642944
1571,5,83,0.23947139084339142
1572,5,84,0.34459468722343445
1573,5,85,0.27618828415870667
1574,5,86,0.2385162115097046
1575,5,87,0.29357579350471497
1576,5,88,0.27279824018478394
1577,5,89,0.19943393766880035
1578,5,90,0.1996685266494751
1579,5,91,0.26266181468963623
1580,5,92,0.24049249291419983
1581,5,93,0.24901843070983887
1582,5,94,0.2287069857120514
1583,5,95,0.25220993161201477
1584,5,96,0.24234184622764587
1585,5,97,0.2852601706981659
1586,5,98,0.23000304400920868
1587,5,99,0.6368486285209656
1588,5,100,0.2576603889465332
1589,5,101,0.2969345450401306
1590,5,102,0.21403861045837402
1591,5,103,0.19679076969623566
1592,5,104,0.28039342164993286
1593,5,105,0.21274948120117188
1594,5,106,0.21830889582633972
1595,5,107,0.3149990141391754
1596,5,108,0.2171649932861328
1597,5,109,0.23927967250347137
1598,5,110,0.21935829520225525
1599,5,111,0.22283606231212616
1600,5,112,0.38486534357070923
1601,5,113,0.21813297271728516
1602,5,114,0.23694896697998047
1603,5,115,0.2289639264345169
1604,5,116,0.2735803723335266
1605,5,117,0.22061841189861298
1606,5,118,0.21509623527526855
1607,5,119,0.27628692984580994
1608,5,120,0.416297972202301
1609,5,121,0.25686728954315186
1610,5,122,0.236773282289505
1611,5,123,0.2456718236207962
1612,5,124,0.2062033861875534
1613,5,125,0.30033236742019653
1614,5,126,0.27276402711868286
1615,5,127,0.2764117419719696
1616,5,128,0.30727332830429077
1617,5,129,0.25475627183914185
1618,5,130,0.2414960414171219
1619,5,131,0.2573867440223694
1620,5,132,0.27129095792770386
1621,5,133,0.20844879746437073
1622,5,134,0.22930388152599335
1623,5,135,0.2463769167661667
1624,5,136,0.2292531430721283
1625,5,137,0.2291724979877472
1626,5,138,0.42521700263023376
1627,5,139,0.23614458739757538
1628,5,140,0.25440993905067444
1629,5,141,0.23830285668373108
1630,5,142,0.2669139802455902
1631,5,143,0.22600825130939484
1632,5,144,0.2762239873409271
1633,5,145,0.4423538148403168
1634,5,146,0.27044689655303955
1635,5,147,0.3200281262397766
1636,5,148,0.2229420393705368
1637,5,149,0.2753765881061554
1638,5,150,0.26310113072395325
1639,5,151,0.22394296526908875
1640,5,152,0.23191332817077637
1641,5,153,0.296379029750824
1642,5,154,0.22424426674842834
1643,5,155,0.2848272919654846
1644,5,156,0.2706196904182434
1645,5,157,0.22355559468269348
1646,5,158,0.23009121417999268
1647,5,159,0.26674264669418335
1648,5,160,0.2957548499107361
1649,5,161,0.27050572633743286
1650,5,162,0.20909972488880157
1651,5,163,0.2003309726715088
1652,5,164,0.20296745002269745
1653,5,165,0.24127507209777832
1654,5,166,0.2893849015235901
1655,5,167,0.2198096066713333
1656,5,168,0.2040127068758011
1657,5,169,0.26666200160980225
1658,5,170,0.26535698771476746
1659,5,171,0.28212669491767883
1660,5,172,0.2420145720243454
1661,5,173,0.2417236566543579
1662,5,174,0.22814464569091797
1663,5,175,0.2660371661186218
1664,5,176,0.2522904872894287
1665,5,177,0.2276015728712082
1666,5,178,0.23993055522441864
1667,5,179,0.23483511805534363
1668,5,180,0.28932636976242065
1669,5,181,0.27269119024276733
1670,5,182,0.3046908974647522
1671,5,183,0.22021737694740295
1672,5,184,0.34618818759918213
1673,5,185,0.2505757212638855
1674,5,186,0.2532997727394104
1675,5,187,0.1779783070087433
1676,5,188,0.2568201720714569
1677,5,189,0.24867436289787292
1678,5,190,0.25402623414993286
1679,5,191,0.21728511154651642
1680,5,192,0.2783651351928711
1681,5,193,0.21442344784736633
1682,5,194,0.27291029691696167
1683,5,195,0.21010200679302216
1684,5,196,0.21939706802368164
1685,5,197,0.20664601027965546
1686,5,198,0.23600228130817413
1687,5,199,0.31236809492111206
1688,5,200,0.21414223313331604
1689,5,201,0.33209943771362305
1690,5,202,0.19152222573757172
1691,5,203,0.5958089232444763
1692,5,204,0.24532806873321533
1693,5,205,0.2769366204738617
1694,5,206,0.2823481857776642
1695,5,207,0.30015912652015686
1696,5,208,0.28008049726486206
1697,5,209,0.2451360672712326
1698,5,210,0.22087493538856506
1699,5,211,0.30527105927467346
1700,5,212,0.2571450173854828
1701,5,213,0.2520917057991028
1702,5,214,0.2903464138507843
1703,5,215,0.3018731474876404
1704,5,216,0.19889551401138306
1705,5,217,0.36024972796440125
1706,5,218,0.21158604323863983
1707,5,219,0.1884692758321762
1708,5,220,0.2386537343263626
1709,5,221,0.22731418907642365
1710,5,222,0.26033055782318115
1711,5,223,0.24401910603046417
1712,5,224,0.2892821431159973
1713,5,225,0.23845939338207245
1714,5,226,0.24356615543365479
1715,5,227,0.2821250855922699
1716,5,228,0.2720167934894562
1717,5,229,0.20527024567127228
1718,5,230,0.2511388659477234
1719,5,231,0.22078633308410645
1720,5,232,0.5926498174667358
1721,5,233,0.17622876167297363
1722,5,234,0.600648045539856
1723,5,235,0.22064654529094696
1724,5,236,0.250317245721817
1725,5,237,0.28505781292915344
1726,5,238,0.26249706745147705
1727,5,239,0.2424273043870926
1728,5,240,0.33134397864341736
1729,5,241,0.28277257084846497
1730,5,242,0.3095998764038086
1731,5,243,0.24710559844970703
1732,5,244,0.18821217119693756
1733,5,245,0.2510109543800354
1734,5,246,0.49356722831726074
1735,5,247,0.2478775680065155
1736,5,248,0.2350841462612152
1737,5,249,0.3404180109500885
1738,5,250,0.267198771238327
1739,5,251,0.19047798216342926
1740,5,252,0.2207196205854416
1741,5,253,0.21442921459674835
1742,5,254,0.25368160009384155
1743,5,255,0.22974243760108948
1744,5,256,0.27009767293930054
1745,5,257,0.21151840686798096
1746,5,258,0.24327726662158966
1747,5,259,0.2601563036441803
1748,5,260,0.2856474220752716
1749,5,261,0.205936461687088
1750,5,262,0.21450743079185486
1751,5,263,0.27594003081321716
1752,5,264,0.23132416605949402
1753,5,265,0.19909745454788208
1754,5,266,0.23420190811157227
1755,5,267,0.2593729794025421
1756,5,268,0.21483655273914337
1757,5,269,0.48406267166137695
1758,5,270,0.27361851930618286
1759,5,271,0.2616897225379944
1760,5,272,0.2190314531326294
1761,5,273,0.2328098565340042
1762,5,274,0.28532806038856506
1763,5,275,0.24293947219848633
1764,5,276,0.2673375606536865
1765,5,277,0.24128904938697815
1766,5,278,0.267962783575058
1767,5,279,0.2515667974948883
1768,5,280,0.2550971508026123
1769,5,281,0.2275303602218628
1770,5,282,0.2604166865348816
1771,5,283,0.21830733120441437
1772,5,284,0.22391588985919952
1773,5,285,0.24344196915626526
1774,5,286,0.27343717217445374
1775,5,287,0.2450987994670868
1776,5,288,0.310258150100708
1777,5,289,0.27901485562324524
1778,5,290,0.2670409381389618
1779,5,291,0.26364344358444214
1780,5,292,0.27193617820739746
1781,5,293,0.2819277346134186
1782,5,294,0.28259018063545227
1783,5,295,0.446827232837677
1784,5,296,0.27760544419288635
1785,5,297,0.23992910981178284
1786,5,298,0.26990270614624023
1787,5,299,0.2847544550895691
1788,5,300,0.28187209367752075
1789,5,301,0.2730988562107086
1790,5,302,0.22726848721504211
1791,5,303,0.22091178596019745
1792,5,304,0.2409084141254425
1793,5,305,0.517008900642395
1794,5,306,0.22974565625190735
1795,5,307,0.2924703061580658
1796,5,308,0.32150185108184814
1797,5,309,0.2764630615711212
1798,5,310,0.3323301672935486
1799,5,311,0.2629379332065582
1800,5,312,0.24194231629371643
1801,5,313,0.31453830003738403
1802,5,314,0.2320716828107834
1803,5,315,0.22846683859825134
1804,5,316,0.22692923247814178
1805,5,317,0.22341342270374298
1806,5,318,0.25840646028518677
1807,5,319,0.2630433440208435
1808,5,320,0.22638364136219025
1809,5,321,0.2411288321018219
1810,5,322,0.2792733311653137
1811,5,323,0.2747958302497864
1812,5,324,0.29785317182540894
1813,5,325,0.19652420282363892
1814,5,326,0.2536080479621887
1815,5,327,0.2334684580564499
1816,5,328,0.2313525229692459
1817,5,329,0.2424020767211914
1818,5,330,0.19528017938137054
1819,5,331,0.23055854439735413
1820,5,332,0.26162517070770264
1821,5,333,0.24862118065357208
1822,5,334,0.20793667435646057
1823,5,335,0.21752984821796417
1824,5,336,0.2870112359523773
1825,5,337,0.2155676782131195
1826,5,338,0.23890893161296844
1827,5,339,0.28305432200431824
1828,5,340,0.2966099977493286
1829,5,341,0.21009382605552673
1830,5,342,0.36878108978271484
1831,5,343,0.20413105189800262
1832,5,344,0.27606597542762756
1833,5,345,0.2643773555755615
1834,5,346,0.24650661647319794
1835,5,347,0.22128482162952423
1836,5,348,0.19864217936992645
1837,5,349,0.2610882818698883
1838,5,350,0.18887317180633545
1839,5,351,0.2244083136320114
1840,5,352,0.2228744477033615
1841,5,353,0.29015278816223145
1842,5,354,0.25583893060684204
1843,5,355,0.2100771963596344
1844,5,356,0.2717817723751068
1845,5,357,0.7293779850006104
1846,5,358,0.31466415524482727
1847,5,359,0.28841885924339294
1848,5,360,0.19424650073051453
1849,5,361,0.30638447403907776
1850,5,362,0.23564815521240234
1851,5,363,0.2340225726366043
1852,5,364,0.24937888979911804
1853,5,365,0.24487920105457306
1854,5,366,0.23127742111682892
1855,5,367,0.23609116673469543
1856,5,368,0.2511267066001892
1857,5,369,0.2646718919277191
1858,5,370,0.23944750428199768
1859,5,371,0.2540340721607208
1860,5,372,0.28469231724739075
1861,6,1,0.24241313338279724
1862,6,2,0.24068708717823029
1863,6,3,0.2638927102088928
1864,6,4,0.26180070638656616
1865,6,5,0.2069387137889862
1866,6,6,0.23280246555805206
1867,6,7,0.25813624262809753
1868,6,8,0.30467352271080017
1869,6,9,0.2498410940170288
1870,6,10,0.28101903200149536
1871,6,11,0.22450053691864014
1872,6,12,0.21045684814453125
1873,6,13,0.249705508351326
1874,6,14,0.2307628095149994
1875,6,15,0.17144303023815155
1876,6,16,0.22545652091503143
1877,6,17,0.2839905023574829
1878,6,18,0.2283116579055786
1879,6,19,0.27827709913253784
1880,6,20,0.28060364723205566
1881,6,21,0.277947336435318
1882,6,22,0.20427179336547852
1883,6,23,0.22487092018127441
1884,6,24,0.378989040851593
1885,6,25,0.20518207550048828
1886,6,26,0.23037192225456238
1887,6,27,0.19895081222057343
1888,6,28,0.2050693780183792
1889,6,29,0.2361697405576706
1890,6,30,0.24557659029960632
1891,6,31,0.2791898250579834
1892,6,32,0.2118961066007614
1893,6,33,0.2159055918455124
1894,6,34,0.20772376656532288
1895,6,35,0.40915626287460327
1896,6,36,0.17034542560577393
1897,6,37,0.457099586725235
1898,6,38,0.2276090830564499
1899,6,39,0.21886301040649414
1900,6,40,0.21910515427589417
1901,6,41,0.2145683318376541
1902,6,42,0.21304412186145782
1903,6,43,0.24582333862781525
1904,6,44,0.2858105003833771
1905,6,45,0.22523656487464905
1906,6,46,0.25432899594306946
1907,6,47,0.2355642318725586
1908,6,48,0.25449731945991516
1909,6,49,0.24987447261810303
1910,6,50,0.2662231922149658
1911,6,51,0.255084365606308
1912,6,52,0.214273139834404
1913,6,53,0.2308463305234909
1914,6,54,0.2862838804721832
1915,6,55,0.2617014944553375
1916,6,56,0.22724118828773499
1917,6,57,0.24533288180828094
1918,6,58,0.29154330492019653
1919,6,59,0.3139316439628601
1920,6,60,0.20634058117866516
1921,6,61,0.2817870080471039
1922,6,62,0.192191943526268
1923,6,63,0.21614988148212433
1924,6,64,0.5077376365661621
1925,6,65,0.26886600255966187
1926,6,66,0.3029751777648926
1927,6,67,0.26300865411758423
1928,6,68,0.21851634979248047
1929,6,69,0.24820664525032043
1930,6,70,0.23722107708454132
1931,6,71,0.22582638263702393
1932,6,72,0.2616603970527649
1933,6,73,0.32817864418029785
1934,6,74,0.1689472198486328
1935,6,75,0.2699432969093323
1936,6,76,0.19905659556388855
1937,6,77,0.2143057882785797
1938,6,78,0.2381763756275177
1939,6,79,0.5006523132324219
1940,6,80,0.238695427775383
1941,6,81,0.24935826659202576
1942,6,82,0.2289275825023651
1943,6,83,0.2157062590122223
1944,6,84,0.2734760344028473
1945,6,85,0.26343753933906555
1946,6,86,0.19929823279380798
1947,6,87,0.20474176108837128
1948,6,88,0.23152582347393036
1949,6,89,0.2730371952056885
1950,6,90,0.21340665221214294
1951,6,91,0.2913602292537689
1952,6,92,0.19417613744735718
1953,6,93,0.26534050703048706
1954,6,94,0.25238484144210815
1955,6,95,0.24762897193431854
1956,6,96,0.20817014575004578
1957,6,97,0.2320040762424469
1958,6,98,0.273272305727005
1959,6,99,0.2021515667438507
1960,6,100,0.2683325409889221
1961,6,101,0.2410523146390915
1962,6,102,0.20270904898643494
1963,6,103,0.7403971552848816
1964,6,104,0.1910782903432846
1965,6,105,0.2148245871067047
1966,6,106,0.20585784316062927
1967,6,107,0.1993301957845688
1968,6,108,0.22040753066539764
1969,6,109,0.32099589705467224
1970,6,110,0.1903528869152069
1971,6,111,0.22245779633522034
1972,6,112,0.23348024487495422
1973,6,113,0.22508545219898224
1974,6,114,0.42320069670677185
1975,6,115,0.26944512128829956
1976,6,116,0.1920144259929657
1977,6,117,0.21767134964466095
1978,6,118,0.2188766747713089
1979,6,119,0.19190986454486847
1980,6,120,0.22994005680084229
1981,6,121,0.2202107459306717
1982,6,122,0.2010287493467331
1983,6,123,0.24525079131126404
1984,6,124,0.23458775877952576
1985,6,125,0.19425304234027863
1986,6,126,0.20844766497612
1987,6,127,0.22172638773918152
1988,6,128,0.20046770572662354
1989,6,129,0.19560052454471588
1990,6,130,0.21097278594970703
1991,6,131,0.23227448761463165
1992,6,132,0.30528372526168823
1993,6,133,0.24905578792095184
1994,6,134,0.2561728358268738
1995,6,135,0.23111410439014435
1996,6,136,0.2510150074958801
1997,6,137,0.20777364075183868
1998,6,138,0.2745964527130127
1999,6,139,0.25598445534706116
2000,6,140,0.2352297306060791
2001,6,141,0.413806676864624
2002,6,142,0.27869874238967896
2003,6,143,0.19191816449165344
2004,6,144,0.2040969431400299
2005,6,145,0.19169144332408905
2006,6,146,0.2759016752243042
2007,6,147,0.32183825969696045
2008,6,148,0.21043558418750763
2009,6,149,0.22325639426708221
2010,6,150,0.21186463534832
2011,6,151,0.21944674849510193
2012,6,152,0.4022851884365082
2013,6,153,0.2355741560459137
2014,6,154,0.25133731961250305
2015,6,155,0.3738050162792206
2016,6,156,0.23074769973754883
2017,6,157,0.24680247902870178
2018,6,158,0.23525147140026093
2019,6,159,0.2074253261089325
2020,6,160,0.30432406067848206
2021,6,161,0.26990532875061035
2022,6,162,0.3494328260421753
2023,6,163,0.2538980543613434
2024,6,164,0.24998919665813446
2025,6,165,0.25123149156570435
2026,6,166,0.18458545207977295
2027,6,167,0.28353995084762573
2028,6,168,0.21626171469688416
2029,6,169,0.25335147976875305
2030,6,170,0.30383363366127014
2031,6,171,0.23986831307411194
2032,6,172,0.3398219347000122
2033,6,173,0.22264790534973145
2034,6,174,0.23320026695728302
2035,6,175,0.23783409595489502
2036,6,176,0.2385888397693634
2037,6,177,0.2585723102092743
2038,6,178,0.24383719265460968
2039,6,179,0.2377338856458664
2040,6,180,0.2641494870185852
2041,6,181,0.21280494332313538
2042,6,182,0.20900365710258484
2043,6,183,0.25613704323768616
2044,6,184,0.23982581496238708
2045,6,185,0.23225536942481995
2046,6,186,0.22292116284370422
2047,6,187,0.23743405938148499
2048,6,188,0.5287566184997559
2049,6,189,0.20995870232582092
2050,6,190,0.23510102927684784
2051,6,191,0.23965230584144592
2052,6,192,0.2733742594718933
2053,6,193,0.25342869758605957
2054,6,194,0.2656465470790863
2055,6,195,0.19957895576953888
2056,6,196,0.2241843044757843
2057,6,197,0.22111794352531433
2058,6,198,0.22879675030708313
2059,6,199,0.21855029463768005
2060,6,200,0.27247434854507446
2061,6,201,0.2046869546175003
2062,6,202,0.2097492218017578
2063,6,203,0.25327691435813904
2064,6,204,0.19223544001579285
2065,6,205,0.2876547873020172
2066,6,206,0.23846516013145447
2067,6,207,0.2368784248828888
2068,6,208,0.2560099959373474
2069,6,209,0.22827672958374023
2070,6,210,0.21818383038043976
2071,6,211,0.24947230517864227
2072,6,212,0.22888772189617157
2073,6,213,0.211697056889534
2074,6,214,0.3403072953224182
2075,6,215,0.5005354881286621
2076,6,216,0.18175260722637177
2077,6,217,0.21746563911437988
2078,6,218,0.202183336019516
2079,6,219,0.2569590210914612
2080,6,220,0.26851969957351685
2081,6,221,0.14852064847946167
2082,6,222,0.32864052057266235
2083,6,223,0.19473114609718323
2084,6,224,0.24732370674610138
2085,6,225,0.21743640303611755
2086,6,226,0.2368963062763214
2087,6,227,0.23524999618530273
2088,6,228,0.2946910262107849
2089,6,229,0.1701904833316803
2090,6,230,0.2345806062221527
2091,6,231,0.2017064094543457
2092,6,232,0.2619559168815613
2093,6,233,0.19467857480049133
2094,6,234,0.171246737241745
2095,6,235,0.2257966548204422
2096,6,236,0.21424655616283417
2097,6,237,0.25529634952545166
2098,6,238,0.20749862492084503
2099,6,239,0.20396387577056885
2100,6,240,0.2911044955253601
2101,6,241,0.23726165294647217
2102,6,242,0.3396855592727661
2103,6,243,0.24661675095558167
2104,6,244,0.18984588980674744
2105,6,245,0.2525804340839386
2106,6,246,0.23991303145885468
2107,6,247,0.19412311911582947
2108,6,248,0.1783912479877472
2109,6,249,0.20852169394493103
2110,6,250,0.42141881585121155
2111,6,251,0.40527987480163574
2112,6,252,0.2918468117713928
2113,6,253,0.27240318059921265
2114,6,254,0.22777721285820007
2115,6,255,0.372931569814682
2116,6,256,0.2626159191131592
2117,6,257,0.2894199788570404
2118,6,258,0.2691762447357178
2119,6,259,0.20966827869415283
2120,6,260,0.23981130123138428
2121,6,261,0.24339604377746582
2122,6,262,0.2438797652721405
2123,6,263,0.2788020968437195
2124,6,264,0.2444259375333786
2125,6,265,0.24181506037712097
2126,6,266,0.22748923301696777
2127,6,267,0.286734402179718
2128,6,268,0.40594762563705444
2129,6,269,0.291472464799881
2130,6,270,0.2328597605228424
2131,6,271,0.3425352871417999
2132,6,272,0.25509747862815857
2133,6,273,0.2876417934894562
2134,6,274,0.23996500670909882
2135,6,275,0.28193074464797974
2136,6,276,0.22657862305641174
2137,6,277,0.2527541518211365
2138,6,278,0.25577184557914734
2139,6,279,0.1765231043100357
2140,6,280,0.25275787711143494
2141,6,281,0.22559854388237
2142,6,282,0.22767993807792664
2143,6,283,0.18897953629493713
2144,6,284,0.24913838505744934
2145,6,285,0.19555605947971344
2146,6,286,0.26491087675094604
2147,6,287,0.23655562102794647
2148,6,288,0.2263818234205246
2149,6,289,0.3077067732810974
2150,6,290,0.19685839116573334
2151,6,291,0.21158850193023682
2152,6,292,0.24614910781383514
2153,6,293,0.2414427548646927
2154,6,294,0.2097959965467453
2155,6,295,0.23561017215251923
2156,6,296,0.25306636095046997
2157,6,297,0.2019767463207245
2158,6,298,0.9349958300590515
2159,6,299,0.22312979400157928
2160,6,300,0.2630094587802887
2161,6,301,0.21737971901893616
2162,6,302,0.17989212274551392
2163,6,303,0.23065905272960663
2164,6,304,0.2318737506866455
2165,6,305,0.5114389657974243
2166,6,306,0.28006264567375183
2167,6,307,0.22679850459098816
2168,6,308,0.245301753282547
2169,6,309,0.26377812027931213
2170,6,310,0.27751827239990234
2171,6,311,0.22707748413085938
2172,6,312,0.2466052770614624
2173,6,313,0.22171466052532196
2174,6,314,0.21490254998207092
2175,6,315,0.2417369782924652
2176,6,316,0.19210276007652283
2177,6,317,0.30587515234947205
2178,6,318,0.2402094602584839
2179,6,319,0.2992623746395111
2180,6,320,0.30040600895881653
2181,6,321,0.2525302767753601
2182,6,322,0.21745657920837402
2183,6,323,0.2513408064842224
2184,6,324,0.2800820469856262
2185,6,325,0.25042036175727844
2186,6,326,0.2531765103340149
2187,6,327,0.2728191018104553
2188,6,328,0.21279367804527283
2189,6,329,0.20470276474952698
2190,6,330,0.2803158462047577
2191,6,331,0.2709127962589264
2192,6,332,0.2452646791934967
2193,6,333,0.2212604284286499
2194,6,334,0.24053117632865906
2195,6,335,0.22030451893806458
2196,6,336,0.2280043363571167
2197,6,337,0.1899612545967102
2198,6,338,0.24734008312225342
2199,6,339,0.26117822527885437
2200,6,340,0.2743000388145447
2201,6,341,0.2487477958202362
2202,6,342,0.23930779099464417
2203,6,343,0.357421338558197
2204,6,344,0.27104097604751587
2205,6,345,0.2292543649673462
2206,6,346,0.3204685151576996
2207,6,347,0.2647562623023987
2208,6,348,0.2249407321214676
2209,6,349,0.23313620686531067
2210,6,350,0.25409919023513794
2211,6,351,0.281229168176651
2212,6,352,0.21339945495128632
2213,6,353,0.22079023718833923
2214,6,354,0.26194170117378235
2215,6,355,0.2232796847820282
2216,6,356,0.2239067554473877
2217,6,357,0.2527146339416504
2218,6,358,0.18833859264850616
2219,6,359,0.2739935517311096
2220,6,360,0.25970205664634705
2221,6,361,0.31012433767318726
2222,6,362,0.19357676804065704
2223,6,363,0.215719074010849
2224,6,364,0.22176524996757507
2225,6,365,0.21206453442573547
2226,6,366,0.2915196120738983
2227,6,367,0.2926193177700043
2228,6,368,0.28395918011665344
2229,6,369,0.2361413687467575
2230,6,370,0.20166008174419403
2231,6,371,0.2211579829454422
2232,6,372,0.21857820451259613
2233,7,1,0.2084496021270752
2234,7,2,0.21625129878520966
2235,7,3,0.5247215032577515
2236,7,4,0.27421435713768005
2237,7,5,0.20598867535591125
2238,7,6,0.2144048511981964
2239,7,7,0.23996129631996155
2240,7,8,0.23389503359794617
2241,7,9,0.25011640787124634
2242,7,10,0.20714792609214783
2243,7,11,0.20303480327129364
2244,7,12,0.20993542671203613
2245,7,13,0.2515910267829895
2246,7,14,0.1960039734840393
2247,7,15,0.22556135058403015
2248,7,16,0.23444361984729767
2249,7,17,0.19977283477783203
2250,7,18,0.21409492194652557
2251,7,19,0.1963782161474228
2252,7,20,0.22640559077262878
2253,7,21,0.1825484186410904
2254,7,22,0.2173321694135666
2255,7,23,0.15531989932060242
2256,7,24,0.4057595133781433
2257,7,25,0.18919458985328674
2258,7,26,0.21240469813346863
2259,7,27,0.21762803196907043
2260,7,28,0.23718316853046417
2261,7,29,0.288066565990448
2262,7,30,0.19493117928504944
2263,7,31,0.24613261222839355
2264,7,32,0.25868725776672363
2265,7,33,0.2174111157655716
2266,7,34,0.2678292393684387
2267,7,35,0.20724019408226013
2268,7,36,0.1600779891014099
2269,7,37,0.19681593775749207
2270,7,38,0.21547313034534454
2271,7,39,0.2219599187374115
2272,7,40,0.18292191624641418
2273,7,41,0.167281374335289
2274,7,42,0.23522238433361053
2275,7,43,0.2097046822309494
2276,7,44,0.2573419213294983
2277,7,45,0.2037566900253296
2278,7,46,0.20521180331707
2279,7,47,0.219624325633049
2280,7,48,0.20555102825164795
2281,7,49,0.27418357133865356
2282,7,50,0.24432162940502167
2283,7,51,0.22810404002666473
2284,7,52,0.24096563458442688
2285,7,53,0.17900539934635162
2286,7,54,0.19809983670711517
2287,7,55,0.270679235458374
2288,7,56,0.2645082473754883
2289,7,57,0.22309482097625732
2290,7,58,0.29962825775146484
2291,7,59,0.20729751884937286
2292,7,60,0.19428083300590515
2293,7,61,0.19581501185894012
2294,7,62,0.257874071598053
2295,7,63,0.16817671060562134
2296,7,64,0.3036031126976013
2297,7,65,0.23317590355873108
2298,7,66,0.19896447658538818
2299,7,67,0.3118743300437927
2300,7,68,0.23008251190185547
2301,7,69,0.28093764185905457
2302,7,70,0.2274474799633026
2303,7,71,0.8459781408309937
2304,7,72,0.26175349950790405
2305,7,73,0.30163758993148804
2306,7,74,0.180801659822464
2307,7,75,0.2515001893043518
2308,7,76,0.24795086681842804
2309,7,77,0.2948288023471832
2310,7,78,0.2054988592863083
2311,7,79,0.17982575297355652
2312,7,80,0.25693273544311523
2313,7,81,0.2381635159254074
2314,7,82,0.21171894669532776
2315,7,83,0.27007341384887695
2316,7,84,0.3020792603492737
2317,7,85,0.2401164472103119
2318,7,86,0.18895675241947174
2319,7,87,0.23175780475139618
2320,7,88,0.20419082045555115
2321,7,89,0.27358704805374146
2322,7,90,0.5367996692657471
2323,7,91,0.19498270750045776
2324,7,92,0.2565280795097351
2325,7,93,0.25958052277565
2326,7,94,0.19000771641731262
2327,7,95,0.21271875500679016
2328,7,96,0.23380856215953827
2329,7,97,0.2166047990322113
2330,7,98,0.19959306716918945
2331,7,99,0.23353001475334167
2332,7,100,0.2558087706565857
2333,7,101,0.3236791491508484
2334,7,102,0.2734934389591217
2335,7,103,0.24718217551708221
2336,7,104,0.2278568297624588
2337,7,105,0.24338646233081818
2338,7,106,0.25996851921081543
2339,7,107,0.22776579856872559
2340,7,108,0.2580387592315674
2341,7,109,0.23923757672309875
2342,7,110,0.20466585457324982
2343,7,111,0.23521435260772705
2344,7,112,0.24689260125160217
2345,7,113,0.21020758152008057
2346,7,114,0.2693100869655609
2347,7,115,0.2639981508255005
2348,7,116,0.25956064462661743
2349,7,117,0.23513713479042053
2350,7,118,0.26393046975135803
2351,7,119,0.21588671207427979
2352,7,120,0.4618954658508301
2353,7,121,0.19141221046447754
2354,7,122,0.21913695335388184
2355,7,123,0.24263247847557068
2356,7,124,0.23430538177490234
2357,7,125,0.20224198698997498
2358,7,126,0.18383321166038513
2359,7,127,0.2549426555633545
2360,7,128,0.22238950431346893
2361,7,129,0.17880573868751526
2362,7,130,0.29627400636672974
2363,7,131,0.17625829577445984
2364,7,132,0.2290879786014557
2365,7,133,0.21672609448432922
2366,7,134,0.22128048539161682
2367,7,135,0.221482515335083
2368,7,136,0.22049006819725037
2369,7,137,0.2030254304409027
2370,7,138,0.2769063115119934
2371,7,139,0.7140851020812988
2372,7,140,0.221781924366951
2373,7,141,0.2102326601743698
2374,7,142,0.2045608013868332
2375,7,143,0.24017922580242157
2376,7,144,0.2805202305316925
2377,7,145,0.25981736183166504
2378,7,146,0.2318137139081955
2379,7,147,0.220416858792305
2380,7,148,0.2589574456214905
2381,7,149,0.1797594279050827
2382,7,150,0.31169769167900085
2383,7,151,0.1948459893465042
2384,7,152,0.23574857413768768
2385,7,153,0.24496300518512726
2386,7,154,0.2139894962310791
2387,7,155,0.2294173240661621
2388,7,156,0.2607400417327881
2389,7,157,0.2523663640022278
2390,7,158,0.32822471857070923
2391,7,159,0.18208904564380646
2392,7,160,0.2521020770072937
2393,7,161,0.2048151046037674
2394,7,162,0.18474167585372925
2395,7,163,0.21022948622703552
2396,7,164,0.22973652184009552
2397,7,165,0.16752487421035767
2398,7,166,0.4236725866794586
2399,7,167,0.23200523853302002
2400,7,168,0.1772659420967102
2401,7,169,0.29270318150520325
2402,7,170,0.2444075644016266
2403,7,171,0.168542742729187
2404,7,172,0.23791055381298065
2405,7,173,0.2325548678636551
2406,7,174,0.2135591208934784
2407,7,175,0.21136026084423065
2408,7,176,0.2094089537858963
2409,7,177,0.2770830988883972
2410,7,178,0.24089637398719788
2411,7,179,0.2342873513698578
2412,7,180,0.23470976948738098
2413,7,181,0.26207035779953003
2414,7,182,0.26592183113098145
2415,7,183,0.21960878372192383
2416,7,184,0.5847371816635132
2417,7,185,0.2321886569261551
2418,7,186,0.23351195454597473
2419,7,187,0.20559290051460266
2420,7,188,0.1748892068862915
2421,7,189,0.1978921890258789
2422,7,190,0.23426508903503418
2423,7,191,0.24730536341667175
2424,7,192,0.2515360713005066
2425,7,193,0.20328927040100098
2426,7,194,0.26298269629478455
2427,7,195,0.24721677601337433
2428,7,196,0.2595537006855011
2429,7,197,0.23938989639282227
2430,7,198,0.20790143311023712
2431,7,199,0.1587482988834381
2432,7,200,0.23086881637573242
2433,7,201,0.2651856243610382
2434,7,202,0.31269246339797974
2435,7,203,0.20623597502708435
2436,7,204,0.21165330708026886
2437,7,205,0.22241023182868958
2438,7,206,0.24390444159507751
2439,7,207,0.26485052704811096
2440,7,208,0.2266499251127243
2441,7,209,0.26533475518226624
2442,7,210,0.2208496779203415
2443,7,211,0.2598472237586975
2444,7,212,0.2867252826690674
2445,7,213,0.19867436587810516
2446,7,214,0.21944856643676758
2447,7,215,0.2675304710865021
2448,7,216,0.24921663105487823
2449,7,217,0.6340258121490479
2450,7,218,0.20230218768119812
2451,7,219,0.2116249054670334
2452,7,220,0.32144808769226074
2453,7,221,0.2395622432231903
2454,7,222,0.22974303364753723
2455,7,223,0.20942966639995575
2456,7,224,0.15075549483299255
2457,7,225,0.22052617371082306
2458,7,226,0.2244766652584076
2459,7,227,0.2713734209537506
2460,7,228,0.20698484778404236
2461,7,229,0.2422947883605957
2462,7,230,0.23822569847106934
2463,7,231,0.30117011070251465
2464,7,232,0.21876294910907745
2465,7,233,0.2598962187767029
2466,7,234,0.21076571941375732
2467,7,235,0.2841368317604065
2468,7,236,0.41574639081954956
2469,7,237,0.19341497123241425
2470,7,238,0.20981872081756592
2471,7,239,0.15264439582824707
2472,7,240,0.21454425156116486
2473,7,241,0.20531466603279114
2474,7,242,0.38168734312057495
2475,7,243,0.24986858665943146
2476,7,244,0.1940688043832779
2477,7,245,0.19179312884807587
2478,7,246,0.2806739807128906
2479,7,247,0.30968615412712097
2480,7,248,0.25073233246803284
2481,7,249,0.20098407566547394
2482,7,250,0.18235306441783905
2483,7,251,0.2204517126083374
2484,7,252,0.2422288954257965
2485,7,253,0.2173677235841751
2486,7,254,0.21261700987815857
2487,7,255,0.2194843590259552
2488,7,256,0.18941108882427216
2489,7,257,0.2927258610725403
2490,7,258,0.22179153561592102
2491,7,259,0.21663856506347656
2492,7,260,0.23079581558704376
2493,7,261,0.2189548909664154
2494,7,262,0.2041510045528412
2495,7,263,0.22371749579906464
2496,7,264,0.18807832896709442
2497,7,265,0.18496736884117126
2498,7,266,0.24172239005565643
2499,7,267,0.23885364830493927
2500,7,268,0.18357257544994354
2501,7,269,0.22949841618537903
2502,7,270,0.21624568104743958
2503,7,271,0.19866259396076202
2504,7,272,0.22458498179912567
2505,7,273,0.1937956064939499
2506,7,274,0.1890295296907425
2507,7,275,0.25075650215148926
2508,7,276,0.20193617045879364
2509,7,277,0.2601063847541809
2510,7,278,0.2673925757408142
2511,7,279,0.21163217723369598
2512,7,280,0.1828574240207672
2513,7,281,0.27205848693847656
2514,7,282,0.2688024640083313
2515,7,283,0.21032333374023438
2516,7,284,0.24371489882469177
2517,7,285,0.21774323284626007
2518,7,286,0.21319910883903503
2519,7,287,0.22648879885673523
2520,7,288,0.2074676752090454
2521,7,289,0.2913174331188202
2522,7,290,0.2526469826698303
2523,7,291,0.17820729315280914
2524,7,292,0.22108237445354462
2525,7,293,0.25721994042396545
2526,7,294,0.24912264943122864
2527,7,295,0.29086485505104065
2528,7,296,0.24646973609924316
2529,7,297,0.2034696787595749
2530,7,298,0.33272480964660645
2531,7,299,0.23228231072425842
2532,7,300,0.1815325915813446
2533,7,301,0.2532932460308075
2534,7,302,0.21284553408622742
2535,7,303,0.2632617950439453
2536,7,304,0.2489437609910965
2537,7,305,0.2663281559944153
2538,7,306,0.278730571269989
2539,7,307,0.19517379999160767
2540,7,308,0.22113880515098572
2541,7,309,0.23568396270275116
2542,7,310,0.1827259510755539
2543,7,311,0.2237989455461502
2544,7,312,0.2391052544116974
2545,7,313,0.2422635555267334
2546,7,314,0.2551491856575012
2547,7,315,0.2639048099517822
2548,7,316,0.2420147955417633
2549,7,317,0.23651166260242462
2550,7,318,0.19544008374214172
2551,7,319,0.25092440843582153
2552,7,320,0.21356017887592316
2553,7,321,0.2436753511428833
2554,7,322,0.29718807339668274
2555,7,323,0.2273244559764862
2556,7,324,0.20490625500679016
2557,7,325,0.2080192267894745
2558,7,326,0.2387884110212326
2559,7,327,0.2773889899253845
2560,7,328,0.19872578978538513
2561,7,329,0.19140009582042694
2562,7,330,0.20284704864025116
2563,7,331,0.22689633071422577
2564,7,332,0.18986395001411438
2565,7,333,0.18765686452388763
2566,7,334,0.3980213403701782
2567,7,335,0.231675386428833
2568,7,336,0.17200860381126404
2569,7,337,0.21982192993164062
2570,7,338,0.21708464622497559
2571,7,339,0.4311489462852478
2572,7,340,0.24721388518810272
2573,7,341,0.23878684639930725
2574,7,342,0.2178839147090912
2575,7,343,0.21904918551445007
2576,7,344,0.2100038081407547
2577,7,345,0.2120695859193802
2578,7,346,0.2424660474061966
2579,7,347,0.22342824935913086
2580,7,348,0.22854769229888916
2581,7,349,0.3090839684009552
2582,7,350,0.20389464497566223
2583,7,351,0.26069945096969604
2584,7,352,0.2308223992586136
2585,7,353,0.21528203785419464
2586,7,354,0.2364397495985031
2587,7,355,0.18187908828258514
2588,7,356,0.2809038460254669
2589,7,357,0.25408756732940674
2590,7,358,0.21977069973945618
2591,7,359,0.3732404410839081
2592,7,360,0.20144009590148926
2593,7,361,0.24266918003559113
2594,7,362,0.2573433518409729
2595,7,363,0.24613726139068604
2596,7,364,0.264651358127594
2597,7,365,0.23087136447429657
2598,7,366,0.22004687786102295
2599,7,367,0.22049346566200256
2600,7,368,0.2169811725616455
2601,7,369,0.39096125960350037
2602,7,370,0.17296460270881653
2603,7,371,0.28321996331214905
2604,7,372,0.2603396773338318
2605,8,1,0.20661453902721405
2606,8,2,0.2573069930076599
2607,8,3,0.18846991658210754
2608,8,4,0.19721384346485138
2609,8,5,0.5185829401016235
2610,8,6,0.2353406399488449
2611,8,7,0.22943124175071716
2612,8,8,0.26470765471458435
2613,8,9,0.23620553314685822
2614,8,10,0.2114497423171997
2615,8,11,0.2887257933616638
2616,8,12,0.22326990962028503
2617,8,13,0.19200517237186432
2618,8,14,0.2697116732597351
2619,8,15,0.2994276285171509
2620,8,16,0.2423296868801117
2621,8,17,0.2446371614933014
2622,8,18,0.21939770877361298
2623,8,19,0.39185190200805664
2624,8,20,0.28709495067596436
2625,8,21,0.2105368673801422
2626,8,22,0.1869741529226303
2627,8,23,0.23016373813152313
2628,8,24,0.3568938374519348
2629,8,25,0.22030094265937805
2630,8,26,0.2406032383441925
2631,8,27,0.2016516923904419
2632,8,28,0.17927291989326477
2633,8,29,0.17254653573036194
2634,8,30,0.23815548419952393
2635,8,31,0.23175950348377228
2636,8,32,0.1977221667766571
2637,8,33,0.23265087604522705
2638,8,34,0.2089153230190277
2639,8,35,0.19867956638336182
2640,8,36,0.2716112732887268
2641,8,37,0.25507134199142456
2642,8,38,0.21671295166015625
2643,8,39,0.21854598820209503
2644,8,40,0.1931883543729782
2645,8,41,0.1753123253583908
2646,8,42,0.1969785988330841
2647,8,43,0.16804859042167664
2648,8,44,0.21754440665245056
2649,8,45,0.21796783804893494
2650,8,46,0.19405169785022736
2651,8,47,0.2647060751914978
2652,8,48,0.21352937817573547
2653,8,49,0.23856782913208008
2654,8,50,0.20602405071258545
2655,8,51,0.23454561829566956
2656,8,52,0.18019667267799377
2657,8,53,0.203447625041008
2658,8,54,0.2117304801940918
2659,8,55,0.17959251999855042
2660,8,56,0.18177931010723114
2661,8,57,0.16059520840644836
2662,8,58,0.19515356421470642
2663,8,59,0.17706559598445892
2664,8,60,0.25674647092819214
2665,8,61,0.24225115776062012
2666,8,62,0.3672974705696106
2667,8,63,0.21472115814685822
2668,8,64,0.2548518776893616
2669,8,65,0.17847415804862976
2670,8,66,0.22250506281852722
2671,8,67,0.24857282638549805
2672,8,68,0.22611069679260254
2673,8,69,0.20371904969215393
2674,8,70,0.1858532726764679
2675,8,71,0.23368124663829803
2676,8,72,0.2303275316953659
2677,8,73,0.21906211972236633
2678,8,74,0.2451358139514923
2679,8,75,0.17934124171733856
2680,8,76,0.18553368747234344
2681,8,77,0.2681063711643219
2682,8,78,0.18188373744487762
2683,8,79,0.19906313717365265
2684,8,80,0.19508595764636993
2685,8,81,0.19523856043815613
2686,8,82,0.2866901457309723
2687,8,83,0.21348226070404053
2688,8,84,0.23306743800640106
2689,8,85,0.24484041333198547
2690,8,86,0.20639729499816895
2691,8,87,0.28133249282836914
2692,8,88,0.2309459000825882
2693,8,89,0.19907113909721375
2694,8,90,0.1816137135028839
2695,8,91,0.22669717669487
2696,8,92,0.24984100461006165
2697,8,93,0.19751600921154022
2698,8,94,0.2201705425977707
2699,8,95,0.2660565972328186
2700,8,96,0.24695587158203125
2701,8,97,0.20577991008758545
2702,8,98,0.2589437663555145
2703,8,99,0.19589394330978394
2704,8,100,0.2057710587978363
2705,8,101,0.23026247322559357
2706,8,102,0.2165917605161667
2707,8,103,0.23206476867198944
2708,8,104,0.4800413250923157
2709,8,105,0.2747074067592621
2710,8,106,0.22268684208393097
2711,8,107,0.2354569137096405
2712,8,108,0.20503565669059753
2713,8,109,0.24042578041553497
2714,8,110,0.20753201842308044
2715,8,111,0.25595623254776
2716,8,112,0.21471504867076874
2717,8,113,0.29072505235671997
2718,8,114,0.2505376935005188
2719,8,115,0.20150978863239288
2720,8,116,0.21418103575706482
2721,8,117,0.23677030205726624
2722,8,118,0.20094820857048035
2723,8,119,0.25096219778060913
2724,8,120,0.19261765480041504
2725,8,121,0.15376020967960358
2726,8,122,0.24969089031219482
2727,8,123,0.20543913543224335
2728,8,124,0.22931542992591858
2729,8,125,0.1900882124900818
2730,8,126,0.280752956867218
2731,8,127,0.19968268275260925
2732,8,128,0.2016562521457672
2733,8,129,0.2508178651332855
2734,8,130,0.2020762860774994
2735,8,131,0.24085751175880432
2736,8,132,0.26939839124679565
2737,8,133,0.22270098328590393
2738,8,134,0.22939836978912354
2739,8,135,0.20351168513298035
2740,8,136,0.19542092084884644
2741,8,137,0.43357688188552856
2742,8,138,0.19184371829032898
2743,8,139,0.28956320881843567
2744,8,140,0.24169237911701202
2745,8,141,0.21648260951042175
2746,8,142,0.25803643465042114
2747,8,143,0.2727065682411194
2748,8,144,0.21399550139904022
2749,8,145,0.2504541873931885
2750,8,146,0.21601974964141846
2751,8,147,0.19595451653003693
2752,8,148,0.18985919654369354
2753,8,149,0.2151753455400467
2754,8,150,0.22535638511180878
2755,8,151,0.22506828606128693
2756,8,152,0.20167677104473114
2757,8,153,0.1759488582611084
2758,8,154,0.19750012457370758
2759,8,155,0.257404625415802
2760,8,156,0.2368120402097702
2761,8,157,0.22102025151252747
2762,8,158,0.2109958827495575
2763,8,159,0.19352607429027557
2764,8,160,0.2016954869031906
2765,8,161,0.19546905159950256
2766,8,162,0.19733938574790955
2767,8,163,0.2640288472175598
2768,8,164,0.2265957146883011
2769,8,165,0.23239293694496155
2770,8,166,0.21884223818778992
2771,8,167,0.1821025162935257
2772,8,168,0.23372507095336914
2773,8,169,0.24738244712352753
2774,8,170,0.18063580989837646
2775,8,171,0.21778357028961182
2776,8,172,0.2779598832130432
2777,8,173,0.25902795791625977
2778,8,174,0.18281294405460358
2779,8,175,0.18915316462516785
2780,8,176,0.21875441074371338
2781,8,177,0.22975651919841766
2782,8,178,0.2367778718471527
2783,8,179,0.24083086848258972
2784,8,180,0.2333766222000122
2785,8,181,0.2597714960575104
2786,8,182,0.23456430435180664
2787,8,183,0.21266929805278778
2788,8,184,0.19407939910888672
2789,8,185,0.2724844813346863
2790,8,186,0.22242584824562073
2791,8,187,0.22826743125915527
2792,8,188,0.22123710811138153
2793,8,189,0.2031174898147583
2794,8,190,0.19234976172447205
2795,8,191,0.23099811375141144
2796,8,192,0.2559189796447754
2797,8,193,0.29982060194015503
2798,8,194,0.27338650822639465
2799,8,195,0.22148528695106506
2800,8,196,0.21279442310333252
2801,8,197,0.2369592934846878
2802,8,198,0.23096437752246857
2803,8,199,0.195151686668396
2804,8,200,0.17496874928474426
2805,8,201,0.2786828577518463
2806,8,202,0.18331603705883026
2807,8,203,0.2465333640575409
2808,8,204,0.21617098152637482
2809,8,205,0.30915567278862
2810,8,206,0.25261974334716797
2811,8,207,0.201114222407341
2812,8,208,0.24669905006885529
2813,8,209,0.22396111488342285
2814,8,210,0.25272536277770996
2815,8,211,0.2841610312461853
2816,8,212,0.29286473989486694
2817,8,213,0.23178204894065857
2818,8,214,0.22322621941566467
2819,8,215,0.18340353667736053
2820,8,216,0.19072410464286804
2821,8,217,0.17841559648513794
2822,8,218,0.24566641449928284
2823,8,219,0.24323871731758118
2824,8,220,0.2450871467590332
2825,8,221,0.19386708736419678
2826,8,222,0.17783775925636292
2827,8,223,0.24573472142219543
2828,8,224,0.2432204782962799
2829,8,225,0.21848273277282715
2830,8,226,0.2146487683057785
2831,8,227,0.22737696766853333
2832,8,228,0.24088308215141296
2833,8,229,0.20414650440216064
2834,8,230,0.2118801772594452
2835,8,231,0.2145121991634369
2836,8,232,0.2276550978422165
2837,8,233,0.21248455345630646
2838,8,234,0.18471194803714752
2839,8,235,0.2953835129737854
2840,8,236,0.2255476415157318
2841,8,237,0.19070573151111603
2842,8,238,0.2154441624879837
2843,8,239,0.2177741825580597
2844,8,240,0.23554864525794983
2845,8,241,0.2320748269557953
2846,8,242,0.19725415110588074
2847,8,243,0.34168440103530884
2848,8,244,0.17341341078281403
2849,8,245,0.2275727540254593
2850,8,246,0.20658469200134277
2851,8,247,0.2417466640472412
2852,8,248,0.25914376974105835
2853,8,249,0.25523483753204346
2854,8,250,0.21546797454357147
2855,8,251,0.24611914157867432
2856,8,252,0.18728242814540863
2857,8,253,0.20531156659126282
2858,8,254,0.19653750956058502
2859,8,255,0.20404009521007538
2860,8,256,0.23752132058143616
2861,8,257,0.35342633724212646
2862,8,258,0.20104479789733887
2863,8,259,0.2457837164402008
2864,8,260,0.20013968646526337
2865,8,261,0.19751594960689545
2866,8,262,0.21945616602897644
2867,8,263,0.26284903287887573
2868,8,264,0.20523591339588165
2869,8,265,0.21660061180591583
2870,8,266,0.25960204005241394
2871,8,267,0.2675642967224121
2872,8,268,0.22813916206359863
2873,8,269,0.5365614891052246
2874,8,270,0.22578468918800354
2875,8,271,0.21058189868927002
2876,8,272,0.24938268959522247
2877,8,273,0.22920358180999756
2878,8,274,0.1942742019891739
2879,8,275,0.19519689679145813
2880,8,276,0.2297396957874298
2881,8,277,0.23746049404144287
2882,8,278,0.19351157546043396
2883,8,279,0.15548405051231384
2884,8,280,0.2104073017835617
2885,8,281,0.19269146025180817
2886,8,282,0.2330828607082367
2887,8,283,0.1951431930065155
2888,8,284,0.2760576009750366
2889,8,285,0.18756800889968872
2890,8,286,0.2067059725522995
2891,8,287,0.2174280881881714
2892,8,288,0.18940819799900055
2893,8,289,0.2243952751159668
2894,8,290,0.20331795513629913
2895,8,291,0.22724370658397675
2896,8,292,0.23396901786327362
2897,8,293,0.2717955708503723
2898,8,294,0.26174917817115784
2899,8,295,0.21818789839744568
2900,8,296,0.17058831453323364
2901,8,297,0.1983436644077301
2902,8,298,0.23513765633106232
2903,8,299,0.22085440158843994
2904,8,300,0.21835625171661377
2905,8,301,0.2288178652524948
2906,8,302,0.22614213824272156
2907,8,303,0.24038001894950867
2908,8,304,0.24295273423194885
2909,8,305,0.19653722643852234
2910,8,306,0.2144794464111328
2911,8,307,0.19893744587898254
2912,8,308,0.19923321902751923
2913,8,309,0.18112477660179138
2914,8,310,0.22250454127788544
2915,8,311,0.2054852992296219
2916,8,312,0.23440635204315186
2917,8,313,0.28095880150794983
2918,8,314,0.24374088644981384
2919,8,315,0.5381983518600464
2920,8,316,0.41991209983825684
2921,8,317,0.2095344513654709
2922,8,318,0.20700840651988983
2923,8,319,0.21474215388298035
2924,8,320,0.25605645775794983
2925,8,321,0.17918013036251068
2926,8,322,0.19181394577026367
2927,8,323,0.2577510178089142
2928,8,324,0.19033798575401306
2929,8,325,0.19700276851654053
2930,8,326,0.17794471979141235
2931,8,327,0.2670981287956238
2932,8,328,0.20547182857990265
2933,8,329,0.23849019408226013
2934,8,330,0.2095218151807785
2935,8,331,0.18273910880088806
2936,8,332,0.16510561108589172
2937,8,333,0.18408964574337006
2938,8,334,0.1993907392024994
2939,8,335,0.1741410791873932
2940,8,336,0.2601991295814514
2941,8,337,0.1716805398464203
2942,8,338,0.2439742386341095
2943,8,339,0.184055358171463
2944,8,340,0.1851465106010437
2945,8,341,0.5197196006774902
2946,8,342,0.19649408757686615
2947,8,343,0.2770288586616516
2948,8,344,0.21838493645191193
2949,8,345,0.4924103319644928
2950,8,346,0.45373520255088806
2951,8,347,0.18931183218955994
2952,8,348,0.24524624645709991
2953,8,349,0.24839814007282257
2954,8,350,0.2027924358844757
2955,8,351,0.25044843554496765
2956,8,352,0.34077030420303345
2957,8,353,0.2698283791542053
2958,8,354,0.20798304677009583
2959,8,355,0.2452222853899002
2960,8,356,0.23863330483436584
2961,8,357,0.22501790523529053
2962,8,358,0.3119838535785675
2963,8,359,0.28365057706832886
2964,8,360,0.23064139485359192
2965,8,361,0.21663585305213928
2966,8,362,0.36680689454078674
2967,8,363,0.25532421469688416
2968,8,364,0.22090768814086914
2969,8,365,0.18609718978405
2970,8,366,0.329967200756073
2971,8,367,0.17619900405406952
2972,8,368,0.22195005416870117
2973,8,369,0.17160442471504211
2974,8,370,0.22310416400432587
2975,8,371,0.18311528861522675
2976,8,372,0.23847346007823944
2977,9,1,0.19322097301483154
2978,9,2,0.23432143032550812
2979,9,3,0.17584116756916046
2980,9,4,0.21962878108024597
2981,9,5,0.2962830066680908
2982,9,6,0.22980156540870667
2983,9,7,0.19565314054489136
2984,9,8,0.20383234322071075
2985,9,9,0.20562081038951874
2986,9,10,0.19887320697307587
2987,9,11,0.20597770810127258
2988,9,12,0.6183592081069946
2989,9,13,0.20334601402282715
2990,9,14,0.20806381106376648
2991,9,15,0.2618151307106018
2992,9,16,0.22714245319366455
2993,9,17,0.2840673625469208
2994,9,18,0.20983931422233582
2995,9,19,0.19329072535037994
2996,9,20,0.20705004036426544
2997,9,21,0.20318233966827393
2998,9,22,0.2372477799654007
2999,9,23,0.2220650464296341
3000,9,24,0.25228920578956604
3001,9,25,0.23381826281547546
3002,9,26,0.22881153225898743
3003,9,27,0.18226924538612366
3004,9,28,0.18542435765266418
3005,9,29,0.20493271946907043
3006,9,30,0.18330839276313782
3007,9,31,0.20609673857688904
3008,9,32,0.1966882050037384
3009,9,33,0.20182566344738007
3010,9,34,0.20177724957466125
3011,9,35,0.20606085658073425
3012,9,36,0.3387138247489929
3013,9,37,0.2892008125782013
3014,9,38,0.22075465321540833
3015,9,39,0.1900947093963623
3016,9,40,0.21197549998760223
3017,9,41,0.2124384194612503
3018,9,42,0.23415322601795197
3019,9,43,0.23403330147266388
3020,9,44,0.19959606230258942
3021,9,45,0.1631944477558136
3022,9,46,0.21981573104858398
3023,9,47,0.28122735023498535
3024,9,48,0.21249644458293915
3025,9,49,0.1824537217617035
3026,9,50,0.18986722826957703
3027,9,51,0.21940311789512634
3028,9,52,0.23145298659801483
3029,9,53,0.18325811624526978
3030,9,54,0.25598520040512085
3031,9,55,0.18889382481575012
3032,9,56,0.2851256728172302
3033,9,57,0.2133748084306717
3034,9,58,0.22693893313407898
3035,9,59,0.19005165994167328
3036,9,60,0.21699801087379456
3037,9,61,0.2139710932970047
3038,9,62,0.22376422584056854
3039,9,63,0.2618617117404938
3040,9,64,0.23625583946704865
3041,9,65,0.19429005682468414
3042,9,66,0.232981875538826
3043,9,67,0.22343134880065918
3044,9,68,0.19514794647693634
3045,9,69,0.2586579918861389
3046,9,70,0.20492151379585266
3047,9,71,0.21921923756599426
3048,9,72,0.2278803288936615
3049,9,73,0.22526192665100098
3050,9,74,0.21235349774360657
3051,9,75,0.21327538788318634
3052,9,76,0.20000402629375458
3053,9,77,0.20604205131530762
3054,9,78,0.20549876987934113
3055,9,79,0.16638797521591187
3056,9,80,0.2553535997867584
3057,9,81,0.19727595150470734
3058,9,82,0.2636457681655884
3059,9,83,0.18293830752372742
3060,9,84,0.1733255386352539
3061,9,85,0.23282921314239502
3062,9,86,0.19433696568012238
3063,9,87,0.18799951672554016
3064,9,88,0.16806970536708832
3065,9,89,0.1782727986574173
3066,9,90,0.19856667518615723
3067,9,91,0.17013141512870789
3068,9,92,0.2117498815059662
3069,9,93,0.21023714542388916
3070,9,94,0.21275897324085236
3071,9,95,0.2778317928314209
3072,9,96,0.20442211627960205
3073,9,97,0.24325056374073029
3074,9,98,0.22717170417308807
3075,9,99,0.2834075689315796
3076,9,100,0.22004523873329163
3077,9,101,0.1988941729068756
3078,9,102,0.19112646579742432
3079,9,103,0.21862785518169403
3080,9,104,0.19900938868522644
3081,9,105,0.15622404217720032
3082,9,106,0.19220250844955444
3083,9,107,0.17335668206214905
3084,9,108,0.17846634984016418
3085,9,109,0.18044352531433105
3086,9,110,0.1728561371564865
3087,9,111,0.21042907238006592
3088,9,112,0.20815029740333557
3089,9,113,0.24239322543144226
3090,9,114,0.22781994938850403
3091,9,115,0.21151404082775116
3092,9,116,0.2576727271080017
3093,9,117,0.22613903880119324
3094,9,118,0.24597327411174774
3095,9,119,0.1961030662059784
3096,9,120,0.25440743565559387
3097,9,121,0.2446659356355667
3098,9,122,0.20559069514274597
3099,9,123,0.21055762469768524
3100,9,124,0.2041146457195282
3101,9,125,0.17010584473609924
3102,9,126,0.22056114673614502
3103,9,127,0.1729223132133484
3104,9,128,0.21796159446239471
3105,9,129,0.21500399708747864
3106,9,130,0.25438836216926575
3107,9,131,0.20588365197181702
3108,9,132,0.20288030803203583
3109,9,133,0.17403902113437653
3110,9,134,0.16859665513038635
3111,9,135,0.22788238525390625
3112,9,136,0.1931430697441101
3113,9,137,0.19932183623313904
3114,9,138,0.22072041034698486
3115,9,139,0.18166522681713104
3116,9,140,0.22337110340595245
3117,9,141,0.21006837487220764
3118,9,142,0.1790010780096054
3119,9,143,0.2083410769701004
3120,9,144,0.2536402940750122
3121,9,145,0.20944063365459442
3122,9,146,0.23154036700725555
3123,9,147,0.24829347431659698
3124,9,148,0.21517319977283478
3125,9,149,0.24315130710601807
3126,9,150,0.21176257729530334
3127,9,151,0.19625529646873474
3128,9,152,0.18338647484779358
3129,9,153,0.4020574986934662
3130,9,154,0.5127520561218262
3131,9,155,0.29069244861602783
3132,9,156,0.18396952748298645
3133,9,157,0.3960886299610138
3134,9,158,0.13829685747623444
3135,9,159,0.2647096812725067
3136,9,160,0.2059219628572464
3137,9,161,0.2216406613588333
3138,9,162,0.20533129572868347
3139,9,163,0.26898255944252014
3140,9,164,0.2608060836791992
3141,9,165,0.22173002362251282
3142,9,166,0.4193594455718994
3143,9,167,0.19079120457172394
3144,9,168,0.3075735867023468
3145,9,169,0.21272525191307068
3146,9,170,0.18572615087032318
3147,9,171,0.4030720293521881
3148,9,172,0.22080595791339874
3149,9,173,0.25752031803131104
3150,9,174,0.2245798408985138
3151,9,175,0.21838679909706116
3152,9,176,0.22996386885643005
3153,9,177,0.20819802582263947
3154,9,178,0.1754787266254425
3155,9,179,0.21614594757556915
3156,9,180,0.20994511246681213
3157,9,181,0.20894233882427216
3158,9,182,0.20039992034435272
3159,9,183,0.1828967034816742
3160,9,184,0.2966744303703308
3161,9,185,0.21183905005455017
3162,9,186,0.4271673262119293
3163,9,187,0.2458396852016449
3164,9,188,0.20492824912071228
3165,9,189,0.23343488574028015
3166,9,190,0.22635118663311005
3167,9,191,0.22591941058635712
3168,9,192,0.20348210632801056
3169,9,193,0.25063809752464294
3170,9,194,0.2559213638305664
3171,9,195,0.248055100440979
3172,9,196,0.2513495087623596
3173,9,197,0.2291664183139801
3174,9,198,0.18884478509426117
3175,9,199,0.1825411170721054
3176,9,200,0.2621183693408966
3177,9,201,0.23603446781635284
3178,9,202,0.22340698540210724
3179,9,203,0.2652829587459564
3180,9,204,0.22932548820972443
3181,9,205,0.21589303016662598
3182,9,206,0.2345024049282074
3183,9,207,0.2361375391483307
3184,9,208,0.2068602740764618
3185,9,209,0.2476922571659088
3186,9,210,0.19601358473300934
3187,9,211,0.18737263977527618
3188,9,212,0.2264854460954666
3189,9,213,0.22363939881324768
3190,9,214,0.23666372895240784
3191,9,215,0.21427837014198303
3192,9,216,0.20800545811653137
3193,9,217,0.2416093796491623
3194,9,218,0.1994728296995163
3195,9,219,0.18999162316322327
3196,9,220,0.1561301052570343
3197,9,221,0.18786095082759857
3198,9,222,0.19564682245254517
3199,9,223,0.2756248414516449
3200,9,224,0.22310678660869598
3201,9,225,0.1955239325761795
3202,9,226,0.1780640184879303
3203,9,227,0.3860349655151367
3204,9,228,0.1648094207048416
3205,9,229,0.20478200912475586
3206,9,230,0.19358141720294952
3207,9,231,0.18200819194316864
3208,9,232,0.21012942492961884
3209,9,233,0.26061636209487915
3210,9,234,0.24593205749988556
3211,9,235,0.22360923886299133
3212,9,236,0.21499815583229065
3213,9,237,0.21945396065711975
3214,9,238,0.29019591212272644
3215,9,239,0.2328626662492752
3216,9,240,0.1901445835828781
3217,9,241,0.25838470458984375
3218,9,242,0.21225789189338684
3219,9,243,0.1997019499540329
3220,9,244,0.21801602840423584
3221,9,245,0.2148018628358841
3222,9,246,0.17899870872497559
3223,9,247,0.23963475227355957
3224,9,248,0.21078500151634216
3225,9,249,0.22487859427928925
3226,9,250,0.2532655596733093
3227,9,251,0.23896372318267822
3228,9,252,0.22219431400299072
3229,9,253,0.173549622297287
3230,9,254,0.26793691515922546
3231,9,255,0.185686856508255
3232,9,256,0.2612449526786804
3233,9,257,0.20000997185707092
3234,9,258,0.20840664207935333
3235,9,259,0.2229914367198944
3236,9,260,0.21748335659503937
3237,9,261,0.16143402457237244
3238,9,262,0.21929195523262024
3239,9,263,0.24866870045661926
3240,9,264,0.22545373439788818
3241,9,265,0.17610284686088562
3242,9,266,0.21097560226917267
3243,9,267,0.17086398601531982
3244,9,268,0.18638645112514496
3245,9,269,0.23846963047981262
3246,9,270,0.2367149293422699
3247,9,271,0.2618030905723572
3248,9,272,0.20876196026802063
3249,9,273,0.22557523846626282
3250,9,274,0.23821568489074707
3251,9,275,0.17450588941574097
3252,9,276,0.3548377752304077
3253,9,277,0.23130962252616882
3254,9,278,0.19412770867347717
3255,9,279,0.21545371413230896
3256,9,280,0.34679538011550903
3257,9,281,0.2608550786972046
3258,9,282,0.1987687051296234
3259,9,283,0.23750650882720947
3260,9,284,0.22319111227989197
3261,9,285,0.18738147616386414
3262,9,286,0.25678306818008423
3263,9,287,0.22976717352867126
3264,9,288,0.17723898589611053
3265,9,289,0.23930230736732483
3266,9,290,0.17804819345474243
3267,9,291,0.2451971024274826
3268,9,292,0.21378286182880402
3269,9,293,0.23305317759513855
3270,9,294,0.18538841605186462
3271,9,295,0.20909175276756287
3272,9,296,0.16520079970359802
3273,9,297,0.21705026924610138
3274,9,298,0.17312581837177277
3275,9,299,0.23602208495140076
3276,9,300,0.20797374844551086
3277,9,301,0.27106720209121704
3278,9,302,0.3056592345237732
3279,9,303,0.19307057559490204
3280,9,304,0.20377008616924286
3281,9,305,0.20990817248821259
3282,9,306,0.2056625336408615
3283,9,307,0.18660235404968262
3284,9,308,0.18067902326583862
3285,9,309,0.1949736773967743
3286,9,310,0.21564409136772156
3287,9,311,0.18084977567195892
3288,9,312,0.21142074465751648
3289,9,313,0.2162301242351532
3290,9,314,0.1825246512889862
3291,9,315,0.26453277468681335
3292,9,316,0.20681950449943542
3293,9,317,0.22477707266807556
3294,9,318,0.20364630222320557
3295,9,319,0.20768797397613525
3296,9,320,0.19081518054008484
3297,9,321,0.2007109373807907
3298,9,322,0.18027716875076294
3299,9,323,0.21692638099193573
3300,9,324,0.2150714099407196
3301,9,325,0.19909235835075378
3302,9,326,0.2286551296710968
3303,9,327,0.2639051079750061
3304,9,328,0.2146567404270172
3305,9,329,0.1991763412952423
3306,9,330,0.22387444972991943
3307,9,331,0.2067389190196991
3308,9,332,0.2014388144016266
3309,9,333,0.18500888347625732
3310,9,334,0.2213335931301117
3311,9,335,0.2407853901386261
3312,9,336,0.19421009719371796
3313,9,337,0.2330639660358429
3314,9,338,0.24519720673561096
3315,9,339,0.19583338499069214
3316,9,340,0.19096122682094574
3317,9,341,0.20181183516979218
3318,9,342,0.23548674583435059
3319,9,343,0.2191917896270752
3320,9,344,0.1596144288778305
3321,9,345,0.41324037313461304
3322,9,346,0.22458143532276154
3323,9,347,0.2460460364818573
3324,9,348,0.19850900769233704
3325,9,349,0.18743760883808136
3326,9,350,0.20799696445465088
3327,9,351,0.34288543462753296
3328,9,352,0.27111881971359253
3329,9,353,0.24385496973991394
3330,9,354,0.20531269907951355
3331,9,355,0.22290125489234924
3332,9,356,0.21691396832466125
3333,9,357,0.39983779191970825
3334,9,358,0.20910009741783142
3335,9,359,0.20872029662132263
3336,9,360,0.18760615587234497
3337,9,361,0.35328879952430725
3338,9,362,0.22373680770397186
3339,9,363,0.22781813144683838
3340,9,364,0.24243168532848358
3341,9,365,0.19381456077098846
3342,9,366,0.2066507786512375
3343,9,367,0.2100261002779007
3344,9,368,0.24493399262428284
3345,9,369,0.22938492894172668
3346,9,370,0.44661134481430054
3347,9,371,0.1927354335784912
3348,9,372,0.1565253883600235
3349,10,1,0.20657865703105927
3350,10,2,0.22164130210876465
3351,10,3,0.14655664563179016
3352,10,4,0.17374229431152344
3353,10,5,0.2112503945827484
3354,10,6,0.20309443771839142
3355,10,7,0.2218358814716339
3356,10,8,0.2391078770160675
3357,10,9,0.17827185988426208
3358,10,10,0.17348437011241913
3359,10,11,0.20804867148399353
3360,10,12,0.2519892454147339
3361,10,13,0.20400357246398926
3362,10,14,0.2119709700345993
3363,10,15,0.18904006481170654
3364,10,16,0.416303813457489
3365,10,17,0.15696653723716736
3366,10,18,0.18859592080116272
3367,10,19,0.24858593940734863
3368,10,20,0.2876207232475281
3369,10,21,0.20637492835521698
3370,10,22,0.19716641306877136
3371,10,23,0.2537063956260681
3372,10,24,0.19827552139759064
3373,10,25,0.22196157276630402
3374,10,26,0.1952420473098755
3375,10,27,0.25070077180862427
3376,10,28,0.1714058816432953
3377,10,29,0.24252526462078094
3378,10,30,0.2044259011745453
3379,10,31,0.20834262669086456
3380,10,32,0.21601185202598572
3381,10,33,0.20508070290088654
3382,10,34,0.23161807656288147
3383,10,35,0.21895334124565125
3384,10,36,0.21010497212409973
3385,10,37,0.19280865788459778
3386,10,38,0.2175823450088501
3387,10,39,0.18680676817893982
3388,10,40,0.23029503226280212
3389,10,41,0.17689360678195953
3390,10,42,0.4815896153450012
3391,10,43,0.22454583644866943
3392,10,44,0.2115621268749237
3393,10,45,0.2546226978302002
3394,10,46,0.1842385232448578
3395,10,47,0.18248195946216583
3396,10,48,0.19836173951625824
3397,10,49,0.20655684173107147
3398,10,50,0.22092315554618835
3399,10,51,0.2140471488237381
3400,10,52,0.1593392938375473
3401,10,53,0.19397154450416565
3402,10,54,0.17992021143436432
3403,10,55,0.19084438681602478
3404,10,56,0.4502681791782379
3405,10,57,0.2630945146083832
3406,10,58,0.22618761658668518
3407,10,59,0.21346476674079895
3408,10,60,0.5193096995353699
3409,10,61,0.2210981547832489
3410,10,62,0.19620700180530548
3411,10,63,0.1898115575313568
3412,10,64,0.2421269416809082
3413,10,65,0.1913718581199646
3414,10,66,0.20566466450691223
3415,10,67,0.25465723872184753
3416,10,68,0.2220137119293213
3417,10,69,0.24722464382648468
3418,10,70,0.19135944545269012
3419,10,71,0.20013347268104553
3420,10,72,0.19262130558490753
3421,10,73,0.19569750130176544
3422,10,74,0.2121448814868927
3423,10,75,0.19818654656410217
3424,10,76,0.19690802693367004
3425,10,77,0.23746705055236816
3426,10,78,0.2050548791885376
3427,10,79,0.19103744626045227
3428,10,80,0.2165834605693817
3429,10,81,0.23999476432800293
3430,10,82,0.20014186203479767
3431,10,83,0.18647736310958862
3432,10,84,0.16505327820777893
3433,10,85,0.19976209104061127
3434,10,86,0.22206690907478333
3435,10,87,0.20544227957725525
3436,10,88,0.1787000596523285
3437,10,89,0.21993303298950195
3438,10,90,0.2038995325565338
3439,10,91,0.218122199177742
3440,10,92,0.2236631214618683
3441,10,93,0.19773733615875244
3442,10,94,0.18248356878757477
3443,10,95,0.18785971403121948
3444,10,96,0.28310680389404297
3445,10,97,0.20066528022289276
3446,10,98,0.17763879895210266
3447,10,99,0.20354978740215302
3448,10,100,0.25638464093208313
3449,10,101,0.2509956359863281
3450,10,102,0.19410207867622375
3451,10,103,0.2175905406475067
3452,10,104,0.19098743796348572
3453,10,105,0.20261606574058533
3454,10,106,0.21383699774742126
3455,10,107,0.21517720818519592
3456,10,108,0.1967894285917282
3457,10,109,0.18731483817100525
3458,10,110,0.16130110621452332
3459,10,111,0.20734140276908875
3460,10,112,0.2255345582962036
3461,10,113,0.30508869886398315
3462,10,114,0.20829248428344727
3463,10,115,0.2085610181093216
3464,10,116,0.19385221600532532
3465,10,117,0.24627678096294403
3466,10,118,0.21606972813606262
3467,10,119,0.21290826797485352
3468,10,120,0.16833309829235077
3469,10,121,0.25707554817199707
3470,10,122,0.20694157481193542
3471,10,123,0.24293749034404755
3472,10,124,0.22207331657409668
3473,10,125,0.2650030553340912
3474,10,126,0.16325032711029053
3475,10,127,0.36211681365966797
3476,10,128,0.17847096920013428
3477,10,129,0.2241191864013672
3478,10,130,0.19859246909618378
3479,10,131,0.22373752295970917
3480,10,132,0.1861441284418106
3481,10,133,0.20173506438732147
3482,10,134,0.19902721047401428
3483,10,135,0.19498425722122192
3484,10,136,0.1800069510936737
3485,10,137,0.23634223639965057
3486,10,138,0.39823049306869507
3487,10,139,0.19910156726837158
3488,10,140,0.16427651047706604
3489,10,141,0.19708342850208282
3490,10,142,0.2957524061203003
3491,10,143,0.20876629650592804
3492,10,144,0.16863498091697693
3493,10,145,0.20111659169197083
3494,10,146,0.18367357552051544
3495,10,147,0.2265166938304901
3496,10,148,0.21227364242076874
3497,10,149,0.1710951328277588
3498,10,150,0.19773170351982117
3499,10,151,0.22068028151988983
3500,10,152,0.17936719954013824
3501,10,153,0.1844649612903595
3502,10,154,0.210837721824646
3503,10,155,0.19696907699108124
3504,10,156,0.24131985008716583
3505,10,157,0.21982963383197784
3506,10,158,0.2215460240840912
3507,10,159,0.18093577027320862
3508,10,160,0.20586426556110382
3509,10,161,0.19818748533725739
3510,10,162,0.20718355476856232
3511,10,163,0.2995973527431488
3512,10,164,0.1864238977432251
3513,10,165,0.2170586884021759
3514,10,166,0.19870984554290771
3515,10,167,0.1602409929037094
3516,10,168,0.20082859694957733
3517,10,169,0.24134977161884308
3518,10,170,0.22753190994262695
3519,10,171,0.2276717722415924
3520,10,172,0.19500437378883362
3521,10,173,0.17143507301807404
3522,10,174,0.21490636467933655
3523,10,175,0.1782989203929901
3524,10,176,0.24391472339630127
3525,10,177,0.22355060279369354
3526,10,178,0.357754647731781
3527,10,179,0.17586295306682587
3528,10,180,0.1730547845363617
3529,10,181,0.19385042786598206
3530,10,182,0.20146048069000244
3531,10,183,0.2387191355228424
3532,10,184,0.3277518153190613
3533,10,185,0.2478710412979126
3534,10,186,0.3633662462234497
3535,10,187,0.19853313267230988
3536,10,188,0.30066365003585815
3537,10,189,0.22550661861896515
3538,10,190,0.19542908668518066
3539,10,191,0.20542395114898682
3540,10,192,0.24698051810264587
3541,10,193,0.23063716292381287
3542,10,194,0.21492648124694824
3543,10,195,0.22605963051319122
3544,10,196,0.31318360567092896
3545,10,197,0.21468982100486755
3546,10,198,0.31759992241859436
3547,10,199,0.22019176185131073
3548,10,200,0.2326638251543045
3549,10,201,0.22923073172569275
3550,10,202,0.244081050157547
3551,10,203,0.20963339507579803
3552,10,204,0.22112742066383362
3553,10,205,0.21300312876701355
3554,10,206,0.17716765403747559
3555,10,207,0.15968957543373108
3556,10,208,0.2520197033882141
3557,10,209,0.21039052307605743
3558,10,210,0.21897175908088684
3559,10,211,0.3408147692680359
3560,10,212,0.18606619536876678
3561,10,213,0.22075147926807404
3562,10,214,0.20730790495872498
3563,10,215,0.1936630755662918
3564,10,216,0.47435832023620605
3565,10,217,0.2189977467060089
3566,10,218,0.2334904968738556
3567,10,219,0.22121360898017883
3568,10,220,0.19348077476024628
3569,10,221,0.1998150497674942
3570,10,222,0.3306789994239807
3571,10,223,0.24904675781726837
3572,10,224,0.2076857089996338
3573,10,225,0.2990550398826599
3574,10,226,0.2529585659503937
3575,10,227,0.20657400786876678
3576,10,228,0.2616080939769745
3577,10,229,0.22927267849445343
3578,10,230,0.24297745525836945
3579,10,231,0.2059985101222992
3580,10,232,0.22580692172050476
3581,10,233,0.20138922333717346
3582,10,234,0.21790651977062225
3583,10,235,0.206745907664299
3584,10,236,0.2164192497730255
3585,10,237,0.1655094474554062
3586,10,238,0.2374691665172577
3587,10,239,0.2154170721769333
3588,10,240,0.1811092644929886
3589,10,241,0.17252153158187866
3590,10,242,0.21726863086223602
3591,10,243,0.24563363194465637
3592,10,244,0.1944417804479599
3593,10,245,0.23367004096508026
3594,10,246,0.16282248497009277
3595,10,247,0.1884728968143463
3596,10,248,0.17311589419841766
3597,10,249,0.20721502602100372
3598,10,250,0.25955820083618164
3599,10,251,0.20741531252861023
3600,10,252,0.23959562182426453
3601,10,253,0.24480755627155304
3602,10,254,0.1694788783788681
3603,10,255,0.22200627624988556
3604,10,256,0.1861838549375534
3605,10,257,0.2713675796985626
3606,10,258,0.19726096093654633
3607,10,259,0.24784329533576965
3608,10,260,0.16863863170146942
3609,10,261,0.1993740200996399
3610,10,262,0.16243883967399597
3611,10,263,0.21103593707084656
3612,10,264,0.21439139544963837
3613,10,265,0.21189305186271667
3614,10,266,0.25057634711265564
3615,10,267,0.2139345109462738
3616,10,268,0.3194268047809601
3617,10,269,0.18964894115924835
3618,10,270,0.18367555737495422
3619,10,271,0.23323503136634827
3620,10,272,0.19874483346939087
3621,10,273,0.20539669692516327
3622,10,274,0.19141951203346252
3623,10,275,0.21404162049293518
3624,10,276,0.2116910219192505
3625,10,277,0.17603686451911926
3626,10,278,0.17581850290298462
3627,10,279,0.17790034413337708
3628,10,280,0.2121812105178833
3629,10,281,0.15666484832763672
3630,10,282,0.26467615365982056
3631,10,283,0.22892606258392334
3632,10,284,0.17887775599956512
3633,10,285,0.17444497346878052
3634,10,286,0.21889841556549072
3635,10,287,0.19354654848575592
3636,10,288,0.20094501972198486
3637,10,289,0.2053309679031372
3638,10,290,0.17333531379699707
3639,10,291,0.14903783798217773
3640,10,292,0.2572706341743469
3641,10,293,0.2700892686843872
3642,10,294,0.19419178366661072
3643,10,295,0.20442815124988556
3644,10,296,0.21141834557056427
3645,10,297,0.23190686106681824
3646,10,298,0.18586459755897522
3647,10,299,0.16646204888820648
3648,10,300,0.19434437155723572
3649,10,301,0.19662117958068848
3650,10,302,0.22313439846038818
3651,10,303,0.15215733647346497
3652,10,304,0.23297715187072754
3653,10,305,0.22456105053424835
3654,10,306,0.23035243153572083
3655,10,307,0.1885155439376831
3656,10,308,0.23149564862251282
3657,10,309,0.24668225646018982
3658,10,310,0.19148246943950653
3659,10,311,0.19549183547496796
3660,10,312,0.20995089411735535
3661,10,313,0.2178858518600464
3662,10,314,0.20025157928466797
3663,10,315,0.20885512232780457
3664,10,316,0.19085122644901276
3665,10,317,0.21730153262615204
3666,10,318,0.20983612537384033
3667,10,319,0.18687400221824646
3668,10,320,0.2400488555431366
3669,10,321,0.24384598433971405
3670,10,322,0.19704367220401764
3671,10,323,0.20917315781116486
3672,10,324,0.18410159647464752
3673,10,325,0.17488308250904083
3674,10,326,0.1633455753326416
3675,10,327,0.18638157844543457
3676,10,328,0.18645553290843964
3677,10,329,0.23159262537956238
3678,10,330,0.21662187576293945
3679,10,331,0.18262287974357605
3680,10,332,0.18455693125724792
3681,10,333,0.18757860362529755
3682,10,334,0.262138694524765
3683,10,335,0.18743003904819489
3684,10,336,0.19631220400333405
3685,10,337,0.1834874451160431
3686,10,338,0.20613756775856018
3687,10,339,0.20599877834320068
3688,10,340,0.20626191794872284
3689,10,341,0.1967100203037262
3690,10,342,0.15068073570728302
3691,10,343,0.20690062642097473
3692,10,344,0.1785639524459839
3693,10,345,0.1758258044719696
3694,10,346,0.15903940796852112
3695,10,347,0.21395568549633026
3696,10,348,0.2242765873670578
3697,10,349,0.20709899067878723
3698,10,350,0.2025264948606491
3699,10,351,0.1956034004688263
3700,10,352,0.20828858017921448
3701,10,353,0.1926068365573883
3702,10,354,0.18755748867988586
3703,10,355,0.22289304435253143
3704,10,356,0.22263745963573456
3705,10,357,0.19194933772087097
3706,10,358,0.20017056167125702
3707,10,359,0.18854373693466187
3708,10,360,0.21234169602394104
3709,10,361,0.20073369145393372
3710,10,362,0.19355905055999756
3711,10,363,0.2310023307800293
3712,10,364,0.1820983737707138
3713,10,365,0.2104504406452179
3714,10,366,0.23313920199871063
3715,10,367,0.2240840196609497
3716,10,368,0.16887328028678894
3717,10,369,0.2510591447353363
3718,10,370,0.27315348386764526
3719,10,371,0.18703538179397583
3720,10,372,0.21965068578720093
