global_step,epoch,batch,train_loss
1,1,1,3.255326747894287
2,1,2,3.2015774250030518
3,1,3,3.172391891479492
4,1,4,3.1660208702087402
5,1,5,3.114114999771118
6,1,6,3.0918350219726562
7,1,7,3.0156335830688477
8,1,8,3.0039501190185547
9,1,9,2.9787838459014893
10,1,10,2.9478542804718018
11,1,11,2.9180617332458496
12,1,12,2.899240016937256
13,1,13,2.878657579421997
14,1,14,2.8860666751861572
15,1,15,2.861450433731079
16,1,16,2.748185157775879
17,1,17,2.759456157684326
18,1,18,2.730276346206665
19,1,19,2.6791231632232666
20,1,20,2.694455146789551
21,1,21,2.6031737327575684
22,1,22,2.6045219898223877
23,1,23,2.6079931259155273
24,1,24,2.5632147789001465
25,1,25,2.6138052940368652
26,1,26,2.5991241931915283
27,1,27,2.520495891571045
28,1,28,2.5072524547576904
29,1,29,2.431077003479004
30,1,30,2.5495522022247314
31,1,31,2.457019329071045
32,1,32,2.4885659217834473
33,1,33,2.392784595489502
34,1,34,2.3835740089416504
35,1,35,2.398637056350708
36,1,36,2.3874456882476807
37,1,37,2.311955451965332
38,1,38,2.3190982341766357
39,1,39,2.2759227752685547
40,1,40,2.2926764488220215
41,1,41,2.3016581535339355
42,1,42,2.2483835220336914
43,1,43,2.225123405456543
44,1,44,2.087711811065674
45,1,45,2.2229156494140625
46,1,46,2.1401026248931885
47,1,47,2.120255947113037
48,1,48,2.1298928260803223
49,1,49,2.103339672088623
50,1,50,2.120654344558716
51,1,51,2.0905325412750244
52,1,52,2.0306553840637207
53,1,53,2.0454514026641846
54,1,54,2.055642604827881
55,1,55,1.9882879257202148
56,1,56,2.0922493934631348
57,1,57,1.9203882217407227
58,1,58,1.8987222909927368
59,1,59,2.069624423980713
60,1,60,2.152596950531006
61,1,61,1.9653373956680298
62,1,62,1.8908542394638062
63,1,63,1.9309988021850586
64,1,64,1.8892982006072998
65,1,65,1.8565013408660889
66,1,66,1.8194324970245361
67,1,67,1.8617839813232422
68,1,68,1.8596782684326172
69,1,69,1.8105732202529907
70,1,70,1.7275760173797607
71,1,71,1.765303611755371
72,1,72,1.8895708322525024
73,1,73,1.784531593322754
74,1,74,1.6914383172988892
75,1,75,1.8214185237884521
76,1,76,1.7553974390029907
77,1,77,1.675100564956665
78,1,78,1.650107979774475
79,1,79,1.5863831043243408
80,1,80,1.580658197402954
81,1,81,1.589165449142456
82,1,82,1.6255614757537842
83,1,83,1.7148243188858032
84,1,84,1.603226661682129
85,1,85,1.7488629817962646
86,1,86,1.513715147972107
87,1,87,1.5842920541763306
88,1,88,1.6638734340667725
89,1,89,1.5714459419250488
90,1,90,1.5985931158065796
91,1,91,1.5957691669464111
92,1,92,1.480963110923767
93,1,93,1.5971969366073608
94,1,94,1.4473894834518433
95,1,95,1.497798204421997
96,1,96,1.5381258726119995
97,1,97,1.513577938079834
98,1,98,1.516692876815796
99,1,99,1.5684772729873657
100,1,100,1.5968064069747925
101,1,101,1.4686331748962402
102,1,102,1.4684045314788818
103,1,103,1.5202229022979736
104,1,104,1.429597020149231
105,1,105,1.3982537984848022
106,1,106,1.5763347148895264
107,1,107,1.4124977588653564
108,1,108,1.3772352933883667
109,1,109,1.369640827178955
110,1,110,1.3672701120376587
111,1,111,1.4453282356262207
112,1,112,1.3327701091766357
113,1,113,1.3084185123443604
114,1,114,1.4666119813919067
115,1,115,1.2600505352020264
116,1,116,1.3624894618988037
117,1,117,1.3626420497894287
118,1,118,1.3551499843597412
119,1,119,1.3145678043365479
120,1,120,1.332787275314331
121,1,121,1.3229378461837769
122,1,122,1.293836236000061
123,1,123,1.3830801248550415
124,1,124,1.4114272594451904
125,1,125,1.2964855432510376
126,1,126,1.179773211479187
127,1,127,1.383394479751587
128,1,128,1.3547824621200562
129,1,129,1.2160238027572632
130,1,130,1.30926513671875
131,1,131,1.2463741302490234
132,1,132,1.3339985609054565
133,1,133,1.2632454633712769
134,1,134,1.3085968494415283
135,1,135,1.2239831686019897
136,1,136,1.2316725254058838
137,1,137,1.2308323383331299
138,1,138,1.2376015186309814
139,1,139,1.2576310634613037
140,1,140,1.2036488056182861
141,1,141,1.2272754907608032
142,1,142,1.2788493633270264
143,1,143,1.247947096824646
144,1,144,1.2286765575408936
145,1,145,1.3360329866409302
146,1,146,1.1827329397201538
147,1,147,1.209973931312561
148,1,148,1.2365840673446655
149,1,149,1.3145681619644165
150,1,150,1.256314992904663
151,1,151,1.2493631839752197
152,1,152,1.2827619314193726
153,1,153,1.1890904903411865
154,1,154,1.1153395175933838
155,1,155,1.239639401435852
156,1,156,1.1486847400665283
157,1,157,1.144433856010437
158,1,158,1.2495661973953247
159,1,159,1.4973204135894775
160,1,160,1.2351762056350708
161,1,161,1.1730420589447021
162,1,162,1.1310995817184448
163,1,163,1.172743558883667
164,1,164,1.252458930015564
165,1,165,1.1669094562530518
166,1,166,1.2212259769439697
167,1,167,1.17030930519104
168,1,168,1.2740132808685303
169,1,169,1.1399415731430054
170,1,170,1.1274387836456299
171,1,171,1.1544398069381714
172,1,172,1.055822730064392
173,1,173,1.1198704242706299
174,1,174,1.0622427463531494
175,1,175,1.2452682256698608
176,1,176,0.9985383749008179
177,1,177,1.1428413391113281
178,1,178,0.9993032217025757
179,1,179,1.1024000644683838
180,1,180,1.0327943563461304
181,1,181,1.0869100093841553
182,1,182,0.9714274406433105
183,1,183,1.1390830278396606
184,1,184,1.1366204023361206
185,1,185,1.1084043979644775
186,1,186,1.090415358543396
187,1,187,1.0159591436386108
188,1,188,1.0233218669891357
189,1,189,1.1394455432891846
190,1,190,1.0553028583526611
191,1,191,0.9969915151596069
192,1,192,0.987927258014679
193,1,193,1.0161056518554688
194,1,194,1.0262997150421143
195,1,195,1.0724780559539795
196,1,196,0.9816641807556152
197,1,197,1.1316375732421875
198,1,198,1.1031301021575928
199,1,199,1.150434970855713
200,1,200,0.9891526103019714
201,1,201,0.9145004153251648
202,1,202,1.0542691946029663
203,1,203,1.098721981048584
204,1,204,0.9801189303398132
205,1,205,1.0437372922897339
206,1,206,1.0312505960464478
207,1,207,1.0505287647247314
208,1,208,0.9691593050956726
209,1,209,0.9684016108512878
210,1,210,1.0069875717163086
211,1,211,1.2758269309997559
212,1,212,1.0132824182510376
213,1,213,0.9332736730575562
214,1,214,1.0290645360946655
215,1,215,1.0025241374969482
216,1,216,1.0090491771697998
217,1,217,0.9973549842834473
218,1,218,1.0566552877426147
219,1,219,0.940338134765625
220,1,220,0.9330457448959351
221,1,221,0.9398683309555054
222,1,222,0.9019885063171387
223,1,223,0.9384342432022095
224,1,224,0.929469883441925
225,1,225,1.0573256015777588
226,1,226,0.9515746831893921
227,1,227,1.043827772140503
228,1,228,0.9081321954727173
229,1,229,0.9361631274223328
230,1,230,1.0345537662506104
231,1,231,0.8996262550354004
232,1,232,0.9203939437866211
233,1,233,0.9941320419311523
234,1,234,0.9506253004074097
235,1,235,0.9336448907852173
236,1,236,0.8537090420722961
237,1,237,0.8833315968513489
238,1,238,0.9855438470840454
239,1,239,0.8931649327278137
240,1,240,0.8967375755310059
241,1,241,0.8983849287033081
242,1,242,1.0353128910064697
243,1,243,0.9105825424194336
244,1,244,0.9158293604850769
245,1,245,0.8472146987915039
246,1,246,0.9395835995674133
247,1,247,0.7958910465240479
248,1,248,0.8587890863418579
249,1,249,0.8531947135925293
250,1,250,0.8876816630363464
251,1,251,0.9780393838882446
252,1,252,0.894673228263855
253,1,253,0.9332993626594543
254,1,254,0.9378712773323059
255,1,255,0.9627141952514648
256,1,256,0.8515585064888
257,1,257,0.8771446943283081
258,1,258,1.0775976181030273
259,1,259,0.951598048210144
260,1,260,1.005662202835083
261,1,261,0.9159420728683472
262,1,262,0.8315280675888062
263,1,263,0.8676292300224304
264,1,264,0.9026945233345032
265,1,265,0.7747036814689636
266,1,266,0.8672640919685364
267,1,267,0.9525035619735718
268,1,268,0.833171010017395
269,1,269,0.7984368801116943
270,1,270,0.8489004373550415
271,1,271,0.9585076570510864
272,1,272,0.9366050958633423
273,1,273,0.8413713574409485
274,1,274,0.7922108173370361
275,1,275,0.9215108752250671
276,1,276,0.7607167959213257
277,1,277,0.8854853510856628
278,1,278,0.7166309356689453
279,1,279,0.7892199158668518
280,1,280,0.8438810110092163
281,1,281,0.8349035978317261
282,1,282,0.9379111528396606
283,1,283,0.7329462766647339
284,1,284,0.9667326807975769
285,1,285,0.7792930603027344
286,1,286,0.785277783870697
287,1,287,0.8079677820205688
288,1,288,0.8816645741462708
289,1,289,0.8531520962715149
290,1,290,0.7676907181739807
291,1,291,0.7782654166221619
292,1,292,0.8641537427902222
293,1,293,0.7725682258605957
294,1,294,0.8095030784606934
295,1,295,0.7443902492523193
296,1,296,0.8280150294303894
297,1,297,0.797161877155304
298,1,298,0.8913325071334839
299,1,299,0.9301571846008301
300,1,300,0.7255481481552124
301,1,301,0.8234270215034485
302,1,302,0.8468343615531921
303,1,303,1.0609608888626099
304,1,304,0.7458440065383911
305,1,305,0.8589752316474915
306,1,306,0.7719980478286743
307,1,307,0.7095373868942261
308,1,308,0.7867329716682434
309,1,309,0.721899688243866
310,1,310,0.7554327249526978
311,1,311,0.8201233148574829
312,1,312,0.7496250867843628
313,1,313,0.7911275625228882
314,1,314,0.8037379384040833
315,1,315,0.8446468114852905
316,1,316,1.034426212310791
317,1,317,0.8993960618972778
318,1,318,0.9537393450737
319,1,319,0.9337649345397949
320,1,320,0.76341712474823
321,1,321,0.9003986120223999
322,1,322,0.8260990977287292
323,1,323,0.7545883655548096
324,1,324,0.7670610547065735
325,1,325,0.7691025137901306
326,1,326,0.7483702898025513
327,1,327,0.7342434525489807
328,1,328,0.7539972066879272
329,1,329,0.8758761286735535
330,1,330,0.702264130115509
331,1,331,0.7696938514709473
332,1,332,0.7535014152526855
333,1,333,0.7480020523071289
334,1,334,0.7291062474250793
335,1,335,0.8224114179611206
336,1,336,0.8727981448173523
337,1,337,0.6897543668746948
338,1,338,0.7149948477745056
339,1,339,0.843346118927002
340,1,340,0.6779669523239136
341,1,341,0.866827666759491
342,1,342,0.7301372289657593
343,1,343,0.707963764667511
344,1,344,0.7558367848396301
345,1,345,0.7541711926460266
346,1,346,0.7898003458976746
347,1,347,0.7550743222236633
348,1,348,0.8792855143547058
349,1,349,0.7459307909011841
350,1,350,0.7074286937713623
351,1,351,0.7025140523910522
352,1,352,0.7168275117874146
353,1,353,0.7021740078926086
354,1,354,0.710970938205719
355,1,355,0.6706882119178772
356,1,356,0.705020546913147
357,1,357,0.8610916137695312
358,1,358,0.6975034475326538
359,1,359,0.7692697048187256
360,1,360,0.7078158855438232
361,1,361,0.6713069677352905
362,1,362,0.7879034280776978
363,1,363,0.7453460693359375
364,1,364,0.8605948686599731
365,1,365,0.7074199914932251
366,1,366,0.7126581072807312
367,1,367,0.6868072748184204
368,1,368,0.6328480839729309
369,1,369,0.6734045743942261
370,1,370,0.668968141078949
371,1,371,0.6847489476203918
372,1,372,0.6813763380050659
373,2,1,0.7344078421592712
374,2,2,0.8041127324104309
375,2,3,0.6941994428634644
376,2,4,0.7603491544723511
377,2,5,0.6474641561508179
378,2,6,0.7540006041526794
379,2,7,0.6250305771827698
380,2,8,0.608171284198761
381,2,9,0.6780301332473755
382,2,10,0.7394914627075195
383,2,11,0.6719890832901001
384,2,12,0.6449221968650818
385,2,13,0.6359596252441406
386,2,14,0.7306902408599854
387,2,15,0.6788218021392822
388,2,16,0.6762761473655701
389,2,17,0.7920094728469849
390,2,18,0.7398564219474792
391,2,19,0.7066065073013306
392,2,20,0.7261353731155396
393,2,21,0.6780639886856079
394,2,22,0.7207611203193665
395,2,23,0.8981852531433105
396,2,24,0.7683980464935303
397,2,25,0.6404420137405396
398,2,26,0.7104142904281616
399,2,27,0.7572177052497864
400,2,28,0.5816759467124939
401,2,29,0.6701652407646179
402,2,30,0.7442848086357117
403,2,31,0.6659736037254333
404,2,32,0.7635099291801453
405,2,33,0.8963871002197266
406,2,34,0.6579638719558716
407,2,35,0.663941502571106
408,2,36,0.709678053855896
409,2,37,0.6029950380325317
410,2,38,0.7198335528373718
411,2,39,0.9986618757247925
412,2,40,0.6493248343467712
413,2,41,0.6745153665542603
414,2,42,0.6717509031295776
415,2,43,0.7718769311904907
416,2,44,0.7264740467071533
417,2,45,0.6317781805992126
418,2,46,0.6221895217895508
419,2,47,0.9730367660522461
420,2,48,0.7641656994819641
421,2,49,0.6299020051956177
422,2,50,0.6146517992019653
423,2,51,0.6445921063423157
424,2,52,0.6388367414474487
425,2,53,0.7420947551727295
426,2,54,0.6465632319450378
427,2,55,0.6126328706741333
428,2,56,0.6136354207992554
429,2,57,0.5753257870674133
430,2,58,0.6280995607376099
431,2,59,0.6604323387145996
432,2,60,0.8498517870903015
433,2,61,0.690294086933136
434,2,62,0.6546998023986816
435,2,63,0.6424964070320129
436,2,64,0.7060977220535278
437,2,65,0.5980573892593384
438,2,66,0.626602292060852
439,2,67,0.5661040544509888
440,2,68,0.6409157514572144
441,2,69,0.606248140335083
442,2,70,0.7552882432937622
443,2,71,0.6721908450126648
444,2,72,0.680426299571991
445,2,73,0.6167474985122681
446,2,74,0.5743992328643799
447,2,75,0.769929051399231
448,2,76,0.6745616793632507
449,2,77,0.6878138780593872
450,2,78,0.6249014735221863
451,2,79,0.5881198048591614
452,2,80,0.6281065940856934
453,2,81,0.6351273059844971
454,2,82,0.6057921648025513
455,2,83,0.6682437658309937
456,2,84,0.5683556795120239
457,2,85,0.6065851449966431
458,2,86,0.6419540643692017
459,2,87,0.6402037143707275
460,2,88,0.6228698492050171
461,2,89,0.653455376625061
462,2,90,0.7178179025650024
463,2,91,0.5940153002738953
464,2,92,0.6134060621261597
465,2,93,0.6137712597846985
466,2,94,0.5585129857063293
467,2,95,0.5558139681816101
468,2,96,0.6082881689071655
469,2,97,0.5929967761039734
470,2,98,0.6084999442100525
471,2,99,0.6197975873947144
472,2,100,0.5751520395278931
473,2,101,0.632416844367981
474,2,102,0.5613840818405151
475,2,103,0.5424731373786926
476,2,104,0.6751860976219177
477,2,105,0.5744638442993164
478,2,106,0.6118167638778687
479,2,107,0.6749611496925354
480,2,108,0.598461925983429
481,2,109,0.7840617299079895
482,2,110,0.6254466772079468
483,2,111,0.9207428693771362
484,2,112,0.6816776990890503
485,2,113,0.5661408305168152
486,2,114,0.639655590057373
487,2,115,0.6091116666793823
488,2,116,0.5344535112380981
489,2,117,0.6229778528213501
490,2,118,0.7127138376235962
491,2,119,0.6126275062561035
492,2,120,0.5802091360092163
493,2,121,0.5599788427352905
494,2,122,0.5572137236595154
495,2,123,0.6420188546180725
496,2,124,0.6943533420562744
497,2,125,0.5973151326179504
498,2,126,0.6715711951255798
499,2,127,0.5922453999519348
500,2,128,0.5372136831283569
501,2,129,0.5097510814666748
502,2,130,0.5232819318771362
503,2,131,0.5598118901252747
504,2,132,0.5490573644638062
505,2,133,0.69858318567276
506,2,134,0.5102213025093079
507,2,135,0.5524372458457947
508,2,136,0.585281491279602
509,2,137,0.6146729588508606
510,2,138,0.5586385130882263
511,2,139,0.6157986521720886
512,2,140,0.6282749176025391
513,2,141,0.6164636611938477
514,2,142,0.6074303388595581
515,2,143,0.5490179061889648
516,2,144,0.5841156244277954
517,2,145,0.5873427987098694
518,2,146,0.5487818121910095
519,2,147,0.6123421788215637
520,2,148,0.859162449836731
521,2,149,0.5888270139694214
522,2,150,0.5565831065177917
523,2,151,0.5943881869316101
524,2,152,0.6448900103569031
525,2,153,0.7107058763504028
526,2,154,0.5954172611236572
527,2,155,0.6327983140945435
528,2,156,0.543716311454773
529,2,157,0.543967604637146
530,2,158,0.48917731642723083
531,2,159,0.5870682001113892
532,2,160,0.505009114742279
533,2,161,0.610029935836792
534,2,162,0.596249520778656
535,2,163,0.6237819790840149
536,2,164,0.6148314476013184
537,2,165,0.7149369120597839
538,2,166,0.647257924079895
539,2,167,0.5685701370239258
540,2,168,0.6002658605575562
541,2,169,0.6861734390258789
542,2,170,0.5652211904525757
543,2,171,0.5261284112930298
544,2,172,0.5531708002090454
545,2,173,0.5612053275108337
546,2,174,0.4982292056083679
547,2,175,0.5185614824295044
548,2,176,0.546551525592804
549,2,177,0.5739179849624634
550,2,178,0.5478696823120117
551,2,179,0.6473566293716431
552,2,180,0.555453896522522
553,2,181,0.6358444094657898
554,2,182,0.6709410548210144
555,2,183,0.5472230315208435
556,2,184,0.6435582637786865
557,2,185,0.662605881690979
558,2,186,0.6186093091964722
559,2,187,0.5845058560371399
560,2,188,0.5495112538337708
561,2,189,0.5529585480690002
562,2,190,0.5337659120559692
563,2,191,0.583115816116333
564,2,192,0.5715994834899902
565,2,193,0.5307941436767578
566,2,194,0.5467371940612793
567,2,195,0.663298487663269
568,2,196,0.5396066904067993
569,2,197,0.5747678875923157
570,2,198,0.5556018948554993
571,2,199,0.518835723400116
572,2,200,0.49090495705604553
573,2,201,0.6623993515968323
574,2,202,0.7914801836013794
575,2,203,0.7350682020187378
576,2,204,0.5051039457321167
577,2,205,0.5193101167678833
578,2,206,0.5474847555160522
579,2,207,0.5981481671333313
580,2,208,0.560973048210144
581,2,209,0.5225797891616821
582,2,210,0.5194364190101624
583,2,211,0.5539196729660034
584,2,212,0.49593085050582886
585,2,213,0.5821320414543152
586,2,214,0.548371434211731
587,2,215,0.5998252630233765
588,2,216,0.5193793773651123
589,2,217,0.5652726888656616
590,2,218,0.5819476842880249
591,2,219,0.6408399343490601
592,2,220,0.5133088827133179
593,2,221,0.5840451717376709
594,2,222,0.4979728162288666
595,2,223,0.5152062177658081
596,2,224,0.4689827561378479
597,2,225,0.5291631817817688
598,2,226,0.7711479663848877
599,2,227,0.6462622880935669
600,2,228,0.7420642971992493
601,2,229,0.5961028933525085
602,2,230,0.4993921220302582
603,2,231,0.5270856618881226
604,2,232,0.5627481341362
605,2,233,0.489278644323349
606,2,234,0.5518406629562378
607,2,235,0.5083534717559814
608,2,236,0.5014451742172241
609,2,237,0.5554921627044678
610,2,238,0.47767919301986694
611,2,239,0.47828906774520874
612,2,240,0.5270534753799438
613,2,241,0.5185797214508057
614,2,242,0.6370588541030884
615,2,243,0.47647157311439514
616,2,244,0.5102928280830383
617,2,245,0.48875492811203003
618,2,246,0.4890732169151306
619,2,247,0.5303024053573608
620,2,248,0.5493033528327942
621,2,249,0.45640650391578674
622,2,250,0.5388196706771851
623,2,251,0.461202472448349
624,2,252,0.5120199918746948
625,2,253,0.5204180479049683
626,2,254,0.6053899526596069
627,2,255,0.4626672863960266
628,2,256,0.47575244307518005
629,2,257,0.5163164138793945
630,2,258,0.5403932332992554
631,2,259,0.6472486257553101
632,2,260,0.41905054450035095
633,2,261,0.4667729437351227
634,2,262,0.4926181435585022
635,2,263,0.49667972326278687
636,2,264,0.48000645637512207
637,2,265,0.48225370049476624
638,2,266,0.5878511667251587
639,2,267,0.4512012004852295
640,2,268,0.6120561361312866
641,2,269,0.48192429542541504
642,2,270,0.4893466532230377
643,2,271,0.5232738256454468
644,2,272,0.506493091583252
645,2,273,0.4770328104496002
646,2,274,0.4630270004272461
647,2,275,0.5042797327041626
648,2,276,0.45553088188171387
649,2,277,0.509740948677063
650,2,278,0.6140156388282776
651,2,279,0.48713892698287964
652,2,280,0.49714869260787964
653,2,281,0.44918155670166016
654,2,282,0.4599305987358093
655,2,283,0.48372235894203186
656,2,284,0.5756888389587402
657,2,285,0.5484324097633362
658,2,286,0.488089382648468
659,2,287,0.5004853010177612
660,2,288,0.4816916882991791
661,2,289,0.4851923882961273
662,2,290,0.5170609354972839
663,2,291,0.5840825438499451
664,2,292,0.4825485646724701
665,2,293,0.5120677351951599
666,2,294,0.44267192482948303
667,2,295,0.5744722485542297
668,2,296,0.5319434404373169
669,2,297,0.531528115272522
670,2,298,0.42803460359573364
671,2,299,0.47623905539512634
672,2,300,0.6665388345718384
673,2,301,0.5955535173416138
674,2,302,0.4728321433067322
675,2,303,0.5006087422370911
676,2,304,0.46563559770584106
677,2,305,0.4593205451965332
678,2,306,0.4804408550262451
679,2,307,0.5095281004905701
680,2,308,0.3720405697822571
681,2,309,0.49012064933776855
682,2,310,0.43019208312034607
683,2,311,0.45603814721107483
684,2,312,0.6045185327529907
685,2,313,0.5138198733329773
686,2,314,0.5224430561065674
687,2,315,0.47381591796875
688,2,316,0.4140339493751526
689,2,317,0.5243285298347473
690,2,318,0.5268325805664062
691,2,319,0.40866023302078247
692,2,320,0.43857550621032715
693,2,321,0.6179924607276917
694,2,322,0.5099610090255737
695,2,323,0.5737086534500122
696,2,324,0.7348043918609619
697,2,325,0.4315754771232605
698,2,326,0.46325406432151794
699,2,327,0.5190889835357666
700,2,328,0.6520280241966248
701,2,329,0.4932187497615814
702,2,330,0.488086462020874
703,2,331,0.4209449291229248
704,2,332,0.4226483404636383
705,2,333,0.6097767949104309
706,2,334,0.48451822996139526
707,2,335,0.4963814318180084
708,2,336,0.4136098325252533
709,2,337,0.5636016130447388
710,2,338,0.48088985681533813
711,2,339,0.4082624912261963
712,2,340,0.4672600328922272
713,2,341,0.49760738015174866
714,2,342,0.4218522012233734
715,2,343,0.688628077507019
716,2,344,0.46475115418434143
717,2,345,0.5119609236717224
718,2,346,0.5042706727981567
719,2,347,0.5070127248764038
720,2,348,0.4409414231777191
721,2,349,0.5026355385780334
722,2,350,0.5548919439315796
723,2,351,0.49914589524269104
724,2,352,0.49400845170021057
725,2,353,0.3869412839412689
726,2,354,0.4772234559059143
727,2,355,0.538664698600769
728,2,356,0.5516157150268555
729,2,357,0.46256932616233826
730,2,358,0.5069214105606079
731,2,359,0.49723178148269653
732,2,360,0.43463999032974243
733,2,361,0.4534897804260254
734,2,362,0.4824696481227875
735,2,363,0.5383543372154236
736,2,364,0.4694519639015198
737,2,365,0.4898151457309723
738,2,366,0.8124798536300659
739,2,367,0.5404972434043884
740,2,368,0.5034714937210083
741,2,369,0.4584551751613617
742,2,370,0.512043833732605
743,2,371,0.47235554456710815
744,2,372,0.5182905793190002
745,3,1,0.47498902678489685
746,3,2,0.38389891386032104
747,3,3,0.3905375599861145
748,3,4,0.5333350300788879
749,3,5,0.44454240798950195
750,3,6,0.3589995801448822
751,3,7,0.5151302814483643
752,3,8,0.43343400955200195
753,3,9,0.477165549993515
754,3,10,0.4622965455055237
755,3,11,0.4895755648612976
756,3,12,0.44553622603416443
757,3,13,0.4565754532814026
758,3,14,0.46142569184303284
759,3,15,0.36992233991622925
760,3,16,0.7088472247123718
761,3,17,0.48748546838760376
762,3,18,0.4514404237270355
763,3,19,0.4299057424068451
764,3,20,0.5302990078926086
765,3,21,0.5040971040725708
766,3,22,0.4047941267490387
767,3,23,0.6231820583343506
768,3,24,0.4583835005760193
769,3,25,0.4428156912326813
770,3,26,0.5010205507278442
771,3,27,0.4794984757900238
772,3,28,0.4411647319793701
773,3,29,0.5916719436645508
774,3,30,0.3532559275627136
775,3,31,0.45794957876205444
776,3,32,0.4674369692802429
777,3,33,0.4807998239994049
778,3,34,0.44695624709129333
779,3,35,0.47679442167282104
780,3,36,0.4503626823425293
781,3,37,0.4067094326019287
782,3,38,0.5308300256729126
783,3,39,0.5280300378799438
784,3,40,0.4231685698032379
785,3,41,0.5537034273147583
786,3,42,0.5051814913749695
787,3,43,0.443974107503891
788,3,44,0.4965275824069977
789,3,45,0.4616681635379791
790,3,46,0.4837125241756439
791,3,47,0.46138396859169006
792,3,48,0.4045078158378601
793,3,49,0.43799668550491333
794,3,50,0.46194925904273987
795,3,51,0.44849148392677307
796,3,52,0.49973219633102417
797,3,53,0.3853374123573303
798,3,54,0.4496171474456787
799,3,55,0.4498453736305237
800,3,56,0.44515666365623474
801,3,57,0.7466022968292236
802,3,58,0.5254625082015991
803,3,59,0.4043636918067932
804,3,60,0.3873487114906311
805,3,61,0.40098658204078674
806,3,62,0.40310755372047424
807,3,63,0.37524598836898804
808,3,64,0.46371549367904663
809,3,65,0.3433200716972351
810,3,66,0.4306611120700836
811,3,67,0.40613141655921936
812,3,68,0.3978119194507599
813,3,69,0.41296273469924927
814,3,70,0.46145710349082947
815,3,71,0.4214952886104584
816,3,72,0.4103432595729828
817,3,73,0.5852621793746948
818,3,74,0.48350921273231506
819,3,75,0.4256678521633148
820,3,76,0.35939010977745056
821,3,77,0.4331568777561188
822,3,78,0.4119318425655365
823,3,79,0.34451666474342346
824,3,80,0.3884067237377167
825,3,81,0.4224920868873596
826,3,82,0.45652541518211365
827,3,83,0.52923583984375
828,3,84,0.4513649046421051
829,3,85,0.40486079454421997
830,3,86,0.40510568022727966
831,3,87,0.46284180879592896
832,3,88,0.42329031229019165
833,3,89,0.4229620397090912
834,3,90,0.4934144616127014
835,3,91,0.5312949419021606
836,3,92,0.38177698850631714
837,3,93,0.5048131942749023
838,3,94,0.38991838693618774
839,3,95,0.4831762909889221
840,3,96,0.7157347798347473
841,3,97,0.4267427921295166
842,3,98,0.42762064933776855
843,3,99,0.4299747347831726
844,3,100,0.4056856036186218
845,3,101,0.5177417993545532
846,3,102,0.4089690148830414
847,3,103,0.3991854190826416
848,3,104,0.45443305373191833
849,3,105,0.4227777123451233
850,3,106,0.4373752474784851
851,3,107,0.4188907742500305
852,3,108,0.4287819266319275
853,3,109,0.43502289056777954
854,3,110,0.5140000581741333
855,3,111,0.36413687467575073
856,3,112,0.342206746339798
857,3,113,0.4494043290615082
858,3,114,0.4152217507362366
859,3,115,0.4884866774082184
860,3,116,0.4452991485595703
861,3,117,0.4201580584049225
862,3,118,0.39491283893585205
863,3,119,0.5729979276657104
864,3,120,0.4095582067966461
865,3,121,0.578790009021759
866,3,122,0.42472609877586365
867,3,123,0.39454516768455505
868,3,124,0.4387759566307068
869,3,125,0.4381468892097473
870,3,126,0.41862407326698303
871,3,127,0.4895278513431549
872,3,128,0.41289639472961426
873,3,129,0.37882760167121887
874,3,130,0.3550949692726135
875,3,131,0.4619962275028229
876,3,132,0.47500258684158325
877,3,133,0.38359734416007996
878,3,134,0.4830015301704407
879,3,135,0.4310181736946106
880,3,136,0.3795553743839264
881,3,137,0.40769076347351074
882,3,138,0.4319643974304199
883,3,139,0.37482020258903503
884,3,140,0.6910082697868347
885,3,141,0.5004817247390747
886,3,142,0.46320170164108276
887,3,143,0.3549887239933014
888,3,144,0.4044947624206543
889,3,145,0.40659022331237793
890,3,146,0.44684165716171265
891,3,147,0.46735048294067383
892,3,148,0.41992712020874023
893,3,149,0.36645612120628357
894,3,150,0.42998233437538147
895,3,151,0.4222134053707123
896,3,152,0.4371277391910553
897,3,153,0.38390880823135376
898,3,154,0.49962615966796875
899,3,155,0.39544400572776794
900,3,156,0.38865870237350464
901,3,157,0.49856215715408325
902,3,158,0.3352441191673279
903,3,159,0.43875962495803833
904,3,160,0.4168187975883484
905,3,161,0.4439505636692047
906,3,162,0.42945796251296997
907,3,163,0.5268665552139282
908,3,164,0.35699939727783203
909,3,165,0.5277417898178101
910,3,166,0.4491826891899109
911,3,167,0.3849407136440277
912,3,168,0.3314940929412842
913,3,169,0.44568905234336853
914,3,170,0.4063750207424164
915,3,171,0.40270814299583435
916,3,172,0.5036149024963379
917,3,173,0.43364381790161133
918,3,174,0.43133217096328735
919,3,175,0.5631921291351318
920,3,176,0.5519174337387085
921,3,177,0.4198545813560486
922,3,178,0.5339645743370056
923,3,179,0.43644481897354126
924,3,180,0.36491990089416504
925,3,181,0.3648903965950012
926,3,182,0.4165703356266022
927,3,183,0.39874181151390076
928,3,184,0.39500662684440613
929,3,185,0.37156450748443604
930,3,186,0.43876227736473083
931,3,187,0.44235697388648987
932,3,188,0.3628525733947754
933,3,189,0.3551151752471924
934,3,190,0.3826913833618164
935,3,191,0.39504748582839966
936,3,192,0.5013312101364136
937,3,193,0.49076348543167114
938,3,194,0.4671297073364258
939,3,195,0.46164584159851074
940,3,196,0.3632104694843292
941,3,197,0.3524078130722046
942,3,198,0.3663395345211029
943,3,199,0.4698850214481354
944,3,200,0.4637889862060547
945,3,201,0.3841504454612732
946,3,202,0.41131195425987244
947,3,203,0.4769810736179352
948,3,204,0.4002845287322998
949,3,205,0.36790984869003296
950,3,206,0.5079735517501831
951,3,207,0.41386279463768005
952,3,208,0.44269561767578125
953,3,209,0.4169721007347107
954,3,210,0.356526255607605
955,3,211,0.4307606816291809
956,3,212,0.31290578842163086
957,3,213,0.3954699635505676
958,3,214,0.36446061730384827
959,3,215,0.33270326256752014
960,3,216,0.3328714966773987
961,3,217,0.4311663508415222
962,3,218,0.38932687044143677
963,3,219,0.33497539162635803
964,3,220,0.33313679695129395
965,3,221,0.48286014795303345
966,3,222,0.347114235162735
967,3,223,0.3973086476325989
968,3,224,0.4023134708404541
969,3,225,0.40965595841407776
970,3,226,0.8703210949897766
971,3,227,0.47979801893234253
972,3,228,0.4826422333717346
973,3,229,0.32466140389442444
974,3,230,0.41570085287094116
975,3,231,0.369469553232193
976,3,232,0.43216362595558167
977,3,233,0.3711785078048706
978,3,234,0.434807687997818
979,3,235,0.32811132073402405
980,3,236,0.38988566398620605
981,3,237,0.3738647997379303
982,3,238,0.4427340626716614
983,3,239,0.47637099027633667
984,3,240,0.4441153109073639
985,3,241,0.3877550959587097
986,3,242,0.3143574893474579
987,3,243,0.37779754400253296
988,3,244,0.3309610188007355
989,3,245,0.3665030896663666
990,3,246,0.7373624444007874
991,3,247,0.4392239451408386
992,3,248,0.4712356925010681
993,3,249,0.3805699050426483
994,3,250,0.3697783350944519
995,3,251,0.3740736246109009
996,3,252,0.42269235849380493
997,3,253,0.41119393706321716
998,3,254,0.3742615878582001
999,3,255,0.43548330664634705
1000,3,256,0.41146183013916016
1001,3,257,0.37838083505630493
1002,3,258,0.38114264607429504
1003,3,259,0.41586247086524963
1004,3,260,0.3560342490673065
1005,3,261,0.48257309198379517
1006,3,262,0.4068989157676697
1007,3,263,0.43457239866256714
1008,3,264,0.3879357576370239
1009,3,265,0.43147793412208557
1010,3,266,0.5265494585037231
1011,3,267,0.5013590455055237
1012,3,268,0.417952299118042
1013,3,269,0.38914358615875244
1014,3,270,0.4314671456813812
1015,3,271,0.30172067880630493
1016,3,272,0.42451953887939453
1017,3,273,0.42223262786865234
1018,3,274,0.47129958868026733
1019,3,275,0.3685306906700134
1020,3,276,0.39725515246391296
1021,3,277,0.4121994972229004
1022,3,278,0.4388066232204437
1023,3,279,0.4449632167816162
1024,3,280,0.39762717485427856
1025,3,281,0.3618306517601013
1026,3,282,0.3810597360134125
1027,3,283,0.39427649974823
1028,3,284,0.45423778891563416
1029,3,285,0.4091993272304535
1030,3,286,0.5115150213241577
1031,3,287,0.4700058102607727
1032,3,288,0.6554727554321289
1033,3,289,0.31625673174858093
1034,3,290,0.37840861082077026
1035,3,291,0.3308860957622528
1036,3,292,0.3446351885795593
1037,3,293,0.38655197620391846
1038,3,294,0.4162529408931732
1039,3,295,0.31527596712112427
1040,3,296,0.3615841269493103
1041,3,297,0.3225463032722473
1042,3,298,0.7160881161689758
1043,3,299,0.4368402361869812
1044,3,300,0.4041646122932434
1045,3,301,0.38887879252433777
1046,3,302,0.4168369174003601
1047,3,303,0.4879409372806549
1048,3,304,0.3789544999599457
1049,3,305,0.42129701375961304
1050,3,306,0.3051096796989441
1051,3,307,0.4304983615875244
1052,3,308,0.5342682600021362
1053,3,309,0.375843346118927
1054,3,310,0.3075680732727051
1055,3,311,0.3582344651222229
1056,3,312,0.37354105710983276
1057,3,313,0.3647144138813019
1058,3,314,0.3830946683883667
1059,3,315,0.49990159273147583
1060,3,316,0.3879227936267853
1061,3,317,0.38760751485824585
1062,3,318,0.3432663381099701
1063,3,319,0.4464716911315918
1064,3,320,0.3737396001815796
1065,3,321,0.3548423647880554
1066,3,322,0.6953064203262329
1067,3,323,0.6936098337173462
1068,3,324,0.3651386797428131
1069,3,325,0.3971741795539856
1070,3,326,0.4113463759422302
1071,3,327,0.3339569568634033
1072,3,328,0.3727453947067261
1073,3,329,0.33031296730041504
1074,3,330,0.42927199602127075
1075,3,331,0.37035346031188965
1076,3,332,0.5501339435577393
1077,3,333,0.38701319694519043
1078,3,334,0.3647859990596771
1079,3,335,0.3182060420513153
1080,3,336,0.3995444178581238
1081,3,337,0.47941988706588745
1082,3,338,0.43542999029159546
1083,3,339,0.3635697364807129
1084,3,340,0.43681421875953674
1085,3,341,0.3735092878341675
1086,3,342,0.39787083864212036
1087,3,343,0.3529525101184845
1088,3,344,0.3532552719116211
1089,3,345,0.4089132249355316
1090,3,346,0.3322039246559143
1091,3,347,0.3482789993286133
1092,3,348,0.3802920877933502
1093,3,349,0.38192620873451233
1094,3,350,0.3523481488227844
1095,3,351,0.4299350678920746
1096,3,352,0.4824831485748291
1097,3,353,0.3761339783668518
1098,3,354,0.5157650113105774
1099,3,355,0.48717522621154785
1100,3,356,0.38197237253189087
1101,3,357,0.33038491010665894
1102,3,358,0.40413132309913635
1103,3,359,0.42684054374694824
1104,3,360,0.3705901801586151
1105,3,361,0.3292182683944702
1106,3,362,0.40563374757766724
1107,3,363,0.45410385727882385
1108,3,364,0.3606804609298706
1109,3,365,0.3532077670097351
1110,3,366,0.3400276303291321
1111,3,367,0.4746035635471344
1112,3,368,0.34932348132133484
1113,3,369,0.6842840909957886
1114,3,370,0.3707320988178253
1115,3,371,0.3795704245567322
1116,3,372,0.3570970594882965
1117,4,1,0.3616330027580261
1118,4,2,0.32490259408950806
1119,4,3,0.4363485276699066
1120,4,4,0.33322134613990784
1121,4,5,0.34584787487983704
1122,4,6,0.3821265995502472
1123,4,7,0.3779316246509552
1124,4,8,0.3589414656162262
1125,4,9,0.32842138409614563
1126,4,10,0.3756595253944397
1127,4,11,0.4155949056148529
1128,4,12,0.3237602114677429
1129,4,13,0.3212820887565613
1130,4,14,0.39588871598243713
1131,4,15,0.3205234408378601
1132,4,16,0.3707895874977112
1133,4,17,0.3093774914741516
1134,4,18,0.3669227063655853
1135,4,19,0.42454105615615845
1136,4,20,0.37530702352523804
1137,4,21,0.3707726001739502
1138,4,22,0.41237956285476685
1139,4,23,0.3755292594432831
1140,4,24,0.3220526874065399
1141,4,25,0.3701932430267334
1142,4,26,0.34749504923820496
1143,4,27,0.310962438583374
1144,4,28,0.3527997136116028
1145,4,29,0.3802890181541443
1146,4,30,0.8374115824699402
1147,4,31,0.35400116443634033
1148,4,32,0.32627448439598083
1149,4,33,0.3240484595298767
1150,4,34,0.3374917805194855
1151,4,35,0.40218299627304077
1152,4,36,0.35423165559768677
1153,4,37,0.4296390116214752
1154,4,38,0.6049401164054871
1155,4,39,0.40705832839012146
1156,4,40,0.3137233555316925
1157,4,41,0.335256963968277
1158,4,42,0.2916388511657715
1159,4,43,0.37709879875183105
1160,4,44,0.36825862526893616
1161,4,45,0.30214813351631165
1162,4,46,0.33020907640457153
1163,4,47,0.3773643374443054
1164,4,48,0.35309284925460815
1165,4,49,0.3432941436767578
1166,4,50,0.2824000418186188
1167,4,51,0.29246461391448975
1168,4,52,0.3901539742946625
1169,4,53,0.3290470838546753
1170,4,54,0.3253833055496216
1171,4,55,0.3421326279640198
1172,4,56,0.36057132482528687
1173,4,57,0.39274102449417114
1174,4,58,0.34439617395401
1175,4,59,0.38163304328918457
1176,4,60,0.43091902136802673
1177,4,61,0.5316453576087952
1178,4,62,0.3864005208015442
1179,4,63,0.33576664328575134
1180,4,64,0.29966503381729126
1181,4,65,0.3542484939098358
1182,4,66,0.3775023818016052
1183,4,67,0.34240010380744934
1184,4,68,0.3686603903770447
1185,4,69,0.49495935440063477
1186,4,70,0.39057886600494385
1187,4,71,0.41304460167884827
1188,4,72,0.3831733167171478
1189,4,73,0.4293064475059509
1190,4,74,0.33872270584106445
1191,4,75,0.35553836822509766
1192,4,76,0.36681991815567017
1193,4,77,0.4075046479701996
1194,4,78,0.31308430433273315
1195,4,79,0.5619245171546936
1196,4,80,0.487700879573822
1197,4,81,0.39204567670822144
1198,4,82,0.35413581132888794
1199,4,83,0.39620769023895264
1200,4,84,0.32810550928115845
1201,4,85,0.31250807642936707
1202,4,86,0.36791476607322693
1203,4,87,0.3554040491580963
1204,4,88,0.3473753333091736
1205,4,89,0.34182825684547424
1206,4,90,0.3309480547904968
1207,4,91,0.3304789662361145
1208,4,92,0.39104101061820984
1209,4,93,0.3413095772266388
1210,4,94,0.327849417924881
1211,4,95,0.332613080739975
1212,4,96,0.34836187958717346
1213,4,97,0.3151854872703552
1214,4,98,0.35241085290908813
1215,4,99,0.34173721075057983
1216,4,100,0.3493066430091858
1217,4,101,0.30764251947402954
1218,4,102,0.3213689923286438
1219,4,103,0.32150721549987793
1220,4,104,0.30605190992355347
1221,4,105,0.3848196566104889
1222,4,106,0.3390634059906006
1223,4,107,0.366265207529068
1224,4,108,0.38660621643066406
1225,4,109,0.3623283803462982
1226,4,110,0.37807580828666687
1227,4,111,0.3543895483016968
1228,4,112,0.31099051237106323
1229,4,113,0.34677252173423767
1230,4,114,0.4015357494354248
1231,4,115,0.43048959970474243
1232,4,116,0.6798781156539917
1233,4,117,0.3066931366920471
1234,4,118,0.6248391270637512
1235,4,119,0.3088354468345642
1236,4,120,0.3921738862991333
1237,4,121,0.30899617075920105
1238,4,122,0.3361107409000397
1239,4,123,0.29013508558273315
1240,4,124,0.3043369650840759
1241,4,125,0.3504500687122345
1242,4,126,0.374173641204834
1243,4,127,0.30163541436195374
1244,4,128,0.34363603591918945
1245,4,129,0.39003920555114746
1246,4,130,0.3096688985824585
1247,4,131,0.4388994574546814
1248,4,132,0.42952531576156616
1249,4,133,0.2880322337150574
1250,4,134,0.4223237633705139
1251,4,135,0.3813311755657196
1252,4,136,0.3627946674823761
1253,4,137,0.35818105936050415
1254,4,138,0.339700311422348
1255,4,139,0.38923197984695435
1256,4,140,0.3848453760147095
1257,4,141,0.3407699167728424
1258,4,142,0.33408603072166443
1259,4,143,0.3644973635673523
1260,4,144,0.3438277840614319
1261,4,145,0.36120879650115967
1262,4,146,0.40375107526779175
1263,4,147,0.303626149892807
1264,4,148,0.35458964109420776
1265,4,149,0.33727937936782837
1266,4,150,0.3258284628391266
1267,4,151,0.3315075933933258
1268,4,152,0.2950870990753174
1269,4,153,0.34455394744873047
1270,4,154,0.41761907935142517
1271,4,155,0.39001697301864624
1272,4,156,0.37290748953819275
1273,4,157,0.3387870788574219
1274,4,158,0.3399563729763031
1275,4,159,0.327258825302124
1276,4,160,0.33331164717674255
1277,4,161,0.6168459057807922
1278,4,162,0.33952879905700684
1279,4,163,0.3091658651828766
1280,4,164,0.2987135052680969
1281,4,165,0.38679248094558716
1282,4,166,0.3544195592403412
1283,4,167,0.3507099151611328
1284,4,168,0.30191710591316223
1285,4,169,0.35227689146995544
1286,4,170,0.3233190178871155
1287,4,171,0.32068461179733276
1288,4,172,0.3013358414173126
1289,4,173,0.2891711890697479
1290,4,174,0.27426719665527344
1291,4,175,0.28444474935531616
1292,4,176,0.30347776412963867
1293,4,177,0.3323043882846832
1294,4,178,0.32886627316474915
1295,4,179,0.29363828897476196
1296,4,180,0.3801424503326416
1297,4,181,0.34268081188201904
1298,4,182,0.4283004403114319
1299,4,183,0.31986576318740845
1300,4,184,0.36335307359695435
1301,4,185,0.3170629143714905
1302,4,186,0.37703850865364075
1303,4,187,0.2870139479637146
1304,4,188,0.7112862467765808
1305,4,189,0.3270823061466217
1306,4,190,0.3048359453678131
1307,4,191,0.38609594106674194
1308,4,192,0.3329349160194397
1309,4,193,0.35198137164115906
1310,4,194,0.31802085041999817
1311,4,195,0.32049882411956787
1312,4,196,0.3558085858821869
1313,4,197,0.3854389786720276
1314,4,198,0.3497885465621948
1315,4,199,0.33126595616340637
1316,4,200,0.357257604598999
1317,4,201,0.36798325181007385
1318,4,202,0.34085994958877563
1319,4,203,0.3755863308906555
1320,4,204,0.3037141263484955
1321,4,205,0.26912471652030945
1322,4,206,0.3584107458591461
1323,4,207,0.3329921066761017
1324,4,208,0.37881556153297424
1325,4,209,0.3319607079029083
1326,4,210,0.38998809456825256
1327,4,211,0.2430848777294159
1328,4,212,0.3985549509525299
1329,4,213,0.32040899991989136
1330,4,214,0.3968650996685028
1331,4,215,0.3357546925544739
1332,4,216,0.3802579343318939
1333,4,217,0.3607143759727478
1334,4,218,0.3079964518547058
1335,4,219,0.3873181939125061
1336,4,220,0.27507632970809937
1337,4,221,0.331613689661026
1338,4,222,0.35274699330329895
1339,4,223,0.3765288293361664
1340,4,224,0.337166965007782
1341,4,225,0.3592107892036438
1342,4,226,0.32418757677078247
1343,4,227,0.38489681482315063
1344,4,228,0.4198691248893738
1345,4,229,0.42218121886253357
1346,4,230,0.43235450983047485
1347,4,231,0.33562400937080383
1348,4,232,0.31555405259132385
1349,4,233,0.3093284070491791
1350,4,234,0.33951500058174133
1351,4,235,0.35218554735183716
1352,4,236,0.299951434135437
1353,4,237,0.33363908529281616
1354,4,238,0.3308313190937042
1355,4,239,0.3390173614025116
1356,4,240,0.26791295409202576
1357,4,241,0.6661698818206787
1358,4,242,0.659658670425415
1359,4,243,0.3382064402103424
1360,4,244,0.33818283677101135
1361,4,245,0.3333723247051239
1362,4,246,0.2810524106025696
1363,4,247,0.31041404604911804
1364,4,248,0.37894317507743835
1365,4,249,0.4407573640346527
1366,4,250,0.34565025568008423
1367,4,251,0.2985716164112091
1368,4,252,0.30873042345046997
1369,4,253,0.3244309723377228
1370,4,254,0.3312687277793884
1371,4,255,0.32760557532310486
1372,4,256,0.35600847005844116
1373,4,257,0.382421612739563
1374,4,258,0.33959653973579407
1375,4,259,0.3289903998374939
1376,4,260,0.38228195905685425
1377,4,261,0.28856730461120605
1378,4,262,0.2860542833805084
1379,4,263,0.28206193447113037
1380,4,264,0.33477720618247986
1381,4,265,0.3375961184501648
1382,4,266,0.4007788598537445
1383,4,267,0.3030850291252136
1384,4,268,0.30070558190345764
1385,4,269,0.31637096405029297
1386,4,270,0.3784993290901184
1387,4,271,0.3480980098247528
1388,4,272,0.3577607274055481
1389,4,273,0.30133289098739624
1390,4,274,0.37392300367355347
1391,4,275,0.4439496099948883
1392,4,276,0.30873483419418335
1393,4,277,0.2791278064250946
1394,4,278,0.2962076961994171
1395,4,279,0.3078259527683258
1396,4,280,0.2631489038467407
1397,4,281,0.2886928915977478
1398,4,282,0.2506793141365051
1399,4,283,0.28654175996780396
1400,4,284,0.36659863591194153
1401,4,285,0.3284095525741577
1402,4,286,0.3234899640083313
1403,4,287,0.3365561068058014
1404,4,288,0.28426915407180786
1405,4,289,0.31292685866355896
1406,4,290,0.3056798577308655
1407,4,291,0.3837185800075531
1408,4,292,0.31999340653419495
1409,4,293,0.625163197517395
1410,4,294,0.33631306886672974
1411,4,295,0.32193416357040405
1412,4,296,0.31891632080078125
1413,4,297,0.32468315958976746
1414,4,298,0.29631203413009644
1415,4,299,0.34923240542411804
1416,4,300,0.306231826543808
1417,4,301,0.3157615661621094
1418,4,302,0.2966545522212982
1419,4,303,0.32779085636138916
1420,4,304,0.34765470027923584
1421,4,305,0.37458139657974243
1422,4,306,0.280067503452301
1423,4,307,0.3856108784675598
1424,4,308,0.3693825602531433
1425,4,309,0.29314151406288147
1426,4,310,0.4017607271671295
1427,4,311,0.31892383098602295
1428,4,312,0.3740665316581726
1429,4,313,0.3447527587413788
1430,4,314,0.3676214814186096
1431,4,315,0.7112112045288086
1432,4,316,0.3650054335594177
1433,4,317,0.44806161522865295
1434,4,318,0.2682421803474426
1435,4,319,0.3757583498954773
1436,4,320,0.3060019612312317
1437,4,321,0.3248389661312103
1438,4,322,0.29614365100860596
1439,4,323,0.31763163208961487
1440,4,324,0.30702105164527893
1441,4,325,0.32089096307754517
1442,4,326,0.2892003059387207
1443,4,327,0.31570082902908325
1444,4,328,0.3254184424877167
1445,4,329,0.3135315477848053
1446,4,330,0.3052021861076355
1447,4,331,0.2770746350288391
1448,4,332,0.3068144917488098
1449,4,333,0.2993088960647583
1450,4,334,0.31401482224464417
1451,4,335,0.43510371446609497
1452,4,336,0.283808171749115
1453,4,337,0.34092146158218384
1454,4,338,0.36309272050857544
1455,4,339,0.362970769405365
1456,4,340,0.3846094012260437
1457,4,341,0.29097890853881836
1458,4,342,0.2694755792617798
1459,4,343,0.4034724235534668
1460,4,344,0.31718021631240845
1461,4,345,0.31908899545669556
1462,4,346,0.39738643169403076
1463,4,347,0.3657503128051758
1464,4,348,0.2957668900489807
1465,4,349,0.32553279399871826
1466,4,350,0.3179570436477661
1467,4,351,0.35387927293777466
1468,4,352,0.30228570103645325
1469,4,353,0.2739594876766205
1470,4,354,0.2956134080886841
1471,4,355,0.32477623224258423
1472,4,356,0.31069764494895935
1473,4,357,0.26747241616249084
1474,4,358,0.36536067724227905
1475,4,359,0.3257705569267273
1476,4,360,0.42207399010658264
1477,4,361,0.25905054807662964
1478,4,362,0.38756659626960754
1479,4,363,0.28257280588150024
1480,4,364,0.4786202311515808
1481,4,365,0.33166182041168213
1482,4,366,0.3074367344379425
1483,4,367,0.32764190435409546
1484,4,368,0.315385103225708
1485,4,369,0.3662872910499573
1486,4,370,0.45110464096069336
1487,4,371,0.3340434432029724
1488,4,372,0.33406099677085876
1489,5,1,0.28448012471199036
1490,5,2,0.2823329567909241
1491,5,3,0.3413445055484772
1492,5,4,0.31360873579978943
1493,5,5,0.297600656747818
1494,5,6,0.31026843190193176
1495,5,7,0.3039175868034363
1496,5,8,0.3217018246650696
1497,5,9,0.26176658272743225
1498,5,10,0.3044981360435486
1499,5,11,0.2711581587791443
1500,5,12,0.3051101565361023
1501,5,13,0.3356207609176636
1502,5,14,0.4345827102661133
1503,5,15,0.3378623127937317
1504,5,16,0.3249332904815674
1505,5,17,0.32328951358795166
1506,5,18,0.2593333423137665
1507,5,19,0.35840168595314026
1508,5,20,0.297537237405777
1509,5,21,0.2905879020690918
1510,5,22,0.5406976938247681
1511,5,23,0.342072993516922
1512,5,24,0.3813958168029785
1513,5,25,0.31416669487953186
1514,5,26,0.3280452787876129
1515,5,27,0.31099802255630493
1516,5,28,0.2819719910621643
1517,5,29,0.4285023808479309
1518,5,30,0.3457339107990265
1519,5,31,0.37834984064102173
1520,5,32,0.33994901180267334
1521,5,33,0.31616881489753723
1522,5,34,0.28196948766708374
1523,5,35,0.28466135263442993
1524,5,36,0.271740585565567
1525,5,37,0.34177690744400024
1526,5,38,0.31661826372146606
1527,5,39,0.2987386882305145
1528,5,40,0.2649010717868805
1529,5,41,0.303415447473526
1530,5,42,0.3400218188762665
1531,5,43,0.3327176868915558
1532,5,44,0.2795094847679138
1533,5,45,0.2525327503681183
1534,5,46,0.4181636869907379
1535,5,47,0.264514297246933
1536,5,48,0.24197141826152802
1537,5,49,0.2859988510608673
1538,5,50,0.2822522521018982
1539,5,51,0.3105005621910095
1540,5,52,0.3477596640586853
1541,5,53,0.2680124342441559
1542,5,54,0.25810059905052185
1543,5,55,0.3790578246116638
1544,5,56,0.2582332193851471
1545,5,57,0.26285794377326965
1546,5,58,0.2689490020275116
1547,5,59,0.6284621357917786
1548,5,60,0.33476701378822327
1549,5,61,0.27184727787971497
1550,5,62,0.3412415087223053
1551,5,63,0.3202725946903229
1552,5,64,0.28843069076538086
1553,5,65,0.317134290933609
1554,5,66,0.27441513538360596
1555,5,67,0.28013405203819275
1556,5,68,0.3144490420818329
1557,5,69,0.287099689245224
1558,5,70,0.29598361253738403
1559,5,71,0.2636929452419281
1560,5,72,0.3452897071838379
1561,5,73,0.29081612825393677
1562,5,74,0.30885839462280273
1563,5,75,0.2693457305431366
1564,5,76,0.32950055599212646
1565,5,77,0.34292346239089966
1566,5,78,0.2897374629974365
1567,5,79,0.35792678594589233
1568,5,80,0.33033907413482666
1569,5,81,0.2686030864715576
1570,5,82,0.2929013669490814
1571,5,83,0.24529671669006348
1572,5,84,0.2849428057670593
1573,5,85,0.25905096530914307
1574,5,86,0.35112884640693665
1575,5,87,0.2938792109489441
1576,5,88,0.3366383910179138
1577,5,89,0.274186909198761
1578,5,90,0.34456560015678406
1579,5,91,0.41048187017440796
1580,5,92,0.29152563214302063
1581,5,93,0.32002195715904236
1582,5,94,0.25361841917037964
1583,5,95,0.2828764319419861
1584,5,96,0.26945605874061584
1585,5,97,0.31607550382614136
1586,5,98,0.30811402201652527
1587,5,99,0.2791787385940552
1588,5,100,0.29076021909713745
1589,5,101,0.2782686948776245
1590,5,102,0.266502320766449
1591,5,103,0.30262669920921326
1592,5,104,0.32148268818855286
1593,5,105,0.352397620677948
1594,5,106,0.3106120824813843
1595,5,107,0.3326265513896942
1596,5,108,0.3356088101863861
1597,5,109,0.44133782386779785
1598,5,110,0.30764040350914
1599,5,111,0.276141881942749
1600,5,112,0.3035918176174164
1601,5,113,0.26592740416526794
1602,5,114,0.23165813088417053
1603,5,115,0.29955485463142395
1604,5,116,0.26702871918678284
1605,5,117,0.29880228638648987
1606,5,118,0.2780776023864746
1607,5,119,0.29241859912872314
1608,5,120,0.7372106313705444
1609,5,121,0.3375115692615509
1610,5,122,0.30485010147094727
1611,5,123,0.30306506156921387
1612,5,124,0.3034511208534241
1613,5,125,0.2411719262599945
1614,5,126,0.34941619634628296
1615,5,127,0.2852577269077301
1616,5,128,0.37891674041748047
1617,5,129,0.5964348316192627
1618,5,130,0.35904309153556824
1619,5,131,0.2469376027584076
1620,5,132,0.23618605732917786
1621,5,133,0.35739144682884216
1622,5,134,0.29519352316856384
1623,5,135,0.4262896180152893
1624,5,136,0.2454737424850464
1625,5,137,0.31588679552078247
1626,5,138,0.3000405728816986
1627,5,139,0.29647189378738403
1628,5,140,0.28217601776123047
1629,5,141,0.29045626521110535
1630,5,142,0.2934698164463043
1631,5,143,0.2623617351055145
1632,5,144,0.22442881762981415
1633,5,145,0.26813921332359314
1634,5,146,0.29944729804992676
1635,5,147,0.27132242918014526
1636,5,148,0.28364259004592896
1637,5,149,0.2984798550605774
1638,5,150,0.5501876473426819
1639,5,151,0.29395416378974915
1640,5,152,0.31330177187919617
1641,5,153,0.27930372953414917
1642,5,154,0.2845146954059601
1643,5,155,0.32123810052871704
1644,5,156,0.3351273536682129
1645,5,157,0.2923905849456787
1646,5,158,0.30460503697395325
1647,5,159,0.23275014758110046
1648,5,160,0.3182298541069031
1649,5,161,0.300840824842453
1650,5,162,0.328700453042984
1651,5,163,0.3363500237464905
1652,5,164,0.25231650471687317
1653,5,165,0.2995968759059906
1654,5,166,0.2557190954685211
1655,5,167,0.2642940580844879
1656,5,168,0.2875749468803406
1657,5,169,0.26697438955307007
1658,5,170,0.2581374943256378
1659,5,171,0.26221269369125366
1660,5,172,0.25041013956069946
1661,5,173,0.31434136629104614
1662,5,174,0.3227803111076355
1663,5,175,0.3026423454284668
1664,5,176,0.4398020803928375
1665,5,177,0.3293914198875427
1666,5,178,0.31976374983787537
1667,5,179,0.2838011085987091
1668,5,180,0.2459724247455597
1669,5,181,0.27065902948379517
1670,5,182,0.29762381315231323
1671,5,183,0.305427610874176
1672,5,184,0.27235978841781616
1673,5,185,0.4354209303855896
1674,5,186,0.2919772267341614
1675,5,187,0.32158029079437256
1676,5,188,0.36334502696990967
1677,5,189,0.38000985980033875
1678,5,190,0.377214252948761
1679,5,191,0.3237316906452179
1680,5,192,0.34908372163772583
1681,5,193,0.23075143992900848
1682,5,194,0.3582305908203125
1683,5,195,0.3564782440662384
1684,5,196,0.27016395330429077
1685,5,197,0.2901809811592102
1686,5,198,0.4091094136238098
1687,5,199,0.274795264005661
1688,5,200,0.31504517793655396
1689,5,201,0.26831868290901184
1690,5,202,0.28242915868759155
1691,5,203,0.218098446726799
1692,5,204,0.29837512969970703
1693,5,205,0.28777214884757996
1694,5,206,0.23938429355621338
1695,5,207,0.289876252412796
1696,5,208,0.2774553894996643
1697,5,209,0.2200029343366623
1698,5,210,0.24339231848716736
1699,5,211,0.3486115336418152
1700,5,212,0.2714556157588959
1701,5,213,0.5557236671447754
1702,5,214,0.33318573236465454
1703,5,215,0.2701595425605774
1704,5,216,0.31528621912002563
1705,5,217,0.36700722575187683
1706,5,218,0.2695219814777374
1707,5,219,0.36212658882141113
1708,5,220,0.27955862879753113
1709,5,221,0.26813486218452454
1710,5,222,0.3044028878211975
1711,5,223,0.3077520728111267
1712,5,224,0.31155017018318176
1713,5,225,0.6333951950073242
1714,5,226,0.31436577439308167
1715,5,227,0.30503571033477783
1716,5,228,0.6038904190063477
1717,5,229,0.33408498764038086
1718,5,230,0.2704276442527771
1719,5,231,0.2715325355529785
1720,5,232,0.23398688435554504
1721,5,233,0.24727663397789001
1722,5,234,0.3760474920272827
1723,5,235,0.27271682024002075
1724,5,236,0.30954664945602417
1725,5,237,0.2879025936126709
1726,5,238,0.29940903186798096
1727,5,239,0.29123398661613464
1728,5,240,0.2758142352104187
1729,5,241,0.5674465894699097
1730,5,242,0.2993442416191101
1731,5,243,0.31408414244651794
1732,5,244,0.2765643298625946
1733,5,245,0.3558129668235779
1734,5,246,0.2605322003364563
1735,5,247,0.3227730095386505
1736,5,248,0.30369803309440613
1737,5,249,0.4312690794467926
1738,5,250,0.2813072204589844
1739,5,251,0.3351380228996277
1740,5,252,0.5193490982055664
1741,5,253,0.2566763162612915
1742,5,254,0.2861688733100891
1743,5,255,0.28501400351524353
1744,5,256,0.2219683825969696
1745,5,257,0.2810610234737396
1746,5,258,0.24183137714862823
1747,5,259,0.34441885352134705
1748,5,260,0.5637109279632568
1749,5,261,0.2931147515773773
1750,5,262,0.2922108471393585
1751,5,263,0.2902846038341522
1752,5,264,0.292187362909317
1753,5,265,0.36050301790237427
1754,5,266,0.2668411433696747
1755,5,267,0.2580525279045105
1756,5,268,0.2767013907432556
1757,5,269,0.255058228969574
1758,5,270,0.3713131844997406
1759,5,271,0.22848793864250183
1760,5,272,0.25681430101394653
1761,5,273,0.3009865880012512
1762,5,274,0.266526460647583
1763,5,275,0.3503798842430115
1764,5,276,0.32794517278671265
1765,5,277,0.2994370758533478
1766,5,278,0.36660414934158325
1767,5,279,0.30604788661003113
1768,5,280,0.41372036933898926
1769,5,281,0.2596327066421509
1770,5,282,0.3324149549007416
1771,5,283,0.2953142523765564
1772,5,284,0.28728100657463074
1773,5,285,0.2835661768913269
1774,5,286,0.2561987340450287
1775,5,287,0.30710577964782715
1776,5,288,0.24193818867206573
1777,5,289,0.2842026352882385
1778,5,290,0.33033108711242676
1779,5,291,0.324687659740448
1780,5,292,0.2513449788093567
1781,5,293,0.3944377899169922
1782,5,294,0.3491053879261017
1783,5,295,0.30941349267959595
1784,5,296,0.29458338022232056
1785,5,297,0.3020830750465393
1786,5,298,0.3734382092952728
1787,5,299,0.28091150522232056
1788,5,300,0.3629549443721771
1789,5,301,0.23933902382850647
1790,5,302,0.2742902636528015
1791,5,303,0.2804170548915863
1792,5,304,0.2870257496833801
1793,5,305,0.2633305490016937
1794,5,306,0.25605350732803345
1795,5,307,0.30463162064552307
1796,5,308,0.30118528008461
1797,5,309,0.2909546494483948
1798,5,310,0.24246597290039062
1799,5,311,0.2970873713493347
1800,5,312,0.3224514424800873
1801,5,313,0.39749056100845337
1802,5,314,0.2998611629009247
1803,5,315,0.2595926821231842
1804,5,316,0.28640466928482056
1805,5,317,0.2426622360944748
1806,5,318,0.2871735692024231
1807,5,319,0.29526621103286743
1808,5,320,0.2440745085477829
1809,5,321,0.26493167877197266
1810,5,322,0.2557447552680969
1811,5,323,0.3362930715084076
1812,5,324,0.3104548454284668
1813,5,325,0.38097772002220154
1814,5,326,0.28760355710983276
1815,5,327,0.21396812796592712
1816,5,328,0.3400896489620209
1817,5,329,0.2595338225364685
1818,5,330,0.24240386486053467
1819,5,331,0.27735644578933716
1820,5,332,0.32517966628074646
1821,5,333,0.291309654712677
1822,5,334,0.22028222680091858
1823,5,335,0.2889336943626404
1824,5,336,0.21292158961296082
1825,5,337,0.2447245568037033
1826,5,338,0.2619991898536682
1827,5,339,0.2664422392845154
1828,5,340,0.3343690037727356
1829,5,341,0.33087366819381714
1830,5,342,0.26308250427246094
1831,5,343,0.3417861759662628
1832,5,344,0.2592608630657196
1833,5,345,0.2909916043281555
1834,5,346,0.23286902904510498
1835,5,347,0.37043944001197815
1836,5,348,0.23709061741828918
1837,5,349,0.3144058287143707
1838,5,350,0.2234210968017578
1839,5,351,0.24314697086811066
1840,5,352,0.2891601324081421
1841,5,353,0.2513119876384735
1842,5,354,0.2742650806903839
1843,5,355,0.24109025299549103
1844,5,356,0.2789459824562073
1845,5,357,0.23703110218048096
1846,5,358,0.3494250178337097
1847,5,359,0.2675324082374573
1848,5,360,0.31416988372802734
1849,5,361,0.29013440012931824
1850,5,362,0.2400725781917572
1851,5,363,0.2742595374584198
1852,5,364,0.2743762731552124
1853,5,365,0.41835013031959534
1854,5,366,0.274610698223114
1855,5,367,0.29968923330307007
1856,5,368,0.26902803778648376
1857,5,369,0.29099807143211365
1858,5,370,0.28928521275520325
1859,5,371,0.3086094260215759
1860,5,372,0.3589194715023041
1861,6,1,0.40016597509384155
1862,6,2,0.26988327503204346
1863,6,3,0.3126666247844696
1864,6,4,0.26589545607566833
1865,6,5,0.3405586779117584
1866,6,6,0.3089922070503235
1867,6,7,0.2370053082704544
1868,6,8,0.25751179456710815
1869,6,9,0.47466588020324707
1870,6,10,0.2373448610305786
1871,6,11,0.2941604554653168
1872,6,12,0.26443013548851013
1873,6,13,0.24106569588184357
1874,6,14,0.2300233393907547
1875,6,15,0.2790243923664093
1876,6,16,0.2533353865146637
1877,6,17,0.27788788080215454
1878,6,18,0.29434314370155334
1879,6,19,0.24220450222492218
1880,6,20,0.28510990738868713
1881,6,21,0.24208562076091766
1882,6,22,0.29872044920921326
1883,6,23,0.3096688985824585
1884,6,24,0.25515246391296387
1885,6,25,0.2600685656070709
1886,6,26,0.2576633393764496
1887,6,27,0.28542134165763855
1888,6,28,0.3359512686729431
1889,6,29,0.25639230012893677
1890,6,30,0.28827956318855286
1891,6,31,0.27356308698654175
1892,6,32,0.2421184480190277
1893,6,33,0.2731545567512512
1894,6,34,0.31918686628341675
1895,6,35,0.2876753807067871
1896,6,36,0.3052767515182495
1897,6,37,0.27269476652145386
1898,6,38,0.3392857611179352
1899,6,39,0.512687087059021
1900,6,40,0.29112643003463745
1901,6,41,0.30652499198913574
1902,6,42,0.26894107460975647
1903,6,43,0.29705291986465454
1904,6,44,0.2666170001029968
1905,6,45,0.2751117944717407
1906,6,46,0.27405452728271484
1907,6,47,0.2871171236038208
1908,6,48,0.3233659267425537
1909,6,49,0.27610036730766296
1910,6,50,0.3093760013580322
1911,6,51,0.29047998785972595
1912,6,52,0.27564650774002075
1913,6,53,0.2670208811759949
1914,6,54,0.26431983709335327
1915,6,55,0.2549498677253723
1916,6,56,0.2625238597393036
1917,6,57,0.23584964871406555
1918,6,58,0.28829115629196167
1919,6,59,0.2443140745162964
1920,6,60,0.25283896923065186
1921,6,61,0.2680498957633972
1922,6,62,0.3200210630893707
1923,6,63,0.23795545101165771
1924,6,64,0.2314087599515915
1925,6,65,0.45872730016708374
1926,6,66,0.30059510469436646
1927,6,67,0.2476155310869217
1928,6,68,0.2959756553173065
1929,6,69,0.29041412472724915
1930,6,70,0.2928161025047302
1931,6,71,0.2535925507545471
1932,6,72,0.2867080271244049
1933,6,73,0.3377893567085266
1934,6,74,0.32008370757102966
1935,6,75,0.2924745976924896
1936,6,76,0.3058719038963318
1937,6,77,0.2510852813720703
1938,6,78,0.2799483835697174
1939,6,79,0.2384624481201172
1940,6,80,0.2754727005958557
1941,6,81,0.2623622715473175
1942,6,82,0.2312549650669098
1943,6,83,0.26099175214767456
1944,6,84,0.21922186017036438
1945,6,85,0.24414563179016113
1946,6,86,0.2626970708370209
1947,6,87,0.3060179352760315
1948,6,88,0.3100096881389618
1949,6,89,0.27287617325782776
1950,6,90,0.2784114480018616
1951,6,91,0.2615547180175781
1952,6,92,0.27701008319854736
1953,6,93,0.2995713949203491
1954,6,94,0.2358417809009552
1955,6,95,0.2700181305408478
1956,6,96,0.25836217403411865
1957,6,97,0.2689898610115051
1958,6,98,0.2710399925708771
1959,6,99,0.25445079803466797
1960,6,100,0.2984195351600647
1961,6,101,0.2637336850166321
1962,6,102,0.2559628486633301
1963,6,103,0.49706536531448364
1964,6,104,0.4736906886100769
1965,6,105,0.263885498046875
1966,6,106,0.5785007476806641
1967,6,107,0.3205725848674774
1968,6,108,0.2740485370159149
1969,6,109,0.3272598385810852
1970,6,110,0.3578038811683655
1971,6,111,0.2272537648677826
1972,6,112,0.2618918716907501
1973,6,113,0.3227200508117676
1974,6,114,0.33554649353027344
1975,6,115,0.25060564279556274
1976,6,116,0.2539997100830078
1977,6,117,0.267900288105011
1978,6,118,0.37825125455856323
1979,6,119,0.20903897285461426
1980,6,120,0.22756297886371613
1981,6,121,0.26323288679122925
1982,6,122,0.2902960777282715
1983,6,123,0.27564525604248047
1984,6,124,0.5216367244720459
1985,6,125,0.25000253319740295
1986,6,126,0.2353954315185547
1987,6,127,0.36705753207206726
1988,6,128,0.27436038851737976
1989,6,129,0.37166574597358704
1990,6,130,0.25051623582839966
1991,6,131,0.23027443885803223
1992,6,132,0.25482475757598877
1993,6,133,0.26395994424819946
1994,6,134,0.2543897330760956
1995,6,135,0.33971232175827026
1996,6,136,0.23516254127025604
1997,6,137,0.30427175760269165
1998,6,138,0.3141023516654968
1999,6,139,0.27483540773391724
2000,6,140,0.2551869750022888
2001,6,141,0.31508737802505493
2002,6,142,0.2816672921180725
2003,6,143,0.23621618747711182
2004,6,144,0.3032757341861725
2005,6,145,0.2571771740913391
2006,6,146,0.25978580117225647
2007,6,147,0.24538986384868622
2008,6,148,0.22707009315490723
2009,6,149,0.2616346478462219
2010,6,150,0.28809842467308044
2011,6,151,0.3088192343711853
2012,6,152,0.2653054893016815
2013,6,153,0.27143803238868713
2014,6,154,0.24606671929359436
2015,6,155,0.27127447724342346
2016,6,156,0.2841253876686096
2017,6,157,0.2661258280277252
2018,6,158,0.2998376786708832
2019,6,159,0.28837794065475464
2020,6,160,0.31196141242980957
2021,6,161,0.2406921684741974
2022,6,162,0.2738216519355774
2023,6,163,0.33482468128204346
2024,6,164,0.28088176250457764
2025,6,165,0.2582398056983948
2026,6,166,0.267465204000473
2027,6,167,0.2599030137062073
2028,6,168,0.23724596202373505
2029,6,169,0.2534739673137665
2030,6,170,0.26397714018821716
2031,6,171,0.26094502210617065
2032,6,172,0.2485644817352295
2033,6,173,0.24149449169635773
2034,6,174,0.27911868691444397
2035,6,175,0.2799866199493408
2036,6,176,0.2998836636543274
2037,6,177,0.2515586018562317
2038,6,178,0.2772229015827179
2039,6,179,0.2241297960281372
2040,6,180,0.24975533783435822
2041,6,181,0.29878976941108704
2042,6,182,0.2380083054304123
2043,6,183,0.24388206005096436
2044,6,184,0.27318885922431946
2045,6,185,0.25585490465164185
2046,6,186,0.29126936197280884
2047,6,187,0.26255378127098083
2048,6,188,0.31628233194351196
2049,6,189,0.33441027998924255
2050,6,190,0.2586827576160431
2051,6,191,0.36534589529037476
2052,6,192,0.2035737782716751
2053,6,193,0.2765277326107025
2054,6,194,0.2642499506473541
2055,6,195,0.2830474376678467
2056,6,196,0.29924553632736206
2057,6,197,0.2530224621295929
2058,6,198,0.23950037360191345
2059,6,199,0.20837096869945526
2060,6,200,0.2975749969482422
2061,6,201,0.28743505477905273
2062,6,202,0.26125240325927734
2063,6,203,0.308450311422348
2064,6,204,0.2693098187446594
2065,6,205,0.2747538089752197
2066,6,206,0.2532189190387726
2067,6,207,0.2599855959415436
2068,6,208,0.345358282327652
2069,6,209,0.20099154114723206
2070,6,210,0.2561083137989044
2071,6,211,0.2030528336763382
2072,6,212,0.2857465147972107
2073,6,213,0.3649510145187378
2074,6,214,0.2564721703529358
2075,6,215,0.2925206124782562
2076,6,216,0.26072394847869873
2077,6,217,0.23348784446716309
2078,6,218,0.24448168277740479
2079,6,219,0.23434197902679443
2080,6,220,0.27915075421333313
2081,6,221,0.2489066869020462
2082,6,222,0.2510058283805847
2083,6,223,0.29157671332359314
2084,6,224,0.26269522309303284
2085,6,225,0.2632003724575043
2086,6,226,0.2653001844882965
2087,6,227,0.23192016780376434
2088,6,228,0.27185386419296265
2089,6,229,0.21740321815013885
2090,6,230,0.21905311942100525
2091,6,231,0.2681357264518738
2092,6,232,0.2514812648296356
2093,6,233,0.23452802002429962
2094,6,234,0.24848918616771698
2095,6,235,0.24803075194358826
2096,6,236,0.28506433963775635
2097,6,237,0.23126986622810364
2098,6,238,0.3754499554634094
2099,6,239,0.27739787101745605
2100,6,240,0.28069061040878296
2101,6,241,0.27824947237968445
2102,6,242,0.29970842599868774
2103,6,243,0.23455378413200378
2104,6,244,0.2295827567577362
2105,6,245,0.22522108256816864
2106,6,246,0.20702774822711945
2107,6,247,0.2615280747413635
2108,6,248,0.30907586216926575
2109,6,249,0.25814205408096313
2110,6,250,0.520052433013916
2111,6,251,0.23696723580360413
2112,6,252,0.21577632427215576
2113,6,253,0.23327820003032684
2114,6,254,0.28416016697883606
2115,6,255,0.31980007886886597
2116,6,256,0.255952388048172
2117,6,257,0.263152539730072
2118,6,258,0.25113892555236816
2119,6,259,0.20775330066680908
2120,6,260,0.2826312184333801
2121,6,261,0.25104182958602905
2122,6,262,0.2705628573894501
2123,6,263,0.3224521577358246
2124,6,264,0.23001687228679657
2125,6,265,0.23933935165405273
2126,6,266,0.32301539182662964
2127,6,267,0.290885865688324
2128,6,268,0.42112642526626587
2129,6,269,0.24433442950248718
2130,6,270,0.23782415688037872
2131,6,271,0.26354914903640747
2132,6,272,0.23725676536560059
2133,6,273,0.3100605010986328
2134,6,274,0.26211801171302795
2135,6,275,0.2849535644054413
2136,6,276,0.24756407737731934
2137,6,277,0.23737339675426483
2138,6,278,0.25038376450538635
2139,6,279,0.2936811149120331
2140,6,280,0.2663784921169281
2141,6,281,0.25510868430137634
2142,6,282,0.2650699019432068
2143,6,283,0.2939506471157074
2144,6,284,0.2573949098587036
2145,6,285,0.2402631938457489
2146,6,286,0.24648244678974152
2147,6,287,0.23454761505126953
2148,6,288,0.3197993040084839
2149,6,289,0.2492481768131256
2150,6,290,0.2898251712322235
2151,6,291,0.23835226893424988
2152,6,292,0.25356024503707886
2153,6,293,0.3251533508300781
2154,6,294,0.22754092514514923
2155,6,295,0.24899280071258545
2156,6,296,0.37306106090545654
2157,6,297,0.22007644176483154
2158,6,298,0.23564425110816956
2159,6,299,0.23079951107501984
2160,6,300,0.2553774118423462
2161,6,301,0.2561699151992798
2162,6,302,0.24917402863502502
2163,6,303,0.26846519112586975
2164,6,304,0.30855345726013184
2165,6,305,0.2470705211162567
2166,6,306,0.22062715888023376
2167,6,307,0.36432233452796936
2168,6,308,0.2631949186325073
2169,6,309,0.22346870601177216
2170,6,310,0.2669277787208557
2171,6,311,0.26683279871940613
2172,6,312,0.2524157166481018
2173,6,313,0.2527307868003845
2174,6,314,0.25919240713119507
2175,6,315,0.2903258800506592
2176,6,316,0.28200381994247437
2177,6,317,0.5689831376075745
2178,6,318,0.5367962121963501
2179,6,319,0.25799357891082764
2180,6,320,0.23972685635089874
2181,6,321,0.26686203479766846
2182,6,322,0.2316046953201294
2183,6,323,0.25035539269447327
2184,6,324,0.26211005449295044
2185,6,325,0.25798362493515015
2186,6,326,0.24292150139808655
2187,6,327,0.24272260069847107
2188,6,328,0.26956814527511597
2189,6,329,0.3075072169303894
2190,6,330,0.24425747990608215
2191,6,331,0.20741944015026093
2192,6,332,0.2727062702178955
2193,6,333,0.2507271468639374
2194,6,334,0.22572322189807892
2195,6,335,0.23867645859718323
2196,6,336,0.29278290271759033
2197,6,337,0.31147637963294983
2198,6,338,0.21486306190490723
2199,6,339,0.3057762384414673
2200,6,340,0.24105437099933624
2201,6,341,0.2944490611553192
2202,6,342,0.4675065875053406
2203,6,343,0.22055873274803162
2204,6,344,0.22574906051158905
2205,6,345,0.3776482045650482
2206,6,346,0.3619232177734375
2207,6,347,0.26870492100715637
2208,6,348,0.24022045731544495
2209,6,349,0.23515565693378448
2210,6,350,0.2428094446659088
2211,6,351,0.24621868133544922
2212,6,352,0.23096100986003876
2213,6,353,0.25168389081954956
2214,6,354,0.2845814824104309
2215,6,355,0.48959875106811523
2216,6,356,0.26646772027015686
2217,6,357,0.317190557718277
2218,6,358,0.29265156388282776
2219,6,359,0.26598379015922546
2220,6,360,0.2650115489959717
2221,6,361,0.28574657440185547
2222,6,362,0.23855213820934296
2223,6,363,0.25103315711021423
2224,6,364,0.2723469138145447
2225,6,365,0.2599049508571625
2226,6,366,0.35090166330337524
2227,6,367,0.27201956510543823
2228,6,368,0.2835004925727844
2229,6,369,0.25051718950271606
2230,6,370,0.2286738157272339
2231,6,371,0.32749298214912415
2232,6,372,0.34342628717422485
2233,7,1,0.20607364177703857
2234,7,2,0.2315884381532669
2235,7,3,0.24173545837402344
2236,7,4,0.20308074355125427
2237,7,5,0.2656100392341614
2238,7,6,0.2351035326719284
2239,7,7,0.2532583475112915
2240,7,8,0.29053622484207153
2241,7,9,0.2419584095478058
2242,7,10,0.22932004928588867
2243,7,11,0.2606894373893738
2244,7,12,0.33721351623535156
2245,7,13,0.26850274205207825
2246,7,14,0.25218743085861206
2247,7,15,0.23677194118499756
2248,7,16,0.2862413227558136
2249,7,17,0.19672366976737976
2250,7,18,0.29577597975730896
2251,7,19,0.24262984097003937
2252,7,20,0.2536211609840393
2253,7,21,0.4320124089717865
2254,7,22,0.2373357117176056
2255,7,23,0.27151012420654297
2256,7,24,0.2331179827451706
2257,7,25,0.240599125623703
2258,7,26,0.2806193232536316
2259,7,27,0.2597058415412903
2260,7,28,0.24989695847034454
2261,7,29,0.2662675976753235
2262,7,30,0.23223857581615448
2263,7,31,0.1921267956495285
2264,7,32,0.30929744243621826
2265,7,33,0.31410297751426697
2266,7,34,0.24191221594810486
2267,7,35,0.23594169318675995
2268,7,36,0.24976325035095215
2269,7,37,0.21734559535980225
2270,7,38,0.23545527458190918
2271,7,39,0.23090562224388123
2272,7,40,0.24583372473716736
2273,7,41,0.23022499680519104
2274,7,42,0.23197177052497864
2275,7,43,0.22847655415534973
2276,7,44,0.2594730257987976
2277,7,45,0.19516536593437195
2278,7,46,0.26763346791267395
2279,7,47,0.279521644115448
2280,7,48,0.20855359733104706
2281,7,49,0.21576817333698273
2282,7,50,0.23770606517791748
2283,7,51,0.24497132003307343
2284,7,52,0.23428988456726074
2285,7,53,0.24911077320575714
2286,7,54,0.21157100796699524
2287,7,55,0.24351660907268524
2288,7,56,0.29676246643066406
2289,7,57,0.24561040103435516
2290,7,58,0.2837536931037903
2291,7,59,0.2630065977573395
2292,7,60,0.31246671080589294
2293,7,61,0.21311643719673157
2294,7,62,0.23214855790138245
2295,7,63,0.22019076347351074
2296,7,64,0.2502029240131378
2297,7,65,0.2398141622543335
2298,7,66,0.21391431987285614
2299,7,67,0.2161615639925003
2300,7,68,0.2523799240589142
2301,7,69,0.2534627616405487
2302,7,70,0.25375768542289734
2303,7,71,0.3196015954017639
2304,7,72,0.25010398030281067
2305,7,73,0.22490115463733673
2306,7,74,0.21726050972938538
2307,7,75,0.2411879599094391
2308,7,76,0.25595173239707947
2309,7,77,0.22906199097633362
2310,7,78,0.23377232253551483
2311,7,79,0.21259990334510803
2312,7,80,0.47065287828445435
2313,7,81,0.1956920325756073
2314,7,82,0.2326296865940094
2315,7,83,0.2656477093696594
2316,7,84,0.26549336314201355
2317,7,85,0.3007332980632782
2318,7,86,0.2249923050403595
2319,7,87,0.26774871349334717
2320,7,88,0.24269822239875793
2321,7,89,0.2757211923599243
2322,7,90,0.2948574423789978
2323,7,91,0.31819647550582886
2324,7,92,0.25822433829307556
2325,7,93,0.23973362147808075
2326,7,94,0.18941539525985718
2327,7,95,0.27320754528045654
2328,7,96,0.24134144186973572
2329,7,97,0.30519649386405945
2330,7,98,0.23941385746002197
2331,7,99,0.2601972222328186
2332,7,100,0.2692285180091858
2333,7,101,0.261197030544281
2334,7,102,0.27518826723098755
2335,7,103,0.22169359028339386
2336,7,104,0.2707304060459137
2337,7,105,0.23704543709754944
2338,7,106,0.23229941725730896
2339,7,107,0.2897180914878845
2340,7,108,0.21779625117778778
2341,7,109,0.22744262218475342
2342,7,110,0.24659974873065948
2343,7,111,0.22473156452178955
2344,7,112,0.19733954966068268
2345,7,113,0.3406628668308258
2346,7,114,0.2630517780780792
2347,7,115,0.2734057903289795
2348,7,116,0.24274957180023193
2349,7,117,0.22373807430267334
2350,7,118,0.43627724051475525
2351,7,119,0.20298857986927032
2352,7,120,0.3207327723503113
2353,7,121,0.2707313895225525
2354,7,122,0.21207797527313232
2355,7,123,0.24064895510673523
2356,7,124,0.23248426616191864
2357,7,125,0.3216806948184967
2358,7,126,0.2199603021144867
2359,7,127,0.24362489581108093
2360,7,128,0.2719627022743225
2361,7,129,0.2675003111362457
2362,7,130,0.2256377637386322
2363,7,131,0.222659632563591
2364,7,132,0.2448328733444214
2365,7,133,0.30744093656539917
2366,7,134,0.2656741440296173
2367,7,135,0.24757644534111023
2368,7,136,0.2658873498439789
2369,7,137,0.24272075295448303
2370,7,138,0.29223766922950745
2371,7,139,0.25796565413475037
2372,7,140,0.3216645121574402
2373,7,141,0.23351061344146729
2374,7,142,0.22234246134757996
2375,7,143,0.28346848487854004
2376,7,144,0.20379528403282166
2377,7,145,0.4959602355957031
2378,7,146,0.23838138580322266
2379,7,147,0.22165293991565704
2380,7,148,0.24473485350608826
2381,7,149,0.21570928394794464
2382,7,150,0.25607025623321533
2383,7,151,0.24885523319244385
2384,7,152,0.27936094999313354
2385,7,153,0.22167226672172546
2386,7,154,0.22271017730236053
2387,7,155,0.26004281640052795
2388,7,156,0.27405649423599243
2389,7,157,0.26157787442207336
2390,7,158,0.2621346116065979
2391,7,159,0.22930631041526794
2392,7,160,0.2206864058971405
2393,7,161,0.22543486952781677
2394,7,162,0.22999122738838196
2395,7,163,0.19018340110778809
2396,7,164,0.20412632822990417
2397,7,165,0.23531301319599152
2398,7,166,0.2203083485364914
2399,7,167,0.2231297492980957
2400,7,168,0.268277645111084
2401,7,169,0.23638427257537842
2402,7,170,0.2698623538017273
2403,7,171,0.22224514186382294
2404,7,172,0.18959610164165497
2405,7,173,0.22201721370220184
2406,7,174,0.2362898588180542
2407,7,175,0.22245216369628906
2408,7,176,0.2766224145889282
2409,7,177,0.30232033133506775
2410,7,178,0.22503575682640076
2411,7,179,0.2567615807056427
2412,7,180,0.21660523116588593
2413,7,181,0.28043776750564575
2414,7,182,0.2712574005126953
2415,7,183,0.24719074368476868
2416,7,184,0.22400157153606415
2417,7,185,0.23638105392456055
2418,7,186,0.2380019873380661
2419,7,187,0.1963406801223755
2420,7,188,0.24607157707214355
2421,7,189,0.20370474457740784
2422,7,190,0.2671656012535095
2423,7,191,0.21169829368591309
2424,7,192,0.27097639441490173
2425,7,193,0.27963972091674805
2426,7,194,0.2448425590991974
2427,7,195,0.2639351487159729
2428,7,196,0.2323656529188156
2429,7,197,0.24237540364265442
2430,7,198,0.24350865185260773
2431,7,199,0.2471705675125122
2432,7,200,0.2241988629102707
2433,7,201,0.2710873782634735
2434,7,202,0.2622556686401367
2435,7,203,0.2895682454109192
2436,7,204,0.27588003873825073
2437,7,205,0.47051048278808594
2438,7,206,0.20013804733753204
2439,7,207,0.19353465735912323
2440,7,208,0.211746484041214
2441,7,209,0.24317315220832825
2442,7,210,0.21716411411762238
2443,7,211,0.19995084404945374
2444,7,212,0.2231977880001068
2445,7,213,0.22315764427185059
2446,7,214,0.2444663941860199
2447,7,215,0.22507885098457336
2448,7,216,0.24362774193286896
2449,7,217,0.2654116749763489
2450,7,218,0.2349906861782074
2451,7,219,0.2582603991031647
2452,7,220,0.23939187824726105
2453,7,221,0.21390028297901154
2454,7,222,0.20686876773834229
2455,7,223,0.232486292719841
2456,7,224,0.2828747034072876
2457,7,225,0.46262961626052856
2458,7,226,0.25609904527664185
2459,7,227,0.27224594354629517
2460,7,228,0.2907419800758362
2461,7,229,0.24450919032096863
2462,7,230,0.22502851486206055
2463,7,231,0.20491404831409454
2464,7,232,0.2171802967786789
2465,7,233,0.21882815659046173
2466,7,234,0.24614612758159637
2467,7,235,0.21694326400756836
2468,7,236,0.2475997507572174
2469,7,237,0.21352949738502502
2470,7,238,0.18204641342163086
2471,7,239,0.2108423262834549
2472,7,240,0.22907081246376038
2473,7,241,0.23891091346740723
2474,7,242,0.22407083213329315
2475,7,243,0.21474888920783997
2476,7,244,0.28418123722076416
2477,7,245,0.19903819262981415
2478,7,246,0.17524175345897675
2479,7,247,0.22986873984336853
2480,7,248,0.2600004971027374
2481,7,249,0.2479936182498932
2482,7,250,0.3706568777561188
2483,7,251,0.339905321598053
2484,7,252,0.2521008849143982
2485,7,253,0.2430395632982254
2486,7,254,0.26378241181373596
2487,7,255,0.22268633544445038
2488,7,256,0.2628001570701599
2489,7,257,0.20642845332622528
2490,7,258,0.19774110615253448
2491,7,259,0.2025539129972458
2492,7,260,0.25935155153274536
2493,7,261,0.2244642674922943
2494,7,262,0.2422606199979782
2495,7,263,0.4791739881038666
2496,7,264,0.23588714003562927
2497,7,265,0.26888805627822876
2498,7,266,0.2691909670829773
2499,7,267,0.2368966042995453
2500,7,268,0.2880299985408783
2501,7,269,0.2254662960767746
2502,7,270,0.2614924907684326
2503,7,271,0.2311849147081375
2504,7,272,0.24470964074134827
2505,7,273,0.25338518619537354
2506,7,274,0.20018748939037323
2507,7,275,0.2629270851612091
2508,7,276,0.24586713314056396
2509,7,277,0.29792922735214233
2510,7,278,0.20667323470115662
2511,7,279,0.29794007539749146
2512,7,280,0.2418672740459442
2513,7,281,0.2537256181240082
2514,7,282,0.49413642287254333
2515,7,283,0.22889301180839539
2516,7,284,0.25529226660728455
2517,7,285,0.340487539768219
2518,7,286,0.24130406975746155
2519,7,287,0.22269800305366516
2520,7,288,0.26715540885925293
2521,7,289,0.24213680624961853
2522,7,290,0.18992874026298523
2523,7,291,0.25105807185173035
2524,7,292,0.24993865191936493
2525,7,293,0.20935538411140442
2526,7,294,0.22769169509410858
2527,7,295,0.44796648621559143
2528,7,296,0.21426701545715332
2529,7,297,0.2723277807235718
2530,7,298,0.21965035796165466
2531,7,299,0.23850639164447784
2532,7,300,0.21726956963539124
2533,7,301,0.24615442752838135
2534,7,302,0.25270530581474304
2535,7,303,0.22066780924797058
2536,7,304,0.2222001552581787
2537,7,305,0.31033194065093994
2538,7,306,0.2594863176345825
2539,7,307,0.4224614202976227
2540,7,308,0.2215741127729416
2541,7,309,0.380003958940506
2542,7,310,0.22630195319652557
2543,7,311,0.21332576870918274
2544,7,312,0.2317415028810501
2545,7,313,0.2597384452819824
2546,7,314,0.234333798289299
2547,7,315,0.2359580248594284
2548,7,316,0.25872597098350525
2549,7,317,0.23263724148273468
2550,7,318,0.24524731934070587
2551,7,319,0.2371523380279541
2552,7,320,0.23407778143882751
2553,7,321,0.2741599380970001
2554,7,322,0.2935331165790558
2555,7,323,0.24484539031982422
2556,7,324,0.23324064910411835
2557,7,325,0.25542914867401123
2558,7,326,0.24833151698112488
2559,7,327,0.23730508983135223
2560,7,328,0.2083403617143631
2561,7,329,0.24439771473407745
2562,7,330,0.2370714396238327
2563,7,331,0.21295718848705292
2564,7,332,0.27139949798583984
2565,7,333,0.35800227522850037
2566,7,334,0.2520812749862671
2567,7,335,0.24593281745910645
2568,7,336,0.23284044861793518
2569,7,337,0.24456115067005157
2570,7,338,0.21980611979961395
2571,7,339,0.28223082423210144
2572,7,340,0.27015432715415955
2573,7,341,0.24377498030662537
2574,7,342,0.23198232054710388
2575,7,343,0.2138245552778244
2576,7,344,0.32961493730545044
2577,7,345,0.24687501788139343
2578,7,346,0.24103417992591858
2579,7,347,0.2583584189414978
2580,7,348,0.2421989142894745
2581,7,349,0.2494949996471405
2582,7,350,0.3242991864681244
2583,7,351,0.2462279498577118
2584,7,352,0.24432890117168427
2585,7,353,0.17845439910888672
2586,7,354,0.23608684539794922
2587,7,355,0.2674436569213867
2588,7,356,0.24093285202980042
2589,7,357,0.25427281856536865
2590,7,358,0.23251695930957794
2591,7,359,0.18037500977516174
2592,7,360,0.28935712575912476
2593,7,361,0.2788054645061493
2594,7,362,0.23417823016643524
2595,7,363,0.27598583698272705
2596,7,364,0.2856394052505493
2597,7,365,0.2076558619737625
2598,7,366,0.2426397055387497
2599,7,367,0.2756916880607605
2600,7,368,0.24043793976306915
2601,7,369,0.22811055183410645
2602,7,370,0.24102775752544403
2603,7,371,0.25942033529281616
2604,7,372,0.20257197320461273
2605,8,1,0.3393690586090088
2606,8,2,0.24525479972362518
2607,8,3,0.19768741726875305
2608,8,4,0.22407107055187225
2609,8,5,0.20531758666038513
2610,8,6,0.24424099922180176
2611,8,7,0.25722917914390564
2612,8,8,0.22147171199321747
2613,8,9,0.2271914780139923
2614,8,10,0.2597084641456604
2615,8,11,0.24501533806324005
2616,8,12,0.2340397834777832
2617,8,13,0.2993587851524353
2618,8,14,0.19516535103321075
2619,8,15,0.22988533973693848
2620,8,16,0.20743444561958313
2621,8,17,0.22527360916137695
2622,8,18,0.28017657995224
2623,8,19,0.24436552822589874
2624,8,20,0.2430172860622406
2625,8,21,0.234088733792305
2626,8,22,0.21786639094352722
2627,8,23,0.2358003854751587
2628,8,24,0.1863602101802826
2629,8,25,0.21419210731983185
2630,8,26,0.1768815815448761
2631,8,27,0.22819733619689941
2632,8,28,0.21255719661712646
2633,8,29,0.2154347449541092
2634,8,30,0.2855926752090454
2635,8,31,0.22191575169563293
2636,8,32,0.19684143364429474
2637,8,33,0.5037388205528259
2638,8,34,0.23250189423561096
2639,8,35,0.22992685437202454
2640,8,36,0.21749314665794373
2641,8,37,0.22863814234733582
2642,8,38,0.19609089195728302
2643,8,39,0.2869824767112732
2644,8,40,0.22866764664649963
2645,8,41,0.20252780616283417
2646,8,42,0.2534807026386261
2647,8,43,0.2248471975326538
2648,8,44,0.23494067788124084
2649,8,45,0.18797633051872253
2650,8,46,0.209574893116951
2651,8,47,0.205226868391037
2652,8,48,0.2153688669204712
2653,8,49,0.22886709868907928
2654,8,50,0.2073860615491867
2655,8,51,0.23369459807872772
2656,8,52,0.24077823758125305
2657,8,53,0.35474905371665955
2658,8,54,0.22706475853919983
2659,8,55,0.19394932687282562
2660,8,56,0.19751736521720886
2661,8,57,0.1934194266796112
2662,8,58,0.21303865313529968
2663,8,59,0.22291824221611023
2664,8,60,0.23942120373249054
2665,8,61,0.23442736268043518
2666,8,62,0.21274113655090332
2667,8,63,0.19489069283008575
2668,8,64,0.17103560268878937
2669,8,65,0.23827850818634033
2670,8,66,0.20236623287200928
2671,8,67,0.23212656378746033
2672,8,68,0.2989256978034973
2673,8,69,0.24023830890655518
2674,8,70,0.21670906245708466
2675,8,71,0.19803375005722046
2676,8,72,0.3641440272331238
2677,8,73,0.20402081310749054
2678,8,74,0.19306527078151703
2679,8,75,0.20439870655536652
2680,8,76,0.2985359728336334
2681,8,77,0.22976422309875488
2682,8,78,0.2579383850097656
2683,8,79,0.28144487738609314
2684,8,80,0.23459367454051971
2685,8,81,0.25083810091018677
2686,8,82,0.2607230246067047
2687,8,83,0.24218542873859406
2688,8,84,0.2737685441970825
2689,8,85,0.21437117457389832
2690,8,86,0.1904384344816208
2691,8,87,0.19103439152240753
2692,8,88,0.22576594352722168
2693,8,89,0.22865259647369385
2694,8,90,0.1999741792678833
2695,8,91,0.23991353809833527
2696,8,92,0.21687766909599304
2697,8,93,0.23966927826404572
2698,8,94,0.23033519089221954
2699,8,95,0.18716740608215332
2700,8,96,0.21590793132781982
2701,8,97,0.2022438496351242
2702,8,98,0.2048599272966385
2703,8,99,0.21179556846618652
2704,8,100,0.20562370121479034
2705,8,101,0.2040403187274933
2706,8,102,0.2244407832622528
2707,8,103,0.18965592980384827
2708,8,104,0.23617883026599884
2709,8,105,0.2154550999403
2710,8,106,0.20368289947509766
2711,8,107,0.1995719075202942
2712,8,108,0.2576635777950287
2713,8,109,0.19294187426567078
2714,8,110,0.2488013505935669
2715,8,111,0.2123279869556427
2716,8,112,0.21837761998176575
2717,8,113,0.30788129568099976
2718,8,114,0.22013556957244873
2719,8,115,0.21310004591941833
2720,8,116,0.20858141779899597
2721,8,117,0.24904648959636688
2722,8,118,0.2009005844593048
2723,8,119,0.19186259806156158
2724,8,120,0.18375031650066376
2725,8,121,0.2406763732433319
2726,8,122,0.24175365269184113
2727,8,123,0.2409520149230957
2728,8,124,0.21476829051971436
2729,8,125,0.26663604378700256
2730,8,126,0.19256171584129333
2731,8,127,0.2634372115135193
2732,8,128,0.3000430464744568
2733,8,129,0.26842212677001953
2734,8,130,0.2176414430141449
2735,8,131,0.2285412847995758
2736,8,132,0.20400230586528778
2737,8,133,0.24028007686138153
2738,8,134,0.17714165151119232
2739,8,135,0.22512130439281464
2740,8,136,0.25522691011428833
2741,8,137,0.20637309551239014
2742,8,138,0.2717370390892029
2743,8,139,0.24071669578552246
2744,8,140,0.19041261076927185
2745,8,141,0.27476048469543457
2746,8,142,0.18581917881965637
2747,8,143,0.3012736141681671
2748,8,144,0.2558795213699341
2749,8,145,0.20460101962089539
2750,8,146,0.2297171801328659
2751,8,147,0.2134288251399994
2752,8,148,0.1963403820991516
2753,8,149,0.20508213341236115
2754,8,150,0.24526913464069366
2755,8,151,0.22854900360107422
2756,8,152,0.2292291224002838
2757,8,153,0.2322494089603424
2758,8,154,0.24685218930244446
2759,8,155,0.1916883885860443
2760,8,156,0.20167601108551025
2761,8,157,0.23495054244995117
2762,8,158,0.21659374237060547
2763,8,159,0.2142379730939865
2764,8,160,0.16817426681518555
2765,8,161,0.2226686030626297
2766,8,162,0.19509677588939667
2767,8,163,0.21678176522254944
2768,8,164,0.20566976070404053
2769,8,165,0.2506594657897949
2770,8,166,0.22388024628162384
2771,8,167,0.20876352488994598
2772,8,168,0.46380186080932617
2773,8,169,0.19940248131752014
2774,8,170,0.1914171427488327
2775,8,171,0.22004827857017517
2776,8,172,0.21943047642707825
2777,8,173,0.21188969910144806
2778,8,174,0.22287659347057343
2779,8,175,0.20157161355018616
2780,8,176,0.3515285551548004
2781,8,177,0.211090087890625
2782,8,178,0.25878340005874634
2783,8,179,0.26132526993751526
2784,8,180,0.19401338696479797
2785,8,181,0.2520299255847931
2786,8,182,0.2332899272441864
2787,8,183,0.19662076234817505
2788,8,184,0.18118272721767426
2789,8,185,0.21655090153217316
2790,8,186,0.19956515729427338
2791,8,187,0.2285347878932953
2792,8,188,0.2381516993045807
2793,8,189,0.23780973255634308
2794,8,190,0.2561151385307312
2795,8,191,0.2490464150905609
2796,8,192,0.1979057341814041
2797,8,193,0.2557896077632904
2798,8,194,0.18607857823371887
2799,8,195,0.22175848484039307
2800,8,196,0.21298114955425262
2801,8,197,0.16921624541282654
2802,8,198,0.2723749279975891
2803,8,199,0.23678013682365417
2804,8,200,0.21181972324848175
2805,8,201,0.20422406494617462
2806,8,202,0.239061638712883
2807,8,203,0.2871810793876648
2808,8,204,0.1835852563381195
2809,8,205,0.2398241013288498
2810,8,206,0.20900125801563263
2811,8,207,0.2480669766664505
2812,8,208,0.20164012908935547
2813,8,209,0.23341283202171326
2814,8,210,0.2262025624513626
2815,8,211,0.2037660777568817
2816,8,212,0.22006937861442566
2817,8,213,0.22806867957115173
2818,8,214,0.25351542234420776
2819,8,215,0.2513275444507599
2820,8,216,0.21870668232440948
2821,8,217,0.2160642445087433
2822,8,218,0.25242260098457336
2823,8,219,0.2602420449256897
2824,8,220,0.21827968955039978
2825,8,221,0.17529283463954926
2826,8,222,0.20500460267066956
2827,8,223,0.2514820098876953
2828,8,224,0.22160394489765167
2829,8,225,0.2659766674041748
2830,8,226,0.19656236469745636
2831,8,227,0.2121019810438156
2832,8,228,0.22190086543560028
2833,8,229,0.22557707130908966
2834,8,230,0.2528992295265198
2835,8,231,0.2391088455915451
2836,8,232,0.3619912266731262
2837,8,233,0.21894137561321259
2838,8,234,0.21913695335388184
2839,8,235,0.22461092472076416
2840,8,236,0.20484130084514618
2841,8,237,0.23320719599723816
2842,8,238,0.20950695872306824
2843,8,239,0.21229732036590576
2844,8,240,0.21924439072608948
2845,8,241,0.2939296364784241
2846,8,242,0.23270943760871887
2847,8,243,0.23518726229667664
2848,8,244,0.26732251048088074
2849,8,245,0.19817791879177094
2850,8,246,0.19785936176776886
2851,8,247,0.2113216370344162
2852,8,248,0.2225828617811203
2853,8,249,0.19996193051338196
2854,8,250,0.21227386593818665
2855,8,251,0.21738533675670624
2856,8,252,0.20735450088977814
2857,8,253,0.2036120444536209
2858,8,254,0.2039601355791092
2859,8,255,0.23683421313762665
2860,8,256,0.2384532243013382
2861,8,257,0.1933484524488449
2862,8,258,0.22689953446388245
2863,8,259,0.2566385865211487
2864,8,260,0.24727514386177063
2865,8,261,0.22324922680854797
2866,8,262,0.21825344860553741
2867,8,263,0.20341739058494568
2868,8,264,0.22932866215705872
2869,8,265,0.20353321731090546
2870,8,266,0.26903489232063293
2871,8,267,0.2340717613697052
2872,8,268,0.23350577056407928
2873,8,269,0.2292705774307251
2874,8,270,0.25800663232803345
2875,8,271,0.19310912489891052
2876,8,272,0.2462017983198166
2877,8,273,0.21475856006145477
2878,8,274,0.2161901444196701
2879,8,275,0.23879165947437286
2880,8,276,0.21538618206977844
2881,8,277,0.20012755692005157
2882,8,278,0.29892057180404663
2883,8,279,0.23441863059997559
2884,8,280,0.18978549540042877
2885,8,281,0.2179935872554779
2886,8,282,0.3162563443183899
2887,8,283,0.22947795689105988
2888,8,284,0.21841049194335938
2889,8,285,0.22118481993675232
2890,8,286,0.2214651107788086
2891,8,287,0.20461778342723846
2892,8,288,0.28929224610328674
2893,8,289,0.22104957699775696
2894,8,290,0.3935893476009369
2895,8,291,0.19092869758605957
2896,8,292,0.22621102631092072
2897,8,293,0.17801626026630402
2898,8,294,0.2112170159816742
2899,8,295,0.2295490950345993
2900,8,296,0.1905297189950943
2901,8,297,0.22813649475574493
2902,8,298,0.21390505135059357
2903,8,299,0.17708568274974823
2904,8,300,0.19753572344779968
2905,8,301,0.2528689503669739
2906,8,302,0.2505425214767456
2907,8,303,0.23425719141960144
2908,8,304,0.2215396612882614
2909,8,305,0.1981106400489807
2910,8,306,0.26376309990882874
2911,8,307,0.21960905194282532
2912,8,308,0.22420549392700195
2913,8,309,0.20503291487693787
2914,8,310,0.19267146289348602
2915,8,311,0.21987760066986084
2916,8,312,0.25010865926742554
2917,8,313,0.3404504358768463
2918,8,314,0.23516733944416046
2919,8,315,0.25832223892211914
2920,8,316,0.2136755883693695
2921,8,317,0.26989540457725525
2922,8,318,0.23785629868507385
2923,8,319,0.2135918140411377
2924,8,320,0.2645397186279297
2925,8,321,0.20334789156913757
2926,8,322,0.2523633539676666
2927,8,323,0.21746620535850525
2928,8,324,0.3137590289115906
2929,8,325,0.1904682219028473
2930,8,326,0.21508142352104187
2931,8,327,0.19429942965507507
2932,8,328,0.18927797675132751
2933,8,329,0.25699740648269653
2934,8,330,0.26109299063682556
2935,8,331,0.18940244615077972
2936,8,332,0.2788088619709015
2937,8,333,0.29090410470962524
2938,8,334,0.19758090376853943
2939,8,335,0.2518807053565979
2940,8,336,0.22051377594470978
2941,8,337,0.23456473648548126
2942,8,338,0.1990264654159546
2943,8,339,0.21012237668037415
2944,8,340,0.20834407210350037
2945,8,341,0.2387147694826126
2946,8,342,0.20760004222393036
2947,8,343,0.20298819243907928
2948,8,344,0.2872264087200165
2949,8,345,0.20628562569618225
2950,8,346,0.2278033047914505
2951,8,347,0.20998987555503845
2952,8,348,0.24715717136859894
2953,8,349,0.22633080184459686
2954,8,350,0.23730620741844177
2955,8,351,0.20764639973640442
2956,8,352,0.19080588221549988
2957,8,353,0.24108266830444336
2958,8,354,0.20949490368366241
2959,8,355,0.2640571892261505
2960,8,356,0.23737017810344696
2961,8,357,0.23594343662261963
2962,8,358,0.172724649310112
2963,8,359,0.21779748797416687
2964,8,360,0.27641579508781433
2965,8,361,0.46412238478660583
2966,8,362,0.22292795777320862
2967,8,363,0.23523449897766113
2968,8,364,0.2264028787612915
2969,8,365,0.21182820200920105
2970,8,366,0.2273447960615158
2971,8,367,0.21459367871284485
2972,8,368,0.21710248291492462
2973,8,369,0.28373920917510986
2974,8,370,0.23130197823047638
2975,8,371,0.19874228537082672
2976,8,372,0.1956920623779297
2977,9,1,0.2262110412120819
2978,9,2,0.2320326268672943
2979,9,3,0.25026243925094604
2980,9,4,0.23897282779216766
2981,9,5,0.20020511746406555
2982,9,6,0.2537202835083008
2983,9,7,0.17173883318901062
2984,9,8,0.19066087901592255
2985,9,9,0.21651872992515564
2986,9,10,0.21572642028331757
2987,9,11,0.24557848274707794
2988,9,12,0.19222807884216309
2989,9,13,0.27824491262435913
2990,9,14,0.1808527410030365
2991,9,15,0.22536559402942657
2992,9,16,0.19779983162879944
2993,9,17,0.24662823975086212
2994,9,18,0.18965090811252594
2995,9,19,0.20212623476982117
2996,9,20,0.1809074580669403
2997,9,21,0.2299439162015915
2998,9,22,0.29116442799568176
2999,9,23,0.21449291706085205
3000,9,24,0.20460978150367737
3001,9,25,0.1881781369447708
3002,9,26,0.2876053750514984
3003,9,27,0.1872200071811676
3004,9,28,0.21301861107349396
3005,9,29,0.25696006417274475
3006,9,30,0.21240445971488953
3007,9,31,0.20540960133075714
3008,9,32,0.28725048899650574
3009,9,33,0.21867795288562775
3010,9,34,0.22572794556617737
3011,9,35,0.17625774443149567
3012,9,36,0.2216263711452484
3013,9,37,0.20008814334869385
3014,9,38,0.20537765324115753
3015,9,39,0.2175501137971878
3016,9,40,0.2066498100757599
3017,9,41,0.2604367733001709
3018,9,42,0.1987982541322708
3019,9,43,0.22900983691215515
3020,9,44,0.3283798098564148
3021,9,45,0.16516783833503723
3022,9,46,0.2388329803943634
3023,9,47,0.19090254604816437
3024,9,48,0.1697007268667221
3025,9,49,0.23239047825336456
3026,9,50,0.2374369204044342
3027,9,51,0.2077666074037552
3028,9,52,0.22759512066841125
3029,9,53,0.29356491565704346
3030,9,54,0.2640235424041748
3031,9,55,0.19656246900558472
3032,9,56,0.23128649592399597
3033,9,57,0.3870566487312317
3034,9,58,0.267164409160614
3035,9,59,0.20543134212493896
3036,9,60,0.20018883049488068
3037,9,61,0.2128913849592209
3038,9,62,0.258707195520401
3039,9,63,0.15417662262916565
3040,9,64,0.21631892025470734
3041,9,65,0.1865691989660263
3042,9,66,0.16350504755973816
3043,9,67,0.20453310012817383
3044,9,68,0.19496704638004303
3045,9,69,0.1958545446395874
3046,9,70,0.22468988597393036
3047,9,71,0.200119286775589
3048,9,72,0.20039935410022736
3049,9,73,0.1869925707578659
3050,9,74,0.28291216492652893
3051,9,75,0.20602349936962128
3052,9,76,0.19263321161270142
3053,9,77,0.18948301672935486
3054,9,78,0.22765593230724335
3055,9,79,0.2326829433441162
3056,9,80,0.24198448657989502
3057,9,81,0.2257925570011139
3058,9,82,0.1988879144191742
3059,9,83,0.2028971165418625
3060,9,84,0.17569932341575623
3061,9,85,0.20057210326194763
3062,9,86,0.21220266819000244
3063,9,87,0.24191205203533173
3064,9,88,0.18697164952754974
3065,9,89,0.19951418042182922
3066,9,90,0.22828309237957
3067,9,91,0.20372477173805237
3068,9,92,0.2263595163822174
3069,9,93,0.303816020488739
3070,9,94,0.20437125861644745
3071,9,95,0.19069822132587433
3072,9,96,0.215214803814888
3073,9,97,0.2054426223039627
3074,9,98,0.197152242064476
3075,9,99,0.1801072508096695
3076,9,100,0.21603648364543915
3077,9,101,0.22058121860027313
3078,9,102,0.22610366344451904
3079,9,103,0.25659212470054626
3080,9,104,0.23490361869335175
3081,9,105,0.2160704880952835
3082,9,106,0.2525302767753601
3083,9,107,0.19472652673721313
3084,9,108,0.2503904700279236
3085,9,109,0.17617912590503693
3086,9,110,0.2227156162261963
3087,9,111,0.2209104299545288
3088,9,112,0.2853477895259857
3089,9,113,0.24238832294940948
3090,9,114,0.1707255244255066
3091,9,115,0.17706474661827087
3092,9,116,0.21257424354553223
3093,9,117,0.2243299037218094
3094,9,118,0.28343063592910767
3095,9,119,0.16327783465385437
3096,9,120,0.1989108771085739
3097,9,121,0.3454281985759735
3098,9,122,0.1830962598323822
3099,9,123,0.1902921348810196
3100,9,124,0.1943976879119873
3101,9,125,0.2370157539844513
3102,9,126,0.20178797841072083
3103,9,127,0.22990436851978302
3104,9,128,0.2362261712551117
3105,9,129,0.20810291171073914
3106,9,130,0.3679557740688324
3107,9,131,0.1853952258825302
3108,9,132,0.15383976697921753
3109,9,133,0.183294415473938
3110,9,134,0.21952617168426514
3111,9,135,0.1939290463924408
3112,9,136,0.23112253844738007
3113,9,137,0.19326257705688477
3114,9,138,0.2337876856327057
3115,9,139,0.198726087808609
3116,9,140,0.21976229548454285
3117,9,141,0.21879088878631592
3118,9,142,0.19333308935165405
3119,9,143,0.23862159252166748
3120,9,144,0.2041378915309906
3121,9,145,0.20862093567848206
3122,9,146,0.16946211457252502
3123,9,147,0.1958000808954239
3124,9,148,0.22612972557544708
3125,9,149,0.19898661971092224
3126,9,150,0.2210170030593872
3127,9,151,0.19373223185539246
3128,9,152,0.19671373069286346
3129,9,153,0.2179258167743683
3130,9,154,0.20314380526542664
3131,9,155,0.20646187663078308
3132,9,156,0.2138858139514923
3133,9,157,0.2114028036594391
3134,9,158,0.18793216347694397
3135,9,159,0.18646545708179474
3136,9,160,0.2132652997970581
3137,9,161,0.2538716495037079
3138,9,162,0.20137934386730194
3139,9,163,0.22397832572460175
3140,9,164,0.23381003737449646
3141,9,165,0.201369047164917
3142,9,166,0.20111019909381866
3143,9,167,0.21509850025177002
3144,9,168,0.18868377804756165
3145,9,169,0.17960260808467865
3146,9,170,0.2037140429019928
3147,9,171,0.2956019341945648
3148,9,172,0.20717409253120422
3149,9,173,0.2118666172027588
3150,9,174,0.1812475323677063
3151,9,175,0.2685917913913727
3152,9,176,0.20546069741249084
3153,9,177,0.17928017675876617
3154,9,178,0.16807299852371216
3155,9,179,0.18904785811901093
3156,9,180,0.20116832852363586
3157,9,181,0.2254205197095871
3158,9,182,0.21406762301921844
3159,9,183,0.2043801099061966
3160,9,184,0.21224112808704376
3161,9,185,0.18471112847328186
3162,9,186,0.2019708901643753
3163,9,187,0.20296290516853333
3164,9,188,0.18090340495109558
3165,9,189,0.19037966430187225
3166,9,190,0.1919729858636856
3167,9,191,0.2305765151977539
3168,9,192,0.23590633273124695
3169,9,193,0.22299006581306458
3170,9,194,0.21641580760478973
3171,9,195,0.22263166308403015
3172,9,196,0.19293665885925293
3173,9,197,0.26322174072265625
3174,9,198,0.22875317931175232
3175,9,199,0.2117801159620285
3176,9,200,0.25163930654525757
3177,9,201,0.2634812295436859
3178,9,202,0.18677358329296112
3179,9,203,0.22037573158740997
3180,9,204,0.20821717381477356
3181,9,205,0.22018194198608398
3182,9,206,0.2107326090335846
3183,9,207,0.20188188552856445
3184,9,208,0.16810660064220428
3185,9,209,0.18996448814868927
3186,9,210,0.18353202939033508
3187,9,211,0.1864815205335617
3188,9,212,0.17147710919380188
3189,9,213,0.21316997706890106
3190,9,214,0.21787118911743164
3191,9,215,0.18721184134483337
3192,9,216,0.19670560956001282
3193,9,217,0.184565469622612
3194,9,218,0.20089581608772278
3195,9,219,0.26496219635009766
3196,9,220,0.166957825422287
3197,9,221,0.21121354401111603
3198,9,222,0.17791959643363953
3199,9,223,0.20498470962047577
3200,9,224,0.20574328303337097
3201,9,225,0.20882301032543182
3202,9,226,0.18514105677604675
3203,9,227,0.20285482704639435
3204,9,228,0.22712016105651855
3205,9,229,0.23402801156044006
3206,9,230,0.16758078336715698
3207,9,231,0.19165034592151642
3208,9,232,0.20937927067279816
3209,9,233,0.1787090003490448
3210,9,234,0.25708410143852234
3211,9,235,0.18936564028263092
3212,9,236,0.23295371234416962
3213,9,237,0.19055141508579254
3214,9,238,0.23133549094200134
3215,9,239,0.1695210337638855
3216,9,240,0.20089730620384216
3217,9,241,0.19064538180828094
3218,9,242,0.21171335875988007
3219,9,243,0.17719833552837372
3220,9,244,0.20779207348823547
3221,9,245,0.18855878710746765
3222,9,246,0.1968524158000946
3223,9,247,0.2055027037858963
3224,9,248,0.17947602272033691
3225,9,249,0.26075154542922974
3226,9,250,0.23809373378753662
3227,9,251,0.2575009763240814
3228,9,252,0.22989454865455627
3229,9,253,0.1888810247182846
3230,9,254,0.2170145958662033
3231,9,255,0.2829620838165283
3232,9,256,0.195021390914917
3233,9,257,0.22223088145256042
3234,9,258,0.21572694182395935
3235,9,259,0.2489767074584961
3236,9,260,0.20066893100738525
3237,9,261,0.16514644026756287
3238,9,262,0.17274756729602814
3239,9,263,0.18465237319469452
3240,9,264,0.2193693369626999
3241,9,265,0.24441306293010712
3242,9,266,0.23164355754852295
3243,9,267,0.22216486930847168
3244,9,268,0.21281418204307556
3245,9,269,0.23136158287525177
3246,9,270,0.20629668235778809
3247,9,271,0.1846058964729309
3248,9,272,0.18841445446014404
3249,9,273,0.19733306765556335
3250,9,274,0.3212847411632538
3251,9,275,0.2008551061153412
3252,9,276,0.1955799162387848
3253,9,277,0.20266249775886536
3254,9,278,0.15841081738471985
3255,9,279,0.21889185905456543
3256,9,280,0.18508970737457275
3257,9,281,0.24868635833263397
3258,9,282,0.1866961419582367
3259,9,283,0.19250518083572388
3260,9,284,0.18826022744178772
3261,9,285,0.20613279938697815
3262,9,286,0.20515088737010956
3263,9,287,0.1850525587797165
3264,9,288,0.18043045699596405
3265,9,289,0.207593634724617
3266,9,290,0.19209328293800354
3267,9,291,0.29080432653427124
3268,9,292,0.29286161065101624
3269,9,293,0.18482068181037903
3270,9,294,0.20592999458312988
3271,9,295,0.16077104210853577
3272,9,296,0.19132472574710846
3273,9,297,0.21724288165569305
3274,9,298,0.23829028010368347
3275,9,299,0.19254855811595917
3276,9,300,0.20571275055408478
3277,9,301,0.19549472630023956
3278,9,302,0.21588096022605896
3279,9,303,0.27130556106567383
3280,9,304,0.19984877109527588
3281,9,305,0.22551973164081573
3282,9,306,0.2205033004283905
3283,9,307,0.22040605545043945
3284,9,308,0.22053852677345276
3285,9,309,0.16503679752349854
3286,9,310,0.19014385342597961
3287,9,311,0.21023452281951904
3288,9,312,0.18665096163749695
3289,9,313,0.1920827031135559
3290,9,314,0.18966613709926605
3291,9,315,0.18032537400722504
3292,9,316,0.20203907787799835
3293,9,317,0.20826184749603271
3294,9,318,0.17497403919696808
3295,9,319,0.18136052787303925
3296,9,320,0.19900904595851898
3297,9,321,0.22587713599205017
3298,9,322,0.2220950871706009
3299,9,323,0.22938868403434753
3300,9,324,0.2577855885028839
3301,9,325,0.18352006375789642
3302,9,326,0.2107362300157547
3303,9,327,0.2089807242155075
3304,9,328,0.22252610325813293
3305,9,329,0.19699835777282715
3306,9,330,0.19174298644065857
3307,9,331,0.21840277314186096
3308,9,332,0.21701323986053467
3309,9,333,0.22117109596729279
3310,9,334,0.20195846259593964
3311,9,335,0.21372660994529724
3312,9,336,0.21467652916908264
3313,9,337,0.18976952135562897
3314,9,338,0.18606054782867432
3315,9,339,0.20995648205280304
3316,9,340,0.1830938309431076
3317,9,341,0.22159412503242493
3318,9,342,0.1987457573413849
3319,9,343,0.21769964694976807
3320,9,344,0.25794538855552673
3321,9,345,0.20618793368339539
3322,9,346,0.1748563051223755
3323,9,347,0.17881472408771515
3324,9,348,0.2432982623577118
3325,9,349,0.19266913831233978
3326,9,350,0.2513429820537567
3327,9,351,0.23059646785259247
3328,9,352,0.2560238242149353
3329,9,353,0.23529203236103058
3330,9,354,0.22424907982349396
3331,9,355,0.20505106449127197
3332,9,356,0.23725983500480652
3333,9,357,0.18745148181915283
3334,9,358,0.22456184029579163
3335,9,359,0.18613623082637787
3336,9,360,0.20677776634693146
3337,9,361,0.19537122547626495
3338,9,362,0.20167121291160583
3339,9,363,0.2152843028306961
3340,9,364,0.18912900984287262
3341,9,365,0.16038289666175842
3342,9,366,0.20793578028678894
3343,9,367,0.2676081657409668
3344,9,368,0.2794184684753418
3345,9,369,0.20681063830852509
3346,9,370,0.1728883683681488
3347,9,371,0.2077731192111969
3348,9,372,0.19420884549617767
3349,10,1,0.18057170510292053
3350,10,2,0.20128484070301056
3351,10,3,0.18038809299468994
3352,10,4,0.21104077994823456
3353,10,5,0.19969668984413147
3354,10,6,0.19033196568489075
3355,10,7,0.2105279266834259
3356,10,8,0.2061547487974167
3357,10,9,0.24818572402000427
3358,10,10,0.2323143482208252
3359,10,11,0.1902502179145813
3360,10,12,0.17153675854206085
3361,10,13,0.2632693648338318
3362,10,14,0.21153247356414795
3363,10,15,0.23280569911003113
3364,10,16,0.21026332676410675
3365,10,17,0.17249830067157745
3366,10,18,0.21786358952522278
3367,10,19,0.2091541290283203
3368,10,20,0.2381616085767746
3369,10,21,0.204697847366333
3370,10,22,0.2068907469511032
3371,10,23,0.1870330274105072
3372,10,24,0.17915400862693787
3373,10,25,0.21346263587474823
3374,10,26,0.2420693337917328
3375,10,27,0.18998058140277863
3376,10,28,0.23293337225914001
3377,10,29,0.1611325442790985
3378,10,30,0.16902893781661987
3379,10,31,0.22348828613758087
3380,10,32,0.1805099993944168
3381,10,33,0.22607412934303284
3382,10,34,0.2284872978925705
3383,10,35,0.22983595728874207
3384,10,36,0.22376640141010284
3385,10,37,0.2060507833957672
3386,10,38,0.17195621132850647
3387,10,39,0.17936177551746368
3388,10,40,0.20285245776176453
3389,10,41,0.19430667161941528
3390,10,42,0.16928532719612122
3391,10,43,0.20941416919231415
3392,10,44,0.19501790404319763
3393,10,45,0.2027481496334076
3394,10,46,0.20906880497932434
3395,10,47,0.17973627150058746
3396,10,48,0.17069685459136963
3397,10,49,0.1940741389989853
3398,10,50,0.1845080703496933
3399,10,51,0.21032485365867615
3400,10,52,0.18722423911094666
3401,10,53,0.2120753526687622
3402,10,54,0.21770694851875305
3403,10,55,0.21225383877754211
3404,10,56,0.22877125442028046
3405,10,57,0.18594035506248474
3406,10,58,0.21063058078289032
3407,10,59,0.1949540376663208
3408,10,60,0.1786893755197525
3409,10,61,0.20417511463165283
3410,10,62,0.23906931281089783
3411,10,63,0.19806139171123505
3412,10,64,0.23639552295207977
3413,10,65,0.26889294385910034
3414,10,66,0.22269733250141144
3415,10,67,0.20181560516357422
3416,10,68,0.2591487765312195
3417,10,69,0.2710345983505249
3418,10,70,0.22031565010547638
3419,10,71,0.1640300452709198
3420,10,72,0.18561673164367676
3421,10,73,0.17935223877429962
3422,10,74,0.15767772495746613
3423,10,75,0.18076583743095398
3424,10,76,0.1687883883714676
3425,10,77,0.20272259414196014
3426,10,78,0.17347046732902527
3427,10,79,0.18329738080501556
3428,10,80,0.19557933509349823
3429,10,81,0.17902758717536926
3430,10,82,0.1957775056362152
3431,10,83,0.21690750122070312
3432,10,84,0.17388395965099335
3433,10,85,0.22819122672080994
3434,10,86,0.16465020179748535
3435,10,87,0.17961254715919495
3436,10,88,0.1616576761007309
3437,10,89,0.18343225121498108
3438,10,90,0.18670432269573212
3439,10,91,0.16318050026893616
3440,10,92,0.2179679572582245
3441,10,93,0.18414640426635742
3442,10,94,0.1942010223865509
3443,10,95,0.2133125513792038
3444,10,96,0.20432846248149872
3445,10,97,0.2071264088153839
3446,10,98,0.21058543026447296
3447,10,99,0.20015819370746613
3448,10,100,0.21092489361763
3449,10,101,0.24799899756908417
3450,10,102,0.19186396896839142
3451,10,103,0.19664816558361053
3452,10,104,0.21743421256542206
3453,10,105,0.32109203934669495
3454,10,106,0.284109503030777
3455,10,107,0.18471217155456543
3456,10,108,0.1755637377500534
3457,10,109,0.21294474601745605
3458,10,110,0.20305821299552917
3459,10,111,0.24931053817272186
3460,10,112,0.21210753917694092
3461,10,113,0.1802455484867096
3462,10,114,0.20925171673297882
3463,10,115,0.23217740654945374
3464,10,116,0.19761447608470917
3465,10,117,0.1959223449230194
3466,10,118,0.185196191072464
3467,10,119,0.19115403294563293
3468,10,120,0.17038245499134064
3469,10,121,0.20786258578300476
3470,10,122,0.19929514825344086
3471,10,123,0.2044477015733719
3472,10,124,0.20346328616142273
3473,10,125,0.20291373133659363
3474,10,126,0.20338201522827148
3475,10,127,0.22209396958351135
3476,10,128,0.20521727204322815
3477,10,129,0.23406299948692322
3478,10,130,0.1804630309343338
3479,10,131,0.17433448135852814
3480,10,132,0.23868337273597717
3481,10,133,0.15802142024040222
3482,10,134,0.18847471475601196
3483,10,135,0.2709498703479767
3484,10,136,0.21195845305919647
3485,10,137,0.2633545994758606
3486,10,138,0.1757328063249588
3487,10,139,0.2604113221168518
3488,10,140,0.22194567322731018
3489,10,141,0.2245377004146576
3490,10,142,0.1890672892332077
3491,10,143,0.22434893250465393
3492,10,144,0.19822153449058533
3493,10,145,0.18507902324199677
3494,10,146,0.21006755530834198
3495,10,147,0.1687883883714676
3496,10,148,0.18277890980243683
3497,10,149,0.17827388644218445
3498,10,150,0.19782403111457825
3499,10,151,0.21739165484905243
3500,10,152,0.19965411722660065
3501,10,153,0.23615622520446777
3502,10,154,0.17611071467399597
3503,10,155,0.2060689479112625
3504,10,156,0.17111633718013763
3505,10,157,0.15680335462093353
3506,10,158,0.23440846800804138
3507,10,159,0.20995935797691345
3508,10,160,0.16792628169059753
3509,10,161,0.17735806107521057
3510,10,162,0.15660102665424347
3511,10,163,0.1843642145395279
3512,10,164,0.1801154911518097
3513,10,165,0.24426491558551788
3514,10,166,0.18179801106452942
3515,10,167,0.1887064278125763
3516,10,168,0.19698157906532288
3517,10,169,0.20231106877326965
3518,10,170,0.2333662211894989
3519,10,171,0.22701296210289001
3520,10,172,0.21029767394065857
3521,10,173,0.24345417320728302
3522,10,174,0.27649974822998047
3523,10,175,0.18027552962303162
3524,10,176,0.16248595714569092
3525,10,177,0.22671577334403992
3526,10,178,0.18766316771507263
3527,10,179,0.15633347630500793
3528,10,180,0.2157692015171051
3529,10,181,0.19264905154705048
3530,10,182,0.1679191291332245
3531,10,183,0.2505072355270386
3532,10,184,0.17395050823688507
3533,10,185,0.2023252248764038
3534,10,186,0.23158028721809387
3535,10,187,0.19306035339832306
3536,10,188,0.22099252045154572
3537,10,189,0.1459423303604126
3538,10,190,0.18676601350307465
3539,10,191,0.19173689186573029
3540,10,192,0.24018630385398865
3541,10,193,0.21404056251049042
3542,10,194,0.16824516654014587
3543,10,195,0.19704800844192505
3544,10,196,0.1661035716533661
3545,10,197,0.24361097812652588
3546,10,198,0.22162894904613495
3547,10,199,0.1562679409980774
3548,10,200,0.15849849581718445
3549,10,201,0.18282631039619446
3550,10,202,0.21394386887550354
3551,10,203,0.22121229767799377
3552,10,204,0.1968730092048645
3553,10,205,0.17249822616577148
3554,10,206,0.16040758788585663
3555,10,207,0.19509892165660858
3556,10,208,0.19431893527507782
3557,10,209,0.1873224675655365
3558,10,210,0.17385157942771912
3559,10,211,0.17260929942131042
3560,10,212,0.18784946203231812
3561,10,213,0.21926164627075195
3562,10,214,0.2121812403202057
3563,10,215,0.23331086337566376
3564,10,216,0.21291129291057587
3565,10,217,0.22546923160552979
3566,10,218,0.20785312354564667
3567,10,219,0.19204650819301605
3568,10,220,0.20151427388191223
3569,10,221,0.18950647115707397
3570,10,222,0.2217782437801361
3571,10,223,0.17898431420326233
3572,10,224,0.2268861085176468
3573,10,225,0.19112859666347504
3574,10,226,0.19275394082069397
3575,10,227,0.18879154324531555
3576,10,228,0.1983974128961563
3577,10,229,0.17055343091487885
3578,10,230,0.17654982209205627
3579,10,231,0.19635449349880219
3580,10,232,0.22689875960350037
3581,10,233,0.1930144876241684
3582,10,234,0.26549065113067627
3583,10,235,0.1457231640815735
3584,10,236,0.20046453177928925
3585,10,237,0.1906944215297699
3586,10,238,0.1844114065170288
3587,10,239,0.20012617111206055
3588,10,240,0.1937258541584015
3589,10,241,0.1905505657196045
3590,10,242,0.17366978526115417
3591,10,243,0.24721470475196838
3592,10,244,0.21594145894050598
3593,10,245,0.1787717193365097
3594,10,246,0.19980929791927338
3595,10,247,0.22813276946544647
3596,10,248,0.18384096026420593
3597,10,249,0.19830462336540222
3598,10,250,0.18990294635295868
3599,10,251,0.18610408902168274
3600,10,252,0.2148510217666626
3601,10,253,0.4108045697212219
3602,10,254,0.19170720875263214
3603,10,255,0.2100091427564621
3604,10,256,0.3102830946445465
3605,10,257,0.19641153514385223
3606,10,258,0.2212495505809784
3607,10,259,0.20511934161186218
3608,10,260,0.2078499048948288
3609,10,261,0.20803339779376984
3610,10,262,0.17803147435188293
3611,10,263,0.17223447561264038
3612,10,264,0.21479077637195587
3613,10,265,0.2323157787322998
3614,10,266,0.17774811387062073
3615,10,267,0.21974369883537292
3616,10,268,0.18837681412696838
3617,10,269,0.2052440643310547
3618,10,270,0.2769452929496765
3619,10,271,0.23548106849193573
3620,10,272,0.23056025803089142
3621,10,273,0.16098380088806152
3622,10,274,0.19551071524620056
3623,10,275,0.17548635601997375
3624,10,276,0.2068902999162674
3625,10,277,0.18562078475952148
3626,10,278,0.17939768731594086
3627,10,279,0.20085127651691437
3628,10,280,0.19340357184410095
3629,10,281,0.19129081070423126
3630,10,282,0.21141274273395538
3631,10,283,0.20838160812854767
3632,10,284,0.16597799956798553
3633,10,285,0.2292192429304123
3634,10,286,0.21751168370246887
3635,10,287,0.17568837106227875
3636,10,288,0.17815567553043365
3637,10,289,0.2244482934474945
3638,10,290,0.165669247508049
3639,10,291,0.23506216704845428
3640,10,292,0.165472611784935
3641,10,293,0.19049528241157532
3642,10,294,0.2286999672651291
3643,10,295,0.237326979637146
3644,10,296,0.21676945686340332
3645,10,297,0.17713885009288788
3646,10,298,0.23648643493652344
3647,10,299,0.20882132649421692
3648,10,300,0.16141679883003235
3649,10,301,0.18142175674438477
3650,10,302,0.22741062939167023
3651,10,303,0.1944538801908493
3652,10,304,0.2031705379486084
3653,10,305,0.20512712001800537
3654,10,306,0.17182044684886932
3655,10,307,0.22787800431251526
3656,10,308,0.17814850807189941
3657,10,309,0.18514150381088257
3658,10,310,0.1985739916563034
3659,10,311,0.2293591946363449
3660,10,312,0.15475256741046906
3661,10,313,0.18151499330997467
3662,10,314,0.1839156448841095
3663,10,315,0.19941940903663635
3664,10,316,0.2595568597316742
3665,10,317,0.18508504331111908
3666,10,318,0.1807747185230255
3667,10,319,0.21276581287384033
3668,10,320,0.19258704781532288
3669,10,321,0.20508024096488953
3670,10,322,0.1974591314792633
3671,10,323,0.2153041809797287
3672,10,324,0.17082162201404572
3673,10,325,0.19535937905311584
3674,10,326,0.21245941519737244
3675,10,327,0.18116794526576996
3676,10,328,0.24992354214191437
3677,10,329,0.21695566177368164
3678,10,330,0.17181214690208435
3679,10,331,0.1827947199344635
3680,10,332,0.27205970883369446
3681,10,333,0.2364257574081421
3682,10,334,0.16941975057125092
3683,10,335,0.16141155362129211
3684,10,336,0.21410110592842102
3685,10,337,0.18532733619213104
3686,10,338,0.17218199372291565
3687,10,339,0.20628397166728973
3688,10,340,0.15663181245326996
3689,10,341,0.22005614638328552
3690,10,342,0.2247087061405182
3691,10,343,0.2283676117658615
3692,10,344,0.16336187720298767
3693,10,345,0.17035309970378876
3694,10,346,0.1841249018907547
3695,10,347,0.1907353699207306
3696,10,348,0.1697540581226349
3697,10,349,0.22552883625030518
3698,10,350,0.18846291303634644
3699,10,351,0.19946888089179993
3700,10,352,0.19431903958320618
3701,10,353,0.1736079752445221
3702,10,354,0.26751473546028137
3703,10,355,0.17968717217445374
3704,10,356,0.1804974377155304
3705,10,357,0.15099076926708221
3706,10,358,0.16286486387252808
3707,10,359,0.17497655749320984
3708,10,360,0.18080851435661316
3709,10,361,0.18414881825447083
3710,10,362,0.19412961602210999
3711,10,363,0.2531326711177826
3712,10,364,0.16346658766269684
3713,10,365,0.2152813971042633
3714,10,366,0.19930292665958405
3715,10,367,0.21290497481822968
3716,10,368,0.21585556864738464
3717,10,369,0.20649532973766327
3718,10,370,0.18745924532413483
3719,10,371,0.22856616973876953
3720,10,372,0.157896488904953
